"BehaviorSpace results (NetLogo 7.0.4)","Table version 2.0"
"C:\Program Files\NetLogo 7.0.4\models\Sample Models\Biology\Slime.nlogox"
"p3-005-sensing-disabled"
"08/29/2026 14:02:30:997 -0700"
"min-pxcor","max-pxcor","min-pycor","max-pycor"
"-40","40","-40","40"
"[run number]","population","sniff-threshold","sniff-angle","wiggle-angle","wiggle-bias","[step]","ticks","mean [count other turtles in-radius 3] of turtles","mean [chemical] of patches","max [chemical] of patches","count turtles"
"1","400","1","45","40","0","0","0","1.57","0","0","400"
"1","400","1","45","40","0","1","1","1.585","0.10973936899863262","0.9","400"
"1","400","1","45","40","0","2","2","1.715","0.20850480109739625","1.6565625","400"
"1","400","1","45","40","0","3","3","1.715","0.29739368998628285","1.9074726562499997","400"
"1","400","1","45","40","0","4","4","1.75","0.3773936899862812","2.0665265625","400"
"1","400","1","45","40","0","5","5","1.725","0.4493936899862813","2.3720945251464847","400"
"1","400","1","45","40","0","6","6","1.785","0.5141936899862821","2.614781740951538","400"
"1","400","1","45","40","0","7","7","1.825","0.5725136899862822","2.878486521302891","400"
"1","400","1","45","40","0","8","8","1.84","0.6250016899862832","3.3419063698073317","400"
"1","400","1","45","40","0","9","9","1.88","0.6722408899862806","3.2374997037044344","400"
"1","400","1","45","40","0","10","10","1.94","0.714756169986283","4.013900845877265","400"
"1","400","1","45","40","0","11","11","2.045","0.7530199219862824","4.072886122677779","400"
"1","400","1","45","40","0","12","12","2.245","0.7874572987862841","4.177559056026542","400"
"1","400","1","45","40","0","13","13","2.32","0.8184509379062815","4.801974144927515","400"
"1","400","1","45","40","0","14","14","2.39","0.8463452131142822","5.2960037438299405","400"
"1","400","1","45","40","0","15","15","2.65","0.8714500608014814","6.627868635518555","400"
"1","400","1","45","40","0","16","16","2.685","0.8940444237199591","6.5505280022325225","400"
"1","400","1","45","40","0","17","17","2.755","0.914379350346596","6.315420841667963","400"
"1","400","1","45","40","0","18","18","2.7","0.9326807843105641","6.191298923271368","400"
"1","400","1","45","40","0","19","19","2.85","0.949152074878138","6.729641140586742","400"
"1","400","1","45","40","0","20","20","2.99","0.9639762363889491","6.976549664709641","400"
"1","400","1","45","40","0","21","21","3.245","0.9773179817486788","8.286404805073504","400"
"1","400","1","45","40","0","22","22","3.555","0.9893255525724425","8.053305643037161","400"
"1","400","1","45","40","0","23","23","3.645","1.0001323663138242","7.745537359452465","400"
"1","400","1","45","40","0","24","24","3.84","1.0098584986810735","7.792643278444422","400"
"1","400","1","45","40","0","25","25","3.965","1.0186120178115943","7.547835470353917","400"
"1","400","1","45","40","0","26","26","4.26","1.0264901850290662","8.020135904403645","400"
"1","400","1","45","40","0","27","27","4.435","1.0335805355247867","8.050016497493631","400"
"1","400","1","45","40","0","28","28","4.6","1.0399618509709372","8.716455061165917","400"
"1","400","1","45","40","0","29","29","4.89","1.045705034872469","8.930322990283539","400"
"1","400","1","45","40","0","30","30","5.015","1.0508739003838512","8.890991211664087","400"
"1","400","1","45","40","0","31","31","5.3","1.0555258793440927","10.143314177142463","400"
"1","400","1","45","40","0","32","32","5.385","1.0597126604083134","9.492310786023388","400"
"1","400","1","45","40","0","33","33","5.595","1.063480763366112","9.648031596908494","400"
"1","400","1","45","40","0","34","34","5.755","1.0668720560281273","10.226591875310334","400"
"1","400","1","45","40","0","35","35","5.855","1.0699242194239418","10.334372103071345","400"
"1","400","1","45","40","0","36","36","6.31","1.072671166480176","11.305936790524408","400"
"1","400","1","45","40","0","37","37","6.895","1.0751434188307851","12.84707622054577","400"
"1","400","1","45","40","0","38","38","7.005","1.0773684459463395","12.58120712161559","400"
"1","400","1","45","40","0","39","39","7.085","1.0793709703503291","13.348378469846793","400"
"1","400","1","45","40","0","40","40","7.06","1.0811732423139289","12.338907288444592","400"
"1","400","1","45","40","0","41","41","6.795","1.0827952870811621","13.093175191647644","400"
"1","400","1","45","40","0","42","42","6.885","1.084255127371675","11.832238133416109","400"
"1","400","1","45","40","0","43","43","7.2","1.0855689836331346","12.590280380035319","400"
"1","400","1","45","40","0","44","44","7.67","1.0867514542684475","13.185759424277542","400"
"1","400","1","45","40","0","45","45","8.235","1.0878156778402344","12.994790797763079","400"
"1","400","1","45","40","0","46","46","8.67","1.0887734790548371","14.133987587595191","400"
"1","400","1","45","40","0","47","47","8.73","1.0896355001479776","14.886529944315688","400"
"1","400","1","45","40","0","48","48","8.9","1.0904113191318097","15.163780748043083","400"
"1","400","1","45","40","0","49","49","9.065","1.091109556217262","15.903346112930391","400"
"1","400","1","45","40","0","50","50","9.235","1.0917379695941642","13.967298843559236","400"
"1","400","1","45","40","0","51","51","9.235","1.0923035416333746","14.18741368351044","400"
"1","400","1","45","40","0","52","52","9.405","1.0928125564686648","13.867824103274312","400"
"1","400","1","45","40","0","53","53","9.86","1.0932706698204273","14.351326526188819","400"
"1","400","1","45","40","0","54","54","10.175","1.0936829718370142","15.675792793801671","400"
"1","400","1","45","40","0","55","55","10.155","1.0940540436519435","15.598688554005436","400"
"1","400","1","45","40","0","56","56","10.035","1.0943880082853752","15.48716846398342","400"
"1","400","1","45","40","0","57","57","9.88","1.0946885764554637","16.121668208139116","400"
"1","400","1","45","40","0","58","58","9.76","1.0949590878085425","15.600197420842505","400"
"1","400","1","45","40","0","59","59","9.845","1.0952025480263246","14.676693175186037","400"
"1","400","1","45","40","0","60","60","9.705","1.0954216622223147","14.644089745195071","400"
"1","400","1","45","40","0","61","61","9.83","1.0956188649987098","15.04510882356753","400"
"1","400","1","45","40","0","62","62","10.335","1.0957963474974666","14.697439850597965","400"
"1","400","1","45","40","0","63","63","10.995","1.0959560817463487","16.8546155734373","400"
"1","400","1","45","40","0","64","64","11.565","1.096099842570346","15.883681178353639","400"
"1","400","1","45","40","0","65","65","12.14","1.0962292273119367","16.551169312220736","400"
"1","400","1","45","40","0","66","66","12.495","1.0963456735793748","16.21933684326009","400"
"1","400","1","45","40","0","67","67","12.45","1.0964504752200634","17.516364572769024","400"
"1","400","1","45","40","0","68","68","12.27","1.0965447966966866","16.78234158680496","400"
"1","400","1","45","40","0","69","69","12.39","1.096629686025644","17.826188836309544","400"
"1","400","1","45","40","0","70","70","12.4","1.0967060864217053","17.699808158287404","400"
"1","400","1","45","40","0","71","71","12.83","1.0967748467781648","16.687151776120412","400"
"1","400","1","45","40","0","72","72","12.95","1.0968367310989782","16.85668439743153","400"
"1","400","1","45","40","0","73","73","13.185","1.0968924269877096","17.526075965793947","400"
"1","400","1","45","40","0","74","74","13.31","1.0969425532875638","18.50576562207298","400"
"1","400","1","45","40","0","75","75","13.305","1.0969876669574374","18.858094369381206","400"
"1","400","1","45","40","0","76","76","13.135","1.0970282692603228","18.789595557701062","400"
"1","400","1","45","40","0","77","77","12.335","1.0970648113329162","17.522815691627482","400"
"1","400","1","45","40","0","78","78","11.825","1.097097699198256","17.641276591570396","400"
"1","400","1","45","40","0","79","79","11.525","1.0971272982770572","18.314505117840636","400"
"1","400","1","45","40","0","80","80","11.84","1.0971539374479802","17.176364477736836","400"
"1","400","1","45","40","0","81","81","12.755","1.0971779127018075","17.03926131908969","400"
"1","400","1","45","40","0","82","82","13.27","1.0971994904302604","17.554800831710484","400"
"1","400","1","45","40","0","83","83","13.785","1.097218910385858","17.230796204471822","400"
"1","400","1","45","40","0","84","84","14.455","1.0972363883459009","17.941311856295506","400"
"1","400","1","45","40","0","85","85","14.345","1.09725211850994","19.17754446483422","400"
"1","400","1","45","40","0","86","86","14.74","1.097266275657574","17.134499295691786","400"
"1","400","1","45","40","0","87","87","14.225","1.0972790170904503","17.22095606516059","400"
"1","400","1","45","40","0","88","88","13.995","1.0972904843800269","17.69221366773722","400"
"1","400","1","45","40","0","89","89","13.895","1.0973008049406558","17.54903434756099","400"
"1","400","1","45","40","0","90","90","13.77","1.0973100934452156","16.71622097896313","400"
"1","400","1","45","40","0","91","91","14.11","1.0973184530993225","17.29711034590019","400"
"1","400","1","45","40","0","92","92","14.585","1.0973259767880201","19.059079641756327","400"
"1","400","1","45","40","0","93","93","15.095","1.0973327481078452","18.6008348412435","400"
"1","400","1","45","40","0","94","94","15.6","1.0973388422956902","20.334432970774504","400"
"1","400","1","45","40","0","95","95","15.805","1.0973443270647498","20.398013255605132","400"
"1","400","1","45","40","0","96","96","15.505","1.0973492633569046","19.795289089062663","400"
"1","400","1","45","40","0","97","97","15.305","1.097353706019842","20.92185440541732","400"
"1","400","1","45","40","0","98","98","15.35","1.097357704416491","19.850812844459917","400"
"1","400","1","45","40","0","99","99","15.31","1.0973613029734635","19.360984934529778","400"
"1","400","1","45","40","0","100","100","15.41","1.0973645416747466","18.765559438718807","400"
"1","400","1","45","40","0","101","101","15.255","1.0973674565059002","18.68368229782049","400"
"1","400","1","45","40","0","102","102","15.245","1.0973700798539372","18.497012097917118","400"
"1","400","1","45","40","0","103","103","14.925","1.0973724408671748","20.83917024952382","400"
"1","400","1","45","40","0","104","104","14.63","1.0973745657790848","19.365086886342528","400"
"1","400","1","45","40","0","105","105","14.75","1.0973764781998043","20.00286961584285","400"
"1","400","1","45","40","0","106","106","14.68","1.097378199378453","19.909198213400817","400"
"1","400","1","45","40","0","107","107","14.915","1.0973797484392351","20.06832195321759","400"
"1","400","1","45","40","0","108","108","15.03","1.0973811425939415","20.190091863219717","400"
"1","400","1","45","40","0","109","109","14.595","1.0973823973331722","19.34640745201021","400"
"1","400","1","45","40","0","110","110","14.43","1.097383526598487","18.896172974974434","400"
"1","400","1","45","40","0","111","111","14.655","1.097384542937263","19.376868687806464","400"
"1","400","1","45","40","0","112","112","14.53","1.0973854576421653","18.90057937770543","400"
"1","400","1","45","40","0","113","113","14.66","1.0973862808765742","19.259976798222432","400"
"1","400","1","45","40","0","114","114","14.78","1.0973870217875459","18.66017441904199","400"
"1","400","1","45","40","0","115","115","15.07","1.0973876886074196","19.33427601078851","400"
"1","400","1","45","40","0","116","116","14.9","1.0973882887453066","18.757251007312085","400"
"1","400","1","45","40","0","117","117","14.47","1.0973888288694043","19.132230551337646","400"
"1","400","1","45","40","0","118","118","14.065","1.0973893149810967","20.240620621076886","400"
"1","400","1","45","40","0","119","119","14.02","1.097389752481613","18.44256256044604","400"
"1","400","1","45","40","0","120","120","14.29","1.0973901462320785","18.24419463899044","400"
"1","400","1","45","40","0","121","121","14.77","1.0973905006075002","17.563895008871675","400"
"1","400","1","45","40","0","122","122","15.115","1.0973908195453757","18.31126288226581","400"
"1","400","1","45","40","0","123","123","15.645","1.0973911065894695","18.41080737554658","400"
"1","400","1","45","40","0","124","124","15.84","1.0973913649291533","19.72831855655765","400"
"1","400","1","45","40","0","125","125","16.145","1.097391597434863","18.181722870974205","400"
"1","400","1","45","40","0","126","126","16.29","1.0973918066900104","18.049984524407776","400"
"1","400","1","45","40","0","127","127","16.195","1.0973919950196334","17.877139513191633","400"
"1","400","1","45","40","0","128","128","16.275","1.097392164516299","19.011518425607928","400"
"1","400","1","45","40","0","129","129","15.86","1.097392317063303","19.186866838153822","400"
"1","400","1","45","40","0","130","130","15.54","1.0973924543555942","19.438371274326887","400"
"1","400","1","45","40","0","131","131","15.375","1.0973925779186604","20.848716732093326","400"
"1","400","1","45","40","0","132","132","15.405","1.0973926891254242","20.279561942748916","400"
"1","400","1","45","40","0","133","133","15.42","1.097392789211512","19.433419711863056","400"
"1","400","1","45","40","0","134","134","15.01","1.0973928792889935","20.13092756466676","400"
"1","400","1","45","40","0","135","135","15.145","1.0973929603587176","18.124525957924153","400"
"1","400","1","45","40","0","136","136","15.135","1.0973930333214783","19.499263836834626","400"
"1","400","1","45","40","0","137","137","15.82","1.0973930989879528","19.52173234404962","400"
"1","400","1","45","40","0","138","138","16.445","1.0973931580877894","19.805443444346462","400"
"1","400","1","45","40","0","139","139","16.485","1.0973932112776346","21.347195464007104","400"
"1","400","1","45","40","0","140","140","16.355","1.0973932591485052","20.691529849739588","400"
"1","400","1","45","40","0","141","141","16.55","1.0973933022322768","20.771263171085202","400"
"1","400","1","45","40","0","142","142","16.505","1.0973933410076777","20.67504103095893","400"
"1","400","1","45","40","0","143","143","15.875","1.0973933759055412","20.810809167462047","400"
"1","400","1","45","40","0","144","144","16.065","1.0973934073136116","21.791452793352892","400"
"1","400","1","45","40","0","145","145","15.695","1.09739343558088","21.776727957600336","400"
"1","400","1","45","40","0","146","146","15.81","1.0973934610214229","22.924536786148455","400"
"1","400","1","45","40","0","147","147","16.06","1.0973934839179103","22.290537758604838","400"
"1","400","1","45","40","0","148","148","16.395","1.0973935045247443","21.977413433931837","400"
"1","400","1","45","40","0","149","149","16.65","1.0973935230708967","23.293725116490435","400"
"1","400","1","45","40","0","150","150","17.175","1.0973935397624388","22.598027930208588","400"
"1","400","1","45","40","0","151","151","17.21","1.0973935547848273","24.13279032996471","400"
"1","400","1","45","40","0","152","152","16.985","1.0973935683049725","23.179562613476808","400"
"1","400","1","45","40","0","153","153","16.525","1.0973935804730985","22.46804179288559","400"
"1","400","1","45","40","0","154","154","16.1","1.097393591424415","21.65236220993353","400"
"1","400","1","45","40","0","155","155","16.205","1.097393601280606","20.863832821032148","400"
"1","400","1","45","40","0","156","156","16.83","1.0973936101511725","21.179562013520922","400"
"1","400","1","45","40","0","157","157","17.98","1.0973936181346868","23.287197675481565","400"
"1","400","1","45","40","0","158","158","17.8","1.0973936253198442","23.86460352965157","400"
"1","400","1","45","40","0","159","159","18.06","1.0973936317864885","25.587771517882278","400"
"1","400","1","45","40","0","160","160","17.68","1.0973936376064675","23.21395307926417","400"
"1","400","1","45","40","0","161","161","17.675","1.0973936428444457","24.387680762360933","400"
"1","400","1","45","40","0","162","162","17.835","1.097393647558629","23.394892163714367","400"
"1","400","1","45","40","0","163","163","17.935","1.0973936518013967","25.847095238473766","400"
"1","400","1","45","40","0","164","164","18.35","1.0973936556198869","24.710709498321542","400"
"1","400","1","45","40","0","165","165","18.755","1.0973936590565267","26.11202457113022","400"
"1","400","1","45","40","0","166","166","18.545","1.0973936621495024","26.198737795547448","400"
"1","400","1","45","40","0","167","167","18.33","1.0973936649331766","25.012711918237017","400"
"1","400","1","45","40","0","168","168","18.105","1.097393667438489","23.71146032964852","400"
"1","400","1","45","40","0","169","169","18.225","1.09739366969327","23.52867464278324","400"
"1","400","1","45","40","0","170","170","18.145","1.0973936717225694","23.689483328450603","400"
"1","400","1","45","40","0","171","171","19.05","1.0973936735489445","23.08125560348159","400"
"1","400","1","45","40","0","172","172","19.685","1.097393675192676","24.162955195253677","400"
"1","400","1","45","40","0","173","173","19.96","1.0973936766720385","24.299959239622815","400"
"1","400","1","45","40","0","174","174","20.655","1.0973936780034612","25.466884580209296","400"
"1","400","1","45","40","0","175","175","20.375","1.0973936792017451","26.139531143622357","400"
"1","400","1","45","40","0","176","176","19.87","1.0973936802801976","26.082117755679082","400"
"1","400","1","45","40","0","177","177","19.495","1.0973936812508056","25.256694055137622","400"
"1","400","1","45","40","0","178","178","19.38","1.0973936821243548","24.02956901882554","400"
"1","400","1","45","40","0","179","179","18.95","1.0973936829105453","23.500467088200626","400"
"1","400","1","45","40","0","180","180","18.715","1.0973936836181195","23.810082379361894","400"
"1","400","1","45","40","0","181","181","18.93","1.0973936842549417","22.661668207364638","400"
"1","400","1","45","40","0","182","182","19.62","1.097393684828069","24.283037009722584","400"
"1","400","1","45","40","0","183","183","20.125","1.0973936853438913","24.473662375537813","400"
"1","400","1","45","40","0","184","184","19.62","1.0973936858081341","25.897718533018676","400"
"1","400","1","45","40","0","185","185","19.45","1.0973936862259446","24.561707404796973","400"
"1","400","1","45","40","0","186","186","19.67","1.0973936866019793","24.972382914061782","400"
"1","400","1","45","40","0","187","187","19.64","1.0973936869404104","23.347563491486657","400"
"1","400","1","45","40","0","188","188","19.14","1.097393687245","24.179259068884303","400"
"1","400","1","45","40","0","189","189","19.1","1.0973936875191266","23.36906819682279","400"
"1","400","1","45","40","0","190","190","19.145","1.0973936877658426","24.161194989571467","400"
"1","400","1","45","40","0","191","191","19.905","1.0973936879878836","24.940334787387","400"
"1","400","1","45","40","0","192","192","19.61","1.09739368818773","24.51267089211673","400"
"1","400","1","45","40","0","193","193","19.935","1.0973936883675781","26.05820933190925","400"
"1","400","1","45","40","0","194","194","19.735","1.0973936885294515","23.998868828383085","400"
"1","400","1","45","40","0","195","195","19.785","1.097393688675138","24.20257546906185","400"
"1","400","1","45","40","0","196","196","20.31","1.0973936888062485","23.124040991451807","400"
"1","400","1","45","40","0","197","197","20.17","1.0973936889242524","24.19849934241472","400"
"1","400","1","45","40","0","198","198","19.755","1.0973936890304565","24.19221426802463","400"
"1","400","1","45","40","0","199","199","19.305","1.0973936891260405","24.000198920811318","400"
"1","400","1","45","40","0","200","200","18.595","1.0973936892120637","21.953284207255845","400"
"1","400","1","45","40","0","201","201","19.145","1.097393689289488","23.544685542513264","400"
"1","400","1","45","40","0","202","202","20.07","1.0973936893591598","24.301818415661774","400"
"1","400","1","45","40","0","203","203","20.07","1.0973936894218725","23.513160568791125","400"
"1","400","1","45","40","0","204","204","20.17","1.0973936894783116","24.32422603092425","400"
"1","400","1","45","40","0","205","205","20.2","1.097393689529117","23.92811650881057","400"
"1","400","1","45","40","0","206","206","20.735","1.0973936895748295","23.88521903990131","400"
"1","400","1","45","40","0","207","207","21.19","1.0973936896159775","27.81577666336323","400"
"1","400","1","45","40","0","208","208","20.68","1.097393689653006","24.957980303594514","400"
"1","400","1","45","40","0","209","209","20.005","1.097393689686337","25.794818102829005","400"
"1","400","1","45","40","0","210","210","19.71","1.097393689716329","25.313060670198954","400"
"1","400","1","45","40","0","211","211","19.295","1.0973936897433239","23.896200795585433","400"
"1","400","1","45","40","0","212","212","19.91","1.097393689767621","23.886361053426647","400"
"1","400","1","45","40","0","213","213","20.115","1.0973936897894874","24.03630310648578","400"
"1","400","1","45","40","0","214","214","20.73","1.0973936898091678","22.758913127297898","400"
"1","400","1","45","40","0","215","215","21.14","1.0973936898268755","23.887568115787708","400"
"1","400","1","45","40","0","216","216","21.02","1.0973936898428203","23.64143357138841","400"
"1","400","1","45","40","0","217","217","20.9","1.097393689857162","23.7564228915393","400"
"1","400","1","45","40","0","218","218","20.455","1.0973936898700782","24.32183469710752","400"
"1","400","1","45","40","0","219","219","20.325","1.0973936898816967","24.220929580848413","400"
"1","400","1","45","40","0","220","220","19.73","1.097393689892156","25.843129828527392","400"
"1","400","1","45","40","0","221","221","19.835","1.0973936899015684","24.653981655213496","400"
"1","400","1","45","40","0","222","222","19.66","1.0973936899100423","25.085474950914403","400"
"1","400","1","45","40","0","223","223","20.195","1.097393689917664","25.61436878288012","400"
"1","400","1","45","40","0","224","224","20.77","1.0973936899245258","24.81759384245767","400"
"1","400","1","45","40","0","225","225","21.055","1.0973936899307015","24.80822557874112","400"
"1","400","1","45","40","0","226","226","21.02","1.0973936899362582","26.299298063514506","400"
"1","400","1","45","40","0","227","227","20.58","1.0973936899412589","25.46289029671151","400"
"1","400","1","45","40","0","228","228","20.26","1.0973936899457648","24.841718776534094","400"
"1","400","1","45","40","0","229","229","20.335","1.0973936899498151","24.724488911918684","400"
"1","400","1","45","40","0","230","230","21.255","1.0973936899534649","25.883006389013467","400"
"1","400","1","45","40","0","231","231","22.15","1.097393689956746","24.80675764525915","400"
"1","400","1","45","40","0","232","232","22.365","1.0973936899597025","25.98767701019253","400"
"1","400","1","45","40","0","233","233","22.36","1.0973936899623526","25.826403857956226","400"
"1","400","1","45","40","0","234","234","22.415","1.0973936899647512","25.56169067435428","400"
"1","400","1","45","40","0","235","235","22.365","1.0973936899669003","26.072953003216682","400"
"1","400","1","45","40","0","236","236","22.415","1.0973936899688403","24.74256264302237","400"
"1","400","1","45","40","0","237","237","22.245","1.0973936899705807","26.511593243947953","400"
"1","400","1","45","40","0","238","238","22.125","1.0973936899721588","27.447527719513307","400"
"1","400","1","45","40","0","239","239","21.84","1.0973936899735641","28.100550521354133","400"
"1","400","1","45","40","0","240","240","21.98","1.09739368997484","25.69335174731414","400"
"1","400","1","45","40","0","241","241","22.015","1.0973936899759795","26.18924217208919","400"
"1","400","1","45","40","0","242","242","22.29","1.0973936899770182","25.813867915927208","400"
"1","400","1","45","40","0","243","243","22.37","1.0973936899779426","26.688168097843743","400"
"1","400","1","45","40","0","244","244","23.58","1.097393689978777","25.912599518640103","400"
"1","400","1","45","40","0","245","245","24.215","1.0973936899795216","27.010340247509465","400"
"1","400","1","45","40","0","246","246","24.865","1.0973936899801977","27.55282802524578","400"
"1","400","1","45","40","0","247","247","24.47","1.0973936899808077","27.056185286652184","400"
"1","400","1","45","40","0","248","248","23.7","1.0973936899813552","27.985896159616946","400"
"1","400","1","45","40","0","249","249","22.895","1.09739368998185","28.35342974442531","400"
"1","400","1","45","40","0","250","250","22.425","1.0973936899822938","27.17369609676657","400"
"1","400","1","45","40","0","251","251","21.66","1.0973936899826902","26.097361209072595","400"
"1","400","1","45","40","0","252","252","21.73","1.0973936899830554","25.506358692287222","400"
"1","400","1","45","40","0","253","253","22.465","1.0973936899833745","25.90345418905591","400"
"1","400","1","45","40","0","254","254","22.545","1.0973936899836676","25.926173436042216","400"
"1","400","1","45","40","0","255","255","24.085","1.0973936899839254","27.03233636650731","400"
"1","400","1","45","40","0","256","256","25.12","1.0973936899841594","27.22996174522433","400"
"1","400","1","45","40","0","257","257","25.405","1.0973936899843773","27.089775492331267","400"
"1","400","1","45","40","0","258","258","24.91","1.0973936899845629","28.537234552796743","400"
"1","400","1","45","40","0","259","259","24.27","1.0973936899847396","26.92396590930938","400"
"1","400","1","45","40","0","260","260","23.43","1.0973936899848888","27.038491991887113","400"
"1","400","1","45","40","0","261","261","23.13","1.0973936899850274","28.000251748682686","400"
"1","400","1","45","40","0","262","262","22.585","1.0973936899851564","25.321923132814792","400"
"1","400","1","45","40","0","263","263","22.51","1.0973936899852652","27.006556648613376","400"
"1","400","1","45","40","0","264","264","23.92","1.0973936899853696","26.393503629374912","400"
"1","400","1","45","40","0","265","265","25.4","1.0973936899854577","27.28739953560831","400"
"1","400","1","45","40","0","266","266","26.52","1.0973936899855405","27.50231384618184","400"
"1","400","1","45","40","0","267","267","27.725","1.0973936899856171","29.88088972323265","400"
"1","400","1","45","40","0","268","268","27.72","1.0973936899856853","29.891795244696834","400"
"1","400","1","45","40","0","269","269","26.745","1.0973936899857428","29.618656020127155","400"
"1","400","1","45","40","0","270","270","25.69","1.0973936899857961","29.853384423261016","400"
"1","400","1","45","40","0","271","271","24.155","1.0973936899858492","28.34945002142323","400"
"1","400","1","45","40","0","272","272","23.44","1.0973936899858876","27.420193500530992","400"
"1","400","1","45","40","0","273","273","23.03","1.0973936899859262","28.81903921750186","400"
"1","400","1","45","40","0","274","274","22.66","1.0973936899859642","27.347370989396655","400"
"1","400","1","45","40","0","275","275","22.51","1.097393689985999","27.184506358542546","400"
"1","400","1","45","40","0","276","276","22.9","1.0973936899860255","27.548417944202182","400"
"1","400","1","45","40","0","277","277","22.89","1.0973936899860495","27.529172098750358","400"
"1","400","1","45","40","0","278","278","22.965","1.0973936899860783","28.394023671876486","400"
"1","400","1","45","40","0","279","279","23.14","1.0973936899860965","29.7779188103485","400"
"1","400","1","45","40","0","280","280","22.84","1.0973936899861108","29.85657853019658","400"
"1","400","1","45","40","0","281","281","22.82","1.0973936899861276","28.217136304975057","400"
"1","400","1","45","40","0","282","282","23.385","1.097393689986144","27.331476806254294","400"
"1","400","1","45","40","0","283","283","23.73","1.0973936899861623","30.904549053167205","400"
"1","400","1","45","40","0","284","284","23.87","1.0973936899861694","29.18071957275756","400"
"1","400","1","45","40","0","285","285","24","1.0973936899861823","28.375751476507833","400"
"1","400","1","45","40","0","286","286","23.805","1.0973936899861898","28.503753096080228","400"
"1","400","1","45","40","0","287","287","23.79","1.0973936899862051","29.659133480193308","400"
"1","400","1","45","40","0","288","288","23.84","1.097393689986209","29.592276952655226","400"
"1","400","1","45","40","0","289","289","23.805","1.0973936899862193","28.76170699629209","400"
"1","400","1","45","40","0","290","290","23.845","1.0973936899862193","30.274097642593564","400"
"1","400","1","45","40","0","291","291","23.5","1.0973936899862264","28.464002608288112","400"
"1","400","1","45","40","0","292","292","23.035","1.097393689986238","26.192662778901813","400"
"1","400","1","45","40","0","293","293","22.785","1.0973936899862395","24.93917569795228","400"
"1","400","1","45","40","0","294","294","23.27","1.0973936899862435","25.60212424131575","400"
"1","400","1","45","40","0","295","295","23.505","1.0973936899862473","27.034141262577187","400"
"1","400","1","45","40","0","296","296","24.045","1.0973936899862518","26.419352062057833","400"
"1","400","1","45","40","0","297","297","24.02","1.097393689986263","28.832033466534188","400"
"1","400","1","45","40","0","298","298","24.67","1.0973936899862597","26.958539485136452","400"
"1","400","1","45","40","0","299","299","24.545","1.0973936899862617","27.59403490728469","400"
"1","400","1","45","40","0","300","300","25.065","1.0973936899862582","27.439340817237188","400"
"1","400","1","45","40","0","301","301","0.68","0.109739368998634","0.675","400"
"1","400","1","45","40","0","302","302","0.915","0.20850480109739744","1.0293750000000002","400"
"1","400","1","45","40","0","303","303","1.47","0.2973936899862808","1.326515625","400"
"1","400","1","45","40","0","304","304","1.915","0.37739368998628126","1.8612259277343752","400"
"1","400","1","45","40","0","305","305","1.845","0.44939368998628193","2.1201416015625","400"
"1","400","1","45","40","0","306","306","1.685","0.5141936899862822","2.1093259497528076","400"
"1","400","1","45","40","0","307","307","1.49","0.5725136899862819","2.2165399705232622","400"
"1","400","1","45","40","0","308","308","1.415","0.625001689986282","2.293071550658827","400"
"1","400","1","45","40","0","309","309","1.455","0.6722408899862825","2.106650432406148","400"
"1","400","1","45","40","0","310","310","1.485","0.7147561699862812","1.9909042786444888","400"
"1","400","1","45","40","0","311","311","1.545","0.7530199219862819","2.0546098364658345","400"
"1","400","1","45","40","0","312","312","1.53","0.7874572987862836","2.2490692509375547","400"
"1","400","1","45","40","0","313","313","1.685","0.8184509379062825","2.501400115448404","400"
"1","400","1","45","40","0","314","314","1.73","0.8463452131142833","2.316188623231929","400"
"1","400","1","45","40","0","315","315","1.7","0.8714500608014831","2.5166417933289433","400"
"1","400","1","45","40","0","316","316","1.785","0.8940444237199601","2.4729104598258127","400"
"1","400","1","45","40","0","317","317","1.82","0.9143793503465921","2.695853798657064","400"
"1","400","1","45","40","0","318","318","1.8","0.932680784310564","2.6921868585898254","400"
"1","400","1","45","40","0","319","319","1.62","0.94915207487814","2.7047527691834548","400"
"1","400","1","45","40","0","320","320","1.6","0.963976236388948","2.957696908297823","400"
"1","400","1","45","40","0","321","321","1.46","0.9773179817486818","3.4217711568719644","400"
"1","400","1","45","40","0","322","322","1.55","0.9893255525724475","2.909086803927806","400"
"1","400","1","45","40","0","323","323","1.55","1.000132366313827","2.7986498486188083","400"
"1","400","1","45","40","0","324","324","1.6","1.0098584986810737","3.0150365132685","400"
"1","400","1","45","40","0","325","325","1.65","1.0186120178115925","2.8398378179027812","400"
"1","400","1","45","40","0","326","326","1.635","1.0264901850290615","3.100855481272394","400"
"1","400","1","45","40","0","327","327","1.665","1.0335805355247862","3.1710150151059278","400"
"1","400","1","45","40","0","328","328","1.71","1.039961850970936","2.745058880833723","400"
"1","400","1","45","40","0","329","329","1.62","1.0457050348724684","2.9464123487293983","400"
"1","400","1","45","40","0","330","330","1.665","1.0508739003838494","3.118898893334987","400"
"1","400","1","45","40","0","331","331","1.7","1.055525879344096","2.763360924164196","400"
"1","400","1","45","40","0","332","332","1.67","1.0597126604083094","2.8237723067100275","400"
"1","400","1","45","40","0","333","333","1.7","1.0634807633661085","2.851786114525953","400"
"1","400","1","45","40","0","334","334","1.665","1.0668720560281288","2.786889964766349","400"
"1","400","1","45","40","0","335","335","1.595","1.0699242194239433","2.7715341369379374","400"
"1","400","1","45","40","0","336","336","1.79","1.0726711664801793","2.793613466488471","400"
"1","400","1","45","40","0","337","337","1.73","1.0751434188307878","2.9506057131280516","400"
"1","400","1","45","40","0","338","338","1.72","1.077368445946339","2.674582467628412","400"
"1","400","1","45","40","0","339","339","1.785","1.079370970350331","2.5702673166797783","400"
"1","400","1","45","40","0","340","340","1.715","1.0811732423139337","3.0445457952950314","400"
"1","400","1","45","40","0","341","341","1.725","1.0827952870811643","3.314976908608758","400"
"1","400","1","45","40","0","342","342","1.69","1.0842551273716756","3.2163524502643144","400"
"1","400","1","45","40","0","343","343","1.75","1.0855689836331308","3.2220271710387776","400"
"1","400","1","45","40","0","344","344","1.805","1.0867514542684487","3.063647920521669","400"
"1","400","1","45","40","0","345","345","1.765","1.087815677840236","3.084735615091461","400"
"1","400","1","45","40","0","346","346","1.8","1.088773479054838","2.9606983231264756","400"
"1","400","1","45","40","0","347","347","1.825","1.0896355001479796","3.2031189634353976","400"
"1","400","1","45","40","0","348","348","1.825","1.0904113191318094","3.148976605757155","400"
"1","400","1","45","40","0","349","349","1.695","1.091109556217259","3.3295311684348277","400"
"1","400","1","45","40","0","350","350","1.73","1.0917379695941596","3.331740458382671","400"
"1","400","1","45","40","0","351","351","1.73","1.0923035416333742","3.8608025985345953","400"
"1","400","1","45","40","0","352","352","1.775","1.092812556468669","3.0719468542223427","400"
"1","400","1","45","40","0","353","353","1.83","1.0932706698204313","3.1926928444751757","400"
"1","400","1","45","40","0","354","354","1.77","1.0936829718370145","2.9489522548568847","400"
"1","400","1","45","40","0","355","355","1.795","1.0940540436519426","3.1641029107501315","400"
"1","400","1","45","40","0","356","356","1.81","1.094388008285372","3.5317122763567137","400"
"1","400","1","45","40","0","357","357","1.81","1.0946885764554635","3.426482164904068","400"
"1","400","1","45","40","0","358","358","1.705","1.0949590878085491","3.4165039880279657","400"
"1","400","1","45","40","0","359","359","1.655","1.0952025480263217","3.4447050662660303","400"
"1","400","1","45","40","0","360","360","1.635","1.0954216622223163","3.4467761243258597","400"
"1","400","1","45","40","0","361","361","1.63","1.0956188649987109","3.180663698909213","400"
"1","400","1","45","40","0","362","362","1.71","1.0957963474974741","3.2184077939004525","400"
"1","400","1","45","40","0","363","363","1.695","1.0959560817463534","3.13884044478374","400"
"1","400","1","45","40","0","364","364","1.77","1.0960998425703417","3.4047374448823526","400"
"1","400","1","45","40","0","365","365","1.77","1.0962292273119447","3.4734597879129163","400"
"1","400","1","45","40","0","366","366","1.765","1.096345673579373","3.3406991366605725","400"
"1","400","1","45","40","0","367","367","1.675","1.096450475220062","2.9813886419680755","400"
"1","400","1","45","40","0","368","368","1.84","1.0965447966966868","2.877125957058365","400"
"1","400","1","45","40","0","369","369","1.915","1.0966296860256475","2.7798248275473485","400"
"1","400","1","45","40","0","370","370","1.875","1.0967060864217073","2.745615341379883","400"
"1","400","1","45","40","0","371","371","1.875","1.096774846778166","2.809546189353772","400"
"1","400","1","45","40","0","372","372","1.765","1.0968367310989822","2.877294978218891","400"
"1","400","1","45","40","0","373","373","1.665","1.0968924269877056","2.918189672412725","400"
"1","400","1","45","40","0","374","374","1.635","1.0969425532875683","2.8755689168977554","400"
"1","400","1","45","40","0","375","375","1.76","1.0969876669574392","2.9812545471285294","400"
"1","400","1","45","40","0","376","376","1.765","1.0970282692603224","3.0441740756677613","400"
"1","400","1","45","40","0","377","377","1.735","1.0970648113329173","3.0735285961073306","400"
"1","400","1","45","40","0","378","378","1.775","1.097097699198254","2.9576261029864073","400"
"1","400","1","45","40","0","379","379","1.71","1.097127298277057","3.083211487118472","400"
"1","400","1","45","40","0","380","380","1.785","1.0971539374479815","3.005503116586663","400"
"1","400","1","45","40","0","381","381","1.775","1.0971779127018138","2.9075859399595556","400"
"1","400","1","45","40","0","382","382","1.73","1.097199490430257","2.8746414487847303","400"
"1","400","1","45","40","0","383","383","1.72","1.0972189103858623","3.077501486029649","400"
"1","400","1","45","40","0","384","384","1.59","1.0972363883459004","2.8166373676316456","400"
"1","400","1","45","40","0","385","385","1.6","1.0972521185099389","2.9467942862246415","400"
"1","400","1","45","40","0","386","386","1.735","1.0972662756575764","3.038472926753634","400"
"1","400","1","45","40","0","387","387","1.78","1.0972790170904414","3.0381531789088636","400"
"1","400","1","45","40","0","388","388","1.77","1.097290484380027","3.3076351837672657","400"
"1","400","1","45","40","0","389","389","1.85","1.0973008049406534","3.089820363823015","400"
"1","400","1","45","40","0","390","390","1.785","1.0973100934452187","2.9150404652795","400"
"1","400","1","45","40","0","391","391","1.69","1.0973184530993247","3.066621039861777","400"
"1","400","1","45","40","0","392","392","1.75","1.0973259767880188","2.7596270498632487","400"
"1","400","1","45","40","0","393","393","1.78","1.0973327481078454","2.825363663797617","400"
"1","400","1","45","40","0","394","394","1.745","1.0973388422956905","3.0963834325944277","400"
"1","400","1","45","40","0","395","395","1.85","1.0973443270647478","3.086704674811068","400"
"1","400","1","45","40","0","396","396","1.795","1.0973492633569055","3.162079289091424","400"
"1","400","1","45","40","0","397","397","1.805","1.0973537060198406","2.9010688745732574","400"
"1","400","1","45","40","0","398","398","1.8","1.0973577044164882","2.9757443061243625","400"
"1","400","1","45","40","0","399","399","1.83","1.0973613029734601","2.8716003730755526","400"
"1","400","1","45","40","0","400","400","1.845","1.097364541674743","2.9219171188250317","400"
"1","400","1","45","40","0","401","401","1.835","1.0973674565058995","3.206126712632583","400"
"1","400","1","45","40","0","402","402","1.835","1.097370079853941","3.3211489140904025","400"
"1","400","1","45","40","0","403","403","1.95","1.0973724408671677","3.3793840367915005","400"
"1","400","1","45","40","0","404","404","1.905","1.097374565779085","3.44342861750043","400"
"1","400","1","45","40","0","405","405","1.9","1.0973764781998037","3.38216546071201","400"
"1","400","1","45","40","0","406","406","1.905","1.0973781993784495","3.1816715436578265","400"
"1","400","1","45","40","0","407","407","1.795","1.0973797484392303","3.2492455992419353","400"
"1","400","1","45","40","0","408","408","1.66","1.097381142593939","3.541262962447958","400"
"1","400","1","45","40","0","409","409","1.75","1.0973823973331742","3.506924584369051","400"
"1","400","1","45","40","0","410","410","1.715","1.0973835265984853","3.4473390650434608","400"
"1","400","1","45","40","0","411","411","1.685","1.0973845429372682","3.4457757091853067","400"
"1","400","1","45","40","0","412","412","1.725","1.0973854576421649","3.0847271520791626","400"
"1","400","1","45","40","0","413","413","1.655","1.0973862808765795","2.989360743064221","400"
"1","400","1","45","40","0","414","414","1.69","1.0973870217875483","3.072078134851894","400"
"1","400","1","45","40","0","415","415","1.645","1.0973876886074245","3.098105739382369","400"
"1","400","1","45","40","0","416","416","1.725","1.0973882887453108","2.805607382622377","400"
"1","400","1","45","40","0","417","417","1.745","1.0973888288694054","3.054452579849609","400"
"1","400","1","45","40","0","418","418","1.79","1.0973893149810943","2.8596148172663227","400"
"1","400","1","45","40","0","419","419","1.77","1.0973897524816114","2.705029681146345","400"
"1","400","1","45","40","0","420","420","1.73","1.097390146232077","3.0879534663245742","400"
"1","400","1","45","40","0","421","421","1.8","1.097390500607507","3.1724606629488017","400"
"1","400","1","45","40","0","422","422","1.795","1.097390819545378","2.9019570576778215","400"
"1","400","1","45","40","0","423","423","1.82","1.0973911065894661","2.8616829911328727","400"
"1","400","1","45","40","0","424","424","1.855","1.0973913649291498","3.163635505820402","400"
"1","400","1","45","40","0","425","425","1.885","1.097391597434861","2.7751936435599283","400"
"1","400","1","45","40","0","426","426","1.905","1.0973918066900092","2.7897337759073966","400"
"1","400","1","45","40","0","427","427","1.76","1.0973919950196318","3.2807756891777564","400"
"1","400","1","45","40","0","428","428","1.815","1.0973921645162963","3.386245996682643","400"
"1","400","1","45","40","0","429","429","1.81","1.0973923170633002","3.6260531738071617","400"
"1","400","1","45","40","0","430","430","1.795","1.0973924543555924","3.25125397456224","400"
"1","400","1","45","40","0","431","431","1.7","1.0973925779186644","3.013034122152607","400"
"1","400","1","45","40","0","432","432","1.68","1.097392689125427","2.683236907865601","400"
"1","400","1","45","40","0","433","433","1.71","1.097392789211514","2.832311788600112","400"
"1","400","1","45","40","0","434","434","1.795","1.0973928792889864","3.1573705657599125","400"
"1","400","1","45","40","0","435","435","1.92","1.0973929603587202","2.850257001796175","400"
"1","400","1","45","40","0","436","436","1.91","1.0973930333214743","2.9168317873816845","400"
"1","400","1","45","40","0","437","437","1.835","1.0973930989879523","2.9731488038779665","400"
"1","400","1","45","40","0","438","438","1.815","1.0973931580877854","3.050324456249151","400"
"1","400","1","45","40","0","439","439","1.77","1.0973932112776368","3.2428152281448144","400"
"1","400","1","45","40","0","440","440","1.765","1.0973932591485034","3.075162704529321","400"
"1","400","1","45","40","0","441","441","1.845","1.0973933022322797","2.959459733995053","400"
"1","400","1","45","40","0","442","442","1.77","1.097393341007683","3.2840314940113946","400"
"1","400","1","45","40","0","443","443","1.73","1.097393375905535","3.3635600672152637","400"
"1","400","1","45","40","0","444","444","1.67","1.0973934073136133","3.225260465985695","400"
"1","400","1","45","40","0","445","445","1.715","1.0973934355808814","3.3937494129744414","400"
"1","400","1","45","40","0","446","446","1.71","1.0973934610214182","3.2483806020458177","400"
"1","400","1","45","40","0","447","447","1.665","1.0973934839179051","3.1662948638147004","400"
"1","400","1","45","40","0","448","448","1.545","1.0973935045247476","2.8385896260942793","400"
"1","400","1","45","40","0","449","449","1.485","1.0973935230708987","2.773683082202337","400"
"1","400","1","45","40","0","450","450","1.62","1.0973935397624393","2.8902997524823903","400"
"1","400","1","45","40","0","451","451","1.655","1.0973935547848213","3.0314910035291853","400"
"1","400","1","45","40","0","452","452","1.63","1.0973935683049685","3.0089701192889775","400"
"1","400","1","45","40","0","453","453","1.635","1.0973935804731019","2.7287818474141177","400"
"1","400","1","45","40","0","454","454","1.575","1.097393591424418","2.651596351917666","400"
"1","400","1","45","40","0","455","455","1.515","1.0973936012806025","2.4572524550165644","400"
"1","400","1","45","40","0","456","456","1.54","1.0973936101511728","2.7671418182559444","400"
"1","400","1","45","40","0","457","457","1.49","1.0973936181346837","2.5736034598936213","400"
"1","400","1","45","40","0","458","458","1.58","1.0973936253198442","2.7136014604624306","400"
"1","400","1","45","40","0","459","459","1.63","1.0973936317864856","2.8899003329280677","400"
"1","400","1","45","40","0","460","460","1.68","1.0973936376064688","3.150973810072971","400"
"1","400","1","45","40","0","461","461","1.655","1.097393642844449","2.8898998984484026","400"
"1","400","1","45","40","0","462","462","1.6","1.0973936475586281","3.033993725988198","400"
"1","400","1","45","40","0","463","463","1.63","1.0973936518013983","3.294051302713346","400"
"1","400","1","45","40","0","464","464","1.705","1.0973936556198836","2.9986838076532694","400"
"1","400","1","45","40","0","465","465","1.675","1.0973936590565225","2.6820013730399017","400"
"1","400","1","45","40","0","466","466","1.785","1.0973936621494988","2.7757498051481257","400"
"1","400","1","45","40","0","467","467","1.835","1.0973936649331801","2.7206886172200724","400"
"1","400","1","45","40","0","468","468","1.795","1.0973936674384925","2.871725766894594","400"
"1","400","1","45","40","0","469","469","1.77","1.0973936696932707","2.8996747847594233","400"
"1","400","1","45","40","0","470","470","1.725","1.0973936717225736","2.9996621076175516","400"
"1","400","1","45","40","0","471","471","1.72","1.0973936735489418","2.8869178744423136","400"
"1","400","1","45","40","0","472","472","1.8","1.0973936751926772","2.9508123540054814","400"
"1","400","1","45","40","0","473","473","1.855","1.0973936766720354","2.9495027939626532","400"
"1","400","1","45","40","0","474","474","1.94","1.0973936780034637","3.182604421615699","400"
"1","400","1","45","40","0","475","475","1.9","1.097393679201743","3.1297899780962886","400"
"1","400","1","45","40","0","476","476","1.775","1.097393680280196","2.9404582920482425","400"
"1","400","1","45","40","0","477","477","1.72","1.0973936812507996","3.2304244913213584","400"
"1","400","1","45","40","0","478","478","1.68","1.0973936821243502","2.938176501263896","400"
"1","400","1","45","40","0","479","479","1.695","1.097393682910545","2.9037732357237074","400"
"1","400","1","45","40","0","480","480","1.725","1.0973936836181184","3.008444932297805","400"
"1","400","1","45","40","0","481","481","1.735","1.0973936842549334","3.0483235725866837","400"
"1","400","1","45","40","0","482","482","1.65","1.097393684828068","2.996264863805533","400"
"1","400","1","45","40","0","483","483","1.745","1.0973936853438901","2.991638506572302","400"
"1","400","1","45","40","0","484","484","1.835","1.0973936858081326","3.0701541538570747","400"
"1","400","1","45","40","0","485","485","1.745","1.0973936862259448","3.2551345177279085","400"
"1","400","1","45","40","0","486","486","1.735","1.0973936866019798","3.025576574535586","400"
"1","400","1","45","40","0","487","487","1.71","1.0973936869404104","3.0443890911859968","400"
"1","400","1","45","40","0","488","488","1.735","1.0973936872449992","3.022911288860932","400"
"1","400","1","45","40","0","489","489","1.905","1.0973936875191213","3.0664985182738707","400"
"1","400","1","45","40","0","490","490","1.79","1.097393687765843","3.3585869788346607","400"
"1","400","1","45","40","0","491","491","1.715","1.0973936879878867","3.632257816017311","400"
"1","400","1","45","40","0","492","492","1.685","1.0973936881877244","3.066227342966833","400"
"1","400","1","45","40","0","493","493","1.65","1.0973936883675783","2.890504814490358","400"
"1","400","1","45","40","0","494","494","1.73","1.0973936885294544","2.9644878710356517","400"
"1","400","1","45","40","0","495","495","1.66","1.0973936886751363","3.0057274089883443","400"
"1","400","1","45","40","0","496","496","1.69","1.0973936888062492","3.6146838415114595","400"
"1","400","1","45","40","0","497","497","1.73","1.0973936889242544","3.5401835523522522","400"
"1","400","1","45","40","0","498","498","1.7","1.0973936890304543","3.5525873046761194","400"
"1","400","1","45","40","0","499","499","1.59","1.0973936891260365","3.40633336397559","400"
"1","400","1","45","40","0","500","500","1.685","1.0973936892120661","3.216677751473314","400"
"1","400","1","45","40","0","501","501","1.69","1.0973936892894856","3.309750492424793","400"
"1","400","1","45","40","0","502","502","1.61","1.097393689359163","3.063221300721968","400"
"1","400","1","45","40","0","503","503","1.605","1.0973936894218763","2.8575813730555577","400"
"1","400","1","45","40","0","504","504","1.6","1.0973936894783154","3.032584280894572","400"
"1","400","1","45","40","0","505","505","1.565","1.0973936895291132","2.9478806715431327","400"
"1","400","1","45","40","0","506","506","1.67","1.0973936895748302","3.241144880423347","400"
"1","400","1","45","40","0","507","507","1.655","1.0973936896159715","2.860358087156628","400"
"1","400","1","45","40","0","508","508","1.765","1.09739368965301","2.799937428625675","400"
"1","400","1","45","40","0","509","509","1.83","1.0973936896863326","2.9180786223874007","400"
"1","400","1","45","40","0","510","510","1.79","1.09739368971633","3.062673658190064","400"
"1","400","1","45","40","0","511","511","1.66","1.0973936897433263","3.566991802602837","400"
"1","400","1","45","40","0","512","512","1.615","1.0973936897676178","3.347402245906308","400"
"1","400","1","45","40","0","513","513","1.525","1.097393689789484","3.0810751306206283","400"
"1","400","1","45","40","0","514","514","1.6","1.0973936898091632","2.87577550876051","400"
"1","400","1","45","40","0","515","515","1.605","1.097393689826878","3.105140207113793","400"
"1","400","1","45","40","0","516","516","1.67","1.097393689842819","3.1766355577861796","400"
"1","400","1","45","40","0","517","517","1.635","1.097393689857164","3.24293144325529","400"
"1","400","1","45","40","0","518","518","1.6","1.0973936898700776","3.17242005474044","400"
"1","400","1","45","40","0","519","519","1.61","1.0973936898816976","2.921575614111041","400"
"1","400","1","45","40","0","520","520","1.72","1.0973936898921575","2.890928592088263","400"
"1","400","1","45","40","0","521","521","1.65","1.0973936899015728","3.11690749801243","400"
"1","400","1","45","40","0","522","522","1.75","1.097393689910041","3.1181017574543306","400"
"1","400","1","45","40","0","523","523","1.795","1.0973936899176673","2.8608847634509718","400"
"1","400","1","45","40","0","524","524","1.745","1.0973936899245242","2.936223907235937","400"
"1","400","1","45","40","0","525","525","1.71","1.0973936899306973","2.782982729926397","400"
"1","400","1","45","40","0","526","526","1.54","1.0973936899362595","3.007207256921686","400"
"1","400","1","45","40","0","527","527","1.675","1.097393689941265","2.9424408459467926","400"
"1","400","1","45","40","0","528","528","1.63","1.0973936899457648","2.862528291555228","400"
"1","400","1","45","40","0","529","529","1.675","1.0973936899498173","2.7902336703489063","400"
"1","400","1","45","40","0","530","530","1.6","1.0973936899534653","2.986403114467194","400"
"1","400","1","45","40","0","531","531","1.635","1.097393689956745","2.8704596502014432","400"
"1","400","1","45","40","0","532","532","1.635","1.097393689959698","3.208715500926399","400"
"1","400","1","45","40","0","533","533","1.615","1.0973936899623584","2.903882619930613","400"
"1","400","1","45","40","0","534","534","1.73","1.0973936899647485","2.975685558939075","400"
"1","400","1","45","40","0","535","535","1.76","1.0973936899669012","3.1627342094266173","400"
"1","400","1","45","40","0","536","536","1.775","1.097393689968842","3.4017394341060143","400"
"1","400","1","45","40","0","537","537","1.83","1.097393689970586","3.19946141255255","400"
"1","400","1","45","40","0","538","538","1.86","1.0973936899721513","3.329602254812577","400"
"1","400","1","45","40","0","539","539","1.825","1.09739368997357","3.562884884010171","400"
"1","400","1","45","40","0","540","540","1.8","1.0973936899748415","3.1495957849886422","400"
"1","400","1","45","40","0","541","541","1.685","1.0973936899759844","2.9625867380393225","400"
"1","400","1","45","40","0","542","542","1.77","1.097393689977014","3.4297561794844857","400"
"1","400","1","45","40","0","543","543","1.795","1.0973936899779442","3.767326257394538","400"
"1","400","1","45","40","0","544","544","1.815","1.0973936899787764","3.503027387292852","400"
"1","400","1","45","40","0","545","545","1.73","1.0973936899795227","3.3748624511952627","400"
"1","400","1","45","40","0","546","546","1.595","1.0973936899802001","3.1637975572738677","400"
"1","400","1","45","40","0","547","547","1.525","1.0973936899808088","3.27835542286891","400"
"1","400","1","45","40","0","548","548","1.595","1.0973936899813515","2.9044775318983556","400"
"1","400","1","45","40","0","549","549","1.565","1.097393689981851","2.9589082067124344","400"
"1","400","1","45","40","0","550","550","1.625","1.0973936899822945","3.1934675391876133","400"
"1","400","1","45","40","0","551","551","1.775","1.0973936899826908","3.279017419997395","400"
"1","400","1","45","40","0","552","552","1.695","1.097393689983052","2.963501828600777","400"
"1","400","1","45","40","0","553","553","1.65","1.0973936899833718","2.921268427535075","400"
"1","400","1","45","40","0","554","554","1.67","1.0973936899836656","3.140562862520844","400"
"1","400","1","45","40","0","555","555","1.65","1.097393689983925","3.035587339204419","400"
"1","400","1","45","40","0","556","556","1.67","1.0973936899841594","2.6409207400608143","400"
"1","400","1","45","40","0","557","557","1.725","1.0973936899843755","2.6974664409580127","400"
"1","400","1","45","40","0","558","558","1.83","1.097393689984565","2.7658473168990687","400"
"1","400","1","45","40","0","559","559","1.715","1.0973936899847405","2.759818297815708","400"
"1","400","1","45","40","0","560","560","1.74","1.0973936899848924","3.2592509053930585","400"
"1","400","1","45","40","0","561","561","1.65","1.0973936899850294","3.42531824760191","400"
"1","400","1","45","40","0","562","562","1.78","1.0973936899851595","3.0607146078766556","400"
"1","400","1","45","40","0","563","563","1.77","1.0973936899852674","3.1001187406688153","400"
"1","400","1","45","40","0","564","564","1.71","1.0973936899853696","3.119578597697514","400"
"1","400","1","45","40","0","565","565","1.63","1.0973936899854604","2.8767303270420284","400"
"1","400","1","45","40","0","566","566","1.65","1.0973936899855417","2.8079937602447327","400"
"1","400","1","45","40","0","567","567","1.675","1.0973936899856152","2.8144823145011357","400"
"1","400","1","45","40","0","568","568","1.715","1.0973936899856869","2.8876873856611223","400"
"1","400","1","45","40","0","569","569","1.62","1.0973936899857433","3.177973590029884","400"
"1","400","1","45","40","0","570","570","1.545","1.0973936899857957","3.3251958896818303","400"
"1","400","1","45","40","0","571","571","1.55","1.097393689985843","3.7469172144565985","400"
"1","400","1","45","40","0","572","572","1.58","1.0973936899858903","3.6142941780992603","400"
"1","400","1","45","40","0","573","573","1.705","1.0973936899859296","3.323604517825693","400"
"1","400","1","45","40","0","574","574","1.685","1.097393689985965","2.921705671763171","400"
"1","400","1","45","40","0","575","575","1.675","1.097393689985997","3.1757379991677057","400"
"1","400","1","45","40","0","576","576","1.745","1.0973936899860248","3.2813115508670183","400"
"1","400","1","45","40","0","577","577","1.805","1.0973936899860544","3.2837107690403116","400"
"1","400","1","45","40","0","578","578","1.81","1.0973936899860708","2.985031996441606","400"
"1","400","1","45","40","0","579","579","1.66","1.0973936899860923","2.932991926407672","400"
"1","400","1","45","40","0","580","580","1.675","1.097393689986119","2.7719964924982206","400"
"1","400","1","45","40","0","581","581","1.875","1.0973936899861287","2.7424021166250845","400"
"1","400","1","45","40","0","582","582","1.77","1.0973936899861438","3.178947607417731","400"
"1","400","1","45","40","0","583","583","1.735","1.0973936899861592","3.5864916636512234","400"
"1","400","1","45","40","0","584","584","1.765","1.0973936899861692","3.0763065968715573","400"
"1","400","1","45","40","0","585","585","1.82","1.0973936899861827","2.975889576020308","400"
"1","400","1","45","40","0","586","586","1.845","1.0973936899861956","2.8640474056898686","400"
"1","400","1","45","40","0","587","587","1.76","1.097393689986205","2.984144065190502","400"
"1","400","1","45","40","0","588","588","1.805","1.0973936899862111","2.822412828276172","400"
"1","400","1","45","40","0","589","589","1.825","1.0973936899862164","3.0593591484706266","400"
"1","400","1","45","40","0","590","590","1.835","1.0973936899862204","3.0660793522548118","400"
"1","400","1","45","40","0","591","591","1.77","1.0973936899862262","3.150019808148672","400"
"1","400","1","45","40","0","592","592","1.76","1.0973936899862373","3.1957301145236143","400"
"1","400","1","45","40","0","593","593","1.66","1.0973936899862384","3.490471198120512","400"
"1","400","1","45","40","0","594","594","1.585","1.0973936899862453","3.3215734596501414","400"
"1","400","1","45","40","0","595","595","1.685","1.0973936899862473","3.3622198963634635","400"
"1","400","1","45","40","0","596","596","1.775","1.097393689986248","3.342771802504575","400"
"1","400","1","45","40","0","597","597","1.735","1.0973936899862529","3.3916294233923674","400"
"1","400","1","45","40","0","598","598","1.79","1.097393689986259","3.309462052346029","400"
"1","400","1","45","40","0","599","599","1.695","1.0973936899862586","3.168496286697659","400"
"1","400","1","45","40","0","600","600","1.645","1.0973936899862609","2.9934666295579198","400"
"2","400","1","45","40","0","0","0","1.895","0","0","400"
"2","400","1","45","40","0","1","1","1.725","0.10973936899863264","1.125","400"
"2","400","1","45","40","0","2","2","1.69","0.20850480109739553","1.8843750000000001","400"
"2","400","1","45","40","0","3","3","1.66","0.29739368998628185","1.9286367187500002","400"
"2","400","1","45","40","0","4","4","1.745","0.37739368998628214","2.3275019531250005","400"
"2","400","1","45","40","0","5","5","1.68","0.44939368998628343","2.36633903503418","400"
"2","400","1","45","40","0","6","6","1.795","0.5141936899862832","2.530649683135987","400"
"2","400","1","45","40","0","7","7","1.83","0.5725136899862832","2.7008337005833627","400"
"2","400","1","45","40","0","8","8","1.915","0.6250016899862821","3.2681316854258724","400"
"2","400","1","45","40","0","9","9","1.88","0.6722408899862812","3.084908137505767","400"
"2","400","1","45","40","0","10","10","1.955","0.7147561699862829","3.167874312815653","400"
"2","400","1","45","40","0","11","11","1.915","0.7530199219862808","3.3834687829714976","400"
"2","400","1","45","40","0","12","12","1.96","0.7874572987862818","3.653789555513564","400"
"2","400","1","45","40","0","13","13","1.93","0.818450937906281","3.296435700005783","400"
"2","400","1","45","40","0","14","14","2.035","0.8463452131142831","3.472083544718397","400"
"2","400","1","45","40","0","15","15","2.2","0.8714500608014856","3.8866190160704814","400"
"2","400","1","45","40","0","16","16","2.275","0.8940444237199613","4.231349675092018","400"
"2","400","1","45","40","0","17","17","2.41","0.9143793503465925","4.667329186234632","400"
"2","400","1","45","40","0","18","18","2.54","0.9326807843105649","5.469274641874863","400"
"2","400","1","45","40","0","19","19","2.59","0.9491520748781357","4.867537211462557","400"
"2","400","1","45","40","0","20","20","2.72","0.9639762363889511","5.02127996513671","400"
"2","400","1","45","40","0","21","21","2.755","0.9773179817486808","5.752596301054607","400"
"2","400","1","45","40","0","22","22","2.89","0.9893255525724438","6.480604365591548","400"
"2","400","1","45","40","0","23","23","2.945","1.0001323663138264","6.062808534367115","400"
"2","400","1","45","40","0","24","24","3.155","1.00985849868107","5.970602719998598","400"
"2","400","1","45","40","0","25","25","3.3","1.0186120178115905","6.336621217101156","400"
"2","400","1","45","40","0","26","26","3.48","1.0264901850290618","6.8723531982229185","400"
"2","400","1","45","40","0","27","27","3.49","1.033580535524789","7.500737231265292","400"
"2","400","1","45","40","0","28","28","3.53","1.0399618509709312","7.063622544630334","400"
"2","400","1","45","40","0","29","29","3.715","1.0457050348724686","7.427058826818253","400"
"2","400","1","45","40","0","30","30","3.705","1.0508739003838503","7.742582402632291","400"
"2","400","1","45","40","0","31","31","4.045","1.0555258793440927","7.386715204828127","400"
"2","400","1","45","40","0","32","32","4.285","1.0597126604083147","6.935900954791046","400"
"2","400","1","45","40","0","33","33","4.375","1.0634807633661105","7.442298178740655","400"
"2","400","1","45","40","0","34","34","4.52","1.0668720560281257","7.4684719663076935","400"
"2","400","1","45","40","0","35","35","4.58","1.0699242194239444","7.767171639122789","400"
"2","400","1","45","40","0","36","36","4.46","1.072671166480171","7.939672157293969","400"
"2","400","1","45","40","0","37","37","4.435","1.0751434188307858","9.103699635078513","400"
"2","400","1","45","40","0","38","38","4.64","1.077368445946338","9.648818208708734","400"
"2","400","1","45","40","0","39","39","4.745","1.0793709703503305","9.41254133632748","400"
"2","400","1","45","40","0","40","40","4.82","1.0811732423139249","9.752060108823871","400"
"2","400","1","45","40","0","41","41","5.41","1.0827952870811628","9.455663168227264","400"
"2","400","1","45","40","0","42","42","5.83","1.084255127371673","11.444919497652174","400"
"2","400","1","45","40","0","43","43","6.025","1.0855689836331353","11.289244339887734","400"
"2","400","1","45","40","0","44","44","6.42","1.0867514542684529","11.685475990203152","400"
"2","400","1","45","40","0","45","45","6.44","1.0878156778402306","11.96003343126284","400"
"2","400","1","45","40","0","46","46","6.425","1.0887734790548376","10.969333358502029","400"
"2","400","1","45","40","0","47","47","6.22","1.0896355001479872","11.36123640101886","400"
"2","400","1","45","40","0","48","48","5.975","1.0904113191318099","10.7515646666717","400"
"2","400","1","45","40","0","49","49","5.955","1.0911095562172606","10.387187882712634","400"
"2","400","1","45","40","0","50","50","5.95","1.091737969594159","10.650988568108458","400"
"2","400","1","45","40","0","51","51","6.17","1.092303541633375","10.959544641582495","400"
"2","400","1","45","40","0","52","52","6.46","1.092812556468665","9.924645210375429","400"
"2","400","1","45","40","0","53","53","6.735","1.0932706698204278","10.272435194312123","400"
"2","400","1","45","40","0","54","54","6.79","1.0936829718370138","9.451820499697194","400"
"2","400","1","45","40","0","55","55","6.925","1.0940540436519388","10.42183539022102","400"
"2","400","1","45","40","0","56","56","6.94","1.0943880082853714","10.765877974522637","400"
"2","400","1","45","40","0","57","57","7.06","1.0946885764554628","11.618451385836114","400"
"2","400","1","45","40","0","58","58","7.31","1.0949590878085447","10.593064271170299","400"
"2","400","1","45","40","0","59","59","7.335","1.0952025480263212","10.997016247622701","400"
"2","400","1","45","40","0","60","60","7.035","1.0954216622223159","10.692934521306825","400"
"2","400","1","45","40","0","61","61","7.375","1.0956188649987155","10.312738349749518","400"
"2","400","1","45","40","0","62","62","7.735","1.09579634749747","11.386180931569438","400"
"2","400","1","45","40","0","63","63","8.055","1.0959560817463518","12.30794647518461","400"
"2","400","1","45","40","0","64","64","8.465","1.0960998425703454","12.240752716032626","400"
"2","400","1","45","40","0","65","65","9.02","1.096229227311938","11.980856355173954","400"
"2","400","1","45","40","0","66","66","9.44","1.0963456735793704","12.732707919741463","400"
"2","400","1","45","40","0","67","67","9.75","1.0964504752200614","13.768846073000198","400"
"2","400","1","45","40","0","68","68","9.74","1.0965447966966844","14.199868436966131","400"
"2","400","1","45","40","0","69","69","9.32","1.0966296860256446","13.972935603199645","400"
"2","400","1","45","40","0","70","70","9.18","1.0967060864217086","12.944386529628927","400"
"2","400","1","45","40","0","71","71","8.935","1.096774846778164","12.615916648228191","400"
"2","400","1","45","40","0","72","72","9.05","1.0968367310989762","13.220293283679155","400"
"2","400","1","45","40","0","73","73","9.525","1.0968924269877063","12.894516085890777","400"
"2","400","1","45","40","0","74","74","9.84","1.0969425532875663","14.106357158382929","400"
"2","400","1","45","40","0","75","75","9.87","1.0969876669574359","14.297217256949608","400"
"2","400","1","45","40","0","76","76","10.185","1.0970282692603233","15.145079550447882","400"
"2","400","1","45","40","0","77","77","10.475","1.0970648113329207","14.857955588610697","400"
"2","400","1","45","40","0","78","78","10.49","1.0970976991982613","16.22386380598038","400"
"2","400","1","45","40","0","79","79","10.62","1.0971272982770588","16.123959703491032","400"
"2","400","1","45","40","0","80","80","10.695","1.097153937447978","16.710275106725593","400"
"2","400","1","45","40","0","81","81","10.98","1.097177912701812","16.308927242352453","400"
"2","400","1","45","40","0","82","82","11.11","1.097199490430262","16.08154858446435","400"
"2","400","1","45","40","0","83","83","11.57","1.097218910385859","16.401825117468338","400"
"2","400","1","45","40","0","84","84","11.88","1.0972363883459038","16.989895354766777","400"
"2","400","1","45","40","0","85","85","12.22","1.0972521185099404","16.660007211469658","400"
"2","400","1","45","40","0","86","86","12.765","1.097266275657578","16.61433663872568","400"
"2","400","1","45","40","0","87","87","13.085","1.0972790170904476","16.310142257203733","400"
"2","400","1","45","40","0","88","88","12.84","1.097290484380026","16.308036899037095","400"
"2","400","1","45","40","0","89","89","12.89","1.0973008049406552","16.820214383757655","400"
"2","400","1","45","40","0","90","90","13.155","1.0973100934452227","17.64240539770701","400"
"2","400","1","45","40","0","91","91","13.125","1.0973184530993214","18.635690533766706","400"
"2","400","1","45","40","0","92","92","13.29","1.0973259767880141","18.26237024499814","400"
"2","400","1","45","40","0","93","93","13.25","1.0973327481078445","17.98420352069765","400"
"2","400","1","45","40","0","94","94","13.645","1.0973388422956907","19.816125197889853","400"
"2","400","1","45","40","0","95","95","14.285","1.0973443270647474","21.358225630075925","400"
"2","400","1","45","40","0","96","96","14.36","1.0973492633569073","20.193899185133006","400"
"2","400","1","45","40","0","97","97","14.38","1.0973537060198426","23.67347607878641","400"
"2","400","1","45","40","0","98","98","14.1","1.097357704416481","20.401340463209557","400"
"2","400","1","45","40","0","99","99","13.85","1.0973613029734617","21.091671599654006","400"
"2","400","1","45","40","0","100","100","14.21","1.0973645416747457","20.746019569716132","400"
"2","400","1","45","40","0","101","101","14.565","1.0973674565059013","19.83197238201256","400"
"2","400","1","45","40","0","102","102","14.94","1.0973700798539392","21.311757037794436","400"
"2","400","1","45","40","0","103","103","14.935","1.097372440867177","19.236542244731808","400"
"2","400","1","45","40","0","104","104","15.02","1.0973745657790837","20.919816500067807","400"
"2","400","1","45","40","0","105","105","15.29","1.0973764781998014","20.374951795002858","400"
"2","400","1","45","40","0","106","106","15.77","1.0973781993784508","21.78740918560828","400"
"2","400","1","45","40","0","107","107","15.63","1.0973797484392342","22.26983636723191","400"
"2","400","1","45","40","0","108","108","16.05","1.097381142593945","22.264614906878315","400"
"2","400","1","45","40","0","109","109","15.7","1.0973823973331753","22.066955674812593","400"
"2","400","1","45","40","0","110","110","15.415","1.097383526598485","19.84824230268618","400"
"2","400","1","45","40","0","111","111","14.77","1.0973845429372666","20.326230478559943","400"
"2","400","1","45","40","0","112","112","14.395","1.0973854576421673","18.69808992279008","400"
"2","400","1","45","40","0","113","113","14.245","1.0973862808765802","19.633550160271326","400"
"2","400","1","45","40","0","114","114","14.645","1.0973870217875532","19.406505192677837","400"
"2","400","1","45","40","0","115","115","15.055","1.0973876886074194","18.775500563078378","400"
"2","400","1","45","40","0","116","116","15.935","1.0973882887453104","19.32199418596344","400"
"2","400","1","45","40","0","117","117","16.56","1.097388828869404","20.254500758672624","400"
"2","400","1","45","40","0","118","118","16.22","1.0973893149810932","22.022567611267487","400"
"2","400","1","45","40","0","119","119","16.145","1.097389752481609","21.20666943671376","400"
"2","400","1","45","40","0","120","120","16.52","1.0973901462320808","21.52105419280261","400"
"2","400","1","45","40","0","121","121","16.19","1.0973905006075002","21.32689559844118","400"
"2","400","1","45","40","0","122","122","16.255","1.0973908195453765","20.711747883443163","400"
"2","400","1","45","40","0","123","123","16.275","1.097391106589467","21.807261439585826","400"
"2","400","1","45","40","0","124","124","15.71","1.0973913649291531","20.935413676091006","400"
"2","400","1","45","40","0","125","125","15.715","1.097391597434866","20.6634953450491","400"
"2","400","1","45","40","0","126","126","16.3","1.0973918066900044","21.689832703457814","400"
"2","400","1","45","40","0","127","127","16.52","1.0973919950196345","21.708510106921867","400"
"2","400","1","45","40","0","128","128","16.915","1.0973921645162987","22.354767902002084","400"
"2","400","1","45","40","0","129","129","17.055","1.0973923170632907","21.983017489678275","400"
"2","400","1","45","40","0","130","130","16.755","1.0973924543555975","22.201500543793227","400"
"2","400","1","45","40","0","131","131","16.41","1.0973925779186626","22.792771403351942","400"
"2","400","1","45","40","0","132","132","16.485","1.0973926891254244","22.625197117104058","400"
"2","400","1","45","40","0","133","133","16.415","1.0973927892115107","21.892601750939672","400"
"2","400","1","45","40","0","134","134","16.565","1.097392879288986","21.952642559566513","400"
"2","400","1","45","40","0","135","135","16.745","1.0973929603587167","22.58285586162081","400"
"2","400","1","45","40","0","136","136","16.615","1.0973930333214743","21.051400017522386","400"
"2","400","1","45","40","0","137","137","16.685","1.0973930989879594","22.209458852301204","400"
"2","400","1","45","40","0","138","138","16.555","1.0973931580877896","21.384428255722558","400"
"2","400","1","45","40","0","139","139","16.43","1.0973932112776354","23.389181655415044","400"
"2","400","1","45","40","0","140","140","16.44","1.0973932591485007","21.188949023362756","400"
"2","400","1","45","40","0","141","141","16.59","1.0973933022322848","21.548578269355623","400"
"2","400","1","45","40","0","142","142","16.88","1.0973933410076795","22.441760701094328","400"
"2","400","1","45","40","0","143","143","17.375","1.0973933759055392","24.544331092024617","400"
"2","400","1","45","40","0","144","144","16.83","1.0973934073136122","21.747662515980185","400"
"2","400","1","45","40","0","145","145","16.21","1.0973934355808843","21.582707403018127","400"
"2","400","1","45","40","0","146","146","15.875","1.0973934610214222","21.25146600834129","400"
"2","400","1","45","40","0","147","147","15.865","1.0973934839179076","20.213701973598663","400"
"2","400","1","45","40","0","148","148","15.71","1.0973935045247427","20.60090236357791","400"
"2","400","1","45","40","0","149","149","15.43","1.0973935230708987","22.140649366369242","400"
"2","400","1","45","40","0","150","150","16.165","1.0973935397624381","20.90829141016168","400"
"2","400","1","45","40","0","151","151","16.385","1.0973935547848195","23.001610901166096","400"
"2","400","1","45","40","0","152","152","16.63","1.0973935683049685","21.66728857483952","400"
"2","400","1","45","40","0","153","153","17.095","1.0973935804730985","22.344914907414907","400"
"2","400","1","45","40","0","154","154","16.47","1.097393591424419","22.179308886743385","400"
"2","400","1","45","40","0","155","155","16.425","1.0973936012806067","21.334634610441437","400"
"2","400","1","45","40","0","156","156","16.66","1.097393610151171","21.79585358482085","400"
"2","400","1","45","40","0","157","157","17.555","1.0973936181346855","21.92872247198641","400"
"2","400","1","45","40","0","158","158","18.03","1.0973936253198449","22.03154056593987","400"
"2","400","1","45","40","0","159","159","18.63","1.097393631786484","24.46088017526932","400"
"2","400","1","45","40","0","160","160","18.645","1.097393637606469","23.815909713513374","400"
"2","400","1","45","40","0","161","161","18.295","1.097393642844449","23.403235155259914","400"
"2","400","1","45","40","0","162","162","18.085","1.097393647558633","24.168499976715818","400"
"2","400","1","45","40","0","163","163","17.83","1.097393651801396","22.914365998459406","400"
"2","400","1","45","40","0","164","164","18.445","1.0973936556198878","24.015943383042085","400"
"2","400","1","45","40","0","165","165","18.84","1.0973936590565265","22.8149358326455","400"
"2","400","1","45","40","0","166","166","18.635","1.0973936621494995","24.323010924918368","400"
"2","400","1","45","40","0","167","167","18.79","1.0973936649331812","22.65735585115668","400"
"2","400","1","45","40","0","168","168","18.525","1.0973936674384885","23.60879669664889","400"
"2","400","1","45","40","0","169","169","18.38","1.0973936696932702","21.895043912226328","400"
"2","400","1","45","40","0","170","170","18.185","1.0973936717225683","23.795796368406275","400"
"2","400","1","45","40","0","171","171","18.475","1.0973936735489436","22.28903231946342","400"
"2","400","1","45","40","0","172","172","18.875","1.0973936751926714","23.202250292178274","400"
"2","400","1","45","40","0","173","173","18.74","1.0973936766720367","22.434470218516132","400"
"2","400","1","45","40","0","174","174","18.19","1.0973936780034579","22.43075307999752","400"
"2","400","1","45","40","0","175","175","18.295","1.0973936792017442","22.374391655096424","400"
"2","400","1","45","40","0","176","176","18.685","1.0973936802801987","23.14348213611826","400"
"2","400","1","45","40","0","177","177","18.875","1.0973936812508045","23.212751957541894","400"
"2","400","1","45","40","0","178","178","18.905","1.0973936821243533","23.305210653703973","400"
"2","400","1","45","40","0","179","179","19.155","1.0973936829105482","25.08874751053121","400"
"2","400","1","45","40","0","180","180","18.9","1.0973936836181197","26.10357198749084","400"
"2","400","1","45","40","0","181","181","18.8","1.0973936842549386","25.221386919484","400"
"2","400","1","45","40","0","182","182","18.565","1.0973936848280692","24.582313684504562","400"
"2","400","1","45","40","0","183","183","18.885","1.097393685343892","25.699880383350315","400"
"2","400","1","45","40","0","184","184","18.98","1.097393685808133","24.45726143570016","400"
"2","400","1","45","40","0","185","185","19.035","1.097393686225944","24.276457301588554","400"
"2","400","1","45","40","0","186","186","18.85","1.0973936866019787","24.046353864917055","400"
"2","400","1","45","40","0","187","187","18.645","1.0973936869404097","24.41995789077827","400"
"2","400","1","45","40","0","188","188","18.225","1.097393687244999","23.59993822168796","400"
"2","400","1","45","40","0","189","189","18.27","1.097393687519128","23.151262992551768","400"
"2","400","1","45","40","0","190","190","18.925","1.097393687765845","22.910682651171765","400"
"2","400","1","45","40","0","191","191","19.355","1.0973936879878852","23.41337296373677","400"
"2","400","1","45","40","0","192","192","20.075","1.09739368818773","22.91365501118782","400"
"2","400","1","45","40","0","193","193","20.285","1.0973936883675777","23.626083423712824","400"
"2","400","1","45","40","0","194","194","20.145","1.0973936885294542","22.923852414826026","400"
"2","400","1","45","40","0","195","195","19.8","1.0973936886751339","24.001384358582936","400"
"2","400","1","45","40","0","196","196","19.31","1.0973936888062474","23.87204596159737","400"
"2","400","1","45","40","0","197","197","18.895","1.0973936889242542","21.735665415732832","400"
"2","400","1","45","40","0","198","198","18.64","1.0973936890304539","24.024995262486776","400"
"2","400","1","45","40","0","199","199","18.515","1.0973936891260367","24.023726174511445","400"
"2","400","1","45","40","0","200","200","18.925","1.0973936892120595","24.696473194812082","400"
"2","400","1","45","40","0","201","201","19.46","1.0973936892894802","24.138837658236522","400"
"2","400","1","45","40","0","202","202","19.335","1.097393689359164","24.524998412994556","400"
"2","400","1","45","40","0","203","203","19.73","1.0973936894218768","23.909383159441187","400"
"2","400","1","45","40","0","204","204","20.21","1.0973936894783185","24.817380846993533","400"
"2","400","1","45","40","0","205","205","20.745","1.0973936895291105","23.839302824188934","400"
"2","400","1","45","40","0","206","206","20.58","1.0973936895748333","24.966922836421762","400"
"2","400","1","45","40","0","207","207","20.62","1.0973936896159733","26.14156762184376","400"
"2","400","1","45","40","0","208","208","21.045","1.0973936896530072","27.43056227198456","400"
"2","400","1","45","40","0","209","209","21.34","1.0973936896863328","27.294519943329558","400"
"2","400","1","45","40","0","210","210","21.635","1.097393689716326","29.464955089749793","400"
"2","400","1","45","40","0","211","211","21.355","1.097393689743324","28.876699781639854","400"
"2","400","1","45","40","0","212","212","20.84","1.0973936897676195","28.18068251842417","400"
"2","400","1","45","40","0","213","213","20.595","1.0973936897894836","25.303948037643984","400"
"2","400","1","45","40","0","214","214","21.185","1.0973936898091659","25.461740223093265","400"
"2","400","1","45","40","0","215","215","21.775","1.0973936898268752","27.301219150292543","400"
"2","400","1","45","40","0","216","216","22.27","1.097393689842816","27.2987660876194","400"
"2","400","1","45","40","0","217","217","22.07","1.0973936898571675","25.84483809518056","400"
"2","400","1","45","40","0","218","218","21.725","1.0973936898700785","25.3517160616596","400"
"2","400","1","45","40","0","219","219","22.305","1.0973936898816956","26.625413243103562","400"
"2","400","1","45","40","0","220","220","22.43","1.097393689892158","25.899973737077264","400"
"2","400","1","45","40","0","221","221","22.375","1.0973936899015742","27.03904659466949","400"
"2","400","1","45","40","0","222","222","22.21","1.0973936899100394","28.891380864245043","400"
"2","400","1","45","40","0","223","223","21.695","1.0973936899176628","26.842024658795737","400"
"2","400","1","45","40","0","224","224","21.96","1.0973936899245245","26.373160189130374","400"
"2","400","1","45","40","0","225","225","21.995","1.0973936899307009","26.133278818968947","400"
"2","400","1","45","40","0","226","226","22.68","1.0973936899362597","25.005039760254014","400"
"2","400","1","45","40","0","227","227","23.965","1.0973936899412635","25.396618006476498","400"
"2","400","1","45","40","0","228","228","24.54","1.0973936899457613","26.66790600366916","400"
"2","400","1","45","40","0","229","229","25.24","1.0973936899498158","29.035067095838073","400"
"2","400","1","45","40","0","230","230","25","1.0973936899534622","29.851310777032186","400"
"2","400","1","45","40","0","231","231","24.11","1.0973936899567465","28.96776469139407","400"
"2","400","1","45","40","0","232","232","23.515","1.0973936899597014","30.134576830030614","400"
"2","400","1","45","40","0","233","233","23.52","1.0973936899623586","28.4127537623143","400"
"2","400","1","45","40","0","234","234","24.025","1.097393689964748","28.715687629779342","400"
"2","400","1","45","40","0","235","235","25.085","1.0973936899669015","28.216514074967296","400"
"2","400","1","45","40","0","236","236","24.95","1.0973936899688461","31.415421037196246","400"
"2","400","1","45","40","0","237","237","25.465","1.0973936899705852","30.398386875620233","400"
"2","400","1","45","40","0","238","238","25.73","1.097393689972158","30.98143755521879","400"
"2","400","1","45","40","0","239","239","25.435","1.0973936899735703","31.72154354473869","400"
"2","400","1","45","40","0","240","240","25.29","1.097393689974837","29.85971490506669","400"
"2","400","1","45","40","0","241","241","25.355","1.0973936899759849","29.680551873753572","400"
"2","400","1","45","40","0","242","242","25.99","1.0973936899770116","29.396502883176474","400"
"2","400","1","45","40","0","243","243","26.685","1.097393689977942","28.224311802992194","400"
"2","400","1","45","40","0","244","244","26.105","1.097393689978775","28.874474743023114","400"
"2","400","1","45","40","0","245","245","25.49","1.0973936899795242","28.711085872393454","400"
"2","400","1","45","40","0","246","246","24.88","1.0973936899802075","29.53116540942121","400"
"2","400","1","45","40","0","247","247","25.11","1.0973936899808114","30.849045202370984","400"
"2","400","1","45","40","0","248","248","25.335","1.097393689981365","29.72942192596253","400"
"2","400","1","45","40","0","249","249","26.015","1.0973936899818473","31.743643363469978","400"
"2","400","1","45","40","0","250","250","26.46","1.0973936899822931","29.926645278863326","400"
"2","400","1","45","40","0","251","251","26.995","1.0973936899826922","29.604120396276716","400"
"2","400","1","45","40","0","252","252","27.225","1.0973936899830492","31.62350206907017","400"
"2","400","1","45","40","0","253","253","28.155","1.0973936899833765","31.256357322305078","400"
"2","400","1","45","40","0","254","254","28.73","1.097393689983666","30.921946682094383","400"
"2","400","1","45","40","0","255","255","28.89","1.0973936899839296","31.198611425444987","400"
"2","400","1","45","40","0","256","256","29.36","1.0973936899841612","31.559611415407474","400"
"2","400","1","45","40","0","257","257","28.76","1.0973936899843721","32.153643973354875","400"
"2","400","1","45","40","0","258","258","28.175","1.0973936899845644","32.522583034182595","400"
"2","400","1","45","40","0","259","259","28.5","1.0973936899847347","33.1251450159365","400"
"2","400","1","45","40","0","260","260","28.65","1.0973936899848982","31.289472288747053","400"
"2","400","1","45","40","0","261","261","28.78","1.097393689985029","32.30417139116782","400"
"2","400","1","45","40","0","262","262","28.59","1.097393689985155","32.26026836937748","400"
"2","400","1","45","40","0","263","263","28.475","1.0973936899852705","33.03535582589177","400"
"2","400","1","45","40","0","264","264","28.945","1.0973936899853736","32.23965857955738","400"
"2","400","1","45","40","0","265","265","30.375","1.0973936899854637","32.36969948793119","400"
"2","400","1","45","40","0","266","266","31.04","1.0973936899855448","33.252049926175395","400"
"2","400","1","45","40","0","267","267","31.67","1.0973936899856185","34.1157940955727","400"
"2","400","1","45","40","0","268","268","32.05","1.0973936899856866","33.85394899663387","400"
"2","400","1","45","40","0","269","269","31.4","1.0973936899857437","34.704509029371295","400"
"2","400","1","45","40","0","270","270","30.745","1.097393689985799","33.97590988247923","400"
"2","400","1","45","40","0","271","271","30.395","1.0973936899858427","34.26724366501197","400"
"2","400","1","45","40","0","272","272","30.085","1.0973936899858892","35.25790038372573","400"
"2","400","1","45","40","0","273","273","31.47","1.0973936899859271","36.841920530365826","400"
"2","400","1","45","40","0","274","274","32.575","1.0973936899859644","36.490520866819416","400"
"2","400","1","45","40","0","275","275","33.38","1.0973936899859986","39.87174064591588","400"
"2","400","1","45","40","0","276","276","33.235","1.0973936899860268","36.8378075591232","400"
"2","400","1","45","40","0","277","277","32.375","1.0973936899860515","38.293089798550895","400"
"2","400","1","45","40","0","278","278","31.46","1.0973936899860712","34.306904889318304","400"
"2","400","1","45","40","0","279","279","29.825","1.0973936899860954","35.063052911271335","400"
"2","400","1","45","40","0","280","280","28.8","1.0973936899861125","34.25245586005195","400"
"2","400","1","45","40","0","281","281","29.09","1.0973936899861316","35.39609478733655","400"
"2","400","1","45","40","0","282","282","29.115","1.0973936899861496","34.539188939746985","400"
"2","400","1","45","40","0","283","283","29.5","1.0973936899861596","34.27007793814484","400"
"2","400","1","45","40","0","284","284","30.135","1.0973936899861745","33.67586077453831","400"
"2","400","1","45","40","0","285","285","31.665","1.097393689986182","33.55290270756898","400"
"2","400","1","45","40","0","286","286","33.06","1.0973936899861891","35.20882430491489","400"
"2","400","1","45","40","0","287","287","34.235","1.0973936899862","35.42068209040038","400"
"2","400","1","45","40","0","288","288","35.18","1.097393689986208","36.49179373849353","400"
"2","400","1","45","40","0","289","289","35.155","1.0973936899862151","37.4145081712235","400"
"2","400","1","45","40","0","290","290","33.595","1.09739368998622","37.07636882600953","400"
"2","400","1","45","40","0","291","291","32.12","1.0973936899862324","37.029873579295426","400"
"2","400","1","45","40","0","292","292","32.085","1.0973936899862413","33.70248430965723","400"
"2","400","1","45","40","0","293","293","32.795","1.0973936899862355","33.695508380895355","400"
"2","400","1","45","40","0","294","294","33.105","1.0973936899862458","34.31234327313679","400"
"2","400","1","45","40","0","295","295","33.195","1.0973936899862493","38.99697499465024","400"
"2","400","1","45","40","0","296","296","31.955","1.0973936899862546","35.218488958282975","400"
"2","400","1","45","40","0","297","297","31.12","1.097393689986252","38.6027908768597","400"
"2","400","1","45","40","0","298","298","30.605","1.0973936899862557","34.738374411147014","400"
"2","400","1","45","40","0","299","299","30.665","1.0973936899862602","34.68843319731092","400"
"2","400","1","45","40","0","300","300","30.865","1.097393689986262","33.39219103399585","400"
"2","400","1","45","40","0","301","301","0.62","0.10973936899863397","0.675","400"
"2","400","1","45","40","0","302","302","0.9","0.20850480109739758","1.1053125000000001","400"
"2","400","1","45","40","0","303","303","1.495","0.2973936899862809","1.30088671875","400"
"2","400","1","45","40","0","304","304","1.92","0.3773936899862813","1.9692351562500001","400"
"2","400","1","45","40","0","305","305","1.9","0.4493936899862813","2.5655996887207033","400"
"2","400","1","45","40","0","306","306","1.725","0.5141936899862819","2.3684601342315674","400"
"2","400","1","45","40","0","307","307","1.445","0.5725136899862835","2.189556586471653","400"
"2","400","1","45","40","0","308","308","1.4","0.6250016899862837","2.1836368513106845","400"
"2","400","1","45","40","0","309","309","1.435","0.6722408899862827","2.210975683562979","400"
"2","400","1","45","40","0","310","310","1.51","0.7147561699862819","2.3303724684471887","400"
"2","400","1","45","40","0","311","311","1.565","0.7530199219862848","2.21079214621885","400"
"2","400","1","45","40","0","312","312","1.58","0.7874572987862847","2.1728600394085364","400"
"2","400","1","45","40","0","313","313","1.6","0.8184509379062841","2.1760787429906703","400"
"2","400","1","45","40","0","314","314","1.67","0.8463452131142838","2.544634189418304","400"
"2","400","1","45","40","0","315","315","1.67","0.8714500608014805","2.7720211589680632","400"
"2","400","1","45","40","0","316","316","1.655","0.8940444237199621","3.0344471773659882","400"
"2","400","1","45","40","0","317","317","1.62","0.9143793503465931","2.8581866973109844","400"
"2","400","1","45","40","0","318","318","1.595","0.9326807843105638","3.146302431683178","400"
"2","400","1","45","40","0","319","319","1.78","0.9491520748781364","3.4082247056795247","400"
"2","400","1","45","40","0","320","320","1.845","0.9639762363889517","3.5821545631172373","400"
"2","400","1","45","40","0","321","321","1.785","0.9773179817486816","3.011969008874742","400"
"2","400","1","45","40","0","322","322","1.77","0.9893255525724424","2.803082953005063","400"
"2","400","1","45","40","0","323","323","1.775","1.0001323663138286","3.0182856912165805","400"
"2","400","1","45","40","0","324","324","1.8","1.0098584986810752","3.366938281301195","400"
"2","400","1","45","40","0","325","325","1.85","1.0186120178115934","3.419225393264337","400"
"2","400","1","45","40","0","326","326","1.685","1.0264901850290635","3.3530575727511476","400"
"2","400","1","45","40","0","327","327","1.665","1.0335805355247836","3.005232062306641","400"
"2","400","1","45","40","0","328","328","1.645","1.0399618509709339","2.9389911147460626","400"
"2","400","1","45","40","0","329","329","1.58","1.0457050348724723","2.694926104535067","400"
"2","400","1","45","40","0","330","330","1.695","1.0508739003838512","2.859895163667458","400"
"2","400","1","45","40","0","331","331","1.685","1.0555258793440938","2.6353675844604227","400"
"2","400","1","45","40","0","332","332","1.6","1.0597126604083138","2.642679427609231","400"
"2","400","1","45","40","0","333","333","1.61","1.0634807633661099","2.5964559922797705","400"
"2","400","1","45","40","0","334","334","1.55","1.0668720560281284","2.5222713626873827","400"
"2","400","1","45","40","0","335","335","1.655","1.0699242194239442","2.68624103306384","400"
"2","400","1","45","40","0","336","336","1.67","1.0726711664801756","2.5944921041666182","400"
"2","400","1","45","40","0","337","337","1.655","1.0751434188307847","2.5636345346289304","400"
"2","400","1","45","40","0","338","338","1.65","1.077368445946338","2.6124074954425693","400"
"2","400","1","45","40","0","339","339","1.645","1.0793709703503311","2.846315288145007","400"
"2","400","1","45","40","0","340","340","1.745","1.0811732423139278","3.053773304088939","400"
"2","400","1","45","40","0","341","341","1.895","1.0827952870811592","3.0620227246650207","400"
"2","400","1","45","40","0","342","342","1.81","1.084255127371673","3.4400148068674747","400"
"2","400","1","45","40","0","343","343","1.79","1.085568983633131","3.263647166817669","400"
"2","400","1","45","40","0","344","344","1.82","1.0867514542684489","3.7316670729595085","400"
"2","400","1","45","40","0","345","345","1.825","1.0878156778402317","3.3685992040592647","400"
"2","400","1","45","40","0","346","346","1.82","1.088773479054836","2.9839516291400234","400"
"2","400","1","45","40","0","347","347","1.71","1.0896355001479812","3.0591295110031926","400"
"2","400","1","45","40","0","348","348","1.79","1.0904113191318106","3.080768292599214","400"
"2","400","1","45","40","0","349","349","1.77","1.0911095562172577","2.904278584030183","400"
"2","400","1","45","40","0","350","350","1.635","1.0917379695941658","3.0447196180778673","400"
"2","400","1","45","40","0","351","351","1.59","1.0923035416333764","2.9690959863111375","400"
"2","400","1","45","40","0","352","352","1.53","1.0928125564686655","2.958763524503302","400"
"2","400","1","45","40","0","353","353","1.57","1.0932706698204306","2.8486397072868224","400"
"2","400","1","45","40","0","354","354","1.66","1.0936829718370162","3.1755704051308364","400"
"2","400","1","45","40","0","355","355","1.67","1.0940540436519401","3.1026629309781986","400"
"2","400","1","45","40","0","356","356","1.65","1.0943880082853743","2.907985902525822","400"
"2","400","1","45","40","0","357","357","1.61","1.094688576455459","2.8459681976799676","400"
"2","400","1","45","40","0","358","358","1.54","1.0949590878085413","2.913049676595007","400"
"2","400","1","45","40","0","359","359","1.535","1.095202548026317","2.892568204771303","400"
"2","400","1","45","40","0","360","360","1.545","1.095421662222315","2.7518542200424614","400"
"2","400","1","45","40","0","361","361","1.69","1.0956188649987133","2.9998355999572275","400"
"2","400","1","45","40","0","362","362","1.71","1.095796347497473","3.003500171361367","400"
"2","400","1","45","40","0","363","363","1.755","1.095956081746353","3.1707051546827123","400"
"2","400","1","45","40","0","364","364","1.75","1.0960998425703452","2.9216804104941994","400"
"2","400","1","45","40","0","365","365","1.7","1.0962292273119354","3.183179727161956","400"
"2","400","1","45","40","0","366","366","1.795","1.0963456735793733","3.031344413202161","400"
"2","400","1","45","40","0","367","367","1.825","1.0964504752200623","2.941038437499335","400"
"2","400","1","45","40","0","368","368","1.83","1.0965447966966846","3.2774918737381404","400"
"2","400","1","45","40","0","369","369","1.74","1.0966296860256453","3.4495442428713936","400"
"2","400","1","45","40","0","370","370","1.595","1.0967060864217073","3.144267028242294","400"
"2","400","1","45","40","0","371","371","1.73","1.0967748467781686","2.911911246566517","400"
"2","400","1","45","40","0","372","372","1.785","1.0968367310989826","2.9373085324311625","400"
"2","400","1","45","40","0","373","373","1.87","1.0968924269877072","2.848115025780922","400"
"2","400","1","45","40","0","374","374","1.835","1.096942553287568","2.739272700894073","400"
"2","400","1","45","40","0","375","375","1.74","1.0969876669574392","3.055314339313221","400"
"2","400","1","45","40","0","376","376","1.75","1.0970282692603284","2.8305422898072186","400"
"2","400","1","45","40","0","377","377","1.745","1.0970648113329173","3.2416799652414077","400"
"2","400","1","45","40","0","378","378","1.64","1.0970976991982528","3.2714785027738063","400"
"2","400","1","45","40","0","379","379","1.655","1.097127298277059","3.252928641018648","400"
"2","400","1","45","40","0","380","380","1.695","1.097153937447982","2.8161625188920056","400"
"2","400","1","45","40","0","381","381","1.73","1.0971779127018098","2.7922517445783774","400"
"2","400","1","45","40","0","382","382","1.685","1.0971994904302627","2.8792770737226165","400"
"2","400","1","45","40","0","383","383","1.66","1.0972189103858623","2.791753297495877","400"
"2","400","1","45","40","0","384","384","1.65","1.0972363883459042","2.868783450450963","400"
"2","400","1","45","40","0","385","385","1.655","1.0972521185099435","2.7924220373391444","400"
"2","400","1","45","40","0","386","386","1.645","1.0972662756575764","2.773820698873061","400"
"2","400","1","45","40","0","387","387","1.68","1.0972790170904432","3.0916429930690774","400"
"2","400","1","45","40","0","388","388","1.77","1.0972904843800284","2.753704248146969","400"
"2","400","1","45","40","0","389","389","1.855","1.09730080494065","2.951085417840401","400"
"2","400","1","45","40","0","390","390","1.865","1.0973100934452178","3.116352902360764","400"
"2","400","1","45","40","0","391","391","1.755","1.0973184530993256","3.233992460779218","400"
"2","400","1","45","40","0","392","392","1.65","1.09732597678802","2.785912137067773","400"
"2","400","1","45","40","0","393","393","1.625","1.0973327481078476","2.728640464552428","400"
"2","400","1","45","40","0","394","394","1.675","1.0973388422956885","2.8592235636430723","400"
"2","400","1","45","40","0","395","395","1.64","1.0973443270647456","2.879880257423901","400"
"2","400","1","45","40","0","396","396","1.705","1.0973492633569046","2.9502585150399407","400"
"2","400","1","45","40","0","397","397","1.685","1.0973537060198404","3.0345672130776586","400"
"2","400","1","45","40","0","398","398","1.665","1.097357704416482","3.491275114069481","400"
"2","400","1","45","40","0","399","399","1.775","1.0973613029734648","3.5585509574954624","400"
"2","400","1","45","40","0","400","400","1.61","1.0973645416747446","3.386278529955701","400"
"2","400","1","45","40","0","401","401","1.725","1.0973674565059013","3.08060762952553","400"
"2","400","1","45","40","0","402","402","1.65","1.0973700798539376","2.918919819129361","400"
"2","400","1","45","40","0","403","403","1.64","1.0973724408671688","2.638557049921487","400"
"2","400","1","45","40","0","404","404","1.6","1.0973745657790859","2.6199523609071154","400"
"2","400","1","45","40","0","405","405","1.605","1.097376478199805","2.7427126050859716","400"
"2","400","1","45","40","0","406","406","1.63","1.0973781993784526","2.741875397241609","400"
"2","400","1","45","40","0","407","407","1.655","1.097379748439234","2.7966678012452775","400"
"2","400","1","45","40","0","408","408","1.66","1.0973811425939408","3.0100400910605094","400"
"2","400","1","45","40","0","409","409","1.685","1.0973823973331767","3.4576730457355938","400"
"2","400","1","45","40","0","410","410","1.685","1.0973835265984846","3.3945038375288186","400"
"2","400","1","45","40","0","411","411","1.805","1.0973845429372666","3.047167447563987","400"
"2","400","1","45","40","0","412","412","1.84","1.0973854576421667","3.2421312434494998","400"
"2","400","1","45","40","0","413","413","1.81","1.09738628087658","3.097408461761417","400"
"2","400","1","45","40","0","414","414","1.695","1.0973870217875448","3.220298223836413","400"
"2","400","1","45","40","0","415","415","1.7","1.0973876886074223","3.0916920274490587","400"
"2","400","1","45","40","0","416","416","1.725","1.097388288745307","2.955284176715862","400"
"2","400","1","45","40","0","417","417","1.685","1.0973888288694054","2.909727473329633","400"
"2","400","1","45","40","0","418","418","1.59","1.0973893149810914","2.8224678765188256","400"
"2","400","1","45","40","0","419","419","1.625","1.0973897524816119","2.7950623282227682","400"
"2","400","1","45","40","0","420","420","1.71","1.097390146232075","2.8609461765048474","400"
"2","400","1","45","40","0","421","421","1.66","1.0973905006075","2.7766047444706605","400"
"2","400","1","45","40","0","422","422","1.715","1.0973908195453839","2.800338179373343","400"
"2","400","1","45","40","0","423","423","1.73","1.0973911065894688","2.806573321265157","400"
"2","400","1","45","40","0","424","424","1.72","1.0973913649291487","2.6891059110232525","400"
"2","400","1","45","40","0","425","425","1.785","1.0973915974348618","2.656775848494096","400"
"2","400","1","45","40","0","426","426","1.825","1.097391806690004","2.9600931830241666","400"
"2","400","1","45","40","0","427","427","1.755","1.0973919950196305","3.091708507413381","400"
"2","400","1","45","40","0","428","428","1.785","1.0973921645163023","3.0873842890570296","400"
"2","400","1","45","40","0","429","429","1.81","1.0973923170632987","3.156035573768544","400"
"2","400","1","45","40","0","430","430","1.72","1.0973924543555948","2.9541929000355416","400"
"2","400","1","45","40","0","431","431","1.765","1.0973925779186644","2.9774283128889456","400"
"2","400","1","45","40","0","432","432","1.745","1.0973926891254264","3.243861392045234","400"
"2","400","1","45","40","0","433","433","1.785","1.0973927892115136","3.349718368301053","400"
"2","400","1","45","40","0","434","434","1.745","1.0973928792889882","3.158934749386576","400"
"2","400","1","45","40","0","435","435","1.68","1.0973929603587218","2.841952378171221","400"
"2","400","1","45","40","0","436","436","1.68","1.097393033321472","2.7582741270796607","400"
"2","400","1","45","40","0","437","437","1.65","1.0973930989879555","2.6959824588121353","400"
"2","400","1","45","40","0","438","438","1.825","1.0973931580877876","2.897497442403255","400"
"2","400","1","45","40","0","439","439","1.88","1.0973932112776337","3.277792258064654","400"
"2","400","1","45","40","0","440","440","1.885","1.0973932591485032","3.1915861061667083","400"
"2","400","1","45","40","0","441","441","1.81","1.097393302232278","3.6148208314446544","400"
"2","400","1","45","40","0","442","442","1.79","1.0973933410076806","3.7843556574539052","400"
"2","400","1","45","40","0","443","443","1.815","1.0973933759055408","3.421786107393754","400"
"2","400","1","45","40","0","444","444","1.8","1.0973934073136133","3.435282994520312","400"
"2","400","1","45","40","0","445","445","1.81","1.0973934355808783","3.572036839429932","400"
"2","400","1","45","40","0","446","446","1.795","1.097393461021421","3.5566411103181235","400"
"2","400","1","45","40","0","447","447","1.715","1.0973934839179087","3.272078962383866","400"
"2","400","1","45","40","0","448","448","1.7","1.097393504524745","3.0553325082117517","400"
"2","400","1","45","40","0","449","449","1.875","1.0973935230709015","3.3148835135296575","400"
"2","400","1","45","40","0","450","450","1.95","1.097393539762434","2.920071675228958","400"
"2","400","1","45","40","0","451","451","1.9","1.0973935547848224","3.0108209193557784","400"
"2","400","1","45","40","0","452","452","1.78","1.0973935683049696","3.027416282751135","400"
"2","400","1","45","40","0","453","453","1.77","1.0973935804731012","3.1038699080798007","400"
"2","400","1","45","40","0","454","454","1.68","1.0973935914244222","2.7268159468826805","400"
"2","400","1","45","40","0","455","455","1.64","1.0973936012806034","2.716385507305664","400"
"2","400","1","45","40","0","456","456","1.775","1.0973936101511732","3.1861652512139615","400"
"2","400","1","45","40","0","457","457","1.805","1.0973936181346853","2.999906736508165","400"
"2","400","1","45","40","0","458","458","1.755","1.0973936253198424","2.9300346540107047","400"
"2","400","1","45","40","0","459","459","1.705","1.0973936317864847","2.731028692949234","400"
"2","400","1","45","40","0","460","460","1.715","1.0973936376064655","2.78657905237263","400"
"2","400","1","45","40","0","461","461","1.715","1.0973936428444466","3.311532781734713","400"
"2","400","1","45","40","0","462","462","1.71","1.0973936475586308","3.2560244581138806","400"
"2","400","1","45","40","0","463","463","1.585","1.097393651801395","2.8355884983834967","400"
"2","400","1","45","40","0","464","464","1.65","1.0973936556198909","2.6360651249385874","400"
"2","400","1","45","40","0","465","465","1.695","1.0973936590565248","2.928731837551809","400"
"2","400","1","45","40","0","466","466","1.71","1.0973936621494964","3.2519923862907727","400"
"2","400","1","45","40","0","467","467","1.72","1.097393664933175","3.0258648088494122","400"
"2","400","1","45","40","0","468","468","1.735","1.0973936674384879","2.9883162895884348","400"
"2","400","1","45","40","0","469","469","1.715","1.0973936696932698","2.685700699076078","400"
"2","400","1","45","40","0","470","470","1.71","1.0973936717225736","2.7747963516532392","400"
"2","400","1","45","40","0","471","471","1.71","1.0973936735489411","2.8084850826800056","400"
"2","400","1","45","40","0","472","472","1.67","1.0973936751926696","2.6057043845958443","400"
"2","400","1","45","40","0","473","473","1.645","1.0973936766720378","2.8765216809275826","400"
"2","400","1","45","40","0","474","474","1.69","1.0973936780034583","2.8951917472920825","400"
"2","400","1","45","40","0","475","475","1.745","1.097393679201746","2.947884461684999","400"
"2","400","1","45","40","0","476","476","1.86","1.0973936802801991","3.3685050755880397","400"
"2","400","1","45","40","0","477","477","1.73","1.09739368125081","3.0391679368024422","400"
"2","400","1","45","40","0","478","478","1.62","1.0973936821243537","2.8614386719294154","400"
"2","400","1","45","40","0","479","479","1.505","1.097393682910547","3.074517287300774","400"
"2","400","1","45","40","0","480","480","1.585","1.0973936836181197","2.7310752721941993","400"
"2","400","1","45","40","0","481","481","1.705","1.09739368425493","2.8543558227917525","400"
"2","400","1","45","40","0","482","482","1.805","1.0973936848280668","3.0474953868551733","400"
"2","400","1","45","40","0","483","483","1.83","1.0973936853438917","3.216501444205099","400"
"2","400","1","45","40","0","484","484","1.87","1.0973936858081312","2.978705885579858","400"
"2","400","1","45","40","0","485","485","1.705","1.09739368622595","2.848779993104867","400"
"2","400","1","45","40","0","486","486","1.655","1.0973936866019773","2.8698468474876635","400"
"2","400","1","45","40","0","487","487","1.74","1.0973936869404106","2.760514407115587","400"
"2","400","1","45","40","0","488","488","1.83","1.0973936872450023","2.844959040821853","400"
"2","400","1","45","40","0","489","489","1.83","1.0973936875191255","3.00114707307382","400"
"2","400","1","45","40","0","490","490","1.805","1.097393687765845","3.426119828036444","400"
"2","400","1","45","40","0","491","491","1.9","1.097393687987884","3.4134041978554963","400"
"2","400","1","45","40","0","492","492","1.89","1.097393688187724","3.2256461707672117","400"
"2","400","1","45","40","0","493","493","1.895","1.0973936883675786","2.915896484454267","400"
"2","400","1","45","40","0","494","494","1.775","1.097393688529449","2.823238544400148","400"
"2","400","1","45","40","0","495","495","1.695","1.0973936886751345","2.6489965227792815","400"
"2","400","1","45","40","0","496","496","1.705","1.0973936888062494","2.8197275012189804","400"
"2","400","1","45","40","0","497","497","1.62","1.0973936889242542","2.9547237000880204","400"
"2","400","1","45","40","0","498","498","1.87","1.0973936890304516","3.3449548708784307","400"
"2","400","1","45","40","0","499","499","1.82","1.097393689126041","3.0582980337451904","400"
"2","400","1","45","40","0","500","500","1.88","1.0973936892120593","2.9363341158860505","400"
"2","400","1","45","40","0","501","501","1.84","1.0973936892894869","3.3345369233687827","400"
"2","400","1","45","40","0","502","502","1.905","1.097393689359162","3.2796130384359627","400"
"2","400","1","45","40","0","503","503","1.87","1.0973936894218779","3.036466757927204","400"
"2","400","1","45","40","0","504","504","1.865","1.0973936894783163","3.0311043902667802","400"
"2","400","1","45","40","0","505","505","1.835","1.0973936895291145","3.204201727686997","400"
"2","400","1","45","40","0","506","506","1.835","1.0973936895748266","3.6586036549805323","400"
"2","400","1","45","40","0","507","507","1.835","1.0973936896159757","3.4525082325666356","400"
"2","400","1","45","40","0","508","508","1.925","1.0973936896530105","3.6217488938705475","400"
"2","400","1","45","40","0","509","509","1.85","1.0973936896863354","3.226658923638696","400"
"2","400","1","45","40","0","510","510","1.805","1.0973936897163237","3.372196533254271","400"
"2","400","1","45","40","0","511","511","1.855","1.097393689743323","3.2069342867052657","400"
"2","400","1","45","40","0","512","512","1.83","1.097393689767624","3.019821415059473","400"
"2","400","1","45","40","0","513","513","1.82","1.0973936897894894","3.1101695869907995","400"
"2","400","1","45","40","0","514","514","1.78","1.0973936898091687","3.1611725107052555","400"
"2","400","1","45","40","0","515","515","1.715","1.0973936898268783","2.8028942769709824","400"
"2","400","1","45","40","0","516","516","1.61","1.0973936898428154","2.9843996239565933","400"
"2","400","1","45","40","0","517","517","1.55","1.0973936898571666","2.652095738056632","400"
"2","400","1","45","40","0","518","518","1.665","1.0973936898700765","2.930316390871747","400"
"2","400","1","45","40","0","519","519","1.705","1.097393689881699","3.018383458142377","400"
"2","400","1","45","40","0","520","520","1.83","1.0973936898921575","3.049835004892381","400"
"2","400","1","45","40","0","521","521","1.82","1.0973936899015713","2.936663822366284","400"
"2","400","1","45","40","0","522","522","1.775","1.097393689910041","2.689942263227306","400"
"2","400","1","45","40","0","523","523","1.74","1.0973936899176684","2.8370232737961296","400"
"2","400","1","45","40","0","524","524","1.765","1.0973936899245242","2.7930882301945226","400"
"2","400","1","45","40","0","525","525","1.705","1.0973936899307046","2.8204019548860995","400"
"2","400","1","45","40","0","526","526","1.725","1.0973936899362564","3.0632474322957344","400"
"2","400","1","45","40","0","527","527","1.615","1.0973936899412637","2.9210830486537893","400"
"2","400","1","45","40","0","528","528","1.545","1.0973936899457646","2.8929204750685367","400"
"2","400","1","45","40","0","529","529","1.545","1.097393689949815","2.918562219057247","400"
"2","400","1","45","40","0","530","530","1.59","1.0973936899534615","2.9736968407591187","400"
"2","400","1","45","40","0","531","531","1.755","1.097393689956744","2.7178334182085147","400"
"2","400","1","45","40","0","532","532","1.815","1.0973936899596979","3.036341962556955","400"
"2","400","1","45","40","0","533","533","1.85","1.0973936899623575","3.0163372039454517","400"
"2","400","1","45","40","0","534","534","1.735","1.0973936899647512","2.9631528389429955","400"
"2","400","1","45","40","0","535","535","1.76","1.097393689966902","2.893411122940191","400"
"2","400","1","45","40","0","536","536","1.795","1.0973936899688408","3.0635173702362297","400"
"2","400","1","45","40","0","537","537","1.69","1.0973936899705856","2.849480618325376","400"
"2","400","1","45","40","0","538","538","1.615","1.0973936899721544","2.8045232199688863","400"
"2","400","1","45","40","0","539","539","1.525","1.097393689973566","2.6873885154572217","400"
"2","400","1","45","40","0","540","540","1.665","1.0973936899748402","2.5733340945845473","400"
"2","400","1","45","40","0","541","541","1.685","1.097393689975985","3.019099690425662","400"
"2","400","1","45","40","0","542","542","1.7","1.0973936899770147","2.988280455499091","400"
"2","400","1","45","40","0","543","543","1.81","1.097393689977939","2.7656240696722505","400"
"2","400","1","45","40","0","544","544","1.72","1.0973936899787713","2.776789865406504","400"
"2","400","1","45","40","0","545","545","1.75","1.0973936899795231","2.6861840914266324","400"
"2","400","1","45","40","0","546","546","1.775","1.0973936899801975","2.8722650264721272","400"
"2","400","1","45","40","0","547","547","1.86","1.0973936899808117","3.3054847516671186","400"
"2","400","1","45","40","0","548","548","1.835","1.0973936899813537","3.243178882480164","400"
"2","400","1","45","40","0","549","549","1.685","1.0973936899818515","3.0550287290102287","400"
"2","400","1","45","40","0","550","550","1.64","1.0973936899822905","2.940473966712904","400"
"2","400","1","45","40","0","551","551","1.665","1.0973936899826908","3.0052487259928897","400"
"2","400","1","45","40","0","552","552","1.7","1.0973936899830492","2.9014716709383137","400"
"2","400","1","45","40","0","553","553","1.75","1.097393689983373","3.007550428460967","400"
"2","400","1","45","40","0","554","554","1.67","1.0973936899836634","2.748076077083045","400"
"2","400","1","45","40","0","555","555","1.63","1.0973936899839225","2.740282591619875","400"
"2","400","1","45","40","0","556","556","1.7","1.097393689984163","2.71562474403483","400"
"2","400","1","45","40","0","557","557","1.79","1.0973936899843726","2.927467112031508","400"
"2","400","1","45","40","0","558","558","1.82","1.097393689984566","3.1313013885657033","400"
"2","400","1","45","40","0","559","559","1.67","1.097393689984741","3.0586303320679566","400"
"2","400","1","45","40","0","560","560","1.685","1.0973936899848917","2.9792215689197357","400"
"2","400","1","45","40","0","561","561","1.835","1.0973936899850303","2.939273655854495","400"
"2","400","1","45","40","0","562","562","1.935","1.0973936899851544","3.5477743073244796","400"
"2","400","1","45","40","0","563","563","1.905","1.0973936899852703","3.9567137002210155","400"
"2","400","1","45","40","0","564","564","1.86","1.097393689985374","3.9171611828220256","400"
"2","400","1","45","40","0","565","565","1.84","1.0973936899854595","3.862032894616056","400"
"2","400","1","45","40","0","566","566","1.815","1.0973936899855443","3.363701136037687","400"
"2","400","1","45","40","0","567","567","1.815","1.0973936899856196","3.293413735742183","400"
"2","400","1","45","40","0","568","568","1.69","1.097393689985684","3.181746758853365","400"
"2","400","1","45","40","0","569","569","1.665","1.097393689985747","3.0709870190000177","400"
"2","400","1","45","40","0","570","570","1.65","1.0973936899858006","3.1044992382060643","400"
"2","400","1","45","40","0","571","571","1.66","1.0973936899858452","2.881795741430334","400"
"2","400","1","45","40","0","572","572","1.71","1.0973936899858874","2.7522830385145465","400"
"2","400","1","45","40","0","573","573","1.68","1.0973936899859302","3.05433694371151","400"
"2","400","1","45","40","0","574","574","1.81","1.0973936899859644","3.472226745238246","400"
"2","400","1","45","40","0","575","575","1.77","1.0973936899859948","3.2790252358681915","400"
"2","400","1","45","40","0","576","576","1.85","1.0973936899860268","2.8510365613364015","400"
"2","400","1","45","40","0","577","577","1.77","1.097393689986053","2.755848446017692","400"
"2","400","1","45","40","0","578","578","1.82","1.097393689986071","2.9098966887883257","400"
"2","400","1","45","40","0","579","579","1.875","1.097393689986093","3.1652549162940877","400"
"2","400","1","45","40","0","580","580","1.98","1.097393689986117","3.3610279714300426","400"
"2","400","1","45","40","0","581","581","1.98","1.0973936899861279","3.283035486532005","400"
"2","400","1","45","40","0","582","582","1.87","1.0973936899861487","3.431840396348044","400"
"2","400","1","45","40","0","583","583","1.85","1.0973936899861614","3.2302988487843685","400"
"2","400","1","45","40","0","584","584","1.76","1.097393689986172","3.0218284471142844","400"
"2","400","1","45","40","0","585","585","1.725","1.0973936899861843","2.95271954631906","400"
"2","400","1","45","40","0","586","586","1.72","1.0973936899861942","3.1033562776453505","400"
"2","400","1","45","40","0","587","587","1.645","1.0973936899861991","3.0332112526097896","400"
"2","400","1","45","40","0","588","588","1.66","1.0973936899862078","2.8472895013385466","400"
"2","400","1","45","40","0","589","589","1.7","1.0973936899862156","3.083377212502991","400"
"2","400","1","45","40","0","590","590","1.73","1.0973936899862222","3.1052544454456457","400"
"2","400","1","45","40","0","591","591","1.725","1.0973936899862275","3.3886792337521205","400"
"2","400","1","45","40","0","592","592","1.77","1.0973936899862373","3.349079995128892","400"
"2","400","1","45","40","0","593","593","1.805","1.0973936899862404","3.382396230037615","400"
"2","400","1","45","40","0","594","594","1.82","1.09739368998625","3.5018973421929607","400"
"2","400","1","45","40","0","595","595","1.825","1.0973936899862502","3.42778550915917","400"
"2","400","1","45","40","0","596","596","1.775","1.0973936899862502","3.488004329190115","400"
"2","400","1","45","40","0","597","597","1.66","1.0973936899862566","3.15884470591226","400"
"2","400","1","45","40","0","598","598","1.74","1.097393689986256","3.1403118817513107","400"
"2","400","1","45","40","0","599","599","1.785","1.0973936899862562","3.3308126565016636","400"
"2","400","1","45","40","0","600","600","1.7","1.0973936899862609","3.259704433293233","400"
"3","400","1","45","40","0","0","0","1.635","0","0","400"
"3","400","1","45","40","0","1","1","1.65","0.10973936899863278","1.125","400"
"3","400","1","45","40","0","2","2","1.68","0.20850480109739608","1.8843750000000001","400"
"3","400","1","45","40","0","3","3","1.69","0.2973936899862832","1.95046875","400"
"3","400","1","45","40","0","4","4","1.655","0.37739368998628353","1.9149521484375","400"
"3","400","1","45","40","0","5","5","1.61","0.4493936899862817","2.063390081176758","400"
"3","400","1","45","40","0","6","6","1.615","0.5141936899862815","2.153271743041992","400"
"3","400","1","45","40","0","7","7","1.635","0.5725136899862813","2.3971088173293116","400"
"3","400","1","45","40","0","8","8","1.69","0.6250016899862813","2.473198357752954","400"
"3","400","1","45","40","0","9","9","1.77","0.6722408899862835","2.76752893331988","400"
"3","400","1","45","40","0","10","10","1.835","0.7147561699862812","3.4062384091600357","400"
"3","400","1","45","40","0","11","11","1.99","0.7530199219862829","3.6399368707906286","400"
"3","400","1","45","40","0","12","12","2.085","0.7874572987862829","4.144383356818286","400"
"3","400","1","45","40","0","13","13","2.125","0.8184509379062775","4.024080636798583","400"
"3","400","1","45","40","0","14","14","2.265","0.8463452131142838","4.3910895124612095","400"
"3","400","1","45","40","0","15","15","2.285","0.8714500608014814","4.977563029693886","400"
"3","400","1","45","40","0","16","16","2.435","0.8940444237199607","4.798538836726253","400"
"3","400","1","45","40","0","17","17","2.67","0.9143793503465942","5.07237734357596","400"
"3","400","1","45","40","0","18","18","2.67","0.9326807843105647","5.424387690560508","400"
"3","400","1","45","40","0","19","19","2.755","0.9491520748781364","5.856452094740124","400"
"3","400","1","45","40","0","20","20","2.715","0.9639762363889501","5.787372647692633","400"
"3","400","1","45","40","0","21","21","2.805","0.9773179817486815","5.71639449361261","400"
"3","400","1","45","40","0","22","22","2.915","0.989325552572442","6.116704488181063","400"
"3","400","1","45","40","0","23","23","3.11","1.0001323663138282","6.429744767096807","400"
"3","400","1","45","40","0","24","24","3.255","1.0098584986810744","6.468175767493597","400"
"3","400","1","45","40","0","25","25","3.48","1.0186120178115898","6.479275200849767","400"
"3","400","1","45","40","0","26","26","3.625","1.0264901850290613","7.01255500190931","400"
"3","400","1","45","40","0","27","27","3.99","1.0335805355247838","6.502802034514478","400"
"3","400","1","45","40","0","28","28","4.125","1.039961850970932","6.5407957074033","400"
"3","400","1","45","40","0","29","29","4.52","1.0457050348724681","7.428425451798998","400"
"3","400","1","45","40","0","30","30","4.71","1.0508739003838503","8.245562400168089","400"
"3","400","1","45","40","0","31","31","4.96","1.0555258793440927","8.736357496072358","400"
"3","400","1","45","40","0","32","32","5.125","1.0597126604083131","9.712449703592863","400"
"3","400","1","45","40","0","33","33","5.165","1.0634807633661085","10.047738258881017","400"
"3","400","1","45","40","0","34","34","5.44","1.066872056028128","9.718505882659507","400"
"3","400","1","45","40","0","35","35","5.37","1.0699242194239418","9.149049019015013","400"
"3","400","1","45","40","0","36","36","5.615","1.0726711664801747","9.573238723981113","400"
"3","400","1","45","40","0","37","37","6.01","1.0751434188307862","9.54670327456971","400"
"3","400","1","45","40","0","38","38","5.95","1.0773684459463377","10.382463454236305","400"
"3","400","1","45","40","0","39","39","5.94","1.0793709703503334","9.842079064151221","400"
"3","400","1","45","40","0","40","40","6.105","1.081173242313928","9.551730245991044","400"
"3","400","1","45","40","0","41","41","6.25","1.0827952870811623","9.529191372416632","400"
"3","400","1","45","40","0","42","42","6.54","1.0842551273716765","10.67218147960201","400"
"3","400","1","45","40","0","43","43","6.68","1.0855689836331393","10.825639693177596","400"
"3","400","1","45","40","0","44","44","6.86","1.086751454268449","11.402145794548671","400"
"3","400","1","45","40","0","45","45","7.155","1.0878156778402348","12.71986412393314","400"
"3","400","1","45","40","0","46","46","7.21","1.0887734790548338","11.857248825718832","400"
"3","400","1","45","40","0","47","47","7.195","1.0896355001479847","11.206966314248078","400"
"3","400","1","45","40","0","48","48","7.53","1.090411319131815","11.959159084432986","400"
"3","400","1","45","40","0","49","49","7.77","1.0911095562172615","12.078344307271747","400"
"3","400","1","45","40","0","50","50","8.03","1.091737969594163","11.994036628020307","400"
"3","400","1","45","40","0","51","51","8.43","1.0923035416333728","12.762793351123193","400"
"3","400","1","45","40","0","52","52","8.625","1.092812556468667","13.465795330375137","400"
"3","400","1","45","40","0","53","53","8.745","1.0932706698204238","13.490442641805105","400"
"3","400","1","45","40","0","54","54","8.72","1.093682971837012","13.66339784152944","400"
"3","400","1","45","40","0","55","55","8.67","1.0940540436519381","12.95788698824954","400"
"3","400","1","45","40","0","56","56","8.67","1.0943880082853723","12.924593571707716","400"
"3","400","1","45","40","0","57","57","8.67","1.0946885764554666","12.66824094728813","400"
"3","400","1","45","40","0","58","58","8.82","1.0949590878085413","13.266109596887699","400"
"3","400","1","45","40","0","59","59","9.04","1.0952025480263212","13.203827959563368","400"
"3","400","1","45","40","0","60","60","9.1","1.0954216622223192","13.574901760846538","400"
"3","400","1","45","40","0","61","61","9.165","1.0956188649987144","14.495680166827858","400"
"3","400","1","45","40","0","62","62","9.165","1.0957963474974683","13.44198171831786","400"
"3","400","1","45","40","0","63","63","9.92","1.0959560817463552","12.831379432323937","400"
"3","400","1","45","40","0","64","64","10.46","1.0960998425703443","13.855979205957027","400"
"3","400","1","45","40","0","65","65","10.735","1.0962292273119403","14.88985302618149","400"
"3","400","1","45","40","0","66","66","10.775","1.0963456735793737","14.762165134721512","400"
"3","400","1","45","40","0","67","67","11.2","1.0964504752200668","15.156173072092935","400"
"3","400","1","45","40","0","68","68","11.34","1.0965447966966866","15.282633579779496","400"
"3","400","1","45","40","0","69","69","11.83","1.096629686025647","14.808252126033555","400"
"3","400","1","45","40","0","70","70","11.94","1.0967060864217062","15.421188458936168","400"
"3","400","1","45","40","0","71","71","11.75","1.0967748467781686","15.314602043952501","400"
"3","400","1","45","40","0","72","72","11.85","1.0968367310989793","15.856690687218073","400"
"3","400","1","45","40","0","73","73","12.11","1.0968924269877065","16.239353809655093","400"
"3","400","1","45","40","0","74","74","12.46","1.0969425532875678","17.6946259670649","400"
"3","400","1","45","40","0","75","75","12.895","1.0969876669574368","17.34273496492367","400"
"3","400","1","45","40","0","76","76","12.69","1.0970282692603215","17.73821003537612","400"
"3","400","1","45","40","0","77","77","12.985","1.0970648113329171","18.743300377450144","400"
"3","400","1","45","40","0","78","78","13.2","1.0970976991982513","17.656126276701936","400"
"3","400","1","45","40","0","79","79","13.515","1.0971272982770568","19.335769117883714","400"
"3","400","1","45","40","0","80","80","13.64","1.097153937447978","17.967998198757197","400"
"3","400","1","45","40","0","81","81","13.97","1.097177912701811","17.434513115308842","400"
"3","400","1","45","40","0","82","82","13.755","1.0971994904302562","18.39157925361539","400"
"3","400","1","45","40","0","83","83","13.655","1.097218910385859","16.899611123586844","400"
"3","400","1","45","40","0","84","84","13.815","1.0972363883459022","17.618485400571018","400"
"3","400","1","45","40","0","85","85","14.07","1.0972521185099362","17.313345303630392","400"
"3","400","1","45","40","0","86","86","14.555","1.0972662756575775","18.425529778800893","400"
"3","400","1","45","40","0","87","87","15.17","1.0972790170904416","19.342564509741166","400"
"3","400","1","45","40","0","88","88","15.39","1.0972904843800326","23.081464119342165","400"
"3","400","1","45","40","0","89","89","15.635","1.0973008049406552","20.63102692021274","400"
"3","400","1","45","40","0","90","90","15.53","1.0973100934452147","19.510163816113987","400"
"3","400","1","45","40","0","91","91","15.42","1.0973184530993247","20.51442679376445","400"
"3","400","1","45","40","0","92","92","15.97","1.097325976788019","19.93246383289368","400"
"3","400","1","45","40","0","93","93","15.99","1.0973327481078463","21.453508335433895","400"
"3","400","1","45","40","0","94","94","16.155","1.0973388422956911","19.637659147305616","400"
"3","400","1","45","40","0","95","95","15.995","1.0973443270647445","21.60869458231921","400"
"3","400","1","45","40","0","96","96","16.005","1.0973492633568969","20.251213626931943","400"
"3","400","1","45","40","0","97","97","16.605","1.0973537060198417","21.412198087772637","400"
"3","400","1","45","40","0","98","98","17.06","1.0973577044164853","22.8049899780096","400"
"3","400","1","45","40","0","99","99","17.065","1.0973613029734641","22.778988191550464","400"
"3","400","1","45","40","0","100","100","17.84","1.0973645416747453","23.991452043644752","400"
"3","400","1","45","40","0","101","101","18.185","1.0973674565059015","23.758804344384288","400"
"3","400","1","45","40","0","102","102","18.195","1.0973700798539339","25.036591575456722","400"
"3","400","1","45","40","0","103","103","18.035","1.0973724408671737","25.16005236207138","400"
"3","400","1","45","40","0","104","104","17.675","1.0973745657790805","24.551428268153668","400"
"3","400","1","45","40","0","105","105","17.18","1.0973764781998083","24.872341612734154","400"
"3","400","1","45","40","0","106","106","16.27","1.0973781993784502","23.85652798251924","400"
"3","400","1","45","40","0","107","107","15.765","1.0973797484392347","23.219011042537687","400"
"3","400","1","45","40","0","108","108","15.495","1.097381142593942","22.267898808226004","400"
"3","400","1","45","40","0","109","109","15.575","1.0973823973331727","22.284013672402402","400"
"3","400","1","45","40","0","110","110","16.185","1.0973835265984786","23.412824552046235","400"
"3","400","1","45","40","0","111","111","16.865","1.0973845429372644","22.09805427638918","400"
"3","400","1","45","40","0","112","112","17.485","1.0973854576421682","22.49376285522188","400"
"3","400","1","45","40","0","113","113","17.785","1.0973862808765797","24.402590310597574","400"
"3","400","1","45","40","0","114","114","17.875","1.097387021787543","21.45490926365431","400"
"3","400","1","45","40","0","115","115","18.18","1.0973876886074205","22.116105510970204","400"
"3","400","1","45","40","0","116","116","17.69","1.0973882887453064","22.6371844118431","400"
"3","400","1","45","40","0","117","117","17.71","1.0973888288694038","21.195382328484893","400"
"3","400","1","45","40","0","118","118","17.23","1.097389314981091","20.675892912163405","400"
"3","400","1","45","40","0","119","119","17.2","1.0973897524816123","21.075233125901278","400"
"3","400","1","45","40","0","120","120","17.305","1.0973901462320799","20.53026596880086","400"
"3","400","1","45","40","0","121","121","17.765","1.0973905006075024","20.842864252458575","400"
"3","400","1","45","40","0","122","122","18.65","1.0973908195453794","22.417242950374067","400"
"3","400","1","45","40","0","123","123","19.08","1.0973911065894677","21.324395828358107","400"
"3","400","1","45","40","0","124","124","19.445","1.0973913649291511","20.9601945920806","400"
"3","400","1","45","40","0","125","125","19.715","1.0973915974348663","22.138451867509673","400"
"3","400","1","45","40","0","126","126","19.725","1.0973918066900046","23.08124090700565","400"
"3","400","1","45","40","0","127","127","19.435","1.0973919950196336","23.58492705773734","400"
"3","400","1","45","40","0","128","128","19.43","1.0973921645162947","22.154307637495766","400"
"3","400","1","45","40","0","129","129","19.445","1.0973923170632947","22.863644622574792","400"
"3","400","1","45","40","0","130","130","19.365","1.0973924543555904","23.075552149429054","400"
"3","400","1","45","40","0","131","131","19.195","1.0973925779186666","22.62881815811209","400"
"3","400","1","45","40","0","132","132","19.31","1.097392689125426","23.490100975397926","400"
"3","400","1","45","40","0","133","133","18.97","1.097392789211512","22.390098834975408","400"
"3","400","1","45","40","0","134","134","18.885","1.0973928792889869","22.14394588757416","400"
"3","400","1","45","40","0","135","135","19.23","1.0973929603587154","20.848670162495047","400"
"3","400","1","45","40","0","136","136","19.71","1.097393033321472","22.401514811010603","400"
"3","400","1","45","40","0","137","137","20.115","1.0973930989879566","23.087177195544967","400"
"3","400","1","45","40","0","138","138","20.995","1.097393158087788","23.63361832590288","400"
"3","400","1","45","40","0","139","139","21.515","1.0973932112776374","24.551608395696043","400"
"3","400","1","45","40","0","140","140","22.37","1.0973932591485016","26.343472137470002","400"
"3","400","1","45","40","0","141","141","22.275","1.0973933022322784","24.998454881577604","400"
"3","400","1","45","40","0","142","142","22.385","1.0973933410076788","26.997547360953046","400"
"3","400","1","45","40","0","143","143","21.83","1.0973933759055385","26.50081854325942","400"
"3","400","1","45","40","0","144","144","21.995","1.0973934073136127","26.534256787941526","400"
"3","400","1","45","40","0","145","145","21.89","1.0973934355808768","26.788636336019756","400"
"3","400","1","45","40","0","146","146","21.605","1.097393461021421","26.78207832811597","400"
"3","400","1","45","40","0","147","147","21.33","1.0973934839179054","25.137402193192216","400"
"3","400","1","45","40","0","148","148","21.8","1.0973935045247472","25.377366209929637","400"
"3","400","1","45","40","0","149","149","22.045","1.0973935230709004","25.203953464652184","400"
"3","400","1","45","40","0","150","150","22.18","1.0973935397624377","26.513472653128243","400"
"3","400","1","45","40","0","151","151","22.475","1.0973935547848201","28.563359103558298","400"
"3","400","1","45","40","0","152","152","22.11","1.097393568304964","28.309353033771448","400"
"3","400","1","45","40","0","153","153","21.94","1.0973935804731003","27.476279178276762","400"
"3","400","1","45","40","0","154","154","21.64","1.0973935914244135","27.319700414397445","400"
"3","400","1","45","40","0","155","155","21.41","1.0973936012806027","24.248689275881","400"
"3","400","1","45","40","0","156","156","21.15","1.0973936101511732","25.239166112946762","400"
"3","400","1","45","40","0","157","157","21.97","1.097393618134687","24.75127727453824","400"
"3","400","1","45","40","0","158","158","22.725","1.0973936253198413","26.532888605411774","400"
"3","400","1","45","40","0","159","159","23.945","1.0973936317864872","28.312324102213992","400"
"3","400","1","45","40","0","160","160","24.86","1.0973936376064686","28.43743765272318","400"
"3","400","1","45","40","0","161","161","26.44","1.0973936428444475","32.11651817007866","400"
"3","400","1","45","40","0","162","162","27.31","1.097393647558631","29.956254544724846","400"
"3","400","1","45","40","0","163","163","27.82","1.097393651801398","32.41097069712799","400"
"3","400","1","45","40","0","164","164","27","1.0973936556198813","32.02703754433544","400"
"3","400","1","45","40","0","165","165","26.615","1.0973936590565239","31.20555591265829","400"
"3","400","1","45","40","0","166","166","25.615","1.0973936621495026","31.74354601219667","400"
"3","400","1","45","40","0","167","167","24.135","1.0973936649331808","31.511161081561426","400"
"3","400","1","45","40","0","168","168","23.21","1.0973936674384879","29.625369068873713","400"
"3","400","1","45","40","0","169","169","23.615","1.0973936696932631","28.937879926935167","400"
"3","400","1","45","40","0","170","170","24.755","1.097393671722576","28.36448285969905","400"
"3","400","1","45","40","0","171","171","26.295","1.0973936735489418","31.938158361021102","400"
"3","400","1","45","40","0","172","172","27.69","1.0973936751926814","31.57660280856079","400"
"3","400","1","45","40","0","173","173","28.615","1.0973936766720345","33.51874971895009","400"
"3","400","1","45","40","0","174","174","27.8","1.0973936780034583","33.04116132827709","400"
"3","400","1","45","40","0","175","175","26.6","1.097393679201743","34.0706518779188","400"
"3","400","1","45","40","0","176","176","24.705","1.0973936802801985","31.041937446835828","400"
"3","400","1","45","40","0","177","177","22.95","1.0973936812508085","30.88101011835938","400"
"3","400","1","45","40","0","178","178","22.68","1.097393682124353","31.814284144823464","400"
"3","400","1","45","40","0","179","179","23.345","1.0973936829105453","31.028387476579177","400"
"3","400","1","45","40","0","180","180","24.885","1.0973936836181208","30.175022894696788","400"
"3","400","1","45","40","0","181","181","26.035","1.0973936842549352","30.593865646328542","400"
"3","400","1","45","40","0","182","182","27.7","1.0973936848280712","30.958341679248147","400"
"3","400","1","45","40","0","183","183","27.735","1.0973936853438941","30.677421963431303","400"
"3","400","1","45","40","0","184","184","26.98","1.0973936858081275","31.20798320114165","400"
"3","400","1","45","40","0","185","185","26.78","1.0973936862259468","31.331888331857723","400"
"3","400","1","45","40","0","186","186","25.7","1.0973936866019796","30.389983712303124","400"
"3","400","1","45","40","0","187","187","25.5","1.0973936869404124","31.559503770030716","400"
"3","400","1","45","40","0","188","188","26.18","1.0973936872449965","30.751633468801014","400"
"3","400","1","45","40","0","189","189","26.915","1.0973936875191261","33.63776467850514","400"
"3","400","1","45","40","0","190","190","27.22","1.0973936877658423","32.49896963334374","400"
"3","400","1","45","40","0","191","191","27.54","1.0973936879878845","33.06251099734439","400"
"3","400","1","45","40","0","192","192","27.245","1.0973936881877286","32.69923760465421","400"
"3","400","1","45","40","0","193","193","28.255","1.0973936883675757","31.069004558735752","400"
"3","400","1","45","40","0","194","194","28.55","1.0973936885294517","31.675442001237172","400"
"3","400","1","45","40","0","195","195","29.295","1.0973936886751374","33.87712187941966","400"
"3","400","1","45","40","0","196","196","29.425","1.097393688806247","33.23715499095705","400"
"3","400","1","45","40","0","197","197","29.395","1.0973936889242537","36.24688595980665","400"
"3","400","1","45","40","0","198","198","28.615","1.0973936890304505","35.16082078145778","400"
"3","400","1","45","40","0","199","199","27.025","1.0973936891260416","34.09266246397352","400"
"3","400","1","45","40","0","200","200","25.77","1.0973936892120628","33.29658524609067","400"
"3","400","1","45","40","0","201","201","24.235","1.0973936892894829","31.010821579100867","400"
"3","400","1","45","40","0","202","202","24.135","1.0973936893591634","29.962112003188864","400"
"3","400","1","45","40","0","203","203","24.885","1.0973936894218779","29.940239267850338","400"
"3","400","1","45","40","0","204","204","25.51","1.0973936894783163","30.90166034791537","400"
"3","400","1","45","40","0","205","205","26.405","1.097393689529115","31.14980233502228","400"
"3","400","1","45","40","0","206","206","27.035","1.0973936895748353","32.22539485668028","400"
"3","400","1","45","40","0","207","207","27.51","1.0973936896159755","31.382067901418473","400"
"3","400","1","45","40","0","208","208","28.12","1.0973936896530085","32.204484303229506","400"
"3","400","1","45","40","0","209","209","28.405","1.0973936896863332","31.390580526688694","400"
"3","400","1","45","40","0","210","210","28.58","1.0973936897163277","33.48046957281214","400"
"3","400","1","45","40","0","211","211","28.73","1.097393689743324","33.59919233493851","400"
"3","400","1","45","40","0","212","212","28.44","1.0973936897676224","36.95107613773034","400"
"3","400","1","45","40","0","213","213","28.025","1.097393689789488","33.90414193601597","400"
"3","400","1","45","40","0","214","214","26.805","1.0973936898091667","37.28813504318459","400"
"3","400","1","45","40","0","215","215","26.61","1.0973936898268757","34.447549299587294","400"
"3","400","1","45","40","0","216","216","26.27","1.0973936898428176","33.07193443561105","400"
"3","400","1","45","40","0","217","217","26.725","1.0973936898571648","34.162691209577844","400"
"3","400","1","45","40","0","218","218","27.24","1.0973936898700782","31.113230386629525","400"
"3","400","1","45","40","0","219","219","28.085","1.0973936898816983","35.292513440716036","400"
"3","400","1","45","40","0","220","220","29.125","1.09739368989216","35.04126429973269","400"
"3","400","1","45","40","0","221","221","30.06","1.09739368990157","35.18664770322596","400"
"3","400","1","45","40","0","222","222","30.41","1.0973936899100383","36.58435481109195","400"
"3","400","1","45","40","0","223","223","29.82","1.0973936899176642","34.927037525957296","400"
"3","400","1","45","40","0","224","224","29.2","1.0973936899245265","34.59167785856901","400"
"3","400","1","45","40","0","225","225","27.35","1.0973936899307037","34.71087668743868","400"
"3","400","1","45","40","0","226","226","26.21","1.0973936899362575","31.843600617945068","400"
"3","400","1","45","40","0","227","227","25.26","1.0973936899412595","32.81390902262282","400"
"3","400","1","45","40","0","228","228","26.17","1.0973936899457657","30.806091768864228","400"
"3","400","1","45","40","0","229","229","27.185","1.0973936899498202","33.22942666701128","400"
"3","400","1","45","40","0","230","230","28.75","1.0973936899534638","34.620381424761256","400"
"3","400","1","45","40","0","231","231","30.73","1.0973936899567445","32.9160152078853","400"
"3","400","1","45","40","0","232","232","31.07","1.0973936899596972","34.268052213673","400"
"3","400","1","45","40","0","233","233","30.12","1.0973936899623562","35.47397148072225","400"
"3","400","1","45","40","0","234","234","29.045","1.0973936899647512","34.55721272059687","400"
"3","400","1","45","40","0","235","235","27.89","1.097393689966905","35.29064658230058","400"
"3","400","1","45","40","0","236","236","27.25","1.0973936899688412","35.03564986316594","400"
"3","400","1","45","40","0","237","237","26.585","1.0973936899705827","33.887238516571706","400"
"3","400","1","45","40","0","238","238","27.11","1.0973936899721528","32.97003105039603","400"
"3","400","1","45","40","0","239","239","27.92","1.097393689973565","35.470161364739106","400"
"3","400","1","45","40","0","240","240","28.54","1.0973936899748387","33.46390893445617","400"
"3","400","1","45","40","0","241","241","29.01","1.0973936899759837","34.90018616464348","400"
"3","400","1","45","40","0","242","242","29.395","1.0973936899770136","37.51969176803239","400"
"3","400","1","45","40","0","243","243","29.8","1.0973936899779422","36.732706102077145","400"
"3","400","1","45","40","0","244","244","29.41","1.0973936899787728","36.88353934790697","400"
"3","400","1","45","40","0","245","245","28.275","1.0973936899795234","35.27604600669135","400"
"3","400","1","45","40","0","246","246","27.45","1.0973936899802041","34.76155355466664","400"
"3","400","1","45","40","0","247","247","26.2","1.0973936899808083","32.40444220822312","400"
"3","400","1","45","40","0","248","248","25.635","1.0973936899813597","31.354954753414017","400"
"3","400","1","45","40","0","249","249","25.985","1.0973936899818548","31.45564671845602","400"
"3","400","1","45","40","0","250","250","26.005","1.0973936899822943","31.787023606577446","400"
"3","400","1","45","40","0","251","251","27.02","1.0973936899826904","31.798661458448713","400"
"3","400","1","45","40","0","252","252","27.635","1.0973936899830514","34.90493058704","400"
"3","400","1","45","40","0","253","253","27.775","1.097393689983374","31.580301261815467","400"
"3","400","1","45","40","0","254","254","28.58","1.0973936899836654","32.739167859326365","400"
"3","400","1","45","40","0","255","255","29.095","1.0973936899839292","33.734849769609035","400"
"3","400","1","45","40","0","256","256","28.515","1.0973936899841656","34.32116226829982","400"
"3","400","1","45","40","0","257","257","28.28","1.0973936899843717","34.53169329115859","400"
"3","400","1","45","40","0","258","258","27.66","1.0973936899845653","35.62952346937061","400"
"3","400","1","45","40","0","259","259","27.06","1.0973936899847363","34.63579423595991","400"
"3","400","1","45","40","0","260","260","27.075","1.0973936899848895","33.827580408902776","400"
"3","400","1","45","40","0","261","261","27.94","1.0973936899850316","32.91989915050938","400"
"3","400","1","45","40","0","262","262","28.64","1.097393689985156","34.34514434174704","400"
"3","400","1","45","40","0","263","263","29.735","1.0973936899852705","32.82391555971067","400"
"3","400","1","45","40","0","264","264","30.165","1.0973936899853725","32.69412109365667","400"
"3","400","1","45","40","0","265","265","29.615","1.0973936899854593","33.199090318999254","400"
"3","400","1","45","40","0","266","266","29.285","1.097393689985546","33.39801625339036","400"
"3","400","1","45","40","0","267","267","29.165","1.0973936899856207","33.29356253296855","400"
"3","400","1","45","40","0","268","268","27.905","1.0973936899856853","35.40794896142502","400"
"3","400","1","45","40","0","269","269","27.83","1.0973936899857404","33.56828230608986","400"
"3","400","1","45","40","0","270","270","27.635","1.0973936899858039","32.106870141453825","400"
"3","400","1","45","40","0","271","271","27.925","1.097393689985845","32.950308512439726","400"
"3","400","1","45","40","0","272","272","27.765","1.0973936899858914","33.03815814487374","400"
"3","400","1","45","40","0","273","273","28.8","1.0973936899859327","30.523204368840467","400"
"3","400","1","45","40","0","274","274","29.605","1.097393689985964","32.38986004382662","400"
"3","400","1","45","40","0","275","275","30.435","1.0973936899859909","33.97647250640888","400"
"3","400","1","45","40","0","276","276","30.985","1.0973936899860222","36.01291373250024","400"
"3","400","1","45","40","0","277","277","30.18","1.09739368998605","32.62202427414154","400"
"3","400","1","45","40","0","278","278","29.645","1.0973936899860772","32.20484526376297","400"
"3","400","1","45","40","0","279","279","29.175","1.0973936899860974","30.918931378201435","400"
"3","400","1","45","40","0","280","280","28.39","1.0973936899861119","30.901550467512198","400"
"3","400","1","45","40","0","281","281","28.42","1.097393689986127","30.984287843495327","400"
"3","400","1","45","40","0","282","282","28.365","1.0973936899861447","30.341680569223016","400"
"3","400","1","45","40","0","283","283","29.21","1.0973936899861585","31.851371946828895","400"
"3","400","1","45","40","0","284","284","30.39","1.0973936899861723","34.34318461342952","400"
"3","400","1","45","40","0","285","285","31.62","1.0973936899861827","33.9447477464202","400"
"3","400","1","45","40","0","286","286","32.425","1.0973936899861942","34.929827108032","400"
"3","400","1","45","40","0","287","287","31.66","1.0973936899862056","36.15964072045183","400"
"3","400","1","45","40","0","288","288","31.35","1.0973936899862142","33.99050378332573","400"
"3","400","1","45","40","0","289","289","31.1","1.0973936899862184","35.946459402780526","400"
"3","400","1","45","40","0","290","290","30.115","1.097393689986225","35.07224328723735","400"
"3","400","1","45","40","0","291","291","29.27","1.0973936899862295","34.94648723331365","400"
"3","400","1","45","40","0","292","292","29.095","1.097393689986233","34.15930100910408","400"
"3","400","1","45","40","0","293","293","29.485","1.097393689986236","36.1751486967024","400"
"3","400","1","45","40","0","294","294","29.095","1.097393689986242","35.088518280105504","400"
"3","400","1","45","40","0","295","295","28.725","1.0973936899862469","34.15034984270871","400"
"3","400","1","45","40","0","296","296","28.91","1.0973936899862502","32.540774871966455","400"
"3","400","1","45","40","0","297","297","29.56","1.0973936899862593","33.176190752344965","400"
"3","400","1","45","40","0","298","298","30.325","1.0973936899862553","34.0748909901863","400"
"3","400","1","45","40","0","299","299","30.345","1.0973936899862595","34.04081562984011","400"
"3","400","1","45","40","0","300","300","31.15","1.0973936899862615","34.72872150385685","400"
"3","400","1","45","40","0","301","301","0.67","0.10973936899863396","0.675","400"
"3","400","1","45","40","0","302","302","0.91","0.20850480109739744","1.1053125000000001","400"
"3","400","1","45","40","0","303","303","1.465","0.2973936899862813","1.31066015625","400"
"3","400","1","45","40","0","304","304","1.785","0.3773936899862812","1.890485595703125","400"
"3","400","1","45","40","0","305","305","1.94","0.44939368998628415","2.194647072143555","400"
"3","400","1","45","40","0","306","306","1.675","0.514193689986284","2.2553567403030397","400"
"3","400","1","45","40","0","307","307","1.57","0.5725136899862802","2.34685581609478","400"
"3","400","1","45","40","0","308","308","1.45","0.6250016899862832","2.489444457595711","400"
"3","400","1","45","40","0","309","309","1.565","0.6722408899862822","2.277840218504366","400"
"3","400","1","45","40","0","310","310","1.515","0.7147561699862802","2.3869396911633802","400"
"3","400","1","45","40","0","311","311","1.53","0.7530199219862797","2.300649332496521","400"
"3","400","1","45","40","0","312","312","1.585","0.7874572987862819","2.473699009563149","400"
"3","400","1","45","40","0","313","313","1.58","0.8184509379062846","2.6275634879191556","400"
"3","400","1","45","40","0","314","314","1.645","0.8463452131142828","2.775223450945136","400"
"3","400","1","45","40","0","315","315","1.695","0.8714500608014836","2.786239502634086","400"
"3","400","1","45","40","0","316","316","1.71","0.894044423719966","2.979813747037768","400"
"3","400","1","45","40","0","317","317","1.655","0.9143793503465925","2.965430713432963","400"
"3","400","1","45","40","0","318","318","1.605","0.9326807843105627","2.597764195336588","400"
"3","400","1","45","40","0","319","319","1.62","0.949152074878135","2.6581779899072133","400"
"3","400","1","45","40","0","320","320","1.715","0.9639762363889484","2.599198625241202","400"
"3","400","1","45","40","0","321","321","1.68","0.9773179817486823","2.5762698087396774","400"
"3","400","1","45","40","0","322","322","1.67","0.9893255525724397","2.7397513272491594","400"
"3","400","1","45","40","0","323","323","1.75","1.0001323663138266","2.969806948628489","400"
"3","400","1","45","40","0","324","324","1.74","1.0098584986810704","2.8219729673376044","400"
"3","400","1","45","40","0","325","325","1.7","1.0186120178115927","2.861324310937154","400"
"3","400","1","45","40","0","326","326","1.765","1.0264901850290642","2.927339010279544","400"
"3","400","1","45","40","0","327","327","1.85","1.0335805355247845","3.1326018248894356","400"
"3","400","1","45","40","0","328","328","1.85","1.0399618509709343","3.6886289874593117","400"
"3","400","1","45","40","0","329","329","1.82","1.0457050348724717","3.1781504669064615","400"
"3","400","1","45","40","0","330","330","1.66","1.0508739003838519","3.109461024345958","400"
"3","400","1","45","40","0","331","331","1.725","1.0555258793440945","2.917333763099033","400"
"3","400","1","45","40","0","332","332","1.715","1.0597126604083118","2.949492198940167","400"
"3","400","1","45","40","0","333","333","1.685","1.0634807633661094","2.9486412448089623","400"
"3","400","1","45","40","0","334","334","1.765","1.06687205602813","2.938006743408529","400"
"3","400","1","45","40","0","335","335","1.745","1.0699242194239407","3.035736488175896","400"
"3","400","1","45","40","0","336","336","1.815","1.0726711664801727","2.8861288624703927","400"
"3","400","1","45","40","0","337","337","1.905","1.0751434188307878","2.6555572657873565","400"
"3","400","1","45","40","0","338","338","1.91","1.0773684459463377","3.6041332851119114","400"
"3","400","1","45","40","0","339","339","1.88","1.079370970350335","3.6314072501345804","400"
"3","400","1","45","40","0","340","340","1.74","1.0811732423139233","3.518772782807622","400"
"3","400","1","45","40","0","341","341","1.775","1.0827952870811632","3.227278199145254","400"
"3","400","1","45","40","0","342","342","1.77","1.0842551273716743","3.1438823503941578","400"
"3","400","1","45","40","0","343","343","1.74","1.085568983633137","3.1466733726807865","400"
"3","400","1","45","40","0","344","344","1.765","1.0867514542684502","3.1144675261488874","400"
"3","400","1","45","40","0","345","345","1.8","1.0878156778402348","2.7415147242677755","400"
"3","400","1","45","40","0","346","346","1.805","1.0887734790548358","2.861979800122545","400"
"3","400","1","45","40","0","347","347","1.765","1.0896355001479818","3.0372044331321235","400"
"3","400","1","45","40","0","348","348","1.76","1.090411319131808","3.4378610838590586","400"
"3","400","1","45","40","0","349","349","1.78","1.0911095562172595","3.12064898284659","400"
"3","400","1","45","40","0","350","350","1.65","1.0917379695941631","3.0593707422595644","400"
"3","400","1","45","40","0","351","351","1.62","1.0923035416333704","2.9154018082508686","400"
"3","400","1","45","40","0","352","352","1.56","1.092812556468662","3.026122354615134","400"
"3","400","1","45","40","0","353","353","1.505","1.0932706698204262","2.8594048383794424","400"
"3","400","1","45","40","0","354","354","1.62","1.0936829718370176","2.769133275053484","400"
"3","400","1","45","40","0","355","355","1.6","1.0940540436519386","2.718614028595049","400"
"3","400","1","45","40","0","356","356","1.695","1.0943880082853772","2.5750897961561674","400"
"3","400","1","45","40","0","357","357","1.77","1.0946885764554646","2.704397010372992","400"
"3","400","1","45","40","0","358","358","1.75","1.0949590878085442","3.1358857554804884","400"
"3","400","1","45","40","0","359","359","1.7","1.0952025480263186","2.8446899283274836","400"
"3","400","1","45","40","0","360","360","1.705","1.0954216622223196","3.048212821787388","400"
"3","400","1","45","40","0","361","361","1.755","1.0956188649987098","2.8186414328452805","400"
"3","400","1","45","40","0","362","362","1.69","1.0957963474974701","3.65166304069291","400"
"3","400","1","45","40","0","363","363","1.66","1.0959560817463512","3.382767933752037","400"
"3","400","1","45","40","0","364","364","1.735","1.0960998425703412","3.2070190073872307","400"
"3","400","1","45","40","0","365","365","1.725","1.0962292273119376","3.03174237983367","400"
"3","400","1","45","40","0","366","366","1.645","1.0963456735793702","2.8390466908094245","400"
"3","400","1","45","40","0","367","367","1.66","1.0964504752200637","2.925923334241496","400"
"3","400","1","45","40","0","368","368","1.75","1.0965447966966881","2.881143874662334","400"
"3","400","1","45","40","0","369","369","1.805","1.0966296860256473","3.1825847912918537","400"
"3","400","1","45","40","0","370","370","1.755","1.096706086421712","3.4023017718825406","400"
"3","400","1","45","40","0","371","371","1.74","1.0967748467781677","3.2621009132235987","400"
"3","400","1","45","40","0","372","372","1.83","1.0968367310989797","3.0381928557310878","400"
"3","400","1","45","40","0","373","373","1.79","1.096892426987709","2.913758757197412","400"
"3","400","1","45","40","0","374","374","1.855","1.0969425532875636","2.752008610513805","400"
"3","400","1","45","40","0","375","375","1.84","1.0969876669574394","2.9083412000459847","400"
"3","400","1","45","40","0","376","376","1.735","1.0970282692603226","2.738276420200678","400"
"3","400","1","45","40","0","377","377","1.63","1.0970648113329196","2.681383546512287","400"
"3","400","1","45","40","0","378","378","1.625","1.0970976991982548","2.7296613943456753","400"
"3","400","1","45","40","0","379","379","1.61","1.0971272982770583","3.0526424161096206","400"
"3","400","1","45","40","0","380","380","1.63","1.097153937447977","3.0242749810892575","400"
"3","400","1","45","40","0","381","381","1.685","1.0971779127018124","2.8691096804449674","400"
"3","400","1","45","40","0","382","382","1.625","1.097199490430257","3.0974218423759545","400"
"3","400","1","45","40","0","383","383","1.65","1.0972189103858647","2.8408040183895857","400"
"3","400","1","45","40","0","384","384","1.755","1.0972363883458989","2.665782916464836","400"
"3","400","1","45","40","0","385","385","1.84","1.097252118509942","2.993055729986344","400"
"3","400","1","45","40","0","386","386","1.885","1.0972662756575735","3.009042440776484","400"
"3","400","1","45","40","0","387","387","1.84","1.0972790170904463","3.0676323533421286","400"
"3","400","1","45","40","0","388","388","1.72","1.0972904843800304","2.7486744740681575","400"
"3","400","1","45","40","0","389","389","1.685","1.0973008049406539","2.798369248142558","400"
"3","400","1","45","40","0","390","390","1.68","1.097310093445215","2.931498419331612","400"
"3","400","1","45","40","0","391","391","1.67","1.0973184530993207","2.856222648886077","400"
"3","400","1","45","40","0","392","392","1.64","1.0973259767880232","3.128029462926541","400"
"3","400","1","45","40","0","393","393","1.69","1.0973327481078472","2.9114763725926105","400"
"3","400","1","45","40","0","394","394","1.7","1.0973388422956876","2.762309712538757","400"
"3","400","1","45","40","0","395","395","1.605","1.0973443270647512","2.541926505231347","400"
"3","400","1","45","40","0","396","396","1.64","1.0973492633569026","2.889770777189077","400"
"3","400","1","45","40","0","397","397","1.53","1.0973537060198433","2.830524882435059","400"
"3","400","1","45","40","0","398","398","1.68","1.0973577044164828","2.682135023292854","400"
"3","400","1","45","40","0","399","399","1.705","1.0973613029734646","2.763936909979256","400"
"3","400","1","45","40","0","400","400","1.715","1.0973645416747473","2.8148626230258316","400"
"3","400","1","45","40","0","401","401","1.74","1.0973674565058964","2.9066803831572035","400"
"3","400","1","45","40","0","402","402","1.69","1.0973700798539385","3.6418487813875515","400"
"3","400","1","45","40","0","403","403","1.71","1.0973724408671726","3.053192337783076","400"
"3","400","1","45","40","0","404","404","1.77","1.097374565779085","2.9221099929172323","400"
"3","400","1","45","40","0","405","405","1.815","1.097376478199805","2.9193652828286907","400"
"3","400","1","45","40","0","406","406","1.85","1.0973781993784544","2.9468210119261338","400"
"3","400","1","45","40","0","407","407","1.885","1.097379748439234","3.1052443913501526","400"
"3","400","1","45","40","0","408","408","1.845","1.0973811425939437","3.701553215826335","400"
"3","400","1","45","40","0","409","409","1.765","1.0973823973331736","3.277506029856432","400"
"3","400","1","45","40","0","410","410","1.76","1.0973835265984841","3.3949530163189374","400"
"3","400","1","45","40","0","411","411","1.67","1.097384542937265","3.214348691861695","400"
"3","400","1","45","40","0","412","412","1.625","1.097385457642168","3.3943818333690854","400"
"3","400","1","45","40","0","413","413","1.62","1.0973862808765746","3.1807947594028954","400"
"3","400","1","45","40","0","414","414","1.685","1.0973870217875477","2.946670354754504","400"
"3","400","1","45","40","0","415","415","1.725","1.0973876886074214","2.917619403776633","400"
"3","400","1","45","40","0","416","416","1.75","1.0973882887453075","2.837467853565474","400"
"3","400","1","45","40","0","417","417","1.645","1.0973888288694054","3.2193234373756066","400"
"3","400","1","45","40","0","418","418","1.65","1.0973893149810936","2.95417811097507","400"
"3","400","1","45","40","0","419","419","1.67","1.097389752481617","2.983374010901846","400"
"3","400","1","45","40","0","420","420","1.81","1.0973901462320796","3.1062854263786224","400"
"3","400","1","45","40","0","421","421","1.785","1.0973905006074975","3.2229143374793385","400"
"3","400","1","45","40","0","422","422","1.725","1.0973908195453765","2.8627688910947846","400"
"3","400","1","45","40","0","423","423","1.695","1.0973911065894666","3.0349806142494655","400"
"3","400","1","45","40","0","424","424","1.67","1.097391364929148","3.1981140426558303","400"
"3","400","1","45","40","0","425","425","1.605","1.0973915974348638","3.430134609338467","400"
"3","400","1","45","40","0","426","426","1.595","1.0973918066900015","3.2007643274283275","400"
"3","400","1","45","40","0","427","427","1.565","1.0973919950196342","3.235477653071968","400"
"3","400","1","45","40","0","428","428","1.655","1.097392164516301","3.254290472111949","400"
"3","400","1","45","40","0","429","429","1.695","1.0973923170632967","3.1892752340150574","400"
"3","400","1","45","40","0","430","430","1.7","1.0973924543555957","2.863659216490541","400"
"3","400","1","45","40","0","431","431","1.72","1.0973925779186642","3.16342211096939","400"
"3","400","1","45","40","0","432","432","1.745","1.097392689125428","3.0031941186308204","400"
"3","400","1","45","40","0","433","433","1.755","1.097392789211507","3.037541848572612","400"
"3","400","1","45","40","0","434","434","1.755","1.0973928792889844","3.2439087352712455","400"
"3","400","1","45","40","0","435","435","1.895","1.0973929603587176","3.164012398215004","400"
"3","400","1","45","40","0","436","436","1.84","1.0973930333214783","3.2108747167986853","400"
"3","400","1","45","40","0","437","437","1.805","1.0973930989879523","2.9845139993361127","400"
"3","400","1","45","40","0","438","438","1.62","1.097393158087787","2.9250775130019058","400"
"3","400","1","45","40","0","439","439","1.67","1.0973932112776348","3.1258483578211416","400"
"3","400","1","45","40","0","440","440","1.635","1.0973932591485003","3.1011957669012524","400"
"3","400","1","45","40","0","441","441","1.54","1.0973933022322804","2.9541715423736274","400"
"3","400","1","45","40","0","442","442","1.595","1.0973933410076808","3.0906301773404223","400"
"3","400","1","45","40","0","443","443","1.61","1.0973933759055432","2.936969177819698","400"
"3","400","1","45","40","0","444","444","1.62","1.0973934073136165","3.129009402034288","400"
"3","400","1","45","40","0","445","445","1.595","1.0973934355808792","3.071127786255763","400"
"3","400","1","45","40","0","446","446","1.61","1.0973934610214189","3.1236957301459367","400"
"3","400","1","45","40","0","447","447","1.57","1.0973934839179071","3.0597404689189487","400"
"3","400","1","45","40","0","448","448","1.605","1.0973935045247463","3.2831554746105605","400"
"3","400","1","45","40","0","449","449","1.63","1.097393523070896","3.1984552443800895","400"
"3","400","1","45","40","0","450","450","1.545","1.0973935397624384","3.267843356471507","400"
"3","400","1","45","40","0","451","451","1.59","1.0973935547848253","3.061852750530621","400"
"3","400","1","45","40","0","452","452","1.64","1.0973935683049687","3.1545506515286843","400"
"3","400","1","45","40","0","453","453","1.54","1.0973935804730997","3.0304916149985344","400"
"3","400","1","45","40","0","454","454","1.63","1.097393591424419","3.0555774493416257","400"
"3","400","1","45","40","0","455","455","1.63","1.0973936012806045","3.0626589064158867","400"
"3","400","1","45","40","0","456","456","1.7","1.0973936101511759","3.0441552100934812","400"
"3","400","1","45","40","0","457","457","1.61","1.097393618134681","3.1418276440903408","400"
"3","400","1","45","40","0","458","458","1.67","1.097393625319848","3.218067413072119","400"
"3","400","1","45","40","0","459","459","1.69","1.0973936317864852","3.6656927121834095","400"
"3","400","1","45","40","0","460","460","1.695","1.0973936376064684","3.4227799569424975","400"
"3","400","1","45","40","0","461","461","1.755","1.0973936428444475","3.2153208290284057","400"
"3","400","1","45","40","0","462","462","1.65","1.0973936475586348","3.00383099016796","400"
"3","400","1","45","40","0","463","463","1.7","1.0973936518013963","3.0115083799276112","400"
"3","400","1","45","40","0","464","464","1.635","1.097393655619885","3.1455848477547","400"
"3","400","1","45","40","0","465","465","1.605","1.0973936590565279","2.9935495318090135","400"
"3","400","1","45","40","0","466","466","1.655","1.0973936621495","2.750320696473586","400"
"3","400","1","45","40","0","467","467","1.66","1.0973936649331806","2.91073807214764","400"
"3","400","1","45","40","0","468","468","1.68","1.0973936674384859","2.8599255529640866","400"
"3","400","1","45","40","0","469","469","1.72","1.097393669693268","2.963940492675901","400"
"3","400","1","45","40","0","470","470","1.72","1.097393671722566","2.967134077929139","400"
"3","400","1","45","40","0","471","471","1.645","1.0973936735489411","2.951475469152068","400"
"3","400","1","45","40","0","472","472","1.695","1.0973936751926745","2.747537961051703","400"
"3","400","1","45","40","0","473","473","1.605","1.0973936766720362","3.053954683079839","400"
"3","400","1","45","40","0","474","474","1.505","1.0973936780034612","2.8156733774532623","400"
"3","400","1","45","40","0","475","475","1.47","1.097393679201745","2.705022706101525","400"
"3","400","1","45","40","0","476","476","1.45","1.0973936802801987","2.757663667401898","400"
"3","400","1","45","40","0","477","477","1.555","1.0973936812508063","2.92762378458955","400"
"3","400","1","45","40","0","478","478","1.615","1.0973936821243526","2.8836149401203772","400"
"3","400","1","45","40","0","479","479","1.66","1.0973936829105464","2.777300927677583","400"
"3","400","1","45","40","0","480","480","1.62","1.0973936836181215","2.885414000484904","400"
"3","400","1","45","40","0","481","481","1.6","1.0973936842549348","3.013328429088451","400"
"3","400","1","45","40","0","482","482","1.575","1.0973936848280716","3.149018181700966","400"
"3","400","1","45","40","0","483","483","1.575","1.0973936853438924","2.7568198104125874","400"
"3","400","1","45","40","0","484","484","1.615","1.0973936858081303","2.6810577310258776","400"
"3","400","1","45","40","0","485","485","1.725","1.097393686225948","2.8001621887654813","400"
"3","400","1","45","40","0","486","486","1.665","1.097393686601977","2.8791422342431305","400"
"3","400","1","45","40","0","487","487","1.65","1.0973936869404115","2.917077421652021","400"
"3","400","1","45","40","0","488","488","1.585","1.0973936872450034","2.774051856364619","400"
"3","400","1","45","40","0","489","489","1.6","1.0973936875191295","2.7866611716011067","400"
"3","400","1","45","40","0","490","490","1.63","1.0973936877658446","2.949784486532553","400"
"3","400","1","45","40","0","491","491","1.64","1.097393687987886","3.052033220102014","400"
"3","400","1","45","40","0","492","492","1.575","1.0973936881877262","2.868696198057145","400"
"3","400","1","45","40","0","493","493","1.635","1.0973936883675826","2.829909110919392","400"
"3","400","1","45","40","0","494","494","1.755","1.0973936885294493","2.803523578214129","400"
"3","400","1","45","40","0","495","495","1.695","1.0973936886751336","2.8538009050015236","400"
"3","400","1","45","40","0","496","496","1.71","1.0973936888062514","2.997459036289947","400"
"3","400","1","45","40","0","497","497","1.66","1.0973936889242497","2.842207500559587","400"
"3","400","1","45","40","0","498","498","1.7","1.0973936890304565","3.1036568176312045","400"
"3","400","1","45","40","0","499","499","1.615","1.0973936891260405","2.9921310474419855","400"
"3","400","1","45","40","0","500","500","1.665","1.0973936892120577","3.12410970580324","400"
"3","400","1","45","40","0","501","501","1.68","1.0973936892894856","3.1942191020335984","400"
"3","400","1","45","40","0","502","502","1.76","1.0973936893591667","3.186894015094109","400"
"3","400","1","45","40","0","503","503","1.79","1.0973936894218734","3.304397562089532","400"
"3","400","1","45","40","0","504","504","1.69","1.097393689478317","3.264672584156384","400"
"3","400","1","45","40","0","505","505","1.715","1.0973936895291154","3.2543680177161107","400"
"3","400","1","45","40","0","506","506","1.685","1.0973936895748349","3.043942752895684","400"
"3","400","1","45","40","0","507","507","1.645","1.0973936896159742","3.111337585660528","400"
"3","400","1","45","40","0","508","508","1.665","1.0973936896530054","2.9531710596650758","400"
"3","400","1","45","40","0","509","509","1.765","1.0973936896863348","2.8982543051575886","400"
"3","400","1","45","40","0","510","510","1.745","1.0973936897163306","3.078153707989453","400"
"3","400","1","45","40","0","511","511","1.735","1.0973936897433267","3.0920274842099804","400"
"3","400","1","45","40","0","512","512","1.77","1.0973936897676235","2.9721556943805587","400"
"3","400","1","45","40","0","513","513","1.74","1.0973936897894838","2.665692558505887","400"
"3","400","1","45","40","0","514","514","1.695","1.0973936898091656","2.809404026104812","400"
"3","400","1","45","40","0","515","515","1.635","1.0973936898268768","2.8332472206280066","400"
"3","400","1","45","40","0","516","516","1.645","1.0973936898428132","2.7830149937765585","400"
"3","400","1","45","40","0","517","517","1.715","1.0973936898571621","3.0610618700959487","400"
"3","400","1","45","40","0","518","518","1.665","1.0973936898700742","3.0241123074838288","400"
"3","400","1","45","40","0","519","519","1.59","1.0973936898816958","2.807432323182692","400"
"3","400","1","45","40","0","520","520","1.58","1.0973936898921532","3.0017278871687036","400"
"3","400","1","45","40","0","521","521","1.545","1.0973936899015695","2.8212753228009073","400"
"3","400","1","45","40","0","522","522","1.605","1.09739368991004","2.8862052348264595","400"
"3","400","1","45","40","0","523","523","1.695","1.0973936899176648","3.0312308282461986","400"
"3","400","1","45","40","0","524","524","1.695","1.0973936899245298","2.9763150698691816","400"
"3","400","1","45","40","0","525","525","1.675","1.097393689930703","3.0440798949747445","400"
"3","400","1","45","40","0","526","526","1.61","1.0973936899362582","2.812332373144001","400"
"3","400","1","45","40","0","527","527","1.69","1.0973936899412622","3.0118873491431932","400"
"3","400","1","45","40","0","528","528","1.765","1.0973936899457628","3.273663600048038","400"
"3","400","1","45","40","0","529","529","1.765","1.0973936899498136","3.2662309687460573","400"
"3","400","1","45","40","0","530","530","1.76","1.09739368995346","3.292556087715058","400"
"3","400","1","45","40","0","531","531","1.66","1.0973936899567387","3.1790530821620098","400"
"3","400","1","45","40","0","532","532","1.675","1.0973936899596997","2.889048466761172","400"
"3","400","1","45","40","0","533","533","1.665","1.0973936899623544","2.849652230081476","400"
"3","400","1","45","40","0","534","534","1.7","1.0973936899647496","3.061176393093914","400"
"3","400","1","45","40","0","535","535","1.745","1.0973936899669017","3.166499168844132","400"
"3","400","1","45","40","0","536","536","1.78","1.097393689968843","3.233178389189084","400"
"3","400","1","45","40","0","537","537","1.755","1.0973936899705852","3.1088655089133486","400"
"3","400","1","45","40","0","538","538","1.685","1.0973936899721555","2.9380137780389934","400"
"3","400","1","45","40","0","539","539","1.765","1.0973936899735641","3.160113081832856","400"
"3","400","1","45","40","0","540","540","1.715","1.0973936899748402","3.0403922704624695","400"
"3","400","1","45","40","0","541","541","1.66","1.0973936899759869","3.237723569509546","400"
"3","400","1","45","40","0","542","542","1.645","1.0973936899770118","3.2798758958332925","400"
"3","400","1","45","40","0","543","543","1.82","1.0973936899779355","3.118662241284768","400"
"3","400","1","45","40","0","544","544","1.965","1.0973936899787775","3.2356226111796884","400"
"3","400","1","45","40","0","545","545","1.965","1.0973936899795278","3.369855055070846","400"
"3","400","1","45","40","0","546","546","2.005","1.0973936899802015","3.2093480925407487","400"
"3","400","1","45","40","0","547","547","1.885","1.0973936899808054","3.172353192215","400"
"3","400","1","45","40","0","548","548","1.72","1.0973936899813597","3.3588019372622275","400"
"3","400","1","45","40","0","549","549","1.73","1.0973936899818524","3.45375561312938","400"
"3","400","1","45","40","0","550","550","1.74","1.0973936899822965","3.160572375878815","400"
"3","400","1","45","40","0","551","551","1.675","1.0973936899826882","3.0236441738243585","400"
"3","400","1","45","40","0","552","552","1.75","1.0973936899830516","2.9886646256964986","400"
"3","400","1","45","40","0","553","553","1.71","1.097393689983372","3.0510982207928907","400"
"3","400","1","45","40","0","554","554","1.77","1.0973936899836676","3.469437956946047","400"
"3","400","1","45","40","0","555","555","1.775","1.0973936899839218","3.2823905796171933","400"
"3","400","1","45","40","0","556","556","1.875","1.0973936899841648","3.330603632020314","400"
"3","400","1","45","40","0","557","557","1.74","1.097393689984379","3.4254149906591116","400"
"3","400","1","45","40","0","558","558","1.695","1.0973936899845667","3.001052013882479","400"
"3","400","1","45","40","0","559","559","1.69","1.0973936899847374","3.081699060160407","400"
"3","400","1","45","40","0","560","560","1.665","1.0973936899848922","2.8851372664703785","400"
"3","400","1","45","40","0","561","561","1.6","1.0973936899850312","2.862759095596865","400"
"3","400","1","45","40","0","562","562","1.75","1.0973936899851566","3.0923143202320293","400"
"3","400","1","45","40","0","563","563","1.65","1.097393689985268","3.6028168025955565","400"
"3","400","1","45","40","0","564","564","1.67","1.097393689985372","3.2055603415448433","400"
"3","400","1","45","40","0","565","565","1.595","1.0973936899854613","2.954766486601057","400"
"3","400","1","45","40","0","566","566","1.69","1.0973936899855425","3.255687242696103","400"
"3","400","1","45","40","0","567","567","1.63","1.0973936899856183","3.203654295262467","400"
"3","400","1","45","40","0","568","568","1.655","1.0973936899856802","3.2445418584994603","400"
"3","400","1","45","40","0","569","569","1.665","1.0973936899857475","2.9367273947691332","400"
"3","400","1","45","40","0","570","570","1.63","1.0973936899857992","3.0137244026754075","400"
"3","400","1","45","40","0","571","571","1.64","1.097393689985846","2.854795802467182","400"
"3","400","1","45","40","0","572","572","1.655","1.0973936899858907","2.901640218715449","400"
"3","400","1","45","40","0","573","573","1.725","1.09739368998593","2.6556338376923545","400"
"3","400","1","45","40","0","574","574","1.62","1.0973936899859627","2.795368961324711","400"
"3","400","1","45","40","0","575","575","1.725","1.0973936899859986","2.9187435497125622","400"
"3","400","1","45","40","0","576","576","1.665","1.0973936899860235","3.172913304713983","400"
"3","400","1","45","40","0","577","577","1.665","1.097393689986053","3.2428922277175194","400"
"3","400","1","45","40","0","578","578","1.765","1.097393689986072","2.9442084781248723","400"
"3","400","1","45","40","0","579","579","1.74","1.0973936899860937","3.1430665390813397","400"
"3","400","1","45","40","0","580","580","1.895","1.0973936899861172","3.2441864050627744","400"
"3","400","1","45","40","0","581","581","1.865","1.097393689986127","3.474144753460942","400"
"3","400","1","45","40","0","582","582","1.87","1.0973936899861467","3.5216085739044862","400"
"3","400","1","45","40","0","583","583","1.795","1.0973936899861616","3.5850267886953544","400"
"3","400","1","45","40","0","584","584","1.82","1.0973936899861718","3.2731677564288733","400"
"3","400","1","45","40","0","585","585","1.815","1.097393689986183","2.902683957614358","400"
"3","400","1","45","40","0","586","586","1.885","1.0973936899861947","2.943896349657953","400"
"3","400","1","45","40","0","587","587","1.72","1.097393689986204","3.0981374087269584","400"
"3","400","1","45","40","0","588","588","1.715","1.097393689986208","3.1089997291833757","400"
"3","400","1","45","40","0","589","589","1.79","1.0973936899862204","3.277276554925401","400"
"3","400","1","45","40","0","590","590","1.85","1.0973936899862238","2.996034350398987","400"
"3","400","1","45","40","0","591","591","1.76","1.0973936899862295","2.9366632004080286","400"
"3","400","1","45","40","0","592","592","1.805","1.097393689986238","2.975324532790661","400"
"3","400","1","45","40","0","593","593","1.81","1.0973936899862422","2.9210843495135816","400"
"3","400","1","45","40","0","594","594","1.795","1.097393689986241","2.7763713252557056","400"
"3","400","1","45","40","0","595","595","1.775","1.0973936899862495","2.9448032897850243","400"
"3","400","1","45","40","0","596","596","1.855","1.097393689986252","3.0696749784084782","400"
"3","400","1","45","40","0","597","597","1.775","1.0973936899862555","3.2044625505177047","400"
"3","400","1","45","40","0","598","598","1.725","1.0973936899862522","3.1306721394792025","400"
"3","400","1","45","40","0","599","599","1.85","1.0973936899862602","3.333351975476059","400"
"3","400","1","45","40","0","600","600","1.91","1.0973936899862609","3.4925602873875246","400"
"4","400","1","45","40","0","0","0","1.765","0","0","400"
"4","400","1","45","40","0","1","1","1.77","0.1097393689986325","1.125","400"
"4","400","1","45","40","0","2","2","1.855","0.20850480109739603","1.7578125","400"
"4","400","1","45","40","0","3","3","1.73","0.2973936899862831","2.115984375","400"
"4","400","1","45","40","0","4","4","1.765","0.37739368998628287","1.893579345703125","400"
"4","400","1","45","40","0","5","5","1.785","0.4493936899862834","1.9816271026611332","400"
"4","400","1","45","40","0","6","6","1.795","0.5141936899862821","2.2643270867614746","400"
"4","400","1","45","40","0","7","7","1.865","0.5725136899862814","2.4089479427667615","400"
"4","400","1","45","40","0","8","8","1.895","0.6250016899862846","2.771824702782984","400"
"4","400","1","45","40","0","9","9","1.945","0.6722408899862831","3.0066775285576823","400"
"4","400","1","45","40","0","10","10","2.03","0.7147561699862822","3.2717976356557155","400"
"4","400","1","45","40","0","11","11","2.05","0.7530199219862838","3.478220599728769","400"
"4","400","1","45","40","0","12","12","2.075","0.7874572987862835","3.7866155480568566","400"
"4","400","1","45","40","0","13","13","2.045","0.8184509379062858","4.131137979589606","400"
"4","400","1","45","40","0","14","14","2.27","0.8463452131142803","4.168627612922967","400"
"4","400","1","45","40","0","15","15","2.36","0.8714500608014826","3.9940364151853034","400"
"4","400","1","45","40","0","16","16","2.49","0.8940444237199612","4.262499344583951","400"
"4","400","1","45","40","0","17","17","2.67","0.9143793503465962","4.349942099925679","400"
"4","400","1","45","40","0","18","18","2.79","0.9326807843105615","5.3411907620720775","400"
"4","400","1","45","40","0","19","19","2.85","0.949152074878134","5.89130399588773","400"
"4","400","1","45","40","0","20","20","3.11","0.963976236388951","5.702705279260955","400"
"4","400","1","45","40","0","21","21","3.33","0.977317981748683","5.780292549733191","400"
"4","400","1","45","40","0","22","22","3.495","0.9893255525724455","5.89025971773155","400"
"4","400","1","45","40","0","23","23","3.65","1.000132366313832","6.495928479815447","400"
"4","400","1","45","40","0","24","24","3.74","1.0098584986810692","6.813175999015951","400"
"4","400","1","45","40","0","25","25","3.69","1.0186120178115945","7.106003702603649","400"
"4","400","1","45","40","0","26","26","3.775","1.026490185029062","6.860195591184645","400"
"4","400","1","45","40","0","27","27","3.855","1.033580535524783","7.60713468328417","400"
"4","400","1","45","40","0","28","28","3.855","1.0399618509709345","6.8968644264615975","400"
"4","400","1","45","40","0","29","29","4.03","1.0457050348724661","6.821853696749649","400"
"4","400","1","45","40","0","30","30","4.29","1.0508739003838554","7.254890320181953","400"
"4","400","1","45","40","0","31","31","4.525","1.0555258793440974","7.327116441581629","400"
"4","400","1","45","40","0","32","32","4.73","1.0597126604083171","7.664792457838492","400"
"4","400","1","45","40","0","33","33","4.87","1.0634807633661099","7.358485544266437","400"
"4","400","1","45","40","0","34","34","4.92","1.0668720560281293","7.5594524511144385","400"
"4","400","1","45","40","0","35","35","5.01","1.0699242194239422","7.283619247076419","400"
"4","400","1","45","40","0","36","36","5.075","1.0726711664801765","7.309856040855061","400"
"4","400","1","45","40","0","37","37","5.09","1.0751434188307876","7.948210905910028","400"
"4","400","1","45","40","0","38","38","5.15","1.0773684459463406","8.137658308669227","400"
"4","400","1","45","40","0","39","39","5.54","1.07937097035033","8.702438728645253","400"
"4","400","1","45","40","0","40","40","5.675","1.0811732423139262","8.992083475271178","400"
"4","400","1","45","40","0","41","41","6.04","1.082795287081164","9.889697102999529","400"
"4","400","1","45","40","0","42","42","6.345","1.084255127371673","8.542935806536514","400"
"4","400","1","45","40","0","43","43","6.625","1.0855689836331295","10.175215369423258","400"
"4","400","1","45","40","0","44","44","6.845","1.08675145426845","10.66574152791372","400"
"4","400","1","45","40","0","45","45","6.875","1.0878156778402321","9.96164571680981","400"
"4","400","1","45","40","0","46","46","6.92","1.0887734790548407","9.950473623268607","400"
"4","400","1","45","40","0","47","47","6.95","1.0896355001479785","10.1537298650633","400"
"4","400","1","45","40","0","48","48","6.97","1.0904113191318119","9.613732187012916","400"
"4","400","1","45","40","0","49","49","7.09","1.0911095562172568","10.57428720081314","400"
"4","400","1","45","40","0","50","50","7.35","1.0917379695941616","9.986554827357532","400"
"4","400","1","45","40","0","51","51","7.59","1.092303541633377","10.661768234610472","400"
"4","400","1","45","40","0","52","52","7.445","1.0928125564686628","10.381053245845898","400"
"4","400","1","45","40","0","53","53","7.61","1.093270669820427","10.713164494299862","400"
"4","400","1","45","40","0","54","54","7.925","1.0936829718370118","11.529346123876921","400"
"4","400","1","45","40","0","55","55","8.08","1.0940540436519426","11.114145345235288","400"
"4","400","1","45","40","0","56","56","8.15","1.094388008285375","10.970450520980457","400"
"4","400","1","45","40","0","57","57","7.895","1.0946885764554675","11.182334941171973","400"
"4","400","1","45","40","0","58","58","7.995","1.0949590878085491","10.591036090499944","400"
"4","400","1","45","40","0","59","59","8.13","1.0952025480263188","11.148592129687929","400"
"4","400","1","45","40","0","60","60","8.725","1.0954216622223163","10.417190988130193","400"
"4","400","1","45","40","0","61","61","9.16","1.0956188649987124","11.277727426244358","400"
"4","400","1","45","40","0","62","62","9.595","1.0957963474974681","11.63007800710303","400"
"4","400","1","45","40","0","63","63","9.495","1.0959560817463487","12.906291294966918","400"
"4","400","1","45","40","0","64","64","9.025","1.0960998425703465","12.91698095329534","400"
"4","400","1","45","40","0","65","65","8.64","1.0962292273119412","12.530940685274464","400"
"4","400","1","45","40","0","66","66","8.715","1.0963456735793715","11.680374693472078","400"
"4","400","1","45","40","0","67","67","8.825","1.096450475220065","11.29684945392714","400"
"4","400","1","45","40","0","68","68","9.39","1.096544796696685","11.409931063573538","400"
"4","400","1","45","40","0","69","69","9.33","1.096629686025645","11.964384458562229","400"
"4","400","1","45","40","0","70","70","9.36","1.0967060864217095","11.399086131083893","400"
"4","400","1","45","40","0","71","71","9.44","1.0967748467781697","10.785832523145368","400"
"4","400","1","45","40","0","72","72","9.92","1.0968367310989755","11.972054649388058","400"
"4","400","1","45","40","0","73","73","10.385","1.096892426987707","12.959070902507007","400"
"4","400","1","45","40","0","74","74","10.61","1.0969425532875683","14.577191176555079","400"
"4","400","1","45","40","0","75","75","11.155","1.096987666957439","14.73011428618787","400"
"4","400","1","45","40","0","76","76","11.135","1.0970282692603217","16.161323260114234","400"
"4","400","1","45","40","0","77","77","11.25","1.0970648113329164","15.087185247817422","400"
"4","400","1","45","40","0","78","78","11.36","1.0970976991982577","14.226683439015009","400"
"4","400","1","45","40","0","79","79","11.38","1.097127298277054","13.904249440238035","400"
"4","400","1","45","40","0","80","80","11.36","1.0971539374479828","15.165529603733011","400"
"4","400","1","45","40","0","81","81","11.735","1.0971779127018138","14.247366662888739","400"
"4","400","1","45","40","0","82","82","11.495","1.0971994904302547","15.321008539077756","400"
"4","400","1","45","40","0","83","83","11.15","1.0972189103858598","13.697766118949712","400"
"4","400","1","45","40","0","84","84","10.725","1.0972363883459022","14.036460265846538","400"
"4","400","1","45","40","0","85","85","10.545","1.0972521185099424","13.107926099543858","400"
"4","400","1","45","40","0","86","86","10.655","1.0972662756575728","14.177965138347753","400"
"4","400","1","45","40","0","87","87","10.885","1.0972790170904436","14.855368489937751","400"
"4","400","1","45","40","0","88","88","11.37","1.097290484380027","14.021538906799753","400"
"4","400","1","45","40","0","89","89","12.065","1.0973008049406552","14.066146244402242","400"
"4","400","1","45","40","0","90","90","12.32","1.0973100934452156","15.500667293734594","400"
"4","400","1","45","40","0","91","91","12.665","1.0973184530993247","13.977547474101694","400"
"4","400","1","45","40","0","92","92","12.935","1.0973259767880172","15.709434288423653","400"
"4","400","1","45","40","0","93","93","13.14","1.0973327481078454","15.39879266022425","400"
"4","400","1","45","40","0","94","94","12.915","1.0973388422956913","15.344846849585885","400"
"4","400","1","45","40","0","95","95","13.125","1.0973443270647496","15.449826313009352","400"
"4","400","1","45","40","0","96","96","13.425","1.097349263356901","15.944030765178596","400"
"4","400","1","45","40","0","97","97","13.225","1.0973537060198417","15.27148137473602","400"
"4","400","1","45","40","0","98","98","13.4","1.0973577044164864","15.20466587419477","400"
"4","400","1","45","40","0","99","99","13.505","1.0973613029734657","15.958517697965819","400"
"4","400","1","45","40","0","100","100","13.12","1.0973645416747473","17.11382113105987","400"
"4","400","1","45","40","0","101","101","12.58","1.0973674565058982","16.46274960319245","400"
"4","400","1","45","40","0","102","102","12.48","1.0973700798539394","16.195612079475207","400"
"4","400","1","45","40","0","103","103","12.325","1.0973724408671737","16.086223399986526","400"
"4","400","1","45","40","0","104","104","12.34","1.0973745657790814","16.48782685607943","400"
"4","400","1","45","40","0","105","105","12.665","1.0973764781998052","15.275897291262796","400"
"4","400","1","45","40","0","106","106","12.75","1.0973781993784508","16.400227379473126","400"
"4","400","1","45","40","0","107","107","12.44","1.0973797484392311","15.495763334747004","400"
"4","400","1","45","40","0","108","108","12.51","1.097381142593935","15.330562530096254","400"
"4","400","1","45","40","0","109","109","13.165","1.0973823973331704","17.151454584076486","400"
"4","400","1","45","40","0","110","110","13.25","1.0973835265984848","17.060624208119826","400"
"4","400","1","45","40","0","111","111","13.405","1.0973845429372633","17.25623966339423","400"
"4","400","1","45","40","0","112","112","13.425","1.0973854576421675","16.751805989687643","400"
"4","400","1","45","40","0","113","113","13.785","1.0973862808765797","16.220677600886656","400"
"4","400","1","45","40","0","114","114","13.835","1.0973870217875472","16.612931359117002","400"
"4","400","1","45","40","0","115","115","13.48","1.0973876886074223","15.402747619579829","400"
"4","400","1","45","40","0","116","116","13.36","1.0973882887453081","15.902964615659124","400"
"4","400","1","45","40","0","117","117","13.3","1.0973888288694047","15.622030872505325","400"
"4","400","1","45","40","0","118","118","13.405","1.0973893149810912","15.861565625001248","400"
"4","400","1","45","40","0","119","119","13.68","1.09738975248161","15.483735082771075","400"
"4","400","1","45","40","0","120","120","13.98","1.0973901462320772","15.750147224878704","400"
"4","400","1","45","40","0","121","121","14.68","1.0973905006075013","17.050486486584266","400"
"4","400","1","45","40","0","122","122","15.455","1.0973908195453779","18.40252675254959","400"
"4","400","1","45","40","0","123","123","15.405","1.0973911065894681","19.08739156566432","400"
"4","400","1","45","40","0","124","124","15.535","1.09739136492915","19.439920122911435","400"
"4","400","1","45","40","0","125","125","15.34","1.0973915974348636","18.52908105256915","400"
"4","400","1","45","40","0","126","126","15.675","1.0973918066900032","17.744579013889545","400"
"4","400","1","45","40","0","127","127","16.085","1.0973919950196334","17.435307501341036","400"
"4","400","1","45","40","0","128","128","16.145","1.0973921645162983","18.1959877663906","400"
"4","400","1","45","40","0","129","129","16.08","1.0973923170632975","18.644175367986794","400"
"4","400","1","45","40","0","130","130","16.26","1.0973924543555929","19.85821594141487","400"
"4","400","1","45","40","0","131","131","16.275","1.0973925779186633","19.509724693316873","400"
"4","400","1","45","40","0","132","132","15.895","1.0973926891254286","19.464264266567163","400"
"4","400","1","45","40","0","133","133","15.375","1.0973927892115103","19.4166619702508","400"
"4","400","1","45","40","0","134","134","15.16","1.0973928792889849","19.943265412797608","400"
"4","400","1","45","40","0","135","135","15.175","1.0973929603587198","19.729805201223314","400"
"4","400","1","45","40","0","136","136","15.49","1.0973930333214752","19.548376916249858","400"
"4","400","1","45","40","0","137","137","16.135","1.0973930989879541","18.883036597250914","400"
"4","400","1","45","40","0","138","138","16.195","1.0973931580877876","19.572841166697984","400"
"4","400","1","45","40","0","139","139","15.955","1.0973932112776357","19.820382213299556","400"
"4","400","1","45","40","0","140","140","15.9","1.0973932591484996","20.249053731921034","400"
"4","400","1","45","40","0","141","141","16.055","1.097393302232282","19.122933244827564","400"
"4","400","1","45","40","0","142","142","16.63","1.0973933410076788","20.177285492058257","400"
"4","400","1","45","40","0","143","143","16.92","1.097393375905541","23.207422681976368","400"
"4","400","1","45","40","0","144","144","16.56","1.0973934073136138","23.00708327347417","400"
"4","400","1","45","40","0","145","145","16.025","1.0973934355808825","23.48202337065134","400"
"4","400","1","45","40","0","146","146","16.445","1.0973934610214213","22.549651747616817","400"
"4","400","1","45","40","0","147","147","16.68","1.097393483917907","23.237527614443344","400"
"4","400","1","45","40","0","148","148","17.35","1.0973935045247427","25.04438051620663","400"
"4","400","1","45","40","0","149","149","17.625","1.0973935230709035","22.8359708440854","400"
"4","400","1","45","40","0","150","150","18.18","1.0973935397624404","24.016811660850454","400"
"4","400","1","45","40","0","151","151","18.99","1.0973935547848184","23.504176637667964","400"
"4","400","1","45","40","0","152","152","19.645","1.0973935683049647","25.38401844247202","400"
"4","400","1","45","40","0","153","153","20.22","1.0973935804730959","26.061589875345746","400"
"4","400","1","45","40","0","154","154","19.9","1.0973935914244137","27.48572828843046","400"
"4","400","1","45","40","0","155","155","19.175","1.0973936012806045","30.139578825023012","400"
"4","400","1","45","40","0","156","156","18.72","1.0973936101511732","27.661667863001284","400"
"4","400","1","45","40","0","157","157","19.24","1.097393618134683","30.015896764702223","400"
"4","400","1","45","40","0","158","158","19.425","1.0973936253198415","29.211733362456027","400"
"4","400","1","45","40","0","159","159","19.85","1.0973936317864892","27.676241881409517","400"
"4","400","1","45","40","0","160","160","20.455","1.097393637606464","30.077127606005224","400"
"4","400","1","45","40","0","161","161","20.9","1.0973936428444486","28.301305262480458","400"
"4","400","1","45","40","0","162","162","21.645","1.097393647558635","28.95084770644647","400"
"4","400","1","45","40","0","163","163","21.965","1.0973936518013938","32.24487118695156","400"
"4","400","1","45","40","0","164","164","22.755","1.0973936556198838","35.034947764667976","400"
"4","400","1","45","40","0","165","165","22.94","1.0973936590565267","33.97608784004442","400"
"4","400","1","45","40","0","166","166","21.97","1.0973936621494993","34.83300540938167","400"
"4","400","1","45","40","0","167","167","21.045","1.0973936649331781","34.658161354639","400"
"4","400","1","45","40","0","168","168","20.76","1.0973936674384879","33.284456624199024","400"
"4","400","1","45","40","0","169","169","20.055","1.0973936696932698","32.18303963692348","400"
"4","400","1","45","40","0","170","170","19.395","1.0973936717225712","32.522451535427344","400"
"4","400","1","45","40","0","171","171","19.615","1.0973936735489447","30.809501223055786","400"
"4","400","1","45","40","0","172","172","19.8","1.0973936751926772","29.84708877447112","400"
"4","400","1","45","40","0","173","173","20.145","1.0973936766720356","30.23862654626075","400"
"4","400","1","45","40","0","174","174","20.34","1.0973936780034603","31.546513092209292","400"
"4","400","1","45","40","0","175","175","20.49","1.0973936792017442","31.347453853544494","400"
"4","400","1","45","40","0","176","176","21.195","1.0973936802801958","31.534009271236727","400"
"4","400","1","45","40","0","177","177","21.8","1.0973936812508045","32.25347523477572","400"
"4","400","1","45","40","0","178","178","22.375","1.097393682124354","31.665187028110633","400"
"4","400","1","45","40","0","179","179","22.98","1.0973936829105457","33.17654881903116","400"
"4","400","1","45","40","0","180","180","22.61","1.0973936836181242","33.84275250623072","400"
"4","400","1","45","40","0","181","181","22.47","1.097393684254936","34.1569703502795","400"
"4","400","1","45","40","0","182","182","21.63","1.0973936848280714","33.834396001171676","400"
"4","400","1","45","40","0","183","183","21.42","1.097393685343893","32.615745792132884","400"
"4","400","1","45","40","0","184","184","20.865","1.0973936858081306","33.37613776826392","400"
"4","400","1","45","40","0","185","185","20.795","1.0973936862259472","33.4523812047121","400"
"4","400","1","45","40","0","186","186","21.355","1.0973936866019853","32.94340849305451","400"
"4","400","1","45","40","0","187","187","22.655","1.0973936869404082","32.657485179797966","400"
"4","400","1","45","40","0","188","188","23.725","1.0973936872449952","35.34009278044862","400"
"4","400","1","45","40","0","189","189","24.02","1.0973936875191275","33.82011900063779","400"
"4","400","1","45","40","0","190","190","23.78","1.0973936877658408","35.45924535571299","400"
"4","400","1","45","40","0","191","191","22.645","1.097393687987886","32.83044290740524","400"
"4","400","1","45","40","0","192","192","21.585","1.0973936881877262","32.29686022691241","400"
"4","400","1","45","40","0","193","193","19.975","1.0973936883675783","29.9705420424276","400"
"4","400","1","45","40","0","194","194","19.22","1.0973936885294533","30.016576237216427","400"
"4","400","1","45","40","0","195","195","18.785","1.0973936886751303","27.890147266729503","400"
"4","400","1","45","40","0","196","196","19.475","1.0973936888062517","27.722345475166545","400"
"4","400","1","45","40","0","197","197","20.595","1.0973936889242537","30.649206880431574","400"
"4","400","1","45","40","0","198","198","21.125","1.0973936890304565","29.969604222713585","400"
"4","400","1","45","40","0","199","199","21.855","1.0973936891260396","32.54552237743758","400"
"4","400","1","45","40","0","200","200","22.195","1.0973936892120624","30.46516618732957","400"
"4","400","1","45","40","0","201","201","22.57","1.0973936892894873","32.77359250962713","400"
"4","400","1","45","40","0","202","202","22.135","1.0973936893591674","33.00732622459725","400"
"4","400","1","45","40","0","203","203","22.405","1.0973936894218743","31.35186656339427","400"
"4","400","1","45","40","0","204","204","21.25","1.0973936894783214","33.469556307942426","400"
"4","400","1","45","40","0","205","205","21.13","1.0973936895291145","29.871729914853947","400"
"4","400","1","45","40","0","206","206","21.035","1.0973936895748284","31.220841155584388","400"
"4","400","1","45","40","0","207","207","21.45","1.0973936896159777","30.09484540263702","400"
"4","400","1","45","40","0","208","208","22.045","1.097393689653009","31.261911542961297","400"
"4","400","1","45","40","0","209","209","22.79","1.0973936896863308","33.53845106827283","400"
"4","400","1","45","40","0","210","210","22.62","1.0973936897163312","33.06092568335984","400"
"4","400","1","45","40","0","211","211","22.39","1.0973936897433252","34.13551936708194","400"
"4","400","1","45","40","0","212","212","22.12","1.0973936897676209","33.431888801145625","400"
"4","400","1","45","40","0","213","213","21.7","1.0973936897894858","33.47152101111303","400"
"4","400","1","45","40","0","214","214","22.18","1.0973936898091672","32.14678612960248","400"
"4","400","1","45","40","0","215","215","22.425","1.097393689826876","36.392137630995826","400"
"4","400","1","45","40","0","216","216","22.5","1.097393689842816","33.980762837322516","400"
"4","400","1","45","40","0","217","217","21.48","1.0973936898571648","34.0085873973051","400"
"4","400","1","45","40","0","218","218","21.09","1.0973936898700745","33.11586155058167","400"
"4","400","1","45","40","0","219","219","20.615","1.0973936898816934","31.941397216946104","400"
"4","400","1","45","40","0","220","220","20.29","1.0973936898921568","33.59237811558372","400"
"4","400","1","45","40","0","221","221","20.295","1.0973936899015695","31.442706104105483","400"
"4","400","1","45","40","0","222","222","20.12","1.097393689910039","32.836330804845716","400"
"4","400","1","45","40","0","223","223","20.425","1.0973936899176628","32.62418967782908","400"
"4","400","1","45","40","0","224","224","20.065","1.0973936899245267","31.39494397296582","400"
"4","400","1","45","40","0","225","225","20.255","1.0973936899306975","31.410698772185373","400"
"4","400","1","45","40","0","226","226","21.12","1.0973936899362615","31.249490358753203","400"
"4","400","1","45","40","0","227","227","21.415","1.097393689941265","31.136737899574847","400"
"4","400","1","45","40","0","228","228","21.68","1.0973936899457635","31.482351953784292","400"
"4","400","1","45","40","0","229","229","21.695","1.0973936899498142","33.30434088809865","400"
"4","400","1","45","40","0","230","230","21.2","1.0973936899534675","31.349592154994678","400"
"4","400","1","45","40","0","231","231","21.07","1.097393689956751","32.82494864013028","400"
"4","400","1","45","40","0","232","232","20.93","1.0973936899597","32.392600905233486","400"
"4","400","1","45","40","0","233","233","21.465","1.0973936899623546","32.815294379362264","400"
"4","400","1","45","40","0","234","234","23.08","1.097393689964752","32.988605768621106","400"
"4","400","1","45","40","0","235","235","23.965","1.0973936899669","35.63268532680008","400"
"4","400","1","45","40","0","236","236","24.035","1.0973936899688377","34.74282110719557","400"
"4","400","1","45","40","0","237","237","23.935","1.097393689970584","34.550571354932515","400"
"4","400","1","45","40","0","238","238","23.285","1.097393689972155","34.340773598389184","400"
"4","400","1","45","40","0","239","239","23.455","1.0973936899735703","33.92572375600284","400"
"4","400","1","45","40","0","240","240","22.73","1.0973936899748382","33.110136362111525","400"
"4","400","1","45","40","0","241","241","22.35","1.0973936899759822","31.70405999106122","400"
"4","400","1","45","40","0","242","242","22.65","1.097393689977011","31.21916887560473","400"
"4","400","1","45","40","0","243","243","22.445","1.0973936899779442","30.904764690600764","400"
"4","400","1","45","40","0","244","244","22.755","1.0973936899787766","32.478695174106875","400"
"4","400","1","45","40","0","245","245","23.735","1.0973936899795231","32.55554074914723","400"
"4","400","1","45","40","0","246","246","24.035","1.097393689980204","33.31534363235355","400"
"4","400","1","45","40","0","247","247","24.085","1.0973936899808074","33.71590746923922","400"
"4","400","1","45","40","0","248","248","24.405","1.0973936899813608","32.75655698156051","400"
"4","400","1","45","40","0","249","249","24.865","1.0973936899818453","32.6560270571422","400"
"4","400","1","45","40","0","250","250","25.03","1.0973936899822938","32.67673651713478","400"
"4","400","1","45","40","0","251","251","25.165","1.097393689982694","32.54470546869474","400"
"4","400","1","45","40","0","252","252","25.36","1.097393689983051","32.636193929765625","400"
"4","400","1","45","40","0","253","253","25.41","1.0973936899833734","32.841000457218236","400"
"4","400","1","45","40","0","254","254","25.565","1.0973936899836647","34.45195870740076","400"
"4","400","1","45","40","0","255","255","26.395","1.097393689983928","34.48060674547896","400"
"4","400","1","45","40","0","256","256","25.485","1.0973936899841614","37.25933897354224","400"
"4","400","1","45","40","0","257","257","25.35","1.0973936899843744","36.11334133786902","400"
"4","400","1","45","40","0","258","258","24.755","1.0973936899845673","35.83750859969342","400"
"4","400","1","45","40","0","259","259","25.21","1.0973936899847374","34.2603468046347","400"
"4","400","1","45","40","0","260","260","24.715","1.0973936899848895","33.19174451956182","400"
"4","400","1","45","40","0","261","261","23.66","1.09739368998503","34.09297808023434","400"
"4","400","1","45","40","0","262","262","23.7","1.0973936899851526","33.84817934108745","400"
"4","400","1","45","40","0","263","263","23.74","1.09739368998527","35.27753333461324","400"
"4","400","1","45","40","0","264","264","24.025","1.0973936899853651","33.280038691736664","400"
"4","400","1","45","40","0","265","265","24.505","1.09739368998546","35.145593709285464","400"
"4","400","1","45","40","0","266","266","25.445","1.09739368998554","33.1650302994065","400"
"4","400","1","45","40","0","267","267","25.815","1.0973936899856205","33.721077691976014","400"
"4","400","1","45","40","0","268","268","26.21","1.0973936899856829","37.6159622650893","400"
"4","400","1","45","40","0","269","269","26.16","1.097393689985745","36.348032113152115","400"
"4","400","1","45","40","0","270","270","25.62","1.0973936899857968","38.599148375634314","400"
"4","400","1","45","40","0","271","271","24.76","1.0973936899858456","36.6452028056124","400"
"4","400","1","45","40","0","272","272","23.45","1.0973936899858898","34.767503955299375","400"
"4","400","1","45","40","0","273","273","22.915","1.0973936899859302","34.040007201741574","400"
"4","400","1","45","40","0","274","274","22.715","1.0973936899859686","32.46122128195295","400"
"4","400","1","45","40","0","275","275","23.375","1.0973936899859944","32.21889676667744","400"
"4","400","1","45","40","0","276","276","24.94","1.0973936899860266","32.25918734093417","400"
"4","400","1","45","40","0","277","277","25.92","1.0973936899860492","34.26175791419075","400"
"4","400","1","45","40","0","278","278","26.24","1.0973936899860772","34.136809262060034","400"
"4","400","1","45","40","0","279","279","26.41","1.097393689986094","34.99056776944101","400"
"4","400","1","45","40","0","280","280","25.845","1.0973936899861103","35.69438053361475","400"
"4","400","1","45","40","0","281","281","24.815","1.097393689986128","34.06196479934466","400"
"4","400","1","45","40","0","282","282","24.855","1.0973936899861432","34.609512577603745","400"
"4","400","1","45","40","0","283","283","24.29","1.097393689986159","33.14649874021989","400"
"4","400","1","45","40","0","284","284","24.81","1.097393689986171","32.45300054256152","400"
"4","400","1","45","40","0","285","285","25.96","1.097393689986183","31.921533334127087","400"
"4","400","1","45","40","0","286","286","27.6","1.0973936899861931","32.96225335572656","400"
"4","400","1","45","40","0","287","287","28.94","1.0973936899861967","34.00416526425702","400"
"4","400","1","45","40","0","288","288","29.63","1.0973936899862122","36.489458278653444","400"
"4","400","1","45","40","0","289","289","28.945","1.097393689986216","36.9741643758959","400"
"4","400","1","45","40","0","290","290","28.275","1.0973936899862247","36.48269207986505","400"
"4","400","1","45","40","0","291","291","27.495","1.0973936899862324","36.126704345912266","400"
"4","400","1","45","40","0","292","292","27.265","1.0973936899862384","34.57124483676984","400"
"4","400","1","45","40","0","293","293","27.29","1.0973936899862382","35.22332585857502","400"
"4","400","1","45","40","0","294","294","28.015","1.0973936899862473","35.06807045846841","400"
"4","400","1","45","40","0","295","295","28.185","1.0973936899862462","34.5267254529828","400"
"4","400","1","45","40","0","296","296","28.965","1.0973936899862509","35.61568729493062","400"
"4","400","1","45","40","0","297","297","29.14","1.0973936899862542","35.62008669755785","400"
"4","400","1","45","40","0","298","298","28.925","1.097393689986259","35.707042406125005","400"
"4","400","1","45","40","0","299","299","28.17","1.0973936899862597","36.39656504141403","400"
"4","400","1","45","40","0","300","300","28.08","1.097393689986264","35.95780142611532","400"
"4","400","1","45","40","0","301","301","0.635","0.10973936899863403","0.675","400"
"4","400","1","45","40","0","302","302","0.915","0.2085048010973967","1.0293750000000002","400"
"4","400","1","45","40","0","303","303","1.415","0.2973936899862814","1.31765625","400"
"4","400","1","45","40","0","304","304","1.69","0.37739368998628214","1.8511013671874998","400"
"4","400","1","45","40","0","305","305","1.92","0.4493936899862826","2.116739498291016","400"
"4","400","1","45","40","0","306","306","1.72","0.5141936899862806","2.364285335929871","400"
"4","400","1","45","40","0","307","307","1.525","0.5725136899862812","2.6267177688217167","400"
"4","400","1","45","40","0","308","308","1.455","0.6250016899862829","2.6157361915174313","400"
"4","400","1","45","40","0","309","309","1.43","0.6722408899862806","2.2808909678514957","400"
"4","400","1","45","40","0","310","310","1.535","0.7147561699862831","2.3574497469557327","400"
"4","400","1","45","40","0","311","311","1.675","0.7530199219862838","2.5202750214524636","400"
"4","400","1","45","40","0","312","312","1.595","0.7874572987862813","2.3166440749087713","400"
"4","400","1","45","40","0","313","313","1.57","0.8184509379062845","2.5050299704146974","400"
"4","400","1","45","40","0","314","314","1.505","0.8463452131142848","2.2473858585610746","400"
"4","400","1","45","40","0","315","315","1.545","0.8714500608014817","2.154148714799676","400"
"4","400","1","45","40","0","316","316","1.57","0.8940444237199653","2.172798837042318","400"
"4","400","1","45","40","0","317","317","1.535","0.9143793503465975","2.4132151363601615","400"
"4","400","1","45","40","0","318","318","1.665","0.932680784310562","2.5847190352735354","400"
"4","400","1","45","40","0","319","319","1.655","0.9491520748781379","2.7438365368442477","400"
"4","400","1","45","40","0","320","320","1.65","0.9639762363889539","2.880425310798345","400"
"4","400","1","45","40","0","321","321","1.645","0.9773179817486846","2.756892208993726","400"
"4","400","1","45","40","0","322","322","1.65","0.9893255525724451","2.9154735746659224","400"
"4","400","1","45","40","0","323","323","1.56","1.0001323663138286","2.571884464012297","400"
"4","400","1","45","40","0","324","324","1.535","1.0098584986810741","2.88284968100274","400"
"4","400","1","45","40","0","325","325","1.61","1.0186120178115943","2.826421604748639","400"
"4","400","1","45","40","0","326","326","1.63","1.0264901850290622","2.6010826018436672","400"
"4","400","1","45","40","0","327","327","1.645","1.0335805355247856","2.634107202801959","400"
"4","400","1","45","40","0","328","328","1.61","1.0399618509709354","2.8225549396735548","400"
"4","400","1","45","40","0","329","329","1.71","1.0457050348724701","2.6930060345139184","400"
"4","400","1","45","40","0","330","330","1.785","1.0508739003838532","2.758924131201975","400"
"4","400","1","45","40","0","331","331","1.675","1.055525879344095","2.6615689850529987","400"
"4","400","1","45","40","0","332","332","1.71","1.059712660408315","2.847499569420444","400"
"4","400","1","45","40","0","333","333","1.655","1.0634807633661132","2.907866391825594","400"
"4","400","1","45","40","0","334","334","1.67","1.066872056028133","2.7409952833098146","400"
"4","400","1","45","40","0","335","335","1.585","1.0699242194239458","2.9244667738482972","400"
"4","400","1","45","40","0","336","336","1.615","1.0726711664801774","2.974273197650692","400"
"4","400","1","45","40","0","337","337","1.685","1.0751434188307856","3.054898249984918","400"
"4","400","1","45","40","0","338","338","1.625","1.0773684459463366","2.9467589870593","400"
"4","400","1","45","40","0","339","339","1.605","1.0793709703503314","3.0076801665946946","400"
"4","400","1","45","40","0","340","340","1.585","1.0811732423139266","2.721603538287367","400"
"4","400","1","45","40","0","341","341","1.675","1.0827952870811635","2.4371804726156205","400"
"4","400","1","45","40","0","342","342","1.86","1.0842551273716743","2.5549088805650877","400"
"4","400","1","45","40","0","343","343","1.935","1.085568983633137","2.625560879072252","400"
"4","400","1","45","40","0","344","344","1.855","1.0867514542684487","2.9257591791836757","400"
"4","400","1","45","40","0","345","345","1.885","1.087815677840232","3.071595603993946","400"
"4","400","1","45","40","0","346","346","1.815","1.0887734790548365","2.854092259262788","400"
"4","400","1","45","40","0","347","347","1.77","1.089635500147989","2.846976744166595","400"
"4","400","1","45","40","0","348","348","1.9","1.0904113191318106","2.8289400534079236","400"
"4","400","1","45","40","0","349","349","1.795","1.0911095562172557","3.00935983525724","400"
"4","400","1","45","40","0","350","350","1.84","1.0917379695941614","2.8918408032453913","400"
"4","400","1","45","40","0","351","351","1.825","1.0923035416333766","2.8874501916885533","400"
"4","400","1","45","40","0","352","352","1.78","1.0928125564686617","3.1426423415896356","400"
"4","400","1","45","40","0","353","353","1.725","1.0932706698204264","3.2561197943595106","400"
"4","400","1","45","40","0","354","354","1.63","1.0936829718370187","3.300924541547554","400"
"4","400","1","45","40","0","355","355","1.72","1.0940540436519393","2.9003008577132228","400"
"4","400","1","45","40","0","356","356","1.725","1.0943880082853739","2.7364278164306532","400"
"4","400","1","45","40","0","357","357","1.745","1.0946885764554635","2.570826453270407","400"
"4","400","1","45","40","0","358","358","1.705","1.0949590878085491","2.6338472047094106","400"
"4","400","1","45","40","0","359","359","1.76","1.095202548026319","2.807957111595276","400"
"4","400","1","45","40","0","360","360","1.78","1.0954216622223154","2.8578821933673124","400"
"4","400","1","45","40","0","361","361","1.68","1.0956188649987135","3.1253854581441907","400"
"4","400","1","45","40","0","362","362","1.605","1.0957963474974708","2.9214678240155516","400"
"4","400","1","45","40","0","363","363","1.54","1.0959560817463536","2.6360101441628245","400"
"4","400","1","45","40","0","364","364","1.69","1.0960998425703468","2.5186738714347983","400"
"4","400","1","45","40","0","365","365","1.605","1.0962292273119398","2.586240514338869","400"
"4","400","1","45","40","0","366","366","1.635","1.0963456735793717","2.66638846037226","400"
"4","400","1","45","40","0","367","367","1.7","1.096450475220063","2.77161166261702","400"
"4","400","1","45","40","0","368","368","1.68","1.0965447966966875","2.990296417120905","400"
"4","400","1","45","40","0","369","369","1.68","1.096629686025643","3.127755169840873","400"
"4","400","1","45","40","0","370","370","1.775","1.09670608642171","3.5546082784011106","400"
"4","400","1","45","40","0","371","371","1.875","1.0967748467781657","3.3962230548313657","400"
"4","400","1","45","40","0","372","372","1.91","1.0968367310989786","3.702978665334715","400"
"4","400","1","45","40","0","373","373","1.76","1.0968924269877098","3.52994333393984","400"
"4","400","1","45","40","0","374","374","1.725","1.096942553287565","3.4283756669156293","400"
"4","400","1","45","40","0","375","375","1.73","1.0969876669574388","2.8316813208733955","400"
"4","400","1","45","40","0","376","376","1.715","1.0970282692603224","2.903740534669165","400"
"4","400","1","45","40","0","377","377","1.66","1.0970648113329202","2.932923116337715","400"
"4","400","1","45","40","0","378","378","1.7","1.0970976991982522","2.985120848633446","400"
"4","400","1","45","40","0","379","379","1.685","1.097127298277055","2.8734440762509514","400"
"4","400","1","45","40","0","380","380","1.65","1.0971539374479813","2.8642350887864043","400"
"4","400","1","45","40","0","381","381","1.67","1.09717791270181","2.8472014400323955","400"
"4","400","1","45","40","0","382","382","1.555","1.097199490430257","2.706007909482439","400"
"4","400","1","45","40","0","383","383","1.56","1.0972189103858614","2.6755195662018156","400"
"4","400","1","45","40","0","384","384","1.6","1.0972363883459064","2.8339629186398465","400"
"4","400","1","45","40","0","385","385","1.62","1.097252118509941","2.8777916712752805","400"
"4","400","1","45","40","0","386","386","1.645","1.0972662756575728","2.6696545937577687","400"
"4","400","1","45","40","0","387","387","1.725","1.097279017090442","2.7440417228471485","400"
"4","400","1","45","40","0","388","388","1.705","1.0972904843800249","3.011376254832334","400"
"4","400","1","45","40","0","389","389","1.63","1.0973008049406585","2.8426965591579707","400"
"4","400","1","45","40","0","390","390","1.61","1.0973100934452142","2.9120681178574506","400"
"4","400","1","45","40","0","391","391","1.655","1.0973184530993245","2.6151172815759693","400"
"4","400","1","45","40","0","392","392","1.525","1.0973259767880166","2.8600532145326745","400"
"4","400","1","45","40","0","393","393","1.515","1.0973327481078496","2.8010159082950503","400"
"4","400","1","45","40","0","394","394","1.55","1.09733884229569","2.598595149331029","400"
"4","400","1","45","40","0","395","395","1.635","1.0973443270647478","2.633980729870269","400"
"4","400","1","45","40","0","396","396","1.78","1.0973492633569006","2.7235501268411784","400"
"4","400","1","45","40","0","397","397","1.78","1.0973537060198393","2.76281604520174","400"
"4","400","1","45","40","0","398","398","1.73","1.0973577044164837","2.9599369179565564","400"
"4","400","1","45","40","0","399","399","1.695","1.0973613029734652","2.7613643812986197","400"
"4","400","1","45","40","0","400","400","1.62","1.0973645416747488","2.8427620710937127","400"
"4","400","1","45","40","0","401","401","1.575","1.0973674565058986","2.935474909498427","400"
"4","400","1","45","40","0","402","402","1.63","1.0973700798539403","2.8915438672365923","400"
"4","400","1","45","40","0","403","403","1.68","1.0973724408671743","3.1751087810802194","400"
"4","400","1","45","40","0","404","404","1.765","1.0973745657790839","3.00711396401068","400"
"4","400","1","45","40","0","405","405","1.895","1.0973764781998043","2.9348104217485167","400"
"4","400","1","45","40","0","406","406","1.825","1.0973781993784546","3.044293675900913","400"
"4","400","1","45","40","0","407","407","1.81","1.0973797484392311","3.081970040066805","400"
"4","400","1","45","40","0","408","408","1.805","1.0973811425939402","3.4775901686566626","400"
"4","400","1","45","40","0","409","409","1.77","1.0973823973331756","3.4874030900526054","400"
"4","400","1","45","40","0","410","410","1.805","1.0973835265984824","3.7873316661559184","400"
"4","400","1","45","40","0","411","411","1.815","1.0973845429372646","3.8044757249490253","400"
"4","400","1","45","40","0","412","412","1.85","1.0973854576421664","3.381494764685119","400"
"4","400","1","45","40","0","413","413","1.805","1.097386280876578","3.4298065648247302","400"
"4","400","1","45","40","0","414","414","1.775","1.0973870217875503","3.3851723923193213","400"
"4","400","1","45","40","0","415","415","1.805","1.0973876886074188","3.302459664969407","400"
"4","400","1","45","40","0","416","416","1.81","1.0973882887453048","3.7396494839618657","400"
"4","400","1","45","40","0","417","417","1.84","1.097388828869407","3.413936239354618","400"
"4","400","1","45","40","0","418","418","1.8","1.0973893149810954","3.3836893490338147","400"
"4","400","1","45","40","0","419","419","1.75","1.0973897524816139","3.1651740276740457","400"
"4","400","1","45","40","0","420","420","1.735","1.0973901462320756","3.0148071134503938","400"
"4","400","1","45","40","0","421","421","1.775","1.097390500607499","2.8635255320765625","400"
"4","400","1","45","40","0","422","422","1.715","1.0973908195453792","2.8779779468138074","400"
"4","400","1","45","40","0","423","423","1.645","1.0973911065894695","2.9665173149088835","400"
"4","400","1","45","40","0","424","424","1.665","1.0973913649291482","3.0007786682270723","400"
"4","400","1","45","40","0","425","425","1.64","1.097391597434864","2.9651695832286626","400"
"4","400","1","45","40","0","426","426","1.56","1.097391806690004","3.0901127885513797","400"
"4","400","1","45","40","0","427","427","1.565","1.0973919950196316","3.1616767083900177","400"
"4","400","1","45","40","0","428","428","1.57","1.0973921645162983","2.964771221149031","400"
"4","400","1","45","40","0","429","429","1.68","1.097392317063292","3.0513776417157192","400"
"4","400","1","45","40","0","430","430","1.735","1.0973924543555957","2.939176478717777","400"
"4","400","1","45","40","0","431","431","1.685","1.0973925779186633","2.8243575398356544","400"
"4","400","1","45","40","0","432","432","1.715","1.0973926891254246","3.026827555797849","400"
"4","400","1","45","40","0","433","433","1.765","1.097392789211512","3.2228129037110484","400"
"4","400","1","45","40","0","434","434","1.75","1.097392879288989","3.371043587703039","400"
"4","400","1","45","40","0","435","435","1.74","1.0973929603587156","3.3961267468137106","400"
"4","400","1","45","40","0","436","436","1.705","1.0973930333214759","3.1339457172278604","400"
"4","400","1","45","40","0","437","437","1.725","1.0973930989879528","3.066647268738928","400"
"4","400","1","45","40","0","438","438","1.76","1.0973931580877898","3.019989758299304","400"
"4","400","1","45","40","0","439","439","1.76","1.0973932112776341","3.0704219297366846","400"
"4","400","1","45","40","0","440","440","1.795","1.0973932591485007","3.037746268173699","400"
"4","400","1","45","40","0","441","441","1.82","1.0973933022322795","3.3129531805527326","400"
"4","400","1","45","40","0","442","442","1.79","1.097393341007681","3.0157924235264044","400"
"4","400","1","45","40","0","443","443","1.705","1.0973933759055416","3.015251155191148","400"
"4","400","1","45","40","0","444","444","1.76","1.0973934073136151","2.979553223970271","400"
"4","400","1","45","40","0","445","445","1.78","1.097393435580881","2.841219636035857","400"
"4","400","1","45","40","0","446","446","1.78","1.0973934610214218","3.2304299876419043","400"
"4","400","1","45","40","0","447","447","1.705","1.0973934839179085","3.4831663444855616","400"
"4","400","1","45","40","0","448","448","1.715","1.097393504524748","3.531746971356171","400"
"4","400","1","45","40","0","449","449","1.685","1.0973935230709","3.2408337293830436","400"
"4","400","1","45","40","0","450","450","1.625","1.0973935397624346","2.9470398563023252","400"
"4","400","1","45","40","0","451","451","1.715","1.097393554784821","2.756834498023353","400"
"4","400","1","45","40","0","452","452","1.715","1.097393568304968","2.811463009167327","400"
"4","400","1","45","40","0","453","453","1.71","1.0973935804731032","2.830466641168002","400"
"4","400","1","45","40","0","454","454","1.73","1.0973935914244157","3.143643353748073","400"
"4","400","1","45","40","0","455","455","1.75","1.0973936012806031","3.1940517560354196","400"
"4","400","1","45","40","0","456","456","1.76","1.0973936101511752","2.965586756655326","400"
"4","400","1","45","40","0","457","457","1.735","1.0973936181346815","3.1478872043653228","400"
"4","400","1","45","40","0","458","458","1.7","1.0973936253198404","3.1121350960327177","400"
"4","400","1","45","40","0","459","459","1.805","1.0973936317864867","3.051120382881356","400"
"4","400","1","45","40","0","460","460","1.75","1.0973936376064664","2.9718752743990877","400"
"4","400","1","45","40","0","461","461","1.7","1.0973936428444482","3.093558000046817","400"
"4","400","1","45","40","0","462","462","1.755","1.0973936475586281","2.9957293232513087","400"
"4","400","1","45","40","0","463","463","1.8","1.0973936518013956","3.0879346116111352","400"
"4","400","1","45","40","0","464","464","1.765","1.0973936556198864","3.1403865032900793","400"
"4","400","1","45","40","0","465","465","1.725","1.0973936590565274","3.4159224785637923","400"
"4","400","1","45","40","0","466","466","1.76","1.0973936621495035","3.7084218682328265","400"
"4","400","1","45","40","0","467","467","1.92","1.0973936649331804","3.5113834889601776","400"
"4","400","1","45","40","0","468","468","1.995","1.0973936674384872","3.384190497586956","400"
"4","400","1","45","40","0","469","469","2.01","1.0973936696932676","3.560523008202584","400"
"4","400","1","45","40","0","470","470","1.905","1.097393671722574","3.197689386066793","400"
"4","400","1","45","40","0","471","471","1.825","1.0973936735489418","3.0659040138472746","400"
"4","400","1","45","40","0","472","472","1.955","1.0973936751926776","3.0408988913088075","400"
"4","400","1","45","40","0","473","473","1.865","1.09739367667204","3.078966182405178","400"
"4","400","1","45","40","0","474","474","1.905","1.0973936780034588","3.0032076453919534","400"
"4","400","1","45","40","0","475","475","1.705","1.0973936792017416","3.0171549458212454","400"
"4","400","1","45","40","0","476","476","1.8","1.0973936802801958","3.028387837827564","400"
"4","400","1","45","40","0","477","477","1.71","1.0973936812508047","3.28569710349739","400"
"4","400","1","45","40","0","478","478","1.88","1.0973936821243548","3.1990211730059137","400"
"4","400","1","45","40","0","479","479","1.925","1.0973936829105457","3.255419079196231","400"
"4","400","1","45","40","0","480","480","1.895","1.0973936836181175","3.0228401392188764","400"
"4","400","1","45","40","0","481","481","1.76","1.0973936842549383","2.946449496400654","400"
"4","400","1","45","40","0","482","482","1.86","1.097393684828071","3.0049201174010824","400"
"4","400","1","45","40","0","483","483","1.81","1.09739368534389","3.118316938553223","400"
"4","400","1","45","40","0","484","484","1.75","1.0973936858081297","3.004360245929877","400"
"4","400","1","45","40","0","485","485","1.75","1.097393686225949","3.4392577015958032","400"
"4","400","1","45","40","0","486","486","1.765","1.0973936866019784","3.4765296136592254","400"
"4","400","1","45","40","0","487","487","1.735","1.097393686940418","3.2664860211541367","400"
"4","400","1","45","40","0","488","488","1.615","1.097393687244996","3.092939082389761","400"
"4","400","1","45","40","0","489","489","1.66","1.0973936875191244","3.1275806809336593","400"
"4","400","1","45","40","0","490","490","1.68","1.0973936877658446","3.3970384906430207","400"
"4","400","1","45","40","0","491","491","1.62","1.0973936879878894","3.6102953132145768","400"
"4","400","1","45","40","0","492","492","1.62","1.0973936881877209","3.193314878288376","400"
"4","400","1","45","40","0","493","493","1.6","1.0973936883675794","2.900841614264426","400"
"4","400","1","45","40","0","494","494","1.705","1.0973936885294566","2.839798007238587","400"
"4","400","1","45","40","0","495","495","1.65","1.097393688675134","2.766068960710443","400"
"4","400","1","45","40","0","496","496","1.785","1.0973936888062514","2.7190056394191564","400"
"4","400","1","45","40","0","497","497","1.83","1.0973936889242513","3.2447918757280614","400"
"4","400","1","45","40","0","498","498","1.66","1.0973936890304572","3.2205018243560533","400"
"4","400","1","45","40","0","499","499","1.715","1.0973936891260418","3.0160468351883676","400"
"4","400","1","45","40","0","500","500","1.69","1.0973936892120661","2.9566592289587725","400"
"4","400","1","45","40","0","501","501","1.66","1.0973936892894853","3.1862282717822734","400"
"4","400","1","45","40","0","502","502","1.64","1.0973936893591685","3.0394790163498375","400"
"4","400","1","45","40","0","503","503","1.72","1.0973936894218768","3.2519255649721135","400"
"4","400","1","45","40","0","504","504","1.725","1.0973936894783163","3.2746153707634984","400"
"4","400","1","45","40","0","505","505","1.755","1.097393689529111","3.1793438677027788","400"
"4","400","1","45","40","0","506","506","1.81","1.0973936895748313","3.7942928065490213","400"
"4","400","1","45","40","0","507","507","1.79","1.0973936896159782","3.6409298552664793","400"
"4","400","1","45","40","0","508","508","1.74","1.0973936896530065","3.0347220727635578","400"
"4","400","1","45","40","0","509","509","1.765","1.0973936896863317","2.7885907680401862","400"
"4","400","1","45","40","0","510","510","1.71","1.0973936897163283","2.7671658121375557","400"
"4","400","1","45","40","0","511","511","1.71","1.097393689743327","3.01600054327361","400"
"4","400","1","45","40","0","512","512","1.735","1.0973936897676198","3.0132679572902377","400"
"4","400","1","45","40","0","513","513","1.76","1.0973936897894823","2.9327611011088006","400"
"4","400","1","45","40","0","514","514","1.845","1.097393689809166","2.7948282323441074","400"
"4","400","1","45","40","0","515","515","1.76","1.0973936898268801","2.7691293320330246","400"
"4","400","1","45","40","0","516","516","1.655","1.09739368984282","2.77547561820963","400"
"4","400","1","45","40","0","517","517","1.575","1.097393689857162","2.984613242851418","400"
"4","400","1","45","40","0","518","518","1.525","1.0973936898700793","2.9925811114521657","400"
"4","400","1","45","40","0","519","519","1.655","1.0973936898816978","3.310984136834019","400"
"4","400","1","45","40","0","520","520","1.71","1.0973936898921572","3.228716118809725","400"
"4","400","1","45","40","0","521","521","1.695","1.09739368990157","2.85173157982406","400"
"4","400","1","45","40","0","522","522","1.745","1.0973936899100427","2.882649091641689","400"
"4","400","1","45","40","0","523","523","1.67","1.0973936899176595","2.740817720339821","400"
"4","400","1","45","40","0","524","524","1.665","1.0973936899245256","2.8847409522121077","400"
"4","400","1","45","40","0","525","525","1.65","1.0973936899307022","2.7548862343406255","400"
"4","400","1","45","40","0","526","526","1.675","1.0973936899362617","3.099809165594296","400"
"4","400","1","45","40","0","527","527","1.715","1.0973936899412597","3.108913816847478","400"
"4","400","1","45","40","0","528","528","1.835","1.0973936899457637","2.9398359027036816","400"
"4","400","1","45","40","0","529","529","1.815","1.0973936899498156","2.8647843465431535","400"
"4","400","1","45","40","0","530","530","1.755","1.0973936899534653","3.1018622265678077","400"
"4","400","1","45","40","0","531","531","1.685","1.0973936899567467","2.9796532581249204","400"
"4","400","1","45","40","0","532","532","1.685","1.0973936899596979","3.1675316894351653","400"
"4","400","1","45","40","0","533","533","1.73","1.097393689962362","2.947456793428667","400"
"4","400","1","45","40","0","534","534","1.65","1.097393689964749","3.703287169837387","400"
"4","400","1","45","40","0","535","535","1.625","1.0973936899669035","3.6053647097909223","400"
"4","400","1","45","40","0","536","536","1.555","1.0973936899688406","3.2079447779190007","400"
"4","400","1","45","40","0","537","537","1.57","1.0973936899705847","3.0390930202916677","400"
"4","400","1","45","40","0","538","538","1.58","1.0973936899721555","2.902926199509378","400"
"4","400","1","45","40","0","539","539","1.645","1.0973936899735652","2.736933193595799","400"
"4","400","1","45","40","0","540","540","1.715","1.0973936899748393","2.823711359390409","400"
"4","400","1","45","40","0","541","541","1.625","1.097393689975983","2.640744654084766","400"
"4","400","1","45","40","0","542","542","1.59","1.0973936899770143","2.9351350715612896","400"
"4","400","1","45","40","0","543","543","1.565","1.0973936899779404","3.1621251337012626","400"
"4","400","1","45","40","0","544","544","1.615","1.0973936899787755","2.9196472212534705","400"
"4","400","1","45","40","0","545","545","1.585","1.0973936899795282","3.1059399212334164","400"
"4","400","1","45","40","0","546","546","1.645","1.0973936899802037","2.8733804731624852","400"
"4","400","1","45","40","0","547","547","1.775","1.0973936899808097","3.1441605347319195","400"
"4","400","1","45","40","0","548","548","1.785","1.0973936899813557","3.0449191717275776","400"
"4","400","1","45","40","0","549","549","1.64","1.0973936899818455","3.24612702018103","400"
"4","400","1","45","40","0","550","550","1.53","1.0973936899822962","3.304659226747711","400"
"4","400","1","45","40","0","551","551","1.56","1.0973936899826926","2.7571171749719583","400"
"4","400","1","45","40","0","552","552","1.62","1.0973936899830496","2.8578261977724853","400"
"4","400","1","45","40","0","553","553","1.61","1.0973936899833745","3.158248379802833","400"
"4","400","1","45","40","0","554","554","1.595","1.0973936899836647","2.823167083142983","400"
"4","400","1","45","40","0","555","555","1.65","1.0973936899839287","2.68608001967579","400"
"4","400","1","45","40","0","556","556","1.62","1.0973936899841625","2.9292533275795414","400"
"4","400","1","45","40","0","557","557","1.59","1.0973936899843748","2.918280234840645","400"
"4","400","1","45","40","0","558","558","1.79","1.0973936899845618","2.866843966473307","400"
"4","400","1","45","40","0","559","559","1.815","1.0973936899847319","3.2389649593287344","400"
"4","400","1","45","40","0","560","560","1.865","1.0973936899848906","3.4164808570838345","400"
"4","400","1","45","40","0","561","561","1.775","1.0973936899850267","3.2318492496649727","400"
"4","400","1","45","40","0","562","562","1.735","1.0973936899851535","3.0532286261707386","400"
"4","400","1","45","40","0","563","563","1.685","1.0973936899852679","3.115526911774309","400"
"4","400","1","45","40","0","564","564","1.67","1.0973936899853705","2.9471195926454863","400"
"4","400","1","45","40","0","565","565","1.65","1.0973936899854615","3.089015134104718","400"
"4","400","1","45","40","0","566","566","1.62","1.097393689985544","3.4793363742601175","400"
"4","400","1","45","40","0","567","567","1.57","1.0973936899856123","3.564888760114246","400"
"4","400","1","45","40","0","568","568","1.54","1.0973936899856858","3.659574158325851","400"
"4","400","1","45","40","0","569","569","1.675","1.0973936899857444","3.0775178128520815","400"
"4","400","1","45","40","0","570","570","1.67","1.097393689985794","3.0386799838974854","400"
"4","400","1","45","40","0","571","571","1.73","1.097393689985843","2.8903752302509784","400"
"4","400","1","45","40","0","572","572","1.84","1.097393689985894","2.936392325840539","400"
"4","400","1","45","40","0","573","573","1.77","1.09739368998593","2.789274756002526","400"
"4","400","1","45","40","0","574","574","1.705","1.0973936899859629","2.8855590607525947","400"
"4","400","1","45","40","0","575","575","1.725","1.0973936899859964","3.0860289014180604","400"
"4","400","1","45","40","0","576","576","1.69","1.0973936899860288","2.974869769221693","400"
"4","400","1","45","40","0","577","577","1.665","1.0973936899860521","2.8216738188284327","400"
"4","400","1","45","40","0","578","578","1.625","1.0973936899860743","2.7197235280417154","400"
"4","400","1","45","40","0","579","579","1.575","1.0973936899860934","2.590202614131209","400"
"4","400","1","45","40","0","580","580","1.54","1.0973936899861123","2.7351847339766904","400"
"4","400","1","45","40","0","581","581","1.57","1.097393689986129","2.6080188790886107","400"
"4","400","1","45","40","0","582","582","1.59","1.0973936899861454","2.581360057043646","400"
"4","400","1","45","40","0","583","583","1.59","1.0973936899861618","2.847720045432002","400"
"4","400","1","45","40","0","584","584","1.75","1.0973936899861731","2.8063332970814283","400"
"4","400","1","45","40","0","585","585","1.76","1.0973936899861834","2.936257737878765","400"
"4","400","1","45","40","0","586","586","1.785","1.097393689986195","2.855326941500381","400"
"4","400","1","45","40","0","587","587","1.73","1.0973936899861998","2.8038626670077145","400"
"4","400","1","45","40","0","588","588","1.65","1.0973936899862062","2.8614450136400347","400"
"4","400","1","45","40","0","589","589","1.575","1.0973936899862167","2.8780182768003524","400"
"4","400","1","45","40","0","590","590","1.625","1.0973936899862264","3.3299468546018676","400"
"4","400","1","45","40","0","591","591","1.66","1.0973936899862264","3.507355188522652","400"
"4","400","1","45","40","0","592","592","1.59","1.0973936899862324","3.284464968997067","400"
"4","400","1","45","40","0","593","593","1.715","1.0973936899862367","3.062676018927755","400"
"4","400","1","45","40","0","594","594","1.82","1.0973936899862469","2.8202444816088916","400"
"4","400","1","45","40","0","595","595","1.89","1.097393689986253","2.7872565064434784","400"
"4","400","1","45","40","0","596","596","1.82","1.097393689986248","3.148794377925564","400"
"4","400","1","45","40","0","597","597","1.875","1.0973936899862553","3.3482476267479617","400"
"4","400","1","45","40","0","598","598","1.8","1.0973936899862555","2.7891174789538895","400"
"4","400","1","45","40","0","599","599","1.75","1.097393689986265","2.744886262305491","400"
"4","400","1","45","40","0","600","600","1.73","1.0973936899862615","2.6438490032109936","400"
