arm,run_number,tick,mean_neighbors,mean_chemical,max_chemical,population
active_recovery,1,0,1.57,0.0,0.0,400
active_recovery,1,1,1.585,0.10973936899863262,0.9,400
active_recovery,1,2,1.715,0.20850480109739625,1.6565625,400
active_recovery,1,3,1.715,0.29739368998628285,1.9074726562499997,400
active_recovery,1,4,1.75,0.3773936899862812,2.0665265625,400
active_recovery,1,5,1.725,0.4493936899862813,2.3720945251464847,400
active_recovery,1,6,1.785,0.5141936899862821,2.614781740951538,400
active_recovery,1,7,1.825,0.5725136899862822,2.878486521302891,400
active_recovery,1,8,1.84,0.6250016899862832,3.3419063698073317,400
active_recovery,1,9,1.88,0.6722408899862806,3.2374997037044344,400
active_recovery,1,10,1.94,0.714756169986283,4.013900845877265,400
active_recovery,1,11,2.045,0.7530199219862824,4.072886122677779,400
active_recovery,1,12,2.245,0.7874572987862841,4.177559056026542,400
active_recovery,1,13,2.32,0.8184509379062815,4.801974144927515,400
active_recovery,1,14,2.39,0.8463452131142822,5.2960037438299405,400
active_recovery,1,15,2.65,0.8714500608014814,6.627868635518555,400
active_recovery,1,16,2.685,0.8940444237199591,6.5505280022325225,400
active_recovery,1,17,2.755,0.914379350346596,6.315420841667963,400
active_recovery,1,18,2.7,0.9326807843105641,6.191298923271368,400
active_recovery,1,19,2.85,0.949152074878138,6.729641140586742,400
active_recovery,1,20,2.99,0.9639762363889491,6.976549664709641,400
active_recovery,1,21,3.245,0.9773179817486788,8.286404805073504,400
active_recovery,1,22,3.555,0.9893255525724425,8.053305643037161,400
active_recovery,1,23,3.645,1.0001323663138242,7.745537359452465,400
active_recovery,1,24,3.84,1.0098584986810735,7.792643278444422,400
active_recovery,1,25,3.965,1.0186120178115943,7.547835470353917,400
active_recovery,1,26,4.26,1.0264901850290662,8.020135904403645,400
active_recovery,1,27,4.435,1.0335805355247867,8.050016497493631,400
active_recovery,1,28,4.6,1.0399618509709372,8.716455061165917,400
active_recovery,1,29,4.89,1.045705034872469,8.930322990283539,400
active_recovery,1,30,5.015,1.0508739003838512,8.890991211664087,400
active_recovery,1,31,5.3,1.0555258793440927,10.143314177142463,400
active_recovery,1,32,5.385,1.0597126604083134,9.492310786023388,400
active_recovery,1,33,5.595,1.063480763366112,9.648031596908494,400
active_recovery,1,34,5.755,1.0668720560281273,10.226591875310334,400
active_recovery,1,35,5.855,1.0699242194239418,10.334372103071345,400
active_recovery,1,36,6.31,1.072671166480176,11.305936790524408,400
active_recovery,1,37,6.895,1.0751434188307851,12.84707622054577,400
active_recovery,1,38,7.005,1.0773684459463395,12.58120712161559,400
active_recovery,1,39,7.085,1.0793709703503291,13.348378469846793,400
active_recovery,1,40,7.06,1.0811732423139289,12.338907288444592,400
active_recovery,1,41,6.795,1.0827952870811621,13.093175191647644,400
active_recovery,1,42,6.885,1.084255127371675,11.832238133416109,400
active_recovery,1,43,7.2,1.0855689836331346,12.590280380035319,400
active_recovery,1,44,7.67,1.0867514542684475,13.185759424277542,400
active_recovery,1,45,8.235,1.0878156778402344,12.994790797763079,400
active_recovery,1,46,8.67,1.0887734790548371,14.133987587595191,400
active_recovery,1,47,8.73,1.0896355001479776,14.886529944315688,400
active_recovery,1,48,8.9,1.0904113191318097,15.163780748043083,400
active_recovery,1,49,9.065,1.091109556217262,15.903346112930391,400
active_recovery,1,50,9.235,1.0917379695941642,13.967298843559236,400
active_recovery,1,51,9.235,1.0923035416333746,14.18741368351044,400
active_recovery,1,52,9.405,1.0928125564686648,13.867824103274312,400
active_recovery,1,53,9.86,1.0932706698204273,14.351326526188819,400
active_recovery,1,54,10.175,1.0936829718370142,15.675792793801671,400
active_recovery,1,55,10.155,1.0940540436519435,15.598688554005436,400
active_recovery,1,56,10.035,1.0943880082853752,15.48716846398342,400
active_recovery,1,57,9.88,1.0946885764554637,16.121668208139116,400
active_recovery,1,58,9.76,1.0949590878085425,15.600197420842505,400
active_recovery,1,59,9.845,1.0952025480263246,14.676693175186037,400
active_recovery,1,60,9.705,1.0954216622223147,14.644089745195071,400
active_recovery,1,61,9.83,1.0956188649987098,15.04510882356753,400
active_recovery,1,62,10.335,1.0957963474974666,14.697439850597965,400
active_recovery,1,63,10.995,1.0959560817463487,16.8546155734373,400
active_recovery,1,64,11.565,1.096099842570346,15.883681178353639,400
active_recovery,1,65,12.14,1.0962292273119367,16.551169312220736,400
active_recovery,1,66,12.495,1.0963456735793748,16.21933684326009,400
active_recovery,1,67,12.45,1.0964504752200634,17.516364572769024,400
active_recovery,1,68,12.27,1.0965447966966866,16.78234158680496,400
active_recovery,1,69,12.39,1.096629686025644,17.826188836309544,400
active_recovery,1,70,12.4,1.0967060864217053,17.699808158287404,400
active_recovery,1,71,12.83,1.0967748467781648,16.687151776120412,400
active_recovery,1,72,12.95,1.0968367310989782,16.85668439743153,400
active_recovery,1,73,13.185,1.0968924269877096,17.526075965793947,400
active_recovery,1,74,13.31,1.0969425532875638,18.50576562207298,400
active_recovery,1,75,13.305,1.0969876669574374,18.858094369381206,400
active_recovery,1,76,13.135,1.0970282692603228,18.789595557701062,400
active_recovery,1,77,12.335,1.0970648113329162,17.522815691627482,400
active_recovery,1,78,11.825,1.097097699198256,17.641276591570396,400
active_recovery,1,79,11.525,1.0971272982770572,18.314505117840636,400
active_recovery,1,80,11.84,1.0971539374479802,17.176364477736836,400
active_recovery,1,81,12.755,1.0971779127018075,17.03926131908969,400
active_recovery,1,82,13.27,1.0971994904302604,17.554800831710484,400
active_recovery,1,83,13.785,1.097218910385858,17.230796204471822,400
active_recovery,1,84,14.455,1.0972363883459009,17.941311856295506,400
active_recovery,1,85,14.345,1.09725211850994,19.17754446483422,400
active_recovery,1,86,14.74,1.097266275657574,17.134499295691786,400
active_recovery,1,87,14.225,1.0972790170904503,17.22095606516059,400
active_recovery,1,88,13.995,1.0972904843800269,17.69221366773722,400
active_recovery,1,89,13.895,1.0973008049406558,17.54903434756099,400
active_recovery,1,90,13.77,1.0973100934452156,16.71622097896313,400
active_recovery,1,91,14.11,1.0973184530993225,17.29711034590019,400
active_recovery,1,92,14.585,1.0973259767880201,19.059079641756327,400
active_recovery,1,93,15.095,1.0973327481078452,18.6008348412435,400
active_recovery,1,94,15.6,1.0973388422956902,20.334432970774504,400
active_recovery,1,95,15.805,1.0973443270647498,20.398013255605132,400
active_recovery,1,96,15.505,1.0973492633569046,19.795289089062663,400
active_recovery,1,97,15.305,1.097353706019842,20.92185440541732,400
active_recovery,1,98,15.35,1.097357704416491,19.850812844459917,400
active_recovery,1,99,15.31,1.0973613029734635,19.360984934529778,400
active_recovery,1,100,15.41,1.0973645416747466,18.765559438718807,400
active_recovery,1,101,15.255,1.0973674565059002,18.68368229782049,400
active_recovery,1,102,15.245,1.0973700798539372,18.497012097917118,400
active_recovery,1,103,14.925,1.0973724408671748,20.83917024952382,400
active_recovery,1,104,14.63,1.0973745657790848,19.365086886342528,400
active_recovery,1,105,14.75,1.0973764781998043,20.00286961584285,400
active_recovery,1,106,14.68,1.097378199378453,19.909198213400817,400
active_recovery,1,107,14.915,1.0973797484392351,20.06832195321759,400
active_recovery,1,108,15.03,1.0973811425939415,20.190091863219717,400
active_recovery,1,109,14.595,1.0973823973331722,19.34640745201021,400
active_recovery,1,110,14.43,1.097383526598487,18.896172974974434,400
active_recovery,1,111,14.655,1.097384542937263,19.376868687806464,400
active_recovery,1,112,14.53,1.0973854576421653,18.90057937770543,400
active_recovery,1,113,14.66,1.0973862808765742,19.259976798222432,400
active_recovery,1,114,14.78,1.0973870217875459,18.66017441904199,400
active_recovery,1,115,15.07,1.0973876886074196,19.33427601078851,400
active_recovery,1,116,14.9,1.0973882887453066,18.757251007312085,400
active_recovery,1,117,14.47,1.0973888288694043,19.132230551337646,400
active_recovery,1,118,14.065,1.0973893149810967,20.240620621076886,400
active_recovery,1,119,14.02,1.097389752481613,18.44256256044604,400
active_recovery,1,120,14.29,1.0973901462320785,18.24419463899044,400
active_recovery,1,121,14.77,1.0973905006075002,17.563895008871675,400
active_recovery,1,122,15.115,1.0973908195453757,18.31126288226581,400
active_recovery,1,123,15.645,1.0973911065894695,18.41080737554658,400
active_recovery,1,124,15.84,1.0973913649291533,19.72831855655765,400
active_recovery,1,125,16.145,1.097391597434863,18.181722870974205,400
active_recovery,1,126,16.29,1.0973918066900104,18.049984524407776,400
active_recovery,1,127,16.195,1.0973919950196334,17.877139513191633,400
active_recovery,1,128,16.275,1.097392164516299,19.011518425607928,400
active_recovery,1,129,15.86,1.097392317063303,19.186866838153822,400
active_recovery,1,130,15.54,1.0973924543555942,19.438371274326887,400
active_recovery,1,131,15.375,1.0973925779186604,20.848716732093326,400
active_recovery,1,132,15.405,1.0973926891254242,20.279561942748916,400
active_recovery,1,133,15.42,1.097392789211512,19.433419711863056,400
active_recovery,1,134,15.01,1.0973928792889935,20.13092756466676,400
active_recovery,1,135,15.145,1.0973929603587176,18.124525957924153,400
active_recovery,1,136,15.135,1.0973930333214783,19.499263836834626,400
active_recovery,1,137,15.82,1.0973930989879528,19.52173234404962,400
active_recovery,1,138,16.445,1.0973931580877894,19.805443444346462,400
active_recovery,1,139,16.485,1.0973932112776346,21.347195464007104,400
active_recovery,1,140,16.355,1.0973932591485052,20.691529849739588,400
active_recovery,1,141,16.55,1.0973933022322768,20.771263171085202,400
active_recovery,1,142,16.505,1.0973933410076777,20.67504103095893,400
active_recovery,1,143,15.875,1.0973933759055412,20.810809167462047,400
active_recovery,1,144,16.065,1.0973934073136116,21.791452793352892,400
active_recovery,1,145,15.695,1.09739343558088,21.776727957600336,400
active_recovery,1,146,15.81,1.0973934610214229,22.924536786148455,400
active_recovery,1,147,16.06,1.0973934839179103,22.290537758604838,400
active_recovery,1,148,16.395,1.0973935045247443,21.977413433931837,400
active_recovery,1,149,16.65,1.0973935230708967,23.293725116490435,400
active_recovery,1,150,17.175,1.0973935397624388,22.598027930208588,400
active_recovery,1,151,17.21,1.0973935547848273,24.13279032996471,400
active_recovery,1,152,16.985,1.0973935683049725,23.179562613476808,400
active_recovery,1,153,16.525,1.0973935804730985,22.46804179288559,400
active_recovery,1,154,16.1,1.097393591424415,21.65236220993353,400
active_recovery,1,155,16.205,1.097393601280606,20.863832821032148,400
active_recovery,1,156,16.83,1.0973936101511725,21.179562013520922,400
active_recovery,1,157,17.98,1.0973936181346868,23.287197675481565,400
active_recovery,1,158,17.8,1.0973936253198442,23.86460352965157,400
active_recovery,1,159,18.06,1.0973936317864885,25.587771517882278,400
active_recovery,1,160,17.68,1.0973936376064675,23.21395307926417,400
active_recovery,1,161,17.675,1.0973936428444457,24.387680762360933,400
active_recovery,1,162,17.835,1.097393647558629,23.394892163714367,400
active_recovery,1,163,17.935,1.0973936518013967,25.847095238473766,400
active_recovery,1,164,18.35,1.0973936556198869,24.710709498321542,400
active_recovery,1,165,18.755,1.0973936590565267,26.11202457113022,400
active_recovery,1,166,18.545,1.0973936621495024,26.198737795547448,400
active_recovery,1,167,18.33,1.0973936649331766,25.012711918237017,400
active_recovery,1,168,18.105,1.097393667438489,23.71146032964852,400
active_recovery,1,169,18.225,1.09739366969327,23.52867464278324,400
active_recovery,1,170,18.145,1.0973936717225694,23.689483328450603,400
active_recovery,1,171,19.05,1.0973936735489445,23.08125560348159,400
active_recovery,1,172,19.685,1.097393675192676,24.162955195253677,400
active_recovery,1,173,19.96,1.0973936766720385,24.299959239622815,400
active_recovery,1,174,20.655,1.0973936780034612,25.466884580209296,400
active_recovery,1,175,20.375,1.0973936792017451,26.139531143622357,400
active_recovery,1,176,19.87,1.0973936802801976,26.082117755679082,400
active_recovery,1,177,19.495,1.0973936812508056,25.256694055137622,400
active_recovery,1,178,19.38,1.0973936821243548,24.02956901882554,400
active_recovery,1,179,18.95,1.0973936829105453,23.500467088200626,400
active_recovery,1,180,18.715,1.0973936836181195,23.810082379361894,400
active_recovery,1,181,18.93,1.0973936842549417,22.661668207364638,400
active_recovery,1,182,19.62,1.097393684828069,24.283037009722584,400
active_recovery,1,183,20.125,1.0973936853438913,24.473662375537813,400
active_recovery,1,184,19.62,1.0973936858081341,25.897718533018676,400
active_recovery,1,185,19.45,1.0973936862259446,24.561707404796973,400
active_recovery,1,186,19.67,1.0973936866019793,24.972382914061782,400
active_recovery,1,187,19.64,1.0973936869404104,23.347563491486657,400
active_recovery,1,188,19.14,1.097393687245,24.179259068884303,400
active_recovery,1,189,19.1,1.0973936875191266,23.36906819682279,400
active_recovery,1,190,19.145,1.0973936877658426,24.161194989571467,400
active_recovery,1,191,19.905,1.0973936879878836,24.940334787387,400
active_recovery,1,192,19.61,1.09739368818773,24.51267089211673,400
active_recovery,1,193,19.935,1.0973936883675781,26.05820933190925,400
active_recovery,1,194,19.735,1.0973936885294515,23.998868828383085,400
active_recovery,1,195,19.785,1.097393688675138,24.20257546906185,400
active_recovery,1,196,20.31,1.0973936888062485,23.124040991451807,400
active_recovery,1,197,20.17,1.0973936889242524,24.19849934241472,400
active_recovery,1,198,19.755,1.0973936890304565,24.19221426802463,400
active_recovery,1,199,19.305,1.0973936891260405,24.000198920811318,400
active_recovery,1,200,18.595,1.0973936892120637,21.953284207255845,400
active_recovery,1,201,19.145,1.097393689289488,23.544685542513264,400
active_recovery,1,202,20.07,1.0973936893591598,24.301818415661774,400
active_recovery,1,203,20.07,1.0973936894218725,23.513160568791125,400
active_recovery,1,204,20.17,1.0973936894783116,24.32422603092425,400
active_recovery,1,205,20.2,1.097393689529117,23.92811650881057,400
active_recovery,1,206,20.735,1.0973936895748295,23.88521903990131,400
active_recovery,1,207,21.19,1.0973936896159775,27.81577666336323,400
active_recovery,1,208,20.68,1.097393689653006,24.957980303594514,400
active_recovery,1,209,20.005,1.097393689686337,25.794818102829005,400
active_recovery,1,210,19.71,1.097393689716329,25.313060670198954,400
active_recovery,1,211,19.295,1.0973936897433239,23.896200795585433,400
active_recovery,1,212,19.91,1.097393689767621,23.886361053426647,400
active_recovery,1,213,20.115,1.0973936897894874,24.03630310648578,400
active_recovery,1,214,20.73,1.0973936898091678,22.758913127297898,400
active_recovery,1,215,21.14,1.0973936898268755,23.887568115787708,400
active_recovery,1,216,21.02,1.0973936898428203,23.64143357138841,400
active_recovery,1,217,20.9,1.097393689857162,23.7564228915393,400
active_recovery,1,218,20.455,1.0973936898700782,24.32183469710752,400
active_recovery,1,219,20.325,1.0973936898816967,24.220929580848413,400
active_recovery,1,220,19.73,1.097393689892156,25.843129828527392,400
active_recovery,1,221,19.835,1.0973936899015684,24.653981655213496,400
active_recovery,1,222,19.66,1.0973936899100423,25.085474950914403,400
active_recovery,1,223,20.195,1.097393689917664,25.61436878288012,400
active_recovery,1,224,20.77,1.0973936899245258,24.81759384245767,400
active_recovery,1,225,21.055,1.0973936899307015,24.80822557874112,400
active_recovery,1,226,21.02,1.0973936899362582,26.299298063514506,400
active_recovery,1,227,20.58,1.0973936899412589,25.46289029671151,400
active_recovery,1,228,20.26,1.0973936899457648,24.841718776534094,400
active_recovery,1,229,20.335,1.0973936899498151,24.724488911918684,400
active_recovery,1,230,21.255,1.0973936899534649,25.883006389013467,400
active_recovery,1,231,22.15,1.097393689956746,24.80675764525915,400
active_recovery,1,232,22.365,1.0973936899597025,25.98767701019253,400
active_recovery,1,233,22.36,1.0973936899623526,25.826403857956226,400
active_recovery,1,234,22.415,1.0973936899647512,25.56169067435428,400
active_recovery,1,235,22.365,1.0973936899669003,26.072953003216682,400
active_recovery,1,236,22.415,1.0973936899688403,24.74256264302237,400
active_recovery,1,237,22.245,1.0973936899705807,26.511593243947953,400
active_recovery,1,238,22.125,1.0973936899721588,27.447527719513307,400
active_recovery,1,239,21.84,1.0973936899735641,28.100550521354133,400
active_recovery,1,240,21.98,1.09739368997484,25.69335174731414,400
active_recovery,1,241,22.015,1.0973936899759795,26.18924217208919,400
active_recovery,1,242,22.29,1.0973936899770182,25.813867915927208,400
active_recovery,1,243,22.37,1.0973936899779426,26.688168097843743,400
active_recovery,1,244,23.58,1.097393689978777,25.912599518640103,400
active_recovery,1,245,24.215,1.0973936899795216,27.010340247509465,400
active_recovery,1,246,24.865,1.0973936899801977,27.55282802524578,400
active_recovery,1,247,24.47,1.0973936899808077,27.056185286652184,400
active_recovery,1,248,23.7,1.0973936899813552,27.985896159616946,400
active_recovery,1,249,22.895,1.09739368998185,28.35342974442531,400
active_recovery,1,250,22.425,1.0973936899822938,27.17369609676657,400
active_recovery,1,251,21.66,1.0973936899826902,26.097361209072595,400
active_recovery,1,252,21.73,1.0973936899830554,25.506358692287222,400
active_recovery,1,253,22.465,1.0973936899833745,25.90345418905591,400
active_recovery,1,254,22.545,1.0973936899836676,25.926173436042216,400
active_recovery,1,255,24.085,1.0973936899839254,27.03233636650731,400
active_recovery,1,256,25.12,1.0973936899841594,27.22996174522433,400
active_recovery,1,257,25.405,1.0973936899843773,27.089775492331267,400
active_recovery,1,258,24.91,1.0973936899845629,28.537234552796743,400
active_recovery,1,259,24.27,1.0973936899847396,26.92396590930938,400
active_recovery,1,260,23.43,1.0973936899848888,27.038491991887113,400
active_recovery,1,261,23.13,1.0973936899850274,28.000251748682686,400
active_recovery,1,262,22.585,1.0973936899851564,25.321923132814792,400
active_recovery,1,263,22.51,1.0973936899852652,27.006556648613376,400
active_recovery,1,264,23.92,1.0973936899853696,26.393503629374912,400
active_recovery,1,265,25.4,1.0973936899854577,27.28739953560831,400
active_recovery,1,266,26.52,1.0973936899855405,27.50231384618184,400
active_recovery,1,267,27.725,1.0973936899856171,29.88088972323265,400
active_recovery,1,268,27.72,1.0973936899856853,29.891795244696834,400
active_recovery,1,269,26.745,1.0973936899857428,29.618656020127155,400
active_recovery,1,270,25.69,1.0973936899857961,29.853384423261016,400
active_recovery,1,271,24.155,1.0973936899858492,28.34945002142323,400
active_recovery,1,272,23.44,1.0973936899858876,27.420193500530992,400
active_recovery,1,273,23.03,1.0973936899859262,28.81903921750186,400
active_recovery,1,274,22.66,1.0973936899859642,27.347370989396655,400
active_recovery,1,275,22.51,1.097393689985999,27.184506358542546,400
active_recovery,1,276,22.9,1.0973936899860255,27.548417944202182,400
active_recovery,1,277,22.89,1.0973936899860495,27.529172098750358,400
active_recovery,1,278,22.965,1.0973936899860783,28.394023671876486,400
active_recovery,1,279,23.14,1.0973936899860965,29.7779188103485,400
active_recovery,1,280,22.84,1.0973936899861108,29.85657853019658,400
active_recovery,1,281,22.82,1.0973936899861276,28.217136304975057,400
active_recovery,1,282,23.385,1.097393689986144,27.331476806254294,400
active_recovery,1,283,23.73,1.0973936899861623,30.904549053167205,400
active_recovery,1,284,23.87,1.0973936899861694,29.18071957275756,400
active_recovery,1,285,24.0,1.0973936899861823,28.375751476507833,400
active_recovery,1,286,23.805,1.0973936899861898,28.503753096080228,400
active_recovery,1,287,23.79,1.0973936899862051,29.659133480193308,400
active_recovery,1,288,23.84,1.097393689986209,29.592276952655226,400
active_recovery,1,289,23.805,1.0973936899862193,28.76170699629209,400
active_recovery,1,290,23.845,1.0973936899862193,30.274097642593564,400
active_recovery,1,291,23.5,1.0973936899862264,28.464002608288112,400
active_recovery,1,292,23.035,1.097393689986238,26.192662778901813,400
active_recovery,1,293,22.785,1.0973936899862395,24.93917569795228,400
active_recovery,1,294,23.27,1.0973936899862435,25.60212424131575,400
active_recovery,1,295,23.505,1.0973936899862473,27.034141262577187,400
active_recovery,1,296,24.045,1.0973936899862518,26.419352062057833,400
active_recovery,1,297,24.02,1.097393689986263,28.832033466534188,400
active_recovery,1,298,24.67,1.0973936899862597,26.958539485136452,400
active_recovery,1,299,24.545,1.0973936899862617,27.59403490728469,400
active_recovery,1,300,25.065,1.0973936899862582,27.439340817237188,400
active_recovery,1,301,0.68,0.109739368998634,0.675,400
active_recovery,1,302,0.91,0.20850480109739744,1.0293750000000002,400
active_recovery,1,303,1.46,0.2973936899862808,1.326515625,400
active_recovery,1,304,1.87,0.37739368998628053,1.8612259277343752,400
active_recovery,1,305,1.855,0.44939368998628276,2.1201416015625,400
active_recovery,1,306,1.65,0.514193689986282,2.131797376235962,400
active_recovery,1,307,1.525,0.572513689986283,2.246485376858711,400
active_recovery,1,308,1.51,0.625001689986283,2.52457940904165,400
active_recovery,1,309,1.6,0.6722408899862832,3.0776394309134507,400
active_recovery,1,310,1.615,0.7147561699862839,2.8310326588098644,400
active_recovery,1,311,1.73,0.7530199219862842,3.0456241030526185,400
active_recovery,1,312,1.845,0.7874572987862819,2.789805771333071,400
active_recovery,1,313,1.88,0.8184509379062835,2.8601106080462473,400
active_recovery,1,314,2.015,0.8463452131142838,3.1866347439440945,400
active_recovery,1,315,2.13,0.8714500608014819,3.6655466347495125,400
active_recovery,1,316,2.22,0.8940444237199637,4.348104061811409,400
active_recovery,1,317,2.18,0.9143793503465916,4.313629085691622,400
active_recovery,1,318,2.3,0.9326807843105592,4.219592495388755,400
active_recovery,1,319,2.215,0.9491520748781328,4.2966914762645665,400
active_recovery,1,320,2.365,0.9639762363889501,3.9898088304397175,400
active_recovery,1,321,2.39,0.9773179817486818,4.160866759744944,400
active_recovery,1,322,2.465,0.9893255525724477,4.532938602114592,400
active_recovery,1,323,2.625,1.0001323663138277,4.771815516126755,400
active_recovery,1,324,2.71,1.0098584986810721,4.510284812402501,400
active_recovery,1,325,2.81,1.0186120178115923,4.804245301136786,400
active_recovery,1,326,2.85,1.0264901850290595,5.598744190632365,400
active_recovery,1,327,3.08,1.0335805355247831,5.463713856613183,400
active_recovery,1,328,3.29,1.0399618509709363,5.748386278038264,400
active_recovery,1,329,3.585,1.0457050348724661,5.599508035166714,400
active_recovery,1,330,3.855,1.0508739003838488,5.989160622474811,400
active_recovery,1,331,4.2,1.0555258793440936,6.1884958011289,400
active_recovery,1,332,4.375,1.0597126604083136,6.066290709646644,400
active_recovery,1,333,4.505,1.0634807633661119,6.5116065756418635,400
active_recovery,1,334,4.4,1.0668720560281273,7.1169102687067385,400
active_recovery,1,335,4.415,1.0699242194239449,7.6902533494334016,400
active_recovery,1,336,4.71,1.0726711664801762,7.985126672059376,400
active_recovery,1,337,4.835,1.075143418830788,8.631398250757341,400
active_recovery,1,338,5.35,1.0773684459463369,8.02884304033389,400
active_recovery,1,339,5.545,1.0793709703503316,8.905900337653009,400
active_recovery,1,340,5.55,1.0811732423139306,8.657170335051603,400
active_recovery,1,341,5.58,1.0827952870811652,8.892310578389003,400
active_recovery,1,342,5.64,1.0842551273716716,9.440395398882286,400
active_recovery,1,343,5.74,1.085568983633134,9.100206630894021,400
active_recovery,1,344,5.95,1.0867514542684493,8.844788284756198,400
active_recovery,1,345,6.17,1.0878156778402266,10.025084599494447,400
active_recovery,1,346,6.655,1.0887734790548391,9.855044397534867,400
active_recovery,1,347,7.18,1.0896355001479858,10.939572502850767,400
active_recovery,1,348,7.38,1.0904113191318108,11.217788918524253,400
active_recovery,1,349,7.59,1.0911095562172604,12.521130590318128,400
active_recovery,1,350,7.725,1.0917379695941636,12.060308750798516,400
active_recovery,1,351,7.955,1.092303541633371,12.72143814709132,400
active_recovery,1,352,7.925,1.0928125564686644,13.174714326483635,400
active_recovery,1,353,7.86,1.093270669820428,13.219635694775416,400
active_recovery,1,354,8.27,1.0936829718370131,13.82432868989188,400
active_recovery,1,355,8.09,1.094054043651941,12.159844149615298,400
active_recovery,1,356,8.475,1.0943880082853743,12.989641069366801,400
active_recovery,1,357,8.36,1.0946885764554637,13.380861226220052,400
active_recovery,1,358,8.31,1.0949590878085442,13.756226066152959,400
active_recovery,1,359,8.255,1.0952025480263203,14.0322197795192,400
active_recovery,1,360,8.08,1.0954216622223172,13.5169443325929,400
active_recovery,1,361,8.255,1.0956188649987133,14.47363355960536,400
active_recovery,1,362,8.46,1.0957963474974681,14.080510613522732,400
active_recovery,1,363,8.505,1.0959560817463565,15.720107489503876,400
active_recovery,1,364,9.005,1.096099842570343,16.040941434494844,400
active_recovery,1,365,9.44,1.0962292273119394,16.510079091863037,400
active_recovery,1,366,9.685,1.096345673579372,16.968196498020095,400
active_recovery,1,367,9.705,1.0964504752200623,16.792147318349063,400
active_recovery,1,368,10.105,1.0965447966966877,16.764035564028926,400
active_recovery,1,369,10.215,1.0966296860256441,17.05335193218153,400
active_recovery,1,370,10.065,1.0967060864217073,16.096314959943527,400
active_recovery,1,371,10.325,1.0967748467781662,18.545278644482305,400
active_recovery,1,372,10.285,1.0968367310989777,17.288900110931962,400
active_recovery,1,373,10.19,1.0968924269877107,18.640496610882753,400
active_recovery,1,374,10.235,1.0969425532875683,18.26894426950859,400
active_recovery,1,375,10.335,1.0969876669574357,18.242819234322116,400
active_recovery,1,376,10.445,1.0970282692603217,17.04134092107257,400
active_recovery,1,377,10.93,1.0970648113329187,17.597366057808916,400
active_recovery,1,378,11.35,1.0970976991982564,19.141181975313767,400
active_recovery,1,379,12.115,1.0971272982770588,20.541032056100992,400
active_recovery,1,380,12.44,1.0971539374479782,21.67612714246938,400
active_recovery,1,381,12.745,1.0971779127018086,21.547303837647885,400
active_recovery,1,382,12.54,1.0971994904302527,22.116496997471124,400
active_recovery,1,383,12.2,1.0972189103858603,21.459811225801243,400
active_recovery,1,384,11.85,1.0972363883459044,21.289312606826343,400
active_recovery,1,385,11.675,1.0972521185099424,20.331325753268995,400
active_recovery,1,386,11.95,1.0972662756575753,20.683656157164545,400
active_recovery,1,387,11.89,1.0972790170904458,20.867823566982516,400
active_recovery,1,388,12.02,1.0972904843800293,19.4938332889304,400
active_recovery,1,389,12.045,1.0973008049406527,21.100437775234536,400
active_recovery,1,390,11.835,1.0973100934452205,20.207929435449525,400
active_recovery,1,391,12.1,1.0973184530993203,22.737025421688397,400
active_recovery,1,392,12.16,1.0973259767880168,20.606497022148975,400
active_recovery,1,393,11.89,1.0973327481078474,21.66321198168926,400
active_recovery,1,394,12.035,1.0973388422956907,20.684097001219385,400
active_recovery,1,395,12.505,1.097344327064749,20.039781959352034,400
active_recovery,1,396,12.585,1.0973492633569062,21.063442071765696,400
active_recovery,1,397,12.615,1.0973537060198402,20.528429419372348,400
active_recovery,1,398,12.295,1.0973577044164875,21.26088797391932,400
active_recovery,1,399,12.155,1.097361302973467,19.80850971122425,400
active_recovery,1,400,11.82,1.097364541674748,20.622564576979958,400
active_recovery,1,401,12.155,1.0973674565058982,18.929732670620027,400
active_recovery,1,402,12.445,1.0973700798539365,19.824245155982744,400
active_recovery,1,403,13.07,1.0973724408671683,21.375007183251135,400
active_recovery,1,404,13.5,1.0973745657790823,21.41220558939244,400
active_recovery,1,405,13.43,1.0973764781998039,23.31637148498843,400
active_recovery,1,406,12.9,1.0973781993784515,21.788169864812378,400
active_recovery,1,407,12.085,1.0973797484392365,20.864294358502033,400
active_recovery,1,408,11.915,1.0973811425939368,20.726934613815498,400
active_recovery,1,409,11.53,1.0973823973331764,22.920324736632548,400
active_recovery,1,410,11.7,1.0973835265984857,21.113336032973464,400
active_recovery,1,411,11.915,1.0973845429372664,21.061281847410424,400
active_recovery,1,412,12.43,1.0973854576421673,20.271062497242173,400
active_recovery,1,413,13.1,1.0973862808765766,20.28979206652842,400
active_recovery,1,414,13.565,1.0973870217875425,22.44736849190014,400
active_recovery,1,415,13.51,1.0973876886074203,21.369004638570647,400
active_recovery,1,416,13.38,1.097388288745301,21.96203549066883,400
active_recovery,1,417,12.925,1.0973888288694065,22.94593220499932,400
active_recovery,1,418,12.855,1.0973893149810965,22.611299191545477,400
active_recovery,1,419,12.665,1.09738975248161,23.381581397148334,400
active_recovery,1,420,11.955,1.0973901462320805,21.933376260632777,400
active_recovery,1,421,12.325,1.0973905006075002,21.400480691622455,400
active_recovery,1,422,13.115,1.0973908195453768,21.46559264364525,400
active_recovery,1,423,13.44,1.097391106589465,22.092905921583338,400
active_recovery,1,424,13.84,1.0973913649291493,21.72711853281723,400
active_recovery,1,425,13.97,1.0973915974348603,24.198272575727664,400
active_recovery,1,426,14.17,1.09739180669001,22.10040750602615,400
active_recovery,1,427,13.94,1.0973919950196342,21.998485283291963,400
active_recovery,1,428,13.465,1.097392164516299,19.866945961584168,400
active_recovery,1,429,13.405,1.0973923170632962,18.38891525126661,400
active_recovery,1,430,13.385,1.097392454355599,18.08640015651655,400
active_recovery,1,431,13.605,1.0973925779186633,19.256013024781524,400
active_recovery,1,432,13.92,1.0973926891254255,18.96304718811464,400
active_recovery,1,433,13.775,1.0973927892115096,20.061543023083107,400
active_recovery,1,434,13.805,1.0973928792889895,21.114265953270277,400
active_recovery,1,435,13.615,1.0973929603587167,21.421897960536683,400
active_recovery,1,436,13.365,1.097393033321473,19.444038136679595,400
active_recovery,1,437,13.265,1.097393098987958,20.909394062683862,400
active_recovery,1,438,13.285,1.0973931580877883,21.454248524836864,400
active_recovery,1,439,13.52,1.097393211277638,22.56372525428038,400
active_recovery,1,440,13.895,1.0973932591485025,20.901724818331772,400
active_recovery,1,441,14.54,1.097393302232282,22.871782819810843,400
active_recovery,1,442,14.55,1.0973933410076833,21.67566461068486,400
active_recovery,1,443,14.325,1.097393375905542,21.72326817274349,400
active_recovery,1,444,14.3,1.0973934073136173,19.88528576803171,400
active_recovery,1,445,14.335,1.097393435580882,20.20617980742547,400
active_recovery,1,446,14.205,1.0973934610214195,18.712533101750648,400
active_recovery,1,447,14.01,1.0973934839179054,20.205326526504514,400
active_recovery,1,448,13.915,1.0973935045247474,19.03538318720125,400
active_recovery,1,449,13.77,1.097393523070897,19.188645600107083,400
active_recovery,1,450,13.945,1.0973935397624386,18.15826022406485,400
active_recovery,1,451,14.16,1.0973935547848204,19.2513791590178,400
active_recovery,1,452,14.275,1.0973935683049707,19.530185749247064,400
active_recovery,1,453,14.23,1.097393580473099,19.417308947320414,400
active_recovery,1,454,14.055,1.097393591424422,20.45544350344473,400
active_recovery,1,455,13.775,1.0973936012806078,19.71086328451859,400
active_recovery,1,456,13.635,1.097393610151171,18.00966899330447,400
active_recovery,1,457,13.815,1.0973936181346808,18.343885828701723,400
active_recovery,1,458,14.305,1.097393625319843,19.792061281463866,400
active_recovery,1,459,14.94,1.0973936317864883,17.91610068383383,400
active_recovery,1,460,15.33,1.0973936376064684,19.509578741815364,400
active_recovery,1,461,15.125,1.0973936428444466,19.65207398915556,400
active_recovery,1,462,14.52,1.0973936475586334,20.59852067360034,400
active_recovery,1,463,14.16,1.0973936518013978,19.21986416093395,400
active_recovery,1,464,14.23,1.097393655619886,19.97811127090024,400
active_recovery,1,465,14.035,1.0973936590565228,20.17628462330312,400
active_recovery,1,466,14.585,1.0973936621494957,20.58127781963629,400
active_recovery,1,467,14.72,1.0973936649331753,20.28190141831556,400
active_recovery,1,468,15.21,1.0973936674384914,20.713986133815872,400
active_recovery,1,469,15.555,1.0973936696932645,21.415381331452718,400
active_recovery,1,470,15.89,1.09739367172257,21.36601105452064,400
active_recovery,1,471,16.425,1.097393673548939,22.65656760777866,400
active_recovery,1,472,16.9,1.0973936751926747,22.77734282917411,400
active_recovery,1,473,17.51,1.0973936766720362,23.895998303372416,400
active_recovery,1,474,17.56,1.097393678003465,23.231417626986143,400
active_recovery,1,475,16.75,1.0973936792017434,21.4188579924357,400
active_recovery,1,476,15.975,1.0973936802801962,21.307313630498463,400
active_recovery,1,477,15.63,1.0973936812508078,22.494313653255727,400
active_recovery,1,478,15.745,1.0973936821243533,23.09672994946055,400
active_recovery,1,479,16.14,1.0973936829105464,24.220522863707437,400
active_recovery,1,480,16.465,1.0973936836181262,24.082854684197667,400
active_recovery,1,481,16.91,1.0973936842549363,23.013488555722407,400
active_recovery,1,482,16.91,1.0973936848280714,22.13473166753292,400
active_recovery,1,483,16.845,1.097393685343892,21.244522561064663,400
active_recovery,1,484,16.325,1.0973936858081312,21.243390997628943,400
active_recovery,1,485,16.425,1.0973936862259455,21.059463097036776,400
active_recovery,1,486,15.61,1.0973936866019802,21.665855255769994,400
active_recovery,1,487,15.33,1.0973936869404075,21.22810879528688,400
active_recovery,1,488,15.45,1.0973936872450012,22.289263148903828,400
active_recovery,1,489,15.865,1.0973936875191266,22.566495873530833,400
active_recovery,1,490,16.48,1.0973936877658441,22.573552387531848,400
active_recovery,1,491,17.03,1.0973936879878867,23.28693862895294,400
active_recovery,1,492,17.935,1.0973936881877233,24.24831988805655,400
active_recovery,1,493,18.81,1.097393688367577,23.477641961610406,400
active_recovery,1,494,19.395,1.0973936885294535,23.793164726837837,400
active_recovery,1,495,19.4,1.097393688675136,24.683167467262695,400
active_recovery,1,496,19.45,1.0973936888062497,24.612907872907556,400
active_recovery,1,497,19.675,1.0973936889242486,25.306749836992132,400
active_recovery,1,498,19.88,1.0973936890304556,26.291947296966967,400
active_recovery,1,499,20.75,1.0973936891260325,26.80823618547288,400
active_recovery,1,500,20.99,1.0973936892120633,27.0375950874217,400
active_recovery,1,501,21.22,1.0973936892894856,29.04920389084904,400
active_recovery,1,502,20.875,1.0973936893591645,27.994399794256513,400
active_recovery,1,503,20.515,1.0973936894218754,28.877449563844074,400
active_recovery,1,504,20.195,1.0973936894783143,28.45157013197988,400
active_recovery,1,505,19.43,1.0973936895291145,29.18129879058339,400
active_recovery,1,506,19.76,1.0973936895748304,27.04322173040249,400
active_recovery,1,507,20.185,1.0973936896159773,28.47769695787057,400
active_recovery,1,508,20.015,1.097393689653003,26.038730446191956,400
active_recovery,1,509,20.15,1.0973936896863328,27.512899604885973,400
active_recovery,1,510,20.75,1.0973936897163294,27.523555621760227,400
active_recovery,1,511,20.775,1.097393689743332,27.83521437057839,400
active_recovery,1,512,21.42,1.097393689767618,28.580386724069328,400
active_recovery,1,513,21.92,1.0973936897894894,27.712416597336478,400
active_recovery,1,514,22.44,1.097393689809169,31.506119522259503,400
active_recovery,1,515,21.925,1.0973936898268786,28.83999498582813,400
active_recovery,1,516,21.55,1.0973936898428174,29.907061629292798,400
active_recovery,1,517,20.84,1.097393689857163,29.770783500285106,400
active_recovery,1,518,20.12,1.0973936898700776,30.59922398013274,400
active_recovery,1,519,19.425,1.0973936898817012,27.5368432162079,400
active_recovery,1,520,18.9,1.09739368989216,28.19521713497576,400
active_recovery,1,521,18.61,1.0973936899015662,24.99311340475425,400
active_recovery,1,522,18.69,1.0973936899100432,27.20594889397096,400
active_recovery,1,523,19.05,1.097393689917665,26.33943072264957,400
active_recovery,1,524,19.21,1.097393689924526,28.108789916018868,400
active_recovery,1,525,19.62,1.0973936899307009,28.201738504330752,400
active_recovery,1,526,19.985,1.0973936899362602,27.37399845375579,400
active_recovery,1,527,20.555,1.0973936899412635,30.418958947238778,400
active_recovery,1,528,20.86,1.0973936899457621,28.723216544429047,400
active_recovery,1,529,20.81,1.0973936899498191,31.897858259990393,400
active_recovery,1,530,20.745,1.0973936899534615,28.290778058569302,400
active_recovery,1,531,20.17,1.0973936899567438,29.80707999981929,400
active_recovery,1,532,19.815,1.0973936899596997,27.460495625497135,400
active_recovery,1,533,19.785,1.0973936899623564,27.25825341960759,400
active_recovery,1,534,19.265,1.097393689964751,28.594357546401817,400
active_recovery,1,535,19.745,1.097393689966901,27.984850102488295,400
active_recovery,1,536,20.13,1.0973936899688368,27.181708702563114,400
active_recovery,1,537,20.965,1.097393689970586,26.810439149293373,400
active_recovery,1,538,21.66,1.0973936899721515,30.407436689609497,400
active_recovery,1,539,21.875,1.097393689973568,30.94834216458848,400
active_recovery,1,540,21.93,1.0973936899748398,31.05011382615383,400
active_recovery,1,541,21.395,1.0973936899759802,33.155056186327364,400
active_recovery,1,542,20.645,1.0973936899770114,31.619641078245508,400
active_recovery,1,543,20.375,1.0973936899779397,29.636313997848028,400
active_recovery,1,544,20.465,1.0973936899787744,29.47608614410959,400
active_recovery,1,545,21.385,1.0973936899795258,28.023816256427242,400
active_recovery,1,546,22.04,1.0973936899802004,29.273277024930753,400
active_recovery,1,547,22.685,1.097393689980807,27.578843917570037,400
active_recovery,1,548,22.755,1.0973936899813557,30.500823418247727,400
active_recovery,1,549,23.01,1.0973936899818544,28.28265763751829,400
active_recovery,1,550,22.58,1.0973936899822927,30.115123089252567,400
active_recovery,1,551,22.54,1.0973936899826957,29.450316700704406,400
active_recovery,1,552,22.275,1.0973936899830588,29.186916171078366,400
active_recovery,1,553,22.26,1.0973936899833785,31.19557025941154,400
active_recovery,1,554,22.615,1.0973936899836674,30.64571055958312,400
active_recovery,1,555,22.85,1.0973936899839258,30.4452857812977,400
active_recovery,1,556,23.055,1.0973936899841634,31.392774967019,400
active_recovery,1,557,23.17,1.097393689984372,33.69356095109249,400
active_recovery,1,558,23.145,1.0973936899845642,31.235389468308618,400
active_recovery,1,559,22.75,1.0973936899847372,30.78503057010383,400
active_recovery,1,560,22.27,1.0973936899848933,32.19649462136916,400
active_recovery,1,561,21.675,1.0973936899850303,32.07459702602936,400
active_recovery,1,562,21.575,1.0973936899851549,31.23044457427552,400
active_recovery,1,563,22.055,1.0973936899852696,29.16485523335078,400
active_recovery,1,564,22.31,1.0973936899853665,29.375477084339167,400
active_recovery,1,565,22.635,1.0973936899854628,29.326350098797114,400
active_recovery,1,566,22.845,1.0973936899855496,29.51468461177393,400
active_recovery,1,567,22.58,1.0973936899856158,30.04776953419785,400
active_recovery,1,568,22.605,1.0973936899856813,31.128407326580106,400
active_recovery,1,569,22.915,1.097393689985743,33.341774841633885,400
active_recovery,1,570,23.46,1.0973936899857935,32.01364096061591,400
active_recovery,1,571,24.045,1.0973936899858476,30.529931106390958,400
active_recovery,1,572,23.96,1.0973936899858872,33.715025717061465,400
active_recovery,1,573,23.31,1.0973936899859345,31.217268241496278,400
active_recovery,1,574,22.9,1.097393689985963,30.586248590783686,400
active_recovery,1,575,22.4,1.0973936899859962,31.497009701922558,400
active_recovery,1,576,21.7,1.0973936899860248,30.301295637923506,400
active_recovery,1,577,21.81,1.0973936899860495,30.850454360299768,400
active_recovery,1,578,22.05,1.097393689986074,29.33079267103921,400
active_recovery,1,579,22.02,1.097393689986094,30.97131833731999,400
active_recovery,1,580,21.72,1.0973936899861123,30.359657209703183,400
active_recovery,1,581,21.88,1.0973936899861336,30.749542152532406,400
active_recovery,1,582,21.625,1.0973936899861416,30.95111899997245,400
active_recovery,1,583,21.285,1.0973936899861614,28.991798572257135,400
active_recovery,1,584,21.68,1.0973936899861698,30.521980358539032,400
active_recovery,1,585,21.67,1.0973936899861831,30.17189149362018,400
active_recovery,1,586,22.27,1.0973936899861947,28.96406713242875,400
active_recovery,1,587,22.91,1.0973936899862058,29.326007295404683,400
active_recovery,1,588,23.365,1.0973936899862118,30.428269594776953,400
active_recovery,1,589,24.06,1.0973936899862182,30.418636542421535,400
active_recovery,1,590,23.8,1.097393689986225,30.223091969246365,400
active_recovery,1,591,23.65,1.097393689986227,29.383561926773776,400
active_recovery,1,592,23.6,1.0973936899862404,29.99915147030025,400
active_recovery,1,593,23.04,1.0973936899862367,31.882662529815235,400
active_recovery,1,594,22.455,1.0973936899862426,29.81029732508508,400
active_recovery,1,595,22.745,1.0973936899862458,31.361075995639965,400
active_recovery,1,596,22.6,1.097393689986253,29.164455831187368,400
active_recovery,1,597,22.49,1.097393689986258,31.05272621288987,400
active_recovery,1,598,22.81,1.0973936899862609,30.392102539116948,400
active_recovery,1,599,23.28,1.097393689986258,31.549704170602507,400
active_recovery,1,600,23.69,1.0973936899862624,31.086715518008567,400
active_recovery,2,0,1.895,0.0,0.0,400
active_recovery,2,1,1.725,0.10973936899863264,1.125,400
active_recovery,2,2,1.69,0.20850480109739553,1.8843750000000001,400
active_recovery,2,3,1.66,0.29739368998628185,1.9286367187500002,400
active_recovery,2,4,1.745,0.37739368998628214,2.3275019531250005,400
active_recovery,2,5,1.68,0.44939368998628343,2.36633903503418,400
active_recovery,2,6,1.795,0.5141936899862832,2.530649683135987,400
active_recovery,2,7,1.83,0.5725136899862832,2.7008337005833627,400
active_recovery,2,8,1.915,0.6250016899862821,3.2681316854258724,400
active_recovery,2,9,1.88,0.6722408899862812,3.084908137505767,400
active_recovery,2,10,1.955,0.7147561699862829,3.167874312815653,400
active_recovery,2,11,1.915,0.7530199219862808,3.3834687829714976,400
active_recovery,2,12,1.96,0.7874572987862818,3.653789555513564,400
active_recovery,2,13,1.93,0.818450937906281,3.296435700005783,400
active_recovery,2,14,2.035,0.8463452131142831,3.472083544718397,400
active_recovery,2,15,2.2,0.8714500608014856,3.8866190160704814,400
active_recovery,2,16,2.275,0.8940444237199613,4.231349675092018,400
active_recovery,2,17,2.41,0.9143793503465925,4.667329186234632,400
active_recovery,2,18,2.54,0.9326807843105649,5.469274641874863,400
active_recovery,2,19,2.59,0.9491520748781357,4.867537211462557,400
active_recovery,2,20,2.72,0.9639762363889511,5.02127996513671,400
active_recovery,2,21,2.755,0.9773179817486808,5.752596301054607,400
active_recovery,2,22,2.89,0.9893255525724438,6.480604365591548,400
active_recovery,2,23,2.945,1.0001323663138264,6.062808534367115,400
active_recovery,2,24,3.155,1.00985849868107,5.970602719998598,400
active_recovery,2,25,3.3,1.0186120178115905,6.336621217101156,400
active_recovery,2,26,3.48,1.0264901850290618,6.8723531982229185,400
active_recovery,2,27,3.49,1.033580535524789,7.500737231265292,400
active_recovery,2,28,3.53,1.0399618509709312,7.063622544630334,400
active_recovery,2,29,3.715,1.0457050348724686,7.427058826818253,400
active_recovery,2,30,3.705,1.0508739003838503,7.742582402632291,400
active_recovery,2,31,4.045,1.0555258793440927,7.386715204828127,400
active_recovery,2,32,4.285,1.0597126604083147,6.935900954791046,400
active_recovery,2,33,4.375,1.0634807633661105,7.442298178740655,400
active_recovery,2,34,4.52,1.0668720560281257,7.4684719663076935,400
active_recovery,2,35,4.58,1.0699242194239444,7.767171639122789,400
active_recovery,2,36,4.46,1.072671166480171,7.939672157293969,400
active_recovery,2,37,4.435,1.0751434188307858,9.103699635078513,400
active_recovery,2,38,4.64,1.077368445946338,9.648818208708734,400
active_recovery,2,39,4.745,1.0793709703503305,9.41254133632748,400
active_recovery,2,40,4.82,1.0811732423139249,9.752060108823871,400
active_recovery,2,41,5.41,1.0827952870811628,9.455663168227264,400
active_recovery,2,42,5.83,1.084255127371673,11.444919497652174,400
active_recovery,2,43,6.025,1.0855689836331353,11.289244339887734,400
active_recovery,2,44,6.42,1.0867514542684529,11.685475990203152,400
active_recovery,2,45,6.44,1.0878156778402306,11.96003343126284,400
active_recovery,2,46,6.425,1.0887734790548376,10.969333358502029,400
active_recovery,2,47,6.22,1.0896355001479872,11.36123640101886,400
active_recovery,2,48,5.975,1.0904113191318099,10.7515646666717,400
active_recovery,2,49,5.955,1.0911095562172606,10.387187882712634,400
active_recovery,2,50,5.95,1.091737969594159,10.650988568108458,400
active_recovery,2,51,6.17,1.092303541633375,10.959544641582495,400
active_recovery,2,52,6.46,1.092812556468665,9.924645210375429,400
active_recovery,2,53,6.735,1.0932706698204278,10.272435194312123,400
active_recovery,2,54,6.79,1.0936829718370138,9.451820499697194,400
active_recovery,2,55,6.925,1.0940540436519388,10.42183539022102,400
active_recovery,2,56,6.94,1.0943880082853714,10.765877974522637,400
active_recovery,2,57,7.06,1.0946885764554628,11.618451385836114,400
active_recovery,2,58,7.31,1.0949590878085447,10.593064271170299,400
active_recovery,2,59,7.335,1.0952025480263212,10.997016247622701,400
active_recovery,2,60,7.035,1.0954216622223159,10.692934521306825,400
active_recovery,2,61,7.375,1.0956188649987155,10.312738349749518,400
active_recovery,2,62,7.735,1.09579634749747,11.386180931569438,400
active_recovery,2,63,8.055,1.0959560817463518,12.30794647518461,400
active_recovery,2,64,8.465,1.0960998425703454,12.240752716032626,400
active_recovery,2,65,9.02,1.096229227311938,11.980856355173954,400
active_recovery,2,66,9.44,1.0963456735793704,12.732707919741463,400
active_recovery,2,67,9.75,1.0964504752200614,13.768846073000198,400
active_recovery,2,68,9.74,1.0965447966966844,14.199868436966131,400
active_recovery,2,69,9.32,1.0966296860256446,13.972935603199645,400
active_recovery,2,70,9.18,1.0967060864217086,12.944386529628927,400
active_recovery,2,71,8.935,1.096774846778164,12.615916648228191,400
active_recovery,2,72,9.05,1.0968367310989762,13.220293283679155,400
active_recovery,2,73,9.525,1.0968924269877063,12.894516085890777,400
active_recovery,2,74,9.84,1.0969425532875663,14.106357158382929,400
active_recovery,2,75,9.87,1.0969876669574359,14.297217256949608,400
active_recovery,2,76,10.185,1.0970282692603233,15.145079550447882,400
active_recovery,2,77,10.475,1.0970648113329207,14.857955588610697,400
active_recovery,2,78,10.49,1.0970976991982613,16.22386380598038,400
active_recovery,2,79,10.62,1.0971272982770588,16.123959703491032,400
active_recovery,2,80,10.695,1.097153937447978,16.710275106725593,400
active_recovery,2,81,10.98,1.097177912701812,16.308927242352453,400
active_recovery,2,82,11.11,1.097199490430262,16.08154858446435,400
active_recovery,2,83,11.57,1.097218910385859,16.401825117468338,400
active_recovery,2,84,11.88,1.0972363883459038,16.989895354766777,400
active_recovery,2,85,12.22,1.0972521185099404,16.660007211469658,400
active_recovery,2,86,12.765,1.097266275657578,16.61433663872568,400
active_recovery,2,87,13.085,1.0972790170904476,16.310142257203733,400
active_recovery,2,88,12.84,1.097290484380026,16.308036899037095,400
active_recovery,2,89,12.89,1.0973008049406552,16.820214383757655,400
active_recovery,2,90,13.155,1.0973100934452227,17.64240539770701,400
active_recovery,2,91,13.125,1.0973184530993214,18.635690533766706,400
active_recovery,2,92,13.29,1.0973259767880141,18.26237024499814,400
active_recovery,2,93,13.25,1.0973327481078445,17.98420352069765,400
active_recovery,2,94,13.645,1.0973388422956907,19.816125197889853,400
active_recovery,2,95,14.285,1.0973443270647474,21.358225630075925,400
active_recovery,2,96,14.36,1.0973492633569073,20.193899185133006,400
active_recovery,2,97,14.38,1.0973537060198426,23.67347607878641,400
active_recovery,2,98,14.1,1.097357704416481,20.401340463209557,400
active_recovery,2,99,13.85,1.0973613029734617,21.091671599654006,400
active_recovery,2,100,14.21,1.0973645416747457,20.746019569716132,400
active_recovery,2,101,14.565,1.0973674565059013,19.83197238201256,400
active_recovery,2,102,14.94,1.0973700798539392,21.311757037794436,400
active_recovery,2,103,14.935,1.097372440867177,19.236542244731808,400
active_recovery,2,104,15.02,1.0973745657790837,20.919816500067807,400
active_recovery,2,105,15.29,1.0973764781998014,20.374951795002858,400
active_recovery,2,106,15.77,1.0973781993784508,21.78740918560828,400
active_recovery,2,107,15.63,1.0973797484392342,22.26983636723191,400
active_recovery,2,108,16.05,1.097381142593945,22.264614906878315,400
active_recovery,2,109,15.7,1.0973823973331753,22.066955674812593,400
active_recovery,2,110,15.415,1.097383526598485,19.84824230268618,400
active_recovery,2,111,14.77,1.0973845429372666,20.326230478559943,400
active_recovery,2,112,14.395,1.0973854576421673,18.69808992279008,400
active_recovery,2,113,14.245,1.0973862808765802,19.633550160271326,400
active_recovery,2,114,14.645,1.0973870217875532,19.406505192677837,400
active_recovery,2,115,15.055,1.0973876886074194,18.775500563078378,400
active_recovery,2,116,15.935,1.0973882887453104,19.32199418596344,400
active_recovery,2,117,16.56,1.097388828869404,20.254500758672624,400
active_recovery,2,118,16.22,1.0973893149810932,22.022567611267487,400
active_recovery,2,119,16.145,1.097389752481609,21.20666943671376,400
active_recovery,2,120,16.52,1.0973901462320808,21.52105419280261,400
active_recovery,2,121,16.19,1.0973905006075002,21.32689559844118,400
active_recovery,2,122,16.255,1.0973908195453765,20.711747883443163,400
active_recovery,2,123,16.275,1.097391106589467,21.807261439585826,400
active_recovery,2,124,15.71,1.0973913649291531,20.935413676091006,400
active_recovery,2,125,15.715,1.097391597434866,20.6634953450491,400
active_recovery,2,126,16.3,1.0973918066900044,21.689832703457814,400
active_recovery,2,127,16.52,1.0973919950196345,21.708510106921867,400
active_recovery,2,128,16.915,1.0973921645162987,22.354767902002084,400
active_recovery,2,129,17.055,1.0973923170632907,21.983017489678275,400
active_recovery,2,130,16.755,1.0973924543555975,22.201500543793227,400
active_recovery,2,131,16.41,1.0973925779186626,22.792771403351942,400
active_recovery,2,132,16.485,1.0973926891254244,22.625197117104058,400
active_recovery,2,133,16.415,1.0973927892115107,21.892601750939672,400
active_recovery,2,134,16.565,1.097392879288986,21.952642559566513,400
active_recovery,2,135,16.745,1.0973929603587167,22.58285586162081,400
active_recovery,2,136,16.615,1.0973930333214743,21.051400017522386,400
active_recovery,2,137,16.685,1.0973930989879594,22.209458852301204,400
active_recovery,2,138,16.555,1.0973931580877896,21.384428255722558,400
active_recovery,2,139,16.43,1.0973932112776354,23.389181655415044,400
active_recovery,2,140,16.44,1.0973932591485007,21.188949023362756,400
active_recovery,2,141,16.59,1.0973933022322848,21.548578269355623,400
active_recovery,2,142,16.88,1.0973933410076795,22.441760701094328,400
active_recovery,2,143,17.375,1.0973933759055392,24.544331092024617,400
active_recovery,2,144,16.83,1.0973934073136122,21.747662515980185,400
active_recovery,2,145,16.21,1.0973934355808843,21.582707403018127,400
active_recovery,2,146,15.875,1.0973934610214222,21.25146600834129,400
active_recovery,2,147,15.865,1.0973934839179076,20.213701973598663,400
active_recovery,2,148,15.71,1.0973935045247427,20.60090236357791,400
active_recovery,2,149,15.43,1.0973935230708987,22.140649366369242,400
active_recovery,2,150,16.165,1.0973935397624381,20.90829141016168,400
active_recovery,2,151,16.385,1.0973935547848195,23.001610901166096,400
active_recovery,2,152,16.63,1.0973935683049685,21.66728857483952,400
active_recovery,2,153,17.095,1.0973935804730985,22.344914907414907,400
active_recovery,2,154,16.47,1.097393591424419,22.179308886743385,400
active_recovery,2,155,16.425,1.0973936012806067,21.334634610441437,400
active_recovery,2,156,16.66,1.097393610151171,21.79585358482085,400
active_recovery,2,157,17.555,1.0973936181346855,21.92872247198641,400
active_recovery,2,158,18.03,1.0973936253198449,22.03154056593987,400
active_recovery,2,159,18.63,1.097393631786484,24.46088017526932,400
active_recovery,2,160,18.645,1.097393637606469,23.815909713513374,400
active_recovery,2,161,18.295,1.097393642844449,23.403235155259914,400
active_recovery,2,162,18.085,1.097393647558633,24.168499976715818,400
active_recovery,2,163,17.83,1.097393651801396,22.914365998459406,400
active_recovery,2,164,18.445,1.0973936556198878,24.015943383042085,400
active_recovery,2,165,18.84,1.0973936590565265,22.8149358326455,400
active_recovery,2,166,18.635,1.0973936621494995,24.323010924918368,400
active_recovery,2,167,18.79,1.0973936649331812,22.65735585115668,400
active_recovery,2,168,18.525,1.0973936674384885,23.60879669664889,400
active_recovery,2,169,18.38,1.0973936696932702,21.895043912226328,400
active_recovery,2,170,18.185,1.0973936717225683,23.795796368406275,400
active_recovery,2,171,18.475,1.0973936735489436,22.28903231946342,400
active_recovery,2,172,18.875,1.0973936751926714,23.202250292178274,400
active_recovery,2,173,18.74,1.0973936766720367,22.434470218516132,400
active_recovery,2,174,18.19,1.0973936780034579,22.43075307999752,400
active_recovery,2,175,18.295,1.0973936792017442,22.374391655096424,400
active_recovery,2,176,18.685,1.0973936802801987,23.14348213611826,400
active_recovery,2,177,18.875,1.0973936812508045,23.212751957541894,400
active_recovery,2,178,18.905,1.0973936821243533,23.305210653703973,400
active_recovery,2,179,19.155,1.0973936829105482,25.08874751053121,400
active_recovery,2,180,18.9,1.0973936836181197,26.10357198749084,400
active_recovery,2,181,18.8,1.0973936842549386,25.221386919484,400
active_recovery,2,182,18.565,1.0973936848280692,24.582313684504562,400
active_recovery,2,183,18.885,1.097393685343892,25.699880383350315,400
active_recovery,2,184,18.98,1.097393685808133,24.45726143570016,400
active_recovery,2,185,19.035,1.097393686225944,24.276457301588554,400
active_recovery,2,186,18.85,1.0973936866019787,24.046353864917055,400
active_recovery,2,187,18.645,1.0973936869404097,24.41995789077827,400
active_recovery,2,188,18.225,1.097393687244999,23.59993822168796,400
active_recovery,2,189,18.27,1.097393687519128,23.151262992551768,400
active_recovery,2,190,18.925,1.097393687765845,22.910682651171765,400
active_recovery,2,191,19.355,1.0973936879878852,23.41337296373677,400
active_recovery,2,192,20.075,1.09739368818773,22.91365501118782,400
active_recovery,2,193,20.285,1.0973936883675777,23.626083423712824,400
active_recovery,2,194,20.145,1.0973936885294542,22.923852414826026,400
active_recovery,2,195,19.8,1.0973936886751339,24.001384358582936,400
active_recovery,2,196,19.31,1.0973936888062474,23.87204596159737,400
active_recovery,2,197,18.895,1.0973936889242542,21.735665415732832,400
active_recovery,2,198,18.64,1.0973936890304539,24.024995262486776,400
active_recovery,2,199,18.515,1.0973936891260367,24.023726174511445,400
active_recovery,2,200,18.925,1.0973936892120595,24.696473194812082,400
active_recovery,2,201,19.46,1.0973936892894802,24.138837658236522,400
active_recovery,2,202,19.335,1.097393689359164,24.524998412994556,400
active_recovery,2,203,19.73,1.0973936894218768,23.909383159441187,400
active_recovery,2,204,20.21,1.0973936894783185,24.817380846993533,400
active_recovery,2,205,20.745,1.0973936895291105,23.839302824188934,400
active_recovery,2,206,20.58,1.0973936895748333,24.966922836421762,400
active_recovery,2,207,20.62,1.0973936896159733,26.14156762184376,400
active_recovery,2,208,21.045,1.0973936896530072,27.43056227198456,400
active_recovery,2,209,21.34,1.0973936896863328,27.294519943329558,400
active_recovery,2,210,21.635,1.097393689716326,29.464955089749793,400
active_recovery,2,211,21.355,1.097393689743324,28.876699781639854,400
active_recovery,2,212,20.84,1.0973936897676195,28.18068251842417,400
active_recovery,2,213,20.595,1.0973936897894836,25.303948037643984,400
active_recovery,2,214,21.185,1.0973936898091659,25.461740223093265,400
active_recovery,2,215,21.775,1.0973936898268752,27.301219150292543,400
active_recovery,2,216,22.27,1.097393689842816,27.2987660876194,400
active_recovery,2,217,22.07,1.0973936898571675,25.84483809518056,400
active_recovery,2,218,21.725,1.0973936898700785,25.3517160616596,400
active_recovery,2,219,22.305,1.0973936898816956,26.625413243103562,400
active_recovery,2,220,22.43,1.097393689892158,25.899973737077264,400
active_recovery,2,221,22.375,1.0973936899015742,27.03904659466949,400
active_recovery,2,222,22.21,1.0973936899100394,28.891380864245043,400
active_recovery,2,223,21.695,1.0973936899176628,26.842024658795737,400
active_recovery,2,224,21.96,1.0973936899245245,26.373160189130374,400
active_recovery,2,225,21.995,1.0973936899307009,26.133278818968947,400
active_recovery,2,226,22.68,1.0973936899362597,25.005039760254014,400
active_recovery,2,227,23.965,1.0973936899412635,25.396618006476498,400
active_recovery,2,228,24.54,1.0973936899457613,26.66790600366916,400
active_recovery,2,229,25.24,1.0973936899498158,29.035067095838073,400
active_recovery,2,230,25.0,1.0973936899534622,29.851310777032186,400
active_recovery,2,231,24.11,1.0973936899567465,28.96776469139407,400
active_recovery,2,232,23.515,1.0973936899597014,30.134576830030614,400
active_recovery,2,233,23.52,1.0973936899623586,28.4127537623143,400
active_recovery,2,234,24.025,1.097393689964748,28.715687629779342,400
active_recovery,2,235,25.085,1.0973936899669015,28.216514074967296,400
active_recovery,2,236,24.95,1.0973936899688461,31.415421037196246,400
active_recovery,2,237,25.465,1.0973936899705852,30.398386875620233,400
active_recovery,2,238,25.73,1.097393689972158,30.98143755521879,400
active_recovery,2,239,25.435,1.0973936899735703,31.72154354473869,400
active_recovery,2,240,25.29,1.097393689974837,29.85971490506669,400
active_recovery,2,241,25.355,1.0973936899759849,29.680551873753572,400
active_recovery,2,242,25.99,1.0973936899770116,29.396502883176474,400
active_recovery,2,243,26.685,1.097393689977942,28.224311802992194,400
active_recovery,2,244,26.105,1.097393689978775,28.874474743023114,400
active_recovery,2,245,25.49,1.0973936899795242,28.711085872393454,400
active_recovery,2,246,24.88,1.0973936899802075,29.53116540942121,400
active_recovery,2,247,25.11,1.0973936899808114,30.849045202370984,400
active_recovery,2,248,25.335,1.097393689981365,29.72942192596253,400
active_recovery,2,249,26.015,1.0973936899818473,31.743643363469978,400
active_recovery,2,250,26.46,1.0973936899822931,29.926645278863326,400
active_recovery,2,251,26.995,1.0973936899826922,29.604120396276716,400
active_recovery,2,252,27.225,1.0973936899830492,31.62350206907017,400
active_recovery,2,253,28.155,1.0973936899833765,31.256357322305078,400
active_recovery,2,254,28.73,1.097393689983666,30.921946682094383,400
active_recovery,2,255,28.89,1.0973936899839296,31.198611425444987,400
active_recovery,2,256,29.36,1.0973936899841612,31.559611415407474,400
active_recovery,2,257,28.76,1.0973936899843721,32.153643973354875,400
active_recovery,2,258,28.175,1.0973936899845644,32.522583034182595,400
active_recovery,2,259,28.5,1.0973936899847347,33.1251450159365,400
active_recovery,2,260,28.65,1.0973936899848982,31.289472288747053,400
active_recovery,2,261,28.78,1.097393689985029,32.30417139116782,400
active_recovery,2,262,28.59,1.097393689985155,32.26026836937748,400
active_recovery,2,263,28.475,1.0973936899852705,33.03535582589177,400
active_recovery,2,264,28.945,1.0973936899853736,32.23965857955738,400
active_recovery,2,265,30.375,1.0973936899854637,32.36969948793119,400
active_recovery,2,266,31.04,1.0973936899855448,33.252049926175395,400
active_recovery,2,267,31.67,1.0973936899856185,34.1157940955727,400
active_recovery,2,268,32.05,1.0973936899856866,33.85394899663387,400
active_recovery,2,269,31.4,1.0973936899857437,34.704509029371295,400
active_recovery,2,270,30.745,1.097393689985799,33.97590988247923,400
active_recovery,2,271,30.395,1.0973936899858427,34.26724366501197,400
active_recovery,2,272,30.085,1.0973936899858892,35.25790038372573,400
active_recovery,2,273,31.47,1.0973936899859271,36.841920530365826,400
active_recovery,2,274,32.575,1.0973936899859644,36.490520866819416,400
active_recovery,2,275,33.38,1.0973936899859986,39.87174064591588,400
active_recovery,2,276,33.235,1.0973936899860268,36.8378075591232,400
active_recovery,2,277,32.375,1.0973936899860515,38.293089798550895,400
active_recovery,2,278,31.46,1.0973936899860712,34.306904889318304,400
active_recovery,2,279,29.825,1.0973936899860954,35.063052911271335,400
active_recovery,2,280,28.8,1.0973936899861125,34.25245586005195,400
active_recovery,2,281,29.09,1.0973936899861316,35.39609478733655,400
active_recovery,2,282,29.115,1.0973936899861496,34.539188939746985,400
active_recovery,2,283,29.5,1.0973936899861596,34.27007793814484,400
active_recovery,2,284,30.135,1.0973936899861745,33.67586077453831,400
active_recovery,2,285,31.665,1.097393689986182,33.55290270756898,400
active_recovery,2,286,33.06,1.0973936899861891,35.20882430491489,400
active_recovery,2,287,34.235,1.0973936899862,35.42068209040038,400
active_recovery,2,288,35.18,1.097393689986208,36.49179373849353,400
active_recovery,2,289,35.155,1.0973936899862151,37.4145081712235,400
active_recovery,2,290,33.595,1.09739368998622,37.07636882600953,400
active_recovery,2,291,32.12,1.0973936899862324,37.029873579295426,400
active_recovery,2,292,32.085,1.0973936899862413,33.70248430965723,400
active_recovery,2,293,32.795,1.0973936899862355,33.695508380895355,400
active_recovery,2,294,33.105,1.0973936899862458,34.31234327313679,400
active_recovery,2,295,33.195,1.0973936899862493,38.99697499465024,400
active_recovery,2,296,31.955,1.0973936899862546,35.218488958282975,400
active_recovery,2,297,31.12,1.097393689986252,38.6027908768597,400
active_recovery,2,298,30.605,1.0973936899862557,34.738374411147014,400
active_recovery,2,299,30.665,1.0973936899862602,34.68843319731092,400
active_recovery,2,300,30.865,1.097393689986262,33.39219103399585,400
active_recovery,2,301,0.62,0.10973936899863397,0.675,400
active_recovery,2,302,0.9,0.20850480109739758,1.1053125000000001,400
active_recovery,2,303,1.515,0.2973936899862809,1.30088671875,400
active_recovery,2,304,1.925,0.37739368998628103,1.9692351562500001,400
active_recovery,2,305,1.905,0.44939368998628193,2.5655996887207033,400
active_recovery,2,306,1.78,0.5141936899862818,2.4918686533355716,400
active_recovery,2,307,1.57,0.5725136899862813,2.651885112974167,400
active_recovery,2,308,1.605,0.6250016899862826,2.9011270424916176,400
active_recovery,2,309,1.52,0.6722408899862821,3.187390346783475,400
active_recovery,2,310,1.62,0.7147561699862822,2.8932225411673844,400
active_recovery,2,311,1.785,0.7530199219862831,3.300419858207934,400
active_recovery,2,312,1.895,0.7874572987862813,3.8528807936609772,400
active_recovery,2,313,1.965,0.8184509379062815,3.4783193293153465,400
active_recovery,2,314,2.035,0.8463452131142857,3.4453496827894696,400
active_recovery,2,315,2.1,0.8714500608014852,3.748532296012709,400
active_recovery,2,316,2.18,0.8940444237199636,3.8142277455721723,400
active_recovery,2,317,2.24,0.9143793503465943,3.842892139535048,400
active_recovery,2,318,2.3,0.9326807843105636,3.782865369629586,400
active_recovery,2,319,2.285,0.9491520748781329,4.445946305043037,400
active_recovery,2,320,2.3,0.9639762363889497,4.130719964322219,400
active_recovery,2,321,2.345,0.9773179817486853,4.173121261974481,400
active_recovery,2,322,2.515,0.989325552572447,4.281957444645198,400
active_recovery,2,323,2.635,1.0001323663138277,4.400457200118715,400
active_recovery,2,324,2.755,1.0098584986810735,4.175633822098283,400
active_recovery,2,325,2.98,1.018612017811597,4.913055274240138,400
active_recovery,2,326,3.17,1.0264901850290589,5.117559765639173,400
active_recovery,2,327,3.505,1.033580535524782,5.914513271589676,400
active_recovery,2,328,3.675,1.0399618509709352,6.125168144813809,400
active_recovery,2,329,3.765,1.0457050348724655,6.782051212819291,400
active_recovery,2,330,3.87,1.0508739003838488,6.16269658734247,400
active_recovery,2,331,4.005,1.0555258793440956,6.208346182126274,400
active_recovery,2,332,4.16,1.0597126604083125,6.62286568300628,400
active_recovery,2,333,4.41,1.0634807633661103,6.395061632133555,400
active_recovery,2,334,4.53,1.066872056028129,6.451367054323719,400
active_recovery,2,335,4.705,1.0699242194239433,6.869521884852488,400
active_recovery,2,336,5.075,1.0726711664801758,6.88004458392194,400
active_recovery,2,337,5.335,1.0751434188307873,7.568555300768149,400
active_recovery,2,338,5.35,1.0773684459463355,7.995528801203846,400
active_recovery,2,339,5.105,1.0793709703503302,8.391948389015395,400
active_recovery,2,340,5.23,1.0811732423139324,7.78674351627732,400
active_recovery,2,341,5.35,1.082795287081164,7.2691224686625535,400
active_recovery,2,342,5.275,1.0842551273716756,7.7335321472612355,400
active_recovery,2,343,5.475,1.0855689836331364,7.93188039433125,400
active_recovery,2,344,5.57,1.0867514542684473,8.249694538097366,400
active_recovery,2,345,5.805,1.0878156778402304,8.679315698379538,400
active_recovery,2,346,5.84,1.0887734790548325,8.589492335109203,400
active_recovery,2,347,6.14,1.089635500147984,8.706350678063671,400
active_recovery,2,348,6.25,1.090411319131815,8.646996127169482,400
active_recovery,2,349,6.315,1.0911095562172604,8.857072661738393,400
active_recovery,2,350,6.485,1.0917379695941625,9.113142858710834,400
active_recovery,2,351,6.565,1.0923035416333715,10.255890640230966,400
active_recovery,2,352,6.82,1.0928125564686633,9.616393240242292,400
active_recovery,2,353,6.96,1.093270669820426,10.041126496949056,400
active_recovery,2,354,7.095,1.0936829718370094,10.30501060437407,400
active_recovery,2,355,7.235,1.094054043651941,10.944597700343433,400
active_recovery,2,356,7.615,1.0943880082853725,10.990520794770271,400
active_recovery,2,357,7.805,1.0946885764554617,13.03661381835639,400
active_recovery,2,358,7.92,1.0949590878085458,11.941668387928535,400
active_recovery,2,359,7.985,1.095202548026317,11.168764851420313,400
active_recovery,2,360,7.84,1.0954216622223176,10.945076661575527,400
active_recovery,2,361,7.98,1.0956188649987118,11.553016837781838,400
active_recovery,2,362,7.915,1.095796347497466,10.573344325723793,400
active_recovery,2,363,7.605,1.095956081746348,11.045876632633727,400
active_recovery,2,364,7.735,1.096099842570349,12.17763476711723,400
active_recovery,2,365,7.915,1.0962292273119425,11.303994969123844,400
active_recovery,2,366,8.5,1.0963456735793755,11.751892239386597,400
active_recovery,2,367,9.355,1.0964504752200654,11.988405304400096,400
active_recovery,2,368,10.61,1.0965447966966875,14.037599297927457,400
active_recovery,2,369,11.525,1.0966296860256455,15.670460666184061,400
active_recovery,2,370,12.26,1.0967060864217097,16.192515279712932,400
active_recovery,2,371,13.08,1.0967748467781677,19.134949423898423,400
active_recovery,2,372,13.3,1.096836731098981,19.427913254292328,400
active_recovery,2,373,13.49,1.096892426987712,21.07197719584352,400
active_recovery,2,374,13.45,1.0969425532875676,20.399318747025596,400
active_recovery,2,375,13.505,1.096987666957434,21.448247421943165,400
active_recovery,2,376,13.2,1.0970282692603217,20.600533972361607,400
active_recovery,2,377,12.89,1.097064811332917,22.5132147953059,400
active_recovery,2,378,13.06,1.0970976991982562,22.113236563149133,400
active_recovery,2,379,12.89,1.097127298277055,22.173454537751276,400
active_recovery,2,380,13.08,1.0971539374479777,20.905418825829013,400
active_recovery,2,381,13.33,1.0971779127018133,21.884134154713323,400
active_recovery,2,382,13.455,1.0971994904302549,22.54510448236308,400
active_recovery,2,383,13.955,1.0972189103858565,22.433895836277873,400
active_recovery,2,384,13.795,1.0972363883459049,21.353310859592895,400
active_recovery,2,385,13.625,1.0972521185099424,21.78780312766983,400
active_recovery,2,386,13.85,1.097266275657578,22.50321460581535,400
active_recovery,2,387,13.74,1.0972790170904492,22.751662368131754,400
active_recovery,2,388,13.99,1.0972904843800333,23.652931048514116,400
active_recovery,2,389,14.0,1.0973008049406545,23.24801619116139,400
active_recovery,2,390,13.71,1.097310093445217,23.26323284573596,400
active_recovery,2,391,13.715,1.0973184530993207,22.868646328967742,400
active_recovery,2,392,13.87,1.0973259767880195,22.590653133304464,400
active_recovery,2,393,14.0,1.0973327481078505,23.40816549632866,400
active_recovery,2,394,13.92,1.0973388422956851,23.420719851870842,400
active_recovery,2,395,13.815,1.0973443270647516,23.216525861385087,400
active_recovery,2,396,13.9,1.0973492633569035,23.03038568766735,400
active_recovery,2,397,13.975,1.097353706019837,24.335110486646357,400
active_recovery,2,398,14.035,1.0973577044164848,25.687927524114155,400
active_recovery,2,399,14.04,1.0973613029734621,23.06211807016223,400
active_recovery,2,400,13.96,1.097364541674745,23.44784265088838,400
active_recovery,2,401,13.615,1.0973674565059037,23.042479739906902,400
active_recovery,2,402,13.255,1.0973700798539385,22.059511439132482,400
active_recovery,2,403,13.31,1.0973724408671715,20.935784077298575,400
active_recovery,2,404,13.505,1.0973745657790808,19.923055094836236,400
active_recovery,2,405,13.705,1.0973764781998048,20.940538779239972,400
active_recovery,2,406,14.225,1.0973781993784544,20.169395116948028,400
active_recovery,2,407,14.695,1.0973797484392351,20.23608921261151,400
active_recovery,2,408,15.255,1.097381142593935,21.076017901372673,400
active_recovery,2,409,15.375,1.0973823973331736,20.96960472372575,400
active_recovery,2,410,14.885,1.0973835265984835,21.962358031422063,400
active_recovery,2,411,14.51,1.0973845429372626,21.075065376750036,400
active_recovery,2,412,14.42,1.0973854576421669,20.954710528853653,400
active_recovery,2,413,14.6,1.0973862808765746,19.392653995215326,400
active_recovery,2,414,15.235,1.0973870217875477,18.671094014159905,400
active_recovery,2,415,15.515,1.0973876886074225,19.663765615898022,400
active_recovery,2,416,16.42,1.0973882887453055,20.22521237561221,400
active_recovery,2,417,17.135,1.097388828869407,20.826584749482155,400
active_recovery,2,418,17.475,1.0973893149810932,23.774504039305036,400
active_recovery,2,419,17.36,1.097389752481607,23.137588030721027,400
active_recovery,2,420,16.41,1.0973901462320816,23.292611062673362,400
active_recovery,2,421,15.805,1.097390500607503,22.563208906219366,400
active_recovery,2,422,15.675,1.0973908195453828,22.320040970784,400
active_recovery,2,423,15.22,1.0973911065894688,20.908557499024756,400
active_recovery,2,424,15.64,1.0973913649291447,21.764945670957218,400
active_recovery,2,425,16.745,1.0973915974348625,22.55832697708482,400
active_recovery,2,426,17.585,1.097391806690003,21.40440637047995,400
active_recovery,2,427,18.025,1.0973919950196311,22.390745927212706,400
active_recovery,2,428,18.08,1.0973921645162983,22.96262601816338,400
active_recovery,2,429,18.55,1.0973923170632964,23.204253629177323,400
active_recovery,2,430,18.53,1.0973924543555962,25.187562018291864,400
active_recovery,2,431,18.145,1.097392577918663,24.305675687497867,400
active_recovery,2,432,17.445,1.0973926891254286,23.46258120982779,400
active_recovery,2,433,17.37,1.0973927892115118,23.429333445221165,400
active_recovery,2,434,17.525,1.09739287928899,23.64044839458236,400
active_recovery,2,435,17.95,1.097392960358719,23.426016637923695,400
active_recovery,2,436,18.725,1.0973930333214776,24.7711410729887,400
active_recovery,2,437,19.415,1.0973930989879552,24.362026366153962,400
active_recovery,2,438,19.99,1.0973931580877874,24.299283868319673,400
active_recovery,2,439,20.07,1.097393211277638,25.98805608313785,400
active_recovery,2,440,20.54,1.0973932591485016,25.294033242063314,400
active_recovery,2,441,20.56,1.0973933022322835,27.87931186897909,400
active_recovery,2,442,20.97,1.0973933410076806,26.949019896865586,400
active_recovery,2,443,20.715,1.0973933759055423,27.042481896677685,400
active_recovery,2,444,20.715,1.0973934073136182,27.531713926874854,400
active_recovery,2,445,20.515,1.0973934355808797,26.535781054322378,400
active_recovery,2,446,20.655,1.0973934610214247,26.994555070952096,400
active_recovery,2,447,20.625,1.0973934839179096,26.029485051949507,400
active_recovery,2,448,20.945,1.0973935045247445,26.169591596389093,400
active_recovery,2,449,21.495,1.0973935230708993,28.63678914000419,400
active_recovery,2,450,22.09,1.0973935397624364,25.69486444527233,400
active_recovery,2,451,22.345,1.0973935547848253,28.16737048066309,400
active_recovery,2,452,22.95,1.0973935683049663,27.686071547753727,400
active_recovery,2,453,22.89,1.0973935804730994,29.092054444453005,400
active_recovery,2,454,22.245,1.0973935914244204,28.13228776782425,400
active_recovery,2,455,22.085,1.097393601280602,28.857426922668367,400
active_recovery,2,456,22.03,1.0973936101511728,27.106509109319315,400
active_recovery,2,457,21.725,1.0973936181346824,27.497388660858594,400
active_recovery,2,458,21.675,1.0973936253198446,26.100818967109202,400
active_recovery,2,459,21.935,1.0973936317864867,26.609141052410738,400
active_recovery,2,460,22.06,1.0973936376064624,26.864721096687667,400
active_recovery,2,461,22.14,1.0973936428444484,27.578349974949695,400
active_recovery,2,462,21.535,1.097393647558631,27.023778292831043,400
active_recovery,2,463,21.68,1.0973936518013936,27.775336320593063,400
active_recovery,2,464,21.69,1.0973936556198858,28.59435861643847,400
active_recovery,2,465,21.875,1.0973936590565234,28.454722139019655,400
active_recovery,2,466,22.315,1.0973936621495053,27.767461731165174,400
active_recovery,2,467,22.37,1.0973936649331788,26.510466947734685,400
active_recovery,2,468,21.785,1.097393667438493,28.033658962372726,400
active_recovery,2,469,21.09,1.09739366969327,27.373145353877423,400
active_recovery,2,470,20.16,1.0973936717225699,26.717149606021977,400
active_recovery,2,471,20.22,1.0973936735489407,27.489549748415957,400
active_recovery,2,472,20.755,1.097393675192675,26.274825625446905,400
active_recovery,2,473,21.27,1.097393676672036,27.203944787289874,400
active_recovery,2,474,22.345,1.0973936780034599,27.531166847094163,400
active_recovery,2,475,22.73,1.0973936792017436,28.344481420546177,400
active_recovery,2,476,22.775,1.0973936802801967,28.42986501804448,400
active_recovery,2,477,22.4,1.097393681250804,30.148188062453386,400
active_recovery,2,478,21.31,1.0973936821243477,29.856476645334734,400
active_recovery,2,479,20.315,1.0973936829105468,26.513188875183157,400
active_recovery,2,480,20.18,1.097393683618122,24.72995959727447,400
active_recovery,2,481,20.295,1.0973936842549352,25.934058138938347,400
active_recovery,2,482,21.335,1.0973936848280694,26.778482573902863,400
active_recovery,2,483,21.99,1.0973936853438926,26.3642914851949,400
active_recovery,2,484,22.515,1.0973936858081312,28.103682188168165,400
active_recovery,2,485,22.445,1.0973936862259466,28.56655515552655,400
active_recovery,2,486,22.79,1.097393686601977,29.453772713211457,400
active_recovery,2,487,22.685,1.09739368694041,28.66107405598365,400
active_recovery,2,488,22.7,1.0973936872449959,29.47810111890214,400
active_recovery,2,489,22.515,1.0973936875191281,28.58337473363476,400
active_recovery,2,490,22.44,1.0973936877658403,28.337713145107205,400
active_recovery,2,491,22.5,1.0973936879878852,29.298626530431562,400
active_recovery,2,492,22.645,1.0973936881877284,28.65126638551034,400
active_recovery,2,493,22.555,1.097393688367582,28.764561553890218,400
active_recovery,2,494,22.635,1.0973936885294553,29.19573929275139,400
active_recovery,2,495,22.645,1.0973936886751348,27.850746194111682,400
active_recovery,2,496,22.655,1.0973936888062479,28.64011449165355,400
active_recovery,2,497,22.715,1.0973936889242544,27.453870474159345,400
active_recovery,2,498,22.905,1.0973936890304565,28.59763869855414,400
active_recovery,2,499,22.635,1.0973936891260387,29.54680379349242,400
active_recovery,2,500,22.79,1.0973936892120626,29.63745153955725,400
active_recovery,2,501,22.735,1.0973936892894847,27.121142519612643,400
active_recovery,2,502,22.44,1.0973936893591647,27.6241380682481,400
active_recovery,2,503,22.785,1.097393689421875,28.051880665610664,400
active_recovery,2,504,23.075,1.0973936894783183,29.73730871601387,400
active_recovery,2,505,23.62,1.097393689529112,28.813895354901522,400
active_recovery,2,506,23.7,1.0973936895748289,28.688054853884235,400
active_recovery,2,507,23.8,1.0973936896159753,28.294341067840552,400
active_recovery,2,508,23.465,1.0973936896530065,29.79638379013387,400
active_recovery,2,509,23.285,1.0973936896863379,30.43692861793566,400
active_recovery,2,510,23.425,1.0973936897163261,28.92463212560793,400
active_recovery,2,511,22.755,1.0973936897433276,28.774921739228056,400
active_recovery,2,512,22.995,1.0973936897676204,27.788365063615117,400
active_recovery,2,513,23.145,1.0973936897894845,29.830601369177145,400
active_recovery,2,514,23.435,1.0973936898091656,28.814099572357474,400
active_recovery,2,515,23.18,1.0973936898268768,29.433072145681866,400
active_recovery,2,516,23.11,1.097393689842818,29.815545150373033,400
active_recovery,2,517,22.55,1.0973936898571657,30.961748819726314,400
active_recovery,2,518,21.435,1.097393689870078,27.45412415988496,400
active_recovery,2,519,21.55,1.097393689881696,27.154023947760688,400
active_recovery,2,520,21.45,1.0973936898921568,28.98723390751657,400
active_recovery,2,521,21.18,1.097393689901568,28.988026484746854,400
active_recovery,2,522,21.505,1.0973936899100445,28.874137632491184,400
active_recovery,2,523,21.495,1.0973936899176653,28.11499406258379,400
active_recovery,2,524,21.33,1.0973936899245245,29.189992901359577,400
active_recovery,2,525,22.55,1.0973936899307004,27.562814200483583,400
active_recovery,2,526,24.275,1.0973936899362589,29.61500334244951,400
active_recovery,2,527,25.2,1.0973936899412584,31.078914352796453,400
active_recovery,2,528,25.48,1.0973936899457648,31.17325846437925,400
active_recovery,2,529,24.815,1.097393689949819,32.29556690378642,400
active_recovery,2,530,23.935,1.0973936899534587,32.01613365040304,400
active_recovery,2,531,23.59,1.0973936899567376,31.996460020867875,400
active_recovery,2,532,23.53,1.0973936899596979,31.014835588854975,400
active_recovery,2,533,24.02,1.0973936899623562,31.502250334692945,400
active_recovery,2,534,23.73,1.09739368996475,29.157582449933955,400
active_recovery,2,535,24.675,1.09739368996691,29.52759202341875,400
active_recovery,2,536,25.56,1.09739368996884,28.79157655785861,400
active_recovery,2,537,25.805,1.0973936899705896,30.27460824076175,400
active_recovery,2,538,25.74,1.0973936899721528,32.30209697777515,400
active_recovery,2,539,25.03,1.0973936899735683,32.08685419094433,400
active_recovery,2,540,23.705,1.0973936899748367,30.590447797714972,400
active_recovery,2,541,22.87,1.0973936899759829,29.90307701095707,400
active_recovery,2,542,21.75,1.0973936899770134,28.817966459560637,400
active_recovery,2,543,22.24,1.097393689977942,28.146971351742035,400
active_recovery,2,544,23.055,1.0973936899787768,28.83623432075139,400
active_recovery,2,545,24.415,1.0973936899795245,31.56012295307867,400
active_recovery,2,546,24.835,1.0973936899801984,29.77172139069426,400
active_recovery,2,547,25.225,1.0973936899808117,33.38037117170059,400
active_recovery,2,548,24.845,1.0973936899813534,30.260750762043752,400
active_recovery,2,549,23.605,1.0973936899818515,28.685267212287744,400
active_recovery,2,550,22.5,1.0973936899822905,28.974936380092686,400
active_recovery,2,551,22.0,1.097393689982691,27.865041908624587,400
active_recovery,2,552,22.25,1.0973936899830548,28.100388652357026,400
active_recovery,2,553,23.385,1.0973936899833752,29.576529154417482,400
active_recovery,2,554,24.275,1.097393689983662,31.111152028055233,400
active_recovery,2,555,25.48,1.0973936899839336,28.873964237201484,400
active_recovery,2,556,25.51,1.0973936899841623,32.15205976245796,400
active_recovery,2,557,25.365,1.0973936899843748,28.33278290710171,400
active_recovery,2,558,25.19,1.0973936899845678,29.780810422785642,400
active_recovery,2,559,24.75,1.097393689984734,28.842130329444576,400
active_recovery,2,560,24.815,1.097393689984891,28.87453878666795,400
active_recovery,2,561,25.3,1.0973936899850252,28.719909764459373,400
active_recovery,2,562,26.6,1.0973936899851569,29.84693238227559,400
active_recovery,2,563,27.44,1.0973936899852677,29.807698308987725,400
active_recovery,2,564,27.075,1.097393689985372,29.093161117420607,400
active_recovery,2,565,26.51,1.0973936899854662,31.341078932801803,400
active_recovery,2,566,25.99,1.0973936899855397,28.80848832321005,400
active_recovery,2,567,25.855,1.0973936899856194,30.81705875593049,400
active_recovery,2,568,25.835,1.0973936899856849,29.676931340307483,400
active_recovery,2,569,26.065,1.0973936899857446,32.89689732735176,400
active_recovery,2,570,26.37,1.097393689985794,28.726464064503237,400
active_recovery,2,571,26.26,1.0973936899858525,31.452373338744884,400
active_recovery,2,572,26.605,1.0973936899858887,28.844261631358236,400
active_recovery,2,573,26.635,1.097393689985924,30.47349354971119,400
active_recovery,2,574,27.68,1.0973936899859595,30.888086835462207,400
active_recovery,2,575,27.99,1.0973936899859957,31.2984914456612,400
active_recovery,2,576,27.745,1.0973936899860262,32.722467677319834,400
active_recovery,2,577,27.485,1.097393689986048,32.51505436332876,400
active_recovery,2,578,27.405,1.0973936899860743,30.81405806785325,400
active_recovery,2,579,27.69,1.097393689986097,32.717644998416304,400
active_recovery,2,580,27.77,1.0973936899861156,30.241516638259927,400
active_recovery,2,581,28.385,1.0973936899861347,32.1755087216657,400
active_recovery,2,582,28.365,1.097393689986147,31.274110103821187,400
active_recovery,2,583,28.335,1.097393689986161,32.75125193476971,400
active_recovery,2,584,28.415,1.0973936899861698,31.18016919997172,400
active_recovery,2,585,27.825,1.0973936899861831,32.96088103819247,400
active_recovery,2,586,27.16,1.0973936899861911,30.3433997107231,400
active_recovery,2,587,26.915,1.0973936899862002,31.648135898995516,400
active_recovery,2,588,27.285,1.0973936899862107,30.819684531230155,400
active_recovery,2,589,28.075,1.0973936899862191,31.835115252131068,400
active_recovery,2,590,28.605,1.097393689986224,30.87746876437106,400
active_recovery,2,591,28.985,1.0973936899862327,34.197664465234624,400
active_recovery,2,592,29.61,1.0973936899862358,32.5158589999332,400
active_recovery,2,593,29.66,1.097393689986239,33.27851157784334,400
active_recovery,2,594,27.92,1.0973936899862509,32.160898974518034,400
active_recovery,2,595,25.57,1.0973936899862478,31.454228870021993,400
active_recovery,2,596,23.875,1.0973936899862518,30.620874099470324,400
active_recovery,2,597,23.09,1.097393689986255,28.57422776920762,400
active_recovery,2,598,24.395,1.0973936899862615,29.080833185773457,400
active_recovery,2,599,26.29,1.0973936899862597,28.831310783230812,400
active_recovery,2,600,27.27,1.0973936899862589,31.503843401644637,400
active_recovery,3,0,1.635,0.0,0.0,400
active_recovery,3,1,1.65,0.10973936899863278,1.125,400
active_recovery,3,2,1.68,0.20850480109739608,1.8843750000000001,400
active_recovery,3,3,1.69,0.2973936899862832,1.95046875,400
active_recovery,3,4,1.655,0.37739368998628353,1.9149521484375,400
active_recovery,3,5,1.61,0.4493936899862817,2.063390081176758,400
active_recovery,3,6,1.615,0.5141936899862815,2.153271743041992,400
active_recovery,3,7,1.635,0.5725136899862813,2.3971088173293116,400
active_recovery,3,8,1.69,0.6250016899862813,2.473198357752954,400
active_recovery,3,9,1.77,0.6722408899862835,2.76752893331988,400
active_recovery,3,10,1.835,0.7147561699862812,3.4062384091600357,400
active_recovery,3,11,1.99,0.7530199219862829,3.6399368707906286,400
active_recovery,3,12,2.085,0.7874572987862829,4.144383356818286,400
active_recovery,3,13,2.125,0.8184509379062775,4.024080636798583,400
active_recovery,3,14,2.265,0.8463452131142838,4.3910895124612095,400
active_recovery,3,15,2.285,0.8714500608014814,4.977563029693886,400
active_recovery,3,16,2.435,0.8940444237199607,4.798538836726253,400
active_recovery,3,17,2.67,0.9143793503465942,5.07237734357596,400
active_recovery,3,18,2.67,0.9326807843105647,5.424387690560508,400
active_recovery,3,19,2.755,0.9491520748781364,5.856452094740124,400
active_recovery,3,20,2.715,0.9639762363889501,5.787372647692633,400
active_recovery,3,21,2.805,0.9773179817486815,5.71639449361261,400
active_recovery,3,22,2.915,0.989325552572442,6.116704488181063,400
active_recovery,3,23,3.11,1.0001323663138282,6.429744767096807,400
active_recovery,3,24,3.255,1.0098584986810744,6.468175767493597,400
active_recovery,3,25,3.48,1.0186120178115898,6.479275200849767,400
active_recovery,3,26,3.625,1.0264901850290613,7.01255500190931,400
active_recovery,3,27,3.99,1.0335805355247838,6.502802034514478,400
active_recovery,3,28,4.125,1.039961850970932,6.5407957074033,400
active_recovery,3,29,4.52,1.0457050348724681,7.428425451798998,400
active_recovery,3,30,4.71,1.0508739003838503,8.245562400168089,400
active_recovery,3,31,4.96,1.0555258793440927,8.736357496072358,400
active_recovery,3,32,5.125,1.0597126604083131,9.712449703592863,400
active_recovery,3,33,5.165,1.0634807633661085,10.047738258881017,400
active_recovery,3,34,5.44,1.066872056028128,9.718505882659507,400
active_recovery,3,35,5.37,1.0699242194239418,9.149049019015013,400
active_recovery,3,36,5.615,1.0726711664801747,9.573238723981113,400
active_recovery,3,37,6.01,1.0751434188307862,9.54670327456971,400
active_recovery,3,38,5.95,1.0773684459463377,10.382463454236305,400
active_recovery,3,39,5.94,1.0793709703503334,9.842079064151221,400
active_recovery,3,40,6.105,1.081173242313928,9.551730245991044,400
active_recovery,3,41,6.25,1.0827952870811623,9.529191372416632,400
active_recovery,3,42,6.54,1.0842551273716765,10.67218147960201,400
active_recovery,3,43,6.68,1.0855689836331393,10.825639693177596,400
active_recovery,3,44,6.86,1.086751454268449,11.402145794548671,400
active_recovery,3,45,7.155,1.0878156778402348,12.71986412393314,400
active_recovery,3,46,7.21,1.0887734790548338,11.857248825718832,400
active_recovery,3,47,7.195,1.0896355001479847,11.206966314248078,400
active_recovery,3,48,7.53,1.090411319131815,11.959159084432986,400
active_recovery,3,49,7.77,1.0911095562172615,12.078344307271747,400
active_recovery,3,50,8.03,1.091737969594163,11.994036628020307,400
active_recovery,3,51,8.43,1.0923035416333728,12.762793351123193,400
active_recovery,3,52,8.625,1.092812556468667,13.465795330375137,400
active_recovery,3,53,8.745,1.0932706698204238,13.490442641805105,400
active_recovery,3,54,8.72,1.093682971837012,13.66339784152944,400
active_recovery,3,55,8.67,1.0940540436519381,12.95788698824954,400
active_recovery,3,56,8.67,1.0943880082853723,12.924593571707716,400
active_recovery,3,57,8.67,1.0946885764554666,12.66824094728813,400
active_recovery,3,58,8.82,1.0949590878085413,13.266109596887699,400
active_recovery,3,59,9.04,1.0952025480263212,13.203827959563368,400
active_recovery,3,60,9.1,1.0954216622223192,13.574901760846538,400
active_recovery,3,61,9.165,1.0956188649987144,14.495680166827858,400
active_recovery,3,62,9.165,1.0957963474974683,13.44198171831786,400
active_recovery,3,63,9.92,1.0959560817463552,12.831379432323937,400
active_recovery,3,64,10.46,1.0960998425703443,13.855979205957027,400
active_recovery,3,65,10.735,1.0962292273119403,14.88985302618149,400
active_recovery,3,66,10.775,1.0963456735793737,14.762165134721512,400
active_recovery,3,67,11.2,1.0964504752200668,15.156173072092935,400
active_recovery,3,68,11.34,1.0965447966966866,15.282633579779496,400
active_recovery,3,69,11.83,1.096629686025647,14.808252126033555,400
active_recovery,3,70,11.94,1.0967060864217062,15.421188458936168,400
active_recovery,3,71,11.75,1.0967748467781686,15.314602043952501,400
active_recovery,3,72,11.85,1.0968367310989793,15.856690687218073,400
active_recovery,3,73,12.11,1.0968924269877065,16.239353809655093,400
active_recovery,3,74,12.46,1.0969425532875678,17.6946259670649,400
active_recovery,3,75,12.895,1.0969876669574368,17.34273496492367,400
active_recovery,3,76,12.69,1.0970282692603215,17.73821003537612,400
active_recovery,3,77,12.985,1.0970648113329171,18.743300377450144,400
active_recovery,3,78,13.2,1.0970976991982513,17.656126276701936,400
active_recovery,3,79,13.515,1.0971272982770568,19.335769117883714,400
active_recovery,3,80,13.64,1.097153937447978,17.967998198757197,400
active_recovery,3,81,13.97,1.097177912701811,17.434513115308842,400
active_recovery,3,82,13.755,1.0971994904302562,18.39157925361539,400
active_recovery,3,83,13.655,1.097218910385859,16.899611123586844,400
active_recovery,3,84,13.815,1.0972363883459022,17.618485400571018,400
active_recovery,3,85,14.07,1.0972521185099362,17.313345303630392,400
active_recovery,3,86,14.555,1.0972662756575775,18.425529778800893,400
active_recovery,3,87,15.17,1.0972790170904416,19.342564509741166,400
active_recovery,3,88,15.39,1.0972904843800326,23.081464119342165,400
active_recovery,3,89,15.635,1.0973008049406552,20.63102692021274,400
active_recovery,3,90,15.53,1.0973100934452147,19.510163816113987,400
active_recovery,3,91,15.42,1.0973184530993247,20.51442679376445,400
active_recovery,3,92,15.97,1.097325976788019,19.93246383289368,400
active_recovery,3,93,15.99,1.0973327481078463,21.453508335433895,400
active_recovery,3,94,16.155,1.0973388422956911,19.637659147305616,400
active_recovery,3,95,15.995,1.0973443270647445,21.60869458231921,400
active_recovery,3,96,16.005,1.0973492633568969,20.251213626931943,400
active_recovery,3,97,16.605,1.0973537060198417,21.412198087772637,400
active_recovery,3,98,17.06,1.0973577044164853,22.8049899780096,400
active_recovery,3,99,17.065,1.0973613029734641,22.778988191550464,400
active_recovery,3,100,17.84,1.0973645416747453,23.991452043644752,400
active_recovery,3,101,18.185,1.0973674565059015,23.758804344384288,400
active_recovery,3,102,18.195,1.0973700798539339,25.036591575456722,400
active_recovery,3,103,18.035,1.0973724408671737,25.16005236207138,400
active_recovery,3,104,17.675,1.0973745657790805,24.551428268153668,400
active_recovery,3,105,17.18,1.0973764781998083,24.872341612734154,400
active_recovery,3,106,16.27,1.0973781993784502,23.85652798251924,400
active_recovery,3,107,15.765,1.0973797484392347,23.219011042537687,400
active_recovery,3,108,15.495,1.097381142593942,22.267898808226004,400
active_recovery,3,109,15.575,1.0973823973331727,22.284013672402402,400
active_recovery,3,110,16.185,1.0973835265984786,23.412824552046235,400
active_recovery,3,111,16.865,1.0973845429372644,22.09805427638918,400
active_recovery,3,112,17.485,1.0973854576421682,22.49376285522188,400
active_recovery,3,113,17.785,1.0973862808765797,24.402590310597574,400
active_recovery,3,114,17.875,1.097387021787543,21.45490926365431,400
active_recovery,3,115,18.18,1.0973876886074205,22.116105510970204,400
active_recovery,3,116,17.69,1.0973882887453064,22.6371844118431,400
active_recovery,3,117,17.71,1.0973888288694038,21.195382328484893,400
active_recovery,3,118,17.23,1.097389314981091,20.675892912163405,400
active_recovery,3,119,17.2,1.0973897524816123,21.075233125901278,400
active_recovery,3,120,17.305,1.0973901462320799,20.53026596880086,400
active_recovery,3,121,17.765,1.0973905006075024,20.842864252458575,400
active_recovery,3,122,18.65,1.0973908195453794,22.417242950374067,400
active_recovery,3,123,19.08,1.0973911065894677,21.324395828358107,400
active_recovery,3,124,19.445,1.0973913649291511,20.9601945920806,400
active_recovery,3,125,19.715,1.0973915974348663,22.138451867509673,400
active_recovery,3,126,19.725,1.0973918066900046,23.08124090700565,400
active_recovery,3,127,19.435,1.0973919950196336,23.58492705773734,400
active_recovery,3,128,19.43,1.0973921645162947,22.154307637495766,400
active_recovery,3,129,19.445,1.0973923170632947,22.863644622574792,400
active_recovery,3,130,19.365,1.0973924543555904,23.075552149429054,400
active_recovery,3,131,19.195,1.0973925779186666,22.62881815811209,400
active_recovery,3,132,19.31,1.097392689125426,23.490100975397926,400
active_recovery,3,133,18.97,1.097392789211512,22.390098834975408,400
active_recovery,3,134,18.885,1.0973928792889869,22.14394588757416,400
active_recovery,3,135,19.23,1.0973929603587154,20.848670162495047,400
active_recovery,3,136,19.71,1.097393033321472,22.401514811010603,400
active_recovery,3,137,20.115,1.0973930989879566,23.087177195544967,400
active_recovery,3,138,20.995,1.097393158087788,23.63361832590288,400
active_recovery,3,139,21.515,1.0973932112776374,24.551608395696043,400
active_recovery,3,140,22.37,1.0973932591485016,26.343472137470002,400
active_recovery,3,141,22.275,1.0973933022322784,24.998454881577604,400
active_recovery,3,142,22.385,1.0973933410076788,26.997547360953046,400
active_recovery,3,143,21.83,1.0973933759055385,26.50081854325942,400
active_recovery,3,144,21.995,1.0973934073136127,26.534256787941526,400
active_recovery,3,145,21.89,1.0973934355808768,26.788636336019756,400
active_recovery,3,146,21.605,1.097393461021421,26.78207832811597,400
active_recovery,3,147,21.33,1.0973934839179054,25.137402193192216,400
active_recovery,3,148,21.8,1.0973935045247472,25.377366209929637,400
active_recovery,3,149,22.045,1.0973935230709004,25.203953464652184,400
active_recovery,3,150,22.18,1.0973935397624377,26.513472653128243,400
active_recovery,3,151,22.475,1.0973935547848201,28.563359103558298,400
active_recovery,3,152,22.11,1.097393568304964,28.309353033771448,400
active_recovery,3,153,21.94,1.0973935804731003,27.476279178276762,400
active_recovery,3,154,21.64,1.0973935914244135,27.319700414397445,400
active_recovery,3,155,21.41,1.0973936012806027,24.248689275881,400
active_recovery,3,156,21.15,1.0973936101511732,25.239166112946762,400
active_recovery,3,157,21.97,1.097393618134687,24.75127727453824,400
active_recovery,3,158,22.725,1.0973936253198413,26.532888605411774,400
active_recovery,3,159,23.945,1.0973936317864872,28.312324102213992,400
active_recovery,3,160,24.86,1.0973936376064686,28.43743765272318,400
active_recovery,3,161,26.44,1.0973936428444475,32.11651817007866,400
active_recovery,3,162,27.31,1.097393647558631,29.956254544724846,400
active_recovery,3,163,27.82,1.097393651801398,32.41097069712799,400
active_recovery,3,164,27.0,1.0973936556198813,32.02703754433544,400
active_recovery,3,165,26.615,1.0973936590565239,31.20555591265829,400
active_recovery,3,166,25.615,1.0973936621495026,31.74354601219667,400
active_recovery,3,167,24.135,1.0973936649331808,31.511161081561426,400
active_recovery,3,168,23.21,1.0973936674384879,29.625369068873713,400
active_recovery,3,169,23.615,1.0973936696932631,28.937879926935167,400
active_recovery,3,170,24.755,1.097393671722576,28.36448285969905,400
active_recovery,3,171,26.295,1.0973936735489418,31.938158361021102,400
active_recovery,3,172,27.69,1.0973936751926814,31.57660280856079,400
active_recovery,3,173,28.615,1.0973936766720345,33.51874971895009,400
active_recovery,3,174,27.8,1.0973936780034583,33.04116132827709,400
active_recovery,3,175,26.6,1.097393679201743,34.0706518779188,400
active_recovery,3,176,24.705,1.0973936802801985,31.041937446835828,400
active_recovery,3,177,22.95,1.0973936812508085,30.88101011835938,400
active_recovery,3,178,22.68,1.097393682124353,31.814284144823464,400
active_recovery,3,179,23.345,1.0973936829105453,31.028387476579177,400
active_recovery,3,180,24.885,1.0973936836181208,30.175022894696788,400
active_recovery,3,181,26.035,1.0973936842549352,30.593865646328542,400
active_recovery,3,182,27.7,1.0973936848280712,30.958341679248147,400
active_recovery,3,183,27.735,1.0973936853438941,30.677421963431303,400
active_recovery,3,184,26.98,1.0973936858081275,31.20798320114165,400
active_recovery,3,185,26.78,1.0973936862259468,31.331888331857723,400
active_recovery,3,186,25.7,1.0973936866019796,30.389983712303124,400
active_recovery,3,187,25.5,1.0973936869404124,31.559503770030716,400
active_recovery,3,188,26.18,1.0973936872449965,30.751633468801014,400
active_recovery,3,189,26.915,1.0973936875191261,33.63776467850514,400
active_recovery,3,190,27.22,1.0973936877658423,32.49896963334374,400
active_recovery,3,191,27.54,1.0973936879878845,33.06251099734439,400
active_recovery,3,192,27.245,1.0973936881877286,32.69923760465421,400
active_recovery,3,193,28.255,1.0973936883675757,31.069004558735752,400
active_recovery,3,194,28.55,1.0973936885294517,31.675442001237172,400
active_recovery,3,195,29.295,1.0973936886751374,33.87712187941966,400
active_recovery,3,196,29.425,1.097393688806247,33.23715499095705,400
active_recovery,3,197,29.395,1.0973936889242537,36.24688595980665,400
active_recovery,3,198,28.615,1.0973936890304505,35.16082078145778,400
active_recovery,3,199,27.025,1.0973936891260416,34.09266246397352,400
active_recovery,3,200,25.77,1.0973936892120628,33.29658524609067,400
active_recovery,3,201,24.235,1.0973936892894829,31.010821579100867,400
active_recovery,3,202,24.135,1.0973936893591634,29.962112003188864,400
active_recovery,3,203,24.885,1.0973936894218779,29.940239267850338,400
active_recovery,3,204,25.51,1.0973936894783163,30.90166034791537,400
active_recovery,3,205,26.405,1.097393689529115,31.14980233502228,400
active_recovery,3,206,27.035,1.0973936895748353,32.22539485668028,400
active_recovery,3,207,27.51,1.0973936896159755,31.382067901418473,400
active_recovery,3,208,28.12,1.0973936896530085,32.204484303229506,400
active_recovery,3,209,28.405,1.0973936896863332,31.390580526688694,400
active_recovery,3,210,28.58,1.0973936897163277,33.48046957281214,400
active_recovery,3,211,28.73,1.097393689743324,33.59919233493851,400
active_recovery,3,212,28.44,1.0973936897676224,36.95107613773034,400
active_recovery,3,213,28.025,1.097393689789488,33.90414193601597,400
active_recovery,3,214,26.805,1.0973936898091667,37.28813504318459,400
active_recovery,3,215,26.61,1.0973936898268757,34.447549299587294,400
active_recovery,3,216,26.27,1.0973936898428176,33.07193443561105,400
active_recovery,3,217,26.725,1.0973936898571648,34.162691209577844,400
active_recovery,3,218,27.24,1.0973936898700782,31.113230386629525,400
active_recovery,3,219,28.085,1.0973936898816983,35.292513440716036,400
active_recovery,3,220,29.125,1.09739368989216,35.04126429973269,400
active_recovery,3,221,30.06,1.09739368990157,35.18664770322596,400
active_recovery,3,222,30.41,1.0973936899100383,36.58435481109195,400
active_recovery,3,223,29.82,1.0973936899176642,34.927037525957296,400
active_recovery,3,224,29.2,1.0973936899245265,34.59167785856901,400
active_recovery,3,225,27.35,1.0973936899307037,34.71087668743868,400
active_recovery,3,226,26.21,1.0973936899362575,31.843600617945068,400
active_recovery,3,227,25.26,1.0973936899412595,32.81390902262282,400
active_recovery,3,228,26.17,1.0973936899457657,30.806091768864228,400
active_recovery,3,229,27.185,1.0973936899498202,33.22942666701128,400
active_recovery,3,230,28.75,1.0973936899534638,34.620381424761256,400
active_recovery,3,231,30.73,1.0973936899567445,32.9160152078853,400
active_recovery,3,232,31.07,1.0973936899596972,34.268052213673,400
active_recovery,3,233,30.12,1.0973936899623562,35.47397148072225,400
active_recovery,3,234,29.045,1.0973936899647512,34.55721272059687,400
active_recovery,3,235,27.89,1.097393689966905,35.29064658230058,400
active_recovery,3,236,27.25,1.0973936899688412,35.03564986316594,400
active_recovery,3,237,26.585,1.0973936899705827,33.887238516571706,400
active_recovery,3,238,27.11,1.0973936899721528,32.97003105039603,400
active_recovery,3,239,27.92,1.097393689973565,35.470161364739106,400
active_recovery,3,240,28.54,1.0973936899748387,33.46390893445617,400
active_recovery,3,241,29.01,1.0973936899759837,34.90018616464348,400
active_recovery,3,242,29.395,1.0973936899770136,37.51969176803239,400
active_recovery,3,243,29.8,1.0973936899779422,36.732706102077145,400
active_recovery,3,244,29.41,1.0973936899787728,36.88353934790697,400
active_recovery,3,245,28.275,1.0973936899795234,35.27604600669135,400
active_recovery,3,246,27.45,1.0973936899802041,34.76155355466664,400
active_recovery,3,247,26.2,1.0973936899808083,32.40444220822312,400
active_recovery,3,248,25.635,1.0973936899813597,31.354954753414017,400
active_recovery,3,249,25.985,1.0973936899818548,31.45564671845602,400
active_recovery,3,250,26.005,1.0973936899822943,31.787023606577446,400
active_recovery,3,251,27.02,1.0973936899826904,31.798661458448713,400
active_recovery,3,252,27.635,1.0973936899830514,34.90493058704,400
active_recovery,3,253,27.775,1.097393689983374,31.580301261815467,400
active_recovery,3,254,28.58,1.0973936899836654,32.739167859326365,400
active_recovery,3,255,29.095,1.0973936899839292,33.734849769609035,400
active_recovery,3,256,28.515,1.0973936899841656,34.32116226829982,400
active_recovery,3,257,28.28,1.0973936899843717,34.53169329115859,400
active_recovery,3,258,27.66,1.0973936899845653,35.62952346937061,400
active_recovery,3,259,27.06,1.0973936899847363,34.63579423595991,400
active_recovery,3,260,27.075,1.0973936899848895,33.827580408902776,400
active_recovery,3,261,27.94,1.0973936899850316,32.91989915050938,400
active_recovery,3,262,28.64,1.097393689985156,34.34514434174704,400
active_recovery,3,263,29.735,1.0973936899852705,32.82391555971067,400
active_recovery,3,264,30.165,1.0973936899853725,32.69412109365667,400
active_recovery,3,265,29.615,1.0973936899854593,33.199090318999254,400
active_recovery,3,266,29.285,1.097393689985546,33.39801625339036,400
active_recovery,3,267,29.165,1.0973936899856207,33.29356253296855,400
active_recovery,3,268,27.905,1.0973936899856853,35.40794896142502,400
active_recovery,3,269,27.83,1.0973936899857404,33.56828230608986,400
active_recovery,3,270,27.635,1.0973936899858039,32.106870141453825,400
active_recovery,3,271,27.925,1.097393689985845,32.950308512439726,400
active_recovery,3,272,27.765,1.0973936899858914,33.03815814487374,400
active_recovery,3,273,28.8,1.0973936899859327,30.523204368840467,400
active_recovery,3,274,29.605,1.097393689985964,32.38986004382662,400
active_recovery,3,275,30.435,1.0973936899859909,33.97647250640888,400
active_recovery,3,276,30.985,1.0973936899860222,36.01291373250024,400
active_recovery,3,277,30.18,1.09739368998605,32.62202427414154,400
active_recovery,3,278,29.645,1.0973936899860772,32.20484526376297,400
active_recovery,3,279,29.175,1.0973936899860974,30.918931378201435,400
active_recovery,3,280,28.39,1.0973936899861119,30.901550467512198,400
active_recovery,3,281,28.42,1.097393689986127,30.984287843495327,400
active_recovery,3,282,28.365,1.0973936899861447,30.341680569223016,400
active_recovery,3,283,29.21,1.0973936899861585,31.851371946828895,400
active_recovery,3,284,30.39,1.0973936899861723,34.34318461342952,400
active_recovery,3,285,31.62,1.0973936899861827,33.9447477464202,400
active_recovery,3,286,32.425,1.0973936899861942,34.929827108032,400
active_recovery,3,287,31.66,1.0973936899862056,36.15964072045183,400
active_recovery,3,288,31.35,1.0973936899862142,33.99050378332573,400
active_recovery,3,289,31.1,1.0973936899862184,35.946459402780526,400
active_recovery,3,290,30.115,1.097393689986225,35.07224328723735,400
active_recovery,3,291,29.27,1.0973936899862295,34.94648723331365,400
active_recovery,3,292,29.095,1.097393689986233,34.15930100910408,400
active_recovery,3,293,29.485,1.097393689986236,36.1751486967024,400
active_recovery,3,294,29.095,1.097393689986242,35.088518280105504,400
active_recovery,3,295,28.725,1.0973936899862469,34.15034984270871,400
active_recovery,3,296,28.91,1.0973936899862502,32.540774871966455,400
active_recovery,3,297,29.56,1.0973936899862593,33.176190752344965,400
active_recovery,3,298,30.325,1.0973936899862553,34.0748909901863,400
active_recovery,3,299,30.345,1.0973936899862595,34.04081562984011,400
active_recovery,3,300,31.15,1.0973936899862615,34.72872150385685,400
active_recovery,3,301,0.67,0.10973936899863396,0.675,400
active_recovery,3,302,0.91,0.20850480109739736,1.1053125000000001,400
active_recovery,3,303,1.49,0.29739368998628146,1.31066015625,400
active_recovery,3,304,1.755,0.37739368998628103,1.8520778320312499,400
active_recovery,3,305,1.925,0.44939368998628426,2.29993332824707,400
active_recovery,3,306,1.715,0.5141936899862823,2.5565634353485107,400
active_recovery,3,307,1.685,0.5725136899862815,2.424761567112923,400
active_recovery,3,308,1.65,0.6250016899862835,2.6912874445711292,400
active_recovery,3,309,1.645,0.6722408899862848,2.9123176111550184,400
active_recovery,3,310,1.525,0.714756169986284,3.124614700771581,400
active_recovery,3,311,1.65,0.7530199219862863,3.3696217616907824,400
active_recovery,3,312,1.765,0.787457298786281,3.154995384426474,400
active_recovery,3,313,1.9,0.8184509379062841,2.829155482180396,400
active_recovery,3,314,2.0,0.8463452131142806,2.8369444337779224,400
active_recovery,3,315,2.01,0.8714500608014843,3.4435174467509246,400
active_recovery,3,316,2.06,0.8940444237199618,3.467309422830383,400
active_recovery,3,317,2.17,0.9143793503465946,3.2229655381776268,400
active_recovery,3,318,2.255,0.932680784310564,3.681346885168416,400
active_recovery,3,319,2.47,0.9491520748781358,4.154723064294021,400
active_recovery,3,320,2.61,0.9639762363889519,4.356783519024109,400
active_recovery,3,321,2.76,0.977317981748682,4.752665387970807,400
active_recovery,3,322,2.76,0.9893255525724433,4.450114357054403,400
active_recovery,3,323,2.925,1.0001323663138302,4.506118393892457,400
active_recovery,3,324,3.09,1.0098584986810686,5.026125504867072,400
active_recovery,3,325,3.24,1.0186120178115936,5.536206170318681,400
active_recovery,3,326,3.37,1.02649018502906,5.43941417716637,400
active_recovery,3,327,3.515,1.033580535524785,5.752922493467636,400
active_recovery,3,328,3.65,1.0399618509709345,5.979489129598473,400
active_recovery,3,329,3.86,1.0457050348724635,5.808930277825369,400
active_recovery,3,330,4.01,1.0508739003838488,5.768312651644685,400
active_recovery,3,331,4.27,1.0555258793440934,6.377849837797631,400
active_recovery,3,332,4.51,1.0597126604083107,6.441683193244813,400
active_recovery,3,333,4.64,1.0634807633661116,7.098334896917547,400
active_recovery,3,334,4.835,1.0668720560281264,8.483199192487795,400
active_recovery,3,335,4.795,1.0699242194239478,8.663162923040568,400
active_recovery,3,336,5.225,1.0726711664801767,8.815624666478104,400
active_recovery,3,337,5.55,1.07514341883079,9.266745107379473,400
active_recovery,3,338,5.435,1.0773684459463329,9.926423676284523,400
active_recovery,3,339,5.535,1.0793709703503294,10.14200402356902,400
active_recovery,3,340,5.575,1.0811732423139269,9.541706811076478,400
active_recovery,3,341,5.915,1.0827952870811635,9.263442227550335,400
active_recovery,3,342,6.19,1.0842551273716707,8.92222956713728,400
active_recovery,3,343,6.48,1.0855689836331384,9.31827907459329,400
active_recovery,3,344,6.745,1.086751454268454,9.89023301753947,400
active_recovery,3,345,6.775,1.087815677840233,10.171164287293191,400
active_recovery,3,346,6.625,1.0887734790548362,10.58566556185506,400
active_recovery,3,347,6.81,1.0896355001479792,10.82436397695312,400
active_recovery,3,348,6.705,1.090411319131814,11.615340636738958,400
active_recovery,3,349,6.795,1.0911095562172617,11.47705513955099,400
active_recovery,3,350,6.915,1.0917379695941638,11.655370105992523,400
active_recovery,3,351,6.91,1.0923035416333742,11.280072099905846,400
active_recovery,3,352,7.055,1.0928125564686642,11.148295517638035,400
active_recovery,3,353,6.77,1.0932706698204264,11.329412683126948,400
active_recovery,3,354,6.965,1.0936829718370151,9.545294235332543,400
active_recovery,3,355,7.2,1.0940540436519404,10.811306736196679,400
active_recovery,3,356,7.42,1.0943880082853767,11.769528884498271,400
active_recovery,3,357,7.49,1.0946885764554661,11.262254185366109,400
active_recovery,3,358,7.735,1.094959087808545,11.938930767471684,400
active_recovery,3,359,8.105,1.0952025480263186,13.031987157141643,400
active_recovery,3,360,8.14,1.0954216622223178,11.233144634630293,400
active_recovery,3,361,8.065,1.0956188649987115,11.834452797966561,400
active_recovery,3,362,7.925,1.0957963474974697,11.623598545508614,400
active_recovery,3,363,8.105,1.0959560817463514,12.014506753882223,400
active_recovery,3,364,7.905,1.0960998425703417,11.675811407446414,400
active_recovery,3,365,7.935,1.0962292273119376,11.950789794826806,400
active_recovery,3,366,8.2,1.0963456735793733,12.212174818008982,400
active_recovery,3,367,8.195,1.0964504752200652,13.945950739481795,400
active_recovery,3,368,8.19,1.096544796696687,12.435205037516626,400
active_recovery,3,369,8.23,1.0966296860256461,12.246667843757038,400
active_recovery,3,370,8.755,1.0967060864217097,12.866237508215988,400
active_recovery,3,371,9.14,1.0967748467781693,12.666352253116948,400
active_recovery,3,372,9.48,1.0968367310989777,14.062755702873824,400
active_recovery,3,373,9.73,1.0968924269877085,14.559452383403984,400
active_recovery,3,374,9.775,1.0969425532875672,13.907157883316108,400
active_recovery,3,375,9.64,1.0969876669574357,13.669388404594704,400
active_recovery,3,376,9.645,1.0970282692603237,13.50318106522784,400
active_recovery,3,377,9.67,1.097064811332912,14.052969056585967,400
active_recovery,3,378,10.145,1.0970976991982508,13.88027470472539,400
active_recovery,3,379,10.37,1.0971272982770603,14.58640352849302,400
active_recovery,3,380,10.675,1.0971539374479817,14.933242859922816,400
active_recovery,3,381,10.865,1.0971779127018064,14.753203952155095,400
active_recovery,3,382,10.72,1.0971994904302618,15.377832280674724,400
active_recovery,3,383,10.815,1.0972189103858623,13.169266054484702,400
active_recovery,3,384,10.7,1.0972363883459015,14.157776707878353,400
active_recovery,3,385,11.165,1.0972521185099442,13.813286806465824,400
active_recovery,3,386,11.0,1.097266275657577,14.113834766717092,400
active_recovery,3,387,10.96,1.0972790170904478,14.062670565483447,400
active_recovery,3,388,11.0,1.0972904843800302,14.389750559258632,400
active_recovery,3,389,11.22,1.0973008049406532,15.39384281088114,400
active_recovery,3,390,11.795,1.0973100934452167,16.390863639088927,400
active_recovery,3,391,12.055,1.097318453099325,16.2908866986617,400
active_recovery,3,392,12.63,1.097325976788017,18.6488823692992,400
active_recovery,3,393,13.21,1.0973327481078463,17.475558011085607,400
active_recovery,3,394,13.5,1.097338842295692,18.94556890935949,400
active_recovery,3,395,13.33,1.097344327064749,18.340256501906275,400
active_recovery,3,396,13.135,1.0973492633569035,19.685835882049535,400
active_recovery,3,397,13.04,1.0973537060198417,19.35449675355145,400
active_recovery,3,398,12.885,1.0973577044164806,20.17691134528105,400
active_recovery,3,399,12.58,1.0973613029734632,19.600501789346268,400
active_recovery,3,400,12.48,1.0973645416747488,19.155763831832683,400
active_recovery,3,401,12.14,1.097367456505899,18.751893673411825,400
active_recovery,3,402,11.785,1.097370079853938,17.862796492824764,400
active_recovery,3,403,11.76,1.0973724408671697,18.104773720554658,400
active_recovery,3,404,12.09,1.0973745657790848,18.997869141104733,400
active_recovery,3,405,12.23,1.0973764781998072,18.61853650193914,400
active_recovery,3,406,12.51,1.0973781993784557,18.017581941108403,400
active_recovery,3,407,12.75,1.0973797484392351,18.201485606291016,400
active_recovery,3,408,13.06,1.097381142593942,18.80046842904006,400
active_recovery,3,409,12.89,1.0973823973331758,18.481094852581066,400
active_recovery,3,410,12.97,1.0973835265984848,20.602149987445678,400
active_recovery,3,411,13.24,1.0973845429372662,19.422293156782164,400
active_recovery,3,412,13.395,1.0973854576421653,21.89273608002054,400
active_recovery,3,413,12.96,1.0973862808765786,19.869990148676447,400
active_recovery,3,414,13.04,1.0973870217875503,19.675191651359114,400
active_recovery,3,415,12.85,1.0973876886074236,18.30571878367499,400
active_recovery,3,416,13.015,1.0973882887453101,19.108319467162524,400
active_recovery,3,417,13.655,1.0973888288694058,18.59228908216308,400
active_recovery,3,418,14.21,1.097389314981093,19.019441059602745,400
active_recovery,3,419,14.8,1.097389752481615,18.355723320649872,400
active_recovery,3,420,14.905,1.097390146232075,19.499839842467352,400
active_recovery,3,421,15.195,1.0973905006074987,18.997578802720458,400
active_recovery,3,422,15.08,1.0973908195453794,20.06206775094151,400
active_recovery,3,423,14.45,1.0973911065894668,19.027712363456693,400
active_recovery,3,424,14.19,1.0973913649291478,19.011832653030982,400
active_recovery,3,425,13.985,1.0973915974348607,18.41487262047453,400
active_recovery,3,426,13.675,1.0973918066900066,18.069304670729185,400
active_recovery,3,427,13.37,1.0973919950196327,18.10825164732335,400
active_recovery,3,428,13.78,1.0973921645162985,19.47112004963325,400
active_recovery,3,429,14.17,1.0973923170632969,18.215469090052025,400
active_recovery,3,430,14.215,1.0973924543555973,20.08847530935489,400
active_recovery,3,431,15.02,1.0973925779186626,18.35449581951078,400
active_recovery,3,432,15.865,1.0973926891254264,20.08373201471326,400
active_recovery,3,433,16.345,1.0973927892115147,20.345639132835405,400
active_recovery,3,434,16.49,1.0973928792889864,21.000129218310725,400
active_recovery,3,435,16.615,1.0973929603587171,20.93913431248306,400
active_recovery,3,436,15.9,1.0973930333214743,21.44423064714455,400
active_recovery,3,437,15.225,1.0973930989879568,20.007321114556103,400
active_recovery,3,438,14.97,1.097393158087786,20.411020525990114,400
active_recovery,3,439,15.27,1.0973932112776397,20.3227493372012,400
active_recovery,3,440,15.735,1.0973932591485027,21.041851477750047,400
active_recovery,3,441,15.61,1.097393302232277,23.089027603530912,400
active_recovery,3,442,15.635,1.097393341007681,20.849218359557902,400
active_recovery,3,443,15.795,1.0973933759055405,22.718210327025,400
active_recovery,3,444,15.87,1.0973934073136116,22.5959762479638,400
active_recovery,3,445,15.435,1.0973934355808816,20.966476198782086,400
active_recovery,3,446,15.62,1.0973934610214227,21.551919986682925,400
active_recovery,3,447,15.875,1.0973934839179091,20.30422019048689,400
active_recovery,3,448,16.66,1.0973935045247427,21.551008125244056,400
active_recovery,3,449,17.605,1.0973935230708964,22.043699881752612,400
active_recovery,3,450,18.045,1.0973935397624386,23.402429168704412,400
active_recovery,3,451,18.055,1.0973935547848208,21.6125813105242,400
active_recovery,3,452,17.925,1.0973935683049656,22.54942278465372,400
active_recovery,3,453,17.41,1.0973935804730988,22.733329570008923,400
active_recovery,3,454,16.77,1.097393591424418,22.49044637757739,400
active_recovery,3,455,16.35,1.0973936012806016,24.600802847843223,400
active_recovery,3,456,15.83,1.0973936101511732,23.31709404994714,400
active_recovery,3,457,15.725,1.097393618134682,23.29077913403813,400
active_recovery,3,458,15.99,1.0973936253198429,22.55375026560964,400
active_recovery,3,459,16.215,1.097393631786486,22.198677179621036,400
active_recovery,3,460,16.745,1.0973936376064706,21.169085201368482,400
active_recovery,3,461,17.035,1.097393642844448,22.598978111615853,400
active_recovery,3,462,17.43,1.0973936475586321,22.675710501700962,400
active_recovery,3,463,17.47,1.0973936518013951,22.63496197677533,400
active_recovery,3,464,17.82,1.0973936556198831,24.18987447858102,400
active_recovery,3,465,17.655,1.0973936590565256,23.861868691427492,400
active_recovery,3,466,16.825,1.0973936621495026,25.287291250247513,400
active_recovery,3,467,15.975,1.0973936649331797,24.09673635126975,400
active_recovery,3,468,15.35,1.0973936674384859,22.529200419305596,400
active_recovery,3,469,15.155,1.0973936696932682,22.26281319915345,400
active_recovery,3,470,14.72,1.0973936717225727,21.224871554758995,400
active_recovery,3,471,14.92,1.0973936735489436,20.186201565617004,400
active_recovery,3,472,15.245,1.0973936751926774,19.326925360378773,400
active_recovery,3,473,16.215,1.0973936766720385,19.51758507204239,400
active_recovery,3,474,17.185,1.0973936780034574,20.80558907864735,400
active_recovery,3,475,17.685,1.0973936792017442,21.717871728262562,400
active_recovery,3,476,18.58,1.0973936802801956,22.206109738132582,400
active_recovery,3,477,18.88,1.0973936812508098,23.47131057182596,400
active_recovery,3,478,18.835,1.0973936821243582,23.64674791679321,400
active_recovery,3,479,18.35,1.0973936829105468,23.701378977277265,400
active_recovery,3,480,18.525,1.0973936836181204,23.0744967026015,400
active_recovery,3,481,18.31,1.0973936842549352,23.32026649828026,400
active_recovery,3,482,18.045,1.0973936848280712,22.59130911591128,400
active_recovery,3,483,17.64,1.0973936853438915,22.503113975312665,400
active_recovery,3,484,17.615,1.0973936858081272,23.315604695329622,400
active_recovery,3,485,17.995,1.0973936862259486,22.43954036670646,400
active_recovery,3,486,18.72,1.0973936866019798,23.872386587194043,400
active_recovery,3,487,19.035,1.0973936869404077,23.406310772429993,400
active_recovery,3,488,18.93,1.0973936872449956,26.152773572152288,400
active_recovery,3,489,18.74,1.0973936875191235,24.613511230836114,400
active_recovery,3,490,18.75,1.0973936877658415,24.426451774731348,400
active_recovery,3,491,18.215,1.0973936879878838,22.71769567050536,400
active_recovery,3,492,18.11,1.097393688187728,23.834785906580347,400
active_recovery,3,493,18.17,1.0973936883675817,22.837769582249425,400
active_recovery,3,494,18.895,1.0973936885294513,23.824839888199122,400
active_recovery,3,495,19.505,1.0973936886751348,23.438139048049116,400
active_recovery,3,496,19.7,1.0973936888062532,26.268294914189664,400
active_recovery,3,497,19.835,1.097393688924252,24.292223500282653,400
active_recovery,3,498,19.6,1.097393689030461,25.387707229194753,400
active_recovery,3,499,19.285,1.097393689126039,23.55530812469286,400
active_recovery,3,500,18.925,1.0973936892120622,24.91588326978517,400
active_recovery,3,501,18.93,1.0973936892894849,22.91310584809422,400
active_recovery,3,502,19.01,1.097393689359162,24.102235102389724,400
active_recovery,3,503,19.08,1.097393689421881,24.133665245546915,400
active_recovery,3,504,18.815,1.0973936894783154,24.029932306553476,400
active_recovery,3,505,18.235,1.097393689529119,23.792827272134826,400
active_recovery,3,506,18.155,1.0973936895748295,24.1232842529934,400
active_recovery,3,507,18.17,1.0973936896159773,24.475311565726674,400
active_recovery,3,508,18.08,1.0973936896530065,24.685590044183783,400
active_recovery,3,509,18.135,1.0973936896863326,24.195238501704317,400
active_recovery,3,510,18.53,1.0973936897163261,25.17885826895675,400
active_recovery,3,511,19.095,1.0973936897433207,24.527719715077104,400
active_recovery,3,512,18.985,1.0973936897676184,25.775183598409395,400
active_recovery,3,513,18.645,1.0973936897894847,24.78326320541017,400
active_recovery,3,514,18.78,1.0973936898091678,25.636969778028572,400
active_recovery,3,515,18.81,1.0973936898268808,23.76330068737674,400
active_recovery,3,516,18.785,1.097393689842819,22.56525277765738,400
active_recovery,3,517,18.595,1.0973936898571641,21.50126542982748,400
active_recovery,3,518,18.79,1.0973936898700813,22.970519027717973,400
active_recovery,3,519,18.86,1.0973936898816945,21.532522748272562,400
active_recovery,3,520,19.13,1.0973936898921572,23.48140597468256,400
active_recovery,3,521,19.54,1.0973936899015717,22.575840556025344,400
active_recovery,3,522,19.53,1.097393689910037,24.530497763594983,400
active_recovery,3,523,18.97,1.097393689917667,24.199159858504387,400
active_recovery,3,524,18.725,1.097393689924525,23.884903173187,400
active_recovery,3,525,18.38,1.0973936899307002,22.363804704307704,400
active_recovery,3,526,17.93,1.0973936899362593,22.31739156702103,400
active_recovery,3,527,17.695,1.0973936899412633,21.731743609751984,400
active_recovery,3,528,17.395,1.0973936899457652,20.312641407541086,400
active_recovery,3,529,17.18,1.0973936899498147,20.809732769407198,400
active_recovery,3,530,17.68,1.0973936899534666,21.509146712875477,400
active_recovery,3,531,18.165,1.0973936899567414,20.943150065533093,400
active_recovery,3,532,18.575,1.0973936899596974,22.66942236300622,400
active_recovery,3,533,19.29,1.0973936899623529,22.523485294199215,400
active_recovery,3,534,19.02,1.09739368996475,21.8735564925188,400
active_recovery,3,535,18.515,1.097393689966905,23.106449953613172,400
active_recovery,3,536,18.52,1.0973936899688395,21.891045900526624,400
active_recovery,3,537,18.02,1.0973936899705885,22.53092031810652,400
active_recovery,3,538,18.45,1.0973936899721561,23.513986748095963,400
active_recovery,3,539,18.72,1.0973936899735668,23.144299155827223,400
active_recovery,3,540,19.13,1.0973936899748364,26.030506949524472,400
active_recovery,3,541,19.295,1.0973936899759869,22.193573635285116,400
active_recovery,3,542,19.405,1.0973936899770134,24.002415456203256,400
active_recovery,3,543,19.81,1.0973936899779397,23.001379157345347,400
active_recovery,3,544,19.695,1.097393689978775,23.627188430928896,400
active_recovery,3,545,19.74,1.097393689979527,23.112955268082544,400
active_recovery,3,546,19.595,1.097393689980201,22.818454246133555,400
active_recovery,3,547,19.53,1.0973936899808105,24.066181112213535,400
active_recovery,3,548,19.65,1.097393689981357,22.324225001837725,400
active_recovery,3,549,20.215,1.0973936899818455,22.933581740260617,400
active_recovery,3,550,21.025,1.0973936899822925,24.694204480966093,400
active_recovery,3,551,21.87,1.0973936899826895,24.23105014332986,400
active_recovery,3,552,21.515,1.097393689983046,26.004114661576832,400
active_recovery,3,553,21.38,1.097393689983372,25.60345131538761,400
active_recovery,3,554,21.06,1.097393689983665,25.21587110613003,400
active_recovery,3,555,20.875,1.0973936899839254,24.51891926235123,400
active_recovery,3,556,20.945,1.0973936899841603,24.976558030926277,400
active_recovery,3,557,20.905,1.0973936899843786,28.284230409400614,400
active_recovery,3,558,21.02,1.097393689984565,26.749458573419574,400
active_recovery,3,559,20.69,1.0973936899847367,26.44146174349703,400
active_recovery,3,560,20.49,1.0973936899848966,26.17302074666893,400
active_recovery,3,561,21.18,1.0973936899850307,27.296785576622714,400
active_recovery,3,562,21.0,1.097393689985156,28.471581238073036,400
active_recovery,3,563,21.13,1.0973936899852692,27.93373764660967,400
active_recovery,3,564,21.125,1.0973936899853691,27.48306287826274,400
active_recovery,3,565,20.89,1.097393689985461,26.070715054723184,400
active_recovery,3,566,20.425,1.0973936899855412,26.16021723901808,400
active_recovery,3,567,20.285,1.0973936899856156,25.491358055428293,400
active_recovery,3,568,20.08,1.097393689985684,26.009938518201807,400
active_recovery,3,569,20.445,1.09739368998574,24.622332360158193,400
active_recovery,3,570,20.865,1.0973936899857983,27.83295595979747,400
active_recovery,3,571,21.385,1.0973936899858474,25.778415629882474,400
active_recovery,3,572,21.685,1.097393689985892,26.863740015114942,400
active_recovery,3,573,22.005,1.0973936899859296,27.83818422267529,400
active_recovery,3,574,22.45,1.097393689985963,29.24006641294505,400
active_recovery,3,575,21.95,1.0973936899859993,27.509708356421438,400
active_recovery,3,576,21.485,1.0973936899860242,28.6846780108437,400
active_recovery,3,577,21.58,1.097393689986049,27.40917709350134,400
active_recovery,3,578,21.645,1.0973936899860786,25.711392646229584,400
active_recovery,3,579,21.64,1.0973936899860974,25.211530200962606,400
active_recovery,3,580,21.875,1.0973936899861159,26.066878053869473,400
active_recovery,3,581,22.33,1.0973936899861285,27.47420306351781,400
active_recovery,3,582,21.93,1.097393689986143,27.740095087370126,400
active_recovery,3,583,21.285,1.0973936899861627,27.955223289836773,400
active_recovery,3,584,21.105,1.0973936899861705,26.466730150853742,400
active_recovery,3,585,20.895,1.097393689986182,26.075641132449377,400
active_recovery,3,586,20.83,1.0973936899861954,26.398755660720802,400
active_recovery,3,587,20.315,1.097393689986203,25.97287250324183,400
active_recovery,3,588,19.545,1.09739368998621,25.197287939405953,400
active_recovery,3,589,18.925,1.097393689986218,22.765444815062935,400
active_recovery,3,590,18.795,1.0973936899862218,23.767943043782605,400
active_recovery,3,591,18.62,1.0973936899862258,21.97569203792075,400
active_recovery,3,592,19.02,1.0973936899862355,24.142843174834997,400
active_recovery,3,593,20.2,1.0973936899862422,23.051387149345576,400
active_recovery,3,594,21.985,1.0973936899862446,25.142253591227657,400
active_recovery,3,595,23.265,1.097393689986248,26.931417577028277,400
active_recovery,3,596,23.67,1.0973936899862518,30.731578252194332,400
active_recovery,3,597,23.185,1.097393689986253,28.182043350672807,400
active_recovery,3,598,22.01,1.0973936899862606,28.915842139705557,400
active_recovery,3,599,21.04,1.0973936899862586,24.66597368043036,400
active_recovery,3,600,21.07,1.0973936899862657,25.21235390719319,400
active_recovery,4,0,1.765,0.0,0.0,400
active_recovery,4,1,1.77,0.1097393689986325,1.125,400
active_recovery,4,2,1.855,0.20850480109739603,1.7578125,400
active_recovery,4,3,1.73,0.2973936899862831,2.115984375,400
active_recovery,4,4,1.765,0.37739368998628287,1.893579345703125,400
active_recovery,4,5,1.785,0.4493936899862834,1.9816271026611332,400
active_recovery,4,6,1.795,0.5141936899862821,2.2643270867614746,400
active_recovery,4,7,1.865,0.5725136899862814,2.4089479427667615,400
active_recovery,4,8,1.895,0.6250016899862846,2.771824702782984,400
active_recovery,4,9,1.945,0.6722408899862831,3.0066775285576823,400
active_recovery,4,10,2.03,0.7147561699862822,3.2717976356557155,400
active_recovery,4,11,2.05,0.7530199219862838,3.478220599728769,400
active_recovery,4,12,2.075,0.7874572987862835,3.7866155480568566,400
active_recovery,4,13,2.045,0.8184509379062858,4.131137979589606,400
active_recovery,4,14,2.27,0.8463452131142803,4.168627612922967,400
active_recovery,4,15,2.36,0.8714500608014826,3.9940364151853034,400
active_recovery,4,16,2.49,0.8940444237199612,4.262499344583951,400
active_recovery,4,17,2.67,0.9143793503465962,4.349942099925679,400
active_recovery,4,18,2.79,0.9326807843105615,5.3411907620720775,400
active_recovery,4,19,2.85,0.949152074878134,5.89130399588773,400
active_recovery,4,20,3.11,0.963976236388951,5.702705279260955,400
active_recovery,4,21,3.33,0.977317981748683,5.780292549733191,400
active_recovery,4,22,3.495,0.9893255525724455,5.89025971773155,400
active_recovery,4,23,3.65,1.000132366313832,6.495928479815447,400
active_recovery,4,24,3.74,1.0098584986810692,6.813175999015951,400
active_recovery,4,25,3.69,1.0186120178115945,7.106003702603649,400
active_recovery,4,26,3.775,1.026490185029062,6.860195591184645,400
active_recovery,4,27,3.855,1.033580535524783,7.60713468328417,400
active_recovery,4,28,3.855,1.0399618509709345,6.8968644264615975,400
active_recovery,4,29,4.03,1.0457050348724661,6.821853696749649,400
active_recovery,4,30,4.29,1.0508739003838554,7.254890320181953,400
active_recovery,4,31,4.525,1.0555258793440974,7.327116441581629,400
active_recovery,4,32,4.73,1.0597126604083171,7.664792457838492,400
active_recovery,4,33,4.87,1.0634807633661099,7.358485544266437,400
active_recovery,4,34,4.92,1.0668720560281293,7.5594524511144385,400
active_recovery,4,35,5.01,1.0699242194239422,7.283619247076419,400
active_recovery,4,36,5.075,1.0726711664801765,7.309856040855061,400
active_recovery,4,37,5.09,1.0751434188307876,7.948210905910028,400
active_recovery,4,38,5.15,1.0773684459463406,8.137658308669227,400
active_recovery,4,39,5.54,1.07937097035033,8.702438728645253,400
active_recovery,4,40,5.675,1.0811732423139262,8.992083475271178,400
active_recovery,4,41,6.04,1.082795287081164,9.889697102999529,400
active_recovery,4,42,6.345,1.084255127371673,8.542935806536514,400
active_recovery,4,43,6.625,1.0855689836331295,10.175215369423258,400
active_recovery,4,44,6.845,1.08675145426845,10.66574152791372,400
active_recovery,4,45,6.875,1.0878156778402321,9.96164571680981,400
active_recovery,4,46,6.92,1.0887734790548407,9.950473623268607,400
active_recovery,4,47,6.95,1.0896355001479785,10.1537298650633,400
active_recovery,4,48,6.97,1.0904113191318119,9.613732187012916,400
active_recovery,4,49,7.09,1.0911095562172568,10.57428720081314,400
active_recovery,4,50,7.35,1.0917379695941616,9.986554827357532,400
active_recovery,4,51,7.59,1.092303541633377,10.661768234610472,400
active_recovery,4,52,7.445,1.0928125564686628,10.381053245845898,400
active_recovery,4,53,7.61,1.093270669820427,10.713164494299862,400
active_recovery,4,54,7.925,1.0936829718370118,11.529346123876921,400
active_recovery,4,55,8.08,1.0940540436519426,11.114145345235288,400
active_recovery,4,56,8.15,1.094388008285375,10.970450520980457,400
active_recovery,4,57,7.895,1.0946885764554675,11.182334941171973,400
active_recovery,4,58,7.995,1.0949590878085491,10.591036090499944,400
active_recovery,4,59,8.13,1.0952025480263188,11.148592129687929,400
active_recovery,4,60,8.725,1.0954216622223163,10.417190988130193,400
active_recovery,4,61,9.16,1.0956188649987124,11.277727426244358,400
active_recovery,4,62,9.595,1.0957963474974681,11.63007800710303,400
active_recovery,4,63,9.495,1.0959560817463487,12.906291294966918,400
active_recovery,4,64,9.025,1.0960998425703465,12.91698095329534,400
active_recovery,4,65,8.64,1.0962292273119412,12.530940685274464,400
active_recovery,4,66,8.715,1.0963456735793715,11.680374693472078,400
active_recovery,4,67,8.825,1.096450475220065,11.29684945392714,400
active_recovery,4,68,9.39,1.096544796696685,11.409931063573538,400
active_recovery,4,69,9.33,1.096629686025645,11.964384458562229,400
active_recovery,4,70,9.36,1.0967060864217095,11.399086131083893,400
active_recovery,4,71,9.44,1.0967748467781697,10.785832523145368,400
active_recovery,4,72,9.92,1.0968367310989755,11.972054649388058,400
active_recovery,4,73,10.385,1.096892426987707,12.959070902507007,400
active_recovery,4,74,10.61,1.0969425532875683,14.577191176555079,400
active_recovery,4,75,11.155,1.096987666957439,14.73011428618787,400
active_recovery,4,76,11.135,1.0970282692603217,16.161323260114234,400
active_recovery,4,77,11.25,1.0970648113329164,15.087185247817422,400
active_recovery,4,78,11.36,1.0970976991982577,14.226683439015009,400
active_recovery,4,79,11.38,1.097127298277054,13.904249440238035,400
active_recovery,4,80,11.36,1.0971539374479828,15.165529603733011,400
active_recovery,4,81,11.735,1.0971779127018138,14.247366662888739,400
active_recovery,4,82,11.495,1.0971994904302547,15.321008539077756,400
active_recovery,4,83,11.15,1.0972189103858598,13.697766118949712,400
active_recovery,4,84,10.725,1.0972363883459022,14.036460265846538,400
active_recovery,4,85,10.545,1.0972521185099424,13.107926099543858,400
active_recovery,4,86,10.655,1.0972662756575728,14.177965138347753,400
active_recovery,4,87,10.885,1.0972790170904436,14.855368489937751,400
active_recovery,4,88,11.37,1.097290484380027,14.021538906799753,400
active_recovery,4,89,12.065,1.0973008049406552,14.066146244402242,400
active_recovery,4,90,12.32,1.0973100934452156,15.500667293734594,400
active_recovery,4,91,12.665,1.0973184530993247,13.977547474101694,400
active_recovery,4,92,12.935,1.0973259767880172,15.709434288423653,400
active_recovery,4,93,13.14,1.0973327481078454,15.39879266022425,400
active_recovery,4,94,12.915,1.0973388422956913,15.344846849585885,400
active_recovery,4,95,13.125,1.0973443270647496,15.449826313009352,400
active_recovery,4,96,13.425,1.097349263356901,15.944030765178596,400
active_recovery,4,97,13.225,1.0973537060198417,15.27148137473602,400
active_recovery,4,98,13.4,1.0973577044164864,15.20466587419477,400
active_recovery,4,99,13.505,1.0973613029734657,15.958517697965819,400
active_recovery,4,100,13.12,1.0973645416747473,17.11382113105987,400
active_recovery,4,101,12.58,1.0973674565058982,16.46274960319245,400
active_recovery,4,102,12.48,1.0973700798539394,16.195612079475207,400
active_recovery,4,103,12.325,1.0973724408671737,16.086223399986526,400
active_recovery,4,104,12.34,1.0973745657790814,16.48782685607943,400
active_recovery,4,105,12.665,1.0973764781998052,15.275897291262796,400
active_recovery,4,106,12.75,1.0973781993784508,16.400227379473126,400
active_recovery,4,107,12.44,1.0973797484392311,15.495763334747004,400
active_recovery,4,108,12.51,1.097381142593935,15.330562530096254,400
active_recovery,4,109,13.165,1.0973823973331704,17.151454584076486,400
active_recovery,4,110,13.25,1.0973835265984848,17.060624208119826,400
active_recovery,4,111,13.405,1.0973845429372633,17.25623966339423,400
active_recovery,4,112,13.425,1.0973854576421675,16.751805989687643,400
active_recovery,4,113,13.785,1.0973862808765797,16.220677600886656,400
active_recovery,4,114,13.835,1.0973870217875472,16.612931359117002,400
active_recovery,4,115,13.48,1.0973876886074223,15.402747619579829,400
active_recovery,4,116,13.36,1.0973882887453081,15.902964615659124,400
active_recovery,4,117,13.3,1.0973888288694047,15.622030872505325,400
active_recovery,4,118,13.405,1.0973893149810912,15.861565625001248,400
active_recovery,4,119,13.68,1.09738975248161,15.483735082771075,400
active_recovery,4,120,13.98,1.0973901462320772,15.750147224878704,400
active_recovery,4,121,14.68,1.0973905006075013,17.050486486584266,400
active_recovery,4,122,15.455,1.0973908195453779,18.40252675254959,400
active_recovery,4,123,15.405,1.0973911065894681,19.08739156566432,400
active_recovery,4,124,15.535,1.09739136492915,19.439920122911435,400
active_recovery,4,125,15.34,1.0973915974348636,18.52908105256915,400
active_recovery,4,126,15.675,1.0973918066900032,17.744579013889545,400
active_recovery,4,127,16.085,1.0973919950196334,17.435307501341036,400
active_recovery,4,128,16.145,1.0973921645162983,18.1959877663906,400
active_recovery,4,129,16.08,1.0973923170632975,18.644175367986794,400
active_recovery,4,130,16.26,1.0973924543555929,19.85821594141487,400
active_recovery,4,131,16.275,1.0973925779186633,19.509724693316873,400
active_recovery,4,132,15.895,1.0973926891254286,19.464264266567163,400
active_recovery,4,133,15.375,1.0973927892115103,19.4166619702508,400
active_recovery,4,134,15.16,1.0973928792889849,19.943265412797608,400
active_recovery,4,135,15.175,1.0973929603587198,19.729805201223314,400
active_recovery,4,136,15.49,1.0973930333214752,19.548376916249858,400
active_recovery,4,137,16.135,1.0973930989879541,18.883036597250914,400
active_recovery,4,138,16.195,1.0973931580877876,19.572841166697984,400
active_recovery,4,139,15.955,1.0973932112776357,19.820382213299556,400
active_recovery,4,140,15.9,1.0973932591484996,20.249053731921034,400
active_recovery,4,141,16.055,1.097393302232282,19.122933244827564,400
active_recovery,4,142,16.63,1.0973933410076788,20.177285492058257,400
active_recovery,4,143,16.92,1.097393375905541,23.207422681976368,400
active_recovery,4,144,16.56,1.0973934073136138,23.00708327347417,400
active_recovery,4,145,16.025,1.0973934355808825,23.48202337065134,400
active_recovery,4,146,16.445,1.0973934610214213,22.549651747616817,400
active_recovery,4,147,16.68,1.097393483917907,23.237527614443344,400
active_recovery,4,148,17.35,1.0973935045247427,25.04438051620663,400
active_recovery,4,149,17.625,1.0973935230709035,22.8359708440854,400
active_recovery,4,150,18.18,1.0973935397624404,24.016811660850454,400
active_recovery,4,151,18.99,1.0973935547848184,23.504176637667964,400
active_recovery,4,152,19.645,1.0973935683049647,25.38401844247202,400
active_recovery,4,153,20.22,1.0973935804730959,26.061589875345746,400
active_recovery,4,154,19.9,1.0973935914244137,27.48572828843046,400
active_recovery,4,155,19.175,1.0973936012806045,30.139578825023012,400
active_recovery,4,156,18.72,1.0973936101511732,27.661667863001284,400
active_recovery,4,157,19.24,1.097393618134683,30.015896764702223,400
active_recovery,4,158,19.425,1.0973936253198415,29.211733362456027,400
active_recovery,4,159,19.85,1.0973936317864892,27.676241881409517,400
active_recovery,4,160,20.455,1.097393637606464,30.077127606005224,400
active_recovery,4,161,20.9,1.0973936428444486,28.301305262480458,400
active_recovery,4,162,21.645,1.097393647558635,28.95084770644647,400
active_recovery,4,163,21.965,1.0973936518013938,32.24487118695156,400
active_recovery,4,164,22.755,1.0973936556198838,35.034947764667976,400
active_recovery,4,165,22.94,1.0973936590565267,33.97608784004442,400
active_recovery,4,166,21.97,1.0973936621494993,34.83300540938167,400
active_recovery,4,167,21.045,1.0973936649331781,34.658161354639,400
active_recovery,4,168,20.76,1.0973936674384879,33.284456624199024,400
active_recovery,4,169,20.055,1.0973936696932698,32.18303963692348,400
active_recovery,4,170,19.395,1.0973936717225712,32.522451535427344,400
active_recovery,4,171,19.615,1.0973936735489447,30.809501223055786,400
active_recovery,4,172,19.8,1.0973936751926772,29.84708877447112,400
active_recovery,4,173,20.145,1.0973936766720356,30.23862654626075,400
active_recovery,4,174,20.34,1.0973936780034603,31.546513092209292,400
active_recovery,4,175,20.49,1.0973936792017442,31.347453853544494,400
active_recovery,4,176,21.195,1.0973936802801958,31.534009271236727,400
active_recovery,4,177,21.8,1.0973936812508045,32.25347523477572,400
active_recovery,4,178,22.375,1.097393682124354,31.665187028110633,400
active_recovery,4,179,22.98,1.0973936829105457,33.17654881903116,400
active_recovery,4,180,22.61,1.0973936836181242,33.84275250623072,400
active_recovery,4,181,22.47,1.097393684254936,34.1569703502795,400
active_recovery,4,182,21.63,1.0973936848280714,33.834396001171676,400
active_recovery,4,183,21.42,1.097393685343893,32.615745792132884,400
active_recovery,4,184,20.865,1.0973936858081306,33.37613776826392,400
active_recovery,4,185,20.795,1.0973936862259472,33.4523812047121,400
active_recovery,4,186,21.355,1.0973936866019853,32.94340849305451,400
active_recovery,4,187,22.655,1.0973936869404082,32.657485179797966,400
active_recovery,4,188,23.725,1.0973936872449952,35.34009278044862,400
active_recovery,4,189,24.02,1.0973936875191275,33.82011900063779,400
active_recovery,4,190,23.78,1.0973936877658408,35.45924535571299,400
active_recovery,4,191,22.645,1.097393687987886,32.83044290740524,400
active_recovery,4,192,21.585,1.0973936881877262,32.29686022691241,400
active_recovery,4,193,19.975,1.0973936883675783,29.9705420424276,400
active_recovery,4,194,19.22,1.0973936885294533,30.016576237216427,400
active_recovery,4,195,18.785,1.0973936886751303,27.890147266729503,400
active_recovery,4,196,19.475,1.0973936888062517,27.722345475166545,400
active_recovery,4,197,20.595,1.0973936889242537,30.649206880431574,400
active_recovery,4,198,21.125,1.0973936890304565,29.969604222713585,400
active_recovery,4,199,21.855,1.0973936891260396,32.54552237743758,400
active_recovery,4,200,22.195,1.0973936892120624,30.46516618732957,400
active_recovery,4,201,22.57,1.0973936892894873,32.77359250962713,400
active_recovery,4,202,22.135,1.0973936893591674,33.00732622459725,400
active_recovery,4,203,22.405,1.0973936894218743,31.35186656339427,400
active_recovery,4,204,21.25,1.0973936894783214,33.469556307942426,400
active_recovery,4,205,21.13,1.0973936895291145,29.871729914853947,400
active_recovery,4,206,21.035,1.0973936895748284,31.220841155584388,400
active_recovery,4,207,21.45,1.0973936896159777,30.09484540263702,400
active_recovery,4,208,22.045,1.097393689653009,31.261911542961297,400
active_recovery,4,209,22.79,1.0973936896863308,33.53845106827283,400
active_recovery,4,210,22.62,1.0973936897163312,33.06092568335984,400
active_recovery,4,211,22.39,1.0973936897433252,34.13551936708194,400
active_recovery,4,212,22.12,1.0973936897676209,33.431888801145625,400
active_recovery,4,213,21.7,1.0973936897894858,33.47152101111303,400
active_recovery,4,214,22.18,1.0973936898091672,32.14678612960248,400
active_recovery,4,215,22.425,1.097393689826876,36.392137630995826,400
active_recovery,4,216,22.5,1.097393689842816,33.980762837322516,400
active_recovery,4,217,21.48,1.0973936898571648,34.0085873973051,400
active_recovery,4,218,21.09,1.0973936898700745,33.11586155058167,400
active_recovery,4,219,20.615,1.0973936898816934,31.941397216946104,400
active_recovery,4,220,20.29,1.0973936898921568,33.59237811558372,400
active_recovery,4,221,20.295,1.0973936899015695,31.442706104105483,400
active_recovery,4,222,20.12,1.097393689910039,32.836330804845716,400
active_recovery,4,223,20.425,1.0973936899176628,32.62418967782908,400
active_recovery,4,224,20.065,1.0973936899245267,31.39494397296582,400
active_recovery,4,225,20.255,1.0973936899306975,31.410698772185373,400
active_recovery,4,226,21.12,1.0973936899362615,31.249490358753203,400
active_recovery,4,227,21.415,1.097393689941265,31.136737899574847,400
active_recovery,4,228,21.68,1.0973936899457635,31.482351953784292,400
active_recovery,4,229,21.695,1.0973936899498142,33.30434088809865,400
active_recovery,4,230,21.2,1.0973936899534675,31.349592154994678,400
active_recovery,4,231,21.07,1.097393689956751,32.82494864013028,400
active_recovery,4,232,20.93,1.0973936899597,32.392600905233486,400
active_recovery,4,233,21.465,1.0973936899623546,32.815294379362264,400
active_recovery,4,234,23.08,1.097393689964752,32.988605768621106,400
active_recovery,4,235,23.965,1.0973936899669,35.63268532680008,400
active_recovery,4,236,24.035,1.0973936899688377,34.74282110719557,400
active_recovery,4,237,23.935,1.097393689970584,34.550571354932515,400
active_recovery,4,238,23.285,1.097393689972155,34.340773598389184,400
active_recovery,4,239,23.455,1.0973936899735703,33.92572375600284,400
active_recovery,4,240,22.73,1.0973936899748382,33.110136362111525,400
active_recovery,4,241,22.35,1.0973936899759822,31.70405999106122,400
active_recovery,4,242,22.65,1.097393689977011,31.21916887560473,400
active_recovery,4,243,22.445,1.0973936899779442,30.904764690600764,400
active_recovery,4,244,22.755,1.0973936899787766,32.478695174106875,400
active_recovery,4,245,23.735,1.0973936899795231,32.55554074914723,400
active_recovery,4,246,24.035,1.097393689980204,33.31534363235355,400
active_recovery,4,247,24.085,1.0973936899808074,33.71590746923922,400
active_recovery,4,248,24.405,1.0973936899813608,32.75655698156051,400
active_recovery,4,249,24.865,1.0973936899818453,32.6560270571422,400
active_recovery,4,250,25.03,1.0973936899822938,32.67673651713478,400
active_recovery,4,251,25.165,1.097393689982694,32.54470546869474,400
active_recovery,4,252,25.36,1.097393689983051,32.636193929765625,400
active_recovery,4,253,25.41,1.0973936899833734,32.841000457218236,400
active_recovery,4,254,25.565,1.0973936899836647,34.45195870740076,400
active_recovery,4,255,26.395,1.097393689983928,34.48060674547896,400
active_recovery,4,256,25.485,1.0973936899841614,37.25933897354224,400
active_recovery,4,257,25.35,1.0973936899843744,36.11334133786902,400
active_recovery,4,258,24.755,1.0973936899845673,35.83750859969342,400
active_recovery,4,259,25.21,1.0973936899847374,34.2603468046347,400
active_recovery,4,260,24.715,1.0973936899848895,33.19174451956182,400
active_recovery,4,261,23.66,1.09739368998503,34.09297808023434,400
active_recovery,4,262,23.7,1.0973936899851526,33.84817934108745,400
active_recovery,4,263,23.74,1.09739368998527,35.27753333461324,400
active_recovery,4,264,24.025,1.0973936899853651,33.280038691736664,400
active_recovery,4,265,24.505,1.09739368998546,35.145593709285464,400
active_recovery,4,266,25.445,1.09739368998554,33.1650302994065,400
active_recovery,4,267,25.815,1.0973936899856205,33.721077691976014,400
active_recovery,4,268,26.21,1.0973936899856829,37.6159622650893,400
active_recovery,4,269,26.16,1.097393689985745,36.348032113152115,400
active_recovery,4,270,25.62,1.0973936899857968,38.599148375634314,400
active_recovery,4,271,24.76,1.0973936899858456,36.6452028056124,400
active_recovery,4,272,23.45,1.0973936899858898,34.767503955299375,400
active_recovery,4,273,22.915,1.0973936899859302,34.040007201741574,400
active_recovery,4,274,22.715,1.0973936899859686,32.46122128195295,400
active_recovery,4,275,23.375,1.0973936899859944,32.21889676667744,400
active_recovery,4,276,24.94,1.0973936899860266,32.25918734093417,400
active_recovery,4,277,25.92,1.0973936899860492,34.26175791419075,400
active_recovery,4,278,26.24,1.0973936899860772,34.136809262060034,400
active_recovery,4,279,26.41,1.097393689986094,34.99056776944101,400
active_recovery,4,280,25.845,1.0973936899861103,35.69438053361475,400
active_recovery,4,281,24.815,1.097393689986128,34.06196479934466,400
active_recovery,4,282,24.855,1.0973936899861432,34.609512577603745,400
active_recovery,4,283,24.29,1.097393689986159,33.14649874021989,400
active_recovery,4,284,24.81,1.097393689986171,32.45300054256152,400
active_recovery,4,285,25.96,1.097393689986183,31.921533334127087,400
active_recovery,4,286,27.6,1.0973936899861931,32.96225335572656,400
active_recovery,4,287,28.94,1.0973936899861967,34.00416526425702,400
active_recovery,4,288,29.63,1.0973936899862122,36.489458278653444,400
active_recovery,4,289,28.945,1.097393689986216,36.9741643758959,400
active_recovery,4,290,28.275,1.0973936899862247,36.48269207986505,400
active_recovery,4,291,27.495,1.0973936899862324,36.126704345912266,400
active_recovery,4,292,27.265,1.0973936899862384,34.57124483676984,400
active_recovery,4,293,27.29,1.0973936899862382,35.22332585857502,400
active_recovery,4,294,28.015,1.0973936899862473,35.06807045846841,400
active_recovery,4,295,28.185,1.0973936899862462,34.5267254529828,400
active_recovery,4,296,28.965,1.0973936899862509,35.61568729493062,400
active_recovery,4,297,29.14,1.0973936899862542,35.62008669755785,400
active_recovery,4,298,28.925,1.097393689986259,35.707042406125005,400
active_recovery,4,299,28.17,1.0973936899862597,36.39656504141403,400
active_recovery,4,300,28.08,1.097393689986264,35.95780142611532,400
active_recovery,4,301,0.635,0.10973936899863403,0.675,400
active_recovery,4,302,0.915,0.20850480109739675,1.0293750000000002,400
active_recovery,4,303,1.405,0.29739368998628146,1.31765625,400
active_recovery,4,304,1.65,0.3773936899862824,1.8511013671874998,400
active_recovery,4,305,1.87,0.4493936899862831,2.087897332763672,400
active_recovery,4,306,1.745,0.5141936899862831,2.302304128143311,400
active_recovery,4,307,1.72,0.5725136899862818,2.9113445266342164,400
active_recovery,4,308,1.74,0.6250016899862803,3.125145646326868,400
active_recovery,4,309,1.725,0.6722408899862821,3.5398428093678675,400
active_recovery,4,310,1.74,0.714756169986283,3.2810351450550757,400
active_recovery,4,311,1.71,0.7530199219862821,2.9923574816315903,400
active_recovery,4,312,1.805,0.7874572987862822,2.955048516307042,400
active_recovery,4,313,1.87,0.8184509379062831,3.1019706214995066,400
active_recovery,4,314,1.93,0.846345213114281,3.080288959467175,400
active_recovery,4,315,1.96,0.8714500608014842,3.127801745216698,400
active_recovery,4,316,2.0,0.8940444237199642,3.3128501895932927,400
active_recovery,4,317,2.095,0.9143793503465948,3.973937417818337,400
active_recovery,4,318,2.305,0.9326807843105646,4.048643663338007,400
active_recovery,4,319,2.38,0.949152074878134,4.394141307572418,400
active_recovery,4,320,2.445,0.9639762363889557,4.9419349629021925,400
active_recovery,4,321,2.465,0.977317981748683,5.167799928357584,400
active_recovery,4,322,2.62,0.9893255525724447,5.1593251602433226,400
active_recovery,4,323,2.65,1.0001323663138293,4.746637089122153,400
active_recovery,4,324,2.78,1.009858498681071,4.627674594485387,400
active_recovery,4,325,2.91,1.018612017811594,4.789732618854779,400
active_recovery,4,326,2.97,1.0264901850290675,4.909197037285863,400
active_recovery,4,327,3.235,1.0335805355247834,5.325930609321524,400
active_recovery,4,328,3.28,1.0399618509709343,5.206960800118171,400
active_recovery,4,329,3.52,1.045705034872467,5.338890276247559,400
active_recovery,4,330,3.775,1.0508739003838476,6.338385678027547,400
active_recovery,4,331,3.83,1.0555258793440907,6.644737722773598,400
active_recovery,4,332,3.845,1.0597126604083122,6.437142233952362,400
active_recovery,4,333,4.0,1.0634807633661094,6.140822592888314,400
active_recovery,4,334,4.245,1.066872056028127,5.647732257048699,400
active_recovery,4,335,4.31,1.0699242194239422,6.0151524932067515,400
active_recovery,4,336,4.5,1.0726711664801798,6.2754234968207525,400
active_recovery,4,337,4.75,1.075143418830793,6.499261006290372,400
active_recovery,4,338,4.755,1.0773684459463384,6.381930048902816,400
active_recovery,4,339,4.81,1.0793709703503311,6.948676567368843,400
active_recovery,4,340,5.18,1.081173242313924,7.129604553985803,400
active_recovery,4,341,5.32,1.0827952870811595,7.313434487758957,400
active_recovery,4,342,5.76,1.0842551273716727,7.5534730943352075,400
active_recovery,4,343,6.16,1.085568983633134,8.421473575731241,400
active_recovery,4,344,6.34,1.0867514542684518,9.053970152386661,400
active_recovery,4,345,6.55,1.0878156778402366,10.438710723894888,400
active_recovery,4,346,6.59,1.088773479054841,9.107115432233169,400
active_recovery,4,347,6.725,1.0896355001479865,9.51997967669766,400
active_recovery,4,348,7.08,1.0904113191318117,9.539738646924887,400
active_recovery,4,349,7.165,1.0911095562172606,9.072786232196313,400
active_recovery,4,350,7.21,1.0917379695941583,9.373884565221251,400
active_recovery,4,351,7.295,1.0923035416333722,10.835238301096513,400
active_recovery,4,352,7.46,1.0928125564686635,12.082334460982164,400
active_recovery,4,353,7.535,1.0932706698204282,11.799641059666728,400
active_recovery,4,354,7.32,1.0936829718370107,13.124691488091914,400
active_recovery,4,355,7.31,1.0940540436519375,12.597293226035864,400
active_recovery,4,356,7.1,1.0943880082853723,12.304078707308602,400
active_recovery,4,357,7.41,1.0946885764554648,10.724049739459097,400
active_recovery,4,358,7.425,1.094959087808545,11.361769671325815,400
active_recovery,4,359,7.64,1.0952025480263181,11.005573645713124,400
active_recovery,4,360,7.585,1.0954216622223134,10.97289025167094,400
active_recovery,4,361,7.63,1.0956188649987122,12.023108267669071,400
active_recovery,4,362,8.035,1.0957963474974708,11.933366265503608,400
active_recovery,4,363,8.175,1.0959560817463536,12.217880219876868,400
active_recovery,4,364,8.385,1.0960998425703468,13.924556051083481,400
active_recovery,4,365,8.555,1.0962292273119363,15.210106624296406,400
active_recovery,4,366,8.655,1.0963456735793686,13.985621475672403,400
active_recovery,4,367,8.605,1.096450475220065,13.51606416817517,400
active_recovery,4,368,8.905,1.0965447966966855,13.199724480737972,400
active_recovery,4,369,9.215,1.096629686025646,12.433821440643477,400
active_recovery,4,370,9.595,1.0967060864217097,13.757720533700352,400
active_recovery,4,371,9.72,1.0967748467781682,13.933439047112387,400
active_recovery,4,372,9.575,1.096836731098981,15.34013579706048,400
active_recovery,4,373,9.705,1.0968924269877112,15.156018267099133,400
active_recovery,4,374,9.055,1.0969425532875672,13.468124110412704,400
active_recovery,4,375,9.44,1.0969876669574399,13.048752404709472,400
active_recovery,4,376,9.93,1.097028269260324,13.313226412333304,400
active_recovery,4,377,9.79,1.0970648113329118,13.53572920342138,400
active_recovery,4,378,10.14,1.097097699198258,13.394643985533381,400
active_recovery,4,379,10.435,1.0971272982770572,14.092562620484856,400
active_recovery,4,380,10.22,1.0971539374479837,14.170502628536967,400
active_recovery,4,381,10.13,1.0971779127018082,14.773149065578231,400
active_recovery,4,382,10.225,1.0971994904302549,15.079254753859148,400
active_recovery,4,383,10.35,1.097218910385862,14.072582515190081,400
active_recovery,4,384,10.445,1.0972363883459053,12.907023445273142,400
active_recovery,4,385,10.66,1.0972521185099438,13.531661502666616,400
active_recovery,4,386,10.675,1.097266275657576,12.445383907693492,400
active_recovery,4,387,10.395,1.097279017090444,13.013115835611675,400
active_recovery,4,388,9.925,1.0972904843800277,12.609638807732832,400
active_recovery,4,389,10.09,1.0973008049406547,12.636029262998516,400
active_recovery,4,390,10.095,1.0973100934452158,11.933608408579646,400
active_recovery,4,391,10.32,1.0973184530993212,11.660068115244771,400
active_recovery,4,392,10.52,1.097325976788019,11.86253970862621,400
active_recovery,4,393,10.635,1.0973327481078463,12.442090993381225,400
active_recovery,4,394,10.79,1.0973388422956907,13.785061032792301,400
active_recovery,4,395,11.075,1.0973443270647514,12.68661687693085,400
active_recovery,4,396,11.085,1.0973492633569002,14.670568446364234,400
active_recovery,4,397,11.095,1.0973537060198384,14.489059880684794,400
active_recovery,4,398,11.13,1.097357704416485,15.21604115157565,400
active_recovery,4,399,10.915,1.0973613029734628,14.424265978963748,400
active_recovery,4,400,10.905,1.0973645416747486,13.938754620369325,400
active_recovery,4,401,10.85,1.0973674565058997,14.295126475752408,400
active_recovery,4,402,10.86,1.0973700798539368,14.286510384327327,400
active_recovery,4,403,11.005,1.097372440867173,14.064216382991287,400
active_recovery,4,404,11.39,1.0973745657790837,14.696263889294206,400
active_recovery,4,405,11.515,1.0973764781998017,15.784711619750864,400
active_recovery,4,406,11.245,1.097378199378456,14.704214957442582,400
active_recovery,4,407,11.485,1.0973797484392358,14.144286082518262,400
active_recovery,4,408,11.635,1.0973811425939368,14.89167580873498,400
active_recovery,4,409,12.255,1.0973823973331736,14.81400140273629,400
active_recovery,4,410,12.555,1.0973835265984864,14.638669180863086,400
active_recovery,4,411,12.585,1.0973845429372628,15.147093098114267,400
active_recovery,4,412,12.59,1.0973854576421709,15.486563217658867,400
active_recovery,4,413,12.44,1.097386280876581,16.09115029862764,400
active_recovery,4,414,12.295,1.097387021787549,16.020903268623236,400
active_recovery,4,415,12.09,1.0973876886074214,14.960207499757743,400
active_recovery,4,416,12.075,1.0973882887453121,14.942166778676206,400
active_recovery,4,417,12.31,1.0973888288694018,15.389514630554343,400
active_recovery,4,418,12.625,1.097389314981094,15.688074435068065,400
active_recovery,4,419,13.205,1.0973897524816165,16.475386857452307,400
active_recovery,4,420,13.775,1.097390146232079,17.095477976628956,400
active_recovery,4,421,14.155,1.0973905006074967,17.609728058683196,400
active_recovery,4,422,14.02,1.0973908195453783,17.77328518888717,400
active_recovery,4,423,14.06,1.0973911065894708,17.51833550054945,400
active_recovery,4,424,13.805,1.0973913649291518,18.78532667944696,400
active_recovery,4,425,13.9,1.0973915974348654,18.474219536566043,400
active_recovery,4,426,13.62,1.09739180669,18.79970724502722,400
active_recovery,4,427,13.79,1.0973919950196342,17.768296701487216,400
active_recovery,4,428,13.905,1.0973921645162963,19.135539425443145,400
active_recovery,4,429,14.5,1.0973923170632973,19.94224146568525,400
active_recovery,4,430,14.315,1.0973924543555902,19.1432067115879,400
active_recovery,4,431,14.175,1.0973925779186633,20.11866015073411,400
active_recovery,4,432,14.295,1.0973926891254255,20.34273277927833,400
active_recovery,4,433,14.195,1.0973927892115125,20.550813578649787,400
active_recovery,4,434,14.095,1.0973928792889887,21.130777640527803,400
active_recovery,4,435,14.4,1.0973929603587218,20.03764664670477,400
active_recovery,4,436,14.545,1.0973930333214732,19.16450293076162,400
active_recovery,4,437,15.03,1.0973930989879528,19.92864248927787,400
active_recovery,4,438,15.715,1.0973931580877905,20.449477188158976,400
active_recovery,4,439,16.77,1.0973932112776377,24.13032815081991,400
active_recovery,4,440,17.42,1.097393259148502,22.861570180722946,400
active_recovery,4,441,17.58,1.0973933022322766,25.657265492371256,400
active_recovery,4,442,17.6,1.0973933410076804,24.818509600038254,400
active_recovery,4,443,17.785,1.0973933759055383,25.13322332513482,400
active_recovery,4,444,17.25,1.0973934073136138,26.8924616855579,400
active_recovery,4,445,17.045,1.0973934355808852,24.43716891899048,400
active_recovery,4,446,16.89,1.0973934610214218,24.37487646964555,400
active_recovery,4,447,17.64,1.0973934839179047,23.404927622676816,400
active_recovery,4,448,17.36,1.097393504524745,22.93104384104147,400
active_recovery,4,449,17.345,1.0973935230708982,22.867908944596834,400
active_recovery,4,450,17.26,1.0973935397624373,23.121551655003117,400
active_recovery,4,451,16.87,1.0973935547848235,23.04750379032895,400
active_recovery,4,452,16.43,1.0973935683049705,25.604320441054977,400
active_recovery,4,453,16.545,1.0973935804730974,24.118419397711047,400
active_recovery,4,454,15.955,1.0973935914244195,24.27141128028468,400
active_recovery,4,455,16.17,1.0973936012806045,24.446120067920226,400
active_recovery,4,456,16.695,1.0973936101511648,23.31973436184307,400
active_recovery,4,457,17.265,1.0973936181346808,24.14172421648597,400
active_recovery,4,458,18.56,1.0973936253198409,23.53645705756016,400
active_recovery,4,459,19.025,1.097393631786489,25.038781009388437,400
active_recovery,4,460,19.025,1.097393637606469,22.795202780674867,400
active_recovery,4,461,18.84,1.097393642844447,24.44556671173431,400
active_recovery,4,462,19.0,1.0973936475586301,25.257695198643383,400
active_recovery,4,463,18.8,1.0973936518013976,23.793132560568182,400
active_recovery,4,464,19.175,1.0973936556198876,27.75103096620406,400
active_recovery,4,465,19.54,1.0973936590565274,25.19698458763981,400
active_recovery,4,466,20.035,1.0973936621494997,27.449109196215474,400
active_recovery,4,467,20.47,1.0973936649331804,28.541188009078347,400
active_recovery,4,468,20.43,1.0973936674384879,29.142786201735795,400
active_recovery,4,469,20.335,1.0973936696932662,26.487428882119026,400
active_recovery,4,470,19.84,1.0973936717225734,26.042375408612468,400
active_recovery,4,471,19.775,1.0973936735489427,24.65411488056646,400
active_recovery,4,472,20.185,1.0973936751926785,25.852374941673183,400
active_recovery,4,473,20.535,1.097393676672037,26.05498410145323,400
active_recovery,4,474,20.78,1.0973936780034594,27.102453747159448,400
active_recovery,4,475,20.95,1.0973936792017445,28.51519353431036,400
active_recovery,4,476,21.035,1.097393680280196,27.90628650417384,400
active_recovery,4,477,21.545,1.0973936812508052,28.032122275565346,400
active_recovery,4,478,21.7,1.097393682124356,26.752868314081564,400
active_recovery,4,479,21.415,1.0973936829105417,26.62617464363379,400
active_recovery,4,480,20.38,1.0973936836181177,25.85603637282916,400
active_recovery,4,481,20.525,1.0973936842549377,26.717858918525224,400
active_recovery,4,482,21.115,1.0973936848280712,27.97800979704206,400
active_recovery,4,483,21.23,1.0973936853438906,27.693540317888527,400
active_recovery,4,484,21.415,1.097393685808135,28.28563414875271,400
active_recovery,4,485,20.895,1.0973936862259486,28.22451084648795,400
active_recovery,4,486,20.715,1.0973936866019796,28.933178785867582,400
active_recovery,4,487,19.865,1.0973936869404086,29.12418189824341,400
active_recovery,4,488,19.56,1.0973936872449994,27.987340695138123,400
active_recovery,4,489,19.27,1.0973936875191261,27.326368013397946,400
active_recovery,4,490,18.92,1.0973936877658415,27.547733268133168,400
active_recovery,4,491,19.385,1.0973936879878865,25.990032253933787,400
active_recovery,4,492,19.425,1.0973936881877224,28.413194540741138,400
active_recovery,4,493,20.09,1.0973936883675808,27.042834714861243,400
active_recovery,4,494,19.825,1.0973936885294533,26.786076072421324,400
active_recovery,4,495,19.76,1.0973936886751325,25.262699053805576,400
active_recovery,4,496,20.58,1.0973936888062512,26.962557422040966,400
active_recovery,4,497,20.94,1.097393688924253,26.282776688119185,400
active_recovery,4,498,21.465,1.0973936890304563,28.243103836018403,400
active_recovery,4,499,21.715,1.09739368912604,28.57782408073955,400
active_recovery,4,500,21.79,1.097393689212066,27.25695780156511,400
active_recovery,4,501,21.785,1.0973936892894858,25.700040871978594,400
active_recovery,4,502,21.465,1.0973936893591612,27.055148651947405,400
active_recovery,4,503,21.58,1.097393689421875,28.853146097053813,400
active_recovery,4,504,21.175,1.097393689478315,27.06277375067812,400
active_recovery,4,505,21.14,1.0973936895291145,28.475994329172178,400
active_recovery,4,506,20.985,1.0973936895748315,27.437932394538738,400
active_recovery,4,507,21.12,1.0973936896159773,27.17483641163056,400
active_recovery,4,508,22.465,1.0973936896530063,26.261144677382312,400
active_recovery,4,509,23.555,1.0973936896863337,28.11880218620805,400
active_recovery,4,510,24.47,1.0973936897163312,30.041377081419732,400
active_recovery,4,511,24.51,1.097393689743323,30.64953582069942,400
active_recovery,4,512,24.355,1.0973936897676213,29.24982993884158,400
active_recovery,4,513,23.3,1.0973936897894887,29.79896420506767,400
active_recovery,4,514,22.285,1.0973936898091674,29.355411372007193,400
active_recovery,4,515,21.8,1.0973936898268744,27.480218434999276,400
active_recovery,4,516,21.715,1.0973936898428187,30.06126344633194,400
active_recovery,4,517,21.795,1.097393689857161,29.264301844361245,400
active_recovery,4,518,22.08,1.097393689870078,30.062611758456576,400
active_recovery,4,519,22.395,1.0973936898816952,30.917356216033735,400
active_recovery,4,520,22.915,1.0973936898921528,30.055160933351996,400
active_recovery,4,521,22.275,1.0973936899015673,29.147037492928607,400
active_recovery,4,522,22.0,1.0973936899100367,28.32692940189988,400
active_recovery,4,523,21.725,1.0973936899176644,27.81400432146448,400
active_recovery,4,524,22.165,1.0973936899245273,30.91413623714079,400
active_recovery,4,525,22.455,1.0973936899307013,30.48530971634047,400
active_recovery,4,526,22.815,1.0973936899362589,32.36282088852134,400
active_recovery,4,527,23.06,1.0973936899412615,30.68433126596028,400
active_recovery,4,528,23.045,1.0973936899457652,29.411661103856048,400
active_recovery,4,529,22.98,1.0973936899498165,30.942662910879452,400
active_recovery,4,530,22.505,1.0973936899534642,28.958188483461843,400
active_recovery,4,531,22.22,1.097393689956747,28.371477591209104,400
active_recovery,4,532,22.46,1.0973936899597012,31.299996808372104,400
active_recovery,4,533,22.69,1.0973936899623573,30.997917744676595,400
active_recovery,4,534,22.545,1.0973936899647507,31.439420151131998,400
active_recovery,4,535,22.31,1.0973936899669012,28.90702413128261,400
active_recovery,4,536,22.975,1.0973936899688377,29.20602032723899,400
active_recovery,4,537,23.65,1.0973936899705827,30.26751030638109,400
active_recovery,4,538,24.71,1.0973936899721555,30.0662844353778,400
active_recovery,4,539,25.585,1.0973936899735688,31.69904603048715,400
active_recovery,4,540,25.445,1.0973936899748369,34.429476852576016,400
active_recovery,4,541,24.755,1.0973936899759804,33.77431022682561,400
active_recovery,4,542,23.61,1.0973936899770138,34.0600883699283,400
active_recovery,4,543,22.825,1.0973936899779353,31.105295080508675,400
active_recovery,4,544,22.6,1.0973936899787762,31.623165275425933,400
active_recovery,4,545,24.29,1.0973936899795238,30.632130200555316,400
active_recovery,4,546,25.04,1.097393689980201,31.195219933747694,400
active_recovery,4,547,25.915,1.097393689980811,31.697698834450424,400
active_recovery,4,548,25.98,1.0973936899813581,31.633459776489065,400
active_recovery,4,549,24.905,1.097393689981851,31.81925849046029,400
active_recovery,4,550,23.785,1.0973936899822931,31.66150523326727,400
active_recovery,4,551,22.955,1.0973936899826937,29.910526711820605,400
active_recovery,4,552,22.335,1.097393689983048,30.530100173837145,400
active_recovery,4,553,22.295,1.0973936899833712,27.80779663795351,400
active_recovery,4,554,22.5,1.0973936899836667,29.372575189609595,400
active_recovery,4,555,22.655,1.097393689983925,29.249928565432928,400
active_recovery,4,556,23.175,1.0973936899841639,29.73910028840297,400
active_recovery,4,557,23.935,1.097393689984372,29.376563884304307,400
active_recovery,4,558,25.26,1.0973936899845655,31.56549754377885,400
active_recovery,4,559,26.14,1.097393689984731,31.441420655140718,400
active_recovery,4,560,26.83,1.097393689984888,32.61175139383873,400
active_recovery,4,561,26.65,1.097393689985031,33.276126544618144,400
active_recovery,4,562,26.295,1.0973936899851549,32.34714969902722,400
active_recovery,4,563,25.46,1.0973936899852688,31.29998103075631,400
active_recovery,4,564,24.75,1.097393689985373,30.42818808430969,400
active_recovery,4,565,24.515,1.0973936899854577,29.52572199492108,400
active_recovery,4,566,24.055,1.097393689985543,28.611816969806174,400
active_recovery,4,567,24.07,1.0973936899856163,29.682578536561984,400
active_recovery,4,568,24.955,1.097393689985682,29.934644369475567,400
active_recovery,4,569,25.36,1.097393689985744,31.984182483728603,400
active_recovery,4,570,24.97,1.0973936899857997,31.540481882282755,400
active_recovery,4,571,24.605,1.0973936899858419,31.88559392653159,400
active_recovery,4,572,24.3,1.0973936899858925,31.01942392398637,400
active_recovery,4,573,24.12,1.0973936899859278,32.369240375057174,400
active_recovery,4,574,23.435,1.0973936899859642,30.233522176547176,400
active_recovery,4,575,23.29,1.097393689985998,30.075387091059447,400
active_recovery,4,576,23.17,1.0973936899860282,29.488433802233935,400
active_recovery,4,577,23.525,1.0973936899860548,30.152985070181185,400
active_recovery,4,578,23.82,1.097393689986073,30.997485540571386,400
active_recovery,4,579,24.115,1.0973936899860959,28.977221006462738,400
active_recovery,4,580,24.76,1.0973936899861112,29.129176747123456,400
active_recovery,4,581,25.175,1.0973936899861296,29.78150887046371,400
active_recovery,4,582,25.55,1.0973936899861456,31.156494865934174,400
active_recovery,4,583,25.505,1.0973936899861583,31.482955991469062,400
active_recovery,4,584,24.455,1.097393689986178,32.684611216950366,400
active_recovery,4,585,23.615,1.097393689986183,30.680912443532666,400
active_recovery,4,586,22.955,1.0973936899861911,31.673625467927817,400
active_recovery,4,587,22.93,1.0973936899862018,29.04255707643445,400
active_recovery,4,588,23.49,1.0973936899862116,29.516672701541893,400
active_recovery,4,589,24.51,1.097393689986215,28.407754198164863,400
active_recovery,4,590,25.865,1.0973936899862242,28.466649337417685,400
active_recovery,4,591,26.865,1.09739368998623,31.21800954636143,400
active_recovery,4,592,27.245,1.097393689986234,29.355023991529936,400
active_recovery,4,593,27.545,1.0973936899862358,33.37418348221254,400
active_recovery,4,594,26.76,1.0973936899862446,31.51523266653157,400
active_recovery,4,595,26.305,1.0973936899862504,33.898565359893745,400
active_recovery,4,596,26.21,1.0973936899862504,35.16003974754773,400
active_recovery,4,597,26.245,1.0973936899862573,31.626465014968126,400
active_recovery,4,598,26.535,1.0973936899862557,31.64604735444748,400
active_recovery,4,599,28.61,1.0973936899862646,30.44044665776401,400
active_recovery,4,600,29.93,1.0973936899862662,31.58397733747436,400
sensing_disabled,1,0,1.57,0.0,0.0,400
sensing_disabled,1,1,1.585,0.10973936899863262,0.9,400
sensing_disabled,1,2,1.715,0.20850480109739625,1.6565625,400
sensing_disabled,1,3,1.715,0.29739368998628285,1.9074726562499997,400
sensing_disabled,1,4,1.75,0.3773936899862812,2.0665265625,400
sensing_disabled,1,5,1.725,0.4493936899862813,2.3720945251464847,400
sensing_disabled,1,6,1.785,0.5141936899862821,2.614781740951538,400
sensing_disabled,1,7,1.825,0.5725136899862822,2.878486521302891,400
sensing_disabled,1,8,1.84,0.6250016899862832,3.3419063698073317,400
sensing_disabled,1,9,1.88,0.6722408899862806,3.2374997037044344,400
sensing_disabled,1,10,1.94,0.714756169986283,4.013900845877265,400
sensing_disabled,1,11,2.045,0.7530199219862824,4.072886122677779,400
sensing_disabled,1,12,2.245,0.7874572987862841,4.177559056026542,400
sensing_disabled,1,13,2.32,0.8184509379062815,4.801974144927515,400
sensing_disabled,1,14,2.39,0.8463452131142822,5.2960037438299405,400
sensing_disabled,1,15,2.65,0.8714500608014814,6.627868635518555,400
sensing_disabled,1,16,2.685,0.8940444237199591,6.5505280022325225,400
sensing_disabled,1,17,2.755,0.914379350346596,6.315420841667963,400
sensing_disabled,1,18,2.7,0.9326807843105641,6.191298923271368,400
sensing_disabled,1,19,2.85,0.949152074878138,6.729641140586742,400
sensing_disabled,1,20,2.99,0.9639762363889491,6.976549664709641,400
sensing_disabled,1,21,3.245,0.9773179817486788,8.286404805073504,400
sensing_disabled,1,22,3.555,0.9893255525724425,8.053305643037161,400
sensing_disabled,1,23,3.645,1.0001323663138242,7.745537359452465,400
sensing_disabled,1,24,3.84,1.0098584986810735,7.792643278444422,400
sensing_disabled,1,25,3.965,1.0186120178115943,7.547835470353917,400
sensing_disabled,1,26,4.26,1.0264901850290662,8.020135904403645,400
sensing_disabled,1,27,4.435,1.0335805355247867,8.050016497493631,400
sensing_disabled,1,28,4.6,1.0399618509709372,8.716455061165917,400
sensing_disabled,1,29,4.89,1.045705034872469,8.930322990283539,400
sensing_disabled,1,30,5.015,1.0508739003838512,8.890991211664087,400
sensing_disabled,1,31,5.3,1.0555258793440927,10.143314177142463,400
sensing_disabled,1,32,5.385,1.0597126604083134,9.492310786023388,400
sensing_disabled,1,33,5.595,1.063480763366112,9.648031596908494,400
sensing_disabled,1,34,5.755,1.0668720560281273,10.226591875310334,400
sensing_disabled,1,35,5.855,1.0699242194239418,10.334372103071345,400
sensing_disabled,1,36,6.31,1.072671166480176,11.305936790524408,400
sensing_disabled,1,37,6.895,1.0751434188307851,12.84707622054577,400
sensing_disabled,1,38,7.005,1.0773684459463395,12.58120712161559,400
sensing_disabled,1,39,7.085,1.0793709703503291,13.348378469846793,400
sensing_disabled,1,40,7.06,1.0811732423139289,12.338907288444592,400
sensing_disabled,1,41,6.795,1.0827952870811621,13.093175191647644,400
sensing_disabled,1,42,6.885,1.084255127371675,11.832238133416109,400
sensing_disabled,1,43,7.2,1.0855689836331346,12.590280380035319,400
sensing_disabled,1,44,7.67,1.0867514542684475,13.185759424277542,400
sensing_disabled,1,45,8.235,1.0878156778402344,12.994790797763079,400
sensing_disabled,1,46,8.67,1.0887734790548371,14.133987587595191,400
sensing_disabled,1,47,8.73,1.0896355001479776,14.886529944315688,400
sensing_disabled,1,48,8.9,1.0904113191318097,15.163780748043083,400
sensing_disabled,1,49,9.065,1.091109556217262,15.903346112930391,400
sensing_disabled,1,50,9.235,1.0917379695941642,13.967298843559236,400
sensing_disabled,1,51,9.235,1.0923035416333746,14.18741368351044,400
sensing_disabled,1,52,9.405,1.0928125564686648,13.867824103274312,400
sensing_disabled,1,53,9.86,1.0932706698204273,14.351326526188819,400
sensing_disabled,1,54,10.175,1.0936829718370142,15.675792793801671,400
sensing_disabled,1,55,10.155,1.0940540436519435,15.598688554005436,400
sensing_disabled,1,56,10.035,1.0943880082853752,15.48716846398342,400
sensing_disabled,1,57,9.88,1.0946885764554637,16.121668208139116,400
sensing_disabled,1,58,9.76,1.0949590878085425,15.600197420842505,400
sensing_disabled,1,59,9.845,1.0952025480263246,14.676693175186037,400
sensing_disabled,1,60,9.705,1.0954216622223147,14.644089745195071,400
sensing_disabled,1,61,9.83,1.0956188649987098,15.04510882356753,400
sensing_disabled,1,62,10.335,1.0957963474974666,14.697439850597965,400
sensing_disabled,1,63,10.995,1.0959560817463487,16.8546155734373,400
sensing_disabled,1,64,11.565,1.096099842570346,15.883681178353639,400
sensing_disabled,1,65,12.14,1.0962292273119367,16.551169312220736,400
sensing_disabled,1,66,12.495,1.0963456735793748,16.21933684326009,400
sensing_disabled,1,67,12.45,1.0964504752200634,17.516364572769024,400
sensing_disabled,1,68,12.27,1.0965447966966866,16.78234158680496,400
sensing_disabled,1,69,12.39,1.096629686025644,17.826188836309544,400
sensing_disabled,1,70,12.4,1.0967060864217053,17.699808158287404,400
sensing_disabled,1,71,12.83,1.0967748467781648,16.687151776120412,400
sensing_disabled,1,72,12.95,1.0968367310989782,16.85668439743153,400
sensing_disabled,1,73,13.185,1.0968924269877096,17.526075965793947,400
sensing_disabled,1,74,13.31,1.0969425532875638,18.50576562207298,400
sensing_disabled,1,75,13.305,1.0969876669574374,18.858094369381206,400
sensing_disabled,1,76,13.135,1.0970282692603228,18.789595557701062,400
sensing_disabled,1,77,12.335,1.0970648113329162,17.522815691627482,400
sensing_disabled,1,78,11.825,1.097097699198256,17.641276591570396,400
sensing_disabled,1,79,11.525,1.0971272982770572,18.314505117840636,400
sensing_disabled,1,80,11.84,1.0971539374479802,17.176364477736836,400
sensing_disabled,1,81,12.755,1.0971779127018075,17.03926131908969,400
sensing_disabled,1,82,13.27,1.0971994904302604,17.554800831710484,400
sensing_disabled,1,83,13.785,1.097218910385858,17.230796204471822,400
sensing_disabled,1,84,14.455,1.0972363883459009,17.941311856295506,400
sensing_disabled,1,85,14.345,1.09725211850994,19.17754446483422,400
sensing_disabled,1,86,14.74,1.097266275657574,17.134499295691786,400
sensing_disabled,1,87,14.225,1.0972790170904503,17.22095606516059,400
sensing_disabled,1,88,13.995,1.0972904843800269,17.69221366773722,400
sensing_disabled,1,89,13.895,1.0973008049406558,17.54903434756099,400
sensing_disabled,1,90,13.77,1.0973100934452156,16.71622097896313,400
sensing_disabled,1,91,14.11,1.0973184530993225,17.29711034590019,400
sensing_disabled,1,92,14.585,1.0973259767880201,19.059079641756327,400
sensing_disabled,1,93,15.095,1.0973327481078452,18.6008348412435,400
sensing_disabled,1,94,15.6,1.0973388422956902,20.334432970774504,400
sensing_disabled,1,95,15.805,1.0973443270647498,20.398013255605132,400
sensing_disabled,1,96,15.505,1.0973492633569046,19.795289089062663,400
sensing_disabled,1,97,15.305,1.097353706019842,20.92185440541732,400
sensing_disabled,1,98,15.35,1.097357704416491,19.850812844459917,400
sensing_disabled,1,99,15.31,1.0973613029734635,19.360984934529778,400
sensing_disabled,1,100,15.41,1.0973645416747466,18.765559438718807,400
sensing_disabled,1,101,15.255,1.0973674565059002,18.68368229782049,400
sensing_disabled,1,102,15.245,1.0973700798539372,18.497012097917118,400
sensing_disabled,1,103,14.925,1.0973724408671748,20.83917024952382,400
sensing_disabled,1,104,14.63,1.0973745657790848,19.365086886342528,400
sensing_disabled,1,105,14.75,1.0973764781998043,20.00286961584285,400
sensing_disabled,1,106,14.68,1.097378199378453,19.909198213400817,400
sensing_disabled,1,107,14.915,1.0973797484392351,20.06832195321759,400
sensing_disabled,1,108,15.03,1.0973811425939415,20.190091863219717,400
sensing_disabled,1,109,14.595,1.0973823973331722,19.34640745201021,400
sensing_disabled,1,110,14.43,1.097383526598487,18.896172974974434,400
sensing_disabled,1,111,14.655,1.097384542937263,19.376868687806464,400
sensing_disabled,1,112,14.53,1.0973854576421653,18.90057937770543,400
sensing_disabled,1,113,14.66,1.0973862808765742,19.259976798222432,400
sensing_disabled,1,114,14.78,1.0973870217875459,18.66017441904199,400
sensing_disabled,1,115,15.07,1.0973876886074196,19.33427601078851,400
sensing_disabled,1,116,14.9,1.0973882887453066,18.757251007312085,400
sensing_disabled,1,117,14.47,1.0973888288694043,19.132230551337646,400
sensing_disabled,1,118,14.065,1.0973893149810967,20.240620621076886,400
sensing_disabled,1,119,14.02,1.097389752481613,18.44256256044604,400
sensing_disabled,1,120,14.29,1.0973901462320785,18.24419463899044,400
sensing_disabled,1,121,14.77,1.0973905006075002,17.563895008871675,400
sensing_disabled,1,122,15.115,1.0973908195453757,18.31126288226581,400
sensing_disabled,1,123,15.645,1.0973911065894695,18.41080737554658,400
sensing_disabled,1,124,15.84,1.0973913649291533,19.72831855655765,400
sensing_disabled,1,125,16.145,1.097391597434863,18.181722870974205,400
sensing_disabled,1,126,16.29,1.0973918066900104,18.049984524407776,400
sensing_disabled,1,127,16.195,1.0973919950196334,17.877139513191633,400
sensing_disabled,1,128,16.275,1.097392164516299,19.011518425607928,400
sensing_disabled,1,129,15.86,1.097392317063303,19.186866838153822,400
sensing_disabled,1,130,15.54,1.0973924543555942,19.438371274326887,400
sensing_disabled,1,131,15.375,1.0973925779186604,20.848716732093326,400
sensing_disabled,1,132,15.405,1.0973926891254242,20.279561942748916,400
sensing_disabled,1,133,15.42,1.097392789211512,19.433419711863056,400
sensing_disabled,1,134,15.01,1.0973928792889935,20.13092756466676,400
sensing_disabled,1,135,15.145,1.0973929603587176,18.124525957924153,400
sensing_disabled,1,136,15.135,1.0973930333214783,19.499263836834626,400
sensing_disabled,1,137,15.82,1.0973930989879528,19.52173234404962,400
sensing_disabled,1,138,16.445,1.0973931580877894,19.805443444346462,400
sensing_disabled,1,139,16.485,1.0973932112776346,21.347195464007104,400
sensing_disabled,1,140,16.355,1.0973932591485052,20.691529849739588,400
sensing_disabled,1,141,16.55,1.0973933022322768,20.771263171085202,400
sensing_disabled,1,142,16.505,1.0973933410076777,20.67504103095893,400
sensing_disabled,1,143,15.875,1.0973933759055412,20.810809167462047,400
sensing_disabled,1,144,16.065,1.0973934073136116,21.791452793352892,400
sensing_disabled,1,145,15.695,1.09739343558088,21.776727957600336,400
sensing_disabled,1,146,15.81,1.0973934610214229,22.924536786148455,400
sensing_disabled,1,147,16.06,1.0973934839179103,22.290537758604838,400
sensing_disabled,1,148,16.395,1.0973935045247443,21.977413433931837,400
sensing_disabled,1,149,16.65,1.0973935230708967,23.293725116490435,400
sensing_disabled,1,150,17.175,1.0973935397624388,22.598027930208588,400
sensing_disabled,1,151,17.21,1.0973935547848273,24.13279032996471,400
sensing_disabled,1,152,16.985,1.0973935683049725,23.179562613476808,400
sensing_disabled,1,153,16.525,1.0973935804730985,22.46804179288559,400
sensing_disabled,1,154,16.1,1.097393591424415,21.65236220993353,400
sensing_disabled,1,155,16.205,1.097393601280606,20.863832821032148,400
sensing_disabled,1,156,16.83,1.0973936101511725,21.179562013520922,400
sensing_disabled,1,157,17.98,1.0973936181346868,23.287197675481565,400
sensing_disabled,1,158,17.8,1.0973936253198442,23.86460352965157,400
sensing_disabled,1,159,18.06,1.0973936317864885,25.587771517882278,400
sensing_disabled,1,160,17.68,1.0973936376064675,23.21395307926417,400
sensing_disabled,1,161,17.675,1.0973936428444457,24.387680762360933,400
sensing_disabled,1,162,17.835,1.097393647558629,23.394892163714367,400
sensing_disabled,1,163,17.935,1.0973936518013967,25.847095238473766,400
sensing_disabled,1,164,18.35,1.0973936556198869,24.710709498321542,400
sensing_disabled,1,165,18.755,1.0973936590565267,26.11202457113022,400
sensing_disabled,1,166,18.545,1.0973936621495024,26.198737795547448,400
sensing_disabled,1,167,18.33,1.0973936649331766,25.012711918237017,400
sensing_disabled,1,168,18.105,1.097393667438489,23.71146032964852,400
sensing_disabled,1,169,18.225,1.09739366969327,23.52867464278324,400
sensing_disabled,1,170,18.145,1.0973936717225694,23.689483328450603,400
sensing_disabled,1,171,19.05,1.0973936735489445,23.08125560348159,400
sensing_disabled,1,172,19.685,1.097393675192676,24.162955195253677,400
sensing_disabled,1,173,19.96,1.0973936766720385,24.299959239622815,400
sensing_disabled,1,174,20.655,1.0973936780034612,25.466884580209296,400
sensing_disabled,1,175,20.375,1.0973936792017451,26.139531143622357,400
sensing_disabled,1,176,19.87,1.0973936802801976,26.082117755679082,400
sensing_disabled,1,177,19.495,1.0973936812508056,25.256694055137622,400
sensing_disabled,1,178,19.38,1.0973936821243548,24.02956901882554,400
sensing_disabled,1,179,18.95,1.0973936829105453,23.500467088200626,400
sensing_disabled,1,180,18.715,1.0973936836181195,23.810082379361894,400
sensing_disabled,1,181,18.93,1.0973936842549417,22.661668207364638,400
sensing_disabled,1,182,19.62,1.097393684828069,24.283037009722584,400
sensing_disabled,1,183,20.125,1.0973936853438913,24.473662375537813,400
sensing_disabled,1,184,19.62,1.0973936858081341,25.897718533018676,400
sensing_disabled,1,185,19.45,1.0973936862259446,24.561707404796973,400
sensing_disabled,1,186,19.67,1.0973936866019793,24.972382914061782,400
sensing_disabled,1,187,19.64,1.0973936869404104,23.347563491486657,400
sensing_disabled,1,188,19.14,1.097393687245,24.179259068884303,400
sensing_disabled,1,189,19.1,1.0973936875191266,23.36906819682279,400
sensing_disabled,1,190,19.145,1.0973936877658426,24.161194989571467,400
sensing_disabled,1,191,19.905,1.0973936879878836,24.940334787387,400
sensing_disabled,1,192,19.61,1.09739368818773,24.51267089211673,400
sensing_disabled,1,193,19.935,1.0973936883675781,26.05820933190925,400
sensing_disabled,1,194,19.735,1.0973936885294515,23.998868828383085,400
sensing_disabled,1,195,19.785,1.097393688675138,24.20257546906185,400
sensing_disabled,1,196,20.31,1.0973936888062485,23.124040991451807,400
sensing_disabled,1,197,20.17,1.0973936889242524,24.19849934241472,400
sensing_disabled,1,198,19.755,1.0973936890304565,24.19221426802463,400
sensing_disabled,1,199,19.305,1.0973936891260405,24.000198920811318,400
sensing_disabled,1,200,18.595,1.0973936892120637,21.953284207255845,400
sensing_disabled,1,201,19.145,1.097393689289488,23.544685542513264,400
sensing_disabled,1,202,20.07,1.0973936893591598,24.301818415661774,400
sensing_disabled,1,203,20.07,1.0973936894218725,23.513160568791125,400
sensing_disabled,1,204,20.17,1.0973936894783116,24.32422603092425,400
sensing_disabled,1,205,20.2,1.097393689529117,23.92811650881057,400
sensing_disabled,1,206,20.735,1.0973936895748295,23.88521903990131,400
sensing_disabled,1,207,21.19,1.0973936896159775,27.81577666336323,400
sensing_disabled,1,208,20.68,1.097393689653006,24.957980303594514,400
sensing_disabled,1,209,20.005,1.097393689686337,25.794818102829005,400
sensing_disabled,1,210,19.71,1.097393689716329,25.313060670198954,400
sensing_disabled,1,211,19.295,1.0973936897433239,23.896200795585433,400
sensing_disabled,1,212,19.91,1.097393689767621,23.886361053426647,400
sensing_disabled,1,213,20.115,1.0973936897894874,24.03630310648578,400
sensing_disabled,1,214,20.73,1.0973936898091678,22.758913127297898,400
sensing_disabled,1,215,21.14,1.0973936898268755,23.887568115787708,400
sensing_disabled,1,216,21.02,1.0973936898428203,23.64143357138841,400
sensing_disabled,1,217,20.9,1.097393689857162,23.7564228915393,400
sensing_disabled,1,218,20.455,1.0973936898700782,24.32183469710752,400
sensing_disabled,1,219,20.325,1.0973936898816967,24.220929580848413,400
sensing_disabled,1,220,19.73,1.097393689892156,25.843129828527392,400
sensing_disabled,1,221,19.835,1.0973936899015684,24.653981655213496,400
sensing_disabled,1,222,19.66,1.0973936899100423,25.085474950914403,400
sensing_disabled,1,223,20.195,1.097393689917664,25.61436878288012,400
sensing_disabled,1,224,20.77,1.0973936899245258,24.81759384245767,400
sensing_disabled,1,225,21.055,1.0973936899307015,24.80822557874112,400
sensing_disabled,1,226,21.02,1.0973936899362582,26.299298063514506,400
sensing_disabled,1,227,20.58,1.0973936899412589,25.46289029671151,400
sensing_disabled,1,228,20.26,1.0973936899457648,24.841718776534094,400
sensing_disabled,1,229,20.335,1.0973936899498151,24.724488911918684,400
sensing_disabled,1,230,21.255,1.0973936899534649,25.883006389013467,400
sensing_disabled,1,231,22.15,1.097393689956746,24.80675764525915,400
sensing_disabled,1,232,22.365,1.0973936899597025,25.98767701019253,400
sensing_disabled,1,233,22.36,1.0973936899623526,25.826403857956226,400
sensing_disabled,1,234,22.415,1.0973936899647512,25.56169067435428,400
sensing_disabled,1,235,22.365,1.0973936899669003,26.072953003216682,400
sensing_disabled,1,236,22.415,1.0973936899688403,24.74256264302237,400
sensing_disabled,1,237,22.245,1.0973936899705807,26.511593243947953,400
sensing_disabled,1,238,22.125,1.0973936899721588,27.447527719513307,400
sensing_disabled,1,239,21.84,1.0973936899735641,28.100550521354133,400
sensing_disabled,1,240,21.98,1.09739368997484,25.69335174731414,400
sensing_disabled,1,241,22.015,1.0973936899759795,26.18924217208919,400
sensing_disabled,1,242,22.29,1.0973936899770182,25.813867915927208,400
sensing_disabled,1,243,22.37,1.0973936899779426,26.688168097843743,400
sensing_disabled,1,244,23.58,1.097393689978777,25.912599518640103,400
sensing_disabled,1,245,24.215,1.0973936899795216,27.010340247509465,400
sensing_disabled,1,246,24.865,1.0973936899801977,27.55282802524578,400
sensing_disabled,1,247,24.47,1.0973936899808077,27.056185286652184,400
sensing_disabled,1,248,23.7,1.0973936899813552,27.985896159616946,400
sensing_disabled,1,249,22.895,1.09739368998185,28.35342974442531,400
sensing_disabled,1,250,22.425,1.0973936899822938,27.17369609676657,400
sensing_disabled,1,251,21.66,1.0973936899826902,26.097361209072595,400
sensing_disabled,1,252,21.73,1.0973936899830554,25.506358692287222,400
sensing_disabled,1,253,22.465,1.0973936899833745,25.90345418905591,400
sensing_disabled,1,254,22.545,1.0973936899836676,25.926173436042216,400
sensing_disabled,1,255,24.085,1.0973936899839254,27.03233636650731,400
sensing_disabled,1,256,25.12,1.0973936899841594,27.22996174522433,400
sensing_disabled,1,257,25.405,1.0973936899843773,27.089775492331267,400
sensing_disabled,1,258,24.91,1.0973936899845629,28.537234552796743,400
sensing_disabled,1,259,24.27,1.0973936899847396,26.92396590930938,400
sensing_disabled,1,260,23.43,1.0973936899848888,27.038491991887113,400
sensing_disabled,1,261,23.13,1.0973936899850274,28.000251748682686,400
sensing_disabled,1,262,22.585,1.0973936899851564,25.321923132814792,400
sensing_disabled,1,263,22.51,1.0973936899852652,27.006556648613376,400
sensing_disabled,1,264,23.92,1.0973936899853696,26.393503629374912,400
sensing_disabled,1,265,25.4,1.0973936899854577,27.28739953560831,400
sensing_disabled,1,266,26.52,1.0973936899855405,27.50231384618184,400
sensing_disabled,1,267,27.725,1.0973936899856171,29.88088972323265,400
sensing_disabled,1,268,27.72,1.0973936899856853,29.891795244696834,400
sensing_disabled,1,269,26.745,1.0973936899857428,29.618656020127155,400
sensing_disabled,1,270,25.69,1.0973936899857961,29.853384423261016,400
sensing_disabled,1,271,24.155,1.0973936899858492,28.34945002142323,400
sensing_disabled,1,272,23.44,1.0973936899858876,27.420193500530992,400
sensing_disabled,1,273,23.03,1.0973936899859262,28.81903921750186,400
sensing_disabled,1,274,22.66,1.0973936899859642,27.347370989396655,400
sensing_disabled,1,275,22.51,1.097393689985999,27.184506358542546,400
sensing_disabled,1,276,22.9,1.0973936899860255,27.548417944202182,400
sensing_disabled,1,277,22.89,1.0973936899860495,27.529172098750358,400
sensing_disabled,1,278,22.965,1.0973936899860783,28.394023671876486,400
sensing_disabled,1,279,23.14,1.0973936899860965,29.7779188103485,400
sensing_disabled,1,280,22.84,1.0973936899861108,29.85657853019658,400
sensing_disabled,1,281,22.82,1.0973936899861276,28.217136304975057,400
sensing_disabled,1,282,23.385,1.097393689986144,27.331476806254294,400
sensing_disabled,1,283,23.73,1.0973936899861623,30.904549053167205,400
sensing_disabled,1,284,23.87,1.0973936899861694,29.18071957275756,400
sensing_disabled,1,285,24.0,1.0973936899861823,28.375751476507833,400
sensing_disabled,1,286,23.805,1.0973936899861898,28.503753096080228,400
sensing_disabled,1,287,23.79,1.0973936899862051,29.659133480193308,400
sensing_disabled,1,288,23.84,1.097393689986209,29.592276952655226,400
sensing_disabled,1,289,23.805,1.0973936899862193,28.76170699629209,400
sensing_disabled,1,290,23.845,1.0973936899862193,30.274097642593564,400
sensing_disabled,1,291,23.5,1.0973936899862264,28.464002608288112,400
sensing_disabled,1,292,23.035,1.097393689986238,26.192662778901813,400
sensing_disabled,1,293,22.785,1.0973936899862395,24.93917569795228,400
sensing_disabled,1,294,23.27,1.0973936899862435,25.60212424131575,400
sensing_disabled,1,295,23.505,1.0973936899862473,27.034141262577187,400
sensing_disabled,1,296,24.045,1.0973936899862518,26.419352062057833,400
sensing_disabled,1,297,24.02,1.097393689986263,28.832033466534188,400
sensing_disabled,1,298,24.67,1.0973936899862597,26.958539485136452,400
sensing_disabled,1,299,24.545,1.0973936899862617,27.59403490728469,400
sensing_disabled,1,300,25.065,1.0973936899862582,27.439340817237188,400
sensing_disabled,1,301,0.68,0.109739368998634,0.675,400
sensing_disabled,1,302,0.915,0.20850480109739744,1.0293750000000002,400
sensing_disabled,1,303,1.47,0.2973936899862808,1.326515625,400
sensing_disabled,1,304,1.915,0.37739368998628126,1.8612259277343752,400
sensing_disabled,1,305,1.845,0.44939368998628193,2.1201416015625,400
sensing_disabled,1,306,1.685,0.5141936899862822,2.1093259497528076,400
sensing_disabled,1,307,1.49,0.5725136899862819,2.2165399705232622,400
sensing_disabled,1,308,1.415,0.625001689986282,2.293071550658827,400
sensing_disabled,1,309,1.455,0.6722408899862825,2.106650432406148,400
sensing_disabled,1,310,1.485,0.7147561699862812,1.9909042786444888,400
sensing_disabled,1,311,1.545,0.7530199219862819,2.0546098364658345,400
sensing_disabled,1,312,1.53,0.7874572987862836,2.2490692509375547,400
sensing_disabled,1,313,1.685,0.8184509379062825,2.501400115448404,400
sensing_disabled,1,314,1.73,0.8463452131142833,2.316188623231929,400
sensing_disabled,1,315,1.7,0.8714500608014831,2.5166417933289433,400
sensing_disabled,1,316,1.785,0.8940444237199601,2.4729104598258127,400
sensing_disabled,1,317,1.82,0.9143793503465921,2.695853798657064,400
sensing_disabled,1,318,1.8,0.932680784310564,2.6921868585898254,400
sensing_disabled,1,319,1.62,0.94915207487814,2.7047527691834548,400
sensing_disabled,1,320,1.6,0.963976236388948,2.957696908297823,400
sensing_disabled,1,321,1.46,0.9773179817486818,3.4217711568719644,400
sensing_disabled,1,322,1.55,0.9893255525724475,2.909086803927806,400
sensing_disabled,1,323,1.55,1.000132366313827,2.7986498486188083,400
sensing_disabled,1,324,1.6,1.0098584986810737,3.0150365132685,400
sensing_disabled,1,325,1.65,1.0186120178115925,2.8398378179027812,400
sensing_disabled,1,326,1.635,1.0264901850290615,3.100855481272394,400
sensing_disabled,1,327,1.665,1.0335805355247862,3.1710150151059278,400
sensing_disabled,1,328,1.71,1.039961850970936,2.745058880833723,400
sensing_disabled,1,329,1.62,1.0457050348724684,2.9464123487293983,400
sensing_disabled,1,330,1.665,1.0508739003838494,3.118898893334987,400
sensing_disabled,1,331,1.7,1.055525879344096,2.763360924164196,400
sensing_disabled,1,332,1.67,1.0597126604083094,2.8237723067100275,400
sensing_disabled,1,333,1.7,1.0634807633661085,2.851786114525953,400
sensing_disabled,1,334,1.665,1.0668720560281288,2.786889964766349,400
sensing_disabled,1,335,1.595,1.0699242194239433,2.7715341369379374,400
sensing_disabled,1,336,1.79,1.0726711664801793,2.793613466488471,400
sensing_disabled,1,337,1.73,1.0751434188307878,2.9506057131280516,400
sensing_disabled,1,338,1.72,1.077368445946339,2.674582467628412,400
sensing_disabled,1,339,1.785,1.079370970350331,2.5702673166797783,400
sensing_disabled,1,340,1.715,1.0811732423139337,3.0445457952950314,400
sensing_disabled,1,341,1.725,1.0827952870811643,3.314976908608758,400
sensing_disabled,1,342,1.69,1.0842551273716756,3.2163524502643144,400
sensing_disabled,1,343,1.75,1.0855689836331308,3.2220271710387776,400
sensing_disabled,1,344,1.805,1.0867514542684487,3.063647920521669,400
sensing_disabled,1,345,1.765,1.087815677840236,3.084735615091461,400
sensing_disabled,1,346,1.8,1.088773479054838,2.9606983231264756,400
sensing_disabled,1,347,1.825,1.0896355001479796,3.2031189634353976,400
sensing_disabled,1,348,1.825,1.0904113191318094,3.148976605757155,400
sensing_disabled,1,349,1.695,1.091109556217259,3.3295311684348277,400
sensing_disabled,1,350,1.73,1.0917379695941596,3.331740458382671,400
sensing_disabled,1,351,1.73,1.0923035416333742,3.8608025985345953,400
sensing_disabled,1,352,1.775,1.092812556468669,3.0719468542223427,400
sensing_disabled,1,353,1.83,1.0932706698204313,3.1926928444751757,400
sensing_disabled,1,354,1.77,1.0936829718370145,2.9489522548568847,400
sensing_disabled,1,355,1.795,1.0940540436519426,3.1641029107501315,400
sensing_disabled,1,356,1.81,1.094388008285372,3.5317122763567137,400
sensing_disabled,1,357,1.81,1.0946885764554635,3.426482164904068,400
sensing_disabled,1,358,1.705,1.0949590878085491,3.4165039880279657,400
sensing_disabled,1,359,1.655,1.0952025480263217,3.4447050662660303,400
sensing_disabled,1,360,1.635,1.0954216622223163,3.4467761243258597,400
sensing_disabled,1,361,1.63,1.0956188649987109,3.180663698909213,400
sensing_disabled,1,362,1.71,1.0957963474974741,3.2184077939004525,400
sensing_disabled,1,363,1.695,1.0959560817463534,3.13884044478374,400
sensing_disabled,1,364,1.77,1.0960998425703417,3.4047374448823526,400
sensing_disabled,1,365,1.77,1.0962292273119447,3.4734597879129163,400
sensing_disabled,1,366,1.765,1.096345673579373,3.3406991366605725,400
sensing_disabled,1,367,1.675,1.096450475220062,2.9813886419680755,400
sensing_disabled,1,368,1.84,1.0965447966966868,2.877125957058365,400
sensing_disabled,1,369,1.915,1.0966296860256475,2.7798248275473485,400
sensing_disabled,1,370,1.875,1.0967060864217073,2.745615341379883,400
sensing_disabled,1,371,1.875,1.096774846778166,2.809546189353772,400
sensing_disabled,1,372,1.765,1.0968367310989822,2.877294978218891,400
sensing_disabled,1,373,1.665,1.0968924269877056,2.918189672412725,400
sensing_disabled,1,374,1.635,1.0969425532875683,2.8755689168977554,400
sensing_disabled,1,375,1.76,1.0969876669574392,2.9812545471285294,400
sensing_disabled,1,376,1.765,1.0970282692603224,3.0441740756677613,400
sensing_disabled,1,377,1.735,1.0970648113329173,3.0735285961073306,400
sensing_disabled,1,378,1.775,1.097097699198254,2.9576261029864073,400
sensing_disabled,1,379,1.71,1.097127298277057,3.083211487118472,400
sensing_disabled,1,380,1.785,1.0971539374479815,3.005503116586663,400
sensing_disabled,1,381,1.775,1.0971779127018138,2.9075859399595556,400
sensing_disabled,1,382,1.73,1.097199490430257,2.8746414487847303,400
sensing_disabled,1,383,1.72,1.0972189103858623,3.077501486029649,400
sensing_disabled,1,384,1.59,1.0972363883459004,2.8166373676316456,400
sensing_disabled,1,385,1.6,1.0972521185099389,2.9467942862246415,400
sensing_disabled,1,386,1.735,1.0972662756575764,3.038472926753634,400
sensing_disabled,1,387,1.78,1.0972790170904414,3.0381531789088636,400
sensing_disabled,1,388,1.77,1.097290484380027,3.3076351837672657,400
sensing_disabled,1,389,1.85,1.0973008049406534,3.089820363823015,400
sensing_disabled,1,390,1.785,1.0973100934452187,2.9150404652795,400
sensing_disabled,1,391,1.69,1.0973184530993247,3.066621039861777,400
sensing_disabled,1,392,1.75,1.0973259767880188,2.7596270498632487,400
sensing_disabled,1,393,1.78,1.0973327481078454,2.825363663797617,400
sensing_disabled,1,394,1.745,1.0973388422956905,3.0963834325944277,400
sensing_disabled,1,395,1.85,1.0973443270647478,3.086704674811068,400
sensing_disabled,1,396,1.795,1.0973492633569055,3.162079289091424,400
sensing_disabled,1,397,1.805,1.0973537060198406,2.9010688745732574,400
sensing_disabled,1,398,1.8,1.0973577044164882,2.9757443061243625,400
sensing_disabled,1,399,1.83,1.0973613029734601,2.8716003730755526,400
sensing_disabled,1,400,1.845,1.097364541674743,2.9219171188250317,400
sensing_disabled,1,401,1.835,1.0973674565058995,3.206126712632583,400
sensing_disabled,1,402,1.835,1.097370079853941,3.3211489140904025,400
sensing_disabled,1,403,1.95,1.0973724408671677,3.3793840367915005,400
sensing_disabled,1,404,1.905,1.097374565779085,3.44342861750043,400
sensing_disabled,1,405,1.9,1.0973764781998037,3.38216546071201,400
sensing_disabled,1,406,1.905,1.0973781993784495,3.1816715436578265,400
sensing_disabled,1,407,1.795,1.0973797484392303,3.2492455992419353,400
sensing_disabled,1,408,1.66,1.097381142593939,3.541262962447958,400
sensing_disabled,1,409,1.75,1.0973823973331742,3.506924584369051,400
sensing_disabled,1,410,1.715,1.0973835265984853,3.4473390650434608,400
sensing_disabled,1,411,1.685,1.0973845429372682,3.4457757091853067,400
sensing_disabled,1,412,1.725,1.0973854576421649,3.0847271520791626,400
sensing_disabled,1,413,1.655,1.0973862808765795,2.989360743064221,400
sensing_disabled,1,414,1.69,1.0973870217875483,3.072078134851894,400
sensing_disabled,1,415,1.645,1.0973876886074245,3.098105739382369,400
sensing_disabled,1,416,1.725,1.0973882887453108,2.805607382622377,400
sensing_disabled,1,417,1.745,1.0973888288694054,3.054452579849609,400
sensing_disabled,1,418,1.79,1.0973893149810943,2.8596148172663227,400
sensing_disabled,1,419,1.77,1.0973897524816114,2.705029681146345,400
sensing_disabled,1,420,1.73,1.097390146232077,3.0879534663245742,400
sensing_disabled,1,421,1.8,1.097390500607507,3.1724606629488017,400
sensing_disabled,1,422,1.795,1.097390819545378,2.9019570576778215,400
sensing_disabled,1,423,1.82,1.0973911065894661,2.8616829911328727,400
sensing_disabled,1,424,1.855,1.0973913649291498,3.163635505820402,400
sensing_disabled,1,425,1.885,1.097391597434861,2.7751936435599283,400
sensing_disabled,1,426,1.905,1.0973918066900092,2.7897337759073966,400
sensing_disabled,1,427,1.76,1.0973919950196318,3.2807756891777564,400
sensing_disabled,1,428,1.815,1.0973921645162963,3.386245996682643,400
sensing_disabled,1,429,1.81,1.0973923170633002,3.6260531738071617,400
sensing_disabled,1,430,1.795,1.0973924543555924,3.25125397456224,400
sensing_disabled,1,431,1.7,1.0973925779186644,3.013034122152607,400
sensing_disabled,1,432,1.68,1.097392689125427,2.683236907865601,400
sensing_disabled,1,433,1.71,1.097392789211514,2.832311788600112,400
sensing_disabled,1,434,1.795,1.0973928792889864,3.1573705657599125,400
sensing_disabled,1,435,1.92,1.0973929603587202,2.850257001796175,400
sensing_disabled,1,436,1.91,1.0973930333214743,2.9168317873816845,400
sensing_disabled,1,437,1.835,1.0973930989879523,2.9731488038779665,400
sensing_disabled,1,438,1.815,1.0973931580877854,3.050324456249151,400
sensing_disabled,1,439,1.77,1.0973932112776368,3.2428152281448144,400
sensing_disabled,1,440,1.765,1.0973932591485034,3.075162704529321,400
sensing_disabled,1,441,1.845,1.0973933022322797,2.959459733995053,400
sensing_disabled,1,442,1.77,1.097393341007683,3.2840314940113946,400
sensing_disabled,1,443,1.73,1.097393375905535,3.3635600672152637,400
sensing_disabled,1,444,1.67,1.0973934073136133,3.225260465985695,400
sensing_disabled,1,445,1.715,1.0973934355808814,3.3937494129744414,400
sensing_disabled,1,446,1.71,1.0973934610214182,3.2483806020458177,400
sensing_disabled,1,447,1.665,1.0973934839179051,3.1662948638147004,400
sensing_disabled,1,448,1.545,1.0973935045247476,2.8385896260942793,400
sensing_disabled,1,449,1.485,1.0973935230708987,2.773683082202337,400
sensing_disabled,1,450,1.62,1.0973935397624393,2.8902997524823903,400
sensing_disabled,1,451,1.655,1.0973935547848213,3.0314910035291853,400
sensing_disabled,1,452,1.63,1.0973935683049685,3.0089701192889775,400
sensing_disabled,1,453,1.635,1.0973935804731019,2.7287818474141177,400
sensing_disabled,1,454,1.575,1.097393591424418,2.651596351917666,400
sensing_disabled,1,455,1.515,1.0973936012806025,2.4572524550165644,400
sensing_disabled,1,456,1.54,1.0973936101511728,2.7671418182559444,400
sensing_disabled,1,457,1.49,1.0973936181346837,2.5736034598936213,400
sensing_disabled,1,458,1.58,1.0973936253198442,2.7136014604624306,400
sensing_disabled,1,459,1.63,1.0973936317864856,2.8899003329280677,400
sensing_disabled,1,460,1.68,1.0973936376064688,3.150973810072971,400
sensing_disabled,1,461,1.655,1.097393642844449,2.8898998984484026,400
sensing_disabled,1,462,1.6,1.0973936475586281,3.033993725988198,400
sensing_disabled,1,463,1.63,1.0973936518013983,3.294051302713346,400
sensing_disabled,1,464,1.705,1.0973936556198836,2.9986838076532694,400
sensing_disabled,1,465,1.675,1.0973936590565225,2.6820013730399017,400
sensing_disabled,1,466,1.785,1.0973936621494988,2.7757498051481257,400
sensing_disabled,1,467,1.835,1.0973936649331801,2.7206886172200724,400
sensing_disabled,1,468,1.795,1.0973936674384925,2.871725766894594,400
sensing_disabled,1,469,1.77,1.0973936696932707,2.8996747847594233,400
sensing_disabled,1,470,1.725,1.0973936717225736,2.9996621076175516,400
sensing_disabled,1,471,1.72,1.0973936735489418,2.8869178744423136,400
sensing_disabled,1,472,1.8,1.0973936751926772,2.9508123540054814,400
sensing_disabled,1,473,1.855,1.0973936766720354,2.9495027939626532,400
sensing_disabled,1,474,1.94,1.0973936780034637,3.182604421615699,400
sensing_disabled,1,475,1.9,1.097393679201743,3.1297899780962886,400
sensing_disabled,1,476,1.775,1.097393680280196,2.9404582920482425,400
sensing_disabled,1,477,1.72,1.0973936812507996,3.2304244913213584,400
sensing_disabled,1,478,1.68,1.0973936821243502,2.938176501263896,400
sensing_disabled,1,479,1.695,1.097393682910545,2.9037732357237074,400
sensing_disabled,1,480,1.725,1.0973936836181184,3.008444932297805,400
sensing_disabled,1,481,1.735,1.0973936842549334,3.0483235725866837,400
sensing_disabled,1,482,1.65,1.097393684828068,2.996264863805533,400
sensing_disabled,1,483,1.745,1.0973936853438901,2.991638506572302,400
sensing_disabled,1,484,1.835,1.0973936858081326,3.0701541538570747,400
sensing_disabled,1,485,1.745,1.0973936862259448,3.2551345177279085,400
sensing_disabled,1,486,1.735,1.0973936866019798,3.025576574535586,400
sensing_disabled,1,487,1.71,1.0973936869404104,3.0443890911859968,400
sensing_disabled,1,488,1.735,1.0973936872449992,3.022911288860932,400
sensing_disabled,1,489,1.905,1.0973936875191213,3.0664985182738707,400
sensing_disabled,1,490,1.79,1.097393687765843,3.3585869788346607,400
sensing_disabled,1,491,1.715,1.0973936879878867,3.632257816017311,400
sensing_disabled,1,492,1.685,1.0973936881877244,3.066227342966833,400
sensing_disabled,1,493,1.65,1.0973936883675783,2.890504814490358,400
sensing_disabled,1,494,1.73,1.0973936885294544,2.9644878710356517,400
sensing_disabled,1,495,1.66,1.0973936886751363,3.0057274089883443,400
sensing_disabled,1,496,1.69,1.0973936888062492,3.6146838415114595,400
sensing_disabled,1,497,1.73,1.0973936889242544,3.5401835523522522,400
sensing_disabled,1,498,1.7,1.0973936890304543,3.5525873046761194,400
sensing_disabled,1,499,1.59,1.0973936891260365,3.40633336397559,400
sensing_disabled,1,500,1.685,1.0973936892120661,3.216677751473314,400
sensing_disabled,1,501,1.69,1.0973936892894856,3.309750492424793,400
sensing_disabled,1,502,1.61,1.097393689359163,3.063221300721968,400
sensing_disabled,1,503,1.605,1.0973936894218763,2.8575813730555577,400
sensing_disabled,1,504,1.6,1.0973936894783154,3.032584280894572,400
sensing_disabled,1,505,1.565,1.0973936895291132,2.9478806715431327,400
sensing_disabled,1,506,1.67,1.0973936895748302,3.241144880423347,400
sensing_disabled,1,507,1.655,1.0973936896159715,2.860358087156628,400
sensing_disabled,1,508,1.765,1.09739368965301,2.799937428625675,400
sensing_disabled,1,509,1.83,1.0973936896863326,2.9180786223874007,400
sensing_disabled,1,510,1.79,1.09739368971633,3.062673658190064,400
sensing_disabled,1,511,1.66,1.0973936897433263,3.566991802602837,400
sensing_disabled,1,512,1.615,1.0973936897676178,3.347402245906308,400
sensing_disabled,1,513,1.525,1.097393689789484,3.0810751306206283,400
sensing_disabled,1,514,1.6,1.0973936898091632,2.87577550876051,400
sensing_disabled,1,515,1.605,1.097393689826878,3.105140207113793,400
sensing_disabled,1,516,1.67,1.097393689842819,3.1766355577861796,400
sensing_disabled,1,517,1.635,1.097393689857164,3.24293144325529,400
sensing_disabled,1,518,1.6,1.0973936898700776,3.17242005474044,400
sensing_disabled,1,519,1.61,1.0973936898816976,2.921575614111041,400
sensing_disabled,1,520,1.72,1.0973936898921575,2.890928592088263,400
sensing_disabled,1,521,1.65,1.0973936899015728,3.11690749801243,400
sensing_disabled,1,522,1.75,1.097393689910041,3.1181017574543306,400
sensing_disabled,1,523,1.795,1.0973936899176673,2.8608847634509718,400
sensing_disabled,1,524,1.745,1.0973936899245242,2.936223907235937,400
sensing_disabled,1,525,1.71,1.0973936899306973,2.782982729926397,400
sensing_disabled,1,526,1.54,1.0973936899362595,3.007207256921686,400
sensing_disabled,1,527,1.675,1.097393689941265,2.9424408459467926,400
sensing_disabled,1,528,1.63,1.0973936899457648,2.862528291555228,400
sensing_disabled,1,529,1.675,1.0973936899498173,2.7902336703489063,400
sensing_disabled,1,530,1.6,1.0973936899534653,2.986403114467194,400
sensing_disabled,1,531,1.635,1.097393689956745,2.8704596502014432,400
sensing_disabled,1,532,1.635,1.097393689959698,3.208715500926399,400
sensing_disabled,1,533,1.615,1.0973936899623584,2.903882619930613,400
sensing_disabled,1,534,1.73,1.0973936899647485,2.975685558939075,400
sensing_disabled,1,535,1.76,1.0973936899669012,3.1627342094266173,400
sensing_disabled,1,536,1.775,1.097393689968842,3.4017394341060143,400
sensing_disabled,1,537,1.83,1.097393689970586,3.19946141255255,400
sensing_disabled,1,538,1.86,1.0973936899721513,3.329602254812577,400
sensing_disabled,1,539,1.825,1.09739368997357,3.562884884010171,400
sensing_disabled,1,540,1.8,1.0973936899748415,3.1495957849886422,400
sensing_disabled,1,541,1.685,1.0973936899759844,2.9625867380393225,400
sensing_disabled,1,542,1.77,1.097393689977014,3.4297561794844857,400
sensing_disabled,1,543,1.795,1.0973936899779442,3.767326257394538,400
sensing_disabled,1,544,1.815,1.0973936899787764,3.503027387292852,400
sensing_disabled,1,545,1.73,1.0973936899795227,3.3748624511952627,400
sensing_disabled,1,546,1.595,1.0973936899802001,3.1637975572738677,400
sensing_disabled,1,547,1.525,1.0973936899808088,3.27835542286891,400
sensing_disabled,1,548,1.595,1.0973936899813515,2.9044775318983556,400
sensing_disabled,1,549,1.565,1.097393689981851,2.9589082067124344,400
sensing_disabled,1,550,1.625,1.0973936899822945,3.1934675391876133,400
sensing_disabled,1,551,1.775,1.0973936899826908,3.279017419997395,400
sensing_disabled,1,552,1.695,1.097393689983052,2.963501828600777,400
sensing_disabled,1,553,1.65,1.0973936899833718,2.921268427535075,400
sensing_disabled,1,554,1.67,1.0973936899836656,3.140562862520844,400
sensing_disabled,1,555,1.65,1.097393689983925,3.035587339204419,400
sensing_disabled,1,556,1.67,1.0973936899841594,2.6409207400608143,400
sensing_disabled,1,557,1.725,1.0973936899843755,2.6974664409580127,400
sensing_disabled,1,558,1.83,1.097393689984565,2.7658473168990687,400
sensing_disabled,1,559,1.715,1.0973936899847405,2.759818297815708,400
sensing_disabled,1,560,1.74,1.0973936899848924,3.2592509053930585,400
sensing_disabled,1,561,1.65,1.0973936899850294,3.42531824760191,400
sensing_disabled,1,562,1.78,1.0973936899851595,3.0607146078766556,400
sensing_disabled,1,563,1.77,1.0973936899852674,3.1001187406688153,400
sensing_disabled,1,564,1.71,1.0973936899853696,3.119578597697514,400
sensing_disabled,1,565,1.63,1.0973936899854604,2.8767303270420284,400
sensing_disabled,1,566,1.65,1.0973936899855417,2.8079937602447327,400
sensing_disabled,1,567,1.675,1.0973936899856152,2.8144823145011357,400
sensing_disabled,1,568,1.715,1.0973936899856869,2.8876873856611223,400
sensing_disabled,1,569,1.62,1.0973936899857433,3.177973590029884,400
sensing_disabled,1,570,1.545,1.0973936899857957,3.3251958896818303,400
sensing_disabled,1,571,1.55,1.097393689985843,3.7469172144565985,400
sensing_disabled,1,572,1.58,1.0973936899858903,3.6142941780992603,400
sensing_disabled,1,573,1.705,1.0973936899859296,3.323604517825693,400
sensing_disabled,1,574,1.685,1.097393689985965,2.921705671763171,400
sensing_disabled,1,575,1.675,1.097393689985997,3.1757379991677057,400
sensing_disabled,1,576,1.745,1.0973936899860248,3.2813115508670183,400
sensing_disabled,1,577,1.805,1.0973936899860544,3.2837107690403116,400
sensing_disabled,1,578,1.81,1.0973936899860708,2.985031996441606,400
sensing_disabled,1,579,1.66,1.0973936899860923,2.932991926407672,400
sensing_disabled,1,580,1.675,1.097393689986119,2.7719964924982206,400
sensing_disabled,1,581,1.875,1.0973936899861287,2.7424021166250845,400
sensing_disabled,1,582,1.77,1.0973936899861438,3.178947607417731,400
sensing_disabled,1,583,1.735,1.0973936899861592,3.5864916636512234,400
sensing_disabled,1,584,1.765,1.0973936899861692,3.0763065968715573,400
sensing_disabled,1,585,1.82,1.0973936899861827,2.975889576020308,400
sensing_disabled,1,586,1.845,1.0973936899861956,2.8640474056898686,400
sensing_disabled,1,587,1.76,1.097393689986205,2.984144065190502,400
sensing_disabled,1,588,1.805,1.0973936899862111,2.822412828276172,400
sensing_disabled,1,589,1.825,1.0973936899862164,3.0593591484706266,400
sensing_disabled,1,590,1.835,1.0973936899862204,3.0660793522548118,400
sensing_disabled,1,591,1.77,1.0973936899862262,3.150019808148672,400
sensing_disabled,1,592,1.76,1.0973936899862373,3.1957301145236143,400
sensing_disabled,1,593,1.66,1.0973936899862384,3.490471198120512,400
sensing_disabled,1,594,1.585,1.0973936899862453,3.3215734596501414,400
sensing_disabled,1,595,1.685,1.0973936899862473,3.3622198963634635,400
sensing_disabled,1,596,1.775,1.097393689986248,3.342771802504575,400
sensing_disabled,1,597,1.735,1.0973936899862529,3.3916294233923674,400
sensing_disabled,1,598,1.79,1.097393689986259,3.309462052346029,400
sensing_disabled,1,599,1.695,1.0973936899862586,3.168496286697659,400
sensing_disabled,1,600,1.645,1.0973936899862609,2.9934666295579198,400
sensing_disabled,2,0,1.895,0.0,0.0,400
sensing_disabled,2,1,1.725,0.10973936899863264,1.125,400
sensing_disabled,2,2,1.69,0.20850480109739553,1.8843750000000001,400
sensing_disabled,2,3,1.66,0.29739368998628185,1.9286367187500002,400
sensing_disabled,2,4,1.745,0.37739368998628214,2.3275019531250005,400
sensing_disabled,2,5,1.68,0.44939368998628343,2.36633903503418,400
sensing_disabled,2,6,1.795,0.5141936899862832,2.530649683135987,400
sensing_disabled,2,7,1.83,0.5725136899862832,2.7008337005833627,400
sensing_disabled,2,8,1.915,0.6250016899862821,3.2681316854258724,400
sensing_disabled,2,9,1.88,0.6722408899862812,3.084908137505767,400
sensing_disabled,2,10,1.955,0.7147561699862829,3.167874312815653,400
sensing_disabled,2,11,1.915,0.7530199219862808,3.3834687829714976,400
sensing_disabled,2,12,1.96,0.7874572987862818,3.653789555513564,400
sensing_disabled,2,13,1.93,0.818450937906281,3.296435700005783,400
sensing_disabled,2,14,2.035,0.8463452131142831,3.472083544718397,400
sensing_disabled,2,15,2.2,0.8714500608014856,3.8866190160704814,400
sensing_disabled,2,16,2.275,0.8940444237199613,4.231349675092018,400
sensing_disabled,2,17,2.41,0.9143793503465925,4.667329186234632,400
sensing_disabled,2,18,2.54,0.9326807843105649,5.469274641874863,400
sensing_disabled,2,19,2.59,0.9491520748781357,4.867537211462557,400
sensing_disabled,2,20,2.72,0.9639762363889511,5.02127996513671,400
sensing_disabled,2,21,2.755,0.9773179817486808,5.752596301054607,400
sensing_disabled,2,22,2.89,0.9893255525724438,6.480604365591548,400
sensing_disabled,2,23,2.945,1.0001323663138264,6.062808534367115,400
sensing_disabled,2,24,3.155,1.00985849868107,5.970602719998598,400
sensing_disabled,2,25,3.3,1.0186120178115905,6.336621217101156,400
sensing_disabled,2,26,3.48,1.0264901850290618,6.8723531982229185,400
sensing_disabled,2,27,3.49,1.033580535524789,7.500737231265292,400
sensing_disabled,2,28,3.53,1.0399618509709312,7.063622544630334,400
sensing_disabled,2,29,3.715,1.0457050348724686,7.427058826818253,400
sensing_disabled,2,30,3.705,1.0508739003838503,7.742582402632291,400
sensing_disabled,2,31,4.045,1.0555258793440927,7.386715204828127,400
sensing_disabled,2,32,4.285,1.0597126604083147,6.935900954791046,400
sensing_disabled,2,33,4.375,1.0634807633661105,7.442298178740655,400
sensing_disabled,2,34,4.52,1.0668720560281257,7.4684719663076935,400
sensing_disabled,2,35,4.58,1.0699242194239444,7.767171639122789,400
sensing_disabled,2,36,4.46,1.072671166480171,7.939672157293969,400
sensing_disabled,2,37,4.435,1.0751434188307858,9.103699635078513,400
sensing_disabled,2,38,4.64,1.077368445946338,9.648818208708734,400
sensing_disabled,2,39,4.745,1.0793709703503305,9.41254133632748,400
sensing_disabled,2,40,4.82,1.0811732423139249,9.752060108823871,400
sensing_disabled,2,41,5.41,1.0827952870811628,9.455663168227264,400
sensing_disabled,2,42,5.83,1.084255127371673,11.444919497652174,400
sensing_disabled,2,43,6.025,1.0855689836331353,11.289244339887734,400
sensing_disabled,2,44,6.42,1.0867514542684529,11.685475990203152,400
sensing_disabled,2,45,6.44,1.0878156778402306,11.96003343126284,400
sensing_disabled,2,46,6.425,1.0887734790548376,10.969333358502029,400
sensing_disabled,2,47,6.22,1.0896355001479872,11.36123640101886,400
sensing_disabled,2,48,5.975,1.0904113191318099,10.7515646666717,400
sensing_disabled,2,49,5.955,1.0911095562172606,10.387187882712634,400
sensing_disabled,2,50,5.95,1.091737969594159,10.650988568108458,400
sensing_disabled,2,51,6.17,1.092303541633375,10.959544641582495,400
sensing_disabled,2,52,6.46,1.092812556468665,9.924645210375429,400
sensing_disabled,2,53,6.735,1.0932706698204278,10.272435194312123,400
sensing_disabled,2,54,6.79,1.0936829718370138,9.451820499697194,400
sensing_disabled,2,55,6.925,1.0940540436519388,10.42183539022102,400
sensing_disabled,2,56,6.94,1.0943880082853714,10.765877974522637,400
sensing_disabled,2,57,7.06,1.0946885764554628,11.618451385836114,400
sensing_disabled,2,58,7.31,1.0949590878085447,10.593064271170299,400
sensing_disabled,2,59,7.335,1.0952025480263212,10.997016247622701,400
sensing_disabled,2,60,7.035,1.0954216622223159,10.692934521306825,400
sensing_disabled,2,61,7.375,1.0956188649987155,10.312738349749518,400
sensing_disabled,2,62,7.735,1.09579634749747,11.386180931569438,400
sensing_disabled,2,63,8.055,1.0959560817463518,12.30794647518461,400
sensing_disabled,2,64,8.465,1.0960998425703454,12.240752716032626,400
sensing_disabled,2,65,9.02,1.096229227311938,11.980856355173954,400
sensing_disabled,2,66,9.44,1.0963456735793704,12.732707919741463,400
sensing_disabled,2,67,9.75,1.0964504752200614,13.768846073000198,400
sensing_disabled,2,68,9.74,1.0965447966966844,14.199868436966131,400
sensing_disabled,2,69,9.32,1.0966296860256446,13.972935603199645,400
sensing_disabled,2,70,9.18,1.0967060864217086,12.944386529628927,400
sensing_disabled,2,71,8.935,1.096774846778164,12.615916648228191,400
sensing_disabled,2,72,9.05,1.0968367310989762,13.220293283679155,400
sensing_disabled,2,73,9.525,1.0968924269877063,12.894516085890777,400
sensing_disabled,2,74,9.84,1.0969425532875663,14.106357158382929,400
sensing_disabled,2,75,9.87,1.0969876669574359,14.297217256949608,400
sensing_disabled,2,76,10.185,1.0970282692603233,15.145079550447882,400
sensing_disabled,2,77,10.475,1.0970648113329207,14.857955588610697,400
sensing_disabled,2,78,10.49,1.0970976991982613,16.22386380598038,400
sensing_disabled,2,79,10.62,1.0971272982770588,16.123959703491032,400
sensing_disabled,2,80,10.695,1.097153937447978,16.710275106725593,400
sensing_disabled,2,81,10.98,1.097177912701812,16.308927242352453,400
sensing_disabled,2,82,11.11,1.097199490430262,16.08154858446435,400
sensing_disabled,2,83,11.57,1.097218910385859,16.401825117468338,400
sensing_disabled,2,84,11.88,1.0972363883459038,16.989895354766777,400
sensing_disabled,2,85,12.22,1.0972521185099404,16.660007211469658,400
sensing_disabled,2,86,12.765,1.097266275657578,16.61433663872568,400
sensing_disabled,2,87,13.085,1.0972790170904476,16.310142257203733,400
sensing_disabled,2,88,12.84,1.097290484380026,16.308036899037095,400
sensing_disabled,2,89,12.89,1.0973008049406552,16.820214383757655,400
sensing_disabled,2,90,13.155,1.0973100934452227,17.64240539770701,400
sensing_disabled,2,91,13.125,1.0973184530993214,18.635690533766706,400
sensing_disabled,2,92,13.29,1.0973259767880141,18.26237024499814,400
sensing_disabled,2,93,13.25,1.0973327481078445,17.98420352069765,400
sensing_disabled,2,94,13.645,1.0973388422956907,19.816125197889853,400
sensing_disabled,2,95,14.285,1.0973443270647474,21.358225630075925,400
sensing_disabled,2,96,14.36,1.0973492633569073,20.193899185133006,400
sensing_disabled,2,97,14.38,1.0973537060198426,23.67347607878641,400
sensing_disabled,2,98,14.1,1.097357704416481,20.401340463209557,400
sensing_disabled,2,99,13.85,1.0973613029734617,21.091671599654006,400
sensing_disabled,2,100,14.21,1.0973645416747457,20.746019569716132,400
sensing_disabled,2,101,14.565,1.0973674565059013,19.83197238201256,400
sensing_disabled,2,102,14.94,1.0973700798539392,21.311757037794436,400
sensing_disabled,2,103,14.935,1.097372440867177,19.236542244731808,400
sensing_disabled,2,104,15.02,1.0973745657790837,20.919816500067807,400
sensing_disabled,2,105,15.29,1.0973764781998014,20.374951795002858,400
sensing_disabled,2,106,15.77,1.0973781993784508,21.78740918560828,400
sensing_disabled,2,107,15.63,1.0973797484392342,22.26983636723191,400
sensing_disabled,2,108,16.05,1.097381142593945,22.264614906878315,400
sensing_disabled,2,109,15.7,1.0973823973331753,22.066955674812593,400
sensing_disabled,2,110,15.415,1.097383526598485,19.84824230268618,400
sensing_disabled,2,111,14.77,1.0973845429372666,20.326230478559943,400
sensing_disabled,2,112,14.395,1.0973854576421673,18.69808992279008,400
sensing_disabled,2,113,14.245,1.0973862808765802,19.633550160271326,400
sensing_disabled,2,114,14.645,1.0973870217875532,19.406505192677837,400
sensing_disabled,2,115,15.055,1.0973876886074194,18.775500563078378,400
sensing_disabled,2,116,15.935,1.0973882887453104,19.32199418596344,400
sensing_disabled,2,117,16.56,1.097388828869404,20.254500758672624,400
sensing_disabled,2,118,16.22,1.0973893149810932,22.022567611267487,400
sensing_disabled,2,119,16.145,1.097389752481609,21.20666943671376,400
sensing_disabled,2,120,16.52,1.0973901462320808,21.52105419280261,400
sensing_disabled,2,121,16.19,1.0973905006075002,21.32689559844118,400
sensing_disabled,2,122,16.255,1.0973908195453765,20.711747883443163,400
sensing_disabled,2,123,16.275,1.097391106589467,21.807261439585826,400
sensing_disabled,2,124,15.71,1.0973913649291531,20.935413676091006,400
sensing_disabled,2,125,15.715,1.097391597434866,20.6634953450491,400
sensing_disabled,2,126,16.3,1.0973918066900044,21.689832703457814,400
sensing_disabled,2,127,16.52,1.0973919950196345,21.708510106921867,400
sensing_disabled,2,128,16.915,1.0973921645162987,22.354767902002084,400
sensing_disabled,2,129,17.055,1.0973923170632907,21.983017489678275,400
sensing_disabled,2,130,16.755,1.0973924543555975,22.201500543793227,400
sensing_disabled,2,131,16.41,1.0973925779186626,22.792771403351942,400
sensing_disabled,2,132,16.485,1.0973926891254244,22.625197117104058,400
sensing_disabled,2,133,16.415,1.0973927892115107,21.892601750939672,400
sensing_disabled,2,134,16.565,1.097392879288986,21.952642559566513,400
sensing_disabled,2,135,16.745,1.0973929603587167,22.58285586162081,400
sensing_disabled,2,136,16.615,1.0973930333214743,21.051400017522386,400
sensing_disabled,2,137,16.685,1.0973930989879594,22.209458852301204,400
sensing_disabled,2,138,16.555,1.0973931580877896,21.384428255722558,400
sensing_disabled,2,139,16.43,1.0973932112776354,23.389181655415044,400
sensing_disabled,2,140,16.44,1.0973932591485007,21.188949023362756,400
sensing_disabled,2,141,16.59,1.0973933022322848,21.548578269355623,400
sensing_disabled,2,142,16.88,1.0973933410076795,22.441760701094328,400
sensing_disabled,2,143,17.375,1.0973933759055392,24.544331092024617,400
sensing_disabled,2,144,16.83,1.0973934073136122,21.747662515980185,400
sensing_disabled,2,145,16.21,1.0973934355808843,21.582707403018127,400
sensing_disabled,2,146,15.875,1.0973934610214222,21.25146600834129,400
sensing_disabled,2,147,15.865,1.0973934839179076,20.213701973598663,400
sensing_disabled,2,148,15.71,1.0973935045247427,20.60090236357791,400
sensing_disabled,2,149,15.43,1.0973935230708987,22.140649366369242,400
sensing_disabled,2,150,16.165,1.0973935397624381,20.90829141016168,400
sensing_disabled,2,151,16.385,1.0973935547848195,23.001610901166096,400
sensing_disabled,2,152,16.63,1.0973935683049685,21.66728857483952,400
sensing_disabled,2,153,17.095,1.0973935804730985,22.344914907414907,400
sensing_disabled,2,154,16.47,1.097393591424419,22.179308886743385,400
sensing_disabled,2,155,16.425,1.0973936012806067,21.334634610441437,400
sensing_disabled,2,156,16.66,1.097393610151171,21.79585358482085,400
sensing_disabled,2,157,17.555,1.0973936181346855,21.92872247198641,400
sensing_disabled,2,158,18.03,1.0973936253198449,22.03154056593987,400
sensing_disabled,2,159,18.63,1.097393631786484,24.46088017526932,400
sensing_disabled,2,160,18.645,1.097393637606469,23.815909713513374,400
sensing_disabled,2,161,18.295,1.097393642844449,23.403235155259914,400
sensing_disabled,2,162,18.085,1.097393647558633,24.168499976715818,400
sensing_disabled,2,163,17.83,1.097393651801396,22.914365998459406,400
sensing_disabled,2,164,18.445,1.0973936556198878,24.015943383042085,400
sensing_disabled,2,165,18.84,1.0973936590565265,22.8149358326455,400
sensing_disabled,2,166,18.635,1.0973936621494995,24.323010924918368,400
sensing_disabled,2,167,18.79,1.0973936649331812,22.65735585115668,400
sensing_disabled,2,168,18.525,1.0973936674384885,23.60879669664889,400
sensing_disabled,2,169,18.38,1.0973936696932702,21.895043912226328,400
sensing_disabled,2,170,18.185,1.0973936717225683,23.795796368406275,400
sensing_disabled,2,171,18.475,1.0973936735489436,22.28903231946342,400
sensing_disabled,2,172,18.875,1.0973936751926714,23.202250292178274,400
sensing_disabled,2,173,18.74,1.0973936766720367,22.434470218516132,400
sensing_disabled,2,174,18.19,1.0973936780034579,22.43075307999752,400
sensing_disabled,2,175,18.295,1.0973936792017442,22.374391655096424,400
sensing_disabled,2,176,18.685,1.0973936802801987,23.14348213611826,400
sensing_disabled,2,177,18.875,1.0973936812508045,23.212751957541894,400
sensing_disabled,2,178,18.905,1.0973936821243533,23.305210653703973,400
sensing_disabled,2,179,19.155,1.0973936829105482,25.08874751053121,400
sensing_disabled,2,180,18.9,1.0973936836181197,26.10357198749084,400
sensing_disabled,2,181,18.8,1.0973936842549386,25.221386919484,400
sensing_disabled,2,182,18.565,1.0973936848280692,24.582313684504562,400
sensing_disabled,2,183,18.885,1.097393685343892,25.699880383350315,400
sensing_disabled,2,184,18.98,1.097393685808133,24.45726143570016,400
sensing_disabled,2,185,19.035,1.097393686225944,24.276457301588554,400
sensing_disabled,2,186,18.85,1.0973936866019787,24.046353864917055,400
sensing_disabled,2,187,18.645,1.0973936869404097,24.41995789077827,400
sensing_disabled,2,188,18.225,1.097393687244999,23.59993822168796,400
sensing_disabled,2,189,18.27,1.097393687519128,23.151262992551768,400
sensing_disabled,2,190,18.925,1.097393687765845,22.910682651171765,400
sensing_disabled,2,191,19.355,1.0973936879878852,23.41337296373677,400
sensing_disabled,2,192,20.075,1.09739368818773,22.91365501118782,400
sensing_disabled,2,193,20.285,1.0973936883675777,23.626083423712824,400
sensing_disabled,2,194,20.145,1.0973936885294542,22.923852414826026,400
sensing_disabled,2,195,19.8,1.0973936886751339,24.001384358582936,400
sensing_disabled,2,196,19.31,1.0973936888062474,23.87204596159737,400
sensing_disabled,2,197,18.895,1.0973936889242542,21.735665415732832,400
sensing_disabled,2,198,18.64,1.0973936890304539,24.024995262486776,400
sensing_disabled,2,199,18.515,1.0973936891260367,24.023726174511445,400
sensing_disabled,2,200,18.925,1.0973936892120595,24.696473194812082,400
sensing_disabled,2,201,19.46,1.0973936892894802,24.138837658236522,400
sensing_disabled,2,202,19.335,1.097393689359164,24.524998412994556,400
sensing_disabled,2,203,19.73,1.0973936894218768,23.909383159441187,400
sensing_disabled,2,204,20.21,1.0973936894783185,24.817380846993533,400
sensing_disabled,2,205,20.745,1.0973936895291105,23.839302824188934,400
sensing_disabled,2,206,20.58,1.0973936895748333,24.966922836421762,400
sensing_disabled,2,207,20.62,1.0973936896159733,26.14156762184376,400
sensing_disabled,2,208,21.045,1.0973936896530072,27.43056227198456,400
sensing_disabled,2,209,21.34,1.0973936896863328,27.294519943329558,400
sensing_disabled,2,210,21.635,1.097393689716326,29.464955089749793,400
sensing_disabled,2,211,21.355,1.097393689743324,28.876699781639854,400
sensing_disabled,2,212,20.84,1.0973936897676195,28.18068251842417,400
sensing_disabled,2,213,20.595,1.0973936897894836,25.303948037643984,400
sensing_disabled,2,214,21.185,1.0973936898091659,25.461740223093265,400
sensing_disabled,2,215,21.775,1.0973936898268752,27.301219150292543,400
sensing_disabled,2,216,22.27,1.097393689842816,27.2987660876194,400
sensing_disabled,2,217,22.07,1.0973936898571675,25.84483809518056,400
sensing_disabled,2,218,21.725,1.0973936898700785,25.3517160616596,400
sensing_disabled,2,219,22.305,1.0973936898816956,26.625413243103562,400
sensing_disabled,2,220,22.43,1.097393689892158,25.899973737077264,400
sensing_disabled,2,221,22.375,1.0973936899015742,27.03904659466949,400
sensing_disabled,2,222,22.21,1.0973936899100394,28.891380864245043,400
sensing_disabled,2,223,21.695,1.0973936899176628,26.842024658795737,400
sensing_disabled,2,224,21.96,1.0973936899245245,26.373160189130374,400
sensing_disabled,2,225,21.995,1.0973936899307009,26.133278818968947,400
sensing_disabled,2,226,22.68,1.0973936899362597,25.005039760254014,400
sensing_disabled,2,227,23.965,1.0973936899412635,25.396618006476498,400
sensing_disabled,2,228,24.54,1.0973936899457613,26.66790600366916,400
sensing_disabled,2,229,25.24,1.0973936899498158,29.035067095838073,400
sensing_disabled,2,230,25.0,1.0973936899534622,29.851310777032186,400
sensing_disabled,2,231,24.11,1.0973936899567465,28.96776469139407,400
sensing_disabled,2,232,23.515,1.0973936899597014,30.134576830030614,400
sensing_disabled,2,233,23.52,1.0973936899623586,28.4127537623143,400
sensing_disabled,2,234,24.025,1.097393689964748,28.715687629779342,400
sensing_disabled,2,235,25.085,1.0973936899669015,28.216514074967296,400
sensing_disabled,2,236,24.95,1.0973936899688461,31.415421037196246,400
sensing_disabled,2,237,25.465,1.0973936899705852,30.398386875620233,400
sensing_disabled,2,238,25.73,1.097393689972158,30.98143755521879,400
sensing_disabled,2,239,25.435,1.0973936899735703,31.72154354473869,400
sensing_disabled,2,240,25.29,1.097393689974837,29.85971490506669,400
sensing_disabled,2,241,25.355,1.0973936899759849,29.680551873753572,400
sensing_disabled,2,242,25.99,1.0973936899770116,29.396502883176474,400
sensing_disabled,2,243,26.685,1.097393689977942,28.224311802992194,400
sensing_disabled,2,244,26.105,1.097393689978775,28.874474743023114,400
sensing_disabled,2,245,25.49,1.0973936899795242,28.711085872393454,400
sensing_disabled,2,246,24.88,1.0973936899802075,29.53116540942121,400
sensing_disabled,2,247,25.11,1.0973936899808114,30.849045202370984,400
sensing_disabled,2,248,25.335,1.097393689981365,29.72942192596253,400
sensing_disabled,2,249,26.015,1.0973936899818473,31.743643363469978,400
sensing_disabled,2,250,26.46,1.0973936899822931,29.926645278863326,400
sensing_disabled,2,251,26.995,1.0973936899826922,29.604120396276716,400
sensing_disabled,2,252,27.225,1.0973936899830492,31.62350206907017,400
sensing_disabled,2,253,28.155,1.0973936899833765,31.256357322305078,400
sensing_disabled,2,254,28.73,1.097393689983666,30.921946682094383,400
sensing_disabled,2,255,28.89,1.0973936899839296,31.198611425444987,400
sensing_disabled,2,256,29.36,1.0973936899841612,31.559611415407474,400
sensing_disabled,2,257,28.76,1.0973936899843721,32.153643973354875,400
sensing_disabled,2,258,28.175,1.0973936899845644,32.522583034182595,400
sensing_disabled,2,259,28.5,1.0973936899847347,33.1251450159365,400
sensing_disabled,2,260,28.65,1.0973936899848982,31.289472288747053,400
sensing_disabled,2,261,28.78,1.097393689985029,32.30417139116782,400
sensing_disabled,2,262,28.59,1.097393689985155,32.26026836937748,400
sensing_disabled,2,263,28.475,1.0973936899852705,33.03535582589177,400
sensing_disabled,2,264,28.945,1.0973936899853736,32.23965857955738,400
sensing_disabled,2,265,30.375,1.0973936899854637,32.36969948793119,400
sensing_disabled,2,266,31.04,1.0973936899855448,33.252049926175395,400
sensing_disabled,2,267,31.67,1.0973936899856185,34.1157940955727,400
sensing_disabled,2,268,32.05,1.0973936899856866,33.85394899663387,400
sensing_disabled,2,269,31.4,1.0973936899857437,34.704509029371295,400
sensing_disabled,2,270,30.745,1.097393689985799,33.97590988247923,400
sensing_disabled,2,271,30.395,1.0973936899858427,34.26724366501197,400
sensing_disabled,2,272,30.085,1.0973936899858892,35.25790038372573,400
sensing_disabled,2,273,31.47,1.0973936899859271,36.841920530365826,400
sensing_disabled,2,274,32.575,1.0973936899859644,36.490520866819416,400
sensing_disabled,2,275,33.38,1.0973936899859986,39.87174064591588,400
sensing_disabled,2,276,33.235,1.0973936899860268,36.8378075591232,400
sensing_disabled,2,277,32.375,1.0973936899860515,38.293089798550895,400
sensing_disabled,2,278,31.46,1.0973936899860712,34.306904889318304,400
sensing_disabled,2,279,29.825,1.0973936899860954,35.063052911271335,400
sensing_disabled,2,280,28.8,1.0973936899861125,34.25245586005195,400
sensing_disabled,2,281,29.09,1.0973936899861316,35.39609478733655,400
sensing_disabled,2,282,29.115,1.0973936899861496,34.539188939746985,400
sensing_disabled,2,283,29.5,1.0973936899861596,34.27007793814484,400
sensing_disabled,2,284,30.135,1.0973936899861745,33.67586077453831,400
sensing_disabled,2,285,31.665,1.097393689986182,33.55290270756898,400
sensing_disabled,2,286,33.06,1.0973936899861891,35.20882430491489,400
sensing_disabled,2,287,34.235,1.0973936899862,35.42068209040038,400
sensing_disabled,2,288,35.18,1.097393689986208,36.49179373849353,400
sensing_disabled,2,289,35.155,1.0973936899862151,37.4145081712235,400
sensing_disabled,2,290,33.595,1.09739368998622,37.07636882600953,400
sensing_disabled,2,291,32.12,1.0973936899862324,37.029873579295426,400
sensing_disabled,2,292,32.085,1.0973936899862413,33.70248430965723,400
sensing_disabled,2,293,32.795,1.0973936899862355,33.695508380895355,400
sensing_disabled,2,294,33.105,1.0973936899862458,34.31234327313679,400
sensing_disabled,2,295,33.195,1.0973936899862493,38.99697499465024,400
sensing_disabled,2,296,31.955,1.0973936899862546,35.218488958282975,400
sensing_disabled,2,297,31.12,1.097393689986252,38.6027908768597,400
sensing_disabled,2,298,30.605,1.0973936899862557,34.738374411147014,400
sensing_disabled,2,299,30.665,1.0973936899862602,34.68843319731092,400
sensing_disabled,2,300,30.865,1.097393689986262,33.39219103399585,400
sensing_disabled,2,301,0.62,0.10973936899863397,0.675,400
sensing_disabled,2,302,0.9,0.20850480109739758,1.1053125000000001,400
sensing_disabled,2,303,1.495,0.2973936899862809,1.30088671875,400
sensing_disabled,2,304,1.92,0.3773936899862813,1.9692351562500001,400
sensing_disabled,2,305,1.9,0.4493936899862813,2.5655996887207033,400
sensing_disabled,2,306,1.725,0.5141936899862819,2.3684601342315674,400
sensing_disabled,2,307,1.445,0.5725136899862835,2.189556586471653,400
sensing_disabled,2,308,1.4,0.6250016899862837,2.1836368513106845,400
sensing_disabled,2,309,1.435,0.6722408899862827,2.210975683562979,400
sensing_disabled,2,310,1.51,0.7147561699862819,2.3303724684471887,400
sensing_disabled,2,311,1.565,0.7530199219862848,2.21079214621885,400
sensing_disabled,2,312,1.58,0.7874572987862847,2.1728600394085364,400
sensing_disabled,2,313,1.6,0.8184509379062841,2.1760787429906703,400
sensing_disabled,2,314,1.67,0.8463452131142838,2.544634189418304,400
sensing_disabled,2,315,1.67,0.8714500608014805,2.7720211589680632,400
sensing_disabled,2,316,1.655,0.8940444237199621,3.0344471773659882,400
sensing_disabled,2,317,1.62,0.9143793503465931,2.8581866973109844,400
sensing_disabled,2,318,1.595,0.9326807843105638,3.146302431683178,400
sensing_disabled,2,319,1.78,0.9491520748781364,3.4082247056795247,400
sensing_disabled,2,320,1.845,0.9639762363889517,3.5821545631172373,400
sensing_disabled,2,321,1.785,0.9773179817486816,3.011969008874742,400
sensing_disabled,2,322,1.77,0.9893255525724424,2.803082953005063,400
sensing_disabled,2,323,1.775,1.0001323663138286,3.0182856912165805,400
sensing_disabled,2,324,1.8,1.0098584986810752,3.366938281301195,400
sensing_disabled,2,325,1.85,1.0186120178115934,3.419225393264337,400
sensing_disabled,2,326,1.685,1.0264901850290635,3.3530575727511476,400
sensing_disabled,2,327,1.665,1.0335805355247836,3.005232062306641,400
sensing_disabled,2,328,1.645,1.0399618509709339,2.9389911147460626,400
sensing_disabled,2,329,1.58,1.0457050348724723,2.694926104535067,400
sensing_disabled,2,330,1.695,1.0508739003838512,2.859895163667458,400
sensing_disabled,2,331,1.685,1.0555258793440938,2.6353675844604227,400
sensing_disabled,2,332,1.6,1.0597126604083138,2.642679427609231,400
sensing_disabled,2,333,1.61,1.0634807633661099,2.5964559922797705,400
sensing_disabled,2,334,1.55,1.0668720560281284,2.5222713626873827,400
sensing_disabled,2,335,1.655,1.0699242194239442,2.68624103306384,400
sensing_disabled,2,336,1.67,1.0726711664801756,2.5944921041666182,400
sensing_disabled,2,337,1.655,1.0751434188307847,2.5636345346289304,400
sensing_disabled,2,338,1.65,1.077368445946338,2.6124074954425693,400
sensing_disabled,2,339,1.645,1.0793709703503311,2.846315288145007,400
sensing_disabled,2,340,1.745,1.0811732423139278,3.053773304088939,400
sensing_disabled,2,341,1.895,1.0827952870811592,3.0620227246650207,400
sensing_disabled,2,342,1.81,1.084255127371673,3.4400148068674747,400
sensing_disabled,2,343,1.79,1.085568983633131,3.263647166817669,400
sensing_disabled,2,344,1.82,1.0867514542684489,3.7316670729595085,400
sensing_disabled,2,345,1.825,1.0878156778402317,3.3685992040592647,400
sensing_disabled,2,346,1.82,1.088773479054836,2.9839516291400234,400
sensing_disabled,2,347,1.71,1.0896355001479812,3.0591295110031926,400
sensing_disabled,2,348,1.79,1.0904113191318106,3.080768292599214,400
sensing_disabled,2,349,1.77,1.0911095562172577,2.904278584030183,400
sensing_disabled,2,350,1.635,1.0917379695941658,3.0447196180778673,400
sensing_disabled,2,351,1.59,1.0923035416333764,2.9690959863111375,400
sensing_disabled,2,352,1.53,1.0928125564686655,2.958763524503302,400
sensing_disabled,2,353,1.57,1.0932706698204306,2.8486397072868224,400
sensing_disabled,2,354,1.66,1.0936829718370162,3.1755704051308364,400
sensing_disabled,2,355,1.67,1.0940540436519401,3.1026629309781986,400
sensing_disabled,2,356,1.65,1.0943880082853743,2.907985902525822,400
sensing_disabled,2,357,1.61,1.094688576455459,2.8459681976799676,400
sensing_disabled,2,358,1.54,1.0949590878085413,2.913049676595007,400
sensing_disabled,2,359,1.535,1.095202548026317,2.892568204771303,400
sensing_disabled,2,360,1.545,1.095421662222315,2.7518542200424614,400
sensing_disabled,2,361,1.69,1.0956188649987133,2.9998355999572275,400
sensing_disabled,2,362,1.71,1.095796347497473,3.003500171361367,400
sensing_disabled,2,363,1.755,1.095956081746353,3.1707051546827123,400
sensing_disabled,2,364,1.75,1.0960998425703452,2.9216804104941994,400
sensing_disabled,2,365,1.7,1.0962292273119354,3.183179727161956,400
sensing_disabled,2,366,1.795,1.0963456735793733,3.031344413202161,400
sensing_disabled,2,367,1.825,1.0964504752200623,2.941038437499335,400
sensing_disabled,2,368,1.83,1.0965447966966846,3.2774918737381404,400
sensing_disabled,2,369,1.74,1.0966296860256453,3.4495442428713936,400
sensing_disabled,2,370,1.595,1.0967060864217073,3.144267028242294,400
sensing_disabled,2,371,1.73,1.0967748467781686,2.911911246566517,400
sensing_disabled,2,372,1.785,1.0968367310989826,2.9373085324311625,400
sensing_disabled,2,373,1.87,1.0968924269877072,2.848115025780922,400
sensing_disabled,2,374,1.835,1.096942553287568,2.739272700894073,400
sensing_disabled,2,375,1.74,1.0969876669574392,3.055314339313221,400
sensing_disabled,2,376,1.75,1.0970282692603284,2.8305422898072186,400
sensing_disabled,2,377,1.745,1.0970648113329173,3.2416799652414077,400
sensing_disabled,2,378,1.64,1.0970976991982528,3.2714785027738063,400
sensing_disabled,2,379,1.655,1.097127298277059,3.252928641018648,400
sensing_disabled,2,380,1.695,1.097153937447982,2.8161625188920056,400
sensing_disabled,2,381,1.73,1.0971779127018098,2.7922517445783774,400
sensing_disabled,2,382,1.685,1.0971994904302627,2.8792770737226165,400
sensing_disabled,2,383,1.66,1.0972189103858623,2.791753297495877,400
sensing_disabled,2,384,1.65,1.0972363883459042,2.868783450450963,400
sensing_disabled,2,385,1.655,1.0972521185099435,2.7924220373391444,400
sensing_disabled,2,386,1.645,1.0972662756575764,2.773820698873061,400
sensing_disabled,2,387,1.68,1.0972790170904432,3.0916429930690774,400
sensing_disabled,2,388,1.77,1.0972904843800284,2.753704248146969,400
sensing_disabled,2,389,1.855,1.09730080494065,2.951085417840401,400
sensing_disabled,2,390,1.865,1.0973100934452178,3.116352902360764,400
sensing_disabled,2,391,1.755,1.0973184530993256,3.233992460779218,400
sensing_disabled,2,392,1.65,1.09732597678802,2.785912137067773,400
sensing_disabled,2,393,1.625,1.0973327481078476,2.728640464552428,400
sensing_disabled,2,394,1.675,1.0973388422956885,2.8592235636430723,400
sensing_disabled,2,395,1.64,1.0973443270647456,2.879880257423901,400
sensing_disabled,2,396,1.705,1.0973492633569046,2.9502585150399407,400
sensing_disabled,2,397,1.685,1.0973537060198404,3.0345672130776586,400
sensing_disabled,2,398,1.665,1.097357704416482,3.491275114069481,400
sensing_disabled,2,399,1.775,1.0973613029734648,3.5585509574954624,400
sensing_disabled,2,400,1.61,1.0973645416747446,3.386278529955701,400
sensing_disabled,2,401,1.725,1.0973674565059013,3.08060762952553,400
sensing_disabled,2,402,1.65,1.0973700798539376,2.918919819129361,400
sensing_disabled,2,403,1.64,1.0973724408671688,2.638557049921487,400
sensing_disabled,2,404,1.6,1.0973745657790859,2.6199523609071154,400
sensing_disabled,2,405,1.605,1.097376478199805,2.7427126050859716,400
sensing_disabled,2,406,1.63,1.0973781993784526,2.741875397241609,400
sensing_disabled,2,407,1.655,1.097379748439234,2.7966678012452775,400
sensing_disabled,2,408,1.66,1.0973811425939408,3.0100400910605094,400
sensing_disabled,2,409,1.685,1.0973823973331767,3.4576730457355938,400
sensing_disabled,2,410,1.685,1.0973835265984846,3.3945038375288186,400
sensing_disabled,2,411,1.805,1.0973845429372666,3.047167447563987,400
sensing_disabled,2,412,1.84,1.0973854576421667,3.2421312434494998,400
sensing_disabled,2,413,1.81,1.09738628087658,3.097408461761417,400
sensing_disabled,2,414,1.695,1.0973870217875448,3.220298223836413,400
sensing_disabled,2,415,1.7,1.0973876886074223,3.0916920274490587,400
sensing_disabled,2,416,1.725,1.097388288745307,2.955284176715862,400
sensing_disabled,2,417,1.685,1.0973888288694054,2.909727473329633,400
sensing_disabled,2,418,1.59,1.0973893149810914,2.8224678765188256,400
sensing_disabled,2,419,1.625,1.0973897524816119,2.7950623282227682,400
sensing_disabled,2,420,1.71,1.097390146232075,2.8609461765048474,400
sensing_disabled,2,421,1.66,1.0973905006075,2.7766047444706605,400
sensing_disabled,2,422,1.715,1.0973908195453839,2.800338179373343,400
sensing_disabled,2,423,1.73,1.0973911065894688,2.806573321265157,400
sensing_disabled,2,424,1.72,1.0973913649291487,2.6891059110232525,400
sensing_disabled,2,425,1.785,1.0973915974348618,2.656775848494096,400
sensing_disabled,2,426,1.825,1.097391806690004,2.9600931830241666,400
sensing_disabled,2,427,1.755,1.0973919950196305,3.091708507413381,400
sensing_disabled,2,428,1.785,1.0973921645163023,3.0873842890570296,400
sensing_disabled,2,429,1.81,1.0973923170632987,3.156035573768544,400
sensing_disabled,2,430,1.72,1.0973924543555948,2.9541929000355416,400
sensing_disabled,2,431,1.765,1.0973925779186644,2.9774283128889456,400
sensing_disabled,2,432,1.745,1.0973926891254264,3.243861392045234,400
sensing_disabled,2,433,1.785,1.0973927892115136,3.349718368301053,400
sensing_disabled,2,434,1.745,1.0973928792889882,3.158934749386576,400
sensing_disabled,2,435,1.68,1.0973929603587218,2.841952378171221,400
sensing_disabled,2,436,1.68,1.097393033321472,2.7582741270796607,400
sensing_disabled,2,437,1.65,1.0973930989879555,2.6959824588121353,400
sensing_disabled,2,438,1.825,1.0973931580877876,2.897497442403255,400
sensing_disabled,2,439,1.88,1.0973932112776337,3.277792258064654,400
sensing_disabled,2,440,1.885,1.0973932591485032,3.1915861061667083,400
sensing_disabled,2,441,1.81,1.097393302232278,3.6148208314446544,400
sensing_disabled,2,442,1.79,1.0973933410076806,3.7843556574539052,400
sensing_disabled,2,443,1.815,1.0973933759055408,3.421786107393754,400
sensing_disabled,2,444,1.8,1.0973934073136133,3.435282994520312,400
sensing_disabled,2,445,1.81,1.0973934355808783,3.572036839429932,400
sensing_disabled,2,446,1.795,1.097393461021421,3.5566411103181235,400
sensing_disabled,2,447,1.715,1.0973934839179087,3.272078962383866,400
sensing_disabled,2,448,1.7,1.097393504524745,3.0553325082117517,400
sensing_disabled,2,449,1.875,1.0973935230709015,3.3148835135296575,400
sensing_disabled,2,450,1.95,1.097393539762434,2.920071675228958,400
sensing_disabled,2,451,1.9,1.0973935547848224,3.0108209193557784,400
sensing_disabled,2,452,1.78,1.0973935683049696,3.027416282751135,400
sensing_disabled,2,453,1.77,1.0973935804731012,3.1038699080798007,400
sensing_disabled,2,454,1.68,1.0973935914244222,2.7268159468826805,400
sensing_disabled,2,455,1.64,1.0973936012806034,2.716385507305664,400
sensing_disabled,2,456,1.775,1.0973936101511732,3.1861652512139615,400
sensing_disabled,2,457,1.805,1.0973936181346853,2.999906736508165,400
sensing_disabled,2,458,1.755,1.0973936253198424,2.9300346540107047,400
sensing_disabled,2,459,1.705,1.0973936317864847,2.731028692949234,400
sensing_disabled,2,460,1.715,1.0973936376064655,2.78657905237263,400
sensing_disabled,2,461,1.715,1.0973936428444466,3.311532781734713,400
sensing_disabled,2,462,1.71,1.0973936475586308,3.2560244581138806,400
sensing_disabled,2,463,1.585,1.097393651801395,2.8355884983834967,400
sensing_disabled,2,464,1.65,1.0973936556198909,2.6360651249385874,400
sensing_disabled,2,465,1.695,1.0973936590565248,2.928731837551809,400
sensing_disabled,2,466,1.71,1.0973936621494964,3.2519923862907727,400
sensing_disabled,2,467,1.72,1.097393664933175,3.0258648088494122,400
sensing_disabled,2,468,1.735,1.0973936674384879,2.9883162895884348,400
sensing_disabled,2,469,1.715,1.0973936696932698,2.685700699076078,400
sensing_disabled,2,470,1.71,1.0973936717225736,2.7747963516532392,400
sensing_disabled,2,471,1.71,1.0973936735489411,2.8084850826800056,400
sensing_disabled,2,472,1.67,1.0973936751926696,2.6057043845958443,400
sensing_disabled,2,473,1.645,1.0973936766720378,2.8765216809275826,400
sensing_disabled,2,474,1.69,1.0973936780034583,2.8951917472920825,400
sensing_disabled,2,475,1.745,1.097393679201746,2.947884461684999,400
sensing_disabled,2,476,1.86,1.0973936802801991,3.3685050755880397,400
sensing_disabled,2,477,1.73,1.09739368125081,3.0391679368024422,400
sensing_disabled,2,478,1.62,1.0973936821243537,2.8614386719294154,400
sensing_disabled,2,479,1.505,1.097393682910547,3.074517287300774,400
sensing_disabled,2,480,1.585,1.0973936836181197,2.7310752721941993,400
sensing_disabled,2,481,1.705,1.09739368425493,2.8543558227917525,400
sensing_disabled,2,482,1.805,1.0973936848280668,3.0474953868551733,400
sensing_disabled,2,483,1.83,1.0973936853438917,3.216501444205099,400
sensing_disabled,2,484,1.87,1.0973936858081312,2.978705885579858,400
sensing_disabled,2,485,1.705,1.09739368622595,2.848779993104867,400
sensing_disabled,2,486,1.655,1.0973936866019773,2.8698468474876635,400
sensing_disabled,2,487,1.74,1.0973936869404106,2.760514407115587,400
sensing_disabled,2,488,1.83,1.0973936872450023,2.844959040821853,400
sensing_disabled,2,489,1.83,1.0973936875191255,3.00114707307382,400
sensing_disabled,2,490,1.805,1.097393687765845,3.426119828036444,400
sensing_disabled,2,491,1.9,1.097393687987884,3.4134041978554963,400
sensing_disabled,2,492,1.89,1.097393688187724,3.2256461707672117,400
sensing_disabled,2,493,1.895,1.0973936883675786,2.915896484454267,400
sensing_disabled,2,494,1.775,1.097393688529449,2.823238544400148,400
sensing_disabled,2,495,1.695,1.0973936886751345,2.6489965227792815,400
sensing_disabled,2,496,1.705,1.0973936888062494,2.8197275012189804,400
sensing_disabled,2,497,1.62,1.0973936889242542,2.9547237000880204,400
sensing_disabled,2,498,1.87,1.0973936890304516,3.3449548708784307,400
sensing_disabled,2,499,1.82,1.097393689126041,3.0582980337451904,400
sensing_disabled,2,500,1.88,1.0973936892120593,2.9363341158860505,400
sensing_disabled,2,501,1.84,1.0973936892894869,3.3345369233687827,400
sensing_disabled,2,502,1.905,1.097393689359162,3.2796130384359627,400
sensing_disabled,2,503,1.87,1.0973936894218779,3.036466757927204,400
sensing_disabled,2,504,1.865,1.0973936894783163,3.0311043902667802,400
sensing_disabled,2,505,1.835,1.0973936895291145,3.204201727686997,400
sensing_disabled,2,506,1.835,1.0973936895748266,3.6586036549805323,400
sensing_disabled,2,507,1.835,1.0973936896159757,3.4525082325666356,400
sensing_disabled,2,508,1.925,1.0973936896530105,3.6217488938705475,400
sensing_disabled,2,509,1.85,1.0973936896863354,3.226658923638696,400
sensing_disabled,2,510,1.805,1.0973936897163237,3.372196533254271,400
sensing_disabled,2,511,1.855,1.097393689743323,3.2069342867052657,400
sensing_disabled,2,512,1.83,1.097393689767624,3.019821415059473,400
sensing_disabled,2,513,1.82,1.0973936897894894,3.1101695869907995,400
sensing_disabled,2,514,1.78,1.0973936898091687,3.1611725107052555,400
sensing_disabled,2,515,1.715,1.0973936898268783,2.8028942769709824,400
sensing_disabled,2,516,1.61,1.0973936898428154,2.9843996239565933,400
sensing_disabled,2,517,1.55,1.0973936898571666,2.652095738056632,400
sensing_disabled,2,518,1.665,1.0973936898700765,2.930316390871747,400
sensing_disabled,2,519,1.705,1.097393689881699,3.018383458142377,400
sensing_disabled,2,520,1.83,1.0973936898921575,3.049835004892381,400
sensing_disabled,2,521,1.82,1.0973936899015713,2.936663822366284,400
sensing_disabled,2,522,1.775,1.097393689910041,2.689942263227306,400
sensing_disabled,2,523,1.74,1.0973936899176684,2.8370232737961296,400
sensing_disabled,2,524,1.765,1.0973936899245242,2.7930882301945226,400
sensing_disabled,2,525,1.705,1.0973936899307046,2.8204019548860995,400
sensing_disabled,2,526,1.725,1.0973936899362564,3.0632474322957344,400
sensing_disabled,2,527,1.615,1.0973936899412637,2.9210830486537893,400
sensing_disabled,2,528,1.545,1.0973936899457646,2.8929204750685367,400
sensing_disabled,2,529,1.545,1.097393689949815,2.918562219057247,400
sensing_disabled,2,530,1.59,1.0973936899534615,2.9736968407591187,400
sensing_disabled,2,531,1.755,1.097393689956744,2.7178334182085147,400
sensing_disabled,2,532,1.815,1.0973936899596979,3.036341962556955,400
sensing_disabled,2,533,1.85,1.0973936899623575,3.0163372039454517,400
sensing_disabled,2,534,1.735,1.0973936899647512,2.9631528389429955,400
sensing_disabled,2,535,1.76,1.097393689966902,2.893411122940191,400
sensing_disabled,2,536,1.795,1.0973936899688408,3.0635173702362297,400
sensing_disabled,2,537,1.69,1.0973936899705856,2.849480618325376,400
sensing_disabled,2,538,1.615,1.0973936899721544,2.8045232199688863,400
sensing_disabled,2,539,1.525,1.097393689973566,2.6873885154572217,400
sensing_disabled,2,540,1.665,1.0973936899748402,2.5733340945845473,400
sensing_disabled,2,541,1.685,1.097393689975985,3.019099690425662,400
sensing_disabled,2,542,1.7,1.0973936899770147,2.988280455499091,400
sensing_disabled,2,543,1.81,1.097393689977939,2.7656240696722505,400
sensing_disabled,2,544,1.72,1.0973936899787713,2.776789865406504,400
sensing_disabled,2,545,1.75,1.0973936899795231,2.6861840914266324,400
sensing_disabled,2,546,1.775,1.0973936899801975,2.8722650264721272,400
sensing_disabled,2,547,1.86,1.0973936899808117,3.3054847516671186,400
sensing_disabled,2,548,1.835,1.0973936899813537,3.243178882480164,400
sensing_disabled,2,549,1.685,1.0973936899818515,3.0550287290102287,400
sensing_disabled,2,550,1.64,1.0973936899822905,2.940473966712904,400
sensing_disabled,2,551,1.665,1.0973936899826908,3.0052487259928897,400
sensing_disabled,2,552,1.7,1.0973936899830492,2.9014716709383137,400
sensing_disabled,2,553,1.75,1.097393689983373,3.007550428460967,400
sensing_disabled,2,554,1.67,1.0973936899836634,2.748076077083045,400
sensing_disabled,2,555,1.63,1.0973936899839225,2.740282591619875,400
sensing_disabled,2,556,1.7,1.097393689984163,2.71562474403483,400
sensing_disabled,2,557,1.79,1.0973936899843726,2.927467112031508,400
sensing_disabled,2,558,1.82,1.097393689984566,3.1313013885657033,400
sensing_disabled,2,559,1.67,1.097393689984741,3.0586303320679566,400
sensing_disabled,2,560,1.685,1.0973936899848917,2.9792215689197357,400
sensing_disabled,2,561,1.835,1.0973936899850303,2.939273655854495,400
sensing_disabled,2,562,1.935,1.0973936899851544,3.5477743073244796,400
sensing_disabled,2,563,1.905,1.0973936899852703,3.9567137002210155,400
sensing_disabled,2,564,1.86,1.097393689985374,3.9171611828220256,400
sensing_disabled,2,565,1.84,1.0973936899854595,3.862032894616056,400
sensing_disabled,2,566,1.815,1.0973936899855443,3.363701136037687,400
sensing_disabled,2,567,1.815,1.0973936899856196,3.293413735742183,400
sensing_disabled,2,568,1.69,1.097393689985684,3.181746758853365,400
sensing_disabled,2,569,1.665,1.097393689985747,3.0709870190000177,400
sensing_disabled,2,570,1.65,1.0973936899858006,3.1044992382060643,400
sensing_disabled,2,571,1.66,1.0973936899858452,2.881795741430334,400
sensing_disabled,2,572,1.71,1.0973936899858874,2.7522830385145465,400
sensing_disabled,2,573,1.68,1.0973936899859302,3.05433694371151,400
sensing_disabled,2,574,1.81,1.0973936899859644,3.472226745238246,400
sensing_disabled,2,575,1.77,1.0973936899859948,3.2790252358681915,400
sensing_disabled,2,576,1.85,1.0973936899860268,2.8510365613364015,400
sensing_disabled,2,577,1.77,1.097393689986053,2.755848446017692,400
sensing_disabled,2,578,1.82,1.097393689986071,2.9098966887883257,400
sensing_disabled,2,579,1.875,1.097393689986093,3.1652549162940877,400
sensing_disabled,2,580,1.98,1.097393689986117,3.3610279714300426,400
sensing_disabled,2,581,1.98,1.0973936899861279,3.283035486532005,400
sensing_disabled,2,582,1.87,1.0973936899861487,3.431840396348044,400
sensing_disabled,2,583,1.85,1.0973936899861614,3.2302988487843685,400
sensing_disabled,2,584,1.76,1.097393689986172,3.0218284471142844,400
sensing_disabled,2,585,1.725,1.0973936899861843,2.95271954631906,400
sensing_disabled,2,586,1.72,1.0973936899861942,3.1033562776453505,400
sensing_disabled,2,587,1.645,1.0973936899861991,3.0332112526097896,400
sensing_disabled,2,588,1.66,1.0973936899862078,2.8472895013385466,400
sensing_disabled,2,589,1.7,1.0973936899862156,3.083377212502991,400
sensing_disabled,2,590,1.73,1.0973936899862222,3.1052544454456457,400
sensing_disabled,2,591,1.725,1.0973936899862275,3.3886792337521205,400
sensing_disabled,2,592,1.77,1.0973936899862373,3.349079995128892,400
sensing_disabled,2,593,1.805,1.0973936899862404,3.382396230037615,400
sensing_disabled,2,594,1.82,1.09739368998625,3.5018973421929607,400
sensing_disabled,2,595,1.825,1.0973936899862502,3.42778550915917,400
sensing_disabled,2,596,1.775,1.0973936899862502,3.488004329190115,400
sensing_disabled,2,597,1.66,1.0973936899862566,3.15884470591226,400
sensing_disabled,2,598,1.74,1.097393689986256,3.1403118817513107,400
sensing_disabled,2,599,1.785,1.0973936899862562,3.3308126565016636,400
sensing_disabled,2,600,1.7,1.0973936899862609,3.259704433293233,400
sensing_disabled,3,0,1.635,0.0,0.0,400
sensing_disabled,3,1,1.65,0.10973936899863278,1.125,400
sensing_disabled,3,2,1.68,0.20850480109739608,1.8843750000000001,400
sensing_disabled,3,3,1.69,0.2973936899862832,1.95046875,400
sensing_disabled,3,4,1.655,0.37739368998628353,1.9149521484375,400
sensing_disabled,3,5,1.61,0.4493936899862817,2.063390081176758,400
sensing_disabled,3,6,1.615,0.5141936899862815,2.153271743041992,400
sensing_disabled,3,7,1.635,0.5725136899862813,2.3971088173293116,400
sensing_disabled,3,8,1.69,0.6250016899862813,2.473198357752954,400
sensing_disabled,3,9,1.77,0.6722408899862835,2.76752893331988,400
sensing_disabled,3,10,1.835,0.7147561699862812,3.4062384091600357,400
sensing_disabled,3,11,1.99,0.7530199219862829,3.6399368707906286,400
sensing_disabled,3,12,2.085,0.7874572987862829,4.144383356818286,400
sensing_disabled,3,13,2.125,0.8184509379062775,4.024080636798583,400
sensing_disabled,3,14,2.265,0.8463452131142838,4.3910895124612095,400
sensing_disabled,3,15,2.285,0.8714500608014814,4.977563029693886,400
sensing_disabled,3,16,2.435,0.8940444237199607,4.798538836726253,400
sensing_disabled,3,17,2.67,0.9143793503465942,5.07237734357596,400
sensing_disabled,3,18,2.67,0.9326807843105647,5.424387690560508,400
sensing_disabled,3,19,2.755,0.9491520748781364,5.856452094740124,400
sensing_disabled,3,20,2.715,0.9639762363889501,5.787372647692633,400
sensing_disabled,3,21,2.805,0.9773179817486815,5.71639449361261,400
sensing_disabled,3,22,2.915,0.989325552572442,6.116704488181063,400
sensing_disabled,3,23,3.11,1.0001323663138282,6.429744767096807,400
sensing_disabled,3,24,3.255,1.0098584986810744,6.468175767493597,400
sensing_disabled,3,25,3.48,1.0186120178115898,6.479275200849767,400
sensing_disabled,3,26,3.625,1.0264901850290613,7.01255500190931,400
sensing_disabled,3,27,3.99,1.0335805355247838,6.502802034514478,400
sensing_disabled,3,28,4.125,1.039961850970932,6.5407957074033,400
sensing_disabled,3,29,4.52,1.0457050348724681,7.428425451798998,400
sensing_disabled,3,30,4.71,1.0508739003838503,8.245562400168089,400
sensing_disabled,3,31,4.96,1.0555258793440927,8.736357496072358,400
sensing_disabled,3,32,5.125,1.0597126604083131,9.712449703592863,400
sensing_disabled,3,33,5.165,1.0634807633661085,10.047738258881017,400
sensing_disabled,3,34,5.44,1.066872056028128,9.718505882659507,400
sensing_disabled,3,35,5.37,1.0699242194239418,9.149049019015013,400
sensing_disabled,3,36,5.615,1.0726711664801747,9.573238723981113,400
sensing_disabled,3,37,6.01,1.0751434188307862,9.54670327456971,400
sensing_disabled,3,38,5.95,1.0773684459463377,10.382463454236305,400
sensing_disabled,3,39,5.94,1.0793709703503334,9.842079064151221,400
sensing_disabled,3,40,6.105,1.081173242313928,9.551730245991044,400
sensing_disabled,3,41,6.25,1.0827952870811623,9.529191372416632,400
sensing_disabled,3,42,6.54,1.0842551273716765,10.67218147960201,400
sensing_disabled,3,43,6.68,1.0855689836331393,10.825639693177596,400
sensing_disabled,3,44,6.86,1.086751454268449,11.402145794548671,400
sensing_disabled,3,45,7.155,1.0878156778402348,12.71986412393314,400
sensing_disabled,3,46,7.21,1.0887734790548338,11.857248825718832,400
sensing_disabled,3,47,7.195,1.0896355001479847,11.206966314248078,400
sensing_disabled,3,48,7.53,1.090411319131815,11.959159084432986,400
sensing_disabled,3,49,7.77,1.0911095562172615,12.078344307271747,400
sensing_disabled,3,50,8.03,1.091737969594163,11.994036628020307,400
sensing_disabled,3,51,8.43,1.0923035416333728,12.762793351123193,400
sensing_disabled,3,52,8.625,1.092812556468667,13.465795330375137,400
sensing_disabled,3,53,8.745,1.0932706698204238,13.490442641805105,400
sensing_disabled,3,54,8.72,1.093682971837012,13.66339784152944,400
sensing_disabled,3,55,8.67,1.0940540436519381,12.95788698824954,400
sensing_disabled,3,56,8.67,1.0943880082853723,12.924593571707716,400
sensing_disabled,3,57,8.67,1.0946885764554666,12.66824094728813,400
sensing_disabled,3,58,8.82,1.0949590878085413,13.266109596887699,400
sensing_disabled,3,59,9.04,1.0952025480263212,13.203827959563368,400
sensing_disabled,3,60,9.1,1.0954216622223192,13.574901760846538,400
sensing_disabled,3,61,9.165,1.0956188649987144,14.495680166827858,400
sensing_disabled,3,62,9.165,1.0957963474974683,13.44198171831786,400
sensing_disabled,3,63,9.92,1.0959560817463552,12.831379432323937,400
sensing_disabled,3,64,10.46,1.0960998425703443,13.855979205957027,400
sensing_disabled,3,65,10.735,1.0962292273119403,14.88985302618149,400
sensing_disabled,3,66,10.775,1.0963456735793737,14.762165134721512,400
sensing_disabled,3,67,11.2,1.0964504752200668,15.156173072092935,400
sensing_disabled,3,68,11.34,1.0965447966966866,15.282633579779496,400
sensing_disabled,3,69,11.83,1.096629686025647,14.808252126033555,400
sensing_disabled,3,70,11.94,1.0967060864217062,15.421188458936168,400
sensing_disabled,3,71,11.75,1.0967748467781686,15.314602043952501,400
sensing_disabled,3,72,11.85,1.0968367310989793,15.856690687218073,400
sensing_disabled,3,73,12.11,1.0968924269877065,16.239353809655093,400
sensing_disabled,3,74,12.46,1.0969425532875678,17.6946259670649,400
sensing_disabled,3,75,12.895,1.0969876669574368,17.34273496492367,400
sensing_disabled,3,76,12.69,1.0970282692603215,17.73821003537612,400
sensing_disabled,3,77,12.985,1.0970648113329171,18.743300377450144,400
sensing_disabled,3,78,13.2,1.0970976991982513,17.656126276701936,400
sensing_disabled,3,79,13.515,1.0971272982770568,19.335769117883714,400
sensing_disabled,3,80,13.64,1.097153937447978,17.967998198757197,400
sensing_disabled,3,81,13.97,1.097177912701811,17.434513115308842,400
sensing_disabled,3,82,13.755,1.0971994904302562,18.39157925361539,400
sensing_disabled,3,83,13.655,1.097218910385859,16.899611123586844,400
sensing_disabled,3,84,13.815,1.0972363883459022,17.618485400571018,400
sensing_disabled,3,85,14.07,1.0972521185099362,17.313345303630392,400
sensing_disabled,3,86,14.555,1.0972662756575775,18.425529778800893,400
sensing_disabled,3,87,15.17,1.0972790170904416,19.342564509741166,400
sensing_disabled,3,88,15.39,1.0972904843800326,23.081464119342165,400
sensing_disabled,3,89,15.635,1.0973008049406552,20.63102692021274,400
sensing_disabled,3,90,15.53,1.0973100934452147,19.510163816113987,400
sensing_disabled,3,91,15.42,1.0973184530993247,20.51442679376445,400
sensing_disabled,3,92,15.97,1.097325976788019,19.93246383289368,400
sensing_disabled,3,93,15.99,1.0973327481078463,21.453508335433895,400
sensing_disabled,3,94,16.155,1.0973388422956911,19.637659147305616,400
sensing_disabled,3,95,15.995,1.0973443270647445,21.60869458231921,400
sensing_disabled,3,96,16.005,1.0973492633568969,20.251213626931943,400
sensing_disabled,3,97,16.605,1.0973537060198417,21.412198087772637,400
sensing_disabled,3,98,17.06,1.0973577044164853,22.8049899780096,400
sensing_disabled,3,99,17.065,1.0973613029734641,22.778988191550464,400
sensing_disabled,3,100,17.84,1.0973645416747453,23.991452043644752,400
sensing_disabled,3,101,18.185,1.0973674565059015,23.758804344384288,400
sensing_disabled,3,102,18.195,1.0973700798539339,25.036591575456722,400
sensing_disabled,3,103,18.035,1.0973724408671737,25.16005236207138,400
sensing_disabled,3,104,17.675,1.0973745657790805,24.551428268153668,400
sensing_disabled,3,105,17.18,1.0973764781998083,24.872341612734154,400
sensing_disabled,3,106,16.27,1.0973781993784502,23.85652798251924,400
sensing_disabled,3,107,15.765,1.0973797484392347,23.219011042537687,400
sensing_disabled,3,108,15.495,1.097381142593942,22.267898808226004,400
sensing_disabled,3,109,15.575,1.0973823973331727,22.284013672402402,400
sensing_disabled,3,110,16.185,1.0973835265984786,23.412824552046235,400
sensing_disabled,3,111,16.865,1.0973845429372644,22.09805427638918,400
sensing_disabled,3,112,17.485,1.0973854576421682,22.49376285522188,400
sensing_disabled,3,113,17.785,1.0973862808765797,24.402590310597574,400
sensing_disabled,3,114,17.875,1.097387021787543,21.45490926365431,400
sensing_disabled,3,115,18.18,1.0973876886074205,22.116105510970204,400
sensing_disabled,3,116,17.69,1.0973882887453064,22.6371844118431,400
sensing_disabled,3,117,17.71,1.0973888288694038,21.195382328484893,400
sensing_disabled,3,118,17.23,1.097389314981091,20.675892912163405,400
sensing_disabled,3,119,17.2,1.0973897524816123,21.075233125901278,400
sensing_disabled,3,120,17.305,1.0973901462320799,20.53026596880086,400
sensing_disabled,3,121,17.765,1.0973905006075024,20.842864252458575,400
sensing_disabled,3,122,18.65,1.0973908195453794,22.417242950374067,400
sensing_disabled,3,123,19.08,1.0973911065894677,21.324395828358107,400
sensing_disabled,3,124,19.445,1.0973913649291511,20.9601945920806,400
sensing_disabled,3,125,19.715,1.0973915974348663,22.138451867509673,400
sensing_disabled,3,126,19.725,1.0973918066900046,23.08124090700565,400
sensing_disabled,3,127,19.435,1.0973919950196336,23.58492705773734,400
sensing_disabled,3,128,19.43,1.0973921645162947,22.154307637495766,400
sensing_disabled,3,129,19.445,1.0973923170632947,22.863644622574792,400
sensing_disabled,3,130,19.365,1.0973924543555904,23.075552149429054,400
sensing_disabled,3,131,19.195,1.0973925779186666,22.62881815811209,400
sensing_disabled,3,132,19.31,1.097392689125426,23.490100975397926,400
sensing_disabled,3,133,18.97,1.097392789211512,22.390098834975408,400
sensing_disabled,3,134,18.885,1.0973928792889869,22.14394588757416,400
sensing_disabled,3,135,19.23,1.0973929603587154,20.848670162495047,400
sensing_disabled,3,136,19.71,1.097393033321472,22.401514811010603,400
sensing_disabled,3,137,20.115,1.0973930989879566,23.087177195544967,400
sensing_disabled,3,138,20.995,1.097393158087788,23.63361832590288,400
sensing_disabled,3,139,21.515,1.0973932112776374,24.551608395696043,400
sensing_disabled,3,140,22.37,1.0973932591485016,26.343472137470002,400
sensing_disabled,3,141,22.275,1.0973933022322784,24.998454881577604,400
sensing_disabled,3,142,22.385,1.0973933410076788,26.997547360953046,400
sensing_disabled,3,143,21.83,1.0973933759055385,26.50081854325942,400
sensing_disabled,3,144,21.995,1.0973934073136127,26.534256787941526,400
sensing_disabled,3,145,21.89,1.0973934355808768,26.788636336019756,400
sensing_disabled,3,146,21.605,1.097393461021421,26.78207832811597,400
sensing_disabled,3,147,21.33,1.0973934839179054,25.137402193192216,400
sensing_disabled,3,148,21.8,1.0973935045247472,25.377366209929637,400
sensing_disabled,3,149,22.045,1.0973935230709004,25.203953464652184,400
sensing_disabled,3,150,22.18,1.0973935397624377,26.513472653128243,400
sensing_disabled,3,151,22.475,1.0973935547848201,28.563359103558298,400
sensing_disabled,3,152,22.11,1.097393568304964,28.309353033771448,400
sensing_disabled,3,153,21.94,1.0973935804731003,27.476279178276762,400
sensing_disabled,3,154,21.64,1.0973935914244135,27.319700414397445,400
sensing_disabled,3,155,21.41,1.0973936012806027,24.248689275881,400
sensing_disabled,3,156,21.15,1.0973936101511732,25.239166112946762,400
sensing_disabled,3,157,21.97,1.097393618134687,24.75127727453824,400
sensing_disabled,3,158,22.725,1.0973936253198413,26.532888605411774,400
sensing_disabled,3,159,23.945,1.0973936317864872,28.312324102213992,400
sensing_disabled,3,160,24.86,1.0973936376064686,28.43743765272318,400
sensing_disabled,3,161,26.44,1.0973936428444475,32.11651817007866,400
sensing_disabled,3,162,27.31,1.097393647558631,29.956254544724846,400
sensing_disabled,3,163,27.82,1.097393651801398,32.41097069712799,400
sensing_disabled,3,164,27.0,1.0973936556198813,32.02703754433544,400
sensing_disabled,3,165,26.615,1.0973936590565239,31.20555591265829,400
sensing_disabled,3,166,25.615,1.0973936621495026,31.74354601219667,400
sensing_disabled,3,167,24.135,1.0973936649331808,31.511161081561426,400
sensing_disabled,3,168,23.21,1.0973936674384879,29.625369068873713,400
sensing_disabled,3,169,23.615,1.0973936696932631,28.937879926935167,400
sensing_disabled,3,170,24.755,1.097393671722576,28.36448285969905,400
sensing_disabled,3,171,26.295,1.0973936735489418,31.938158361021102,400
sensing_disabled,3,172,27.69,1.0973936751926814,31.57660280856079,400
sensing_disabled,3,173,28.615,1.0973936766720345,33.51874971895009,400
sensing_disabled,3,174,27.8,1.0973936780034583,33.04116132827709,400
sensing_disabled,3,175,26.6,1.097393679201743,34.0706518779188,400
sensing_disabled,3,176,24.705,1.0973936802801985,31.041937446835828,400
sensing_disabled,3,177,22.95,1.0973936812508085,30.88101011835938,400
sensing_disabled,3,178,22.68,1.097393682124353,31.814284144823464,400
sensing_disabled,3,179,23.345,1.0973936829105453,31.028387476579177,400
sensing_disabled,3,180,24.885,1.0973936836181208,30.175022894696788,400
sensing_disabled,3,181,26.035,1.0973936842549352,30.593865646328542,400
sensing_disabled,3,182,27.7,1.0973936848280712,30.958341679248147,400
sensing_disabled,3,183,27.735,1.0973936853438941,30.677421963431303,400
sensing_disabled,3,184,26.98,1.0973936858081275,31.20798320114165,400
sensing_disabled,3,185,26.78,1.0973936862259468,31.331888331857723,400
sensing_disabled,3,186,25.7,1.0973936866019796,30.389983712303124,400
sensing_disabled,3,187,25.5,1.0973936869404124,31.559503770030716,400
sensing_disabled,3,188,26.18,1.0973936872449965,30.751633468801014,400
sensing_disabled,3,189,26.915,1.0973936875191261,33.63776467850514,400
sensing_disabled,3,190,27.22,1.0973936877658423,32.49896963334374,400
sensing_disabled,3,191,27.54,1.0973936879878845,33.06251099734439,400
sensing_disabled,3,192,27.245,1.0973936881877286,32.69923760465421,400
sensing_disabled,3,193,28.255,1.0973936883675757,31.069004558735752,400
sensing_disabled,3,194,28.55,1.0973936885294517,31.675442001237172,400
sensing_disabled,3,195,29.295,1.0973936886751374,33.87712187941966,400
sensing_disabled,3,196,29.425,1.097393688806247,33.23715499095705,400
sensing_disabled,3,197,29.395,1.0973936889242537,36.24688595980665,400
sensing_disabled,3,198,28.615,1.0973936890304505,35.16082078145778,400
sensing_disabled,3,199,27.025,1.0973936891260416,34.09266246397352,400
sensing_disabled,3,200,25.77,1.0973936892120628,33.29658524609067,400
sensing_disabled,3,201,24.235,1.0973936892894829,31.010821579100867,400
sensing_disabled,3,202,24.135,1.0973936893591634,29.962112003188864,400
sensing_disabled,3,203,24.885,1.0973936894218779,29.940239267850338,400
sensing_disabled,3,204,25.51,1.0973936894783163,30.90166034791537,400
sensing_disabled,3,205,26.405,1.097393689529115,31.14980233502228,400
sensing_disabled,3,206,27.035,1.0973936895748353,32.22539485668028,400
sensing_disabled,3,207,27.51,1.0973936896159755,31.382067901418473,400
sensing_disabled,3,208,28.12,1.0973936896530085,32.204484303229506,400
sensing_disabled,3,209,28.405,1.0973936896863332,31.390580526688694,400
sensing_disabled,3,210,28.58,1.0973936897163277,33.48046957281214,400
sensing_disabled,3,211,28.73,1.097393689743324,33.59919233493851,400
sensing_disabled,3,212,28.44,1.0973936897676224,36.95107613773034,400
sensing_disabled,3,213,28.025,1.097393689789488,33.90414193601597,400
sensing_disabled,3,214,26.805,1.0973936898091667,37.28813504318459,400
sensing_disabled,3,215,26.61,1.0973936898268757,34.447549299587294,400
sensing_disabled,3,216,26.27,1.0973936898428176,33.07193443561105,400
sensing_disabled,3,217,26.725,1.0973936898571648,34.162691209577844,400
sensing_disabled,3,218,27.24,1.0973936898700782,31.113230386629525,400
sensing_disabled,3,219,28.085,1.0973936898816983,35.292513440716036,400
sensing_disabled,3,220,29.125,1.09739368989216,35.04126429973269,400
sensing_disabled,3,221,30.06,1.09739368990157,35.18664770322596,400
sensing_disabled,3,222,30.41,1.0973936899100383,36.58435481109195,400
sensing_disabled,3,223,29.82,1.0973936899176642,34.927037525957296,400
sensing_disabled,3,224,29.2,1.0973936899245265,34.59167785856901,400
sensing_disabled,3,225,27.35,1.0973936899307037,34.71087668743868,400
sensing_disabled,3,226,26.21,1.0973936899362575,31.843600617945068,400
sensing_disabled,3,227,25.26,1.0973936899412595,32.81390902262282,400
sensing_disabled,3,228,26.17,1.0973936899457657,30.806091768864228,400
sensing_disabled,3,229,27.185,1.0973936899498202,33.22942666701128,400
sensing_disabled,3,230,28.75,1.0973936899534638,34.620381424761256,400
sensing_disabled,3,231,30.73,1.0973936899567445,32.9160152078853,400
sensing_disabled,3,232,31.07,1.0973936899596972,34.268052213673,400
sensing_disabled,3,233,30.12,1.0973936899623562,35.47397148072225,400
sensing_disabled,3,234,29.045,1.0973936899647512,34.55721272059687,400
sensing_disabled,3,235,27.89,1.097393689966905,35.29064658230058,400
sensing_disabled,3,236,27.25,1.0973936899688412,35.03564986316594,400
sensing_disabled,3,237,26.585,1.0973936899705827,33.887238516571706,400
sensing_disabled,3,238,27.11,1.0973936899721528,32.97003105039603,400
sensing_disabled,3,239,27.92,1.097393689973565,35.470161364739106,400
sensing_disabled,3,240,28.54,1.0973936899748387,33.46390893445617,400
sensing_disabled,3,241,29.01,1.0973936899759837,34.90018616464348,400
sensing_disabled,3,242,29.395,1.0973936899770136,37.51969176803239,400
sensing_disabled,3,243,29.8,1.0973936899779422,36.732706102077145,400
sensing_disabled,3,244,29.41,1.0973936899787728,36.88353934790697,400
sensing_disabled,3,245,28.275,1.0973936899795234,35.27604600669135,400
sensing_disabled,3,246,27.45,1.0973936899802041,34.76155355466664,400
sensing_disabled,3,247,26.2,1.0973936899808083,32.40444220822312,400
sensing_disabled,3,248,25.635,1.0973936899813597,31.354954753414017,400
sensing_disabled,3,249,25.985,1.0973936899818548,31.45564671845602,400
sensing_disabled,3,250,26.005,1.0973936899822943,31.787023606577446,400
sensing_disabled,3,251,27.02,1.0973936899826904,31.798661458448713,400
sensing_disabled,3,252,27.635,1.0973936899830514,34.90493058704,400
sensing_disabled,3,253,27.775,1.097393689983374,31.580301261815467,400
sensing_disabled,3,254,28.58,1.0973936899836654,32.739167859326365,400
sensing_disabled,3,255,29.095,1.0973936899839292,33.734849769609035,400
sensing_disabled,3,256,28.515,1.0973936899841656,34.32116226829982,400
sensing_disabled,3,257,28.28,1.0973936899843717,34.53169329115859,400
sensing_disabled,3,258,27.66,1.0973936899845653,35.62952346937061,400
sensing_disabled,3,259,27.06,1.0973936899847363,34.63579423595991,400
sensing_disabled,3,260,27.075,1.0973936899848895,33.827580408902776,400
sensing_disabled,3,261,27.94,1.0973936899850316,32.91989915050938,400
sensing_disabled,3,262,28.64,1.097393689985156,34.34514434174704,400
sensing_disabled,3,263,29.735,1.0973936899852705,32.82391555971067,400
sensing_disabled,3,264,30.165,1.0973936899853725,32.69412109365667,400
sensing_disabled,3,265,29.615,1.0973936899854593,33.199090318999254,400
sensing_disabled,3,266,29.285,1.097393689985546,33.39801625339036,400
sensing_disabled,3,267,29.165,1.0973936899856207,33.29356253296855,400
sensing_disabled,3,268,27.905,1.0973936899856853,35.40794896142502,400
sensing_disabled,3,269,27.83,1.0973936899857404,33.56828230608986,400
sensing_disabled,3,270,27.635,1.0973936899858039,32.106870141453825,400
sensing_disabled,3,271,27.925,1.097393689985845,32.950308512439726,400
sensing_disabled,3,272,27.765,1.0973936899858914,33.03815814487374,400
sensing_disabled,3,273,28.8,1.0973936899859327,30.523204368840467,400
sensing_disabled,3,274,29.605,1.097393689985964,32.38986004382662,400
sensing_disabled,3,275,30.435,1.0973936899859909,33.97647250640888,400
sensing_disabled,3,276,30.985,1.0973936899860222,36.01291373250024,400
sensing_disabled,3,277,30.18,1.09739368998605,32.62202427414154,400
sensing_disabled,3,278,29.645,1.0973936899860772,32.20484526376297,400
sensing_disabled,3,279,29.175,1.0973936899860974,30.918931378201435,400
sensing_disabled,3,280,28.39,1.0973936899861119,30.901550467512198,400
sensing_disabled,3,281,28.42,1.097393689986127,30.984287843495327,400
sensing_disabled,3,282,28.365,1.0973936899861447,30.341680569223016,400
sensing_disabled,3,283,29.21,1.0973936899861585,31.851371946828895,400
sensing_disabled,3,284,30.39,1.0973936899861723,34.34318461342952,400
sensing_disabled,3,285,31.62,1.0973936899861827,33.9447477464202,400
sensing_disabled,3,286,32.425,1.0973936899861942,34.929827108032,400
sensing_disabled,3,287,31.66,1.0973936899862056,36.15964072045183,400
sensing_disabled,3,288,31.35,1.0973936899862142,33.99050378332573,400
sensing_disabled,3,289,31.1,1.0973936899862184,35.946459402780526,400
sensing_disabled,3,290,30.115,1.097393689986225,35.07224328723735,400
sensing_disabled,3,291,29.27,1.0973936899862295,34.94648723331365,400
sensing_disabled,3,292,29.095,1.097393689986233,34.15930100910408,400
sensing_disabled,3,293,29.485,1.097393689986236,36.1751486967024,400
sensing_disabled,3,294,29.095,1.097393689986242,35.088518280105504,400
sensing_disabled,3,295,28.725,1.0973936899862469,34.15034984270871,400
sensing_disabled,3,296,28.91,1.0973936899862502,32.540774871966455,400
sensing_disabled,3,297,29.56,1.0973936899862593,33.176190752344965,400
sensing_disabled,3,298,30.325,1.0973936899862553,34.0748909901863,400
sensing_disabled,3,299,30.345,1.0973936899862595,34.04081562984011,400
sensing_disabled,3,300,31.15,1.0973936899862615,34.72872150385685,400
sensing_disabled,3,301,0.67,0.10973936899863396,0.675,400
sensing_disabled,3,302,0.91,0.20850480109739744,1.1053125000000001,400
sensing_disabled,3,303,1.465,0.2973936899862813,1.31066015625,400
sensing_disabled,3,304,1.785,0.3773936899862812,1.890485595703125,400
sensing_disabled,3,305,1.94,0.44939368998628415,2.194647072143555,400
sensing_disabled,3,306,1.675,0.514193689986284,2.2553567403030397,400
sensing_disabled,3,307,1.57,0.5725136899862802,2.34685581609478,400
sensing_disabled,3,308,1.45,0.6250016899862832,2.489444457595711,400
sensing_disabled,3,309,1.565,0.6722408899862822,2.277840218504366,400
sensing_disabled,3,310,1.515,0.7147561699862802,2.3869396911633802,400
sensing_disabled,3,311,1.53,0.7530199219862797,2.300649332496521,400
sensing_disabled,3,312,1.585,0.7874572987862819,2.473699009563149,400
sensing_disabled,3,313,1.58,0.8184509379062846,2.6275634879191556,400
sensing_disabled,3,314,1.645,0.8463452131142828,2.775223450945136,400
sensing_disabled,3,315,1.695,0.8714500608014836,2.786239502634086,400
sensing_disabled,3,316,1.71,0.894044423719966,2.979813747037768,400
sensing_disabled,3,317,1.655,0.9143793503465925,2.965430713432963,400
sensing_disabled,3,318,1.605,0.9326807843105627,2.597764195336588,400
sensing_disabled,3,319,1.62,0.949152074878135,2.6581779899072133,400
sensing_disabled,3,320,1.715,0.9639762363889484,2.599198625241202,400
sensing_disabled,3,321,1.68,0.9773179817486823,2.5762698087396774,400
sensing_disabled,3,322,1.67,0.9893255525724397,2.7397513272491594,400
sensing_disabled,3,323,1.75,1.0001323663138266,2.969806948628489,400
sensing_disabled,3,324,1.74,1.0098584986810704,2.8219729673376044,400
sensing_disabled,3,325,1.7,1.0186120178115927,2.861324310937154,400
sensing_disabled,3,326,1.765,1.0264901850290642,2.927339010279544,400
sensing_disabled,3,327,1.85,1.0335805355247845,3.1326018248894356,400
sensing_disabled,3,328,1.85,1.0399618509709343,3.6886289874593117,400
sensing_disabled,3,329,1.82,1.0457050348724717,3.1781504669064615,400
sensing_disabled,3,330,1.66,1.0508739003838519,3.109461024345958,400
sensing_disabled,3,331,1.725,1.0555258793440945,2.917333763099033,400
sensing_disabled,3,332,1.715,1.0597126604083118,2.949492198940167,400
sensing_disabled,3,333,1.685,1.0634807633661094,2.9486412448089623,400
sensing_disabled,3,334,1.765,1.06687205602813,2.938006743408529,400
sensing_disabled,3,335,1.745,1.0699242194239407,3.035736488175896,400
sensing_disabled,3,336,1.815,1.0726711664801727,2.8861288624703927,400
sensing_disabled,3,337,1.905,1.0751434188307878,2.6555572657873565,400
sensing_disabled,3,338,1.91,1.0773684459463377,3.6041332851119114,400
sensing_disabled,3,339,1.88,1.079370970350335,3.6314072501345804,400
sensing_disabled,3,340,1.74,1.0811732423139233,3.518772782807622,400
sensing_disabled,3,341,1.775,1.0827952870811632,3.227278199145254,400
sensing_disabled,3,342,1.77,1.0842551273716743,3.1438823503941578,400
sensing_disabled,3,343,1.74,1.085568983633137,3.1466733726807865,400
sensing_disabled,3,344,1.765,1.0867514542684502,3.1144675261488874,400
sensing_disabled,3,345,1.8,1.0878156778402348,2.7415147242677755,400
sensing_disabled,3,346,1.805,1.0887734790548358,2.861979800122545,400
sensing_disabled,3,347,1.765,1.0896355001479818,3.0372044331321235,400
sensing_disabled,3,348,1.76,1.090411319131808,3.4378610838590586,400
sensing_disabled,3,349,1.78,1.0911095562172595,3.12064898284659,400
sensing_disabled,3,350,1.65,1.0917379695941631,3.0593707422595644,400
sensing_disabled,3,351,1.62,1.0923035416333704,2.9154018082508686,400
sensing_disabled,3,352,1.56,1.092812556468662,3.026122354615134,400
sensing_disabled,3,353,1.505,1.0932706698204262,2.8594048383794424,400
sensing_disabled,3,354,1.62,1.0936829718370176,2.769133275053484,400
sensing_disabled,3,355,1.6,1.0940540436519386,2.718614028595049,400
sensing_disabled,3,356,1.695,1.0943880082853772,2.5750897961561674,400
sensing_disabled,3,357,1.77,1.0946885764554646,2.704397010372992,400
sensing_disabled,3,358,1.75,1.0949590878085442,3.1358857554804884,400
sensing_disabled,3,359,1.7,1.0952025480263186,2.8446899283274836,400
sensing_disabled,3,360,1.705,1.0954216622223196,3.048212821787388,400
sensing_disabled,3,361,1.755,1.0956188649987098,2.8186414328452805,400
sensing_disabled,3,362,1.69,1.0957963474974701,3.65166304069291,400
sensing_disabled,3,363,1.66,1.0959560817463512,3.382767933752037,400
sensing_disabled,3,364,1.735,1.0960998425703412,3.2070190073872307,400
sensing_disabled,3,365,1.725,1.0962292273119376,3.03174237983367,400
sensing_disabled,3,366,1.645,1.0963456735793702,2.8390466908094245,400
sensing_disabled,3,367,1.66,1.0964504752200637,2.925923334241496,400
sensing_disabled,3,368,1.75,1.0965447966966881,2.881143874662334,400
sensing_disabled,3,369,1.805,1.0966296860256473,3.1825847912918537,400
sensing_disabled,3,370,1.755,1.096706086421712,3.4023017718825406,400
sensing_disabled,3,371,1.74,1.0967748467781677,3.2621009132235987,400
sensing_disabled,3,372,1.83,1.0968367310989797,3.0381928557310878,400
sensing_disabled,3,373,1.79,1.096892426987709,2.913758757197412,400
sensing_disabled,3,374,1.855,1.0969425532875636,2.752008610513805,400
sensing_disabled,3,375,1.84,1.0969876669574394,2.9083412000459847,400
sensing_disabled,3,376,1.735,1.0970282692603226,2.738276420200678,400
sensing_disabled,3,377,1.63,1.0970648113329196,2.681383546512287,400
sensing_disabled,3,378,1.625,1.0970976991982548,2.7296613943456753,400
sensing_disabled,3,379,1.61,1.0971272982770583,3.0526424161096206,400
sensing_disabled,3,380,1.63,1.097153937447977,3.0242749810892575,400
sensing_disabled,3,381,1.685,1.0971779127018124,2.8691096804449674,400
sensing_disabled,3,382,1.625,1.097199490430257,3.0974218423759545,400
sensing_disabled,3,383,1.65,1.0972189103858647,2.8408040183895857,400
sensing_disabled,3,384,1.755,1.0972363883458989,2.665782916464836,400
sensing_disabled,3,385,1.84,1.097252118509942,2.993055729986344,400
sensing_disabled,3,386,1.885,1.0972662756575735,3.009042440776484,400
sensing_disabled,3,387,1.84,1.0972790170904463,3.0676323533421286,400
sensing_disabled,3,388,1.72,1.0972904843800304,2.7486744740681575,400
sensing_disabled,3,389,1.685,1.0973008049406539,2.798369248142558,400
sensing_disabled,3,390,1.68,1.097310093445215,2.931498419331612,400
sensing_disabled,3,391,1.67,1.0973184530993207,2.856222648886077,400
sensing_disabled,3,392,1.64,1.0973259767880232,3.128029462926541,400
sensing_disabled,3,393,1.69,1.0973327481078472,2.9114763725926105,400
sensing_disabled,3,394,1.7,1.0973388422956876,2.762309712538757,400
sensing_disabled,3,395,1.605,1.0973443270647512,2.541926505231347,400
sensing_disabled,3,396,1.64,1.0973492633569026,2.889770777189077,400
sensing_disabled,3,397,1.53,1.0973537060198433,2.830524882435059,400
sensing_disabled,3,398,1.68,1.0973577044164828,2.682135023292854,400
sensing_disabled,3,399,1.705,1.0973613029734646,2.763936909979256,400
sensing_disabled,3,400,1.715,1.0973645416747473,2.8148626230258316,400
sensing_disabled,3,401,1.74,1.0973674565058964,2.9066803831572035,400
sensing_disabled,3,402,1.69,1.0973700798539385,3.6418487813875515,400
sensing_disabled,3,403,1.71,1.0973724408671726,3.053192337783076,400
sensing_disabled,3,404,1.77,1.097374565779085,2.9221099929172323,400
sensing_disabled,3,405,1.815,1.097376478199805,2.9193652828286907,400
sensing_disabled,3,406,1.85,1.0973781993784544,2.9468210119261338,400
sensing_disabled,3,407,1.885,1.097379748439234,3.1052443913501526,400
sensing_disabled,3,408,1.845,1.0973811425939437,3.701553215826335,400
sensing_disabled,3,409,1.765,1.0973823973331736,3.277506029856432,400
sensing_disabled,3,410,1.76,1.0973835265984841,3.3949530163189374,400
sensing_disabled,3,411,1.67,1.097384542937265,3.214348691861695,400
sensing_disabled,3,412,1.625,1.097385457642168,3.3943818333690854,400
sensing_disabled,3,413,1.62,1.0973862808765746,3.1807947594028954,400
sensing_disabled,3,414,1.685,1.0973870217875477,2.946670354754504,400
sensing_disabled,3,415,1.725,1.0973876886074214,2.917619403776633,400
sensing_disabled,3,416,1.75,1.0973882887453075,2.837467853565474,400
sensing_disabled,3,417,1.645,1.0973888288694054,3.2193234373756066,400
sensing_disabled,3,418,1.65,1.0973893149810936,2.95417811097507,400
sensing_disabled,3,419,1.67,1.097389752481617,2.983374010901846,400
sensing_disabled,3,420,1.81,1.0973901462320796,3.1062854263786224,400
sensing_disabled,3,421,1.785,1.0973905006074975,3.2229143374793385,400
sensing_disabled,3,422,1.725,1.0973908195453765,2.8627688910947846,400
sensing_disabled,3,423,1.695,1.0973911065894666,3.0349806142494655,400
sensing_disabled,3,424,1.67,1.097391364929148,3.1981140426558303,400
sensing_disabled,3,425,1.605,1.0973915974348638,3.430134609338467,400
sensing_disabled,3,426,1.595,1.0973918066900015,3.2007643274283275,400
sensing_disabled,3,427,1.565,1.0973919950196342,3.235477653071968,400
sensing_disabled,3,428,1.655,1.097392164516301,3.254290472111949,400
sensing_disabled,3,429,1.695,1.0973923170632967,3.1892752340150574,400
sensing_disabled,3,430,1.7,1.0973924543555957,2.863659216490541,400
sensing_disabled,3,431,1.72,1.0973925779186642,3.16342211096939,400
sensing_disabled,3,432,1.745,1.097392689125428,3.0031941186308204,400
sensing_disabled,3,433,1.755,1.097392789211507,3.037541848572612,400
sensing_disabled,3,434,1.755,1.0973928792889844,3.2439087352712455,400
sensing_disabled,3,435,1.895,1.0973929603587176,3.164012398215004,400
sensing_disabled,3,436,1.84,1.0973930333214783,3.2108747167986853,400
sensing_disabled,3,437,1.805,1.0973930989879523,2.9845139993361127,400
sensing_disabled,3,438,1.62,1.097393158087787,2.9250775130019058,400
sensing_disabled,3,439,1.67,1.0973932112776348,3.1258483578211416,400
sensing_disabled,3,440,1.635,1.0973932591485003,3.1011957669012524,400
sensing_disabled,3,441,1.54,1.0973933022322804,2.9541715423736274,400
sensing_disabled,3,442,1.595,1.0973933410076808,3.0906301773404223,400
sensing_disabled,3,443,1.61,1.0973933759055432,2.936969177819698,400
sensing_disabled,3,444,1.62,1.0973934073136165,3.129009402034288,400
sensing_disabled,3,445,1.595,1.0973934355808792,3.071127786255763,400
sensing_disabled,3,446,1.61,1.0973934610214189,3.1236957301459367,400
sensing_disabled,3,447,1.57,1.0973934839179071,3.0597404689189487,400
sensing_disabled,3,448,1.605,1.0973935045247463,3.2831554746105605,400
sensing_disabled,3,449,1.63,1.097393523070896,3.1984552443800895,400
sensing_disabled,3,450,1.545,1.0973935397624384,3.267843356471507,400
sensing_disabled,3,451,1.59,1.0973935547848253,3.061852750530621,400
sensing_disabled,3,452,1.64,1.0973935683049687,3.1545506515286843,400
sensing_disabled,3,453,1.54,1.0973935804730997,3.0304916149985344,400
sensing_disabled,3,454,1.63,1.097393591424419,3.0555774493416257,400
sensing_disabled,3,455,1.63,1.0973936012806045,3.0626589064158867,400
sensing_disabled,3,456,1.7,1.0973936101511759,3.0441552100934812,400
sensing_disabled,3,457,1.61,1.097393618134681,3.1418276440903408,400
sensing_disabled,3,458,1.67,1.097393625319848,3.218067413072119,400
sensing_disabled,3,459,1.69,1.0973936317864852,3.6656927121834095,400
sensing_disabled,3,460,1.695,1.0973936376064684,3.4227799569424975,400
sensing_disabled,3,461,1.755,1.0973936428444475,3.2153208290284057,400
sensing_disabled,3,462,1.65,1.0973936475586348,3.00383099016796,400
sensing_disabled,3,463,1.7,1.0973936518013963,3.0115083799276112,400
sensing_disabled,3,464,1.635,1.097393655619885,3.1455848477547,400
sensing_disabled,3,465,1.605,1.0973936590565279,2.9935495318090135,400
sensing_disabled,3,466,1.655,1.0973936621495,2.750320696473586,400
sensing_disabled,3,467,1.66,1.0973936649331806,2.91073807214764,400
sensing_disabled,3,468,1.68,1.0973936674384859,2.8599255529640866,400
sensing_disabled,3,469,1.72,1.097393669693268,2.963940492675901,400
sensing_disabled,3,470,1.72,1.097393671722566,2.967134077929139,400
sensing_disabled,3,471,1.645,1.0973936735489411,2.951475469152068,400
sensing_disabled,3,472,1.695,1.0973936751926745,2.747537961051703,400
sensing_disabled,3,473,1.605,1.0973936766720362,3.053954683079839,400
sensing_disabled,3,474,1.505,1.0973936780034612,2.8156733774532623,400
sensing_disabled,3,475,1.47,1.097393679201745,2.705022706101525,400
sensing_disabled,3,476,1.45,1.0973936802801987,2.757663667401898,400
sensing_disabled,3,477,1.555,1.0973936812508063,2.92762378458955,400
sensing_disabled,3,478,1.615,1.0973936821243526,2.8836149401203772,400
sensing_disabled,3,479,1.66,1.0973936829105464,2.777300927677583,400
sensing_disabled,3,480,1.62,1.0973936836181215,2.885414000484904,400
sensing_disabled,3,481,1.6,1.0973936842549348,3.013328429088451,400
sensing_disabled,3,482,1.575,1.0973936848280716,3.149018181700966,400
sensing_disabled,3,483,1.575,1.0973936853438924,2.7568198104125874,400
sensing_disabled,3,484,1.615,1.0973936858081303,2.6810577310258776,400
sensing_disabled,3,485,1.725,1.097393686225948,2.8001621887654813,400
sensing_disabled,3,486,1.665,1.097393686601977,2.8791422342431305,400
sensing_disabled,3,487,1.65,1.0973936869404115,2.917077421652021,400
sensing_disabled,3,488,1.585,1.0973936872450034,2.774051856364619,400
sensing_disabled,3,489,1.6,1.0973936875191295,2.7866611716011067,400
sensing_disabled,3,490,1.63,1.0973936877658446,2.949784486532553,400
sensing_disabled,3,491,1.64,1.097393687987886,3.052033220102014,400
sensing_disabled,3,492,1.575,1.0973936881877262,2.868696198057145,400
sensing_disabled,3,493,1.635,1.0973936883675826,2.829909110919392,400
sensing_disabled,3,494,1.755,1.0973936885294493,2.803523578214129,400
sensing_disabled,3,495,1.695,1.0973936886751336,2.8538009050015236,400
sensing_disabled,3,496,1.71,1.0973936888062514,2.997459036289947,400
sensing_disabled,3,497,1.66,1.0973936889242497,2.842207500559587,400
sensing_disabled,3,498,1.7,1.0973936890304565,3.1036568176312045,400
sensing_disabled,3,499,1.615,1.0973936891260405,2.9921310474419855,400
sensing_disabled,3,500,1.665,1.0973936892120577,3.12410970580324,400
sensing_disabled,3,501,1.68,1.0973936892894856,3.1942191020335984,400
sensing_disabled,3,502,1.76,1.0973936893591667,3.186894015094109,400
sensing_disabled,3,503,1.79,1.0973936894218734,3.304397562089532,400
sensing_disabled,3,504,1.69,1.097393689478317,3.264672584156384,400
sensing_disabled,3,505,1.715,1.0973936895291154,3.2543680177161107,400
sensing_disabled,3,506,1.685,1.0973936895748349,3.043942752895684,400
sensing_disabled,3,507,1.645,1.0973936896159742,3.111337585660528,400
sensing_disabled,3,508,1.665,1.0973936896530054,2.9531710596650758,400
sensing_disabled,3,509,1.765,1.0973936896863348,2.8982543051575886,400
sensing_disabled,3,510,1.745,1.0973936897163306,3.078153707989453,400
sensing_disabled,3,511,1.735,1.0973936897433267,3.0920274842099804,400
sensing_disabled,3,512,1.77,1.0973936897676235,2.9721556943805587,400
sensing_disabled,3,513,1.74,1.0973936897894838,2.665692558505887,400
sensing_disabled,3,514,1.695,1.0973936898091656,2.809404026104812,400
sensing_disabled,3,515,1.635,1.0973936898268768,2.8332472206280066,400
sensing_disabled,3,516,1.645,1.0973936898428132,2.7830149937765585,400
sensing_disabled,3,517,1.715,1.0973936898571621,3.0610618700959487,400
sensing_disabled,3,518,1.665,1.0973936898700742,3.0241123074838288,400
sensing_disabled,3,519,1.59,1.0973936898816958,2.807432323182692,400
sensing_disabled,3,520,1.58,1.0973936898921532,3.0017278871687036,400
sensing_disabled,3,521,1.545,1.0973936899015695,2.8212753228009073,400
sensing_disabled,3,522,1.605,1.09739368991004,2.8862052348264595,400
sensing_disabled,3,523,1.695,1.0973936899176648,3.0312308282461986,400
sensing_disabled,3,524,1.695,1.0973936899245298,2.9763150698691816,400
sensing_disabled,3,525,1.675,1.097393689930703,3.0440798949747445,400
sensing_disabled,3,526,1.61,1.0973936899362582,2.812332373144001,400
sensing_disabled,3,527,1.69,1.0973936899412622,3.0118873491431932,400
sensing_disabled,3,528,1.765,1.0973936899457628,3.273663600048038,400
sensing_disabled,3,529,1.765,1.0973936899498136,3.2662309687460573,400
sensing_disabled,3,530,1.76,1.09739368995346,3.292556087715058,400
sensing_disabled,3,531,1.66,1.0973936899567387,3.1790530821620098,400
sensing_disabled,3,532,1.675,1.0973936899596997,2.889048466761172,400
sensing_disabled,3,533,1.665,1.0973936899623544,2.849652230081476,400
sensing_disabled,3,534,1.7,1.0973936899647496,3.061176393093914,400
sensing_disabled,3,535,1.745,1.0973936899669017,3.166499168844132,400
sensing_disabled,3,536,1.78,1.097393689968843,3.233178389189084,400
sensing_disabled,3,537,1.755,1.0973936899705852,3.1088655089133486,400
sensing_disabled,3,538,1.685,1.0973936899721555,2.9380137780389934,400
sensing_disabled,3,539,1.765,1.0973936899735641,3.160113081832856,400
sensing_disabled,3,540,1.715,1.0973936899748402,3.0403922704624695,400
sensing_disabled,3,541,1.66,1.0973936899759869,3.237723569509546,400
sensing_disabled,3,542,1.645,1.0973936899770118,3.2798758958332925,400
sensing_disabled,3,543,1.82,1.0973936899779355,3.118662241284768,400
sensing_disabled,3,544,1.965,1.0973936899787775,3.2356226111796884,400
sensing_disabled,3,545,1.965,1.0973936899795278,3.369855055070846,400
sensing_disabled,3,546,2.005,1.0973936899802015,3.2093480925407487,400
sensing_disabled,3,547,1.885,1.0973936899808054,3.172353192215,400
sensing_disabled,3,548,1.72,1.0973936899813597,3.3588019372622275,400
sensing_disabled,3,549,1.73,1.0973936899818524,3.45375561312938,400
sensing_disabled,3,550,1.74,1.0973936899822965,3.160572375878815,400
sensing_disabled,3,551,1.675,1.0973936899826882,3.0236441738243585,400
sensing_disabled,3,552,1.75,1.0973936899830516,2.9886646256964986,400
sensing_disabled,3,553,1.71,1.097393689983372,3.0510982207928907,400
sensing_disabled,3,554,1.77,1.0973936899836676,3.469437956946047,400
sensing_disabled,3,555,1.775,1.0973936899839218,3.2823905796171933,400
sensing_disabled,3,556,1.875,1.0973936899841648,3.330603632020314,400
sensing_disabled,3,557,1.74,1.097393689984379,3.4254149906591116,400
sensing_disabled,3,558,1.695,1.0973936899845667,3.001052013882479,400
sensing_disabled,3,559,1.69,1.0973936899847374,3.081699060160407,400
sensing_disabled,3,560,1.665,1.0973936899848922,2.8851372664703785,400
sensing_disabled,3,561,1.6,1.0973936899850312,2.862759095596865,400
sensing_disabled,3,562,1.75,1.0973936899851566,3.0923143202320293,400
sensing_disabled,3,563,1.65,1.097393689985268,3.6028168025955565,400
sensing_disabled,3,564,1.67,1.097393689985372,3.2055603415448433,400
sensing_disabled,3,565,1.595,1.0973936899854613,2.954766486601057,400
sensing_disabled,3,566,1.69,1.0973936899855425,3.255687242696103,400
sensing_disabled,3,567,1.63,1.0973936899856183,3.203654295262467,400
sensing_disabled,3,568,1.655,1.0973936899856802,3.2445418584994603,400
sensing_disabled,3,569,1.665,1.0973936899857475,2.9367273947691332,400
sensing_disabled,3,570,1.63,1.0973936899857992,3.0137244026754075,400
sensing_disabled,3,571,1.64,1.097393689985846,2.854795802467182,400
sensing_disabled,3,572,1.655,1.0973936899858907,2.901640218715449,400
sensing_disabled,3,573,1.725,1.09739368998593,2.6556338376923545,400
sensing_disabled,3,574,1.62,1.0973936899859627,2.795368961324711,400
sensing_disabled,3,575,1.725,1.0973936899859986,2.9187435497125622,400
sensing_disabled,3,576,1.665,1.0973936899860235,3.172913304713983,400
sensing_disabled,3,577,1.665,1.097393689986053,3.2428922277175194,400
sensing_disabled,3,578,1.765,1.097393689986072,2.9442084781248723,400
sensing_disabled,3,579,1.74,1.0973936899860937,3.1430665390813397,400
sensing_disabled,3,580,1.895,1.0973936899861172,3.2441864050627744,400
sensing_disabled,3,581,1.865,1.097393689986127,3.474144753460942,400
sensing_disabled,3,582,1.87,1.0973936899861467,3.5216085739044862,400
sensing_disabled,3,583,1.795,1.0973936899861616,3.5850267886953544,400
sensing_disabled,3,584,1.82,1.0973936899861718,3.2731677564288733,400
sensing_disabled,3,585,1.815,1.097393689986183,2.902683957614358,400
sensing_disabled,3,586,1.885,1.0973936899861947,2.943896349657953,400
sensing_disabled,3,587,1.72,1.097393689986204,3.0981374087269584,400
sensing_disabled,3,588,1.715,1.097393689986208,3.1089997291833757,400
sensing_disabled,3,589,1.79,1.0973936899862204,3.277276554925401,400
sensing_disabled,3,590,1.85,1.0973936899862238,2.996034350398987,400
sensing_disabled,3,591,1.76,1.0973936899862295,2.9366632004080286,400
sensing_disabled,3,592,1.805,1.097393689986238,2.975324532790661,400
sensing_disabled,3,593,1.81,1.0973936899862422,2.9210843495135816,400
sensing_disabled,3,594,1.795,1.097393689986241,2.7763713252557056,400
sensing_disabled,3,595,1.775,1.0973936899862495,2.9448032897850243,400
sensing_disabled,3,596,1.855,1.097393689986252,3.0696749784084782,400
sensing_disabled,3,597,1.775,1.0973936899862555,3.2044625505177047,400
sensing_disabled,3,598,1.725,1.0973936899862522,3.1306721394792025,400
sensing_disabled,3,599,1.85,1.0973936899862602,3.333351975476059,400
sensing_disabled,3,600,1.91,1.0973936899862609,3.4925602873875246,400
sensing_disabled,4,0,1.765,0.0,0.0,400
sensing_disabled,4,1,1.77,0.1097393689986325,1.125,400
sensing_disabled,4,2,1.855,0.20850480109739603,1.7578125,400
sensing_disabled,4,3,1.73,0.2973936899862831,2.115984375,400
sensing_disabled,4,4,1.765,0.37739368998628287,1.893579345703125,400
sensing_disabled,4,5,1.785,0.4493936899862834,1.9816271026611332,400
sensing_disabled,4,6,1.795,0.5141936899862821,2.2643270867614746,400
sensing_disabled,4,7,1.865,0.5725136899862814,2.4089479427667615,400
sensing_disabled,4,8,1.895,0.6250016899862846,2.771824702782984,400
sensing_disabled,4,9,1.945,0.6722408899862831,3.0066775285576823,400
sensing_disabled,4,10,2.03,0.7147561699862822,3.2717976356557155,400
sensing_disabled,4,11,2.05,0.7530199219862838,3.478220599728769,400
sensing_disabled,4,12,2.075,0.7874572987862835,3.7866155480568566,400
sensing_disabled,4,13,2.045,0.8184509379062858,4.131137979589606,400
sensing_disabled,4,14,2.27,0.8463452131142803,4.168627612922967,400
sensing_disabled,4,15,2.36,0.8714500608014826,3.9940364151853034,400
sensing_disabled,4,16,2.49,0.8940444237199612,4.262499344583951,400
sensing_disabled,4,17,2.67,0.9143793503465962,4.349942099925679,400
sensing_disabled,4,18,2.79,0.9326807843105615,5.3411907620720775,400
sensing_disabled,4,19,2.85,0.949152074878134,5.89130399588773,400
sensing_disabled,4,20,3.11,0.963976236388951,5.702705279260955,400
sensing_disabled,4,21,3.33,0.977317981748683,5.780292549733191,400
sensing_disabled,4,22,3.495,0.9893255525724455,5.89025971773155,400
sensing_disabled,4,23,3.65,1.000132366313832,6.495928479815447,400
sensing_disabled,4,24,3.74,1.0098584986810692,6.813175999015951,400
sensing_disabled,4,25,3.69,1.0186120178115945,7.106003702603649,400
sensing_disabled,4,26,3.775,1.026490185029062,6.860195591184645,400
sensing_disabled,4,27,3.855,1.033580535524783,7.60713468328417,400
sensing_disabled,4,28,3.855,1.0399618509709345,6.8968644264615975,400
sensing_disabled,4,29,4.03,1.0457050348724661,6.821853696749649,400
sensing_disabled,4,30,4.29,1.0508739003838554,7.254890320181953,400
sensing_disabled,4,31,4.525,1.0555258793440974,7.327116441581629,400
sensing_disabled,4,32,4.73,1.0597126604083171,7.664792457838492,400
sensing_disabled,4,33,4.87,1.0634807633661099,7.358485544266437,400
sensing_disabled,4,34,4.92,1.0668720560281293,7.5594524511144385,400
sensing_disabled,4,35,5.01,1.0699242194239422,7.283619247076419,400
sensing_disabled,4,36,5.075,1.0726711664801765,7.309856040855061,400
sensing_disabled,4,37,5.09,1.0751434188307876,7.948210905910028,400
sensing_disabled,4,38,5.15,1.0773684459463406,8.137658308669227,400
sensing_disabled,4,39,5.54,1.07937097035033,8.702438728645253,400
sensing_disabled,4,40,5.675,1.0811732423139262,8.992083475271178,400
sensing_disabled,4,41,6.04,1.082795287081164,9.889697102999529,400
sensing_disabled,4,42,6.345,1.084255127371673,8.542935806536514,400
sensing_disabled,4,43,6.625,1.0855689836331295,10.175215369423258,400
sensing_disabled,4,44,6.845,1.08675145426845,10.66574152791372,400
sensing_disabled,4,45,6.875,1.0878156778402321,9.96164571680981,400
sensing_disabled,4,46,6.92,1.0887734790548407,9.950473623268607,400
sensing_disabled,4,47,6.95,1.0896355001479785,10.1537298650633,400
sensing_disabled,4,48,6.97,1.0904113191318119,9.613732187012916,400
sensing_disabled,4,49,7.09,1.0911095562172568,10.57428720081314,400
sensing_disabled,4,50,7.35,1.0917379695941616,9.986554827357532,400
sensing_disabled,4,51,7.59,1.092303541633377,10.661768234610472,400
sensing_disabled,4,52,7.445,1.0928125564686628,10.381053245845898,400
sensing_disabled,4,53,7.61,1.093270669820427,10.713164494299862,400
sensing_disabled,4,54,7.925,1.0936829718370118,11.529346123876921,400
sensing_disabled,4,55,8.08,1.0940540436519426,11.114145345235288,400
sensing_disabled,4,56,8.15,1.094388008285375,10.970450520980457,400
sensing_disabled,4,57,7.895,1.0946885764554675,11.182334941171973,400
sensing_disabled,4,58,7.995,1.0949590878085491,10.591036090499944,400
sensing_disabled,4,59,8.13,1.0952025480263188,11.148592129687929,400
sensing_disabled,4,60,8.725,1.0954216622223163,10.417190988130193,400
sensing_disabled,4,61,9.16,1.0956188649987124,11.277727426244358,400
sensing_disabled,4,62,9.595,1.0957963474974681,11.63007800710303,400
sensing_disabled,4,63,9.495,1.0959560817463487,12.906291294966918,400
sensing_disabled,4,64,9.025,1.0960998425703465,12.91698095329534,400
sensing_disabled,4,65,8.64,1.0962292273119412,12.530940685274464,400
sensing_disabled,4,66,8.715,1.0963456735793715,11.680374693472078,400
sensing_disabled,4,67,8.825,1.096450475220065,11.29684945392714,400
sensing_disabled,4,68,9.39,1.096544796696685,11.409931063573538,400
sensing_disabled,4,69,9.33,1.096629686025645,11.964384458562229,400
sensing_disabled,4,70,9.36,1.0967060864217095,11.399086131083893,400
sensing_disabled,4,71,9.44,1.0967748467781697,10.785832523145368,400
sensing_disabled,4,72,9.92,1.0968367310989755,11.972054649388058,400
sensing_disabled,4,73,10.385,1.096892426987707,12.959070902507007,400
sensing_disabled,4,74,10.61,1.0969425532875683,14.577191176555079,400
sensing_disabled,4,75,11.155,1.096987666957439,14.73011428618787,400
sensing_disabled,4,76,11.135,1.0970282692603217,16.161323260114234,400
sensing_disabled,4,77,11.25,1.0970648113329164,15.087185247817422,400
sensing_disabled,4,78,11.36,1.0970976991982577,14.226683439015009,400
sensing_disabled,4,79,11.38,1.097127298277054,13.904249440238035,400
sensing_disabled,4,80,11.36,1.0971539374479828,15.165529603733011,400
sensing_disabled,4,81,11.735,1.0971779127018138,14.247366662888739,400
sensing_disabled,4,82,11.495,1.0971994904302547,15.321008539077756,400
sensing_disabled,4,83,11.15,1.0972189103858598,13.697766118949712,400
sensing_disabled,4,84,10.725,1.0972363883459022,14.036460265846538,400
sensing_disabled,4,85,10.545,1.0972521185099424,13.107926099543858,400
sensing_disabled,4,86,10.655,1.0972662756575728,14.177965138347753,400
sensing_disabled,4,87,10.885,1.0972790170904436,14.855368489937751,400
sensing_disabled,4,88,11.37,1.097290484380027,14.021538906799753,400
sensing_disabled,4,89,12.065,1.0973008049406552,14.066146244402242,400
sensing_disabled,4,90,12.32,1.0973100934452156,15.500667293734594,400
sensing_disabled,4,91,12.665,1.0973184530993247,13.977547474101694,400
sensing_disabled,4,92,12.935,1.0973259767880172,15.709434288423653,400
sensing_disabled,4,93,13.14,1.0973327481078454,15.39879266022425,400
sensing_disabled,4,94,12.915,1.0973388422956913,15.344846849585885,400
sensing_disabled,4,95,13.125,1.0973443270647496,15.449826313009352,400
sensing_disabled,4,96,13.425,1.097349263356901,15.944030765178596,400
sensing_disabled,4,97,13.225,1.0973537060198417,15.27148137473602,400
sensing_disabled,4,98,13.4,1.0973577044164864,15.20466587419477,400
sensing_disabled,4,99,13.505,1.0973613029734657,15.958517697965819,400
sensing_disabled,4,100,13.12,1.0973645416747473,17.11382113105987,400
sensing_disabled,4,101,12.58,1.0973674565058982,16.46274960319245,400
sensing_disabled,4,102,12.48,1.0973700798539394,16.195612079475207,400
sensing_disabled,4,103,12.325,1.0973724408671737,16.086223399986526,400
sensing_disabled,4,104,12.34,1.0973745657790814,16.48782685607943,400
sensing_disabled,4,105,12.665,1.0973764781998052,15.275897291262796,400
sensing_disabled,4,106,12.75,1.0973781993784508,16.400227379473126,400
sensing_disabled,4,107,12.44,1.0973797484392311,15.495763334747004,400
sensing_disabled,4,108,12.51,1.097381142593935,15.330562530096254,400
sensing_disabled,4,109,13.165,1.0973823973331704,17.151454584076486,400
sensing_disabled,4,110,13.25,1.0973835265984848,17.060624208119826,400
sensing_disabled,4,111,13.405,1.0973845429372633,17.25623966339423,400
sensing_disabled,4,112,13.425,1.0973854576421675,16.751805989687643,400
sensing_disabled,4,113,13.785,1.0973862808765797,16.220677600886656,400
sensing_disabled,4,114,13.835,1.0973870217875472,16.612931359117002,400
sensing_disabled,4,115,13.48,1.0973876886074223,15.402747619579829,400
sensing_disabled,4,116,13.36,1.0973882887453081,15.902964615659124,400
sensing_disabled,4,117,13.3,1.0973888288694047,15.622030872505325,400
sensing_disabled,4,118,13.405,1.0973893149810912,15.861565625001248,400
sensing_disabled,4,119,13.68,1.09738975248161,15.483735082771075,400
sensing_disabled,4,120,13.98,1.0973901462320772,15.750147224878704,400
sensing_disabled,4,121,14.68,1.0973905006075013,17.050486486584266,400
sensing_disabled,4,122,15.455,1.0973908195453779,18.40252675254959,400
sensing_disabled,4,123,15.405,1.0973911065894681,19.08739156566432,400
sensing_disabled,4,124,15.535,1.09739136492915,19.439920122911435,400
sensing_disabled,4,125,15.34,1.0973915974348636,18.52908105256915,400
sensing_disabled,4,126,15.675,1.0973918066900032,17.744579013889545,400
sensing_disabled,4,127,16.085,1.0973919950196334,17.435307501341036,400
sensing_disabled,4,128,16.145,1.0973921645162983,18.1959877663906,400
sensing_disabled,4,129,16.08,1.0973923170632975,18.644175367986794,400
sensing_disabled,4,130,16.26,1.0973924543555929,19.85821594141487,400
sensing_disabled,4,131,16.275,1.0973925779186633,19.509724693316873,400
sensing_disabled,4,132,15.895,1.0973926891254286,19.464264266567163,400
sensing_disabled,4,133,15.375,1.0973927892115103,19.4166619702508,400
sensing_disabled,4,134,15.16,1.0973928792889849,19.943265412797608,400
sensing_disabled,4,135,15.175,1.0973929603587198,19.729805201223314,400
sensing_disabled,4,136,15.49,1.0973930333214752,19.548376916249858,400
sensing_disabled,4,137,16.135,1.0973930989879541,18.883036597250914,400
sensing_disabled,4,138,16.195,1.0973931580877876,19.572841166697984,400
sensing_disabled,4,139,15.955,1.0973932112776357,19.820382213299556,400
sensing_disabled,4,140,15.9,1.0973932591484996,20.249053731921034,400
sensing_disabled,4,141,16.055,1.097393302232282,19.122933244827564,400
sensing_disabled,4,142,16.63,1.0973933410076788,20.177285492058257,400
sensing_disabled,4,143,16.92,1.097393375905541,23.207422681976368,400
sensing_disabled,4,144,16.56,1.0973934073136138,23.00708327347417,400
sensing_disabled,4,145,16.025,1.0973934355808825,23.48202337065134,400
sensing_disabled,4,146,16.445,1.0973934610214213,22.549651747616817,400
sensing_disabled,4,147,16.68,1.097393483917907,23.237527614443344,400
sensing_disabled,4,148,17.35,1.0973935045247427,25.04438051620663,400
sensing_disabled,4,149,17.625,1.0973935230709035,22.8359708440854,400
sensing_disabled,4,150,18.18,1.0973935397624404,24.016811660850454,400
sensing_disabled,4,151,18.99,1.0973935547848184,23.504176637667964,400
sensing_disabled,4,152,19.645,1.0973935683049647,25.38401844247202,400
sensing_disabled,4,153,20.22,1.0973935804730959,26.061589875345746,400
sensing_disabled,4,154,19.9,1.0973935914244137,27.48572828843046,400
sensing_disabled,4,155,19.175,1.0973936012806045,30.139578825023012,400
sensing_disabled,4,156,18.72,1.0973936101511732,27.661667863001284,400
sensing_disabled,4,157,19.24,1.097393618134683,30.015896764702223,400
sensing_disabled,4,158,19.425,1.0973936253198415,29.211733362456027,400
sensing_disabled,4,159,19.85,1.0973936317864892,27.676241881409517,400
sensing_disabled,4,160,20.455,1.097393637606464,30.077127606005224,400
sensing_disabled,4,161,20.9,1.0973936428444486,28.301305262480458,400
sensing_disabled,4,162,21.645,1.097393647558635,28.95084770644647,400
sensing_disabled,4,163,21.965,1.0973936518013938,32.24487118695156,400
sensing_disabled,4,164,22.755,1.0973936556198838,35.034947764667976,400
sensing_disabled,4,165,22.94,1.0973936590565267,33.97608784004442,400
sensing_disabled,4,166,21.97,1.0973936621494993,34.83300540938167,400
sensing_disabled,4,167,21.045,1.0973936649331781,34.658161354639,400
sensing_disabled,4,168,20.76,1.0973936674384879,33.284456624199024,400
sensing_disabled,4,169,20.055,1.0973936696932698,32.18303963692348,400
sensing_disabled,4,170,19.395,1.0973936717225712,32.522451535427344,400
sensing_disabled,4,171,19.615,1.0973936735489447,30.809501223055786,400
sensing_disabled,4,172,19.8,1.0973936751926772,29.84708877447112,400
sensing_disabled,4,173,20.145,1.0973936766720356,30.23862654626075,400
sensing_disabled,4,174,20.34,1.0973936780034603,31.546513092209292,400
sensing_disabled,4,175,20.49,1.0973936792017442,31.347453853544494,400
sensing_disabled,4,176,21.195,1.0973936802801958,31.534009271236727,400
sensing_disabled,4,177,21.8,1.0973936812508045,32.25347523477572,400
sensing_disabled,4,178,22.375,1.097393682124354,31.665187028110633,400
sensing_disabled,4,179,22.98,1.0973936829105457,33.17654881903116,400
sensing_disabled,4,180,22.61,1.0973936836181242,33.84275250623072,400
sensing_disabled,4,181,22.47,1.097393684254936,34.1569703502795,400
sensing_disabled,4,182,21.63,1.0973936848280714,33.834396001171676,400
sensing_disabled,4,183,21.42,1.097393685343893,32.615745792132884,400
sensing_disabled,4,184,20.865,1.0973936858081306,33.37613776826392,400
sensing_disabled,4,185,20.795,1.0973936862259472,33.4523812047121,400
sensing_disabled,4,186,21.355,1.0973936866019853,32.94340849305451,400
sensing_disabled,4,187,22.655,1.0973936869404082,32.657485179797966,400
sensing_disabled,4,188,23.725,1.0973936872449952,35.34009278044862,400
sensing_disabled,4,189,24.02,1.0973936875191275,33.82011900063779,400
sensing_disabled,4,190,23.78,1.0973936877658408,35.45924535571299,400
sensing_disabled,4,191,22.645,1.097393687987886,32.83044290740524,400
sensing_disabled,4,192,21.585,1.0973936881877262,32.29686022691241,400
sensing_disabled,4,193,19.975,1.0973936883675783,29.9705420424276,400
sensing_disabled,4,194,19.22,1.0973936885294533,30.016576237216427,400
sensing_disabled,4,195,18.785,1.0973936886751303,27.890147266729503,400
sensing_disabled,4,196,19.475,1.0973936888062517,27.722345475166545,400
sensing_disabled,4,197,20.595,1.0973936889242537,30.649206880431574,400
sensing_disabled,4,198,21.125,1.0973936890304565,29.969604222713585,400
sensing_disabled,4,199,21.855,1.0973936891260396,32.54552237743758,400
sensing_disabled,4,200,22.195,1.0973936892120624,30.46516618732957,400
sensing_disabled,4,201,22.57,1.0973936892894873,32.77359250962713,400
sensing_disabled,4,202,22.135,1.0973936893591674,33.00732622459725,400
sensing_disabled,4,203,22.405,1.0973936894218743,31.35186656339427,400
sensing_disabled,4,204,21.25,1.0973936894783214,33.469556307942426,400
sensing_disabled,4,205,21.13,1.0973936895291145,29.871729914853947,400
sensing_disabled,4,206,21.035,1.0973936895748284,31.220841155584388,400
sensing_disabled,4,207,21.45,1.0973936896159777,30.09484540263702,400
sensing_disabled,4,208,22.045,1.097393689653009,31.261911542961297,400
sensing_disabled,4,209,22.79,1.0973936896863308,33.53845106827283,400
sensing_disabled,4,210,22.62,1.0973936897163312,33.06092568335984,400
sensing_disabled,4,211,22.39,1.0973936897433252,34.13551936708194,400
sensing_disabled,4,212,22.12,1.0973936897676209,33.431888801145625,400
sensing_disabled,4,213,21.7,1.0973936897894858,33.47152101111303,400
sensing_disabled,4,214,22.18,1.0973936898091672,32.14678612960248,400
sensing_disabled,4,215,22.425,1.097393689826876,36.392137630995826,400
sensing_disabled,4,216,22.5,1.097393689842816,33.980762837322516,400
sensing_disabled,4,217,21.48,1.0973936898571648,34.0085873973051,400
sensing_disabled,4,218,21.09,1.0973936898700745,33.11586155058167,400
sensing_disabled,4,219,20.615,1.0973936898816934,31.941397216946104,400
sensing_disabled,4,220,20.29,1.0973936898921568,33.59237811558372,400
sensing_disabled,4,221,20.295,1.0973936899015695,31.442706104105483,400
sensing_disabled,4,222,20.12,1.097393689910039,32.836330804845716,400
sensing_disabled,4,223,20.425,1.0973936899176628,32.62418967782908,400
sensing_disabled,4,224,20.065,1.0973936899245267,31.39494397296582,400
sensing_disabled,4,225,20.255,1.0973936899306975,31.410698772185373,400
sensing_disabled,4,226,21.12,1.0973936899362615,31.249490358753203,400
sensing_disabled,4,227,21.415,1.097393689941265,31.136737899574847,400
sensing_disabled,4,228,21.68,1.0973936899457635,31.482351953784292,400
sensing_disabled,4,229,21.695,1.0973936899498142,33.30434088809865,400
sensing_disabled,4,230,21.2,1.0973936899534675,31.349592154994678,400
sensing_disabled,4,231,21.07,1.097393689956751,32.82494864013028,400
sensing_disabled,4,232,20.93,1.0973936899597,32.392600905233486,400
sensing_disabled,4,233,21.465,1.0973936899623546,32.815294379362264,400
sensing_disabled,4,234,23.08,1.097393689964752,32.988605768621106,400
sensing_disabled,4,235,23.965,1.0973936899669,35.63268532680008,400
sensing_disabled,4,236,24.035,1.0973936899688377,34.74282110719557,400
sensing_disabled,4,237,23.935,1.097393689970584,34.550571354932515,400
sensing_disabled,4,238,23.285,1.097393689972155,34.340773598389184,400
sensing_disabled,4,239,23.455,1.0973936899735703,33.92572375600284,400
sensing_disabled,4,240,22.73,1.0973936899748382,33.110136362111525,400
sensing_disabled,4,241,22.35,1.0973936899759822,31.70405999106122,400
sensing_disabled,4,242,22.65,1.097393689977011,31.21916887560473,400
sensing_disabled,4,243,22.445,1.0973936899779442,30.904764690600764,400
sensing_disabled,4,244,22.755,1.0973936899787766,32.478695174106875,400
sensing_disabled,4,245,23.735,1.0973936899795231,32.55554074914723,400
sensing_disabled,4,246,24.035,1.097393689980204,33.31534363235355,400
sensing_disabled,4,247,24.085,1.0973936899808074,33.71590746923922,400
sensing_disabled,4,248,24.405,1.0973936899813608,32.75655698156051,400
sensing_disabled,4,249,24.865,1.0973936899818453,32.6560270571422,400
sensing_disabled,4,250,25.03,1.0973936899822938,32.67673651713478,400
sensing_disabled,4,251,25.165,1.097393689982694,32.54470546869474,400
sensing_disabled,4,252,25.36,1.097393689983051,32.636193929765625,400
sensing_disabled,4,253,25.41,1.0973936899833734,32.841000457218236,400
sensing_disabled,4,254,25.565,1.0973936899836647,34.45195870740076,400
sensing_disabled,4,255,26.395,1.097393689983928,34.48060674547896,400
sensing_disabled,4,256,25.485,1.0973936899841614,37.25933897354224,400
sensing_disabled,4,257,25.35,1.0973936899843744,36.11334133786902,400
sensing_disabled,4,258,24.755,1.0973936899845673,35.83750859969342,400
sensing_disabled,4,259,25.21,1.0973936899847374,34.2603468046347,400
sensing_disabled,4,260,24.715,1.0973936899848895,33.19174451956182,400
sensing_disabled,4,261,23.66,1.09739368998503,34.09297808023434,400
sensing_disabled,4,262,23.7,1.0973936899851526,33.84817934108745,400
sensing_disabled,4,263,23.74,1.09739368998527,35.27753333461324,400
sensing_disabled,4,264,24.025,1.0973936899853651,33.280038691736664,400
sensing_disabled,4,265,24.505,1.09739368998546,35.145593709285464,400
sensing_disabled,4,266,25.445,1.09739368998554,33.1650302994065,400
sensing_disabled,4,267,25.815,1.0973936899856205,33.721077691976014,400
sensing_disabled,4,268,26.21,1.0973936899856829,37.6159622650893,400
sensing_disabled,4,269,26.16,1.097393689985745,36.348032113152115,400
sensing_disabled,4,270,25.62,1.0973936899857968,38.599148375634314,400
sensing_disabled,4,271,24.76,1.0973936899858456,36.6452028056124,400
sensing_disabled,4,272,23.45,1.0973936899858898,34.767503955299375,400
sensing_disabled,4,273,22.915,1.0973936899859302,34.040007201741574,400
sensing_disabled,4,274,22.715,1.0973936899859686,32.46122128195295,400
sensing_disabled,4,275,23.375,1.0973936899859944,32.21889676667744,400
sensing_disabled,4,276,24.94,1.0973936899860266,32.25918734093417,400
sensing_disabled,4,277,25.92,1.0973936899860492,34.26175791419075,400
sensing_disabled,4,278,26.24,1.0973936899860772,34.136809262060034,400
sensing_disabled,4,279,26.41,1.097393689986094,34.99056776944101,400
sensing_disabled,4,280,25.845,1.0973936899861103,35.69438053361475,400
sensing_disabled,4,281,24.815,1.097393689986128,34.06196479934466,400
sensing_disabled,4,282,24.855,1.0973936899861432,34.609512577603745,400
sensing_disabled,4,283,24.29,1.097393689986159,33.14649874021989,400
sensing_disabled,4,284,24.81,1.097393689986171,32.45300054256152,400
sensing_disabled,4,285,25.96,1.097393689986183,31.921533334127087,400
sensing_disabled,4,286,27.6,1.0973936899861931,32.96225335572656,400
sensing_disabled,4,287,28.94,1.0973936899861967,34.00416526425702,400
sensing_disabled,4,288,29.63,1.0973936899862122,36.489458278653444,400
sensing_disabled,4,289,28.945,1.097393689986216,36.9741643758959,400
sensing_disabled,4,290,28.275,1.0973936899862247,36.48269207986505,400
sensing_disabled,4,291,27.495,1.0973936899862324,36.126704345912266,400
sensing_disabled,4,292,27.265,1.0973936899862384,34.57124483676984,400
sensing_disabled,4,293,27.29,1.0973936899862382,35.22332585857502,400
sensing_disabled,4,294,28.015,1.0973936899862473,35.06807045846841,400
sensing_disabled,4,295,28.185,1.0973936899862462,34.5267254529828,400
sensing_disabled,4,296,28.965,1.0973936899862509,35.61568729493062,400
sensing_disabled,4,297,29.14,1.0973936899862542,35.62008669755785,400
sensing_disabled,4,298,28.925,1.097393689986259,35.707042406125005,400
sensing_disabled,4,299,28.17,1.0973936899862597,36.39656504141403,400
sensing_disabled,4,300,28.08,1.097393689986264,35.95780142611532,400
sensing_disabled,4,301,0.635,0.10973936899863403,0.675,400
sensing_disabled,4,302,0.915,0.2085048010973967,1.0293750000000002,400
sensing_disabled,4,303,1.415,0.2973936899862814,1.31765625,400
sensing_disabled,4,304,1.69,0.37739368998628214,1.8511013671874998,400
sensing_disabled,4,305,1.92,0.4493936899862826,2.116739498291016,400
sensing_disabled,4,306,1.72,0.5141936899862806,2.364285335929871,400
sensing_disabled,4,307,1.525,0.5725136899862812,2.6267177688217167,400
sensing_disabled,4,308,1.455,0.6250016899862829,2.6157361915174313,400
sensing_disabled,4,309,1.43,0.6722408899862806,2.2808909678514957,400
sensing_disabled,4,310,1.535,0.7147561699862831,2.3574497469557327,400
sensing_disabled,4,311,1.675,0.7530199219862838,2.5202750214524636,400
sensing_disabled,4,312,1.595,0.7874572987862813,2.3166440749087713,400
sensing_disabled,4,313,1.57,0.8184509379062845,2.5050299704146974,400
sensing_disabled,4,314,1.505,0.8463452131142848,2.2473858585610746,400
sensing_disabled,4,315,1.545,0.8714500608014817,2.154148714799676,400
sensing_disabled,4,316,1.57,0.8940444237199653,2.172798837042318,400
sensing_disabled,4,317,1.535,0.9143793503465975,2.4132151363601615,400
sensing_disabled,4,318,1.665,0.932680784310562,2.5847190352735354,400
sensing_disabled,4,319,1.655,0.9491520748781379,2.7438365368442477,400
sensing_disabled,4,320,1.65,0.9639762363889539,2.880425310798345,400
sensing_disabled,4,321,1.645,0.9773179817486846,2.756892208993726,400
sensing_disabled,4,322,1.65,0.9893255525724451,2.9154735746659224,400
sensing_disabled,4,323,1.56,1.0001323663138286,2.571884464012297,400
sensing_disabled,4,324,1.535,1.0098584986810741,2.88284968100274,400
sensing_disabled,4,325,1.61,1.0186120178115943,2.826421604748639,400
sensing_disabled,4,326,1.63,1.0264901850290622,2.6010826018436672,400
sensing_disabled,4,327,1.645,1.0335805355247856,2.634107202801959,400
sensing_disabled,4,328,1.61,1.0399618509709354,2.8225549396735548,400
sensing_disabled,4,329,1.71,1.0457050348724701,2.6930060345139184,400
sensing_disabled,4,330,1.785,1.0508739003838532,2.758924131201975,400
sensing_disabled,4,331,1.675,1.055525879344095,2.6615689850529987,400
sensing_disabled,4,332,1.71,1.059712660408315,2.847499569420444,400
sensing_disabled,4,333,1.655,1.0634807633661132,2.907866391825594,400
sensing_disabled,4,334,1.67,1.066872056028133,2.7409952833098146,400
sensing_disabled,4,335,1.585,1.0699242194239458,2.9244667738482972,400
sensing_disabled,4,336,1.615,1.0726711664801774,2.974273197650692,400
sensing_disabled,4,337,1.685,1.0751434188307856,3.054898249984918,400
sensing_disabled,4,338,1.625,1.0773684459463366,2.9467589870593,400
sensing_disabled,4,339,1.605,1.0793709703503314,3.0076801665946946,400
sensing_disabled,4,340,1.585,1.0811732423139266,2.721603538287367,400
sensing_disabled,4,341,1.675,1.0827952870811635,2.4371804726156205,400
sensing_disabled,4,342,1.86,1.0842551273716743,2.5549088805650877,400
sensing_disabled,4,343,1.935,1.085568983633137,2.625560879072252,400
sensing_disabled,4,344,1.855,1.0867514542684487,2.9257591791836757,400
sensing_disabled,4,345,1.885,1.087815677840232,3.071595603993946,400
sensing_disabled,4,346,1.815,1.0887734790548365,2.854092259262788,400
sensing_disabled,4,347,1.77,1.089635500147989,2.846976744166595,400
sensing_disabled,4,348,1.9,1.0904113191318106,2.8289400534079236,400
sensing_disabled,4,349,1.795,1.0911095562172557,3.00935983525724,400
sensing_disabled,4,350,1.84,1.0917379695941614,2.8918408032453913,400
sensing_disabled,4,351,1.825,1.0923035416333766,2.8874501916885533,400
sensing_disabled,4,352,1.78,1.0928125564686617,3.1426423415896356,400
sensing_disabled,4,353,1.725,1.0932706698204264,3.2561197943595106,400
sensing_disabled,4,354,1.63,1.0936829718370187,3.300924541547554,400
sensing_disabled,4,355,1.72,1.0940540436519393,2.9003008577132228,400
sensing_disabled,4,356,1.725,1.0943880082853739,2.7364278164306532,400
sensing_disabled,4,357,1.745,1.0946885764554635,2.570826453270407,400
sensing_disabled,4,358,1.705,1.0949590878085491,2.6338472047094106,400
sensing_disabled,4,359,1.76,1.095202548026319,2.807957111595276,400
sensing_disabled,4,360,1.78,1.0954216622223154,2.8578821933673124,400
sensing_disabled,4,361,1.68,1.0956188649987135,3.1253854581441907,400
sensing_disabled,4,362,1.605,1.0957963474974708,2.9214678240155516,400
sensing_disabled,4,363,1.54,1.0959560817463536,2.6360101441628245,400
sensing_disabled,4,364,1.69,1.0960998425703468,2.5186738714347983,400
sensing_disabled,4,365,1.605,1.0962292273119398,2.586240514338869,400
sensing_disabled,4,366,1.635,1.0963456735793717,2.66638846037226,400
sensing_disabled,4,367,1.7,1.096450475220063,2.77161166261702,400
sensing_disabled,4,368,1.68,1.0965447966966875,2.990296417120905,400
sensing_disabled,4,369,1.68,1.096629686025643,3.127755169840873,400
sensing_disabled,4,370,1.775,1.09670608642171,3.5546082784011106,400
sensing_disabled,4,371,1.875,1.0967748467781657,3.3962230548313657,400
sensing_disabled,4,372,1.91,1.0968367310989786,3.702978665334715,400
sensing_disabled,4,373,1.76,1.0968924269877098,3.52994333393984,400
sensing_disabled,4,374,1.725,1.096942553287565,3.4283756669156293,400
sensing_disabled,4,375,1.73,1.0969876669574388,2.8316813208733955,400
sensing_disabled,4,376,1.715,1.0970282692603224,2.903740534669165,400
sensing_disabled,4,377,1.66,1.0970648113329202,2.932923116337715,400
sensing_disabled,4,378,1.7,1.0970976991982522,2.985120848633446,400
sensing_disabled,4,379,1.685,1.097127298277055,2.8734440762509514,400
sensing_disabled,4,380,1.65,1.0971539374479813,2.8642350887864043,400
sensing_disabled,4,381,1.67,1.09717791270181,2.8472014400323955,400
sensing_disabled,4,382,1.555,1.097199490430257,2.706007909482439,400
sensing_disabled,4,383,1.56,1.0972189103858614,2.6755195662018156,400
sensing_disabled,4,384,1.6,1.0972363883459064,2.8339629186398465,400
sensing_disabled,4,385,1.62,1.097252118509941,2.8777916712752805,400
sensing_disabled,4,386,1.645,1.0972662756575728,2.6696545937577687,400
sensing_disabled,4,387,1.725,1.097279017090442,2.7440417228471485,400
sensing_disabled,4,388,1.705,1.0972904843800249,3.011376254832334,400
sensing_disabled,4,389,1.63,1.0973008049406585,2.8426965591579707,400
sensing_disabled,4,390,1.61,1.0973100934452142,2.9120681178574506,400
sensing_disabled,4,391,1.655,1.0973184530993245,2.6151172815759693,400
sensing_disabled,4,392,1.525,1.0973259767880166,2.8600532145326745,400
sensing_disabled,4,393,1.515,1.0973327481078496,2.8010159082950503,400
sensing_disabled,4,394,1.55,1.09733884229569,2.598595149331029,400
sensing_disabled,4,395,1.635,1.0973443270647478,2.633980729870269,400
sensing_disabled,4,396,1.78,1.0973492633569006,2.7235501268411784,400
sensing_disabled,4,397,1.78,1.0973537060198393,2.76281604520174,400
sensing_disabled,4,398,1.73,1.0973577044164837,2.9599369179565564,400
sensing_disabled,4,399,1.695,1.0973613029734652,2.7613643812986197,400
sensing_disabled,4,400,1.62,1.0973645416747488,2.8427620710937127,400
sensing_disabled,4,401,1.575,1.0973674565058986,2.935474909498427,400
sensing_disabled,4,402,1.63,1.0973700798539403,2.8915438672365923,400
sensing_disabled,4,403,1.68,1.0973724408671743,3.1751087810802194,400
sensing_disabled,4,404,1.765,1.0973745657790839,3.00711396401068,400
sensing_disabled,4,405,1.895,1.0973764781998043,2.9348104217485167,400
sensing_disabled,4,406,1.825,1.0973781993784546,3.044293675900913,400
sensing_disabled,4,407,1.81,1.0973797484392311,3.081970040066805,400
sensing_disabled,4,408,1.805,1.0973811425939402,3.4775901686566626,400
sensing_disabled,4,409,1.77,1.0973823973331756,3.4874030900526054,400
sensing_disabled,4,410,1.805,1.0973835265984824,3.7873316661559184,400
sensing_disabled,4,411,1.815,1.0973845429372646,3.8044757249490253,400
sensing_disabled,4,412,1.85,1.0973854576421664,3.381494764685119,400
sensing_disabled,4,413,1.805,1.097386280876578,3.4298065648247302,400
sensing_disabled,4,414,1.775,1.0973870217875503,3.3851723923193213,400
sensing_disabled,4,415,1.805,1.0973876886074188,3.302459664969407,400
sensing_disabled,4,416,1.81,1.0973882887453048,3.7396494839618657,400
sensing_disabled,4,417,1.84,1.097388828869407,3.413936239354618,400
sensing_disabled,4,418,1.8,1.0973893149810954,3.3836893490338147,400
sensing_disabled,4,419,1.75,1.0973897524816139,3.1651740276740457,400
sensing_disabled,4,420,1.735,1.0973901462320756,3.0148071134503938,400
sensing_disabled,4,421,1.775,1.097390500607499,2.8635255320765625,400
sensing_disabled,4,422,1.715,1.0973908195453792,2.8779779468138074,400
sensing_disabled,4,423,1.645,1.0973911065894695,2.9665173149088835,400
sensing_disabled,4,424,1.665,1.0973913649291482,3.0007786682270723,400
sensing_disabled,4,425,1.64,1.097391597434864,2.9651695832286626,400
sensing_disabled,4,426,1.56,1.097391806690004,3.0901127885513797,400
sensing_disabled,4,427,1.565,1.0973919950196316,3.1616767083900177,400
sensing_disabled,4,428,1.57,1.0973921645162983,2.964771221149031,400
sensing_disabled,4,429,1.68,1.097392317063292,3.0513776417157192,400
sensing_disabled,4,430,1.735,1.0973924543555957,2.939176478717777,400
sensing_disabled,4,431,1.685,1.0973925779186633,2.8243575398356544,400
sensing_disabled,4,432,1.715,1.0973926891254246,3.026827555797849,400
sensing_disabled,4,433,1.765,1.097392789211512,3.2228129037110484,400
sensing_disabled,4,434,1.75,1.097392879288989,3.371043587703039,400
sensing_disabled,4,435,1.74,1.0973929603587156,3.3961267468137106,400
sensing_disabled,4,436,1.705,1.0973930333214759,3.1339457172278604,400
sensing_disabled,4,437,1.725,1.0973930989879528,3.066647268738928,400
sensing_disabled,4,438,1.76,1.0973931580877898,3.019989758299304,400
sensing_disabled,4,439,1.76,1.0973932112776341,3.0704219297366846,400
sensing_disabled,4,440,1.795,1.0973932591485007,3.037746268173699,400
sensing_disabled,4,441,1.82,1.0973933022322795,3.3129531805527326,400
sensing_disabled,4,442,1.79,1.097393341007681,3.0157924235264044,400
sensing_disabled,4,443,1.705,1.0973933759055416,3.015251155191148,400
sensing_disabled,4,444,1.76,1.0973934073136151,2.979553223970271,400
sensing_disabled,4,445,1.78,1.097393435580881,2.841219636035857,400
sensing_disabled,4,446,1.78,1.0973934610214218,3.2304299876419043,400
sensing_disabled,4,447,1.705,1.0973934839179085,3.4831663444855616,400
sensing_disabled,4,448,1.715,1.097393504524748,3.531746971356171,400
sensing_disabled,4,449,1.685,1.0973935230709,3.2408337293830436,400
sensing_disabled,4,450,1.625,1.0973935397624346,2.9470398563023252,400
sensing_disabled,4,451,1.715,1.097393554784821,2.756834498023353,400
sensing_disabled,4,452,1.715,1.097393568304968,2.811463009167327,400
sensing_disabled,4,453,1.71,1.0973935804731032,2.830466641168002,400
sensing_disabled,4,454,1.73,1.0973935914244157,3.143643353748073,400
sensing_disabled,4,455,1.75,1.0973936012806031,3.1940517560354196,400
sensing_disabled,4,456,1.76,1.0973936101511752,2.965586756655326,400
sensing_disabled,4,457,1.735,1.0973936181346815,3.1478872043653228,400
sensing_disabled,4,458,1.7,1.0973936253198404,3.1121350960327177,400
sensing_disabled,4,459,1.805,1.0973936317864867,3.051120382881356,400
sensing_disabled,4,460,1.75,1.0973936376064664,2.9718752743990877,400
sensing_disabled,4,461,1.7,1.0973936428444482,3.093558000046817,400
sensing_disabled,4,462,1.755,1.0973936475586281,2.9957293232513087,400
sensing_disabled,4,463,1.8,1.0973936518013956,3.0879346116111352,400
sensing_disabled,4,464,1.765,1.0973936556198864,3.1403865032900793,400
sensing_disabled,4,465,1.725,1.0973936590565274,3.4159224785637923,400
sensing_disabled,4,466,1.76,1.0973936621495035,3.7084218682328265,400
sensing_disabled,4,467,1.92,1.0973936649331804,3.5113834889601776,400
sensing_disabled,4,468,1.995,1.0973936674384872,3.384190497586956,400
sensing_disabled,4,469,2.01,1.0973936696932676,3.560523008202584,400
sensing_disabled,4,470,1.905,1.097393671722574,3.197689386066793,400
sensing_disabled,4,471,1.825,1.0973936735489418,3.0659040138472746,400
sensing_disabled,4,472,1.955,1.0973936751926776,3.0408988913088075,400
sensing_disabled,4,473,1.865,1.09739367667204,3.078966182405178,400
sensing_disabled,4,474,1.905,1.0973936780034588,3.0032076453919534,400
sensing_disabled,4,475,1.705,1.0973936792017416,3.0171549458212454,400
sensing_disabled,4,476,1.8,1.0973936802801958,3.028387837827564,400
sensing_disabled,4,477,1.71,1.0973936812508047,3.28569710349739,400
sensing_disabled,4,478,1.88,1.0973936821243548,3.1990211730059137,400
sensing_disabled,4,479,1.925,1.0973936829105457,3.255419079196231,400
sensing_disabled,4,480,1.895,1.0973936836181175,3.0228401392188764,400
sensing_disabled,4,481,1.76,1.0973936842549383,2.946449496400654,400
sensing_disabled,4,482,1.86,1.097393684828071,3.0049201174010824,400
sensing_disabled,4,483,1.81,1.09739368534389,3.118316938553223,400
sensing_disabled,4,484,1.75,1.0973936858081297,3.004360245929877,400
sensing_disabled,4,485,1.75,1.097393686225949,3.4392577015958032,400
sensing_disabled,4,486,1.765,1.0973936866019784,3.4765296136592254,400
sensing_disabled,4,487,1.735,1.097393686940418,3.2664860211541367,400
sensing_disabled,4,488,1.615,1.097393687244996,3.092939082389761,400
sensing_disabled,4,489,1.66,1.0973936875191244,3.1275806809336593,400
sensing_disabled,4,490,1.68,1.0973936877658446,3.3970384906430207,400
sensing_disabled,4,491,1.62,1.0973936879878894,3.6102953132145768,400
sensing_disabled,4,492,1.62,1.0973936881877209,3.193314878288376,400
sensing_disabled,4,493,1.6,1.0973936883675794,2.900841614264426,400
sensing_disabled,4,494,1.705,1.0973936885294566,2.839798007238587,400
sensing_disabled,4,495,1.65,1.097393688675134,2.766068960710443,400
sensing_disabled,4,496,1.785,1.0973936888062514,2.7190056394191564,400
sensing_disabled,4,497,1.83,1.0973936889242513,3.2447918757280614,400
sensing_disabled,4,498,1.66,1.0973936890304572,3.2205018243560533,400
sensing_disabled,4,499,1.715,1.0973936891260418,3.0160468351883676,400
sensing_disabled,4,500,1.69,1.0973936892120661,2.9566592289587725,400
sensing_disabled,4,501,1.66,1.0973936892894853,3.1862282717822734,400
sensing_disabled,4,502,1.64,1.0973936893591685,3.0394790163498375,400
sensing_disabled,4,503,1.72,1.0973936894218768,3.2519255649721135,400
sensing_disabled,4,504,1.725,1.0973936894783163,3.2746153707634984,400
sensing_disabled,4,505,1.755,1.097393689529111,3.1793438677027788,400
sensing_disabled,4,506,1.81,1.0973936895748313,3.7942928065490213,400
sensing_disabled,4,507,1.79,1.0973936896159782,3.6409298552664793,400
sensing_disabled,4,508,1.74,1.0973936896530065,3.0347220727635578,400
sensing_disabled,4,509,1.765,1.0973936896863317,2.7885907680401862,400
sensing_disabled,4,510,1.71,1.0973936897163283,2.7671658121375557,400
sensing_disabled,4,511,1.71,1.097393689743327,3.01600054327361,400
sensing_disabled,4,512,1.735,1.0973936897676198,3.0132679572902377,400
sensing_disabled,4,513,1.76,1.0973936897894823,2.9327611011088006,400
sensing_disabled,4,514,1.845,1.097393689809166,2.7948282323441074,400
sensing_disabled,4,515,1.76,1.0973936898268801,2.7691293320330246,400
sensing_disabled,4,516,1.655,1.09739368984282,2.77547561820963,400
sensing_disabled,4,517,1.575,1.097393689857162,2.984613242851418,400
sensing_disabled,4,518,1.525,1.0973936898700793,2.9925811114521657,400
sensing_disabled,4,519,1.655,1.0973936898816978,3.310984136834019,400
sensing_disabled,4,520,1.71,1.0973936898921572,3.228716118809725,400
sensing_disabled,4,521,1.695,1.09739368990157,2.85173157982406,400
sensing_disabled,4,522,1.745,1.0973936899100427,2.882649091641689,400
sensing_disabled,4,523,1.67,1.0973936899176595,2.740817720339821,400
sensing_disabled,4,524,1.665,1.0973936899245256,2.8847409522121077,400
sensing_disabled,4,525,1.65,1.0973936899307022,2.7548862343406255,400
sensing_disabled,4,526,1.675,1.0973936899362617,3.099809165594296,400
sensing_disabled,4,527,1.715,1.0973936899412597,3.108913816847478,400
sensing_disabled,4,528,1.835,1.0973936899457637,2.9398359027036816,400
sensing_disabled,4,529,1.815,1.0973936899498156,2.8647843465431535,400
sensing_disabled,4,530,1.755,1.0973936899534653,3.1018622265678077,400
sensing_disabled,4,531,1.685,1.0973936899567467,2.9796532581249204,400
sensing_disabled,4,532,1.685,1.0973936899596979,3.1675316894351653,400
sensing_disabled,4,533,1.73,1.097393689962362,2.947456793428667,400
sensing_disabled,4,534,1.65,1.097393689964749,3.703287169837387,400
sensing_disabled,4,535,1.625,1.0973936899669035,3.6053647097909223,400
sensing_disabled,4,536,1.555,1.0973936899688406,3.2079447779190007,400
sensing_disabled,4,537,1.57,1.0973936899705847,3.0390930202916677,400
sensing_disabled,4,538,1.58,1.0973936899721555,2.902926199509378,400
sensing_disabled,4,539,1.645,1.0973936899735652,2.736933193595799,400
sensing_disabled,4,540,1.715,1.0973936899748393,2.823711359390409,400
sensing_disabled,4,541,1.625,1.097393689975983,2.640744654084766,400
sensing_disabled,4,542,1.59,1.0973936899770143,2.9351350715612896,400
sensing_disabled,4,543,1.565,1.0973936899779404,3.1621251337012626,400
sensing_disabled,4,544,1.615,1.0973936899787755,2.9196472212534705,400
sensing_disabled,4,545,1.585,1.0973936899795282,3.1059399212334164,400
sensing_disabled,4,546,1.645,1.0973936899802037,2.8733804731624852,400
sensing_disabled,4,547,1.775,1.0973936899808097,3.1441605347319195,400
sensing_disabled,4,548,1.785,1.0973936899813557,3.0449191717275776,400
sensing_disabled,4,549,1.64,1.0973936899818455,3.24612702018103,400
sensing_disabled,4,550,1.53,1.0973936899822962,3.304659226747711,400
sensing_disabled,4,551,1.56,1.0973936899826926,2.7571171749719583,400
sensing_disabled,4,552,1.62,1.0973936899830496,2.8578261977724853,400
sensing_disabled,4,553,1.61,1.0973936899833745,3.158248379802833,400
sensing_disabled,4,554,1.595,1.0973936899836647,2.823167083142983,400
sensing_disabled,4,555,1.65,1.0973936899839287,2.68608001967579,400
sensing_disabled,4,556,1.62,1.0973936899841625,2.9292533275795414,400
sensing_disabled,4,557,1.59,1.0973936899843748,2.918280234840645,400
sensing_disabled,4,558,1.79,1.0973936899845618,2.866843966473307,400
sensing_disabled,4,559,1.815,1.0973936899847319,3.2389649593287344,400
sensing_disabled,4,560,1.865,1.0973936899848906,3.4164808570838345,400
sensing_disabled,4,561,1.775,1.0973936899850267,3.2318492496649727,400
sensing_disabled,4,562,1.735,1.0973936899851535,3.0532286261707386,400
sensing_disabled,4,563,1.685,1.0973936899852679,3.115526911774309,400
sensing_disabled,4,564,1.67,1.0973936899853705,2.9471195926454863,400
sensing_disabled,4,565,1.65,1.0973936899854615,3.089015134104718,400
sensing_disabled,4,566,1.62,1.097393689985544,3.4793363742601175,400
sensing_disabled,4,567,1.57,1.0973936899856123,3.564888760114246,400
sensing_disabled,4,568,1.54,1.0973936899856858,3.659574158325851,400
sensing_disabled,4,569,1.675,1.0973936899857444,3.0775178128520815,400
sensing_disabled,4,570,1.67,1.097393689985794,3.0386799838974854,400
sensing_disabled,4,571,1.73,1.097393689985843,2.8903752302509784,400
sensing_disabled,4,572,1.84,1.097393689985894,2.936392325840539,400
sensing_disabled,4,573,1.77,1.09739368998593,2.789274756002526,400
sensing_disabled,4,574,1.705,1.0973936899859629,2.8855590607525947,400
sensing_disabled,4,575,1.725,1.0973936899859964,3.0860289014180604,400
sensing_disabled,4,576,1.69,1.0973936899860288,2.974869769221693,400
sensing_disabled,4,577,1.665,1.0973936899860521,2.8216738188284327,400
sensing_disabled,4,578,1.625,1.0973936899860743,2.7197235280417154,400
sensing_disabled,4,579,1.575,1.0973936899860934,2.590202614131209,400
sensing_disabled,4,580,1.54,1.0973936899861123,2.7351847339766904,400
sensing_disabled,4,581,1.57,1.097393689986129,2.6080188790886107,400
sensing_disabled,4,582,1.59,1.0973936899861454,2.581360057043646,400
sensing_disabled,4,583,1.59,1.0973936899861618,2.847720045432002,400
sensing_disabled,4,584,1.75,1.0973936899861731,2.8063332970814283,400
sensing_disabled,4,585,1.76,1.0973936899861834,2.936257737878765,400
sensing_disabled,4,586,1.785,1.097393689986195,2.855326941500381,400
sensing_disabled,4,587,1.73,1.0973936899861998,2.8038626670077145,400
sensing_disabled,4,588,1.65,1.0973936899862062,2.8614450136400347,400
sensing_disabled,4,589,1.575,1.0973936899862167,2.8780182768003524,400
sensing_disabled,4,590,1.625,1.0973936899862264,3.3299468546018676,400
sensing_disabled,4,591,1.66,1.0973936899862264,3.507355188522652,400
sensing_disabled,4,592,1.59,1.0973936899862324,3.284464968997067,400
sensing_disabled,4,593,1.715,1.0973936899862367,3.062676018927755,400
sensing_disabled,4,594,1.82,1.0973936899862469,2.8202444816088916,400
sensing_disabled,4,595,1.89,1.097393689986253,2.7872565064434784,400
sensing_disabled,4,596,1.82,1.097393689986248,3.148794377925564,400
sensing_disabled,4,597,1.875,1.0973936899862553,3.3482476267479617,400
sensing_disabled,4,598,1.8,1.0973936899862555,2.7891174789538895,400
sensing_disabled,4,599,1.75,1.097393689986265,2.744886262305491,400
sensing_disabled,4,600,1.73,1.0973936899862615,2.6438490032109936,400
