"BehaviorSpace results (NetLogo 7.0.4)","Table version 2.0"
"/home/brian/code/collective-competence/goal-discovery/src/experiments/thermostat/thermostat.nlogox"
"p2-train-discovery-passive"
"08/29/2026 02:56:25:552 -0700"
"min-pxcor","max-pxcor","min-pycor","max-pycor"
"0","4","-20","80"
"[run number]","arm","setpoint","displacement-amount","initial-temperature","ambient-temperature","relaxation-rate","controller-gain","max-control","max-ticks","load-magnitude","[step]","ticks","temperature"
"6","passive","23","5","20","20","0.05","0.25","2","160","0","0","0","20"
"1","passive","14","-6","20","20","0.05","0.25","2","160","0","0","0","20"
"8","passive","27","5","20","20","0.05","0.25","2","160","0","0","0","20"
"2","passive","14","5","20","20","0.05","0.25","2","160","0","0","0","20"
"5","passive","23","-6","20","20","0.05","0.25","2","160","0","0","0","20"
"7","passive","27","-6","20","20","0.05","0.25","2","160","0","0","0","20"
"3","passive","18","-6","20","20","0.05","0.25","2","160","0","0","0","20"
"4","passive","18","5","20","20","0.05","0.25","2","160","0","0","0","20"
"1","passive","14","-6","20","20","0.05","0.25","2","160","0","1","1","20"
"2","passive","14","5","20","20","0.05","0.25","2","160","0","1","1","20"
"6","passive","23","5","20","20","0.05","0.25","2","160","0","1","1","20"
"5","passive","23","-6","20","20","0.05","0.25","2","160","0","1","1","20"
"4","passive","18","5","20","20","0.05","0.25","2","160","0","1","1","20"
"8","passive","27","5","20","20","0.05","0.25","2","160","0","1","1","20"
"7","passive","27","-6","20","20","0.05","0.25","2","160","0","1","1","20"
"3","passive","18","-6","20","20","0.05","0.25","2","160","0","1","1","20"
"1","passive","14","-6","20","20","0.05","0.25","2","160","0","2","2","20"
"2","passive","14","5","20","20","0.05","0.25","2","160","0","2","2","20"
"6","passive","23","5","20","20","0.05","0.25","2","160","0","2","2","20"
"5","passive","23","-6","20","20","0.05","0.25","2","160","0","2","2","20"
"8","passive","27","5","20","20","0.05","0.25","2","160","0","2","2","20"
"4","passive","18","5","20","20","0.05","0.25","2","160","0","2","2","20"
"3","passive","18","-6","20","20","0.05","0.25","2","160","0","2","2","20"
"7","passive","27","-6","20","20","0.05","0.25","2","160","0","2","2","20"
"1","passive","14","-6","20","20","0.05","0.25","2","160","0","3","3","20"
"2","passive","14","5","20","20","0.05","0.25","2","160","0","3","3","20"
"6","passive","23","5","20","20","0.05","0.25","2","160","0","3","3","20"
"8","passive","27","5","20","20","0.05","0.25","2","160","0","3","3","20"
"4","passive","18","5","20","20","0.05","0.25","2","160","0","3","3","20"
"7","passive","27","-6","20","20","0.05","0.25","2","160","0","3","3","20"
"1","passive","14","-6","20","20","0.05","0.25","2","160","0","4","4","20"
"2","passive","14","5","20","20","0.05","0.25","2","160","0","4","4","20"
"8","passive","27","5","20","20","0.05","0.25","2","160","0","4","4","20"
"6","passive","23","5","20","20","0.05","0.25","2","160","0","4","4","20"
"7","passive","27","-6","20","20","0.05","0.25","2","160","0","4","4","20"
"1","passive","14","-6","20","20","0.05","0.25","2","160","0","5","5","20"
"2","passive","14","5","20","20","0.05","0.25","2","160","0","5","5","20"
"6","passive","23","5","20","20","0.05","0.25","2","160","0","5","5","20"
"8","passive","27","5","20","20","0.05","0.25","2","160","0","5","5","20"
"7","passive","27","-6","20","20","0.05","0.25","2","160","0","5","5","20"
"1","passive","14","-6","20","20","0.05","0.25","2","160","0","6","6","20"
"6","passive","23","5","20","20","0.05","0.25","2","160","0","6","6","20"
"2","passive","14","5","20","20","0.05","0.25","2","160","0","6","6","20"
"7","passive","27","-6","20","20","0.05","0.25","2","160","0","6","6","20"
"6","passive","23","5","20","20","0.05","0.25","2","160","0","7","7","20"
"2","passive","14","5","20","20","0.05","0.25","2","160","0","7","7","20"
"1","passive","14","-6","20","20","0.05","0.25","2","160","0","7","7","20"
"7","passive","27","-6","20","20","0.05","0.25","2","160","0","7","7","20"
"6","passive","23","5","20","20","0.05","0.25","2","160","0","8","8","20"
"7","passive","27","-6","20","20","0.05","0.25","2","160","0","8","8","20"
"2","passive","14","5","20","20","0.05","0.25","2","160","0","8","8","20"
"6","passive","23","5","20","20","0.05","0.25","2","160","0","9","9","20"
"7","passive","27","-6","20","20","0.05","0.25","2","160","0","9","9","20"
"2","passive","14","5","20","20","0.05","0.25","2","160","0","9","9","20"
"6","passive","23","5","20","20","0.05","0.25","2","160","0","10","10","20"
"7","passive","27","-6","20","20","0.05","0.25","2","160","0","10","10","20"
"7","passive","27","-6","20","20","0.05","0.25","2","160","0","11","11","20"
"6","passive","23","5","20","20","0.05","0.25","2","160","0","11","11","20"
"7","passive","27","-6","20","20","0.05","0.25","2","160","0","12","12","20"
"6","passive","23","5","20","20","0.05","0.25","2","160","0","12","12","20"
"7","passive","27","-6","20","20","0.05","0.25","2","160","0","13","13","20"
"6","passive","23","5","20","20","0.05","0.25","2","160","0","13","13","20"
"7","passive","27","-6","20","20","0.05","0.25","2","160","0","14","14","20"
"6","passive","23","5","20","20","0.05","0.25","2","160","0","14","14","20"
"7","passive","27","-6","20","20","0.05","0.25","2","160","0","15","15","20"
"6","passive","23","5","20","20","0.05","0.25","2","160","0","15","15","20"
"7","passive","27","-6","20","20","0.05","0.25","2","160","0","16","16","20"
"6","passive","23","5","20","20","0.05","0.25","2","160","0","16","16","20"
"5","passive","23","-6","20","20","0.05","0.25","2","160","0","3","3","20"
"5","passive","23","-6","20","20","0.05","0.25","2","160","0","4","4","20"
"3","passive","18","-6","20","20","0.05","0.25","2","160","0","3","3","20"
"5","passive","23","-6","20","20","0.05","0.25","2","160","0","5","5","20"
"3","passive","18","-6","20","20","0.05","0.25","2","160","0","4","4","20"
"5","passive","23","-6","20","20","0.05","0.25","2","160","0","6","6","20"
"3","passive","18","-6","20","20","0.05","0.25","2","160","0","5","5","20"
"5","passive","23","-6","20","20","0.05","0.25","2","160","0","7","7","20"
"3","passive","18","-6","20","20","0.05","0.25","2","160","0","6","6","20"
"5","passive","23","-6","20","20","0.05","0.25","2","160","0","8","8","20"
"3","passive","18","-6","20","20","0.05","0.25","2","160","0","7","7","20"
"5","passive","23","-6","20","20","0.05","0.25","2","160","0","9","9","20"
"3","passive","18","-6","20","20","0.05","0.25","2","160","0","8","8","20"
"5","passive","23","-6","20","20","0.05","0.25","2","160","0","10","10","20"
"5","passive","23","-6","20","20","0.05","0.25","2","160","0","11","11","20"
"3","passive","18","-6","20","20","0.05","0.25","2","160","0","9","9","20"
"5","passive","23","-6","20","20","0.05","0.25","2","160","0","12","12","20"
"3","passive","18","-6","20","20","0.05","0.25","2","160","0","10","10","20"
"5","passive","23","-6","20","20","0.05","0.25","2","160","0","13","13","20"
"3","passive","18","-6","20","20","0.05","0.25","2","160","0","11","11","20"
"5","passive","23","-6","20","20","0.05","0.25","2","160","0","14","14","20"
"4","passive","18","5","20","20","0.05","0.25","2","160","0","4","4","20"
"3","passive","18","-6","20","20","0.05","0.25","2","160","0","12","12","20"
"5","passive","23","-6","20","20","0.05","0.25","2","160","0","15","15","20"
"4","passive","18","5","20","20","0.05","0.25","2","160","0","5","5","20"
"5","passive","23","-6","20","20","0.05","0.25","2","160","0","16","16","20"
"3","passive","18","-6","20","20","0.05","0.25","2","160","0","13","13","20"
"4","passive","18","5","20","20","0.05","0.25","2","160","0","6","6","20"
"5","passive","23","-6","20","20","0.05","0.25","2","160","0","17","17","20"
"3","passive","18","-6","20","20","0.05","0.25","2","160","0","14","14","20"
"4","passive","18","5","20","20","0.05","0.25","2","160","0","7","7","20"
"5","passive","23","-6","20","20","0.05","0.25","2","160","0","18","18","20"
"3","passive","18","-6","20","20","0.05","0.25","2","160","0","15","15","20"
"4","passive","18","5","20","20","0.05","0.25","2","160","0","8","8","20"
"5","passive","23","-6","20","20","0.05","0.25","2","160","0","19","19","20"
"3","passive","18","-6","20","20","0.05","0.25","2","160","0","16","16","20"
"4","passive","18","5","20","20","0.05","0.25","2","160","0","9","9","20"
"4","passive","18","5","20","20","0.05","0.25","2","160","0","10","10","20"
"5","passive","23","-6","20","20","0.05","0.25","2","160","0","20","20","20"
"3","passive","18","-6","20","20","0.05","0.25","2","160","0","17","17","20"
"4","passive","18","5","20","20","0.05","0.25","2","160","0","11","11","20"
"5","passive","23","-6","20","20","0.05","0.25","2","160","0","21","21","14.3"
"3","passive","18","-6","20","20","0.05","0.25","2","160","0","18","18","20"
"4","passive","18","5","20","20","0.05","0.25","2","160","0","12","12","20"
"3","passive","18","-6","20","20","0.05","0.25","2","160","0","19","19","20"
"5","passive","23","-6","20","20","0.05","0.25","2","160","0","22","22","14.585"
"3","passive","18","-6","20","20","0.05","0.25","2","160","0","20","20","20"
"4","passive","18","5","20","20","0.05","0.25","2","160","0","13","13","20"
"8","passive","27","5","20","20","0.05","0.25","2","160","0","6","6","20"
"5","passive","23","-6","20","20","0.05","0.25","2","160","0","23","23","14.85575"
"4","passive","18","5","20","20","0.05","0.25","2","160","0","14","14","20"
"8","passive","27","5","20","20","0.05","0.25","2","160","0","7","7","20"
"5","passive","23","-6","20","20","0.05","0.25","2","160","0","24","24","15.1129625"
"3","passive","18","-6","20","20","0.05","0.25","2","160","0","21","21","14.3"
"4","passive","18","5","20","20","0.05","0.25","2","160","0","15","15","20"
"5","passive","23","-6","20","20","0.05","0.25","2","160","0","25","25","15.357314375"
"8","passive","27","5","20","20","0.05","0.25","2","160","0","8","8","20"
"3","passive","18","-6","20","20","0.05","0.25","2","160","0","22","22","14.585"
"4","passive","18","5","20","20","0.05","0.25","2","160","0","16","16","20"
"1","passive","14","-6","20","20","0.05","0.25","2","160","0","8","8","20"
"5","passive","23","-6","20","20","0.05","0.25","2","160","0","26","26","15.58944865625"
"8","passive","27","5","20","20","0.05","0.25","2","160","0","9","9","20"
"4","passive","18","5","20","20","0.05","0.25","2","160","0","17","17","20"
"3","passive","18","-6","20","20","0.05","0.25","2","160","0","23","23","14.85575"
"1","passive","14","-6","20","20","0.05","0.25","2","160","0","9","9","20"
"5","passive","23","-6","20","20","0.05","0.25","2","160","0","27","27","15.809976223437499"
"2","passive","14","5","20","20","0.05","0.25","2","160","0","10","10","20"
"4","passive","18","5","20","20","0.05","0.25","2","160","0","18","18","20"
"3","passive","18","-6","20","20","0.05","0.25","2","160","0","24","24","15.1129625"
"8","passive","27","5","20","20","0.05","0.25","2","160","0","10","10","20"
"5","passive","23","-6","20","20","0.05","0.25","2","160","0","28","28","16.019477412265623"
"1","passive","14","-6","20","20","0.05","0.25","2","160","0","10","10","20"
"4","passive","18","5","20","20","0.05","0.25","2","160","0","19","19","20"
"2","passive","14","5","20","20","0.05","0.25","2","160","0","11","11","20"
"8","passive","27","5","20","20","0.05","0.25","2","160","0","11","11","20"
"3","passive","18","-6","20","20","0.05","0.25","2","160","0","25","25","15.357314375"
"7","passive","27","-6","20","20","0.05","0.25","2","160","0","17","17","20"
"5","passive","23","-6","20","20","0.05","0.25","2","160","0","29","29","16.218503541652343"
"6","passive","23","5","20","20","0.05","0.25","2","160","0","17","17","20"
"1","passive","14","-6","20","20","0.05","0.25","2","160","0","11","11","20"
"4","passive","18","5","20","20","0.05","0.25","2","160","0","20","20","20"
"8","passive","27","5","20","20","0.05","0.25","2","160","0","12","12","20"
"2","passive","14","5","20","20","0.05","0.25","2","160","0","12","12","20"
"3","passive","18","-6","20","20","0.05","0.25","2","160","0","26","26","15.58944865625"
"5","passive","23","-6","20","20","0.05","0.25","2","160","0","30","30","16.407578364569726"
"7","passive","27","-6","20","20","0.05","0.25","2","160","0","18","18","20"
"6","passive","23","5","20","20","0.05","0.25","2","160","0","18","18","20"
"2","passive","14","5","20","20","0.05","0.25","2","160","0","13","13","20"
"1","passive","14","-6","20","20","0.05","0.25","2","160","0","12","12","20"
"8","passive","27","5","20","20","0.05","0.25","2","160","0","13","13","20"
"5","passive","23","-6","20","20","0.05","0.25","2","160","0","31","31","16.58719944634124"
"3","passive","18","-6","20","20","0.05","0.25","2","160","0","27","27","15.809976223437499"
"2","passive","14","5","20","20","0.05","0.25","2","160","0","14","14","20"
"1","passive","14","-6","20","20","0.05","0.25","2","160","0","13","13","20"
"7","passive","27","-6","20","20","0.05","0.25","2","160","0","19","19","20"
"4","passive","18","5","20","20","0.05","0.25","2","160","0","21","21","24.75"
"8","passive","27","5","20","20","0.05","0.25","2","160","0","14","14","20"
"5","passive","23","-6","20","20","0.05","0.25","2","160","0","32","32","16.75783947402418"
"6","passive","23","5","20","20","0.05","0.25","2","160","0","19","19","20"
"3","passive","18","-6","20","20","0.05","0.25","2","160","0","28","28","16.019477412265623"
"2","passive","14","5","20","20","0.05","0.25","2","160","0","15","15","20"
"1","passive","14","-6","20","20","0.05","0.25","2","160","0","14","14","20"
"4","passive","18","5","20","20","0.05","0.25","2","160","0","22","22","24.5125"
"8","passive","27","5","20","20","0.05","0.25","2","160","0","15","15","20"
"6","passive","23","5","20","20","0.05","0.25","2","160","0","20","20","20"
"7","passive","27","-6","20","20","0.05","0.25","2","160","0","20","20","20"
"5","passive","23","-6","20","20","0.05","0.25","2","160","0","33","33","16.919947500322973"
"3","passive","18","-6","20","20","0.05","0.25","2","160","0","29","29","16.218503541652343"
"2","passive","14","5","20","20","0.05","0.25","2","160","0","16","16","20"
"4","passive","18","5","20","20","0.05","0.25","2","160","0","23","23","24.286875"
"1","passive","14","-6","20","20","0.05","0.25","2","160","0","15","15","20"
"8","passive","27","5","20","20","0.05","0.25","2","160","0","16","16","20"
"2","passive","14","5","20","20","0.05","0.25","2","160","0","17","17","20"
"3","passive","18","-6","20","20","0.05","0.25","2","160","0","30","30","16.407578364569726"
"5","passive","23","-6","20","20","0.05","0.25","2","160","0","34","34","17.073950125306823"
"4","passive","18","5","20","20","0.05","0.25","2","160","0","24","24","24.072531249999997"
"1","passive","14","-6","20","20","0.05","0.25","2","160","0","16","16","20"
"7","passive","27","-6","20","20","0.05","0.25","2","160","0","21","21","14.3"
"8","passive","27","5","20","20","0.05","0.25","2","160","0","17","17","20"
"6","passive","23","5","20","20","0.05","0.25","2","160","0","21","21","24.75"
"4","passive","18","5","20","20","0.05","0.25","2","160","0","25","25","23.8689046875"
"2","passive","14","5","20","20","0.05","0.25","2","160","0","18","18","20"
"3","passive","18","-6","20","20","0.05","0.25","2","160","0","31","31","16.58719944634124"
"2","passive","14","5","20","20","0.05","0.25","2","160","0","19","19","20"
"1","passive","14","-6","20","20","0.05","0.25","2","160","0","17","17","20"
"4","passive","18","5","20","20","0.05","0.25","2","160","0","26","26","23.675459453125"
"6","passive","23","5","20","20","0.05","0.25","2","160","0","22","22","24.5125"
"8","passive","27","5","20","20","0.05","0.25","2","160","0","18","18","20"
"7","passive","27","-6","20","20","0.05","0.25","2","160","0","22","22","14.585"
"3","passive","18","-6","20","20","0.05","0.25","2","160","0","32","32","16.75783947402418"
"5","passive","23","-6","20","20","0.05","0.25","2","160","0","35","35","17.22025261904148"
"1","passive","14","-6","20","20","0.05","0.25","2","160","0","18","18","20"
"2","passive","14","5","20","20","0.05","0.25","2","160","0","20","20","20"
"8","passive","27","5","20","20","0.05","0.25","2","160","0","19","19","20"
"4","passive","18","5","20","20","0.05","0.25","2","160","0","27","27","23.49168648046875"
"3","passive","18","-6","20","20","0.05","0.25","2","160","0","33","33","16.919947500322973"
"7","passive","27","-6","20","20","0.05","0.25","2","160","0","23","23","14.85575"
"6","passive","23","5","20","20","0.05","0.25","2","160","0","23","23","24.286875"
"5","passive","23","-6","20","20","0.05","0.25","2","160","0","36","36","17.359239988089406"
"1","passive","14","-6","20","20","0.05","0.25","2","160","0","19","19","20"
"8","passive","27","5","20","20","0.05","0.25","2","160","0","20","20","20"
"3","passive","18","-6","20","20","0.05","0.25","2","160","0","34","34","17.073950125306823"
"4","passive","18","5","20","20","0.05","0.25","2","160","0","28","28","23.317102156445312"
"7","passive","27","-6","20","20","0.05","0.25","2","160","0","24","24","15.1129625"
"2","passive","14","5","20","20","0.05","0.25","2","160","0","21","21","24.75"
"6","passive","23","5","20","20","0.05","0.25","2","160","0","24","24","24.072531249999997"
"1","passive","14","-6","20","20","0.05","0.25","2","160","0","20","20","20"
"5","passive","23","-6","20","20","0.05","0.25","2","160","0","37","37","17.491277988684935"
"4","passive","18","5","20","20","0.05","0.25","2","160","0","29","29","23.151247048623045"
"3","passive","18","-6","20","20","0.05","0.25","2","160","0","35","35","17.22025261904148"
"7","passive","27","-6","20","20","0.05","0.25","2","160","0","25","25","15.357314375"
"2","passive","14","5","20","20","0.05","0.25","2","160","0","22","22","24.5125"
"6","passive","23","5","20","20","0.05","0.25","2","160","0","25","25","23.8689046875"
"8","passive","27","5","20","20","0.05","0.25","2","160","0","21","21","24.75"
"5","passive","23","-6","20","20","0.05","0.25","2","160","0","38","38","17.61671408925069"
"7","passive","27","-6","20","20","0.05","0.25","2","160","0","26","26","15.58944865625"
"4","passive","18","5","20","20","0.05","0.25","2","160","0","30","30","22.99368469619189"
"3","passive","18","-6","20","20","0.05","0.25","2","160","0","36","36","17.359239988089406"
"6","passive","23","5","20","20","0.05","0.25","2","160","0","26","26","23.675459453125"
"2","passive","14","5","20","20","0.05","0.25","2","160","0","23","23","24.286875"
"1","passive","14","-6","20","20","0.05","0.25","2","160","0","21","21","14.3"
"8","passive","27","5","20","20","0.05","0.25","2","160","0","22","22","24.5125"
"5","passive","23","-6","20","20","0.05","0.25","2","160","0","39","39","17.735878384788155"
"7","passive","27","-6","20","20","0.05","0.25","2","160","0","27","27","15.809976223437499"
"4","passive","18","5","20","20","0.05","0.25","2","160","0","31","31","22.844000461382297"
"3","passive","18","-6","20","20","0.05","0.25","2","160","0","37","37","17.491277988684935"
"2","passive","14","5","20","20","0.05","0.25","2","160","0","24","24","24.072531249999997"
"6","passive","23","5","20","20","0.05","0.25","2","160","0","27","27","23.49168648046875"
"1","passive","14","-6","20","20","0.05","0.25","2","160","0","22","22","14.585"
"8","passive","27","5","20","20","0.05","0.25","2","160","0","23","23","24.286875"
"7","passive","27","-6","20","20","0.05","0.25","2","160","0","28","28","16.019477412265623"
"4","passive","18","5","20","20","0.05","0.25","2","160","0","32","32","22.70180043831318"
"5","passive","23","-6","20","20","0.05","0.25","2","160","0","40","40","17.849084465548746"
"3","passive","18","-6","20","20","0.05","0.25","2","160","0","38","38","17.61671408925069"
"6","passive","23","5","20","20","0.05","0.25","2","160","0","28","28","23.317102156445312"
"2","passive","14","5","20","20","0.05","0.25","2","160","0","25","25","23.8689046875"
"1","passive","14","-6","20","20","0.05","0.25","2","160","0","23","23","14.85575"
"8","passive","27","5","20","20","0.05","0.25","2","160","0","24","24","24.072531249999997"
"7","passive","27","-6","20","20","0.05","0.25","2","160","0","29","29","16.218503541652343"
"4","passive","18","5","20","20","0.05","0.25","2","160","0","33","33","22.566710416397523"
"3","passive","18","-6","20","20","0.05","0.25","2","160","0","39","39","17.735878384788155"
"5","passive","23","-6","20","20","0.05","0.25","2","160","0","41","41","17.95663024227131"
"2","passive","14","5","20","20","0.05","0.25","2","160","0","26","26","23.675459453125"
"1","passive","14","-6","20","20","0.05","0.25","2","160","0","24","24","15.1129625"
"6","passive","23","5","20","20","0.05","0.25","2","160","0","29","29","23.151247048623045"
"8","passive","27","5","20","20","0.05","0.25","2","160","0","25","25","23.8689046875"
"7","passive","27","-6","20","20","0.05","0.25","2","160","0","30","30","16.407578364569726"
"3","passive","18","-6","20","20","0.05","0.25","2","160","0","40","40","17.849084465548746"
"4","passive","18","5","20","20","0.05","0.25","2","160","0","34","34","22.438374895577645"
"6","passive","23","5","20","20","0.05","0.25","2","160","0","30","30","22.99368469619189"
"5","passive","23","-6","20","20","0.05","0.25","2","160","0","42","42","18.058798730157744"
"7","passive","27","-6","20","20","0.05","0.25","2","160","0","31","31","16.58719944634124"
"8","passive","27","5","20","20","0.05","0.25","2","160","0","26","26","23.675459453125"
"2","passive","14","5","20","20","0.05","0.25","2","160","0","27","27","23.49168648046875"
"1","passive","14","-6","20","20","0.05","0.25","2","160","0","25","25","15.357314375"
"2","passive","14","5","20","20","0.05","0.25","2","160","0","28","28","23.317102156445312"
"3","passive","18","-6","20","20","0.05","0.25","2","160","0","41","41","17.95663024227131"
"1","passive","14","-6","20","20","0.05","0.25","2","160","0","26","26","15.58944865625"
"5","passive","23","-6","20","20","0.05","0.25","2","160","0","43","43","18.155858793649855"
"7","passive","27","-6","20","20","0.05","0.25","2","160","0","32","32","16.75783947402418"
"8","passive","27","5","20","20","0.05","0.25","2","160","0","27","27","23.49168648046875"
"4","passive","18","5","20","20","0.05","0.25","2","160","0","35","35","22.316456150798764"
"6","passive","23","5","20","20","0.05","0.25","2","160","0","31","31","22.844000461382297"
"2","passive","14","5","20","20","0.05","0.25","2","160","0","29","29","23.151247048623045"
"3","passive","18","-6","20","20","0.05","0.25","2","160","0","42","42","18.058798730157744"
"1","passive","14","-6","20","20","0.05","0.25","2","160","0","27","27","15.809976223437499"
"5","passive","23","-6","20","20","0.05","0.25","2","160","0","44","44","18.24806585396736"
"7","passive","27","-6","20","20","0.05","0.25","2","160","0","33","33","16.919947500322973"
"4","passive","18","5","20","20","0.05","0.25","2","160","0","36","36","22.200633343258826"
"6","passive","23","5","20","20","0.05","0.25","2","160","0","32","32","22.70180043831318"
"8","passive","27","5","20","20","0.05","0.25","2","160","0","28","28","23.317102156445312"
"5","passive","23","-6","20","20","0.05","0.25","2","160","0","45","45","18.335662561268993"
"1","passive","14","-6","20","20","0.05","0.25","2","160","0","28","28","16.019477412265623"
"3","passive","18","-6","20","20","0.05","0.25","2","160","0","43","43","18.155858793649855"
"2","passive","14","5","20","20","0.05","0.25","2","160","0","30","30","22.99368469619189"
"7","passive","27","-6","20","20","0.05","0.25","2","160","0","34","34","17.073950125306823"
"8","passive","27","5","20","20","0.05","0.25","2","160","0","29","29","23.151247048623045"
"6","passive","23","5","20","20","0.05","0.25","2","160","0","33","33","22.566710416397523"
"4","passive","18","5","20","20","0.05","0.25","2","160","0","37","37","22.090601676095883"
"5","passive","23","-6","20","20","0.05","0.25","2","160","0","46","46","18.418879433205543"
"1","passive","14","-6","20","20","0.05","0.25","2","160","0","29","29","16.218503541652343"
"2","passive","14","5","20","20","0.05","0.25","2","160","0","31","31","22.844000461382297"
"3","passive","18","-6","20","20","0.05","0.25","2","160","0","44","44","18.24806585396736"
"7","passive","27","-6","20","20","0.05","0.25","2","160","0","35","35","17.22025261904148"
"4","passive","18","5","20","20","0.05","0.25","2","160","0","38","38","21.98607159229109"
"6","passive","23","5","20","20","0.05","0.25","2","160","0","34","34","22.438374895577645"
"1","passive","14","-6","20","20","0.05","0.25","2","160","0","30","30","16.407578364569726"
"5","passive","23","-6","20","20","0.05","0.25","2","160","0","47","47","18.497935461545264"
"3","passive","18","-6","20","20","0.05","0.25","2","160","0","45","45","18.335662561268993"
"8","passive","27","5","20","20","0.05","0.25","2","160","0","30","30","22.99368469619189"
"7","passive","27","-6","20","20","0.05","0.25","2","160","0","36","36","17.359239988089406"
"4","passive","18","5","20","20","0.05","0.25","2","160","0","39","39","21.886768012676534"
"2","passive","14","5","20","20","0.05","0.25","2","160","0","32","32","22.70180043831318"
"1","passive","14","-6","20","20","0.05","0.25","2","160","0","31","31","16.58719944634124"
"5","passive","23","-6","20","20","0.05","0.25","2","160","0","48","48","18.573038688468"
"6","passive","23","5","20","20","0.05","0.25","2","160","0","35","35","22.316456150798764"
"8","passive","27","5","20","20","0.05","0.25","2","160","0","31","31","22.844000461382297"
"3","passive","18","-6","20","20","0.05","0.25","2","160","0","46","46","18.418879433205543"
"4","passive","18","5","20","20","0.05","0.25","2","160","0","40","40","21.792429612042707"
"5","passive","23","-6","20","20","0.05","0.25","2","160","0","49","49","18.6443867540446"
"2","passive","14","5","20","20","0.05","0.25","2","160","0","33","33","22.566710416397523"
"7","passive","27","-6","20","20","0.05","0.25","2","160","0","37","37","17.491277988684935"
"6","passive","23","5","20","20","0.05","0.25","2","160","0","36","36","22.200633343258826"
"1","passive","14","-6","20","20","0.05","0.25","2","160","0","32","32","16.75783947402418"
"3","passive","18","-6","20","20","0.05","0.25","2","160","0","47","47","18.497935461545264"
"8","passive","27","5","20","20","0.05","0.25","2","160","0","32","32","22.70180043831318"
"5","passive","23","-6","20","20","0.05","0.25","2","160","0","50","50","18.71216741634237"
"2","passive","14","5","20","20","0.05","0.25","2","160","0","34","34","22.438374895577645"
"6","passive","23","5","20","20","0.05","0.25","2","160","0","37","37","22.090601676095883"
"7","passive","27","-6","20","20","0.05","0.25","2","160","0","38","38","17.61671408925069"
"4","passive","18","5","20","20","0.05","0.25","2","160","0","41","41","21.70280813144057"
"1","passive","14","-6","20","20","0.05","0.25","2","160","0","33","33","16.919947500322973"
"3","passive","18","-6","20","20","0.05","0.25","2","160","0","48","48","18.573038688468"
"5","passive","23","-6","20","20","0.05","0.25","2","160","0","51","51","18.776559045525254"
"8","passive","27","5","20","20","0.05","0.25","2","160","0","33","33","22.566710416397523"
"2","passive","14","5","20","20","0.05","0.25","2","160","0","35","35","22.316456150798764"
"6","passive","23","5","20","20","0.05","0.25","2","160","0","38","38","21.98607159229109"
"4","passive","18","5","20","20","0.05","0.25","2","160","0","42","42","21.61766772486854"
"5","passive","23","-6","20","20","0.05","0.25","2","160","0","52","52","18.83773109324899"
"7","passive","27","-6","20","20","0.05","0.25","2","160","0","39","39","17.735878384788155"
"1","passive","14","-6","20","20","0.05","0.25","2","160","0","34","34","17.073950125306823"
"3","passive","18","-6","20","20","0.05","0.25","2","160","0","49","49","18.6443867540446"
"5","passive","23","-6","20","20","0.05","0.25","2","160","0","53","53","18.89584453858654"
"4","passive","18","5","20","20","0.05","0.25","2","160","0","43","43","21.53678433862511"
"2","passive","14","5","20","20","0.05","0.25","2","160","0","36","36","22.200633343258826"
"6","passive","23","5","20","20","0.05","0.25","2","160","0","39","39","21.886768012676534"
"3","passive","18","-6","20","20","0.05","0.25","2","160","0","50","50","18.71216741634237"
"1","passive","14","-6","20","20","0.05","0.25","2","160","0","35","35","17.22025261904148"
"7","passive","27","-6","20","20","0.05","0.25","2","160","0","40","40","17.849084465548746"
"5","passive","23","-6","20","20","0.05","0.25","2","160","0","54","54","18.951052311657214"
"4","passive","18","5","20","20","0.05","0.25","2","160","0","44","44","21.459945121693856"
"2","passive","14","5","20","20","0.05","0.25","2","160","0","37","37","22.090601676095883"
"6","passive","23","5","20","20","0.05","0.25","2","160","0","40","40","21.792429612042707"
"7","passive","27","-6","20","20","0.05","0.25","2","160","0","41","41","17.95663024227131"
"5","passive","23","-6","20","20","0.05","0.25","2","160","0","55","55","19.003499696074353"
"1","passive","14","-6","20","20","0.05","0.25","2","160","0","36","36","17.359239988089406"
"3","passive","18","-6","20","20","0.05","0.25","2","160","0","51","51","18.776559045525254"
"6","passive","23","5","20","20","0.05","0.25","2","160","0","41","41","21.70280813144057"
"4","passive","18","5","20","20","0.05","0.25","2","160","0","45","45","21.386947865609162"
"7","passive","27","-6","20","20","0.05","0.25","2","160","0","42","42","18.058798730157744"
"5","passive","23","-6","20","20","0.05","0.25","2","160","0","56","56","19.053324711270637"
"2","passive","14","5","20","20","0.05","0.25","2","160","0","38","38","21.98607159229109"
"1","passive","14","-6","20","20","0.05","0.25","2","160","0","37","37","17.491277988684935"
"3","passive","18","-6","20","20","0.05","0.25","2","160","0","52","52","18.83773109324899"
"6","passive","23","5","20","20","0.05","0.25","2","160","0","42","42","21.61766772486854"
"4","passive","18","5","20","20","0.05","0.25","2","160","0","46","46","21.317600472328703"
"5","passive","23","-6","20","20","0.05","0.25","2","160","0","57","57","19.100658475707107"
"2","passive","14","5","20","20","0.05","0.25","2","160","0","39","39","21.886768012676534"
"3","passive","18","-6","20","20","0.05","0.25","2","160","0","53","53","18.89584453858654"
"7","passive","27","-6","20","20","0.05","0.25","2","160","0","43","43","18.155858793649855"
"6","passive","23","5","20","20","0.05","0.25","2","160","0","43","43","21.53678433862511"
"1","passive","14","-6","20","20","0.05","0.25","2","160","0","38","38","17.61671408925069"
"3","passive","18","-6","20","20","0.05","0.25","2","160","0","54","54","18.951052311657214"
"5","passive","23","-6","20","20","0.05","0.25","2","160","0","58","58","19.14562555192175"
"4","passive","18","5","20","20","0.05","0.25","2","160","0","47","47","21.251720448712266"
"2","passive","14","5","20","20","0.05","0.25","2","160","0","40","40","21.792429612042707"
"7","passive","27","-6","20","20","0.05","0.25","2","160","0","44","44","18.24806585396736"
"3","passive","18","-6","20","20","0.05","0.25","2","160","0","55","55","19.003499696074353"
"6","passive","23","5","20","20","0.05","0.25","2","160","0","44","44","21.459945121693856"
"1","passive","14","-6","20","20","0.05","0.25","2","160","0","39","39","17.735878384788155"
"5","passive","23","-6","20","20","0.05","0.25","2","160","0","59","59","19.18834427432566"
"7","passive","27","-6","20","20","0.05","0.25","2","160","0","45","45","18.335662561268993"
"4","passive","18","5","20","20","0.05","0.25","2","160","0","48","48","21.189134426276652"
"2","passive","14","5","20","20","0.05","0.25","2","160","0","41","41","21.70280813144057"
"3","passive","18","-6","20","20","0.05","0.25","2","160","0","56","56","19.053324711270637"
"6","passive","23","5","20","20","0.05","0.25","2","160","0","45","45","21.386947865609162"
"5","passive","23","-6","20","20","0.05","0.25","2","160","0","60","60","19.22892706060938"
"4","passive","18","5","20","20","0.05","0.25","2","160","0","49","49","21.12967770496282"
"1","passive","14","-6","20","20","0.05","0.25","2","160","0","40","40","17.849084465548746"
"3","passive","18","-6","20","20","0.05","0.25","2","160","0","57","57","19.100658475707107"
"7","passive","27","-6","20","20","0.05","0.25","2","160","0","46","46","18.418879433205543"
"2","passive","14","5","20","20","0.05","0.25","2","160","0","42","42","21.61766772486854"
"6","passive","23","5","20","20","0.05","0.25","2","160","0","46","46","21.317600472328703"
"5","passive","23","-6","20","20","0.05","0.25","2","160","0","61","61","19.267480707578912"
"1","passive","14","-6","20","20","0.05","0.25","2","160","0","41","41","17.95663024227131"
"4","passive","18","5","20","20","0.05","0.25","2","160","0","50","50","21.073193819714678"
"3","passive","18","-6","20","20","0.05","0.25","2","160","0","58","58","19.14562555192175"
"7","passive","27","-6","20","20","0.05","0.25","2","160","0","47","47","18.497935461545264"
"6","passive","23","5","20","20","0.05","0.25","2","160","0","47","47","21.251720448712266"
"5","passive","23","-6","20","20","0.05","0.25","2","160","0","62","62","19.304106672199968"
"2","passive","14","5","20","20","0.05","0.25","2","160","0","43","43","21.53678433862511"
"3","passive","18","-6","20","20","0.05","0.25","2","160","0","59","59","19.18834427432566"
"4","passive","18","5","20","20","0.05","0.25","2","160","0","51","51","21.019534128728946"
"1","passive","14","-6","20","20","0.05","0.25","2","160","0","42","42","18.058798730157744"
"7","passive","27","-6","20","20","0.05","0.25","2","160","0","48","48","18.573038688468"
"6","passive","23","5","20","20","0.05","0.25","2","160","0","48","48","21.189134426276652"
"5","passive","23","-6","20","20","0.05","0.25","2","160","0","63","63","19.33890133858997"
"2","passive","14","5","20","20","0.05","0.25","2","160","0","44","44","21.459945121693856"
"3","passive","18","-6","20","20","0.05","0.25","2","160","0","60","60","19.22892706060938"
"4","passive","18","5","20","20","0.05","0.25","2","160","0","52","52","20.9685574222925"
"1","passive","14","-6","20","20","0.05","0.25","2","160","0","43","43","18.155858793649855"
"6","passive","23","5","20","20","0.05","0.25","2","160","0","49","49","21.12967770496282"
"5","passive","23","-6","20","20","0.05","0.25","2","160","0","64","64","19.371956271660473"
"7","passive","27","-6","20","20","0.05","0.25","2","160","0","49","49","18.6443867540446"
"2","passive","14","5","20","20","0.05","0.25","2","160","0","45","45","21.386947865609162"
"3","passive","18","-6","20","20","0.05","0.25","2","160","0","61","61","19.267480707578912"
"1","passive","14","-6","20","20","0.05","0.25","2","160","0","44","44","18.24806585396736"
"4","passive","18","5","20","20","0.05","0.25","2","160","0","53","53","20.920129551177872"
"6","passive","23","5","20","20","0.05","0.25","2","160","0","50","50","21.073193819714678"
"5","passive","23","-6","20","20","0.05","0.25","2","160","0","65","65","19.40335845807745"
"2","passive","14","5","20","20","0.05","0.25","2","160","0","46","46","21.317600472328703"
"4","passive","18","5","20","20","0.05","0.25","2","160","0","54","54","20.87412307361898"
"7","passive","27","-6","20","20","0.05","0.25","2","160","0","50","50","18.71216741634237"
"3","passive","18","-6","20","20","0.05","0.25","2","160","0","62","62","19.304106672199968"
"1","passive","14","-6","20","20","0.05","0.25","2","160","0","45","45","18.335662561268993"
"5","passive","23","-6","20","20","0.05","0.25","2","160","0","66","66","19.433190535173576"
"6","passive","23","5","20","20","0.05","0.25","2","160","0","51","51","21.019534128728946"
"4","passive","18","5","20","20","0.05","0.25","2","160","0","55","55","20.83041691993803"
"2","passive","14","5","20","20","0.05","0.25","2","160","0","47","47","21.251720448712266"
"3","passive","18","-6","20","20","0.05","0.25","2","160","0","63","63","19.33890133858997"
"7","passive","27","-6","20","20","0.05","0.25","2","160","0","51","51","18.776559045525254"
"5","passive","23","-6","20","20","0.05","0.25","2","160","0","67","67","19.461531008414898"
"6","passive","23","5","20","20","0.05","0.25","2","160","0","52","52","20.9685574222925"
"1","passive","14","-6","20","20","0.05","0.25","2","160","0","46","46","18.418879433205543"
"4","passive","18","5","20","20","0.05","0.25","2","160","0","56","56","20.788896073941128"
"3","passive","18","-6","20","20","0.05","0.25","2","160","0","64","64","19.371956271660473"
"2","passive","14","5","20","20","0.05","0.25","2","160","0","48","48","21.189134426276652"
"7","passive","27","-6","20","20","0.05","0.25","2","160","0","52","52","18.83773109324899"
"6","passive","23","5","20","20","0.05","0.25","2","160","0","53","53","20.920129551177872"
"1","passive","14","-6","20","20","0.05","0.25","2","160","0","47","47","18.497935461545264"
"4","passive","18","5","20","20","0.05","0.25","2","160","0","57","57","20.749451270244073"
"5","passive","23","-6","20","20","0.05","0.25","2","160","0","68","68","19.488454457994152"
"7","passive","27","-6","20","20","0.05","0.25","2","160","0","53","53","18.89584453858654"
"3","passive","18","-6","20","20","0.05","0.25","2","160","0","65","65","19.40335845807745"
"2","passive","14","5","20","20","0.05","0.25","2","160","0","49","49","21.12967770496282"
"6","passive","23","5","20","20","0.05","0.25","2","160","0","54","54","20.87412307361898"
"1","passive","14","-6","20","20","0.05","0.25","2","160","0","48","48","18.573038688468"
"4","passive","18","5","20","20","0.05","0.25","2","160","0","58","58","20.71197870673187"
"5","passive","23","-6","20","20","0.05","0.25","2","160","0","69","69","19.514031735094445"
"7","passive","27","-6","20","20","0.05","0.25","2","160","0","54","54","18.951052311657214"
"1","passive","14","-6","20","20","0.05","0.25","2","160","0","49","49","18.6443867540446"
"7","passive","27","-6","20","20","0.05","0.25","2","160","0","55","55","19.003499696074353"
"5","passive","23","-6","20","20","0.05","0.25","2","160","0","70","70","19.53833014833972"
"4","passive","18","5","20","20","0.05","0.25","2","160","0","59","59","20.676379771395275"
"6","passive","23","5","20","20","0.05","0.25","2","160","0","55","55","20.83041691993803"
"2","passive","14","5","20","20","0.05","0.25","2","160","0","50","50","21.073193819714678"
"1","passive","14","-6","20","20","0.05","0.25","2","160","0","50","50","18.71216741634237"
"7","passive","27","-6","20","20","0.05","0.25","2","160","0","56","56","19.053324711270637"
"5","passive","23","-6","20","20","0.05","0.25","2","160","0","71","71","19.561413640922733"
"6","passive","23","5","20","20","0.05","0.25","2","160","0","56","56","20.788896073941128"
"4","passive","18","5","20","20","0.05","0.25","2","160","0","60","60","20.642560782825512"
"2","passive","14","5","20","20","0.05","0.25","2","160","0","51","51","21.019534128728946"
"5","passive","23","-6","20","20","0.05","0.25","2","160","0","72","72","19.583342958876596"
"7","passive","27","-6","20","20","0.05","0.25","2","160","0","57","57","19.100658475707107"
"1","passive","14","-6","20","20","0.05","0.25","2","160","0","51","51","18.776559045525254"
"6","passive","23","5","20","20","0.05","0.25","2","160","0","57","57","20.749451270244073"
"4","passive","18","5","20","20","0.05","0.25","2","160","0","61","61","20.610432743684235"
"7","passive","27","-6","20","20","0.05","0.25","2","160","0","58","58","19.14562555192175"
"5","passive","23","-6","20","20","0.05","0.25","2","160","0","73","73","19.604175810932766"
"2","passive","14","5","20","20","0.05","0.25","2","160","0","52","52","20.9685574222925"
"6","passive","23","5","20","20","0.05","0.25","2","160","0","58","58","20.71197870673187"
"1","passive","14","-6","20","20","0.05","0.25","2","160","0","52","52","18.83773109324899"
"5","passive","23","-6","20","20","0.05","0.25","2","160","0","74","74","19.62396702038613"
"4","passive","18","5","20","20","0.05","0.25","2","160","0","62","62","20.579911106500024"
"7","passive","27","-6","20","20","0.05","0.25","2","160","0","59","59","19.18834427432566"
"1","passive","14","-6","20","20","0.05","0.25","2","160","0","53","53","18.89584453858654"
"2","passive","14","5","20","20","0.05","0.25","2","160","0","53","53","20.920129551177872"
"6","passive","23","5","20","20","0.05","0.25","2","160","0","59","59","20.676379771395275"
"2","passive","14","5","20","20","0.05","0.25","2","160","0","54","54","20.87412307361898"
"4","passive","18","5","20","20","0.05","0.25","2","160","0","63","63","20.550915551175024"
"5","passive","23","-6","20","20","0.05","0.25","2","160","0","75","75","19.642768669366824"
"7","passive","27","-6","20","20","0.05","0.25","2","160","0","60","60","19.22892706060938"
"6","passive","23","5","20","20","0.05","0.25","2","160","0","60","60","20.642560782825512"
"2","passive","14","5","20","20","0.05","0.25","2","160","0","55","55","20.83041691993803"
"1","passive","14","-6","20","20","0.05","0.25","2","160","0","54","54","18.951052311657214"
"6","passive","23","5","20","20","0.05","0.25","2","160","0","61","61","20.610432743684235"
"5","passive","23","-6","20","20","0.05","0.25","2","160","0","76","76","19.66063023589848"
"2","passive","14","5","20","20","0.05","0.25","2","160","0","56","56","20.788896073941128"
"4","passive","18","5","20","20","0.05","0.25","2","160","0","64","64","20.523369773616274"
"7","passive","27","-6","20","20","0.05","0.25","2","160","0","61","61","19.267480707578912"
"1","passive","14","-6","20","20","0.05","0.25","2","160","0","55","55","19.003499696074353"
"5","passive","23","-6","20","20","0.05","0.25","2","160","0","77","77","19.677598724103557"
"6","passive","23","5","20","20","0.05","0.25","2","160","0","62","62","20.579911106500024"
"7","passive","27","-6","20","20","0.05","0.25","2","160","0","62","62","19.304106672199968"
"2","passive","14","5","20","20","0.05","0.25","2","160","0","57","57","20.749451270244073"
"4","passive","18","5","20","20","0.05","0.25","2","160","0","65","65","20.49720128493546"
"1","passive","14","-6","20","20","0.05","0.25","2","160","0","56","56","19.053324711270637"
"5","passive","23","-6","20","20","0.05","0.25","2","160","0","78","78","19.69371878789838"
"2","passive","14","5","20","20","0.05","0.25","2","160","0","58","58","20.71197870673187"
"6","passive","23","5","20","20","0.05","0.25","2","160","0","63","63","20.550915551175024"
"7","passive","27","-6","20","20","0.05","0.25","2","160","0","63","63","19.33890133858997"
"2","passive","14","5","20","20","0.05","0.25","2","160","0","59","59","20.676379771395275"
"1","passive","14","-6","20","20","0.05","0.25","2","160","0","57","57","19.100658475707107"
"5","passive","23","-6","20","20","0.05","0.25","2","160","0","79","79","19.709032848503462"
"4","passive","18","5","20","20","0.05","0.25","2","160","0","66","66","20.472341220688687"
"7","passive","27","-6","20","20","0.05","0.25","2","160","0","64","64","19.371956271660473"
"6","passive","23","5","20","20","0.05","0.25","2","160","0","64","64","20.523369773616274"
"5","passive","23","-6","20","20","0.05","0.25","2","160","0","80","80","19.72358120607829"
"1","passive","14","-6","20","20","0.05","0.25","2","160","0","58","58","19.14562555192175"
"4","passive","18","5","20","20","0.05","0.25","2","160","0","67","67","20.44872415965425"
"2","passive","14","5","20","20","0.05","0.25","2","160","0","60","60","20.642560782825512"
"6","passive","23","5","20","20","0.05","0.25","2","160","0","65","65","20.49720128493546"
"7","passive","27","-6","20","20","0.05","0.25","2","160","0","65","65","19.40335845807745"
"6","passive","23","5","20","20","0.05","0.25","2","160","0","66","66","20.472341220688687"
"1","passive","14","-6","20","20","0.05","0.25","2","160","0","59","59","19.18834427432566"
"4","passive","18","5","20","20","0.05","0.25","2","160","0","68","68","20.42628795167154"
"2","passive","14","5","20","20","0.05","0.25","2","160","0","61","61","20.610432743684235"
"7","passive","27","-6","20","20","0.05","0.25","2","160","0","66","66","19.433190535173576"
"5","passive","23","-6","20","20","0.05","0.25","2","160","0","81","81","19.737402145774375"
"2","passive","14","5","20","20","0.05","0.25","2","160","0","62","62","20.579911106500024"
"6","passive","23","5","20","20","0.05","0.25","2","160","0","67","67","20.44872415965425"
"4","passive","18","5","20","20","0.05","0.25","2","160","0","69","69","20.404973554087963"
"7","passive","27","-6","20","20","0.05","0.25","2","160","0","67","67","19.461531008414898"
"1","passive","14","-6","20","20","0.05","0.25","2","160","0","60","60","19.22892706060938"
"5","passive","23","-6","20","20","0.05","0.25","2","160","0","82","82","19.750532038485655"
"2","passive","14","5","20","20","0.05","0.25","2","160","0","63","63","20.550915551175024"
"7","passive","27","-6","20","20","0.05","0.25","2","160","0","68","68","19.488454457994152"
"6","passive","23","5","20","20","0.05","0.25","2","160","0","68","68","20.42628795167154"
"2","passive","14","5","20","20","0.05","0.25","2","160","0","64","64","20.523369773616274"
"4","passive","18","5","20","20","0.05","0.25","2","160","0","70","70","20.384724876383565"
"1","passive","14","-6","20","20","0.05","0.25","2","160","0","61","61","19.267480707578912"
"5","passive","23","-6","20","20","0.05","0.25","2","160","0","83","83","19.76300543656137"
"1","passive","14","-6","20","20","0.05","0.25","2","160","0","62","62","19.304106672199968"
"2","passive","14","5","20","20","0.05","0.25","2","160","0","65","65","20.49720128493546"
"6","passive","23","5","20","20","0.05","0.25","2","160","0","69","69","20.404973554087963"
"4","passive","18","5","20","20","0.05","0.25","2","160","0","71","71","20.365488632564386"
"7","passive","27","-6","20","20","0.05","0.25","2","160","0","69","69","19.514031735094445"
"5","passive","23","-6","20","20","0.05","0.25","2","160","0","84","84","19.774855164733303"
"2","passive","14","5","20","20","0.05","0.25","2","160","0","66","66","20.472341220688687"
"4","passive","18","5","20","20","0.05","0.25","2","160","0","72","72","20.347214200936165"
"1","passive","14","-6","20","20","0.05","0.25","2","160","0","63","63","19.33890133858997"
"7","passive","27","-6","20","20","0.05","0.25","2","160","0","70","70","19.53833014833972"
"5","passive","23","-6","20","20","0.05","0.25","2","160","0","85","85","19.78611240649664"
"6","passive","23","5","20","20","0.05","0.25","2","160","0","70","70","20.384724876383565"
"2","passive","14","5","20","20","0.05","0.25","2","160","0","67","67","20.44872415965425"
"5","passive","23","-6","20","20","0.05","0.25","2","160","0","86","86","19.796806786171807"
"2","passive","14","5","20","20","0.05","0.25","2","160","0","68","68","20.42628795167154"
"4","passive","18","5","20","20","0.05","0.25","2","160","0","73","73","20.329853490889356"
"6","passive","23","5","20","20","0.05","0.25","2","160","0","71","71","20.365488632564386"
"7","passive","27","-6","20","20","0.05","0.25","2","160","0","71","71","19.561413640922733"
"1","passive","14","-6","20","20","0.05","0.25","2","160","0","64","64","19.371956271660473"
"5","passive","23","-6","20","20","0.05","0.25","2","160","0","87","87","19.806966446863218"
"4","passive","18","5","20","20","0.05","0.25","2","160","0","74","74","20.31336081634489"
"6","passive","23","5","20","20","0.05","0.25","2","160","0","72","72","20.347214200936165"
"7","passive","27","-6","20","20","0.05","0.25","2","160","0","72","72","19.583342958876596"
"1","passive","14","-6","20","20","0.05","0.25","2","160","0","65","65","19.40335845807745"
"2","passive","14","5","20","20","0.05","0.25","2","160","0","69","69","20.404973554087963"
"4","passive","18","5","20","20","0.05","0.25","2","160","0","75","75","20.297692775527644"
"5","passive","23","-6","20","20","0.05","0.25","2","160","0","88","88","19.81661812452006"
"1","passive","14","-6","20","20","0.05","0.25","2","160","0","66","66","19.433190535173576"
"7","passive","27","-6","20","20","0.05","0.25","2","160","0","73","73","19.604175810932766"
"1","passive","14","-6","20","20","0.05","0.25","2","160","0","67","67","19.461531008414898"
"2","passive","14","5","20","20","0.05","0.25","2","160","0","70","70","20.384724876383565"
"6","passive","23","5","20","20","0.05","0.25","2","160","0","73","73","20.329853490889356"
"4","passive","18","5","20","20","0.05","0.25","2","160","0","76","76","20.28280813675126"
"7","passive","27","-6","20","20","0.05","0.25","2","160","0","74","74","19.62396702038613"
"5","passive","23","-6","20","20","0.05","0.25","2","160","0","89","89","19.825787218294057"
"6","passive","23","5","20","20","0.05","0.25","2","160","0","74","74","20.31336081634489"
"2","passive","14","5","20","20","0.05","0.25","2","160","0","71","71","20.365488632564386"
"1","passive","14","-6","20","20","0.05","0.25","2","160","0","68","68","19.488454457994152"
"5","passive","23","-6","20","20","0.05","0.25","2","160","0","90","90","19.834497857379354"
"7","passive","27","-6","20","20","0.05","0.25","2","160","0","75","75","19.642768669366824"
"6","passive","23","5","20","20","0.05","0.25","2","160","0","75","75","20.297692775527644"
"4","passive","18","5","20","20","0.05","0.25","2","160","0","77","77","20.268667729913698"
"1","passive","14","-6","20","20","0.05","0.25","2","160","0","69","69","19.514031735094445"
"2","passive","14","5","20","20","0.05","0.25","2","160","0","72","72","20.347214200936165"
"7","passive","27","-6","20","20","0.05","0.25","2","160","0","76","76","19.66063023589848"
"6","passive","23","5","20","20","0.05","0.25","2","160","0","76","76","20.28280813675126"
"4","passive","18","5","20","20","0.05","0.25","2","160","0","78","78","20.255234343418014"
"1","passive","14","-6","20","20","0.05","0.25","2","160","0","70","70","19.53833014833972"
"7","passive","27","-6","20","20","0.05","0.25","2","160","0","77","77","19.677598724103557"
"6","passive","23","5","20","20","0.05","0.25","2","160","0","77","77","20.268667729913698"
"2","passive","14","5","20","20","0.05","0.25","2","160","0","73","73","20.329853490889356"
"5","passive","23","-6","20","20","0.05","0.25","2","160","0","91","91","19.842772964510388"
"1","passive","14","-6","20","20","0.05","0.25","2","160","0","71","71","19.561413640922733"
"4","passive","18","5","20","20","0.05","0.25","2","160","0","79","79","20.242472626247114"
"6","passive","23","5","20","20","0.05","0.25","2","160","0","78","78","20.255234343418014"
"2","passive","14","5","20","20","0.05","0.25","2","160","0","74","74","20.31336081634489"
"7","passive","27","-6","20","20","0.05","0.25","2","160","0","78","78","19.69371878789838"
"5","passive","23","-6","20","20","0.05","0.25","2","160","0","92","92","19.850634316284868"
"4","passive","18","5","20","20","0.05","0.25","2","160","0","80","80","20.230348994934758"
"1","passive","14","-6","20","20","0.05","0.25","2","160","0","72","72","19.583342958876596"
"6","passive","23","5","20","20","0.05","0.25","2","160","0","79","79","20.242472626247114"
"2","passive","14","5","20","20","0.05","0.25","2","160","0","75","75","20.297692775527644"
"4","passive","18","5","20","20","0.05","0.25","2","160","0","81","81","20.21883154518802"
"7","passive","27","-6","20","20","0.05","0.25","2","160","0","79","79","19.709032848503462"
"5","passive","23","-6","20","20","0.05","0.25","2","160","0","93","93","19.858102600470623"
"2","passive","14","5","20","20","0.05","0.25","2","160","0","76","76","20.28280813675126"
"6","passive","23","5","20","20","0.05","0.25","2","160","0","80","80","20.230348994934758"
"7","passive","27","-6","20","20","0.05","0.25","2","160","0","80","80","19.72358120607829"
"4","passive","18","5","20","20","0.05","0.25","2","160","0","82","82","20.20788996792862"
"2","passive","14","5","20","20","0.05","0.25","2","160","0","77","77","20.268667729913698"
"6","passive","23","5","20","20","0.05","0.25","2","160","0","81","81","20.21883154518802"
"5","passive","23","-6","20","20","0.05","0.25","2","160","0","94","94","19.865197470447093"
"2","passive","14","5","20","20","0.05","0.25","2","160","0","78","78","20.255234343418014"
"7","passive","27","-6","20","20","0.05","0.25","2","160","0","81","81","19.737402145774375"
"4","passive","18","5","20","20","0.05","0.25","2","160","0","83","83","20.19749546953219"
"6","passive","23","5","20","20","0.05","0.25","2","160","0","82","82","20.20788996792862"
"5","passive","23","-6","20","20","0.05","0.25","2","160","0","95","95","19.871937596924738"
"2","passive","14","5","20","20","0.05","0.25","2","160","0","79","79","20.242472626247114"
"7","passive","27","-6","20","20","0.05","0.25","2","160","0","82","82","19.750532038485655"
"4","passive","18","5","20","20","0.05","0.25","2","160","0","84","84","20.18762069605558"
"6","passive","23","5","20","20","0.05","0.25","2","160","0","83","83","20.19749546953219"
"5","passive","23","-6","20","20","0.05","0.25","2","160","0","96","96","19.8783407170785"
"2","passive","14","5","20","20","0.05","0.25","2","160","0","80","80","20.230348994934758"
"4","passive","18","5","20","20","0.05","0.25","2","160","0","85","85","20.1782396612528"
"7","passive","27","-6","20","20","0.05","0.25","2","160","0","83","83","19.76300543656137"
"6","passive","23","5","20","20","0.05","0.25","2","160","0","84","84","20.18762069605558"
"2","passive","14","5","20","20","0.05","0.25","2","160","0","81","81","20.21883154518802"
"8","passive","27","5","20","20","0.05","0.25","2","160","0","34","34","22.438374895577645"
"5","passive","23","-6","20","20","0.05","0.25","2","160","0","97","97","19.884423681224575"
"7","passive","27","-6","20","20","0.05","0.25","2","160","0","84","84","19.774855164733303"
"4","passive","18","5","20","20","0.05","0.25","2","160","0","86","86","20.16932767819016"
"6","passive","23","5","20","20","0.05","0.25","2","160","0","85","85","20.1782396612528"
"2","passive","14","5","20","20","0.05","0.25","2","160","0","82","82","20.20788996792862"
"4","passive","18","5","20","20","0.05","0.25","2","160","0","87","87","20.160861294280654"
"8","passive","27","5","20","20","0.05","0.25","2","160","0","35","35","22.316456150798764"
"5","passive","23","-6","20","20","0.05","0.25","2","160","0","98","98","19.890202497163347"
"7","passive","27","-6","20","20","0.05","0.25","2","160","0","85","85","19.78611240649664"
"2","passive","14","5","20","20","0.05","0.25","2","160","0","83","83","20.19749546953219"
"6","passive","23","5","20","20","0.05","0.25","2","160","0","86","86","20.16932767819016"
"8","passive","27","5","20","20","0.05","0.25","2","160","0","36","36","22.200633343258826"
"4","passive","18","5","20","20","0.05","0.25","2","160","0","88","88","20.15281822956662"
"5","passive","23","-6","20","20","0.05","0.25","2","160","0","99","99","19.89569237230518"
"7","passive","27","-6","20","20","0.05","0.25","2","160","0","86","86","19.796806786171807"
"2","passive","14","5","20","20","0.05","0.25","2","160","0","84","84","20.18762069605558"
"6","passive","23","5","20","20","0.05","0.25","2","160","0","87","87","20.160861294280654"
"8","passive","27","5","20","20","0.05","0.25","2","160","0","37","37","22.090601676095883"
"4","passive","18","5","20","20","0.05","0.25","2","160","0","89","89","20.14517731808829"
"7","passive","27","-6","20","20","0.05","0.25","2","160","0","87","87","19.806966446863218"
"5","passive","23","-6","20","20","0.05","0.25","2","160","0","100","100","19.90090775368992"
"2","passive","14","5","20","20","0.05","0.25","2","160","0","85","85","20.1782396612528"
"6","passive","23","5","20","20","0.05","0.25","2","160","0","88","88","20.15281822956662"
"8","passive","27","5","20","20","0.05","0.25","2","160","0","38","38","21.98607159229109"
"5","passive","23","-6","20","20","0.05","0.25","2","160","0","101","101","19.905862366005426"
"6","passive","23","5","20","20","0.05","0.25","2","160","0","89","89","20.14517731808829"
"4","passive","18","5","20","20","0.05","0.25","2","160","0","90","90","20.137918452183875"
"7","passive","27","-6","20","20","0.05","0.25","2","160","0","88","88","19.81661812452006"
"2","passive","14","5","20","20","0.05","0.25","2","160","0","86","86","20.16932767819016"
"8","passive","27","5","20","20","0.05","0.25","2","160","0","39","39","21.886768012676534"
"5","passive","23","-6","20","20","0.05","0.25","2","160","0","102","102","19.910569247705155"
"7","passive","27","-6","20","20","0.05","0.25","2","160","0","89","89","19.825787218294057"
"4","passive","18","5","20","20","0.05","0.25","2","160","0","91","91","20.131022529574683"
"6","passive","23","5","20","20","0.05","0.25","2","160","0","90","90","20.137918452183875"
"8","passive","27","5","20","20","0.05","0.25","2","160","0","40","40","21.792429612042707"
"2","passive","14","5","20","20","0.05","0.25","2","160","0","87","87","20.160861294280654"
"5","passive","23","-6","20","20","0.05","0.25","2","160","0","103","103","19.915040785319896"
"7","passive","27","-6","20","20","0.05","0.25","2","160","0","90","90","19.834497857379354"
"6","passive","23","5","20","20","0.05","0.25","2","160","0","91","91","20.131022529574683"
"4","passive","18","5","20","20","0.05","0.25","2","160","0","92","92","20.12447140309595"
"2","passive","14","5","20","20","0.05","0.25","2","160","0","88","88","20.15281822956662"
"5","passive","23","-6","20","20","0.05","0.25","2","160","0","104","104","19.9192887460539"
"7","passive","27","-6","20","20","0.05","0.25","2","160","0","91","91","19.842772964510388"
"8","passive","27","5","20","20","0.05","0.25","2","160","0","41","41","21.70280813144057"
"6","passive","23","5","20","20","0.05","0.25","2","160","0","92","92","20.12447140309595"
"5","passive","23","-6","20","20","0.05","0.25","2","160","0","105","105","19.923324308751205"
"4","passive","18","5","20","20","0.05","0.25","2","160","0","93","93","20.11824783294115"
"2","passive","14","5","20","20","0.05","0.25","2","160","0","89","89","20.14517731808829"
"7","passive","27","-6","20","20","0.05","0.25","2","160","0","92","92","19.850634316284868"
"5","passive","23","-6","20","20","0.05","0.25","2","160","0","106","106","19.927158093313643"
"8","passive","27","5","20","20","0.05","0.25","2","160","0","42","42","21.61766772486854"
"6","passive","23","5","20","20","0.05","0.25","2","160","0","93","93","20.11824783294115"
"4","passive","18","5","20","20","0.05","0.25","2","160","0","94","94","20.112335441294093"
"2","passive","14","5","20","20","0.05","0.25","2","160","0","90","90","20.137918452183875"
"5","passive","23","-6","20","20","0.05","0.25","2","160","0","107","107","19.93080018864796"
"8","passive","27","5","20","20","0.05","0.25","2","160","0","43","43","21.53678433862511"
"6","passive","23","5","20","20","0.05","0.25","2","160","0","94","94","20.112335441294093"
"7","passive","27","-6","20","20","0.05","0.25","2","160","0","93","93","19.858102600470623"
"2","passive","14","5","20","20","0.05","0.25","2","160","0","91","91","20.131022529574683"
"4","passive","18","5","20","20","0.05","0.25","2","160","0","95","95","20.106718669229387"
"8","passive","27","5","20","20","0.05","0.25","2","160","0","44","44","21.459945121693856"
"6","passive","23","5","20","20","0.05","0.25","2","160","0","95","95","20.106718669229387"
"2","passive","14","5","20","20","0.05","0.25","2","160","0","92","92","20.12447140309595"
"7","passive","27","-6","20","20","0.05","0.25","2","160","0","94","94","19.865197470447093"
"8","passive","27","5","20","20","0.05","0.25","2","160","0","45","45","21.386947865609162"
"4","passive","18","5","20","20","0.05","0.25","2","160","0","96","96","20.101382735767917"
"6","passive","23","5","20","20","0.05","0.25","2","160","0","96","96","20.101382735767917"
"2","passive","14","5","20","20","0.05","0.25","2","160","0","93","93","20.11824783294115"
"6","passive","23","5","20","20","0.05","0.25","2","160","0","97","97","20.09631359897952"
"7","passive","27","-6","20","20","0.05","0.25","2","160","0","95","95","19.871937596924738"
"4","passive","18","5","20","20","0.05","0.25","2","160","0","97","97","20.09631359897952"
"2","passive","14","5","20","20","0.05","0.25","2","160","0","94","94","20.112335441294093"
"6","passive","23","5","20","20","0.05","0.25","2","160","0","98","98","20.091497919030544"
"7","passive","27","-6","20","20","0.05","0.25","2","160","0","96","96","19.8783407170785"
"2","passive","14","5","20","20","0.05","0.25","2","160","0","95","95","20.106718669229387"
"4","passive","18","5","20","20","0.05","0.25","2","160","0","98","98","20.091497919030544"
"2","passive","14","5","20","20","0.05","0.25","2","160","0","96","96","20.101382735767917"
"4","passive","18","5","20","20","0.05","0.25","2","160","0","99","99","20.086923023079017"
"6","passive","23","5","20","20","0.05","0.25","2","160","0","99","99","20.086923023079017"
"2","passive","14","5","20","20","0.05","0.25","2","160","0","97","97","20.09631359897952"
"6","passive","23","5","20","20","0.05","0.25","2","160","0","100","100","20.082576871925067"
"4","passive","18","5","20","20","0.05","0.25","2","160","0","100","100","20.082576871925067"
"2","passive","14","5","20","20","0.05","0.25","2","160","0","98","98","20.091497919030544"
"6","passive","23","5","20","20","0.05","0.25","2","160","0","101","101","20.078448028328815"
"4","passive","18","5","20","20","0.05","0.25","2","160","0","101","101","20.078448028328815"
"6","passive","23","5","20","20","0.05","0.25","2","160","0","102","102","20.074525626912376"
"4","passive","18","5","20","20","0.05","0.25","2","160","0","102","102","20.074525626912376"
"2","passive","14","5","20","20","0.05","0.25","2","160","0","99","99","20.086923023079017"
"2","passive","14","5","20","20","0.05","0.25","2","160","0","100","100","20.082576871925067"
"4","passive","18","5","20","20","0.05","0.25","2","160","0","103","103","20.07079934556676"
"6","passive","23","5","20","20","0.05","0.25","2","160","0","103","103","20.07079934556676"
"4","passive","18","5","20","20","0.05","0.25","2","160","0","104","104","20.06725937828842"
"2","passive","14","5","20","20","0.05","0.25","2","160","0","101","101","20.078448028328815"
"6","passive","23","5","20","20","0.05","0.25","2","160","0","104","104","20.06725937828842"
"4","passive","18","5","20","20","0.05","0.25","2","160","0","105","105","20.063896409374"
"6","passive","23","5","20","20","0.05","0.25","2","160","0","105","105","20.063896409374"
"2","passive","14","5","20","20","0.05","0.25","2","160","0","102","102","20.074525626912376"
"6","passive","23","5","20","20","0.05","0.25","2","160","0","106","106","20.0607015889053"
"4","passive","18","5","20","20","0.05","0.25","2","160","0","106","106","20.0607015889053"
"2","passive","14","5","20","20","0.05","0.25","2","160","0","103","103","20.07079934556676"
"4","passive","18","5","20","20","0.05","0.25","2","160","0","107","107","20.057666509460034"
"3","passive","18","-6","20","20","0.05","0.25","2","160","0","66","66","19.433190535173576"
"6","passive","23","5","20","20","0.05","0.25","2","160","0","107","107","20.057666509460034"
"2","passive","14","5","20","20","0.05","0.25","2","160","0","104","104","20.06725937828842"
"4","passive","18","5","20","20","0.05","0.25","2","160","0","108","108","20.054783183987034"
"3","passive","18","-6","20","20","0.05","0.25","2","160","0","67","67","19.461531008414898"
"6","passive","23","5","20","20","0.05","0.25","2","160","0","108","108","20.054783183987034"
"2","passive","14","5","20","20","0.05","0.25","2","160","0","105","105","20.063896409374"
"4","passive","18","5","20","20","0.05","0.25","2","160","0","109","109","20.052044024787683"
"3","passive","18","-6","20","20","0.05","0.25","2","160","0","68","68","19.488454457994152"
"6","passive","23","5","20","20","0.05","0.25","2","160","0","109","109","20.052044024787683"
"2","passive","14","5","20","20","0.05","0.25","2","160","0","106","106","20.0607015889053"
"4","passive","18","5","20","20","0.05","0.25","2","160","0","110","110","20.0494418235483"
"6","passive","23","5","20","20","0.05","0.25","2","160","0","110","110","20.0494418235483"
"2","passive","14","5","20","20","0.05","0.25","2","160","0","107","107","20.057666509460034"
"4","passive","18","5","20","20","0.05","0.25","2","160","0","111","111","20.046969732370883"
"3","passive","18","-6","20","20","0.05","0.25","2","160","0","69","69","19.514031735094445"
"6","passive","23","5","20","20","0.05","0.25","2","160","0","111","111","20.046969732370883"
"2","passive","14","5","20","20","0.05","0.25","2","160","0","108","108","20.054783183987034"
"4","passive","18","5","20","20","0.05","0.25","2","160","0","112","112","20.04462124575234"
"3","passive","18","-6","20","20","0.05","0.25","2","160","0","70","70","19.53833014833972"
"6","passive","23","5","20","20","0.05","0.25","2","160","0","112","112","20.04462124575234"
"2","passive","14","5","20","20","0.05","0.25","2","160","0","109","109","20.052044024787683"
"3","passive","18","-6","20","20","0.05","0.25","2","160","0","71","71","19.561413640922733"
"4","passive","18","5","20","20","0.05","0.25","2","160","0","113","113","20.042390183464722"
"6","passive","23","5","20","20","0.05","0.25","2","160","0","113","113","20.042390183464722"
"2","passive","14","5","20","20","0.05","0.25","2","160","0","110","110","20.0494418235483"
"3","passive","18","-6","20","20","0.05","0.25","2","160","0","72","72","19.583342958876596"
"6","passive","23","5","20","20","0.05","0.25","2","160","0","114","114","20.040270674291484"
"3","passive","18","-6","20","20","0.05","0.25","2","160","0","73","73","19.604175810932766"
"2","passive","14","5","20","20","0.05","0.25","2","160","0","111","111","20.046969732370883"
"6","passive","23","5","20","20","0.05","0.25","2","160","0","115","115","20.03825714057691"
"3","passive","18","-6","20","20","0.05","0.25","2","160","0","74","74","19.62396702038613"
"2","passive","14","5","20","20","0.05","0.25","2","160","0","112","112","20.04462124575234"
"6","passive","23","5","20","20","0.05","0.25","2","160","0","116","116","20.036344283548065"
"3","passive","18","-6","20","20","0.05","0.25","2","160","0","75","75","19.642768669366824"
"6","passive","23","5","20","20","0.05","0.25","2","160","0","117","117","20.03452706937066"
"2","passive","14","5","20","20","0.05","0.25","2","160","0","113","113","20.042390183464722"
"6","passive","23","5","20","20","0.05","0.25","2","160","0","118","118","20.032800715902127"
"2","passive","14","5","20","20","0.05","0.25","2","160","0","114","114","20.040270674291484"
"3","passive","18","-6","20","20","0.05","0.25","2","160","0","76","76","19.66063023589848"
"6","passive","23","5","20","20","0.05","0.25","2","160","0","119","119","20.03116068010702"
"2","passive","14","5","20","20","0.05","0.25","2","160","0","115","115","20.03825714057691"
"6","passive","23","5","20","20","0.05","0.25","2","160","0","120","120","20.02960264610167"
"3","passive","18","-6","20","20","0.05","0.25","2","160","0","77","77","19.677598724103557"
"6","passive","23","5","20","20","0.05","0.25","2","160","0","121","121","20.028122513796585"
"6","passive","23","5","20","20","0.05","0.25","2","160","0","122","122","20.026716388106756"
"3","passive","18","-6","20","20","0.05","0.25","2","160","0","78","78","19.69371878789838"
"6","passive","23","5","20","20","0.05","0.25","2","160","0","123","123","20.02538056870142"
"3","passive","18","-6","20","20","0.05","0.25","2","160","0","79","79","19.709032848503462"
"6","passive","23","5","20","20","0.05","0.25","2","160","0","124","124","20.024111540266347"
"6","passive","23","5","20","20","0.05","0.25","2","160","0","125","125","20.02290596325303"
"3","passive","18","-6","20","20","0.05","0.25","2","160","0","80","80","19.72358120607829"
"6","passive","23","5","20","20","0.05","0.25","2","160","0","126","126","20.02176066509038"
"3","passive","18","-6","20","20","0.05","0.25","2","160","0","81","81","19.737402145774375"
"6","passive","23","5","20","20","0.05","0.25","2","160","0","127","127","20.02067263183586"
"3","passive","18","-6","20","20","0.05","0.25","2","160","0","82","82","19.750532038485655"
"6","passive","23","5","20","20","0.05","0.25","2","160","0","128","128","20.01963900024407"
"3","passive","18","-6","20","20","0.05","0.25","2","160","0","83","83","19.76300543656137"
"6","passive","23","5","20","20","0.05","0.25","2","160","0","129","129","20.018657050231866"
"6","passive","23","5","20","20","0.05","0.25","2","160","0","130","130","20.017724197720273"
"3","passive","18","-6","20","20","0.05","0.25","2","160","0","84","84","19.774855164733303"
"6","passive","23","5","20","20","0.05","0.25","2","160","0","131","131","20.01683798783426"
"3","passive","18","-6","20","20","0.05","0.25","2","160","0","85","85","19.78611240649664"
"6","passive","23","5","20","20","0.05","0.25","2","160","0","132","132","20.01599608844255"
"3","passive","18","-6","20","20","0.05","0.25","2","160","0","86","86","19.796806786171807"
"6","passive","23","5","20","20","0.05","0.25","2","160","0","133","133","20.015196284020423"
"3","passive","18","-6","20","20","0.05","0.25","2","160","0","87","87","19.806966446863218"
"6","passive","23","5","20","20","0.05","0.25","2","160","0","134","134","20.0144364698194"
"6","passive","23","5","20","20","0.05","0.25","2","160","0","135","135","20.01371464632843"
"3","passive","18","-6","20","20","0.05","0.25","2","160","0","88","88","19.81661812452006"
"6","passive","23","5","20","20","0.05","0.25","2","160","0","136","136","20.01302891401201"
"3","passive","18","-6","20","20","0.05","0.25","2","160","0","89","89","19.825787218294057"
"6","passive","23","5","20","20","0.05","0.25","2","160","0","137","137","20.01237746831141"
"6","passive","23","5","20","20","0.05","0.25","2","160","0","138","138","20.011758594895838"
"6","passive","23","5","20","20","0.05","0.25","2","160","0","139","139","20.011170665151045"
"3","passive","18","-6","20","20","0.05","0.25","2","160","0","90","90","19.834497857379354"
"6","passive","23","5","20","20","0.05","0.25","2","160","0","140","140","20.01061213189349"
"3","passive","18","-6","20","20","0.05","0.25","2","160","0","91","91","19.842772964510388"
"6","passive","23","5","20","20","0.05","0.25","2","160","0","141","141","20.010081525298816"
"3","passive","18","-6","20","20","0.05","0.25","2","160","0","92","92","19.850634316284868"
"6","passive","23","5","20","20","0.05","0.25","2","160","0","142","142","20.009577449033873"
"3","passive","18","-6","20","20","0.05","0.25","2","160","0","93","93","19.858102600470623"
"6","passive","23","5","20","20","0.05","0.25","2","160","0","143","143","20.00909857658218"
"6","passive","23","5","20","20","0.05","0.25","2","160","0","144","144","20.008643647753072"
"6","passive","23","5","20","20","0.05","0.25","2","160","0","145","145","20.008211465365417"
"6","passive","23","5","20","20","0.05","0.25","2","160","0","146","146","20.007800892097144"
"6","passive","23","5","20","20","0.05","0.25","2","160","0","147","147","20.007410847492288"
"6","passive","23","5","20","20","0.05","0.25","2","160","0","148","148","20.007040305117673"
"6","passive","23","5","20","20","0.05","0.25","2","160","0","149","149","20.00668828986179"
"6","passive","23","5","20","20","0.05","0.25","2","160","0","150","150","20.0063538753687"
"6","passive","23","5","20","20","0.05","0.25","2","160","0","151","151","20.006036181600265"
"6","passive","23","5","20","20","0.05","0.25","2","160","0","152","152","20.00573437252025"
"6","passive","23","5","20","20","0.05","0.25","2","160","0","153","153","20.00544765389424"
"6","passive","23","5","20","20","0.05","0.25","2","160","0","154","154","20.00517527119953"
"6","passive","23","5","20","20","0.05","0.25","2","160","0","155","155","20.004916507639553"
"6","passive","23","5","20","20","0.05","0.25","2","160","0","156","156","20.004670682257576"
"6","passive","23","5","20","20","0.05","0.25","2","160","0","157","157","20.004437148144696"
"6","passive","23","5","20","20","0.05","0.25","2","160","0","158","158","20.004215290737463"
"6","passive","23","5","20","20","0.05","0.25","2","160","0","159","159","20.00400452620059"
"6","passive","23","5","20","20","0.05","0.25","2","160","0","160","160","20.00380429989056"
"1","passive","14","-6","20","20","0.05","0.25","2","160","0","73","73","19.604175810932766"
"1","passive","14","-6","20","20","0.05","0.25","2","160","0","74","74","19.62396702038613"
"1","passive","14","-6","20","20","0.05","0.25","2","160","0","75","75","19.642768669366824"
"1","passive","14","-6","20","20","0.05","0.25","2","160","0","76","76","19.66063023589848"
"1","passive","14","-6","20","20","0.05","0.25","2","160","0","77","77","19.677598724103557"
"1","passive","14","-6","20","20","0.05","0.25","2","160","0","78","78","19.69371878789838"
"1","passive","14","-6","20","20","0.05","0.25","2","160","0","79","79","19.709032848503462"
"1","passive","14","-6","20","20","0.05","0.25","2","160","0","80","80","19.72358120607829"
"1","passive","14","-6","20","20","0.05","0.25","2","160","0","81","81","19.737402145774375"
"1","passive","14","-6","20","20","0.05","0.25","2","160","0","82","82","19.750532038485655"
"1","passive","14","-6","20","20","0.05","0.25","2","160","0","83","83","19.76300543656137"
"1","passive","14","-6","20","20","0.05","0.25","2","160","0","84","84","19.774855164733303"
"1","passive","14","-6","20","20","0.05","0.25","2","160","0","85","85","19.78611240649664"
"1","passive","14","-6","20","20","0.05","0.25","2","160","0","86","86","19.796806786171807"
"1","passive","14","-6","20","20","0.05","0.25","2","160","0","87","87","19.806966446863218"
"1","passive","14","-6","20","20","0.05","0.25","2","160","0","88","88","19.81661812452006"
"1","passive","14","-6","20","20","0.05","0.25","2","160","0","89","89","19.825787218294057"
"1","passive","14","-6","20","20","0.05","0.25","2","160","0","90","90","19.834497857379354"
"1","passive","14","-6","20","20","0.05","0.25","2","160","0","91","91","19.842772964510388"
"1","passive","14","-6","20","20","0.05","0.25","2","160","0","92","92","19.850634316284868"
"1","passive","14","-6","20","20","0.05","0.25","2","160","0","93","93","19.858102600470623"
"5","passive","23","-6","20","20","0.05","0.25","2","160","0","108","108","19.934260179215563"
"1","passive","14","-6","20","20","0.05","0.25","2","160","0","94","94","19.865197470447093"
"5","passive","23","-6","20","20","0.05","0.25","2","160","0","109","109","19.937547170254785"
"1","passive","14","-6","20","20","0.05","0.25","2","160","0","95","95","19.871937596924738"
"5","passive","23","-6","20","20","0.05","0.25","2","160","0","110","110","19.940669811742044"
"1","passive","14","-6","20","20","0.05","0.25","2","160","0","96","96","19.8783407170785"
"5","passive","23","-6","20","20","0.05","0.25","2","160","0","111","111","19.94363632115494"
"5","passive","23","-6","20","20","0.05","0.25","2","160","0","112","112","19.946454505097194"
"1","passive","14","-6","20","20","0.05","0.25","2","160","0","97","97","19.884423681224575"
"5","passive","23","-6","20","20","0.05","0.25","2","160","0","113","113","19.949131779842332"
"8","passive","27","5","20","20","0.05","0.25","2","160","0","46","46","21.317600472328703"
"1","passive","14","-6","20","20","0.05","0.25","2","160","0","98","98","19.890202497163347"
"5","passive","23","-6","20","20","0.05","0.25","2","160","0","114","114","19.951675190850217"
"1","passive","14","-6","20","20","0.05","0.25","2","160","0","99","99","19.89569237230518"
"8","passive","27","5","20","20","0.05","0.25","2","160","0","47","47","21.251720448712266"
"5","passive","23","-6","20","20","0.05","0.25","2","160","0","115","115","19.954091431307706"
"5","passive","23","-6","20","20","0.05","0.25","2","160","0","116","116","19.95638685974232"
"8","passive","27","5","20","20","0.05","0.25","2","160","0","48","48","21.189134426276652"
"7","passive","27","-6","20","20","0.05","0.25","2","160","0","97","97","19.884423681224575"
"5","passive","23","-6","20","20","0.05","0.25","2","160","0","117","117","19.958567516755203"
"8","passive","27","5","20","20","0.05","0.25","2","160","0","49","49","21.12967770496282"
"7","passive","27","-6","20","20","0.05","0.25","2","160","0","98","98","19.890202497163347"
"7","passive","27","-6","20","20","0.05","0.25","2","160","0","99","99","19.89569237230518"
"7","passive","27","-6","20","20","0.05","0.25","2","160","0","100","100","19.90090775368992"
"7","passive","27","-6","20","20","0.05","0.25","2","160","0","101","101","19.905862366005426"
"7","passive","27","-6","20","20","0.05","0.25","2","160","0","102","102","19.910569247705155"
"7","passive","27","-6","20","20","0.05","0.25","2","160","0","103","103","19.915040785319896"
"7","passive","27","-6","20","20","0.05","0.25","2","160","0","104","104","19.9192887460539"
"7","passive","27","-6","20","20","0.05","0.25","2","160","0","105","105","19.923324308751205"
"7","passive","27","-6","20","20","0.05","0.25","2","160","0","106","106","19.927158093313643"
"7","passive","27","-6","20","20","0.05","0.25","2","160","0","107","107","19.93080018864796"
"7","passive","27","-6","20","20","0.05","0.25","2","160","0","108","108","19.934260179215563"
"7","passive","27","-6","20","20","0.05","0.25","2","160","0","109","109","19.937547170254785"
"7","passive","27","-6","20","20","0.05","0.25","2","160","0","110","110","19.940669811742044"
"7","passive","27","-6","20","20","0.05","0.25","2","160","0","111","111","19.94363632115494"
"7","passive","27","-6","20","20","0.05","0.25","2","160","0","112","112","19.946454505097194"
"7","passive","27","-6","20","20","0.05","0.25","2","160","0","113","113","19.949131779842332"
"7","passive","27","-6","20","20","0.05","0.25","2","160","0","114","114","19.951675190850217"
"7","passive","27","-6","20","20","0.05","0.25","2","160","0","115","115","19.954091431307706"
"7","passive","27","-6","20","20","0.05","0.25","2","160","0","116","116","19.95638685974232"
"7","passive","27","-6","20","20","0.05","0.25","2","160","0","117","117","19.958567516755203"
"7","passive","27","-6","20","20","0.05","0.25","2","160","0","118","118","19.960639140917444"
"7","passive","27","-6","20","20","0.05","0.25","2","160","0","119","119","19.962607183871572"
"7","passive","27","-6","20","20","0.05","0.25","2","160","0","120","120","19.964476824677995"
"7","passive","27","-6","20","20","0.05","0.25","2","160","0","121","121","19.966252983444093"
"7","passive","27","-6","20","20","0.05","0.25","2","160","0","122","122","19.967940334271887"
"7","passive","27","-6","20","20","0.05","0.25","2","160","0","123","123","19.969543317558294"
"7","passive","27","-6","20","20","0.05","0.25","2","160","0","124","124","19.97106615168038"
"7","passive","27","-6","20","20","0.05","0.25","2","160","0","125","125","19.97251284409636"
"7","passive","27","-6","20","20","0.05","0.25","2","160","0","126","126","19.973887201891543"
"7","passive","27","-6","20","20","0.05","0.25","2","160","0","127","127","19.975192841796964"
"7","passive","27","-6","20","20","0.05","0.25","2","160","0","128","128","19.976433199707117"
"7","passive","27","-6","20","20","0.05","0.25","2","160","0","129","129","19.97761153972176"
"7","passive","27","-6","20","20","0.05","0.25","2","160","0","130","130","19.97873096273567"
"7","passive","27","-6","20","20","0.05","0.25","2","160","0","131","131","19.97979441459889"
"7","passive","27","-6","20","20","0.05","0.25","2","160","0","132","132","19.980804693868944"
"7","passive","27","-6","20","20","0.05","0.25","2","160","0","133","133","19.981764459175498"
"7","passive","27","-6","20","20","0.05","0.25","2","160","0","134","134","19.982676236216722"
"7","passive","27","-6","20","20","0.05","0.25","2","160","0","135","135","19.983542424405886"
"7","passive","27","-6","20","20","0.05","0.25","2","160","0","136","136","19.98436530318559"
"7","passive","27","-6","20","20","0.05","0.25","2","160","0","137","137","19.985147038026312"
"4","passive","18","5","20","20","0.05","0.25","2","160","0","114","114","20.040270674291484"
"7","passive","27","-6","20","20","0.05","0.25","2","160","0","138","138","19.985889686124995"
"4","passive","18","5","20","20","0.05","0.25","2","160","0","115","115","20.03825714057691"
"7","passive","27","-6","20","20","0.05","0.25","2","160","0","139","139","19.986595201818744"
"4","passive","18","5","20","20","0.05","0.25","2","160","0","116","116","20.036344283548065"
"7","passive","27","-6","20","20","0.05","0.25","2","160","0","140","140","19.987265441727807"
"4","passive","18","5","20","20","0.05","0.25","2","160","0","117","117","20.03452706937066"
"7","passive","27","-6","20","20","0.05","0.25","2","160","0","141","141","19.987902169641416"
"4","passive","18","5","20","20","0.05","0.25","2","160","0","118","118","20.032800715902127"
"7","passive","27","-6","20","20","0.05","0.25","2","160","0","142","142","19.988507061159346"
"4","passive","18","5","20","20","0.05","0.25","2","160","0","119","119","20.03116068010702"
"7","passive","27","-6","20","20","0.05","0.25","2","160","0","143","143","19.98908170810138"
"4","passive","18","5","20","20","0.05","0.25","2","160","0","120","120","20.02960264610167"
"7","passive","27","-6","20","20","0.05","0.25","2","160","0","144","144","19.98962762269631"
"4","passive","18","5","20","20","0.05","0.25","2","160","0","121","121","20.028122513796585"
"7","passive","27","-6","20","20","0.05","0.25","2","160","0","145","145","19.990146241561497"
"4","passive","18","5","20","20","0.05","0.25","2","160","0","122","122","20.026716388106756"
"2","passive","14","5","20","20","0.05","0.25","2","160","0","116","116","20.036344283548065"
"7","passive","27","-6","20","20","0.05","0.25","2","160","0","146","146","19.990638929483424"
"4","passive","18","5","20","20","0.05","0.25","2","160","0","123","123","20.02538056870142"
"7","passive","27","-6","20","20","0.05","0.25","2","160","0","147","147","19.991106983009253"
"2","passive","14","5","20","20","0.05","0.25","2","160","0","117","117","20.03452706937066"
"4","passive","18","5","20","20","0.05","0.25","2","160","0","124","124","20.024111540266347"
"7","passive","27","-6","20","20","0.05","0.25","2","160","0","148","148","19.99155163385879"
"2","passive","14","5","20","20","0.05","0.25","2","160","0","118","118","20.032800715902127"
"4","passive","18","5","20","20","0.05","0.25","2","160","0","125","125","20.02290596325303"
"2","passive","14","5","20","20","0.05","0.25","2","160","0","119","119","20.03116068010702"
"7","passive","27","-6","20","20","0.05","0.25","2","160","0","149","149","19.99197405216585"
"4","passive","18","5","20","20","0.05","0.25","2","160","0","126","126","20.02176066509038"
"2","passive","14","5","20","20","0.05","0.25","2","160","0","120","120","20.02960264610167"
"7","passive","27","-6","20","20","0.05","0.25","2","160","0","150","150","19.99237534955756"
"4","passive","18","5","20","20","0.05","0.25","2","160","0","127","127","20.02067263183586"
"7","passive","27","-6","20","20","0.05","0.25","2","160","0","151","151","19.992756582079682"
"2","passive","14","5","20","20","0.05","0.25","2","160","0","121","121","20.028122513796585"
"4","passive","18","5","20","20","0.05","0.25","2","160","0","128","128","20.01963900024407"
"7","passive","27","-6","20","20","0.05","0.25","2","160","0","152","152","19.993118752975697"
"2","passive","14","5","20","20","0.05","0.25","2","160","0","122","122","20.026716388106756"
"7","passive","27","-6","20","20","0.05","0.25","2","160","0","153","153","19.99346281532691"
"4","passive","18","5","20","20","0.05","0.25","2","160","0","129","129","20.018657050231866"
"2","passive","14","5","20","20","0.05","0.25","2","160","0","123","123","20.02538056870142"
"7","passive","27","-6","20","20","0.05","0.25","2","160","0","154","154","19.993789674560567"
"2","passive","14","5","20","20","0.05","0.25","2","160","0","124","124","20.024111540266347"
"4","passive","18","5","20","20","0.05","0.25","2","160","0","130","130","20.017724197720273"
"7","passive","27","-6","20","20","0.05","0.25","2","160","0","155","155","19.99410019083254"
"2","passive","14","5","20","20","0.05","0.25","2","160","0","125","125","20.02290596325303"
"4","passive","18","5","20","20","0.05","0.25","2","160","0","131","131","20.01683798783426"
"7","passive","27","-6","20","20","0.05","0.25","2","160","0","156","156","19.994395181290912"
"2","passive","14","5","20","20","0.05","0.25","2","160","0","126","126","20.02176066509038"
"4","passive","18","5","20","20","0.05","0.25","2","160","0","132","132","20.01599608844255"
"7","passive","27","-6","20","20","0.05","0.25","2","160","0","157","157","19.994675422226365"
"4","passive","18","5","20","20","0.05","0.25","2","160","0","133","133","20.015196284020423"
"2","passive","14","5","20","20","0.05","0.25","2","160","0","127","127","20.02067263183586"
"7","passive","27","-6","20","20","0.05","0.25","2","160","0","158","158","19.994941651115045"
"4","passive","18","5","20","20","0.05","0.25","2","160","0","134","134","20.0144364698194"
"2","passive","14","5","20","20","0.05","0.25","2","160","0","128","128","20.01963900024407"
"7","passive","27","-6","20","20","0.05","0.25","2","160","0","159","159","19.995194568559292"
"4","passive","18","5","20","20","0.05","0.25","2","160","0","135","135","20.01371464632843"
"2","passive","14","5","20","20","0.05","0.25","2","160","0","129","129","20.018657050231866"
"2","passive","14","5","20","20","0.05","0.25","2","160","0","130","130","20.017724197720273"
"4","passive","18","5","20","20","0.05","0.25","2","160","0","136","136","20.01302891401201"
"7","passive","27","-6","20","20","0.05","0.25","2","160","0","160","160","19.995434840131328"
"2","passive","14","5","20","20","0.05","0.25","2","160","0","131","131","20.01683798783426"
"4","passive","18","5","20","20","0.05","0.25","2","160","0","137","137","20.01237746831141"
"2","passive","14","5","20","20","0.05","0.25","2","160","0","132","132","20.01599608844255"
"4","passive","18","5","20","20","0.05","0.25","2","160","0","138","138","20.011758594895838"
"2","passive","14","5","20","20","0.05","0.25","2","160","0","133","133","20.015196284020423"
"4","passive","18","5","20","20","0.05","0.25","2","160","0","139","139","20.011170665151045"
"2","passive","14","5","20","20","0.05","0.25","2","160","0","134","134","20.0144364698194"
"4","passive","18","5","20","20","0.05","0.25","2","160","0","140","140","20.01061213189349"
"2","passive","14","5","20","20","0.05","0.25","2","160","0","135","135","20.01371464632843"
"4","passive","18","5","20","20","0.05","0.25","2","160","0","141","141","20.010081525298816"
"2","passive","14","5","20","20","0.05","0.25","2","160","0","136","136","20.01302891401201"
"4","passive","18","5","20","20","0.05","0.25","2","160","0","142","142","20.009577449033873"
"2","passive","14","5","20","20","0.05","0.25","2","160","0","137","137","20.01237746831141"
"4","passive","18","5","20","20","0.05","0.25","2","160","0","143","143","20.00909857658218"
"2","passive","14","5","20","20","0.05","0.25","2","160","0","138","138","20.011758594895838"
"4","passive","18","5","20","20","0.05","0.25","2","160","0","144","144","20.008643647753072"
"2","passive","14","5","20","20","0.05","0.25","2","160","0","139","139","20.011170665151045"
"4","passive","18","5","20","20","0.05","0.25","2","160","0","145","145","20.008211465365417"
"2","passive","14","5","20","20","0.05","0.25","2","160","0","140","140","20.01061213189349"
"3","passive","18","-6","20","20","0.05","0.25","2","160","0","94","94","19.865197470447093"
"4","passive","18","5","20","20","0.05","0.25","2","160","0","146","146","20.007800892097144"
"2","passive","14","5","20","20","0.05","0.25","2","160","0","141","141","20.010081525298816"
"4","passive","18","5","20","20","0.05","0.25","2","160","0","147","147","20.007410847492288"
"3","passive","18","-6","20","20","0.05","0.25","2","160","0","95","95","19.871937596924738"
"2","passive","14","5","20","20","0.05","0.25","2","160","0","142","142","20.009577449033873"
"4","passive","18","5","20","20","0.05","0.25","2","160","0","148","148","20.007040305117673"
"2","passive","14","5","20","20","0.05","0.25","2","160","0","143","143","20.00909857658218"
"4","passive","18","5","20","20","0.05","0.25","2","160","0","149","149","20.00668828986179"
"3","passive","18","-6","20","20","0.05","0.25","2","160","0","96","96","19.8783407170785"
"4","passive","18","5","20","20","0.05","0.25","2","160","0","150","150","20.0063538753687"
"2","passive","14","5","20","20","0.05","0.25","2","160","0","144","144","20.008643647753072"
"2","passive","14","5","20","20","0.05","0.25","2","160","0","145","145","20.008211465365417"
"4","passive","18","5","20","20","0.05","0.25","2","160","0","151","151","20.006036181600265"
"3","passive","18","-6","20","20","0.05","0.25","2","160","0","97","97","19.884423681224575"
"4","passive","18","5","20","20","0.05","0.25","2","160","0","152","152","20.00573437252025"
"3","passive","18","-6","20","20","0.05","0.25","2","160","0","98","98","19.890202497163347"
"2","passive","14","5","20","20","0.05","0.25","2","160","0","146","146","20.007800892097144"
"4","passive","18","5","20","20","0.05","0.25","2","160","0","153","153","20.00544765389424"
"2","passive","14","5","20","20","0.05","0.25","2","160","0","147","147","20.007410847492288"
"2","passive","14","5","20","20","0.05","0.25","2","160","0","148","148","20.007040305117673"
"2","passive","14","5","20","20","0.05","0.25","2","160","0","149","149","20.00668828986179"
"2","passive","14","5","20","20","0.05","0.25","2","160","0","150","150","20.0063538753687"
"2","passive","14","5","20","20","0.05","0.25","2","160","0","151","151","20.006036181600265"
"2","passive","14","5","20","20","0.05","0.25","2","160","0","152","152","20.00573437252025"
"2","passive","14","5","20","20","0.05","0.25","2","160","0","153","153","20.00544765389424"
"2","passive","14","5","20","20","0.05","0.25","2","160","0","154","154","20.00517527119953"
"2","passive","14","5","20","20","0.05","0.25","2","160","0","155","155","20.004916507639553"
"2","passive","14","5","20","20","0.05","0.25","2","160","0","156","156","20.004670682257576"
"2","passive","14","5","20","20","0.05","0.25","2","160","0","157","157","20.004437148144696"
"2","passive","14","5","20","20","0.05","0.25","2","160","0","158","158","20.004215290737463"
"2","passive","14","5","20","20","0.05","0.25","2","160","0","159","159","20.00400452620059"
"2","passive","14","5","20","20","0.05","0.25","2","160","0","160","160","20.00380429989056"
"1","passive","14","-6","20","20","0.05","0.25","2","160","0","100","100","19.90090775368992"
"5","passive","23","-6","20","20","0.05","0.25","2","160","0","118","118","19.960639140917444"
"1","passive","14","-6","20","20","0.05","0.25","2","160","0","101","101","19.905862366005426"
"1","passive","14","-6","20","20","0.05","0.25","2","160","0","102","102","19.910569247705155"
"5","passive","23","-6","20","20","0.05","0.25","2","160","0","119","119","19.962607183871572"
"8","passive","27","5","20","20","0.05","0.25","2","160","0","50","50","21.073193819714678"
"1","passive","14","-6","20","20","0.05","0.25","2","160","0","103","103","19.915040785319896"
"8","passive","27","5","20","20","0.05","0.25","2","160","0","51","51","21.019534128728946"
"5","passive","23","-6","20","20","0.05","0.25","2","160","0","120","120","19.964476824677995"
"1","passive","14","-6","20","20","0.05","0.25","2","160","0","104","104","19.9192887460539"
"8","passive","27","5","20","20","0.05","0.25","2","160","0","52","52","20.9685574222925"
"1","passive","14","-6","20","20","0.05","0.25","2","160","0","105","105","19.923324308751205"
"5","passive","23","-6","20","20","0.05","0.25","2","160","0","121","121","19.966252983444093"
"8","passive","27","5","20","20","0.05","0.25","2","160","0","53","53","20.920129551177872"
"5","passive","23","-6","20","20","0.05","0.25","2","160","0","122","122","19.967940334271887"
"1","passive","14","-6","20","20","0.05","0.25","2","160","0","106","106","19.927158093313643"
"8","passive","27","5","20","20","0.05","0.25","2","160","0","54","54","20.87412307361898"
"5","passive","23","-6","20","20","0.05","0.25","2","160","0","123","123","19.969543317558294"
"1","passive","14","-6","20","20","0.05","0.25","2","160","0","107","107","19.93080018864796"
"1","passive","14","-6","20","20","0.05","0.25","2","160","0","108","108","19.934260179215563"
"8","passive","27","5","20","20","0.05","0.25","2","160","0","55","55","20.83041691993803"
"5","passive","23","-6","20","20","0.05","0.25","2","160","0","124","124","19.97106615168038"
"1","passive","14","-6","20","20","0.05","0.25","2","160","0","109","109","19.937547170254785"
"5","passive","23","-6","20","20","0.05","0.25","2","160","0","125","125","19.97251284409636"
"8","passive","27","5","20","20","0.05","0.25","2","160","0","56","56","20.788896073941128"
"1","passive","14","-6","20","20","0.05","0.25","2","160","0","110","110","19.940669811742044"
"5","passive","23","-6","20","20","0.05","0.25","2","160","0","126","126","19.973887201891543"
"8","passive","27","5","20","20","0.05","0.25","2","160","0","57","57","20.749451270244073"
"1","passive","14","-6","20","20","0.05","0.25","2","160","0","111","111","19.94363632115494"
"8","passive","27","5","20","20","0.05","0.25","2","160","0","58","58","20.71197870673187"
"5","passive","23","-6","20","20","0.05","0.25","2","160","0","127","127","19.975192841796964"
"1","passive","14","-6","20","20","0.05","0.25","2","160","0","112","112","19.946454505097194"
"5","passive","23","-6","20","20","0.05","0.25","2","160","0","128","128","19.976433199707117"
"1","passive","14","-6","20","20","0.05","0.25","2","160","0","113","113","19.949131779842332"
"8","passive","27","5","20","20","0.05","0.25","2","160","0","59","59","20.676379771395275"
"5","passive","23","-6","20","20","0.05","0.25","2","160","0","129","129","19.97761153972176"
"1","passive","14","-6","20","20","0.05","0.25","2","160","0","114","114","19.951675190850217"
"8","passive","27","5","20","20","0.05","0.25","2","160","0","60","60","20.642560782825512"
"5","passive","23","-6","20","20","0.05","0.25","2","160","0","130","130","19.97873096273567"
"1","passive","14","-6","20","20","0.05","0.25","2","160","0","115","115","19.954091431307706"
"5","passive","23","-6","20","20","0.05","0.25","2","160","0","131","131","19.97979441459889"
"8","passive","27","5","20","20","0.05","0.25","2","160","0","61","61","20.610432743684235"
"1","passive","14","-6","20","20","0.05","0.25","2","160","0","116","116","19.95638685974232"
"5","passive","23","-6","20","20","0.05","0.25","2","160","0","132","132","19.980804693868944"
"8","passive","27","5","20","20","0.05","0.25","2","160","0","62","62","20.579911106500024"
"1","passive","14","-6","20","20","0.05","0.25","2","160","0","117","117","19.958567516755203"
"5","passive","23","-6","20","20","0.05","0.25","2","160","0","133","133","19.981764459175498"
"1","passive","14","-6","20","20","0.05","0.25","2","160","0","118","118","19.960639140917444"
"5","passive","23","-6","20","20","0.05","0.25","2","160","0","134","134","19.982676236216722"
"8","passive","27","5","20","20","0.05","0.25","2","160","0","63","63","20.550915551175024"
"1","passive","14","-6","20","20","0.05","0.25","2","160","0","119","119","19.962607183871572"
"5","passive","23","-6","20","20","0.05","0.25","2","160","0","135","135","19.983542424405886"
"8","passive","27","5","20","20","0.05","0.25","2","160","0","64","64","20.523369773616274"
"1","passive","14","-6","20","20","0.05","0.25","2","160","0","120","120","19.964476824677995"
"5","passive","23","-6","20","20","0.05","0.25","2","160","0","136","136","19.98436530318559"
"1","passive","14","-6","20","20","0.05","0.25","2","160","0","121","121","19.966252983444093"
"5","passive","23","-6","20","20","0.05","0.25","2","160","0","137","137","19.985147038026312"
"8","passive","27","5","20","20","0.05","0.25","2","160","0","65","65","20.49720128493546"
"1","passive","14","-6","20","20","0.05","0.25","2","160","0","122","122","19.967940334271887"
"5","passive","23","-6","20","20","0.05","0.25","2","160","0","138","138","19.985889686124995"
"8","passive","27","5","20","20","0.05","0.25","2","160","0","66","66","20.472341220688687"
"1","passive","14","-6","20","20","0.05","0.25","2","160","0","123","123","19.969543317558294"
"5","passive","23","-6","20","20","0.05","0.25","2","160","0","139","139","19.986595201818744"
"1","passive","14","-6","20","20","0.05","0.25","2","160","0","124","124","19.97106615168038"
"5","passive","23","-6","20","20","0.05","0.25","2","160","0","140","140","19.987265441727807"
"8","passive","27","5","20","20","0.05","0.25","2","160","0","67","67","20.44872415965425"
"1","passive","14","-6","20","20","0.05","0.25","2","160","0","125","125","19.97251284409636"
"5","passive","23","-6","20","20","0.05","0.25","2","160","0","141","141","19.987902169641416"
"8","passive","27","5","20","20","0.05","0.25","2","160","0","68","68","20.42628795167154"
"5","passive","23","-6","20","20","0.05","0.25","2","160","0","142","142","19.988507061159346"
"1","passive","14","-6","20","20","0.05","0.25","2","160","0","126","126","19.973887201891543"
"5","passive","23","-6","20","20","0.05","0.25","2","160","0","143","143","19.98908170810138"
"8","passive","27","5","20","20","0.05","0.25","2","160","0","69","69","20.404973554087963"
"1","passive","14","-6","20","20","0.05","0.25","2","160","0","127","127","19.975192841796964"
"5","passive","23","-6","20","20","0.05","0.25","2","160","0","144","144","19.98962762269631"
"1","passive","14","-6","20","20","0.05","0.25","2","160","0","128","128","19.976433199707117"
"5","passive","23","-6","20","20","0.05","0.25","2","160","0","145","145","19.990146241561497"
"8","passive","27","5","20","20","0.05","0.25","2","160","0","70","70","20.384724876383565"
"1","passive","14","-6","20","20","0.05","0.25","2","160","0","129","129","19.97761153972176"
"5","passive","23","-6","20","20","0.05","0.25","2","160","0","146","146","19.990638929483424"
"8","passive","27","5","20","20","0.05","0.25","2","160","0","71","71","20.365488632564386"
"1","passive","14","-6","20","20","0.05","0.25","2","160","0","130","130","19.97873096273567"
"5","passive","23","-6","20","20","0.05","0.25","2","160","0","147","147","19.991106983009253"
"1","passive","14","-6","20","20","0.05","0.25","2","160","0","131","131","19.97979441459889"
"8","passive","27","5","20","20","0.05","0.25","2","160","0","72","72","20.347214200936165"
"5","passive","23","-6","20","20","0.05","0.25","2","160","0","148","148","19.99155163385879"
"1","passive","14","-6","20","20","0.05","0.25","2","160","0","132","132","19.980804693868944"
"8","passive","27","5","20","20","0.05","0.25","2","160","0","73","73","20.329853490889356"
"5","passive","23","-6","20","20","0.05","0.25","2","160","0","149","149","19.99197405216585"
"1","passive","14","-6","20","20","0.05","0.25","2","160","0","133","133","19.981764459175498"
"8","passive","27","5","20","20","0.05","0.25","2","160","0","74","74","20.31336081634489"
"1","passive","14","-6","20","20","0.05","0.25","2","160","0","134","134","19.982676236216722"
"5","passive","23","-6","20","20","0.05","0.25","2","160","0","150","150","19.99237534955756"
"1","passive","14","-6","20","20","0.05","0.25","2","160","0","135","135","19.983542424405886"
"8","passive","27","5","20","20","0.05","0.25","2","160","0","75","75","20.297692775527644"
"5","passive","23","-6","20","20","0.05","0.25","2","160","0","151","151","19.992756582079682"
"1","passive","14","-6","20","20","0.05","0.25","2","160","0","136","136","19.98436530318559"
"5","passive","23","-6","20","20","0.05","0.25","2","160","0","152","152","19.993118752975697"
"8","passive","27","5","20","20","0.05","0.25","2","160","0","76","76","20.28280813675126"
"1","passive","14","-6","20","20","0.05","0.25","2","160","0","137","137","19.985147038026312"
"5","passive","23","-6","20","20","0.05","0.25","2","160","0","153","153","19.99346281532691"
"8","passive","27","5","20","20","0.05","0.25","2","160","0","77","77","20.268667729913698"
"1","passive","14","-6","20","20","0.05","0.25","2","160","0","138","138","19.985889686124995"
"5","passive","23","-6","20","20","0.05","0.25","2","160","0","154","154","19.993789674560567"
"1","passive","14","-6","20","20","0.05","0.25","2","160","0","139","139","19.986595201818744"
"8","passive","27","5","20","20","0.05","0.25","2","160","0","78","78","20.255234343418014"
"5","passive","23","-6","20","20","0.05","0.25","2","160","0","155","155","19.99410019083254"
"1","passive","14","-6","20","20","0.05","0.25","2","160","0","140","140","19.987265441727807"
"5","passive","23","-6","20","20","0.05","0.25","2","160","0","156","156","19.994395181290912"
"8","passive","27","5","20","20","0.05","0.25","2","160","0","79","79","20.242472626247114"
"1","passive","14","-6","20","20","0.05","0.25","2","160","0","141","141","19.987902169641416"
"5","passive","23","-6","20","20","0.05","0.25","2","160","0","157","157","19.994675422226365"
"8","passive","27","5","20","20","0.05","0.25","2","160","0","80","80","20.230348994934758"
"1","passive","14","-6","20","20","0.05","0.25","2","160","0","142","142","19.988507061159346"
"5","passive","23","-6","20","20","0.05","0.25","2","160","0","158","158","19.994941651115045"
"1","passive","14","-6","20","20","0.05","0.25","2","160","0","143","143","19.98908170810138"
"8","passive","27","5","20","20","0.05","0.25","2","160","0","81","81","20.21883154518802"
"5","passive","23","-6","20","20","0.05","0.25","2","160","0","159","159","19.995194568559292"
"1","passive","14","-6","20","20","0.05","0.25","2","160","0","144","144","19.98962762269631"
"5","passive","23","-6","20","20","0.05","0.25","2","160","0","160","160","19.995434840131328"
"8","passive","27","5","20","20","0.05","0.25","2","160","0","82","82","20.20788996792862"
"1","passive","14","-6","20","20","0.05","0.25","2","160","0","145","145","19.990146241561497"
"8","passive","27","5","20","20","0.05","0.25","2","160","0","83","83","20.19749546953219"
"1","passive","14","-6","20","20","0.05","0.25","2","160","0","146","146","19.990638929483424"
"8","passive","27","5","20","20","0.05","0.25","2","160","0","84","84","20.18762069605558"
"1","passive","14","-6","20","20","0.05","0.25","2","160","0","147","147","19.991106983009253"
"1","passive","14","-6","20","20","0.05","0.25","2","160","0","148","148","19.99155163385879"
"8","passive","27","5","20","20","0.05","0.25","2","160","0","85","85","20.1782396612528"
"1","passive","14","-6","20","20","0.05","0.25","2","160","0","149","149","19.99197405216585"
"8","passive","27","5","20","20","0.05","0.25","2","160","0","86","86","20.16932767819016"
"1","passive","14","-6","20","20","0.05","0.25","2","160","0","150","150","19.99237534955756"
"1","passive","14","-6","20","20","0.05","0.25","2","160","0","151","151","19.992756582079682"
"8","passive","27","5","20","20","0.05","0.25","2","160","0","87","87","20.160861294280654"
"1","passive","14","-6","20","20","0.05","0.25","2","160","0","152","152","19.993118752975697"
"8","passive","27","5","20","20","0.05","0.25","2","160","0","88","88","20.15281822956662"
"1","passive","14","-6","20","20","0.05","0.25","2","160","0","153","153","19.99346281532691"
"1","passive","14","-6","20","20","0.05","0.25","2","160","0","154","154","19.993789674560567"
"8","passive","27","5","20","20","0.05","0.25","2","160","0","89","89","20.14517731808829"
"1","passive","14","-6","20","20","0.05","0.25","2","160","0","155","155","19.99410019083254"
"8","passive","27","5","20","20","0.05","0.25","2","160","0","90","90","20.137918452183875"
"1","passive","14","-6","20","20","0.05","0.25","2","160","0","156","156","19.994395181290912"
"8","passive","27","5","20","20","0.05","0.25","2","160","0","91","91","20.131022529574683"
"1","passive","14","-6","20","20","0.05","0.25","2","160","0","157","157","19.994675422226365"
"1","passive","14","-6","20","20","0.05","0.25","2","160","0","158","158","19.994941651115045"
"8","passive","27","5","20","20","0.05","0.25","2","160","0","92","92","20.12447140309595"
"1","passive","14","-6","20","20","0.05","0.25","2","160","0","159","159","19.995194568559292"
"8","passive","27","5","20","20","0.05","0.25","2","160","0","93","93","20.11824783294115"
"1","passive","14","-6","20","20","0.05","0.25","2","160","0","160","160","19.995434840131328"
"8","passive","27","5","20","20","0.05","0.25","2","160","0","94","94","20.112335441294093"
"8","passive","27","5","20","20","0.05","0.25","2","160","0","95","95","20.106718669229387"
"8","passive","27","5","20","20","0.05","0.25","2","160","0","96","96","20.101382735767917"
"8","passive","27","5","20","20","0.05","0.25","2","160","0","97","97","20.09631359897952"
"8","passive","27","5","20","20","0.05","0.25","2","160","0","98","98","20.091497919030544"
"8","passive","27","5","20","20","0.05","0.25","2","160","0","99","99","20.086923023079017"
"8","passive","27","5","20","20","0.05","0.25","2","160","0","100","100","20.082576871925067"
"8","passive","27","5","20","20","0.05","0.25","2","160","0","101","101","20.078448028328815"
"8","passive","27","5","20","20","0.05","0.25","2","160","0","102","102","20.074525626912376"
"8","passive","27","5","20","20","0.05","0.25","2","160","0","103","103","20.07079934556676"
"8","passive","27","5","20","20","0.05","0.25","2","160","0","104","104","20.06725937828842"
"8","passive","27","5","20","20","0.05","0.25","2","160","0","105","105","20.063896409374"
"8","passive","27","5","20","20","0.05","0.25","2","160","0","106","106","20.0607015889053"
"8","passive","27","5","20","20","0.05","0.25","2","160","0","107","107","20.057666509460034"
"8","passive","27","5","20","20","0.05","0.25","2","160","0","108","108","20.054783183987034"
"3","passive","18","-6","20","20","0.05","0.25","2","160","0","99","99","19.89569237230518"
"8","passive","27","5","20","20","0.05","0.25","2","160","0","109","109","20.052044024787683"
"4","passive","18","5","20","20","0.05","0.25","2","160","0","154","154","20.00517527119953"
"3","passive","18","-6","20","20","0.05","0.25","2","160","0","100","100","19.90090775368992"
"8","passive","27","5","20","20","0.05","0.25","2","160","0","110","110","20.0494418235483"
"4","passive","18","5","20","20","0.05","0.25","2","160","0","155","155","20.004916507639553"
"3","passive","18","-6","20","20","0.05","0.25","2","160","0","101","101","19.905862366005426"
"4","passive","18","5","20","20","0.05","0.25","2","160","0","156","156","20.004670682257576"
"3","passive","18","-6","20","20","0.05","0.25","2","160","0","102","102","19.910569247705155"
"3","passive","18","-6","20","20","0.05","0.25","2","160","0","103","103","19.915040785319896"
"4","passive","18","5","20","20","0.05","0.25","2","160","0","157","157","20.004437148144696"
"4","passive","18","5","20","20","0.05","0.25","2","160","0","158","158","20.004215290737463"
"3","passive","18","-6","20","20","0.05","0.25","2","160","0","104","104","19.9192887460539"
"4","passive","18","5","20","20","0.05","0.25","2","160","0","159","159","20.00400452620059"
"3","passive","18","-6","20","20","0.05","0.25","2","160","0","105","105","19.923324308751205"
"4","passive","18","5","20","20","0.05","0.25","2","160","0","160","160","20.00380429989056"
"3","passive","18","-6","20","20","0.05","0.25","2","160","0","106","106","19.927158093313643"
"3","passive","18","-6","20","20","0.05","0.25","2","160","0","107","107","19.93080018864796"
"3","passive","18","-6","20","20","0.05","0.25","2","160","0","108","108","19.934260179215563"
"3","passive","18","-6","20","20","0.05","0.25","2","160","0","109","109","19.937547170254785"
"3","passive","18","-6","20","20","0.05","0.25","2","160","0","110","110","19.940669811742044"
"3","passive","18","-6","20","20","0.05","0.25","2","160","0","111","111","19.94363632115494"
"3","passive","18","-6","20","20","0.05","0.25","2","160","0","112","112","19.946454505097194"
"3","passive","18","-6","20","20","0.05","0.25","2","160","0","113","113","19.949131779842332"
"3","passive","18","-6","20","20","0.05","0.25","2","160","0","114","114","19.951675190850217"
"3","passive","18","-6","20","20","0.05","0.25","2","160","0","115","115","19.954091431307706"
"3","passive","18","-6","20","20","0.05","0.25","2","160","0","116","116","19.95638685974232"
"3","passive","18","-6","20","20","0.05","0.25","2","160","0","117","117","19.958567516755203"
"3","passive","18","-6","20","20","0.05","0.25","2","160","0","118","118","19.960639140917444"
"3","passive","18","-6","20","20","0.05","0.25","2","160","0","119","119","19.962607183871572"
"8","passive","27","5","20","20","0.05","0.25","2","160","0","111","111","20.046969732370883"
"8","passive","27","5","20","20","0.05","0.25","2","160","0","112","112","20.04462124575234"
"3","passive","18","-6","20","20","0.05","0.25","2","160","0","120","120","19.964476824677995"
"3","passive","18","-6","20","20","0.05","0.25","2","160","0","121","121","19.966252983444093"
"3","passive","18","-6","20","20","0.05","0.25","2","160","0","122","122","19.967940334271887"
"3","passive","18","-6","20","20","0.05","0.25","2","160","0","123","123","19.969543317558294"
"3","passive","18","-6","20","20","0.05","0.25","2","160","0","124","124","19.97106615168038"
"3","passive","18","-6","20","20","0.05","0.25","2","160","0","125","125","19.97251284409636"
"3","passive","18","-6","20","20","0.05","0.25","2","160","0","126","126","19.973887201891543"
"3","passive","18","-6","20","20","0.05","0.25","2","160","0","127","127","19.975192841796964"
"3","passive","18","-6","20","20","0.05","0.25","2","160","0","128","128","19.976433199707117"
"3","passive","18","-6","20","20","0.05","0.25","2","160","0","129","129","19.97761153972176"
"3","passive","18","-6","20","20","0.05","0.25","2","160","0","130","130","19.97873096273567"
"3","passive","18","-6","20","20","0.05","0.25","2","160","0","131","131","19.97979441459889"
"3","passive","18","-6","20","20","0.05","0.25","2","160","0","132","132","19.980804693868944"
"3","passive","18","-6","20","20","0.05","0.25","2","160","0","133","133","19.981764459175498"
"3","passive","18","-6","20","20","0.05","0.25","2","160","0","134","134","19.982676236216722"
"3","passive","18","-6","20","20","0.05","0.25","2","160","0","135","135","19.983542424405886"
"3","passive","18","-6","20","20","0.05","0.25","2","160","0","136","136","19.98436530318559"
"3","passive","18","-6","20","20","0.05","0.25","2","160","0","137","137","19.985147038026312"
"3","passive","18","-6","20","20","0.05","0.25","2","160","0","138","138","19.985889686124995"
"3","passive","18","-6","20","20","0.05","0.25","2","160","0","139","139","19.986595201818744"
"3","passive","18","-6","20","20","0.05","0.25","2","160","0","140","140","19.987265441727807"
"3","passive","18","-6","20","20","0.05","0.25","2","160","0","141","141","19.987902169641416"
"3","passive","18","-6","20","20","0.05","0.25","2","160","0","142","142","19.988507061159346"
"3","passive","18","-6","20","20","0.05","0.25","2","160","0","143","143","19.98908170810138"
"3","passive","18","-6","20","20","0.05","0.25","2","160","0","144","144","19.98962762269631"
"3","passive","18","-6","20","20","0.05","0.25","2","160","0","145","145","19.990146241561497"
"3","passive","18","-6","20","20","0.05","0.25","2","160","0","146","146","19.990638929483424"
"3","passive","18","-6","20","20","0.05","0.25","2","160","0","147","147","19.991106983009253"
"3","passive","18","-6","20","20","0.05","0.25","2","160","0","148","148","19.99155163385879"
"3","passive","18","-6","20","20","0.05","0.25","2","160","0","149","149","19.99197405216585"
"3","passive","18","-6","20","20","0.05","0.25","2","160","0","150","150","19.99237534955756"
"3","passive","18","-6","20","20","0.05","0.25","2","160","0","151","151","19.992756582079682"
"3","passive","18","-6","20","20","0.05","0.25","2","160","0","152","152","19.993118752975697"
"3","passive","18","-6","20","20","0.05","0.25","2","160","0","153","153","19.99346281532691"
"3","passive","18","-6","20","20","0.05","0.25","2","160","0","154","154","19.993789674560567"
"3","passive","18","-6","20","20","0.05","0.25","2","160","0","155","155","19.99410019083254"
"3","passive","18","-6","20","20","0.05","0.25","2","160","0","156","156","19.994395181290912"
"3","passive","18","-6","20","20","0.05","0.25","2","160","0","157","157","19.994675422226365"
"3","passive","18","-6","20","20","0.05","0.25","2","160","0","158","158","19.994941651115045"
"3","passive","18","-6","20","20","0.05","0.25","2","160","0","159","159","19.995194568559292"
"3","passive","18","-6","20","20","0.05","0.25","2","160","0","160","160","19.995434840131328"
"8","passive","27","5","20","20","0.05","0.25","2","160","0","113","113","20.042390183464722"
"8","passive","27","5","20","20","0.05","0.25","2","160","0","114","114","20.040270674291484"
"8","passive","27","5","20","20","0.05","0.25","2","160","0","115","115","20.03825714057691"
"8","passive","27","5","20","20","0.05","0.25","2","160","0","116","116","20.036344283548065"
"8","passive","27","5","20","20","0.05","0.25","2","160","0","117","117","20.03452706937066"
"8","passive","27","5","20","20","0.05","0.25","2","160","0","118","118","20.032800715902127"
"8","passive","27","5","20","20","0.05","0.25","2","160","0","119","119","20.03116068010702"
"8","passive","27","5","20","20","0.05","0.25","2","160","0","120","120","20.02960264610167"
"8","passive","27","5","20","20","0.05","0.25","2","160","0","121","121","20.028122513796585"
"8","passive","27","5","20","20","0.05","0.25","2","160","0","122","122","20.026716388106756"
"8","passive","27","5","20","20","0.05","0.25","2","160","0","123","123","20.02538056870142"
"8","passive","27","5","20","20","0.05","0.25","2","160","0","124","124","20.024111540266347"
"8","passive","27","5","20","20","0.05","0.25","2","160","0","125","125","20.02290596325303"
"8","passive","27","5","20","20","0.05","0.25","2","160","0","126","126","20.02176066509038"
"8","passive","27","5","20","20","0.05","0.25","2","160","0","127","127","20.02067263183586"
"8","passive","27","5","20","20","0.05","0.25","2","160","0","128","128","20.01963900024407"
"8","passive","27","5","20","20","0.05","0.25","2","160","0","129","129","20.018657050231866"
"8","passive","27","5","20","20","0.05","0.25","2","160","0","130","130","20.017724197720273"
"8","passive","27","5","20","20","0.05","0.25","2","160","0","131","131","20.01683798783426"
"8","passive","27","5","20","20","0.05","0.25","2","160","0","132","132","20.01599608844255"
"8","passive","27","5","20","20","0.05","0.25","2","160","0","133","133","20.015196284020423"
"8","passive","27","5","20","20","0.05","0.25","2","160","0","134","134","20.0144364698194"
"8","passive","27","5","20","20","0.05","0.25","2","160","0","135","135","20.01371464632843"
"8","passive","27","5","20","20","0.05","0.25","2","160","0","136","136","20.01302891401201"
"8","passive","27","5","20","20","0.05","0.25","2","160","0","137","137","20.01237746831141"
"8","passive","27","5","20","20","0.05","0.25","2","160","0","138","138","20.011758594895838"
"8","passive","27","5","20","20","0.05","0.25","2","160","0","139","139","20.011170665151045"
"8","passive","27","5","20","20","0.05","0.25","2","160","0","140","140","20.01061213189349"
"8","passive","27","5","20","20","0.05","0.25","2","160","0","141","141","20.010081525298816"
"8","passive","27","5","20","20","0.05","0.25","2","160","0","142","142","20.009577449033873"
"8","passive","27","5","20","20","0.05","0.25","2","160","0","143","143","20.00909857658218"
"8","passive","27","5","20","20","0.05","0.25","2","160","0","144","144","20.008643647753072"
"8","passive","27","5","20","20","0.05","0.25","2","160","0","145","145","20.008211465365417"
"8","passive","27","5","20","20","0.05","0.25","2","160","0","146","146","20.007800892097144"
"8","passive","27","5","20","20","0.05","0.25","2","160","0","147","147","20.007410847492288"
"8","passive","27","5","20","20","0.05","0.25","2","160","0","148","148","20.007040305117673"
"8","passive","27","5","20","20","0.05","0.25","2","160","0","149","149","20.00668828986179"
"8","passive","27","5","20","20","0.05","0.25","2","160","0","150","150","20.0063538753687"
"8","passive","27","5","20","20","0.05","0.25","2","160","0","151","151","20.006036181600265"
"8","passive","27","5","20","20","0.05","0.25","2","160","0","152","152","20.00573437252025"
"8","passive","27","5","20","20","0.05","0.25","2","160","0","153","153","20.00544765389424"
"8","passive","27","5","20","20","0.05","0.25","2","160","0","154","154","20.00517527119953"
"8","passive","27","5","20","20","0.05","0.25","2","160","0","155","155","20.004916507639553"
"8","passive","27","5","20","20","0.05","0.25","2","160","0","156","156","20.004670682257576"
"8","passive","27","5","20","20","0.05","0.25","2","160","0","157","157","20.004437148144696"
"8","passive","27","5","20","20","0.05","0.25","2","160","0","158","158","20.004215290737463"
"8","passive","27","5","20","20","0.05","0.25","2","160","0","159","159","20.00400452620059"
"8","passive","27","5","20","20","0.05","0.25","2","160","0","160","160","20.00380429989056"
