"BehaviorSpace results (NetLogo 7.0.4)","Table version 2.0"
"/home/brian/code/collective-competence/goal-discovery/src/experiments/thermostat/thermostat.nlogox"
"p2-train-load-passive"
"08/29/2026 02:56:34:256 -0700"
"min-pxcor","max-pxcor","min-pycor","max-pycor"
"0","4","-20","80"
"[run number]","arm","setpoint","load-magnitude","initial-temperature","ambient-temperature","relaxation-rate","controller-gain","max-control","max-ticks","displacement-amount","[step]","ticks","temperature"
"1","passive","14","-0.22","20","20","0.05","0.25","2","160","0","0","0","20"
"6","passive","23","0.14","20","20","0.05","0.25","2","160","0","0","0","20"
"8","passive","27","0.14","20","20","0.05","0.25","2","160","0","0","0","20"
"4","passive","18","0.14","20","20","0.05","0.25","2","160","0","0","0","20"
"7","passive","27","-0.22","20","20","0.05","0.25","2","160","0","0","0","20"
"3","passive","18","-0.22","20","20","0.05","0.25","2","160","0","0","0","20"
"5","passive","23","-0.22","20","20","0.05","0.25","2","160","0","0","0","20"
"2","passive","14","0.14","20","20","0.05","0.25","2","160","0","0","0","20"
"1","passive","14","-0.22","20","20","0.05","0.25","2","160","0","1","1","20"
"6","passive","23","0.14","20","20","0.05","0.25","2","160","0","1","1","20"
"7","passive","27","-0.22","20","20","0.05","0.25","2","160","0","1","1","20"
"5","passive","23","-0.22","20","20","0.05","0.25","2","160","0","1","1","20"
"8","passive","27","0.14","20","20","0.05","0.25","2","160","0","1","1","20"
"2","passive","14","0.14","20","20","0.05","0.25","2","160","0","1","1","20"
"3","passive","18","-0.22","20","20","0.05","0.25","2","160","0","1","1","20"
"1","passive","14","-0.22","20","20","0.05","0.25","2","160","0","2","2","20"
"4","passive","18","0.14","20","20","0.05","0.25","2","160","0","1","1","20"
"6","passive","23","0.14","20","20","0.05","0.25","2","160","0","2","2","20"
"2","passive","14","0.14","20","20","0.05","0.25","2","160","0","2","2","20"
"3","passive","18","-0.22","20","20","0.05","0.25","2","160","0","2","2","20"
"5","passive","23","-0.22","20","20","0.05","0.25","2","160","0","2","2","20"
"4","passive","18","0.14","20","20","0.05","0.25","2","160","0","2","2","20"
"7","passive","27","-0.22","20","20","0.05","0.25","2","160","0","2","2","20"
"1","passive","14","-0.22","20","20","0.05","0.25","2","160","0","3","3","20"
"8","passive","27","0.14","20","20","0.05","0.25","2","160","0","2","2","20"
"6","passive","23","0.14","20","20","0.05","0.25","2","160","0","3","3","20"
"2","passive","14","0.14","20","20","0.05","0.25","2","160","0","3","3","20"
"7","passive","27","-0.22","20","20","0.05","0.25","2","160","0","3","3","20"
"4","passive","18","0.14","20","20","0.05","0.25","2","160","0","3","3","20"
"1","passive","14","-0.22","20","20","0.05","0.25","2","160","0","4","4","20"
"6","passive","23","0.14","20","20","0.05","0.25","2","160","0","4","4","20"
"8","passive","27","0.14","20","20","0.05","0.25","2","160","0","3","3","20"
"2","passive","14","0.14","20","20","0.05","0.25","2","160","0","4","4","20"
"7","passive","27","-0.22","20","20","0.05","0.25","2","160","0","4","4","20"
"4","passive","18","0.14","20","20","0.05","0.25","2","160","0","4","4","20"
"6","passive","23","0.14","20","20","0.05","0.25","2","160","0","5","5","20"
"1","passive","14","-0.22","20","20","0.05","0.25","2","160","0","5","5","20"
"8","passive","27","0.14","20","20","0.05","0.25","2","160","0","4","4","20"
"2","passive","14","0.14","20","20","0.05","0.25","2","160","0","5","5","20"
"7","passive","27","-0.22","20","20","0.05","0.25","2","160","0","5","5","20"
"8","passive","27","0.14","20","20","0.05","0.25","2","160","0","5","5","20"
"4","passive","18","0.14","20","20","0.05","0.25","2","160","0","5","5","20"
"1","passive","14","-0.22","20","20","0.05","0.25","2","160","0","6","6","20"
"6","passive","23","0.14","20","20","0.05","0.25","2","160","0","6","6","20"
"7","passive","27","-0.22","20","20","0.05","0.25","2","160","0","6","6","20"
"2","passive","14","0.14","20","20","0.05","0.25","2","160","0","6","6","20"
"8","passive","27","0.14","20","20","0.05","0.25","2","160","0","6","6","20"
"1","passive","14","-0.22","20","20","0.05","0.25","2","160","0","7","7","20"
"4","passive","18","0.14","20","20","0.05","0.25","2","160","0","6","6","20"
"8","passive","27","0.14","20","20","0.05","0.25","2","160","0","7","7","20"
"6","passive","23","0.14","20","20","0.05","0.25","2","160","0","7","7","20"
"2","passive","14","0.14","20","20","0.05","0.25","2","160","0","7","7","20"
"7","passive","27","-0.22","20","20","0.05","0.25","2","160","0","7","7","20"
"1","passive","14","-0.22","20","20","0.05","0.25","2","160","0","8","8","20"
"4","passive","18","0.14","20","20","0.05","0.25","2","160","0","7","7","20"
"6","passive","23","0.14","20","20","0.05","0.25","2","160","0","8","8","20"
"8","passive","27","0.14","20","20","0.05","0.25","2","160","0","8","8","20"
"7","passive","27","-0.22","20","20","0.05","0.25","2","160","0","8","8","20"
"1","passive","14","-0.22","20","20","0.05","0.25","2","160","0","9","9","20"
"2","passive","14","0.14","20","20","0.05","0.25","2","160","0","8","8","20"
"4","passive","18","0.14","20","20","0.05","0.25","2","160","0","8","8","20"
"6","passive","23","0.14","20","20","0.05","0.25","2","160","0","9","9","20"
"8","passive","27","0.14","20","20","0.05","0.25","2","160","0","9","9","20"
"7","passive","27","-0.22","20","20","0.05","0.25","2","160","0","9","9","20"
"2","passive","14","0.14","20","20","0.05","0.25","2","160","0","9","9","20"
"4","passive","18","0.14","20","20","0.05","0.25","2","160","0","9","9","20"
"1","passive","14","-0.22","20","20","0.05","0.25","2","160","0","10","10","20"
"8","passive","27","0.14","20","20","0.05","0.25","2","160","0","10","10","20"
"6","passive","23","0.14","20","20","0.05","0.25","2","160","0","10","10","20"
"1","passive","14","-0.22","20","20","0.05","0.25","2","160","0","11","11","20"
"7","passive","27","-0.22","20","20","0.05","0.25","2","160","0","10","10","20"
"4","passive","18","0.14","20","20","0.05","0.25","2","160","0","10","10","20"
"6","passive","23","0.14","20","20","0.05","0.25","2","160","0","11","11","20"
"3","passive","18","-0.22","20","20","0.05","0.25","2","160","0","3","3","20"
"8","passive","27","0.14","20","20","0.05","0.25","2","160","0","11","11","20"
"7","passive","27","-0.22","20","20","0.05","0.25","2","160","0","11","11","20"
"1","passive","14","-0.22","20","20","0.05","0.25","2","160","0","12","12","20"
"4","passive","18","0.14","20","20","0.05","0.25","2","160","0","11","11","20"
"5","passive","23","-0.22","20","20","0.05","0.25","2","160","0","3","3","20"
"8","passive","27","0.14","20","20","0.05","0.25","2","160","0","12","12","20"
"3","passive","18","-0.22","20","20","0.05","0.25","2","160","0","4","4","20"
"6","passive","23","0.14","20","20","0.05","0.25","2","160","0","12","12","20"
"1","passive","14","-0.22","20","20","0.05","0.25","2","160","0","13","13","20"
"4","passive","18","0.14","20","20","0.05","0.25","2","160","0","12","12","20"
"5","passive","23","-0.22","20","20","0.05","0.25","2","160","0","4","4","20"
"7","passive","27","-0.22","20","20","0.05","0.25","2","160","0","12","12","20"
"8","passive","27","0.14","20","20","0.05","0.25","2","160","0","13","13","20"
"6","passive","23","0.14","20","20","0.05","0.25","2","160","0","13","13","20"
"3","passive","18","-0.22","20","20","0.05","0.25","2","160","0","5","5","20"
"1","passive","14","-0.22","20","20","0.05","0.25","2","160","0","14","14","20"
"7","passive","27","-0.22","20","20","0.05","0.25","2","160","0","13","13","20"
"4","passive","18","0.14","20","20","0.05","0.25","2","160","0","13","13","20"
"5","passive","23","-0.22","20","20","0.05","0.25","2","160","0","5","5","20"
"8","passive","27","0.14","20","20","0.05","0.25","2","160","0","14","14","20"
"6","passive","23","0.14","20","20","0.05","0.25","2","160","0","14","14","20"
"3","passive","18","-0.22","20","20","0.05","0.25","2","160","0","6","6","20"
"7","passive","27","-0.22","20","20","0.05","0.25","2","160","0","14","14","20"
"4","passive","18","0.14","20","20","0.05","0.25","2","160","0","14","14","20"
"1","passive","14","-0.22","20","20","0.05","0.25","2","160","0","15","15","20"
"5","passive","23","-0.22","20","20","0.05","0.25","2","160","0","6","6","20"
"8","passive","27","0.14","20","20","0.05","0.25","2","160","0","15","15","20"
"3","passive","18","-0.22","20","20","0.05","0.25","2","160","0","7","7","20"
"6","passive","23","0.14","20","20","0.05","0.25","2","160","0","15","15","20"
"4","passive","18","0.14","20","20","0.05","0.25","2","160","0","15","15","20"
"7","passive","27","-0.22","20","20","0.05","0.25","2","160","0","15","15","20"
"5","passive","23","-0.22","20","20","0.05","0.25","2","160","0","7","7","20"
"1","passive","14","-0.22","20","20","0.05","0.25","2","160","0","16","16","20"
"8","passive","27","0.14","20","20","0.05","0.25","2","160","0","16","16","20"
"3","passive","18","-0.22","20","20","0.05","0.25","2","160","0","8","8","20"
"6","passive","23","0.14","20","20","0.05","0.25","2","160","0","16","16","20"
"7","passive","27","-0.22","20","20","0.05","0.25","2","160","0","16","16","20"
"5","passive","23","-0.22","20","20","0.05","0.25","2","160","0","8","8","20"
"4","passive","18","0.14","20","20","0.05","0.25","2","160","0","16","16","20"
"8","passive","27","0.14","20","20","0.05","0.25","2","160","0","17","17","20"
"1","passive","14","-0.22","20","20","0.05","0.25","2","160","0","17","17","20"
"3","passive","18","-0.22","20","20","0.05","0.25","2","160","0","9","9","20"
"6","passive","23","0.14","20","20","0.05","0.25","2","160","0","17","17","20"
"5","passive","23","-0.22","20","20","0.05","0.25","2","160","0","9","9","20"
"4","passive","18","0.14","20","20","0.05","0.25","2","160","0","17","17","20"
"7","passive","27","-0.22","20","20","0.05","0.25","2","160","0","17","17","20"
"8","passive","27","0.14","20","20","0.05","0.25","2","160","0","18","18","20"
"3","passive","18","-0.22","20","20","0.05","0.25","2","160","0","10","10","20"
"1","passive","14","-0.22","20","20","0.05","0.25","2","160","0","18","18","20"
"6","passive","23","0.14","20","20","0.05","0.25","2","160","0","18","18","20"
"5","passive","23","-0.22","20","20","0.05","0.25","2","160","0","10","10","20"
"4","passive","18","0.14","20","20","0.05","0.25","2","160","0","18","18","20"
"3","passive","18","-0.22","20","20","0.05","0.25","2","160","0","11","11","20"
"1","passive","14","-0.22","20","20","0.05","0.25","2","160","0","19","19","20"
"6","passive","23","0.14","20","20","0.05","0.25","2","160","0","19","19","20"
"4","passive","18","0.14","20","20","0.05","0.25","2","160","0","19","19","20"
"8","passive","27","0.14","20","20","0.05","0.25","2","160","0","19","19","20"
"5","passive","23","-0.22","20","20","0.05","0.25","2","160","0","11","11","20"
"7","passive","27","-0.22","20","20","0.05","0.25","2","160","0","18","18","20"
"3","passive","18","-0.22","20","20","0.05","0.25","2","160","0","12","12","20"
"4","passive","18","0.14","20","20","0.05","0.25","2","160","0","20","20","20"
"6","passive","23","0.14","20","20","0.05","0.25","2","160","0","20","20","20"
"1","passive","14","-0.22","20","20","0.05","0.25","2","160","0","20","20","20"
"5","passive","23","-0.22","20","20","0.05","0.25","2","160","0","12","12","20"
"8","passive","27","0.14","20","20","0.05","0.25","2","160","0","20","20","20"
"3","passive","18","-0.22","20","20","0.05","0.25","2","160","0","13","13","20"
"7","passive","27","-0.22","20","20","0.05","0.25","2","160","0","19","19","20"
"4","passive","18","0.14","20","20","0.05","0.25","2","160","0","21","21","20.14"
"2","passive","14","0.14","20","20","0.05","0.25","2","160","0","10","10","20"
"1","passive","14","-0.22","20","20","0.05","0.25","2","160","0","21","21","19.78"
"6","passive","23","0.14","20","20","0.05","0.25","2","160","0","21","21","20.14"
"8","passive","27","0.14","20","20","0.05","0.25","2","160","0","21","21","20.14"
"5","passive","23","-0.22","20","20","0.05","0.25","2","160","0","13","13","20"
"7","passive","27","-0.22","20","20","0.05","0.25","2","160","0","20","20","20"
"4","passive","18","0.14","20","20","0.05","0.25","2","160","0","22","22","20.273"
"2","passive","14","0.14","20","20","0.05","0.25","2","160","0","11","11","20"
"3","passive","18","-0.22","20","20","0.05","0.25","2","160","0","14","14","20"
"1","passive","14","-0.22","20","20","0.05","0.25","2","160","0","22","22","19.571"
"6","passive","23","0.14","20","20","0.05","0.25","2","160","0","22","22","20.273"
"5","passive","23","-0.22","20","20","0.05","0.25","2","160","0","14","14","20"
"8","passive","27","0.14","20","20","0.05","0.25","2","160","0","22","22","20.273"
"7","passive","27","-0.22","20","20","0.05","0.25","2","160","0","21","21","19.78"
"2","passive","14","0.14","20","20","0.05","0.25","2","160","0","12","12","20"
"3","passive","18","-0.22","20","20","0.05","0.25","2","160","0","15","15","20"
"4","passive","18","0.14","20","20","0.05","0.25","2","160","0","23","23","20.399350000000002"
"1","passive","14","-0.22","20","20","0.05","0.25","2","160","0","23","23","19.372450000000004"
"5","passive","23","-0.22","20","20","0.05","0.25","2","160","0","15","15","20"
"6","passive","23","0.14","20","20","0.05","0.25","2","160","0","23","23","20.399350000000002"
"8","passive","27","0.14","20","20","0.05","0.25","2","160","0","23","23","20.399350000000002"
"7","passive","27","-0.22","20","20","0.05","0.25","2","160","0","22","22","19.571"
"2","passive","14","0.14","20","20","0.05","0.25","2","160","0","13","13","20"
"3","passive","18","-0.22","20","20","0.05","0.25","2","160","0","16","16","20"
"4","passive","18","0.14","20","20","0.05","0.25","2","160","0","24","24","20.519382500000003"
"1","passive","14","-0.22","20","20","0.05","0.25","2","160","0","24","24","19.183827500000007"
"6","passive","23","0.14","20","20","0.05","0.25","2","160","0","24","24","20.519382500000003"
"5","passive","23","-0.22","20","20","0.05","0.25","2","160","0","16","16","20"
"8","passive","27","0.14","20","20","0.05","0.25","2","160","0","24","24","20.519382500000003"
"7","passive","27","-0.22","20","20","0.05","0.25","2","160","0","23","23","19.372450000000004"
"4","passive","18","0.14","20","20","0.05","0.25","2","160","0","25","25","20.633413375000003"
"2","passive","14","0.14","20","20","0.05","0.25","2","160","0","14","14","20"
"3","passive","18","-0.22","20","20","0.05","0.25","2","160","0","17","17","20"
"1","passive","14","-0.22","20","20","0.05","0.25","2","160","0","25","25","19.004636125000008"
"8","passive","27","0.14","20","20","0.05","0.25","2","160","0","25","25","20.633413375000003"
"5","passive","23","-0.22","20","20","0.05","0.25","2","160","0","17","17","20"
"6","passive","23","0.14","20","20","0.05","0.25","2","160","0","25","25","20.633413375000003"
"7","passive","27","-0.22","20","20","0.05","0.25","2","160","0","24","24","19.183827500000007"
"2","passive","14","0.14","20","20","0.05","0.25","2","160","0","15","15","20"
"3","passive","18","-0.22","20","20","0.05","0.25","2","160","0","18","18","20"
"4","passive","18","0.14","20","20","0.05","0.25","2","160","0","26","26","20.741742706250005"
"1","passive","14","-0.22","20","20","0.05","0.25","2","160","0","26","26","18.83440431875001"
"8","passive","27","0.14","20","20","0.05","0.25","2","160","0","26","26","20.741742706250005"
"6","passive","23","0.14","20","20","0.05","0.25","2","160","0","26","26","20.741742706250005"
"5","passive","23","-0.22","20","20","0.05","0.25","2","160","0","18","18","20"
"7","passive","27","-0.22","20","20","0.05","0.25","2","160","0","25","25","19.004636125000008"
"2","passive","14","0.14","20","20","0.05","0.25","2","160","0","16","16","20"
"1","passive","14","-0.22","20","20","0.05","0.25","2","160","0","27","27","18.67268410281251"
"3","passive","18","-0.22","20","20","0.05","0.25","2","160","0","19","19","20"
"4","passive","18","0.14","20","20","0.05","0.25","2","160","0","27","27","20.844655570937505"
"7","passive","27","-0.22","20","20","0.05","0.25","2","160","0","26","26","18.83440431875001"
"5","passive","23","-0.22","20","20","0.05","0.25","2","160","0","19","19","20"
"8","passive","27","0.14","20","20","0.05","0.25","2","160","0","27","27","20.844655570937505"
"6","passive","23","0.14","20","20","0.05","0.25","2","160","0","27","27","20.844655570937505"
"2","passive","14","0.14","20","20","0.05","0.25","2","160","0","17","17","20"
"1","passive","14","-0.22","20","20","0.05","0.25","2","160","0","28","28","18.519049897671888"
"3","passive","18","-0.22","20","20","0.05","0.25","2","160","0","20","20","20"
"4","passive","18","0.14","20","20","0.05","0.25","2","160","0","28","28","20.94242279239063"
"7","passive","27","-0.22","20","20","0.05","0.25","2","160","0","27","27","18.67268410281251"
"8","passive","27","0.14","20","20","0.05","0.25","2","160","0","28","28","20.94242279239063"
"6","passive","23","0.14","20","20","0.05","0.25","2","160","0","28","28","20.94242279239063"
"2","passive","14","0.14","20","20","0.05","0.25","2","160","0","18","18","20"
"5","passive","23","-0.22","20","20","0.05","0.25","2","160","0","20","20","20"
"1","passive","14","-0.22","20","20","0.05","0.25","2","160","0","29","29","18.373097402788293"
"4","passive","18","0.14","20","20","0.05","0.25","2","160","0","29","29","21.0353016527711"
"3","passive","18","-0.22","20","20","0.05","0.25","2","160","0","21","21","19.78"
"7","passive","27","-0.22","20","20","0.05","0.25","2","160","0","28","28","18.519049897671888"
"8","passive","27","0.14","20","20","0.05","0.25","2","160","0","29","29","21.0353016527711"
"6","passive","23","0.14","20","20","0.05","0.25","2","160","0","29","29","21.0353016527711"
"2","passive","14","0.14","20","20","0.05","0.25","2","160","0","19","19","20"
"5","passive","23","-0.22","20","20","0.05","0.25","2","160","0","21","21","19.78"
"1","passive","14","-0.22","20","20","0.05","0.25","2","160","0","30","30","18.23444253264888"
"3","passive","18","-0.22","20","20","0.05","0.25","2","160","0","22","22","19.571"
"7","passive","27","-0.22","20","20","0.05","0.25","2","160","0","29","29","18.373097402788293"
"4","passive","18","0.14","20","20","0.05","0.25","2","160","0","30","30","21.123536570132547"
"6","passive","23","0.14","20","20","0.05","0.25","2","160","0","30","30","21.123536570132547"
"8","passive","27","0.14","20","20","0.05","0.25","2","160","0","30","30","21.123536570132547"
"5","passive","23","-0.22","20","20","0.05","0.25","2","160","0","22","22","19.571"
"2","passive","14","0.14","20","20","0.05","0.25","2","160","0","20","20","20"
"1","passive","14","-0.22","20","20","0.05","0.25","2","160","0","31","31","18.102720406016438"
"3","passive","18","-0.22","20","20","0.05","0.25","2","160","0","23","23","19.372450000000004"
"7","passive","27","-0.22","20","20","0.05","0.25","2","160","0","30","30","18.23444253264888"
"4","passive","18","0.14","20","20","0.05","0.25","2","160","0","31","31","21.207359741625922"
"8","passive","27","0.14","20","20","0.05","0.25","2","160","0","31","31","21.207359741625922"
"6","passive","23","0.14","20","20","0.05","0.25","2","160","0","31","31","21.207359741625922"
"5","passive","23","-0.22","20","20","0.05","0.25","2","160","0","23","23","19.372450000000004"
"3","passive","18","-0.22","20","20","0.05","0.25","2","160","0","24","24","19.183827500000007"
"2","passive","14","0.14","20","20","0.05","0.25","2","160","0","21","21","20.14"
"1","passive","14","-0.22","20","20","0.05","0.25","2","160","0","32","32","17.977584385715616"
"7","passive","27","-0.22","20","20","0.05","0.25","2","160","0","31","31","18.102720406016438"
"5","passive","23","-0.22","20","20","0.05","0.25","2","160","0","24","24","19.183827500000007"
"6","passive","23","0.14","20","20","0.05","0.25","2","160","0","32","32","21.286991754544626"
"4","passive","18","0.14","20","20","0.05","0.25","2","160","0","32","32","21.286991754544626"
"2","passive","14","0.14","20","20","0.05","0.25","2","160","0","22","22","20.273"
"8","passive","27","0.14","20","20","0.05","0.25","2","160","0","32","32","21.286991754544626"
"3","passive","18","-0.22","20","20","0.05","0.25","2","160","0","25","25","19.004636125000008"
"7","passive","27","-0.22","20","20","0.05","0.25","2","160","0","32","32","17.977584385715616"
"1","passive","14","-0.22","20","20","0.05","0.25","2","160","0","33","33","17.858705166429836"
"5","passive","23","-0.22","20","20","0.05","0.25","2","160","0","25","25","19.004636125000008"
"6","passive","23","0.14","20","20","0.05","0.25","2","160","0","33","33","21.362642166817395"
"2","passive","14","0.14","20","20","0.05","0.25","2","160","0","23","23","20.399350000000002"
"8","passive","27","0.14","20","20","0.05","0.25","2","160","0","33","33","21.362642166817395"
"4","passive","18","0.14","20","20","0.05","0.25","2","160","0","33","33","21.362642166817395"
"7","passive","27","-0.22","20","20","0.05","0.25","2","160","0","33","33","17.858705166429836"
"3","passive","18","-0.22","20","20","0.05","0.25","2","160","0","26","26","18.83440431875001"
"6","passive","23","0.14","20","20","0.05","0.25","2","160","0","34","34","21.434510058476526"
"1","passive","14","-0.22","20","20","0.05","0.25","2","160","0","34","34","17.745769908108343"
"5","passive","23","-0.22","20","20","0.05","0.25","2","160","0","26","26","18.83440431875001"
"8","passive","27","0.14","20","20","0.05","0.25","2","160","0","34","34","21.434510058476526"
"3","passive","18","-0.22","20","20","0.05","0.25","2","160","0","27","27","18.67268410281251"
"7","passive","27","-0.22","20","20","0.05","0.25","2","160","0","34","34","17.745769908108343"
"4","passive","18","0.14","20","20","0.05","0.25","2","160","0","34","34","21.434510058476526"
"2","passive","14","0.14","20","20","0.05","0.25","2","160","0","24","24","20.519382500000003"
"6","passive","23","0.14","20","20","0.05","0.25","2","160","0","35","35","21.5027845555527"
"1","passive","14","-0.22","20","20","0.05","0.25","2","160","0","35","35","17.638481412702927"
"5","passive","23","-0.22","20","20","0.05","0.25","2","160","0","27","27","18.67268410281251"
"3","passive","18","-0.22","20","20","0.05","0.25","2","160","0","28","28","18.519049897671888"
"7","passive","27","-0.22","20","20","0.05","0.25","2","160","0","35","35","17.638481412702927"
"4","passive","18","0.14","20","20","0.05","0.25","2","160","0","35","35","21.5027845555527"
"8","passive","27","0.14","20","20","0.05","0.25","2","160","0","35","35","21.5027845555527"
"2","passive","14","0.14","20","20","0.05","0.25","2","160","0","25","25","20.633413375000003"
"1","passive","14","-0.22","20","20","0.05","0.25","2","160","0","36","36","17.53655734206778"
"4","passive","18","0.14","20","20","0.05","0.25","2","160","0","36","36","21.567645327775068"
"7","passive","27","-0.22","20","20","0.05","0.25","2","160","0","36","36","17.53655734206778"
"5","passive","23","-0.22","20","20","0.05","0.25","2","160","0","28","28","18.519049897671888"
"6","passive","23","0.14","20","20","0.05","0.25","2","160","0","36","36","21.567645327775068"
"2","passive","14","0.14","20","20","0.05","0.25","2","160","0","26","26","20.741742706250005"
"3","passive","18","-0.22","20","20","0.05","0.25","2","160","0","29","29","18.373097402788293"
"8","passive","27","0.14","20","20","0.05","0.25","2","160","0","36","36","21.567645327775068"
"5","passive","23","-0.22","20","20","0.05","0.25","2","160","0","29","29","18.373097402788293"
"1","passive","14","-0.22","20","20","0.05","0.25","2","160","0","37","37","17.43972947496439"
"7","passive","27","-0.22","20","20","0.05","0.25","2","160","0","37","37","17.43972947496439"
"3","passive","18","-0.22","20","20","0.05","0.25","2","160","0","30","30","18.23444253264888"
"2","passive","14","0.14","20","20","0.05","0.25","2","160","0","27","27","20.844655570937505"
"8","passive","27","0.14","20","20","0.05","0.25","2","160","0","37","37","21.629263061386315"
"5","passive","23","-0.22","20","20","0.05","0.25","2","160","0","30","30","18.23444253264888"
"1","passive","14","-0.22","20","20","0.05","0.25","2","160","0","38","38","17.347743001216173"
"7","passive","27","-0.22","20","20","0.05","0.25","2","160","0","38","38","17.347743001216173"
"4","passive","18","0.14","20","20","0.05","0.25","2","160","0","37","37","21.629263061386315"
"6","passive","23","0.14","20","20","0.05","0.25","2","160","0","37","37","21.629263061386315"
"3","passive","18","-0.22","20","20","0.05","0.25","2","160","0","31","31","18.102720406016438"
"8","passive","27","0.14","20","20","0.05","0.25","2","160","0","38","38","21.687799908317"
"1","passive","14","-0.22","20","20","0.05","0.25","2","160","0","39","39","17.260355851155367"
"2","passive","14","0.14","20","20","0.05","0.25","2","160","0","28","28","20.94242279239063"
"6","passive","23","0.14","20","20","0.05","0.25","2","160","0","38","38","21.687799908317"
"4","passive","18","0.14","20","20","0.05","0.25","2","160","0","38","38","21.687799908317"
"7","passive","27","-0.22","20","20","0.05","0.25","2","160","0","39","39","17.260355851155367"
"3","passive","18","-0.22","20","20","0.05","0.25","2","160","0","32","32","17.977584385715616"
"5","passive","23","-0.22","20","20","0.05","0.25","2","160","0","31","31","18.102720406016438"
"1","passive","14","-0.22","20","20","0.05","0.25","2","160","0","40","40","17.1773380585976"
"2","passive","14","0.14","20","20","0.05","0.25","2","160","0","29","29","21.0353016527711"
"8","passive","27","0.14","20","20","0.05","0.25","2","160","0","39","39","21.74340991290115"
"6","passive","23","0.14","20","20","0.05","0.25","2","160","0","39","39","21.74340991290115"
"4","passive","18","0.14","20","20","0.05","0.25","2","160","0","39","39","21.74340991290115"
"7","passive","27","-0.22","20","20","0.05","0.25","2","160","0","40","40","17.1773380585976"
"5","passive","23","-0.22","20","20","0.05","0.25","2","160","0","32","32","17.977584385715616"
"1","passive","14","-0.22","20","20","0.05","0.25","2","160","0","41","41","17.09847115566772"
"3","passive","18","-0.22","20","20","0.05","0.25","2","160","0","33","33","17.858705166429836"
"8","passive","27","0.14","20","20","0.05","0.25","2","160","0","40","40","21.796239417256093"
"2","passive","14","0.14","20","20","0.05","0.25","2","160","0","30","30","21.123536570132547"
"4","passive","18","0.14","20","20","0.05","0.25","2","160","0","40","40","21.796239417256093"
"6","passive","23","0.14","20","20","0.05","0.25","2","160","0","40","40","21.796239417256093"
"1","passive","14","-0.22","20","20","0.05","0.25","2","160","0","42","42","17.023547597884335"
"5","passive","23","-0.22","20","20","0.05","0.25","2","160","0","33","33","17.858705166429836"
"7","passive","27","-0.22","20","20","0.05","0.25","2","160","0","41","41","17.09847115566772"
"4","passive","18","0.14","20","20","0.05","0.25","2","160","0","41","41","21.84642744639329"
"8","passive","27","0.14","20","20","0.05","0.25","2","160","0","41","41","21.84642744639329"
"2","passive","14","0.14","20","20","0.05","0.25","2","160","0","31","31","21.207359741625922"
"3","passive","18","-0.22","20","20","0.05","0.25","2","160","0","34","34","17.745769908108343"
"1","passive","14","-0.22","20","20","0.05","0.25","2","160","0","43","43","16.95237021799012"
"6","passive","23","0.14","20","20","0.05","0.25","2","160","0","41","41","21.84642744639329"
"7","passive","27","-0.22","20","20","0.05","0.25","2","160","0","42","42","17.023547597884335"
"5","passive","23","-0.22","20","20","0.05","0.25","2","160","0","34","34","17.745769908108343"
"2","passive","14","0.14","20","20","0.05","0.25","2","160","0","32","32","21.286991754544626"
"8","passive","27","0.14","20","20","0.05","0.25","2","160","0","42","42","21.894106074073626"
"3","passive","18","-0.22","20","20","0.05","0.25","2","160","0","35","35","17.638481412702927"
"4","passive","18","0.14","20","20","0.05","0.25","2","160","0","42","42","21.894106074073626"
"6","passive","23","0.14","20","20","0.05","0.25","2","160","0","42","42","21.894106074073626"
"1","passive","14","-0.22","20","20","0.05","0.25","2","160","0","44","44","16.884751707090615"
"7","passive","27","-0.22","20","20","0.05","0.25","2","160","0","43","43","16.95237021799012"
"2","passive","14","0.14","20","20","0.05","0.25","2","160","0","33","33","21.362642166817395"
"5","passive","23","-0.22","20","20","0.05","0.25","2","160","0","35","35","17.638481412702927"
"3","passive","18","-0.22","20","20","0.05","0.25","2","160","0","36","36","17.53655734206778"
"8","passive","27","0.14","20","20","0.05","0.25","2","160","0","43","43","21.939400770369947"
"1","passive","14","-0.22","20","20","0.05","0.25","2","160","0","45","45","16.820514121736085"
"4","passive","18","0.14","20","20","0.05","0.25","2","160","0","43","43","21.939400770369947"
"6","passive","23","0.14","20","20","0.05","0.25","2","160","0","43","43","21.939400770369947"
"7","passive","27","-0.22","20","20","0.05","0.25","2","160","0","44","44","16.884751707090615"
"8","passive","27","0.14","20","20","0.05","0.25","2","160","0","44","44","21.98243073185145"
"1","passive","14","-0.22","20","20","0.05","0.25","2","160","0","46","46","16.759488415649283"
"4","passive","18","0.14","20","20","0.05","0.25","2","160","0","44","44","21.98243073185145"
"5","passive","23","-0.22","20","20","0.05","0.25","2","160","0","36","36","17.53655734206778"
"7","passive","27","-0.22","20","20","0.05","0.25","2","160","0","45","45","16.820514121736085"
"7","passive","27","-0.22","20","20","0.05","0.25","2","160","0","46","46","16.759488415649283"
"5","passive","23","-0.22","20","20","0.05","0.25","2","160","0","37","37","17.43972947496439"
"7","passive","27","-0.22","20","20","0.05","0.25","2","160","0","47","47","16.70151399486682"
"5","passive","23","-0.22","20","20","0.05","0.25","2","160","0","38","38","17.347743001216173"
"7","passive","27","-0.22","20","20","0.05","0.25","2","160","0","48","48","16.646438295123478"
"5","passive","23","-0.22","20","20","0.05","0.25","2","160","0","39","39","17.260355851155367"
"7","passive","27","-0.22","20","20","0.05","0.25","2","160","0","49","49","16.594116380367304"
"5","passive","23","-0.22","20","20","0.05","0.25","2","160","0","40","40","17.1773380585976"
"7","passive","27","-0.22","20","20","0.05","0.25","2","160","0","50","50","16.54441056134894"
"5","passive","23","-0.22","20","20","0.05","0.25","2","160","0","41","41","17.09847115566772"
"7","passive","27","-0.22","20","20","0.05","0.25","2","160","0","51","51","16.497190033281495"
"5","passive","23","-0.22","20","20","0.05","0.25","2","160","0","42","42","17.023547597884335"
"7","passive","27","-0.22","20","20","0.05","0.25","2","160","0","52","52","16.45233053161742"
"7","passive","27","-0.22","20","20","0.05","0.25","2","160","0","53","53","16.40971400503655"
"5","passive","23","-0.22","20","20","0.05","0.25","2","160","0","43","43","16.95237021799012"
"7","passive","27","-0.22","20","20","0.05","0.25","2","160","0","54","54","16.369228304784727"
"5","passive","23","-0.22","20","20","0.05","0.25","2","160","0","44","44","16.884751707090615"
"7","passive","27","-0.22","20","20","0.05","0.25","2","160","0","55","55","16.33076688954549"
"5","passive","23","-0.22","20","20","0.05","0.25","2","160","0","45","45","16.820514121736085"
"7","passive","27","-0.22","20","20","0.05","0.25","2","160","0","56","56","16.29422854506822"
"5","passive","23","-0.22","20","20","0.05","0.25","2","160","0","46","46","16.759488415649283"
"7","passive","27","-0.22","20","20","0.05","0.25","2","160","0","57","57","16.25951711781481"
"5","passive","23","-0.22","20","20","0.05","0.25","2","160","0","47","47","16.70151399486682"
"7","passive","27","-0.22","20","20","0.05","0.25","2","160","0","58","58","16.22654126192407"
"7","passive","27","-0.22","20","20","0.05","0.25","2","160","0","59","59","16.195214198827866"
"5","passive","23","-0.22","20","20","0.05","0.25","2","160","0","48","48","16.646438295123478"
"7","passive","27","-0.22","20","20","0.05","0.25","2","160","0","60","60","16.165453488886474"
"5","passive","23","-0.22","20","20","0.05","0.25","2","160","0","49","49","16.594116380367304"
"7","passive","27","-0.22","20","20","0.05","0.25","2","160","0","61","61","16.13718081444215"
"5","passive","23","-0.22","20","20","0.05","0.25","2","160","0","50","50","16.54441056134894"
"5","passive","23","-0.22","20","20","0.05","0.25","2","160","0","51","51","16.497190033281495"
"5","passive","23","-0.22","20","20","0.05","0.25","2","160","0","52","52","16.45233053161742"
"5","passive","23","-0.22","20","20","0.05","0.25","2","160","0","53","53","16.40971400503655"
"5","passive","23","-0.22","20","20","0.05","0.25","2","160","0","54","54","16.369228304784727"
"5","passive","23","-0.22","20","20","0.05","0.25","2","160","0","55","55","16.33076688954549"
"5","passive","23","-0.22","20","20","0.05","0.25","2","160","0","56","56","16.29422854506822"
"5","passive","23","-0.22","20","20","0.05","0.25","2","160","0","57","57","16.25951711781481"
"5","passive","23","-0.22","20","20","0.05","0.25","2","160","0","58","58","16.22654126192407"
"5","passive","23","-0.22","20","20","0.05","0.25","2","160","0","59","59","16.195214198827866"
"5","passive","23","-0.22","20","20","0.05","0.25","2","160","0","60","60","16.165453488886474"
"5","passive","23","-0.22","20","20","0.05","0.25","2","160","0","61","61","16.13718081444215"
"5","passive","23","-0.22","20","20","0.05","0.25","2","160","0","62","62","16.110321773720045"
"5","passive","23","-0.22","20","20","0.05","0.25","2","160","0","63","63","16.084805685034045"
"5","passive","23","-0.22","20","20","0.05","0.25","2","160","0","64","64","16.060565400782345"
"5","passive","23","-0.22","20","20","0.05","0.25","2","160","0","65","65","16.037537130743228"
"5","passive","23","-0.22","20","20","0.05","0.25","2","160","0","66","66","16.015660274206066"
"5","passive","23","-0.22","20","20","0.05","0.25","2","160","0","67","67","15.99487726049576"
"5","passive","23","-0.22","20","20","0.05","0.25","2","160","0","68","68","15.975133397470971"
"5","passive","23","-0.22","20","20","0.05","0.25","2","160","0","69","69","15.956376727597421"
"5","passive","23","-0.22","20","20","0.05","0.25","2","160","0","70","70","15.93855789121755"
"5","passive","23","-0.22","20","20","0.05","0.25","2","160","0","71","71","15.921629996656671"
"5","passive","23","-0.22","20","20","0.05","0.25","2","160","0","72","72","15.905548496823839"
"5","passive","23","-0.22","20","20","0.05","0.25","2","160","0","73","73","15.890271071982648"
"5","passive","23","-0.22","20","20","0.05","0.25","2","160","0","74","74","15.875757518383514"
"5","passive","23","-0.22","20","20","0.05","0.25","2","160","0","75","75","15.861969642464336"
"5","passive","23","-0.22","20","20","0.05","0.25","2","160","0","76","76","15.848871160341117"
"5","passive","23","-0.22","20","20","0.05","0.25","2","160","0","77","77","15.83642760232406"
"5","passive","23","-0.22","20","20","0.05","0.25","2","160","0","78","78","15.824606222207857"
"5","passive","23","-0.22","20","20","0.05","0.25","2","160","0","79","79","15.813375911097465"
"5","passive","23","-0.22","20","20","0.05","0.25","2","160","0","80","80","15.80270711554259"
"5","passive","23","-0.22","20","20","0.05","0.25","2","160","0","81","81","15.79257175976546"
"5","passive","23","-0.22","20","20","0.05","0.25","2","160","0","82","82","15.782943171777186"
"5","passive","23","-0.22","20","20","0.05","0.25","2","160","0","83","83","15.773796013188326"
"5","passive","23","-0.22","20","20","0.05","0.25","2","160","0","84","84","15.76510621252891"
"5","passive","23","-0.22","20","20","0.05","0.25","2","160","0","85","85","15.756850901902464"
"5","passive","23","-0.22","20","20","0.05","0.25","2","160","0","86","86","15.74900835680734"
"5","passive","23","-0.22","20","20","0.05","0.25","2","160","0","87","87","15.741557938966972"
"2","passive","14","0.14","20","20","0.05","0.25","2","160","0","34","34","21.434510058476526"
"6","passive","23","0.14","20","20","0.05","0.25","2","160","0","44","44","21.98243073185145"
"3","passive","18","-0.22","20","20","0.05","0.25","2","160","0","37","37","17.43972947496439"
"2","passive","14","0.14","20","20","0.05","0.25","2","160","0","35","35","21.5027845555527"
"4","passive","18","0.14","20","20","0.05","0.25","2","160","0","45","45","22.02330919525888"
"8","passive","27","0.14","20","20","0.05","0.25","2","160","0","45","45","22.02330919525888"
"1","passive","14","-0.22","20","20","0.05","0.25","2","160","0","47","47","16.70151399486682"
"6","passive","23","0.14","20","20","0.05","0.25","2","160","0","45","45","22.02330919525888"
"2","passive","14","0.14","20","20","0.05","0.25","2","160","0","36","36","21.567645327775068"
"3","passive","18","-0.22","20","20","0.05","0.25","2","160","0","38","38","17.347743001216173"
"8","passive","27","0.14","20","20","0.05","0.25","2","160","0","46","46","22.062143735495937"
"4","passive","18","0.14","20","20","0.05","0.25","2","160","0","46","46","22.062143735495937"
"1","passive","14","-0.22","20","20","0.05","0.25","2","160","0","48","48","16.646438295123478"
"6","passive","23","0.14","20","20","0.05","0.25","2","160","0","46","46","22.062143735495937"
"8","passive","27","0.14","20","20","0.05","0.25","2","160","0","47","47","22.09903654872114"
"2","passive","14","0.14","20","20","0.05","0.25","2","160","0","37","37","21.629263061386315"
"3","passive","18","-0.22","20","20","0.05","0.25","2","160","0","39","39","17.260355851155367"
"4","passive","18","0.14","20","20","0.05","0.25","2","160","0","47","47","22.09903654872114"
"6","passive","23","0.14","20","20","0.05","0.25","2","160","0","47","47","22.09903654872114"
"1","passive","14","-0.22","20","20","0.05","0.25","2","160","0","49","49","16.594116380367304"
"2","passive","14","0.14","20","20","0.05","0.25","2","160","0","38","38","21.687799908317"
"3","passive","18","-0.22","20","20","0.05","0.25","2","160","0","40","40","17.1773380585976"
"8","passive","27","0.14","20","20","0.05","0.25","2","160","0","48","48","22.134084721285085"
"1","passive","14","-0.22","20","20","0.05","0.25","2","160","0","50","50","16.54441056134894"
"4","passive","18","0.14","20","20","0.05","0.25","2","160","0","48","48","22.134084721285085"
"2","passive","14","0.14","20","20","0.05","0.25","2","160","0","39","39","21.74340991290115"
"6","passive","23","0.14","20","20","0.05","0.25","2","160","0","48","48","22.134084721285085"
"8","passive","27","0.14","20","20","0.05","0.25","2","160","0","49","49","22.167380485220832"
"3","passive","18","-0.22","20","20","0.05","0.25","2","160","0","41","41","17.09847115566772"
"4","passive","18","0.14","20","20","0.05","0.25","2","160","0","49","49","22.167380485220832"
"2","passive","14","0.14","20","20","0.05","0.25","2","160","0","40","40","21.796239417256093"
"6","passive","23","0.14","20","20","0.05","0.25","2","160","0","49","49","22.167380485220832"
"1","passive","14","-0.22","20","20","0.05","0.25","2","160","0","51","51","16.497190033281495"
"3","passive","18","-0.22","20","20","0.05","0.25","2","160","0","42","42","17.023547597884335"
"4","passive","18","0.14","20","20","0.05","0.25","2","160","0","50","50","22.19901146095979"
"8","passive","27","0.14","20","20","0.05","0.25","2","160","0","50","50","22.19901146095979"
"6","passive","23","0.14","20","20","0.05","0.25","2","160","0","50","50","22.19901146095979"
"1","passive","14","-0.22","20","20","0.05","0.25","2","160","0","52","52","16.45233053161742"
"4","passive","18","0.14","20","20","0.05","0.25","2","160","0","51","51","22.229060887911803"
"2","passive","14","0.14","20","20","0.05","0.25","2","160","0","41","41","21.84642744639329"
"3","passive","18","-0.22","20","20","0.05","0.25","2","160","0","43","43","16.95237021799012"
"8","passive","27","0.14","20","20","0.05","0.25","2","160","0","51","51","22.229060887911803"
"4","passive","18","0.14","20","20","0.05","0.25","2","160","0","52","52","22.257607843516215"
"1","passive","14","-0.22","20","20","0.05","0.25","2","160","0","53","53","16.40971400503655"
"6","passive","23","0.14","20","20","0.05","0.25","2","160","0","51","51","22.229060887911803"
"2","passive","14","0.14","20","20","0.05","0.25","2","160","0","42","42","21.894106074073626"
"3","passive","18","-0.22","20","20","0.05","0.25","2","160","0","44","44","16.884751707090615"
"1","passive","14","-0.22","20","20","0.05","0.25","2","160","0","54","54","16.369228304784727"
"4","passive","18","0.14","20","20","0.05","0.25","2","160","0","53","53","22.284727451340405"
"8","passive","27","0.14","20","20","0.05","0.25","2","160","0","52","52","22.257607843516215"
"6","passive","23","0.14","20","20","0.05","0.25","2","160","0","52","52","22.257607843516215"
"2","passive","14","0.14","20","20","0.05","0.25","2","160","0","43","43","21.939400770369947"
"3","passive","18","-0.22","20","20","0.05","0.25","2","160","0","45","45","16.820514121736085"
"1","passive","14","-0.22","20","20","0.05","0.25","2","160","0","55","55","16.33076688954549"
"4","passive","18","0.14","20","20","0.05","0.25","2","160","0","54","54","22.310491078773385"
"8","passive","27","0.14","20","20","0.05","0.25","2","160","0","53","53","22.284727451340405"
"2","passive","14","0.14","20","20","0.05","0.25","2","160","0","44","44","21.98243073185145"
"3","passive","18","-0.22","20","20","0.05","0.25","2","160","0","46","46","16.759488415649283"
"6","passive","23","0.14","20","20","0.05","0.25","2","160","0","53","53","22.284727451340405"
"1","passive","14","-0.22","20","20","0.05","0.25","2","160","0","56","56","16.29422854506822"
"4","passive","18","0.14","20","20","0.05","0.25","2","160","0","55","55","22.334966524834716"
"8","passive","27","0.14","20","20","0.05","0.25","2","160","0","54","54","22.310491078773385"
"3","passive","18","-0.22","20","20","0.05","0.25","2","160","0","47","47","16.70151399486682"
"2","passive","14","0.14","20","20","0.05","0.25","2","160","0","45","45","22.02330919525888"
"6","passive","23","0.14","20","20","0.05","0.25","2","160","0","54","54","22.310491078773385"
"4","passive","18","0.14","20","20","0.05","0.25","2","160","0","56","56","22.35821819859298"
"1","passive","14","-0.22","20","20","0.05","0.25","2","160","0","57","57","16.25951711781481"
"2","passive","14","0.14","20","20","0.05","0.25","2","160","0","46","46","22.062143735495937"
"3","passive","18","-0.22","20","20","0.05","0.25","2","160","0","48","48","16.646438295123478"
"8","passive","27","0.14","20","20","0.05","0.25","2","160","0","55","55","22.334966524834716"
"6","passive","23","0.14","20","20","0.05","0.25","2","160","0","55","55","22.334966524834716"
"1","passive","14","-0.22","20","20","0.05","0.25","2","160","0","58","58","16.22654126192407"
"4","passive","18","0.14","20","20","0.05","0.25","2","160","0","57","57","22.38030728866333"
"7","passive","27","-0.22","20","20","0.05","0.25","2","160","0","62","62","16.110321773720045"
"2","passive","14","0.14","20","20","0.05","0.25","2","160","0","47","47","22.09903654872114"
"8","passive","27","0.14","20","20","0.05","0.25","2","160","0","56","56","22.35821819859298"
"6","passive","23","0.14","20","20","0.05","0.25","2","160","0","56","56","22.35821819859298"
"3","passive","18","-0.22","20","20","0.05","0.25","2","160","0","49","49","16.594116380367304"
"1","passive","14","-0.22","20","20","0.05","0.25","2","160","0","59","59","16.195214198827866"
"2","passive","14","0.14","20","20","0.05","0.25","2","160","0","48","48","22.134084721285085"
"7","passive","27","-0.22","20","20","0.05","0.25","2","160","0","63","63","16.084805685034045"
"8","passive","27","0.14","20","20","0.05","0.25","2","160","0","57","57","22.38030728866333"
"6","passive","23","0.14","20","20","0.05","0.25","2","160","0","57","57","22.38030728866333"
"4","passive","18","0.14","20","20","0.05","0.25","2","160","0","58","58","22.401291924230165"
"3","passive","18","-0.22","20","20","0.05","0.25","2","160","0","50","50","16.54441056134894"
"6","passive","23","0.14","20","20","0.05","0.25","2","160","0","58","58","22.401291924230165"
"1","passive","14","-0.22","20","20","0.05","0.25","2","160","0","60","60","16.165453488886474"
"7","passive","27","-0.22","20","20","0.05","0.25","2","160","0","64","64","16.060565400782345"
"8","passive","27","0.14","20","20","0.05","0.25","2","160","0","58","58","22.401291924230165"
"2","passive","14","0.14","20","20","0.05","0.25","2","160","0","49","49","22.167380485220832"
"6","passive","23","0.14","20","20","0.05","0.25","2","160","0","59","59","22.421227328018656"
"7","passive","27","-0.22","20","20","0.05","0.25","2","160","0","65","65","16.037537130743228"
"2","passive","14","0.14","20","20","0.05","0.25","2","160","0","50","50","22.19901146095979"
"6","passive","23","0.14","20","20","0.05","0.25","2","160","0","60","60","22.440165961617723"
"8","passive","27","0.14","20","20","0.05","0.25","2","160","0","59","59","22.421227328018656"
"1","passive","14","-0.22","20","20","0.05","0.25","2","160","0","61","61","16.13718081444215"
"3","passive","18","-0.22","20","20","0.05","0.25","2","160","0","51","51","16.497190033281495"
"6","passive","23","0.14","20","20","0.05","0.25","2","160","0","61","61","22.458157663536838"
"7","passive","27","-0.22","20","20","0.05","0.25","2","160","0","66","66","16.015660274206066"
"2","passive","14","0.14","20","20","0.05","0.25","2","160","0","51","51","22.229060887911803"
"8","passive","27","0.14","20","20","0.05","0.25","2","160","0","60","60","22.440165961617723"
"1","passive","14","-0.22","20","20","0.05","0.25","2","160","0","62","62","16.110321773720045"
"3","passive","18","-0.22","20","20","0.05","0.25","2","160","0","52","52","16.45233053161742"
"6","passive","23","0.14","20","20","0.05","0.25","2","160","0","62","62","22.475249780359995"
"7","passive","27","-0.22","20","20","0.05","0.25","2","160","0","67","67","15.99487726049576"
"2","passive","14","0.14","20","20","0.05","0.25","2","160","0","52","52","22.257607843516215"
"8","passive","27","0.14","20","20","0.05","0.25","2","160","0","61","61","22.458157663536838"
"6","passive","23","0.14","20","20","0.05","0.25","2","160","0","63","63","22.491487291341997"
"1","passive","14","-0.22","20","20","0.05","0.25","2","160","0","63","63","16.084805685034045"
"7","passive","27","-0.22","20","20","0.05","0.25","2","160","0","68","68","15.975133397470971"
"3","passive","18","-0.22","20","20","0.05","0.25","2","160","0","53","53","16.40971400503655"
"2","passive","14","0.14","20","20","0.05","0.25","2","160","0","53","53","22.284727451340405"
"8","passive","27","0.14","20","20","0.05","0.25","2","160","0","62","62","22.475249780359995"
"1","passive","14","-0.22","20","20","0.05","0.25","2","160","0","64","64","16.060565400782345"
"3","passive","18","-0.22","20","20","0.05","0.25","2","160","0","54","54","16.369228304784727"
"6","passive","23","0.14","20","20","0.05","0.25","2","160","0","64","64","22.5069129267749"
"8","passive","27","0.14","20","20","0.05","0.25","2","160","0","63","63","22.491487291341997"
"7","passive","27","-0.22","20","20","0.05","0.25","2","160","0","69","69","15.956376727597421"
"2","passive","14","0.14","20","20","0.05","0.25","2","160","0","54","54","22.310491078773385"
"3","passive","18","-0.22","20","20","0.05","0.25","2","160","0","55","55","16.33076688954549"
"6","passive","23","0.14","20","20","0.05","0.25","2","160","0","65","65","22.521567280436155"
"2","passive","14","0.14","20","20","0.05","0.25","2","160","0","55","55","22.334966524834716"
"8","passive","27","0.14","20","20","0.05","0.25","2","160","0","64","64","22.5069129267749"
"3","passive","18","-0.22","20","20","0.05","0.25","2","160","0","56","56","16.29422854506822"
"7","passive","27","-0.22","20","20","0.05","0.25","2","160","0","70","70","15.93855789121755"
"6","passive","23","0.14","20","20","0.05","0.25","2","160","0","66","66","22.535488916414348"
"2","passive","14","0.14","20","20","0.05","0.25","2","160","0","56","56","22.35821819859298"
"8","passive","27","0.14","20","20","0.05","0.25","2","160","0","65","65","22.521567280436155"
"3","passive","18","-0.22","20","20","0.05","0.25","2","160","0","57","57","16.25951711781481"
"2","passive","14","0.14","20","20","0.05","0.25","2","160","0","57","57","22.38030728866333"
"6","passive","23","0.14","20","20","0.05","0.25","2","160","0","67","67","22.54871447059363"
"7","passive","27","-0.22","20","20","0.05","0.25","2","160","0","71","71","15.921629996656671"
"8","passive","27","0.14","20","20","0.05","0.25","2","160","0","66","66","22.535488916414348"
"3","passive","18","-0.22","20","20","0.05","0.25","2","160","0","58","58","16.22654126192407"
"2","passive","14","0.14","20","20","0.05","0.25","2","160","0","58","58","22.401291924230165"
"8","passive","27","0.14","20","20","0.05","0.25","2","160","0","67","67","22.54871447059363"
"7","passive","27","-0.22","20","20","0.05","0.25","2","160","0","72","72","15.905548496823839"
"6","passive","23","0.14","20","20","0.05","0.25","2","160","0","68","68","22.561278747063948"
"2","passive","14","0.14","20","20","0.05","0.25","2","160","0","59","59","22.421227328018656"
"3","passive","18","-0.22","20","20","0.05","0.25","2","160","0","59","59","16.195214198827866"
"7","passive","27","-0.22","20","20","0.05","0.25","2","160","0","73","73","15.890271071982648"
"6","passive","23","0.14","20","20","0.05","0.25","2","160","0","69","69","22.573214809710752"
"8","passive","27","0.14","20","20","0.05","0.25","2","160","0","68","68","22.561278747063948"
"2","passive","14","0.14","20","20","0.05","0.25","2","160","0","60","60","22.440165961617723"
"7","passive","27","-0.22","20","20","0.05","0.25","2","160","0","74","74","15.875757518383514"
"3","passive","18","-0.22","20","20","0.05","0.25","2","160","0","60","60","16.165453488886474"
"8","passive","27","0.14","20","20","0.05","0.25","2","160","0","69","69","22.573214809710752"
"6","passive","23","0.14","20","20","0.05","0.25","2","160","0","70","70","22.584554069225216"
"2","passive","14","0.14","20","20","0.05","0.25","2","160","0","61","61","22.458157663536838"
"7","passive","27","-0.22","20","20","0.05","0.25","2","160","0","75","75","15.861969642464336"
"3","passive","18","-0.22","20","20","0.05","0.25","2","160","0","61","61","16.13718081444215"
"8","passive","27","0.14","20","20","0.05","0.25","2","160","0","70","70","22.584554069225216"
"6","passive","23","0.14","20","20","0.05","0.25","2","160","0","71","71","22.595326365763956"
"7","passive","27","-0.22","20","20","0.05","0.25","2","160","0","76","76","15.848871160341117"
"2","passive","14","0.14","20","20","0.05","0.25","2","160","0","62","62","22.475249780359995"
"3","passive","18","-0.22","20","20","0.05","0.25","2","160","0","62","62","16.110321773720045"
"8","passive","27","0.14","20","20","0.05","0.25","2","160","0","71","71","22.595326365763956"
"7","passive","27","-0.22","20","20","0.05","0.25","2","160","0","77","77","15.83642760232406"
"6","passive","23","0.14","20","20","0.05","0.25","2","160","0","72","72","22.60556004747576"
"2","passive","14","0.14","20","20","0.05","0.25","2","160","0","63","63","22.491487291341997"
"3","passive","18","-0.22","20","20","0.05","0.25","2","160","0","63","63","16.084805685034045"
"8","passive","27","0.14","20","20","0.05","0.25","2","160","0","72","72","22.60556004747576"
"7","passive","27","-0.22","20","20","0.05","0.25","2","160","0","78","78","15.824606222207857"
"6","passive","23","0.14","20","20","0.05","0.25","2","160","0","73","73","22.61528204510197"
"2","passive","14","0.14","20","20","0.05","0.25","2","160","0","64","64","22.5069129267749"
"8","passive","27","0.14","20","20","0.05","0.25","2","160","0","73","73","22.61528204510197"
"6","passive","23","0.14","20","20","0.05","0.25","2","160","0","74","74","22.62451794284687"
"7","passive","27","-0.22","20","20","0.05","0.25","2","160","0","79","79","15.813375911097465"
"3","passive","18","-0.22","20","20","0.05","0.25","2","160","0","64","64","16.060565400782345"
"6","passive","23","0.14","20","20","0.05","0.25","2","160","0","75","75","22.63329204570453"
"2","passive","14","0.14","20","20","0.05","0.25","2","160","0","65","65","22.521567280436155"
"8","passive","27","0.14","20","20","0.05","0.25","2","160","0","74","74","22.62451794284687"
"7","passive","27","-0.22","20","20","0.05","0.25","2","160","0","80","80","15.80270711554259"
"3","passive","18","-0.22","20","20","0.05","0.25","2","160","0","65","65","16.037537130743228"
"6","passive","23","0.14","20","20","0.05","0.25","2","160","0","76","76","22.641627443419303"
"7","passive","27","-0.22","20","20","0.05","0.25","2","160","0","81","81","15.79257175976546"
"2","passive","14","0.14","20","20","0.05","0.25","2","160","0","66","66","22.535488916414348"
"8","passive","27","0.14","20","20","0.05","0.25","2","160","0","75","75","22.63329204570453"
"3","passive","18","-0.22","20","20","0.05","0.25","2","160","0","66","66","16.015660274206066"
"7","passive","27","-0.22","20","20","0.05","0.25","2","160","0","82","82","15.782943171777186"
"8","passive","27","0.14","20","20","0.05","0.25","2","160","0","76","76","22.641627443419303"
"2","passive","14","0.14","20","20","0.05","0.25","2","160","0","67","67","22.54871447059363"
"7","passive","27","-0.22","20","20","0.05","0.25","2","160","0","83","83","15.773796013188326"
"3","passive","18","-0.22","20","20","0.05","0.25","2","160","0","67","67","15.99487726049576"
"8","passive","27","0.14","20","20","0.05","0.25","2","160","0","77","77","22.649546071248338"
"2","passive","14","0.14","20","20","0.05","0.25","2","160","0","68","68","22.561278747063948"
"7","passive","27","-0.22","20","20","0.05","0.25","2","160","0","84","84","15.76510621252891"
"3","passive","18","-0.22","20","20","0.05","0.25","2","160","0","68","68","15.975133397470971"
"8","passive","27","0.14","20","20","0.05","0.25","2","160","0","78","78","22.65706876768592"
"2","passive","14","0.14","20","20","0.05","0.25","2","160","0","69","69","22.573214809710752"
"7","passive","27","-0.22","20","20","0.05","0.25","2","160","0","85","85","15.756850901902464"
"3","passive","18","-0.22","20","20","0.05","0.25","2","160","0","69","69","15.956376727597421"
"8","passive","27","0.14","20","20","0.05","0.25","2","160","0","79","79","22.664215329301626"
"2","passive","14","0.14","20","20","0.05","0.25","2","160","0","70","70","22.584554069225216"
"7","passive","27","-0.22","20","20","0.05","0.25","2","160","0","86","86","15.74900835680734"
"3","passive","18","-0.22","20","20","0.05","0.25","2","160","0","70","70","15.93855789121755"
"2","passive","14","0.14","20","20","0.05","0.25","2","160","0","71","71","22.595326365763956"
"8","passive","27","0.14","20","20","0.05","0.25","2","160","0","80","80","22.671004562836547"
"7","passive","27","-0.22","20","20","0.05","0.25","2","160","0","87","87","15.741557938966972"
"3","passive","18","-0.22","20","20","0.05","0.25","2","160","0","71","71","15.921629996656671"
"8","passive","27","0.14","20","20","0.05","0.25","2","160","0","81","81","22.67745433469472"
"7","passive","27","-0.22","20","20","0.05","0.25","2","160","0","88","88","15.734480042018623"
"2","passive","14","0.14","20","20","0.05","0.25","2","160","0","72","72","22.60556004747576"
"3","passive","18","-0.22","20","20","0.05","0.25","2","160","0","72","72","15.905548496823839"
"7","passive","27","-0.22","20","20","0.05","0.25","2","160","0","89","89","15.727756039917692"
"8","passive","27","0.14","20","20","0.05","0.25","2","160","0","82","82","22.683581617959984"
"2","passive","14","0.14","20","20","0.05","0.25","2","160","0","73","73","22.61528204510197"
"3","passive","18","-0.22","20","20","0.05","0.25","2","160","0","73","73","15.890271071982648"
"7","passive","27","-0.22","20","20","0.05","0.25","2","160","0","90","90","15.721368237921807"
"8","passive","27","0.14","20","20","0.05","0.25","2","160","0","83","83","22.689402537061984"
"2","passive","14","0.14","20","20","0.05","0.25","2","160","0","74","74","22.62451794284687"
"3","passive","18","-0.22","20","20","0.05","0.25","2","160","0","74","74","15.875757518383514"
"8","passive","27","0.14","20","20","0.05","0.25","2","160","0","84","84","22.694932410208885"
"7","passive","27","-0.22","20","20","0.05","0.25","2","160","0","91","91","15.715299826025715"
"2","passive","14","0.14","20","20","0.05","0.25","2","160","0","75","75","22.63329204570453"
"8","passive","27","0.14","20","20","0.05","0.25","2","160","0","85","85","22.70018578969844"
"7","passive","27","-0.22","20","20","0.05","0.25","2","160","0","92","92","15.70953483472443"
"3","passive","18","-0.22","20","20","0.05","0.25","2","160","0","75","75","15.861969642464336"
"2","passive","14","0.14","20","20","0.05","0.25","2","160","0","76","76","22.641627443419303"
"5","passive","23","-0.22","20","20","0.05","0.25","2","160","0","88","88","15.734480042018623"
"7","passive","27","-0.22","20","20","0.05","0.25","2","160","0","93","93","15.704058092988207"
"8","passive","27","0.14","20","20","0.05","0.25","2","160","0","86","86","22.70517650021352"
"2","passive","14","0.14","20","20","0.05","0.25","2","160","0","77","77","22.649546071248338"
"5","passive","23","-0.22","20","20","0.05","0.25","2","160","0","89","89","15.727756039917692"
"3","passive","18","-0.22","20","20","0.05","0.25","2","160","0","76","76","15.848871160341117"
"7","passive","27","-0.22","20","20","0.05","0.25","2","160","0","94","94","15.698855188338797"
"2","passive","14","0.14","20","20","0.05","0.25","2","160","0","78","78","22.65706876768592"
"8","passive","27","0.14","20","20","0.05","0.25","2","160","0","87","87","22.709917675202842"
"5","passive","23","-0.22","20","20","0.05","0.25","2","160","0","90","90","15.721368237921807"
"3","passive","18","-0.22","20","20","0.05","0.25","2","160","0","77","77","15.83642760232406"
"2","passive","14","0.14","20","20","0.05","0.25","2","160","0","79","79","22.664215329301626"
"7","passive","27","-0.22","20","20","0.05","0.25","2","160","0","95","95","15.693912428921857"
"5","passive","23","-0.22","20","20","0.05","0.25","2","160","0","91","91","15.715299826025715"
"8","passive","27","0.14","20","20","0.05","0.25","2","160","0","88","88","22.7144217914427"
"3","passive","18","-0.22","20","20","0.05","0.25","2","160","0","78","78","15.824606222207857"
"2","passive","14","0.14","20","20","0.05","0.25","2","160","0","80","80","22.671004562836547"
"7","passive","27","-0.22","20","20","0.05","0.25","2","160","0","96","96","15.689216807475765"
"5","passive","23","-0.22","20","20","0.05","0.25","2","160","0","92","92","15.70953483472443"
"7","passive","27","-0.22","20","20","0.05","0.25","2","160","0","97","97","15.684755967101976"
"8","passive","27","0.14","20","20","0.05","0.25","2","160","0","89","89","22.718700701870564"
"2","passive","14","0.14","20","20","0.05","0.25","2","160","0","81","81","22.67745433469472"
"3","passive","18","-0.22","20","20","0.05","0.25","2","160","0","79","79","15.813375911097465"
"5","passive","23","-0.22","20","20","0.05","0.25","2","160","0","93","93","15.704058092988207"
"3","passive","18","-0.22","20","20","0.05","0.25","2","160","0","80","80","15.80270711554259"
"2","passive","14","0.14","20","20","0.05","0.25","2","160","0","82","82","22.683581617959984"
"8","passive","27","0.14","20","20","0.05","0.25","2","160","0","90","90","22.722765666777036"
"7","passive","27","-0.22","20","20","0.05","0.25","2","160","0","98","98","15.680518168746877"
"5","passive","23","-0.22","20","20","0.05","0.25","2","160","0","94","94","15.698855188338797"
"8","passive","27","0.14","20","20","0.05","0.25","2","160","0","91","91","22.726627383438185"
"3","passive","18","-0.22","20","20","0.05","0.25","2","160","0","81","81","15.79257175976546"
"5","passive","23","-0.22","20","20","0.05","0.25","2","160","0","95","95","15.693912428921857"
"2","passive","14","0.14","20","20","0.05","0.25","2","160","0","83","83","22.689402537061984"
"7","passive","27","-0.22","20","20","0.05","0.25","2","160","0","99","99","15.676492260309532"
"8","passive","27","0.14","20","20","0.05","0.25","2","160","0","92","92","22.730296014266276"
"2","passive","14","0.14","20","20","0.05","0.25","2","160","0","84","84","22.694932410208885"
"3","passive","18","-0.22","20","20","0.05","0.25","2","160","0","82","82","15.782943171777186"
"5","passive","23","-0.22","20","20","0.05","0.25","2","160","0","96","96","15.689216807475765"
"7","passive","27","-0.22","20","20","0.05","0.25","2","160","0","100","100","15.672667647294055"
"2","passive","14","0.14","20","20","0.05","0.25","2","160","0","85","85","22.70018578969844"
"8","passive","27","0.14","20","20","0.05","0.25","2","160","0","93","93","22.733781213552962"
"7","passive","27","-0.22","20","20","0.05","0.25","2","160","0","101","101","15.669034264929351"
"3","passive","18","-0.22","20","20","0.05","0.25","2","160","0","83","83","15.773796013188326"
"5","passive","23","-0.22","20","20","0.05","0.25","2","160","0","97","97","15.684755967101976"
"2","passive","14","0.14","20","20","0.05","0.25","2","160","0","86","86","22.70517650021352"
"8","passive","27","0.14","20","20","0.05","0.25","2","160","0","94","94","22.737092152875316"
"7","passive","27","-0.22","20","20","0.05","0.25","2","160","0","102","102","15.665582551682883"
"3","passive","18","-0.22","20","20","0.05","0.25","2","160","0","84","84","15.76510621252891"
"5","passive","23","-0.22","20","20","0.05","0.25","2","160","0","98","98","15.680518168746877"
"2","passive","14","0.14","20","20","0.05","0.25","2","160","0","87","87","22.709917675202842"
"3","passive","18","-0.22","20","20","0.05","0.25","2","160","0","85","85","15.756850901902464"
"7","passive","27","-0.22","20","20","0.05","0.25","2","160","0","103","103","15.662303424098738"
"8","passive","27","0.14","20","20","0.05","0.25","2","160","0","95","95","22.74023754523155"
"5","passive","23","-0.22","20","20","0.05","0.25","2","160","0","99","99","15.676492260309532"
"8","passive","27","0.14","20","20","0.05","0.25","2","160","0","96","96","22.743225667969973"
"3","passive","18","-0.22","20","20","0.05","0.25","2","160","0","86","86","15.74900835680734"
"7","passive","27","-0.22","20","20","0.05","0.25","2","160","0","104","104","15.6591882528938"
"2","passive","14","0.14","20","20","0.05","0.25","2","160","0","88","88","22.7144217914427"
"5","passive","23","-0.22","20","20","0.05","0.25","2","160","0","100","100","15.672667647294055"
"8","passive","27","0.14","20","20","0.05","0.25","2","160","0","97","97","22.746064384571476"
"3","passive","18","-0.22","20","20","0.05","0.25","2","160","0","87","87","15.741557938966972"
"7","passive","27","-0.22","20","20","0.05","0.25","2","160","0","105","105","15.65622884024911"
"2","passive","14","0.14","20","20","0.05","0.25","2","160","0","89","89","22.718700701870564"
"8","passive","27","0.14","20","20","0.05","0.25","2","160","0","98","98","22.748761165342902"
"7","passive","27","-0.22","20","20","0.05","0.25","2","160","0","106","106","15.653417398236654"
"3","passive","18","-0.22","20","20","0.05","0.25","2","160","0","88","88","15.734480042018623"
"2","passive","14","0.14","20","20","0.05","0.25","2","160","0","90","90","22.722765666777036"
"8","passive","27","0.14","20","20","0.05","0.25","2","160","0","99","99","22.75132310707576"
"7","passive","27","-0.22","20","20","0.05","0.25","2","160","0","107","107","15.65074652832482"
"3","passive","18","-0.22","20","20","0.05","0.25","2","160","0","89","89","15.727756039917692"
"2","passive","14","0.14","20","20","0.05","0.25","2","160","0","91","91","22.726627383438185"
"7","passive","27","-0.22","20","20","0.05","0.25","2","160","0","108","108","15.648209201908578"
"8","passive","27","0.14","20","20","0.05","0.25","2","160","0","100","100","22.75375695172197"
"7","passive","27","-0.22","20","20","0.05","0.25","2","160","0","109","109","15.645798741813149"
"3","passive","18","-0.22","20","20","0.05","0.25","2","160","0","90","90","15.721368237921807"
"2","passive","14","0.14","20","20","0.05","0.25","2","160","0","92","92","22.730296014266276"
"8","passive","27","0.14","20","20","0.05","0.25","2","160","0","101","101","22.756069104135875"
"7","passive","27","-0.22","20","20","0.05","0.25","2","160","0","110","110","15.64350880472249"
"3","passive","18","-0.22","20","20","0.05","0.25","2","160","0","91","91","15.715299826025715"
"2","passive","14","0.14","20","20","0.05","0.25","2","160","0","93","93","22.733781213552962"
"8","passive","27","0.14","20","20","0.05","0.25","2","160","0","102","102","22.758265648929083"
"7","passive","27","-0.22","20","20","0.05","0.25","2","160","0","111","111","15.641333364486366"
"3","passive","18","-0.22","20","20","0.05","0.25","2","160","0","92","92","15.70953483472443"
"8","passive","27","0.14","20","20","0.05","0.25","2","160","0","103","103","22.76035236648263"
"7","passive","27","-0.22","20","20","0.05","0.25","2","160","0","112","112","15.639266696262046"
"2","passive","14","0.14","20","20","0.05","0.25","2","160","0","94","94","22.737092152875316"
"8","passive","27","0.14","20","20","0.05","0.25","2","160","0","104","104","22.762334748158498"
"3","passive","18","-0.22","20","20","0.05","0.25","2","160","0","93","93","15.704058092988207"
"7","passive","27","-0.22","20","20","0.05","0.25","2","160","0","113","113","15.637303361448943"
"8","passive","27","0.14","20","20","0.05","0.25","2","160","0","105","105","22.764218010750575"
"7","passive","27","-0.22","20","20","0.05","0.25","2","160","0","114","114","15.635438193376496"
"8","passive","27","0.14","20","20","0.05","0.25","2","160","0","106","106","22.766007110213046"
"2","passive","14","0.14","20","20","0.05","0.25","2","160","0","95","95","22.74023754523155"
"3","passive","18","-0.22","20","20","0.05","0.25","2","160","0","94","94","15.698855188338797"
"7","passive","27","-0.22","20","20","0.05","0.25","2","160","0","115","115","15.63366628370767"
"2","passive","14","0.14","20","20","0.05","0.25","2","160","0","96","96","22.743225667969973"
"8","passive","27","0.14","20","20","0.05","0.25","2","160","0","107","107","22.767706754702395"
"7","passive","27","-0.22","20","20","0.05","0.25","2","160","0","116","116","15.631982969522287"
"3","passive","18","-0.22","20","20","0.05","0.25","2","160","0","95","95","15.693912428921857"
"8","passive","27","0.14","20","20","0.05","0.25","2","160","0","108","108","22.769321416967276"
"7","passive","27","-0.22","20","20","0.05","0.25","2","160","0","117","117","15.630383821046172"
"2","passive","14","0.14","20","20","0.05","0.25","2","160","0","97","97","22.746064384571476"
"3","passive","18","-0.22","20","20","0.05","0.25","2","160","0","96","96","15.689216807475765"
"7","passive","27","-0.22","20","20","0.05","0.25","2","160","0","118","118","15.628864629993862"
"8","passive","27","0.14","20","20","0.05","0.25","2","160","0","109","109","22.770855346118914"
"7","passive","27","-0.22","20","20","0.05","0.25","2","160","0","119","119","15.627421398494167"
"8","passive","27","0.14","20","20","0.05","0.25","2","160","0","110","110","22.77231257881297"
"7","passive","27","-0.22","20","20","0.05","0.25","2","160","0","120","120","15.626050328569459"
"2","passive","14","0.14","20","20","0.05","0.25","2","160","0","98","98","22.748761165342902"
"3","passive","18","-0.22","20","20","0.05","0.25","2","160","0","97","97","15.684755967101976"
"7","passive","27","-0.22","20","20","0.05","0.25","2","160","0","121","121","15.624747812140985"
"8","passive","27","0.14","20","20","0.05","0.25","2","160","0","111","111","22.77369694987232"
"3","passive","18","-0.22","20","20","0.05","0.25","2","160","0","98","98","15.680518168746877"
"7","passive","27","-0.22","20","20","0.05","0.25","2","160","0","122","122","15.623510421533934"
"8","passive","27","0.14","20","20","0.05","0.25","2","160","0","112","112","22.775012102378707"
"2","passive","14","0.14","20","20","0.05","0.25","2","160","0","99","99","22.75132310707576"
"7","passive","27","-0.22","20","20","0.05","0.25","2","160","0","123","123","15.622334900457236"
"3","passive","18","-0.22","20","20","0.05","0.25","2","160","0","99","99","15.676492260309532"
"8","passive","27","0.14","20","20","0.05","0.25","2","160","0","113","113","22.77626149725977"
"2","passive","14","0.14","20","20","0.05","0.25","2","160","0","100","100","22.75375695172197"
"7","passive","27","-0.22","20","20","0.05","0.25","2","160","0","124","124","15.621218155434374"
"3","passive","18","-0.22","20","20","0.05","0.25","2","160","0","100","100","15.672667647294055"
"8","passive","27","0.14","20","20","0.05","0.25","2","160","0","114","114","22.777448422396784"
"7","passive","27","-0.22","20","20","0.05","0.25","2","160","0","125","125","15.620157247662654"
"2","passive","14","0.14","20","20","0.05","0.25","2","160","0","101","101","22.756069104135875"
"3","passive","18","-0.22","20","20","0.05","0.25","2","160","0","101","101","15.669034264929351"
"7","passive","27","-0.22","20","20","0.05","0.25","2","160","0","126","126","15.61914938527952"
"2","passive","14","0.14","20","20","0.05","0.25","2","160","0","102","102","22.758265648929083"
"3","passive","18","-0.22","20","20","0.05","0.25","2","160","0","102","102","15.665582551682883"
"2","passive","14","0.14","20","20","0.05","0.25","2","160","0","103","103","22.76035236648263"
"3","passive","18","-0.22","20","20","0.05","0.25","2","160","0","103","103","15.662303424098738"
"7","passive","27","-0.22","20","20","0.05","0.25","2","160","0","127","127","15.618191916015544"
"2","passive","14","0.14","20","20","0.05","0.25","2","160","0","104","104","22.762334748158498"
"3","passive","18","-0.22","20","20","0.05","0.25","2","160","0","104","104","15.6591882528938"
"7","passive","27","-0.22","20","20","0.05","0.25","2","160","0","128","128","15.617282320214766"
"2","passive","14","0.14","20","20","0.05","0.25","2","160","0","105","105","22.764218010750575"
"3","passive","18","-0.22","20","20","0.05","0.25","2","160","0","105","105","15.65622884024911"
"2","passive","14","0.14","20","20","0.05","0.25","2","160","0","106","106","22.766007110213046"
"3","passive","18","-0.22","20","20","0.05","0.25","2","160","0","106","106","15.653417398236654"
"7","passive","27","-0.22","20","20","0.05","0.25","2","160","0","129","129","15.616418204204027"
"2","passive","14","0.14","20","20","0.05","0.25","2","160","0","107","107","22.767706754702395"
"3","passive","18","-0.22","20","20","0.05","0.25","2","160","0","107","107","15.65074652832482"
"2","passive","14","0.14","20","20","0.05","0.25","2","160","0","108","108","22.769321416967276"
"2","passive","14","0.14","20","20","0.05","0.25","2","160","0","109","109","22.770855346118914"
"3","passive","18","-0.22","20","20","0.05","0.25","2","160","0","108","108","15.648209201908578"
"2","passive","14","0.14","20","20","0.05","0.25","2","160","0","110","110","22.77231257881297"
"3","passive","18","-0.22","20","20","0.05","0.25","2","160","0","109","109","15.645798741813149"
"2","passive","14","0.14","20","20","0.05","0.25","2","160","0","111","111","22.77369694987232"
"3","passive","18","-0.22","20","20","0.05","0.25","2","160","0","110","110","15.64350880472249"
"2","passive","14","0.14","20","20","0.05","0.25","2","160","0","112","112","22.775012102378707"
"3","passive","18","-0.22","20","20","0.05","0.25","2","160","0","111","111","15.641333364486366"
"2","passive","14","0.14","20","20","0.05","0.25","2","160","0","113","113","22.77626149725977"
"3","passive","18","-0.22","20","20","0.05","0.25","2","160","0","112","112","15.639266696262046"
"2","passive","14","0.14","20","20","0.05","0.25","2","160","0","114","114","22.777448422396784"
"3","passive","18","-0.22","20","20","0.05","0.25","2","160","0","113","113","15.637303361448943"
"3","passive","18","-0.22","20","20","0.05","0.25","2","160","0","114","114","15.635438193376496"
"2","passive","14","0.14","20","20","0.05","0.25","2","160","0","115","115","22.778576001276946"
"3","passive","18","-0.22","20","20","0.05","0.25","2","160","0","115","115","15.63366628370767"
"2","passive","14","0.14","20","20","0.05","0.25","2","160","0","116","116","22.7796472012131"
"3","passive","18","-0.22","20","20","0.05","0.25","2","160","0","116","116","15.631982969522287"
"2","passive","14","0.14","20","20","0.05","0.25","2","160","0","117","117","22.780664841152444"
"3","passive","18","-0.22","20","20","0.05","0.25","2","160","0","117","117","15.630383821046172"
"2","passive","14","0.14","20","20","0.05","0.25","2","160","0","118","118","22.781631599094823"
"3","passive","18","-0.22","20","20","0.05","0.25","2","160","0","118","118","15.628864629993862"
"2","passive","14","0.14","20","20","0.05","0.25","2","160","0","119","119","22.782550019140082"
"3","passive","18","-0.22","20","20","0.05","0.25","2","160","0","119","119","15.627421398494167"
"2","passive","14","0.14","20","20","0.05","0.25","2","160","0","120","120","22.78342251818308"
"3","passive","18","-0.22","20","20","0.05","0.25","2","160","0","120","120","15.626050328569459"
"2","passive","14","0.14","20","20","0.05","0.25","2","160","0","121","121","22.784251392273926"
"3","passive","18","-0.22","20","20","0.05","0.25","2","160","0","121","121","15.624747812140985"
"2","passive","14","0.14","20","20","0.05","0.25","2","160","0","122","122","22.78503882266023"
"3","passive","18","-0.22","20","20","0.05","0.25","2","160","0","122","122","15.623510421533934"
"2","passive","14","0.14","20","20","0.05","0.25","2","160","0","123","123","22.78578688152722"
"3","passive","18","-0.22","20","20","0.05","0.25","2","160","0","123","123","15.622334900457236"
"4","passive","18","0.14","20","20","0.05","0.25","2","160","0","59","59","22.421227328018656"
"3","passive","18","-0.22","20","20","0.05","0.25","2","160","0","124","124","15.621218155434374"
"2","passive","14","0.14","20","20","0.05","0.25","2","160","0","124","124","22.78649753745086"
"4","passive","18","0.14","20","20","0.05","0.25","2","160","0","60","60","22.440165961617723"
"3","passive","18","-0.22","20","20","0.05","0.25","2","160","0","125","125","15.620157247662654"
"2","passive","14","0.14","20","20","0.05","0.25","2","160","0","125","125","22.787172660578317"
"4","passive","18","0.14","20","20","0.05","0.25","2","160","0","61","61","22.458157663536838"
"2","passive","14","0.14","20","20","0.05","0.25","2","160","0","126","126","22.787814027549402"
"3","passive","18","-0.22","20","20","0.05","0.25","2","160","0","126","126","15.61914938527952"
"4","passive","18","0.14","20","20","0.05","0.25","2","160","0","62","62","22.475249780359995"
"2","passive","14","0.14","20","20","0.05","0.25","2","160","0","127","127","22.788423326171934"
"3","passive","18","-0.22","20","20","0.05","0.25","2","160","0","127","127","15.618191916015544"
"2","passive","14","0.14","20","20","0.05","0.25","2","160","0","128","128","22.789002159863337"
"4","passive","18","0.14","20","20","0.05","0.25","2","160","0","63","63","22.491487291341997"
"3","passive","18","-0.22","20","20","0.05","0.25","2","160","0","128","128","15.617282320214766"
"4","passive","18","0.14","20","20","0.05","0.25","2","160","0","64","64","22.5069129267749"
"2","passive","14","0.14","20","20","0.05","0.25","2","160","0","129","129","22.78955205187017"
"3","passive","18","-0.22","20","20","0.05","0.25","2","160","0","129","129","15.616418204204027"
"4","passive","18","0.14","20","20","0.05","0.25","2","160","0","65","65","22.521567280436155"
"2","passive","14","0.14","20","20","0.05","0.25","2","160","0","130","130","22.790074449276663"
"3","passive","18","-0.22","20","20","0.05","0.25","2","160","0","130","130","15.615597293993826"
"1","passive","14","-0.22","20","20","0.05","0.25","2","160","0","65","65","16.037537130743228"
"2","passive","14","0.14","20","20","0.05","0.25","2","160","0","131","131","22.79057072681283"
"4","passive","18","0.14","20","20","0.05","0.25","2","160","0","66","66","22.535488916414348"
"3","passive","18","-0.22","20","20","0.05","0.25","2","160","0","131","131","15.614817429294133"
"2","passive","14","0.14","20","20","0.05","0.25","2","160","0","132","132","22.79104219047219"
"3","passive","18","-0.22","20","20","0.05","0.25","2","160","0","132","132","15.614076557829426"
"1","passive","14","-0.22","20","20","0.05","0.25","2","160","0","66","66","16.015660274206066"
"4","passive","18","0.14","20","20","0.05","0.25","2","160","0","67","67","22.54871447059363"
"2","passive","14","0.14","20","20","0.05","0.25","2","160","0","133","133","22.79149008094858"
"3","passive","18","-0.22","20","20","0.05","0.25","2","160","0","133","133","15.613372729937954"
"4","passive","18","0.14","20","20","0.05","0.25","2","160","0","68","68","22.561278747063948"
"1","passive","14","-0.22","20","20","0.05","0.25","2","160","0","67","67","15.99487726049576"
"2","passive","14","0.14","20","20","0.05","0.25","2","160","0","134","134","22.791915576901154"
"3","passive","18","-0.22","20","20","0.05","0.25","2","160","0","134","134","15.612704093441055"
"4","passive","18","0.14","20","20","0.05","0.25","2","160","0","69","69","22.573214809710752"
"1","passive","14","-0.22","20","20","0.05","0.25","2","160","0","68","68","15.975133397470971"
"3","passive","18","-0.22","20","20","0.05","0.25","2","160","0","135","135","15.612068888769002"
"2","passive","14","0.14","20","20","0.05","0.25","2","160","0","135","135","22.7923197980561"
"4","passive","18","0.14","20","20","0.05","0.25","2","160","0","70","70","22.584554069225216"
"1","passive","14","-0.22","20","20","0.05","0.25","2","160","0","69","69","15.956376727597421"
"3","passive","18","-0.22","20","20","0.05","0.25","2","160","0","136","136","15.611465444330552"
"2","passive","14","0.14","20","20","0.05","0.25","2","160","0","136","136","22.792703808153295"
"4","passive","18","0.14","20","20","0.05","0.25","2","160","0","71","71","22.595326365763956"
"1","passive","14","-0.22","20","20","0.05","0.25","2","160","0","70","70","15.93855789121755"
"3","passive","18","-0.22","20","20","0.05","0.25","2","160","0","137","137","15.610892172114024"
"2","passive","14","0.14","20","20","0.05","0.25","2","160","0","137","137","22.793068617745632"
"3","passive","18","-0.22","20","20","0.05","0.25","2","160","0","138","138","15.610347563508322"
"4","passive","18","0.14","20","20","0.05","0.25","2","160","0","72","72","22.60556004747576"
"2","passive","14","0.14","20","20","0.05","0.25","2","160","0","138","138","22.79341518685835"
"1","passive","14","-0.22","20","20","0.05","0.25","2","160","0","71","71","15.921629996656671"
"3","passive","18","-0.22","20","20","0.05","0.25","2","160","0","139","139","15.609830185332905"
"4","passive","18","0.14","20","20","0.05","0.25","2","160","0","73","73","22.61528204510197"
"1","passive","14","-0.22","20","20","0.05","0.25","2","160","0","72","72","15.905548496823839"
"2","passive","14","0.14","20","20","0.05","0.25","2","160","0","139","139","22.793744427515435"
"3","passive","18","-0.22","20","20","0.05","0.25","2","160","0","140","140","15.60933867606626"
"4","passive","18","0.14","20","20","0.05","0.25","2","160","0","74","74","22.62451794284687"
"2","passive","14","0.14","20","20","0.05","0.25","2","160","0","140","140","22.794057206139662"
"3","passive","18","-0.22","20","20","0.05","0.25","2","160","0","141","141","15.608871742262947"
"1","passive","14","-0.22","20","20","0.05","0.25","2","160","0","73","73","15.890271071982648"
"4","passive","18","0.14","20","20","0.05","0.25","2","160","0","75","75","22.63329204570453"
"2","passive","14","0.14","20","20","0.05","0.25","2","160","0","141","141","22.79435434583268"
"3","passive","18","-0.22","20","20","0.05","0.25","2","160","0","142","142","15.608428155149799"
"1","passive","14","-0.22","20","20","0.05","0.25","2","160","0","74","74","15.875757518383514"
"3","passive","18","-0.22","20","20","0.05","0.25","2","160","0","143","143","15.608006747392308"
"2","passive","14","0.14","20","20","0.05","0.25","2","160","0","142","142","22.794636628541046"
"4","passive","18","0.14","20","20","0.05","0.25","2","160","0","76","76","22.641627443419303"
"1","passive","14","-0.22","20","20","0.05","0.25","2","160","0","75","75","15.861969642464336"
"3","passive","18","-0.22","20","20","0.05","0.25","2","160","0","144","144","15.607606410022692"
"2","passive","14","0.14","20","20","0.05","0.25","2","160","0","143","143","22.794904797113993"
"4","passive","18","0.14","20","20","0.05","0.25","2","160","0","77","77","22.649546071248338"
"1","passive","14","-0.22","20","20","0.05","0.25","2","160","0","76","76","15.848871160341117"
"3","passive","18","-0.22","20","20","0.05","0.25","2","160","0","145","145","15.607226089521557"
"2","passive","14","0.14","20","20","0.05","0.25","2","160","0","144","144","22.795159557258295"
"3","passive","18","-0.22","20","20","0.05","0.25","2","160","0","146","146","15.60686478504548"
"4","passive","18","0.14","20","20","0.05","0.25","2","160","0","78","78","22.65706876768592"
"2","passive","14","0.14","20","20","0.05","0.25","2","160","0","145","145","22.79540157939538"
"1","passive","14","-0.22","20","20","0.05","0.25","2","160","0","77","77","15.83642760232406"
"3","passive","18","-0.22","20","20","0.05","0.25","2","160","0","147","147","15.606521545793205"
"4","passive","18","0.14","20","20","0.05","0.25","2","160","0","79","79","22.664215329301626"
"2","passive","14","0.14","20","20","0.05","0.25","2","160","0","146","146","22.795631500425614"
"6","passive","23","0.14","20","20","0.05","0.25","2","160","0","77","77","22.649546071248338"
"3","passive","18","-0.22","20","20","0.05","0.25","2","160","0","148","148","15.606195468503545"
"1","passive","14","-0.22","20","20","0.05","0.25","2","160","0","78","78","15.824606222207857"
"2","passive","14","0.14","20","20","0.05","0.25","2","160","0","147","147","22.795849925404333"
"3","passive","18","-0.22","20","20","0.05","0.25","2","160","0","149","149","15.605885695078367"
"6","passive","23","0.14","20","20","0.05","0.25","2","160","0","78","78","22.65706876768592"
"4","passive","18","0.14","20","20","0.05","0.25","2","160","0","80","80","22.671004562836547"
"1","passive","14","-0.22","20","20","0.05","0.25","2","160","0","79","79","15.813375911097465"
"2","passive","14","0.14","20","20","0.05","0.25","2","160","0","148","148","22.796057429134116"
"3","passive","18","-0.22","20","20","0.05","0.25","2","160","0","150","150","15.605591410324449"
"1","passive","14","-0.22","20","20","0.05","0.25","2","160","0","80","80","15.80270711554259"
"4","passive","18","0.14","20","20","0.05","0.25","2","160","0","81","81","22.67745433469472"
"6","passive","23","0.14","20","20","0.05","0.25","2","160","0","79","79","22.664215329301626"
"3","passive","18","-0.22","20","20","0.05","0.25","2","160","0","151","151","15.605311839808225"
"2","passive","14","0.14","20","20","0.05","0.25","2","160","0","149","149","22.79625455767741"
"1","passive","14","-0.22","20","20","0.05","0.25","2","160","0","81","81","15.79257175976546"
"3","passive","18","-0.22","20","20","0.05","0.25","2","160","0","152","152","15.605046247817814"
"4","passive","18","0.14","20","20","0.05","0.25","2","160","0","82","82","22.683581617959984"
"6","passive","23","0.14","20","20","0.05","0.25","2","160","0","80","80","22.671004562836547"
"2","passive","14","0.14","20","20","0.05","0.25","2","160","0","150","150","22.79644182979354"
"1","passive","14","-0.22","20","20","0.05","0.25","2","160","0","82","82","15.782943171777186"
"3","passive","18","-0.22","20","20","0.05","0.25","2","160","0","153","153","15.604793935426923"
"2","passive","14","0.14","20","20","0.05","0.25","2","160","0","151","151","22.796619738303864"
"4","passive","18","0.14","20","20","0.05","0.25","2","160","0","83","83","22.689402537061984"
"6","passive","23","0.14","20","20","0.05","0.25","2","160","0","81","81","22.67745433469472"
"3","passive","18","-0.22","20","20","0.05","0.25","2","160","0","154","154","15.604554238655576"
"1","passive","14","-0.22","20","20","0.05","0.25","2","160","0","83","83","15.773796013188326"
"2","passive","14","0.14","20","20","0.05","0.25","2","160","0","152","152","22.79678875138867"
"6","passive","23","0.14","20","20","0.05","0.25","2","160","0","82","82","22.683581617959984"
"4","passive","18","0.14","20","20","0.05","0.25","2","160","0","84","84","22.694932410208885"
"2","passive","14","0.14","20","20","0.05","0.25","2","160","0","153","153","22.796949313819237"
"1","passive","14","-0.22","20","20","0.05","0.25","2","160","0","84","84","15.76510621252891"
"3","passive","18","-0.22","20","20","0.05","0.25","2","160","0","155","155","15.604326526722796"
"6","passive","23","0.14","20","20","0.05","0.25","2","160","0","83","83","22.689402537061984"
"2","passive","14","0.14","20","20","0.05","0.25","2","160","0","154","154","22.797101848128275"
"4","passive","18","0.14","20","20","0.05","0.25","2","160","0","85","85","22.70018578969844"
"1","passive","14","-0.22","20","20","0.05","0.25","2","160","0","85","85","15.756850901902464"
"3","passive","18","-0.22","20","20","0.05","0.25","2","160","0","156","156","15.604110200386655"
"6","passive","23","0.14","20","20","0.05","0.25","2","160","0","84","84","22.694932410208885"
"2","passive","14","0.14","20","20","0.05","0.25","2","160","0","155","155","22.79724675572186"
"4","passive","18","0.14","20","20","0.05","0.25","2","160","0","86","86","22.70517650021352"
"1","passive","14","-0.22","20","20","0.05","0.25","2","160","0","86","86","15.74900835680734"
"3","passive","18","-0.22","20","20","0.05","0.25","2","160","0","157","157","15.603904690367322"
"2","passive","14","0.14","20","20","0.05","0.25","2","160","0","156","156","22.79738441793577"
"4","passive","18","0.14","20","20","0.05","0.25","2","160","0","87","87","22.709917675202842"
"1","passive","14","-0.22","20","20","0.05","0.25","2","160","0","87","87","15.741557938966972"
"6","passive","23","0.14","20","20","0.05","0.25","2","160","0","85","85","22.70018578969844"
"3","passive","18","-0.22","20","20","0.05","0.25","2","160","0","158","158","15.603709455848955"
"2","passive","14","0.14","20","20","0.05","0.25","2","160","0","157","157","22.797515197038983"
"3","passive","18","-0.22","20","20","0.05","0.25","2","160","0","159","159","15.603523983056506"
"1","passive","14","-0.22","20","20","0.05","0.25","2","160","0","88","88","15.734480042018623"
"4","passive","18","0.14","20","20","0.05","0.25","2","160","0","88","88","22.7144217914427"
"6","passive","23","0.14","20","20","0.05","0.25","2","160","0","86","86","22.70517650021352"
"3","passive","18","-0.22","20","20","0.05","0.25","2","160","0","160","160","15.603347783903681"
"4","passive","18","0.14","20","20","0.05","0.25","2","160","0","89","89","22.718700701870564"
"1","passive","14","-0.22","20","20","0.05","0.25","2","160","0","89","89","15.727756039917692"
"6","passive","23","0.14","20","20","0.05","0.25","2","160","0","87","87","22.709917675202842"
"2","passive","14","0.14","20","20","0.05","0.25","2","160","0","158","158","22.797639437187033"
"4","passive","18","0.14","20","20","0.05","0.25","2","160","0","90","90","22.722765666777036"
"4","passive","18","0.14","20","20","0.05","0.25","2","160","0","91","91","22.726627383438185"
"2","passive","14","0.14","20","20","0.05","0.25","2","160","0","159","159","22.79775746532768"
"6","passive","23","0.14","20","20","0.05","0.25","2","160","0","88","88","22.7144217914427"
"1","passive","14","-0.22","20","20","0.05","0.25","2","160","0","90","90","15.721368237921807"
"4","passive","18","0.14","20","20","0.05","0.25","2","160","0","92","92","22.730296014266276"
"6","passive","23","0.14","20","20","0.05","0.25","2","160","0","89","89","22.718700701870564"
"2","passive","14","0.14","20","20","0.05","0.25","2","160","0","160","160","22.797869592061296"
"4","passive","18","0.14","20","20","0.05","0.25","2","160","0","93","93","22.733781213552962"
"1","passive","14","-0.22","20","20","0.05","0.25","2","160","0","91","91","15.715299826025715"
"6","passive","23","0.14","20","20","0.05","0.25","2","160","0","90","90","22.722765666777036"
"4","passive","18","0.14","20","20","0.05","0.25","2","160","0","94","94","22.737092152875316"
"1","passive","14","-0.22","20","20","0.05","0.25","2","160","0","92","92","15.70953483472443"
"6","passive","23","0.14","20","20","0.05","0.25","2","160","0","91","91","22.726627383438185"
"4","passive","18","0.14","20","20","0.05","0.25","2","160","0","95","95","22.74023754523155"
"1","passive","14","-0.22","20","20","0.05","0.25","2","160","0","93","93","15.704058092988207"
"6","passive","23","0.14","20","20","0.05","0.25","2","160","0","92","92","22.730296014266276"
"1","passive","14","-0.22","20","20","0.05","0.25","2","160","0","94","94","15.698855188338797"
"6","passive","23","0.14","20","20","0.05","0.25","2","160","0","93","93","22.733781213552962"
"6","passive","23","0.14","20","20","0.05","0.25","2","160","0","94","94","22.737092152875316"
"1","passive","14","-0.22","20","20","0.05","0.25","2","160","0","95","95","15.693912428921857"
"1","passive","14","-0.22","20","20","0.05","0.25","2","160","0","96","96","15.689216807475765"
"6","passive","23","0.14","20","20","0.05","0.25","2","160","0","95","95","22.74023754523155"
"1","passive","14","-0.22","20","20","0.05","0.25","2","160","0","97","97","15.684755967101976"
"5","passive","23","-0.22","20","20","0.05","0.25","2","160","0","101","101","15.669034264929351"
"6","passive","23","0.14","20","20","0.05","0.25","2","160","0","96","96","22.743225667969973"
"1","passive","14","-0.22","20","20","0.05","0.25","2","160","0","98","98","15.680518168746877"
"5","passive","23","-0.22","20","20","0.05","0.25","2","160","0","102","102","15.665582551682883"
"1","passive","14","-0.22","20","20","0.05","0.25","2","160","0","99","99","15.676492260309532"
"5","passive","23","-0.22","20","20","0.05","0.25","2","160","0","103","103","15.662303424098738"
"6","passive","23","0.14","20","20","0.05","0.25","2","160","0","97","97","22.746064384571476"
"1","passive","14","-0.22","20","20","0.05","0.25","2","160","0","100","100","15.672667647294055"
"6","passive","23","0.14","20","20","0.05","0.25","2","160","0","98","98","22.748761165342902"
"1","passive","14","-0.22","20","20","0.05","0.25","2","160","0","101","101","15.669034264929351"
"1","passive","14","-0.22","20","20","0.05","0.25","2","160","0","102","102","15.665582551682883"
"6","passive","23","0.14","20","20","0.05","0.25","2","160","0","99","99","22.75132310707576"
"6","passive","23","0.14","20","20","0.05","0.25","2","160","0","100","100","22.75375695172197"
"1","passive","14","-0.22","20","20","0.05","0.25","2","160","0","103","103","15.662303424098738"
"6","passive","23","0.14","20","20","0.05","0.25","2","160","0","101","101","22.756069104135875"
"1","passive","14","-0.22","20","20","0.05","0.25","2","160","0","104","104","15.6591882528938"
"6","passive","23","0.14","20","20","0.05","0.25","2","160","0","102","102","22.758265648929083"
"1","passive","14","-0.22","20","20","0.05","0.25","2","160","0","105","105","15.65622884024911"
"6","passive","23","0.14","20","20","0.05","0.25","2","160","0","103","103","22.76035236648263"
"1","passive","14","-0.22","20","20","0.05","0.25","2","160","0","106","106","15.653417398236654"
"6","passive","23","0.14","20","20","0.05","0.25","2","160","0","104","104","22.762334748158498"
"1","passive","14","-0.22","20","20","0.05","0.25","2","160","0","107","107","15.65074652832482"
"6","passive","23","0.14","20","20","0.05","0.25","2","160","0","105","105","22.764218010750575"
"1","passive","14","-0.22","20","20","0.05","0.25","2","160","0","108","108","15.648209201908578"
"6","passive","23","0.14","20","20","0.05","0.25","2","160","0","106","106","22.766007110213046"
"1","passive","14","-0.22","20","20","0.05","0.25","2","160","0","109","109","15.645798741813149"
"6","passive","23","0.14","20","20","0.05","0.25","2","160","0","107","107","22.767706754702395"
"1","passive","14","-0.22","20","20","0.05","0.25","2","160","0","110","110","15.64350880472249"
"6","passive","23","0.14","20","20","0.05","0.25","2","160","0","108","108","22.769321416967276"
"6","passive","23","0.14","20","20","0.05","0.25","2","160","0","109","109","22.770855346118914"
"1","passive","14","-0.22","20","20","0.05","0.25","2","160","0","111","111","15.641333364486366"
"6","passive","23","0.14","20","20","0.05","0.25","2","160","0","110","110","22.77231257881297"
"1","passive","14","-0.22","20","20","0.05","0.25","2","160","0","112","112","15.639266696262046"
"6","passive","23","0.14","20","20","0.05","0.25","2","160","0","111","111","22.77369694987232"
"8","passive","27","0.14","20","20","0.05","0.25","2","160","0","115","115","22.778576001276946"
"1","passive","14","-0.22","20","20","0.05","0.25","2","160","0","113","113","15.637303361448943"
"6","passive","23","0.14","20","20","0.05","0.25","2","160","0","112","112","22.775012102378707"
"8","passive","27","0.14","20","20","0.05","0.25","2","160","0","116","116","22.7796472012131"
"1","passive","14","-0.22","20","20","0.05","0.25","2","160","0","114","114","15.635438193376496"
"8","passive","27","0.14","20","20","0.05","0.25","2","160","0","117","117","22.780664841152444"
"6","passive","23","0.14","20","20","0.05","0.25","2","160","0","113","113","22.77626149725977"
"8","passive","27","0.14","20","20","0.05","0.25","2","160","0","118","118","22.781631599094823"
"6","passive","23","0.14","20","20","0.05","0.25","2","160","0","114","114","22.777448422396784"
"1","passive","14","-0.22","20","20","0.05","0.25","2","160","0","115","115","15.63366628370767"
"8","passive","27","0.14","20","20","0.05","0.25","2","160","0","119","119","22.782550019140082"
"1","passive","14","-0.22","20","20","0.05","0.25","2","160","0","116","116","15.631982969522287"
"8","passive","27","0.14","20","20","0.05","0.25","2","160","0","120","120","22.78342251818308"
"6","passive","23","0.14","20","20","0.05","0.25","2","160","0","115","115","22.778576001276946"
"1","passive","14","-0.22","20","20","0.05","0.25","2","160","0","117","117","15.630383821046172"
"8","passive","27","0.14","20","20","0.05","0.25","2","160","0","121","121","22.784251392273926"
"7","passive","27","-0.22","20","20","0.05","0.25","2","160","0","130","130","15.615597293993826"
"8","passive","27","0.14","20","20","0.05","0.25","2","160","0","122","122","22.78503882266023"
"6","passive","23","0.14","20","20","0.05","0.25","2","160","0","116","116","22.7796472012131"
"7","passive","27","-0.22","20","20","0.05","0.25","2","160","0","131","131","15.614817429294133"
"1","passive","14","-0.22","20","20","0.05","0.25","2","160","0","118","118","15.628864629993862"
"8","passive","27","0.14","20","20","0.05","0.25","2","160","0","123","123","22.78578688152722"
"7","passive","27","-0.22","20","20","0.05","0.25","2","160","0","132","132","15.614076557829426"
"8","passive","27","0.14","20","20","0.05","0.25","2","160","0","124","124","22.78649753745086"
"6","passive","23","0.14","20","20","0.05","0.25","2","160","0","117","117","22.780664841152444"
"1","passive","14","-0.22","20","20","0.05","0.25","2","160","0","119","119","15.627421398494167"
"7","passive","27","-0.22","20","20","0.05","0.25","2","160","0","133","133","15.613372729937954"
"6","passive","23","0.14","20","20","0.05","0.25","2","160","0","118","118","22.781631599094823"
"1","passive","14","-0.22","20","20","0.05","0.25","2","160","0","120","120","15.626050328569459"
"6","passive","23","0.14","20","20","0.05","0.25","2","160","0","119","119","22.782550019140082"
"8","passive","27","0.14","20","20","0.05","0.25","2","160","0","125","125","22.787172660578317"
"7","passive","27","-0.22","20","20","0.05","0.25","2","160","0","134","134","15.612704093441055"
"1","passive","14","-0.22","20","20","0.05","0.25","2","160","0","121","121","15.624747812140985"
"8","passive","27","0.14","20","20","0.05","0.25","2","160","0","126","126","22.787814027549402"
"6","passive","23","0.14","20","20","0.05","0.25","2","160","0","120","120","22.78342251818308"
"7","passive","27","-0.22","20","20","0.05","0.25","2","160","0","135","135","15.612068888769002"
"7","passive","27","-0.22","20","20","0.05","0.25","2","160","0","136","136","15.611465444330552"
"1","passive","14","-0.22","20","20","0.05","0.25","2","160","0","122","122","15.623510421533934"
"6","passive","23","0.14","20","20","0.05","0.25","2","160","0","121","121","22.784251392273926"
"8","passive","27","0.14","20","20","0.05","0.25","2","160","0","127","127","22.788423326171934"
"7","passive","27","-0.22","20","20","0.05","0.25","2","160","0","137","137","15.610892172114024"
"6","passive","23","0.14","20","20","0.05","0.25","2","160","0","122","122","22.78503882266023"
"1","passive","14","-0.22","20","20","0.05","0.25","2","160","0","123","123","15.622334900457236"
"7","passive","27","-0.22","20","20","0.05","0.25","2","160","0","138","138","15.610347563508322"
"8","passive","27","0.14","20","20","0.05","0.25","2","160","0","128","128","22.789002159863337"
"6","passive","23","0.14","20","20","0.05","0.25","2","160","0","123","123","22.78578688152722"
"1","passive","14","-0.22","20","20","0.05","0.25","2","160","0","124","124","15.621218155434374"
"6","passive","23","0.14","20","20","0.05","0.25","2","160","0","124","124","22.78649753745086"
"7","passive","27","-0.22","20","20","0.05","0.25","2","160","0","139","139","15.609830185332905"
"1","passive","14","-0.22","20","20","0.05","0.25","2","160","0","125","125","15.620157247662654"
"7","passive","27","-0.22","20","20","0.05","0.25","2","160","0","140","140","15.60933867606626"
"1","passive","14","-0.22","20","20","0.05","0.25","2","160","0","126","126","15.61914938527952"
"6","passive","23","0.14","20","20","0.05","0.25","2","160","0","125","125","22.787172660578317"
"7","passive","27","-0.22","20","20","0.05","0.25","2","160","0","141","141","15.608871742262947"
"1","passive","14","-0.22","20","20","0.05","0.25","2","160","0","127","127","15.618191916015544"
"6","passive","23","0.14","20","20","0.05","0.25","2","160","0","126","126","22.787814027549402"
"7","passive","27","-0.22","20","20","0.05","0.25","2","160","0","142","142","15.608428155149799"
"1","passive","14","-0.22","20","20","0.05","0.25","2","160","0","128","128","15.617282320214766"
"7","passive","27","-0.22","20","20","0.05","0.25","2","160","0","143","143","15.608006747392308"
"6","passive","23","0.14","20","20","0.05","0.25","2","160","0","127","127","22.788423326171934"
"7","passive","27","-0.22","20","20","0.05","0.25","2","160","0","144","144","15.607606410022692"
"1","passive","14","-0.22","20","20","0.05","0.25","2","160","0","129","129","15.616418204204027"
"7","passive","27","-0.22","20","20","0.05","0.25","2","160","0","145","145","15.607226089521557"
"1","passive","14","-0.22","20","20","0.05","0.25","2","160","0","130","130","15.615597293993826"
"6","passive","23","0.14","20","20","0.05","0.25","2","160","0","128","128","22.789002159863337"
"7","passive","27","-0.22","20","20","0.05","0.25","2","160","0","146","146","15.60686478504548"
"1","passive","14","-0.22","20","20","0.05","0.25","2","160","0","131","131","15.614817429294133"
"7","passive","27","-0.22","20","20","0.05","0.25","2","160","0","147","147","15.606521545793205"
"6","passive","23","0.14","20","20","0.05","0.25","2","160","0","129","129","22.78955205187017"
"1","passive","14","-0.22","20","20","0.05","0.25","2","160","0","132","132","15.614076557829426"
"6","passive","23","0.14","20","20","0.05","0.25","2","160","0","130","130","22.790074449276663"
"7","passive","27","-0.22","20","20","0.05","0.25","2","160","0","148","148","15.606195468503545"
"1","passive","14","-0.22","20","20","0.05","0.25","2","160","0","133","133","15.613372729937954"
"7","passive","27","-0.22","20","20","0.05","0.25","2","160","0","149","149","15.605885695078367"
"7","passive","27","-0.22","20","20","0.05","0.25","2","160","0","150","150","15.605591410324449"
"6","passive","23","0.14","20","20","0.05","0.25","2","160","0","131","131","22.79057072681283"
"1","passive","14","-0.22","20","20","0.05","0.25","2","160","0","134","134","15.612704093441055"
"7","passive","27","-0.22","20","20","0.05","0.25","2","160","0","151","151","15.605311839808225"
"6","passive","23","0.14","20","20","0.05","0.25","2","160","0","132","132","22.79104219047219"
"1","passive","14","-0.22","20","20","0.05","0.25","2","160","0","135","135","15.612068888769002"
"7","passive","27","-0.22","20","20","0.05","0.25","2","160","0","152","152","15.605046247817814"
"6","passive","23","0.14","20","20","0.05","0.25","2","160","0","133","133","22.79149008094858"
"7","passive","27","-0.22","20","20","0.05","0.25","2","160","0","153","153","15.604793935426923"
"1","passive","14","-0.22","20","20","0.05","0.25","2","160","0","136","136","15.611465444330552"
"6","passive","23","0.14","20","20","0.05","0.25","2","160","0","134","134","22.791915576901154"
"7","passive","27","-0.22","20","20","0.05","0.25","2","160","0","154","154","15.604554238655576"
"1","passive","14","-0.22","20","20","0.05","0.25","2","160","0","137","137","15.610892172114024"
"7","passive","27","-0.22","20","20","0.05","0.25","2","160","0","155","155","15.604326526722796"
"6","passive","23","0.14","20","20","0.05","0.25","2","160","0","135","135","22.7923197980561"
"1","passive","14","-0.22","20","20","0.05","0.25","2","160","0","138","138","15.610347563508322"
"7","passive","27","-0.22","20","20","0.05","0.25","2","160","0","156","156","15.604110200386655"
"6","passive","23","0.14","20","20","0.05","0.25","2","160","0","136","136","22.792703808153295"
"1","passive","14","-0.22","20","20","0.05","0.25","2","160","0","139","139","15.609830185332905"
"7","passive","27","-0.22","20","20","0.05","0.25","2","160","0","157","157","15.603904690367322"
"6","passive","23","0.14","20","20","0.05","0.25","2","160","0","137","137","22.793068617745632"
"1","passive","14","-0.22","20","20","0.05","0.25","2","160","0","140","140","15.60933867606626"
"7","passive","27","-0.22","20","20","0.05","0.25","2","160","0","158","158","15.603709455848955"
"6","passive","23","0.14","20","20","0.05","0.25","2","160","0","138","138","22.79341518685835"
"1","passive","14","-0.22","20","20","0.05","0.25","2","160","0","141","141","15.608871742262947"
"7","passive","27","-0.22","20","20","0.05","0.25","2","160","0","159","159","15.603523983056506"
"6","passive","23","0.14","20","20","0.05","0.25","2","160","0","139","139","22.793744427515435"
"1","passive","14","-0.22","20","20","0.05","0.25","2","160","0","142","142","15.608428155149799"
"6","passive","23","0.14","20","20","0.05","0.25","2","160","0","140","140","22.794057206139662"
"7","passive","27","-0.22","20","20","0.05","0.25","2","160","0","160","160","15.603347783903681"
"1","passive","14","-0.22","20","20","0.05","0.25","2","160","0","143","143","15.608006747392308"
"6","passive","23","0.14","20","20","0.05","0.25","2","160","0","141","141","22.79435434583268"
"1","passive","14","-0.22","20","20","0.05","0.25","2","160","0","144","144","15.607606410022692"
"6","passive","23","0.14","20","20","0.05","0.25","2","160","0","142","142","22.794636628541046"
"1","passive","14","-0.22","20","20","0.05","0.25","2","160","0","145","145","15.607226089521557"
"6","passive","23","0.14","20","20","0.05","0.25","2","160","0","143","143","22.794904797113993"
"1","passive","14","-0.22","20","20","0.05","0.25","2","160","0","146","146","15.60686478504548"
"6","passive","23","0.14","20","20","0.05","0.25","2","160","0","144","144","22.795159557258295"
"1","passive","14","-0.22","20","20","0.05","0.25","2","160","0","147","147","15.606521545793205"
"6","passive","23","0.14","20","20","0.05","0.25","2","160","0","145","145","22.79540157939538"
"1","passive","14","-0.22","20","20","0.05","0.25","2","160","0","148","148","15.606195468503545"
"6","passive","23","0.14","20","20","0.05","0.25","2","160","0","146","146","22.795631500425614"
"1","passive","14","-0.22","20","20","0.05","0.25","2","160","0","149","149","15.605885695078367"
"6","passive","23","0.14","20","20","0.05","0.25","2","160","0","147","147","22.795849925404333"
"1","passive","14","-0.22","20","20","0.05","0.25","2","160","0","150","150","15.605591410324449"
"6","passive","23","0.14","20","20","0.05","0.25","2","160","0","148","148","22.796057429134116"
"1","passive","14","-0.22","20","20","0.05","0.25","2","160","0","151","151","15.605311839808225"
"6","passive","23","0.14","20","20","0.05","0.25","2","160","0","149","149","22.79625455767741"
"1","passive","14","-0.22","20","20","0.05","0.25","2","160","0","152","152","15.605046247817814"
"1","passive","14","-0.22","20","20","0.05","0.25","2","160","0","153","153","15.604793935426923"
"6","passive","23","0.14","20","20","0.05","0.25","2","160","0","150","150","22.79644182979354"
"1","passive","14","-0.22","20","20","0.05","0.25","2","160","0","154","154","15.604554238655576"
"6","passive","23","0.14","20","20","0.05","0.25","2","160","0","151","151","22.796619738303864"
"1","passive","14","-0.22","20","20","0.05","0.25","2","160","0","155","155","15.604326526722796"
"6","passive","23","0.14","20","20","0.05","0.25","2","160","0","152","152","22.79678875138867"
"1","passive","14","-0.22","20","20","0.05","0.25","2","160","0","156","156","15.604110200386655"
"6","passive","23","0.14","20","20","0.05","0.25","2","160","0","153","153","22.796949313819237"
"1","passive","14","-0.22","20","20","0.05","0.25","2","160","0","157","157","15.603904690367322"
"6","passive","23","0.14","20","20","0.05","0.25","2","160","0","154","154","22.797101848128275"
"1","passive","14","-0.22","20","20","0.05","0.25","2","160","0","158","158","15.603709455848955"
"6","passive","23","0.14","20","20","0.05","0.25","2","160","0","155","155","22.79724675572186"
"1","passive","14","-0.22","20","20","0.05","0.25","2","160","0","159","159","15.603523983056506"
"6","passive","23","0.14","20","20","0.05","0.25","2","160","0","156","156","22.79738441793577"
"1","passive","14","-0.22","20","20","0.05","0.25","2","160","0","160","160","15.603347783903681"
"6","passive","23","0.14","20","20","0.05","0.25","2","160","0","157","157","22.797515197038983"
"6","passive","23","0.14","20","20","0.05","0.25","2","160","0","158","158","22.797639437187033"
"6","passive","23","0.14","20","20","0.05","0.25","2","160","0","159","159","22.79775746532768"
"6","passive","23","0.14","20","20","0.05","0.25","2","160","0","160","160","22.797869592061296"
"4","passive","18","0.14","20","20","0.05","0.25","2","160","0","96","96","22.743225667969973"
"4","passive","18","0.14","20","20","0.05","0.25","2","160","0","97","97","22.746064384571476"
"4","passive","18","0.14","20","20","0.05","0.25","2","160","0","98","98","22.748761165342902"
"4","passive","18","0.14","20","20","0.05","0.25","2","160","0","99","99","22.75132310707576"
"4","passive","18","0.14","20","20","0.05","0.25","2","160","0","100","100","22.75375695172197"
"4","passive","18","0.14","20","20","0.05","0.25","2","160","0","101","101","22.756069104135875"
"4","passive","18","0.14","20","20","0.05","0.25","2","160","0","102","102","22.758265648929083"
"4","passive","18","0.14","20","20","0.05","0.25","2","160","0","103","103","22.76035236648263"
"4","passive","18","0.14","20","20","0.05","0.25","2","160","0","104","104","22.762334748158498"
"4","passive","18","0.14","20","20","0.05","0.25","2","160","0","105","105","22.764218010750575"
"4","passive","18","0.14","20","20","0.05","0.25","2","160","0","106","106","22.766007110213046"
"4","passive","18","0.14","20","20","0.05","0.25","2","160","0","107","107","22.767706754702395"
"4","passive","18","0.14","20","20","0.05","0.25","2","160","0","108","108","22.769321416967276"
"5","passive","23","-0.22","20","20","0.05","0.25","2","160","0","104","104","15.6591882528938"
"4","passive","18","0.14","20","20","0.05","0.25","2","160","0","109","109","22.770855346118914"
"5","passive","23","-0.22","20","20","0.05","0.25","2","160","0","105","105","15.65622884024911"
"4","passive","18","0.14","20","20","0.05","0.25","2","160","0","110","110","22.77231257881297"
"5","passive","23","-0.22","20","20","0.05","0.25","2","160","0","106","106","15.653417398236654"
"4","passive","18","0.14","20","20","0.05","0.25","2","160","0","111","111","22.77369694987232"
"5","passive","23","-0.22","20","20","0.05","0.25","2","160","0","107","107","15.65074652832482"
"4","passive","18","0.14","20","20","0.05","0.25","2","160","0","112","112","22.775012102378707"
"5","passive","23","-0.22","20","20","0.05","0.25","2","160","0","108","108","15.648209201908578"
"4","passive","18","0.14","20","20","0.05","0.25","2","160","0","113","113","22.77626149725977"
"5","passive","23","-0.22","20","20","0.05","0.25","2","160","0","109","109","15.645798741813149"
"4","passive","18","0.14","20","20","0.05","0.25","2","160","0","114","114","22.777448422396784"
"5","passive","23","-0.22","20","20","0.05","0.25","2","160","0","110","110","15.64350880472249"
"4","passive","18","0.14","20","20","0.05","0.25","2","160","0","115","115","22.778576001276946"
"5","passive","23","-0.22","20","20","0.05","0.25","2","160","0","111","111","15.641333364486366"
"4","passive","18","0.14","20","20","0.05","0.25","2","160","0","116","116","22.7796472012131"
"5","passive","23","-0.22","20","20","0.05","0.25","2","160","0","112","112","15.639266696262046"
"4","passive","18","0.14","20","20","0.05","0.25","2","160","0","117","117","22.780664841152444"
"5","passive","23","-0.22","20","20","0.05","0.25","2","160","0","113","113","15.637303361448943"
"4","passive","18","0.14","20","20","0.05","0.25","2","160","0","118","118","22.781631599094823"
"5","passive","23","-0.22","20","20","0.05","0.25","2","160","0","114","114","15.635438193376496"
"4","passive","18","0.14","20","20","0.05","0.25","2","160","0","119","119","22.782550019140082"
"5","passive","23","-0.22","20","20","0.05","0.25","2","160","0","115","115","15.63366628370767"
"4","passive","18","0.14","20","20","0.05","0.25","2","160","0","120","120","22.78342251818308"
"5","passive","23","-0.22","20","20","0.05","0.25","2","160","0","116","116","15.631982969522287"
"4","passive","18","0.14","20","20","0.05","0.25","2","160","0","121","121","22.784251392273926"
"5","passive","23","-0.22","20","20","0.05","0.25","2","160","0","117","117","15.630383821046172"
"4","passive","18","0.14","20","20","0.05","0.25","2","160","0","122","122","22.78503882266023"
"5","passive","23","-0.22","20","20","0.05","0.25","2","160","0","118","118","15.628864629993862"
"4","passive","18","0.14","20","20","0.05","0.25","2","160","0","123","123","22.78578688152722"
"5","passive","23","-0.22","20","20","0.05","0.25","2","160","0","119","119","15.627421398494167"
"5","passive","23","-0.22","20","20","0.05","0.25","2","160","0","120","120","15.626050328569459"
"4","passive","18","0.14","20","20","0.05","0.25","2","160","0","124","124","22.78649753745086"
"4","passive","18","0.14","20","20","0.05","0.25","2","160","0","125","125","22.787172660578317"
"5","passive","23","-0.22","20","20","0.05","0.25","2","160","0","121","121","15.624747812140985"
"4","passive","18","0.14","20","20","0.05","0.25","2","160","0","126","126","22.787814027549402"
"5","passive","23","-0.22","20","20","0.05","0.25","2","160","0","122","122","15.623510421533934"
"5","passive","23","-0.22","20","20","0.05","0.25","2","160","0","123","123","15.622334900457236"
"4","passive","18","0.14","20","20","0.05","0.25","2","160","0","127","127","22.788423326171934"
"4","passive","18","0.14","20","20","0.05","0.25","2","160","0","128","128","22.789002159863337"
"5","passive","23","-0.22","20","20","0.05","0.25","2","160","0","124","124","15.621218155434374"
"5","passive","23","-0.22","20","20","0.05","0.25","2","160","0","125","125","15.620157247662654"
"4","passive","18","0.14","20","20","0.05","0.25","2","160","0","129","129","22.78955205187017"
"5","passive","23","-0.22","20","20","0.05","0.25","2","160","0","126","126","15.61914938527952"
"4","passive","18","0.14","20","20","0.05","0.25","2","160","0","130","130","22.790074449276663"
"5","passive","23","-0.22","20","20","0.05","0.25","2","160","0","127","127","15.618191916015544"
"4","passive","18","0.14","20","20","0.05","0.25","2","160","0","131","131","22.79057072681283"
"5","passive","23","-0.22","20","20","0.05","0.25","2","160","0","128","128","15.617282320214766"
"4","passive","18","0.14","20","20","0.05","0.25","2","160","0","132","132","22.79104219047219"
"5","passive","23","-0.22","20","20","0.05","0.25","2","160","0","129","129","15.616418204204027"
"4","passive","18","0.14","20","20","0.05","0.25","2","160","0","133","133","22.79149008094858"
"4","passive","18","0.14","20","20","0.05","0.25","2","160","0","134","134","22.791915576901154"
"5","passive","23","-0.22","20","20","0.05","0.25","2","160","0","130","130","15.615597293993826"
"4","passive","18","0.14","20","20","0.05","0.25","2","160","0","135","135","22.7923197980561"
"5","passive","23","-0.22","20","20","0.05","0.25","2","160","0","131","131","15.614817429294133"
"4","passive","18","0.14","20","20","0.05","0.25","2","160","0","136","136","22.792703808153295"
"4","passive","18","0.14","20","20","0.05","0.25","2","160","0","137","137","22.793068617745632"
"4","passive","18","0.14","20","20","0.05","0.25","2","160","0","138","138","22.79341518685835"
"4","passive","18","0.14","20","20","0.05","0.25","2","160","0","139","139","22.793744427515435"
"4","passive","18","0.14","20","20","0.05","0.25","2","160","0","140","140","22.794057206139662"
"4","passive","18","0.14","20","20","0.05","0.25","2","160","0","141","141","22.79435434583268"
"4","passive","18","0.14","20","20","0.05","0.25","2","160","0","142","142","22.794636628541046"
"4","passive","18","0.14","20","20","0.05","0.25","2","160","0","143","143","22.794904797113993"
"4","passive","18","0.14","20","20","0.05","0.25","2","160","0","144","144","22.795159557258295"
"4","passive","18","0.14","20","20","0.05","0.25","2","160","0","145","145","22.79540157939538"
"4","passive","18","0.14","20","20","0.05","0.25","2","160","0","146","146","22.795631500425614"
"4","passive","18","0.14","20","20","0.05","0.25","2","160","0","147","147","22.795849925404333"
"4","passive","18","0.14","20","20","0.05","0.25","2","160","0","148","148","22.796057429134116"
"4","passive","18","0.14","20","20","0.05","0.25","2","160","0","149","149","22.79625455767741"
"4","passive","18","0.14","20","20","0.05","0.25","2","160","0","150","150","22.79644182979354"
"4","passive","18","0.14","20","20","0.05","0.25","2","160","0","151","151","22.796619738303864"
"4","passive","18","0.14","20","20","0.05","0.25","2","160","0","152","152","22.79678875138867"
"4","passive","18","0.14","20","20","0.05","0.25","2","160","0","153","153","22.796949313819237"
"4","passive","18","0.14","20","20","0.05","0.25","2","160","0","154","154","22.797101848128275"
"4","passive","18","0.14","20","20","0.05","0.25","2","160","0","155","155","22.79724675572186"
"4","passive","18","0.14","20","20","0.05","0.25","2","160","0","156","156","22.79738441793577"
"4","passive","18","0.14","20","20","0.05","0.25","2","160","0","157","157","22.797515197038983"
"4","passive","18","0.14","20","20","0.05","0.25","2","160","0","158","158","22.797639437187033"
"4","passive","18","0.14","20","20","0.05","0.25","2","160","0","159","159","22.79775746532768"
"8","passive","27","0.14","20","20","0.05","0.25","2","160","0","129","129","22.78955205187017"
"4","passive","18","0.14","20","20","0.05","0.25","2","160","0","160","160","22.797869592061296"
"8","passive","27","0.14","20","20","0.05","0.25","2","160","0","130","130","22.790074449276663"
"8","passive","27","0.14","20","20","0.05","0.25","2","160","0","131","131","22.79057072681283"
"8","passive","27","0.14","20","20","0.05","0.25","2","160","0","132","132","22.79104219047219"
"8","passive","27","0.14","20","20","0.05","0.25","2","160","0","133","133","22.79149008094858"
"8","passive","27","0.14","20","20","0.05","0.25","2","160","0","134","134","22.791915576901154"
"8","passive","27","0.14","20","20","0.05","0.25","2","160","0","135","135","22.7923197980561"
"8","passive","27","0.14","20","20","0.05","0.25","2","160","0","136","136","22.792703808153295"
"8","passive","27","0.14","20","20","0.05","0.25","2","160","0","137","137","22.793068617745632"
"8","passive","27","0.14","20","20","0.05","0.25","2","160","0","138","138","22.79341518685835"
"8","passive","27","0.14","20","20","0.05","0.25","2","160","0","139","139","22.793744427515435"
"8","passive","27","0.14","20","20","0.05","0.25","2","160","0","140","140","22.794057206139662"
"8","passive","27","0.14","20","20","0.05","0.25","2","160","0","141","141","22.79435434583268"
"8","passive","27","0.14","20","20","0.05","0.25","2","160","0","142","142","22.794636628541046"
"8","passive","27","0.14","20","20","0.05","0.25","2","160","0","143","143","22.794904797113993"
"8","passive","27","0.14","20","20","0.05","0.25","2","160","0","144","144","22.795159557258295"
"8","passive","27","0.14","20","20","0.05","0.25","2","160","0","145","145","22.79540157939538"
"8","passive","27","0.14","20","20","0.05","0.25","2","160","0","146","146","22.795631500425614"
"8","passive","27","0.14","20","20","0.05","0.25","2","160","0","147","147","22.795849925404333"
"8","passive","27","0.14","20","20","0.05","0.25","2","160","0","148","148","22.796057429134116"
"8","passive","27","0.14","20","20","0.05","0.25","2","160","0","149","149","22.79625455767741"
"8","passive","27","0.14","20","20","0.05","0.25","2","160","0","150","150","22.79644182979354"
"8","passive","27","0.14","20","20","0.05","0.25","2","160","0","151","151","22.796619738303864"
"8","passive","27","0.14","20","20","0.05","0.25","2","160","0","152","152","22.79678875138867"
"8","passive","27","0.14","20","20","0.05","0.25","2","160","0","153","153","22.796949313819237"
"8","passive","27","0.14","20","20","0.05","0.25","2","160","0","154","154","22.797101848128275"
"8","passive","27","0.14","20","20","0.05","0.25","2","160","0","155","155","22.79724675572186"
"8","passive","27","0.14","20","20","0.05","0.25","2","160","0","156","156","22.79738441793577"
"8","passive","27","0.14","20","20","0.05","0.25","2","160","0","157","157","22.797515197038983"
"8","passive","27","0.14","20","20","0.05","0.25","2","160","0","158","158","22.797639437187033"
"8","passive","27","0.14","20","20","0.05","0.25","2","160","0","159","159","22.79775746532768"
"8","passive","27","0.14","20","20","0.05","0.25","2","160","0","160","160","22.797869592061296"
"5","passive","23","-0.22","20","20","0.05","0.25","2","160","0","132","132","15.614076557829426"
"5","passive","23","-0.22","20","20","0.05","0.25","2","160","0","133","133","15.613372729937954"
"5","passive","23","-0.22","20","20","0.05","0.25","2","160","0","134","134","15.612704093441055"
"5","passive","23","-0.22","20","20","0.05","0.25","2","160","0","135","135","15.612068888769002"
"5","passive","23","-0.22","20","20","0.05","0.25","2","160","0","136","136","15.611465444330552"
"5","passive","23","-0.22","20","20","0.05","0.25","2","160","0","137","137","15.610892172114024"
"5","passive","23","-0.22","20","20","0.05","0.25","2","160","0","138","138","15.610347563508322"
"5","passive","23","-0.22","20","20","0.05","0.25","2","160","0","139","139","15.609830185332905"
"5","passive","23","-0.22","20","20","0.05","0.25","2","160","0","140","140","15.60933867606626"
"5","passive","23","-0.22","20","20","0.05","0.25","2","160","0","141","141","15.608871742262947"
"5","passive","23","-0.22","20","20","0.05","0.25","2","160","0","142","142","15.608428155149799"
"5","passive","23","-0.22","20","20","0.05","0.25","2","160","0","143","143","15.608006747392308"
"5","passive","23","-0.22","20","20","0.05","0.25","2","160","0","144","144","15.607606410022692"
"5","passive","23","-0.22","20","20","0.05","0.25","2","160","0","145","145","15.607226089521557"
"5","passive","23","-0.22","20","20","0.05","0.25","2","160","0","146","146","15.60686478504548"
"5","passive","23","-0.22","20","20","0.05","0.25","2","160","0","147","147","15.606521545793205"
"5","passive","23","-0.22","20","20","0.05","0.25","2","160","0","148","148","15.606195468503545"
"5","passive","23","-0.22","20","20","0.05","0.25","2","160","0","149","149","15.605885695078367"
"5","passive","23","-0.22","20","20","0.05","0.25","2","160","0","150","150","15.605591410324449"
"5","passive","23","-0.22","20","20","0.05","0.25","2","160","0","151","151","15.605311839808225"
"5","passive","23","-0.22","20","20","0.05","0.25","2","160","0","152","152","15.605046247817814"
"5","passive","23","-0.22","20","20","0.05","0.25","2","160","0","153","153","15.604793935426923"
"5","passive","23","-0.22","20","20","0.05","0.25","2","160","0","154","154","15.604554238655576"
"5","passive","23","-0.22","20","20","0.05","0.25","2","160","0","155","155","15.604326526722796"
"5","passive","23","-0.22","20","20","0.05","0.25","2","160","0","156","156","15.604110200386655"
"5","passive","23","-0.22","20","20","0.05","0.25","2","160","0","157","157","15.603904690367322"
"5","passive","23","-0.22","20","20","0.05","0.25","2","160","0","158","158","15.603709455848955"
"5","passive","23","-0.22","20","20","0.05","0.25","2","160","0","159","159","15.603523983056506"
"5","passive","23","-0.22","20","20","0.05","0.25","2","160","0","160","160","15.603347783903681"
