"BehaviorSpace results (NetLogo 7.0.4)","Table version 2.0"
"/home/brian/code/collective-competence/goal-discovery/src/experiments/thermostat/thermostat.nlogox"
"p2v2-train-load-passive"
"08/29/2026 02:58:50:131 -0700"
"min-pxcor","max-pxcor","min-pycor","max-pycor"
"0","4","-20","80"
"[run number]","arm","setpoint","load-magnitude","initial-temperature","ambient-temperature","relaxation-rate","controller-gain","max-control","max-ticks","displacement-amount","[step]","ticks","temperature"
"5","passive","22.5","-0.24","20","20","0.05","0.25","2","160","0","0","0","20"
"8","passive","28.5","0.13","20","20","0.05","0.25","2","160","0","0","0","20"
"3","passive","17.5","-0.24","20","20","0.05","0.25","2","160","0","0","0","20"
"6","passive","22.5","0.13","20","20","0.05","0.25","2","160","0","0","0","20"
"7","passive","28.5","-0.24","20","20","0.05","0.25","2","160","0","0","0","20"
"2","passive","12.5","0.13","20","20","0.05","0.25","2","160","0","0","0","20"
"4","passive","17.5","0.13","20","20","0.05","0.25","2","160","0","0","0","20"
"1","passive","12.5","-0.24","20","20","0.05","0.25","2","160","0","0","0","20"
"6","passive","22.5","0.13","20","20","0.05","0.25","2","160","0","1","1","20.125"
"5","passive","22.5","-0.24","20","20","0.05","0.25","2","160","0","1","1","20.125"
"3","passive","17.5","-0.24","20","20","0.05","0.25","2","160","0","1","1","19.875"
"4","passive","17.5","0.13","20","20","0.05","0.25","2","160","0","1","1","19.875"
"2","passive","12.5","0.13","20","20","0.05","0.25","2","160","0","1","1","19.625"
"1","passive","12.5","-0.24","20","20","0.05","0.25","2","160","0","1","1","19.625"
"7","passive","28.5","-0.24","20","20","0.05","0.25","2","160","0","1","1","20.425"
"6","passive","22.5","0.13","20","20","0.05","0.25","2","160","0","2","2","20.24375"
"5","passive","22.5","-0.24","20","20","0.05","0.25","2","160","0","2","2","20.24375"
"2","passive","12.5","0.13","20","20","0.05","0.25","2","160","0","2","2","19.26875"
"1","passive","12.5","-0.24","20","20","0.05","0.25","2","160","0","2","2","19.26875"
"3","passive","17.5","-0.24","20","20","0.05","0.25","2","160","0","2","2","19.75625"
"7","passive","28.5","-0.24","20","20","0.05","0.25","2","160","0","2","2","20.82875"
"6","passive","22.5","0.13","20","20","0.05","0.25","2","160","0","3","3","20.3565625"
"5","passive","22.5","-0.24","20","20","0.05","0.25","2","160","0","3","3","20.3565625"
"2","passive","12.5","0.13","20","20","0.05","0.25","2","160","0","3","3","18.9303125"
"7","passive","28.5","-0.24","20","20","0.05","0.25","2","160","0","3","3","21.2123125"
"1","passive","12.5","-0.24","20","20","0.05","0.25","2","160","0","3","3","18.9303125"
"3","passive","17.5","-0.24","20","20","0.05","0.25","2","160","0","3","3","19.6434375"
"5","passive","22.5","-0.24","20","20","0.05","0.25","2","160","0","4","4","20.463734374999998"
"7","passive","28.5","-0.24","20","20","0.05","0.25","2","160","0","4","4","21.576696875"
"3","passive","17.5","-0.24","20","20","0.05","0.25","2","160","0","4","4","19.536265625000002"
"5","passive","22.5","-0.24","20","20","0.05","0.25","2","160","0","5","5","20.565547656249997"
"7","passive","28.5","-0.24","20","20","0.05","0.25","2","160","0","5","5","21.92286203125"
"3","passive","17.5","-0.24","20","20","0.05","0.25","2","160","0","5","5","19.434452343750003"
"5","passive","22.5","-0.24","20","20","0.05","0.25","2","160","0","6","6","20.662270273437496"
"7","passive","28.5","-0.24","20","20","0.05","0.25","2","160","0","6","6","22.2517189296875"
"3","passive","17.5","-0.24","20","20","0.05","0.25","2","160","0","6","6","19.337729726562504"
"5","passive","22.5","-0.24","20","20","0.05","0.25","2","160","0","7","7","20.75415675976562"
"7","passive","28.5","-0.24","20","20","0.05","0.25","2","160","0","7","7","22.564132983203123"
"3","passive","17.5","-0.24","20","20","0.05","0.25","2","160","0","7","7","19.24584324023438"
"5","passive","22.5","-0.24","20","20","0.05","0.25","2","160","0","8","8","20.84144892177734"
"7","passive","28.5","-0.24","20","20","0.05","0.25","2","160","0","8","8","22.86092633404297"
"3","passive","17.5","-0.24","20","20","0.05","0.25","2","160","0","8","8","19.15855107822266"
"7","passive","28.5","-0.24","20","20","0.05","0.25","2","160","0","9","9","23.14288001734082"
"5","passive","22.5","-0.24","20","20","0.05","0.25","2","160","0","9","9","20.924376475688472"
"3","passive","17.5","-0.24","20","20","0.05","0.25","2","160","0","9","9","19.075623524311528"
"7","passive","28.5","-0.24","20","20","0.05","0.25","2","160","0","10","10","23.410736016473777"
"5","passive","22.5","-0.24","20","20","0.05","0.25","2","160","0","10","10","21.003157651904047"
"7","passive","28.5","-0.24","20","20","0.05","0.25","2","160","0","11","11","23.665199215650087"
"5","passive","22.5","-0.24","20","20","0.05","0.25","2","160","0","11","11","21.077999769308846"
"7","passive","28.5","-0.24","20","20","0.05","0.25","2","160","0","12","12","23.906939254867584"
"5","passive","22.5","-0.24","20","20","0.05","0.25","2","160","0","12","12","21.149099780843404"
"5","passive","22.5","-0.24","20","20","0.05","0.25","2","160","0","13","13","21.216644791801233"
"5","passive","22.5","-0.24","20","20","0.05","0.25","2","160","0","14","14","21.28081255221117"
"5","passive","22.5","-0.24","20","20","0.05","0.25","2","160","0","15","15","21.34177192460061"
"5","passive","22.5","-0.24","20","20","0.05","0.25","2","160","0","16","16","21.399683328370582"
"5","passive","22.5","-0.24","20","20","0.05","0.25","2","160","0","17","17","21.454699161952053"
"5","passive","22.5","-0.24","20","20","0.05","0.25","2","160","0","18","18","21.50696420385445"
"5","passive","22.5","-0.24","20","20","0.05","0.25","2","160","0","19","19","21.55661599366173"
"5","passive","22.5","-0.24","20","20","0.05","0.25","2","160","0","20","20","21.603785193978645"
"5","passive","22.5","-0.24","20","20","0.05","0.25","2","160","0","21","21","21.408595934279713"
"5","passive","22.5","-0.24","20","20","0.05","0.25","2","160","0","22","22","21.22316613756573"
"8","passive","28.5","0.13","20","20","0.05","0.25","2","160","0","1","1","20.425"
"5","passive","22.5","-0.24","20","20","0.05","0.25","2","160","0","23","23","21.047007830687445"
"5","passive","22.5","-0.24","20","20","0.05","0.25","2","160","0","24","24","20.879657439153075"
"8","passive","28.5","0.13","20","20","0.05","0.25","2","160","0","2","2","20.82875"
"5","passive","22.5","-0.24","20","20","0.05","0.25","2","160","0","25","25","20.720674567195424"
"8","passive","28.5","0.13","20","20","0.05","0.25","2","160","0","3","3","21.2123125"
"5","passive","22.5","-0.24","20","20","0.05","0.25","2","160","0","26","26","20.569640838835653"
"4","passive","17.5","0.13","20","20","0.05","0.25","2","160","0","2","2","19.75625"
"4","passive","17.5","0.13","20","20","0.05","0.25","2","160","0","3","3","19.6434375"
"4","passive","17.5","0.13","20","20","0.05","0.25","2","160","0","4","4","19.536265625000002"
"4","passive","17.5","0.13","20","20","0.05","0.25","2","160","0","5","5","19.434452343750003"
"4","passive","17.5","0.13","20","20","0.05","0.25","2","160","0","6","6","19.337729726562504"
"4","passive","17.5","0.13","20","20","0.05","0.25","2","160","0","7","7","19.24584324023438"
"4","passive","17.5","0.13","20","20","0.05","0.25","2","160","0","8","8","19.15855107822266"
"4","passive","17.5","0.13","20","20","0.05","0.25","2","160","0","9","9","19.075623524311528"
"4","passive","17.5","0.13","20","20","0.05","0.25","2","160","0","10","10","18.996842348095953"
"4","passive","17.5","0.13","20","20","0.05","0.25","2","160","0","11","11","18.922000230691154"
"4","passive","17.5","0.13","20","20","0.05","0.25","2","160","0","12","12","18.850900219156596"
"4","passive","17.5","0.13","20","20","0.05","0.25","2","160","0","13","13","18.783355208198767"
"4","passive","17.5","0.13","20","20","0.05","0.25","2","160","0","14","14","18.71918744778883"
"4","passive","17.5","0.13","20","20","0.05","0.25","2","160","0","15","15","18.65822807539939"
"4","passive","17.5","0.13","20","20","0.05","0.25","2","160","0","16","16","18.600316671629418"
"4","passive","17.5","0.13","20","20","0.05","0.25","2","160","0","17","17","18.545300838047947"
"4","passive","17.5","0.13","20","20","0.05","0.25","2","160","0","18","18","18.49303579614555"
"4","passive","17.5","0.13","20","20","0.05","0.25","2","160","0","19","19","18.44338400633827"
"4","passive","17.5","0.13","20","20","0.05","0.25","2","160","0","20","20","18.396214806021355"
"4","passive","17.5","0.13","20","20","0.05","0.25","2","160","0","21","21","18.481404065720287"
"4","passive","17.5","0.13","20","20","0.05","0.25","2","160","0","22","22","18.562333862434272"
"6","passive","22.5","0.13","20","20","0.05","0.25","2","160","0","4","4","20.463734374999998"
"4","passive","17.5","0.13","20","20","0.05","0.25","2","160","0","23","23","18.63921716931256"
"6","passive","22.5","0.13","20","20","0.05","0.25","2","160","0","5","5","20.565547656249997"
"4","passive","17.5","0.13","20","20","0.05","0.25","2","160","0","24","24","18.71225631084693"
"6","passive","22.5","0.13","20","20","0.05","0.25","2","160","0","6","6","20.662270273437496"
"4","passive","17.5","0.13","20","20","0.05","0.25","2","160","0","25","25","18.781643495304582"
"2","passive","12.5","0.13","20","20","0.05","0.25","2","160","0","4","4","18.608796875"
"6","passive","22.5","0.13","20","20","0.05","0.25","2","160","0","7","7","20.75415675976562"
"4","passive","17.5","0.13","20","20","0.05","0.25","2","160","0","26","26","18.847561320539352"
"2","passive","12.5","0.13","20","20","0.05","0.25","2","160","0","5","5","18.30335703125"
"6","passive","22.5","0.13","20","20","0.05","0.25","2","160","0","8","8","20.84144892177734"
"4","passive","17.5","0.13","20","20","0.05","0.25","2","160","0","27","27","18.910183254512383"
"2","passive","12.5","0.13","20","20","0.05","0.25","2","160","0","6","6","18.013189179687497"
"4","passive","17.5","0.13","20","20","0.05","0.25","2","160","0","28","28","18.96967409178676"
"6","passive","22.5","0.13","20","20","0.05","0.25","2","160","0","9","9","20.924376475688472"
"1","passive","12.5","-0.24","20","20","0.05","0.25","2","160","0","4","4","18.608796875"
"2","passive","12.5","0.13","20","20","0.05","0.25","2","160","0","7","7","17.737529720703122"
"6","passive","22.5","0.13","20","20","0.05","0.25","2","160","0","10","10","21.003157651904047"
"1","passive","12.5","-0.24","20","20","0.05","0.25","2","160","0","5","5","18.30335703125"
"4","passive","17.5","0.13","20","20","0.05","0.25","2","160","0","29","29","19.02619038719742"
"2","passive","12.5","0.13","20","20","0.05","0.25","2","160","0","8","8","17.475653234667966"
"6","passive","22.5","0.13","20","20","0.05","0.25","2","160","0","11","11","21.077999769308846"
"1","passive","12.5","-0.24","20","20","0.05","0.25","2","160","0","6","6","18.013189179687497"
"6","passive","22.5","0.13","20","20","0.05","0.25","2","160","0","12","12","21.149099780843404"
"2","passive","12.5","0.13","20","20","0.05","0.25","2","160","0","9","9","17.22687057293457"
"4","passive","17.5","0.13","20","20","0.05","0.25","2","160","0","30","30","19.07988086783755"
"6","passive","22.5","0.13","20","20","0.05","0.25","2","160","0","13","13","21.216644791801233"
"1","passive","12.5","-0.24","20","20","0.05","0.25","2","160","0","7","7","17.737529720703122"
"2","passive","12.5","0.13","20","20","0.05","0.25","2","160","0","10","10","16.99052704428784"
"6","passive","22.5","0.13","20","20","0.05","0.25","2","160","0","14","14","21.28081255221117"
"1","passive","12.5","-0.24","20","20","0.05","0.25","2","160","0","8","8","17.475653234667966"
"4","passive","17.5","0.13","20","20","0.05","0.25","2","160","0","31","31","19.13088682444567"
"2","passive","12.5","0.13","20","20","0.05","0.25","2","160","0","11","11","16.766000692073447"
"6","passive","22.5","0.13","20","20","0.05","0.25","2","160","0","15","15","21.34177192460061"
"1","passive","12.5","-0.24","20","20","0.05","0.25","2","160","0","9","9","17.22687057293457"
"4","passive","17.5","0.13","20","20","0.05","0.25","2","160","0","32","32","19.179342483223387"
"6","passive","22.5","0.13","20","20","0.05","0.25","2","160","0","16","16","21.399683328370582"
"1","passive","12.5","-0.24","20","20","0.05","0.25","2","160","0","10","10","16.99052704428784"
"2","passive","12.5","0.13","20","20","0.05","0.25","2","160","0","12","12","16.552700657469774"
"1","passive","12.5","-0.24","20","20","0.05","0.25","2","160","0","11","11","16.766000692073447"
"4","passive","17.5","0.13","20","20","0.05","0.25","2","160","0","33","33","19.225375359062216"
"6","passive","22.5","0.13","20","20","0.05","0.25","2","160","0","17","17","21.454699161952053"
"4","passive","17.5","0.13","20","20","0.05","0.25","2","160","0","34","34","19.269106591109104"
"1","passive","12.5","-0.24","20","20","0.05","0.25","2","160","0","12","12","16.552700657469774"
"2","passive","12.5","0.13","20","20","0.05","0.25","2","160","0","13","13","16.350065624596287"
"6","passive","22.5","0.13","20","20","0.05","0.25","2","160","0","18","18","21.50696420385445"
"1","passive","12.5","-0.24","20","20","0.05","0.25","2","160","0","13","13","16.350065624596287"
"4","passive","17.5","0.13","20","20","0.05","0.25","2","160","0","35","35","19.310651261553648"
"6","passive","22.5","0.13","20","20","0.05","0.25","2","160","0","19","19","21.55661599366173"
"2","passive","12.5","0.13","20","20","0.05","0.25","2","160","0","14","14","16.15756234336647"
"1","passive","12.5","-0.24","20","20","0.05","0.25","2","160","0","14","14","16.15756234336647"
"4","passive","17.5","0.13","20","20","0.05","0.25","2","160","0","36","36","19.350118698475963"
"3","passive","17.5","-0.24","20","20","0.05","0.25","2","160","0","10","10","18.996842348095953"
"6","passive","22.5","0.13","20","20","0.05","0.25","2","160","0","20","20","21.603785193978645"
"2","passive","12.5","0.13","20","20","0.05","0.25","2","160","0","15","15","15.974684226198148"
"4","passive","17.5","0.13","20","20","0.05","0.25","2","160","0","37","37","19.387612763552163"
"1","passive","12.5","-0.24","20","20","0.05","0.25","2","160","0","15","15","15.974684226198148"
"2","passive","12.5","0.13","20","20","0.05","0.25","2","160","0","16","16","15.80095001488824"
"3","passive","17.5","-0.24","20","20","0.05","0.25","2","160","0","11","11","18.922000230691154"
"4","passive","17.5","0.13","20","20","0.05","0.25","2","160","0","38","38","19.423232125374554"
"7","passive","28.5","-0.24","20","20","0.05","0.25","2","160","0","13","13","24.136592292124206"
"6","passive","22.5","0.13","20","20","0.05","0.25","2","160","0","21","21","21.77859593427971"
"1","passive","12.5","-0.24","20","20","0.05","0.25","2","160","0","16","16","15.80095001488824"
"2","passive","12.5","0.13","20","20","0.05","0.25","2","160","0","17","17","15.635902514143828"
"3","passive","17.5","-0.24","20","20","0.05","0.25","2","160","0","12","12","18.850900219156596"
"7","passive","28.5","-0.24","20","20","0.05","0.25","2","160","0","14","14","24.354762677517996"
"6","passive","22.5","0.13","20","20","0.05","0.25","2","160","0","22","22","21.944666137565726"
"4","passive","17.5","0.13","20","20","0.05","0.25","2","160","0","39","39","19.457070519105827"
"6","passive","22.5","0.13","20","20","0.05","0.25","2","160","0","23","23","22.102432830687437"
"3","passive","17.5","-0.24","20","20","0.05","0.25","2","160","0","13","13","18.783355208198767"
"2","passive","12.5","0.13","20","20","0.05","0.25","2","160","0","18","18","15.479107388436637"
"7","passive","28.5","-0.24","20","20","0.05","0.25","2","160","0","15","15","24.562024543642096"
"1","passive","12.5","-0.24","20","20","0.05","0.25","2","160","0","17","17","15.635902514143828"
"6","passive","22.5","0.13","20","20","0.05","0.25","2","160","0","24","24","22.252311189153065"
"4","passive","17.5","0.13","20","20","0.05","0.25","2","160","0","40","40","19.489216993150535"
"3","passive","17.5","-0.24","20","20","0.05","0.25","2","160","0","14","14","18.71918744778883"
"7","passive","28.5","-0.24","20","20","0.05","0.25","2","160","0","16","16","24.758923316459992"
"1","passive","12.5","-0.24","20","20","0.05","0.25","2","160","0","18","18","15.479107388436637"
"6","passive","22.5","0.13","20","20","0.05","0.25","2","160","0","25","25","22.394695629695413"
"4","passive","17.5","0.13","20","20","0.05","0.25","2","160","0","41","41","19.51975614349301"
"2","passive","12.5","0.13","20","20","0.05","0.25","2","160","0","19","19","15.330152019014804"
"3","passive","17.5","-0.24","20","20","0.05","0.25","2","160","0","15","15","18.65822807539939"
"7","passive","28.5","-0.24","20","20","0.05","0.25","2","160","0","17","17","24.945977150636992"
"1","passive","12.5","-0.24","20","20","0.05","0.25","2","160","0","19","19","15.330152019014804"
"6","passive","22.5","0.13","20","20","0.05","0.25","2","160","0","26","26","22.529960848210642"
"4","passive","17.5","0.13","20","20","0.05","0.25","2","160","0","42","42","19.548768336318357"
"2","passive","12.5","0.13","20","20","0.05","0.25","2","160","0","20","20","15.188644418064063"
"7","passive","28.5","-0.24","20","20","0.05","0.25","2","160","0","18","18","25.123678293105144"
"6","passive","22.5","0.13","20","20","0.05","0.25","2","160","0","27","27","22.65846280580011"
"1","passive","12.5","-0.24","20","20","0.05","0.25","2","160","0","20","20","15.188644418064063"
"3","passive","17.5","-0.24","20","20","0.05","0.25","2","160","0","16","16","18.600316671629418"
"4","passive","17.5","0.13","20","20","0.05","0.25","2","160","0","43","43","19.576329919502438"
"7","passive","28.5","-0.24","20","20","0.05","0.25","2","160","0","19","19","25.292494378449888"
"6","passive","22.5","0.13","20","20","0.05","0.25","2","160","0","28","28","22.7805396655101"
"2","passive","12.5","0.13","20","20","0.05","0.25","2","160","0","21","21","15.18421219716086"
"1","passive","12.5","-0.24","20","20","0.05","0.25","2","160","0","21","21","14.81421219716086"
"6","passive","22.5","0.13","20","20","0.05","0.25","2","160","0","29","29","22.896512682234594"
"3","passive","17.5","-0.24","20","20","0.05","0.25","2","160","0","17","17","18.545300838047947"
"4","passive","17.5","0.13","20","20","0.05","0.25","2","160","0","44","44","19.602513423527316"
"2","passive","12.5","0.13","20","20","0.05","0.25","2","160","0","22","22","15.180001587302819"
"7","passive","28.5","-0.24","20","20","0.05","0.25","2","160","0","20","20","25.452869659527394"
"1","passive","12.5","-0.24","20","20","0.05","0.25","2","160","0","22","22","14.458501587302816"
"4","passive","17.5","0.13","20","20","0.05","0.25","2","160","0","45","45","19.62738775235095"
"6","passive","22.5","0.13","20","20","0.05","0.25","2","160","0","30","30","23.006687048122863"
"3","passive","17.5","-0.24","20","20","0.05","0.25","2","160","0","18","18","18.49303579614555"
"2","passive","12.5","0.13","20","20","0.05","0.25","2","160","0","23","23","15.176001507937679"
"7","passive","28.5","-0.24","20","20","0.05","0.25","2","160","0","21","21","25.365226176551026"
"6","passive","22.5","0.13","20","20","0.05","0.25","2","160","0","31","31","23.111352695716718"
"1","passive","12.5","-0.24","20","20","0.05","0.25","2","160","0","23","23","14.120576507937676"
"4","passive","17.5","0.13","20","20","0.05","0.25","2","160","0","46","46","19.6510183647334"
"3","passive","17.5","-0.24","20","20","0.05","0.25","2","160","0","19","19","18.44338400633827"
"7","passive","28.5","-0.24","20","20","0.05","0.25","2","160","0","22","22","25.281964867723477"
"6","passive","22.5","0.13","20","20","0.05","0.25","2","160","0","32","32","23.21078506093088"
"2","passive","12.5","0.13","20","20","0.05","0.25","2","160","0","24","24","15.172201432540795"
"1","passive","12.5","-0.24","20","20","0.05","0.25","2","160","0","24","24","13.799547682540792"
"7","passive","28.5","-0.24","20","20","0.05","0.25","2","160","0","23","23","25.202866624337304"
"3","passive","17.5","-0.24","20","20","0.05","0.25","2","160","0","20","20","18.396214806021355"
"6","passive","22.5","0.13","20","20","0.05","0.25","2","160","0","33","33","23.305245807884337"
"2","passive","12.5","0.13","20","20","0.05","0.25","2","160","0","25","25","15.168591360913757"
"4","passive","17.5","0.13","20","20","0.05","0.25","2","160","0","47","47","19.67346744649673"
"1","passive","12.5","-0.24","20","20","0.05","0.25","2","160","0","25","25","13.494570298413752"
"6","passive","22.5","0.13","20","20","0.05","0.25","2","160","0","34","34","23.394983517490118"
"2","passive","12.5","0.13","20","20","0.05","0.25","2","160","0","26","26","15.16516179286807"
"7","passive","28.5","-0.24","20","20","0.05","0.25","2","160","0","24","24","25.12772329312044"
"8","passive","28.5","0.13","20","20","0.05","0.25","2","160","0","4","4","21.576696875"
"3","passive","17.5","-0.24","20","20","0.05","0.25","2","160","0","21","21","18.11140406572029"
"5","passive","22.5","-0.24","20","20","0.05","0.25","2","160","0","27","27","20.426158796893873"
"4","passive","17.5","0.13","20","20","0.05","0.25","2","160","0","48","48","19.69479407417189"
"6","passive","22.5","0.13","20","20","0.05","0.25","2","160","0","35","35","23.48023434161561"
"1","passive","12.5","-0.24","20","20","0.05","0.25","2","160","0","26","26","13.204841783493064"
"2","passive","12.5","0.13","20","20","0.05","0.25","2","160","0","27","27","15.161903703224667"
"3","passive","17.5","-0.24","20","20","0.05","0.25","2","160","0","22","22","17.840833862434277"
"7","passive","28.5","-0.24","20","20","0.05","0.25","2","160","0","25","25","25.05633712846442"
"5","passive","22.5","-0.24","20","20","0.05","0.25","2","160","0","28","28","20.28985085704918"
"8","passive","28.5","0.13","20","20","0.05","0.25","2","160","0","5","5","21.92286203125"
"1","passive","12.5","-0.24","20","20","0.05","0.25","2","160","0","27","27","12.92959969431841"
"6","passive","22.5","0.13","20","20","0.05","0.25","2","160","0","36","36","23.561222624534828"
"4","passive","17.5","0.13","20","20","0.05","0.25","2","160","0","49","49","19.715054370463296"
"2","passive","12.5","0.13","20","20","0.05","0.25","2","160","0","28","28","15.158808518063434"
"3","passive","17.5","-0.24","20","20","0.05","0.25","2","160","0","23","23","17.583792169312563"
"8","passive","28.5","0.13","20","20","0.05","0.25","2","160","0","6","6","22.2517189296875"
"7","passive","28.5","-0.24","20","20","0.05","0.25","2","160","0","26","26","24.9885202720412"
"1","passive","12.5","-0.24","20","20","0.05","0.25","2","160","0","28","28","12.66811970960249"
"6","passive","22.5","0.13","20","20","0.05","0.25","2","160","0","37","37","23.638161493308086"
"4","passive","17.5","0.13","20","20","0.05","0.25","2","160","0","50","50","19.73430165194013"
"5","passive","22.5","-0.24","20","20","0.05","0.25","2","160","0","29","29","20.160358314196724"
"3","passive","17.5","-0.24","20","20","0.05","0.25","2","160","0","24","24","17.339602560846938"
"8","passive","28.5","0.13","20","20","0.05","0.25","2","160","0","7","7","22.564132983203123"
"2","passive","12.5","0.13","20","20","0.05","0.25","2","160","0","29","29","15.155868092160263"
"6","passive","22.5","0.13","20","20","0.05","0.25","2","160","0","38","38","23.71125341864268"
"3","passive","17.5","-0.24","20","20","0.05","0.25","2","160","0","25","25","17.107622432804593"
"1","passive","12.5","-0.24","20","20","0.05","0.25","2","160","0","29","29","12.419713724122365"
"7","passive","28.5","-0.24","20","20","0.05","0.25","2","160","0","27","27","24.92409425843914"
"8","passive","28.5","0.13","20","20","0.05","0.25","2","160","0","8","8","22.86092633404297"
"4","passive","17.5","0.13","20","20","0.05","0.25","2","160","0","51","51","19.752586569343123"
"5","passive","22.5","-0.24","20","20","0.05","0.25","2","160","0","30","30","20.03734039848689"
"2","passive","12.5","0.13","20","20","0.05","0.25","2","160","0","30","30","15.153074687552252"
"1","passive","12.5","-0.24","20","20","0.05","0.25","2","160","0","30","30","12.183728037916246"
"6","passive","22.5","0.13","20","20","0.05","0.25","2","160","0","39","39","23.780690747710544"
"8","passive","28.5","0.13","20","20","0.05","0.25","2","160","0","9","9","23.14288001734082"
"7","passive","28.5","-0.24","20","20","0.05","0.25","2","160","0","28","28","24.862889545517184"
"6","passive","22.5","0.13","20","20","0.05","0.25","2","160","0","40","40","23.846656210325015"
"4","passive","17.5","0.13","20","20","0.05","0.25","2","160","0","52","52","19.769957240875964"
"3","passive","17.5","-0.24","20","20","0.05","0.25","2","160","0","26","26","16.887241311164367"
"1","passive","12.5","-0.24","20","20","0.05","0.25","2","160","0","31","31","11.959541636020434"
"5","passive","22.5","-0.24","20","20","0.05","0.25","2","160","0","31","31","19.920473378562548"
"2","passive","12.5","0.13","20","20","0.05","0.25","2","160","0","31","31","15.15042095317464"
"8","passive","28.5","0.13","20","20","0.05","0.25","2","160","0","10","10","23.410736016473777"
"7","passive","28.5","-0.24","20","20","0.05","0.25","2","160","0","29","29","24.804745068241328"
"6","passive","22.5","0.13","20","20","0.05","0.25","2","160","0","41","41","23.909323399808763"
"4","passive","17.5","0.13","20","20","0.05","0.25","2","160","0","53","53","19.786459378832166"
"2","passive","12.5","0.13","20","20","0.05","0.25","2","160","0","32","32","15.147899905515908"
"3","passive","17.5","-0.24","20","20","0.05","0.25","2","160","0","27","27","16.67787924560615"
"7","passive","28.5","-0.24","20","20","0.05","0.25","2","160","0","30","30","24.74950781482926"
"6","passive","22.5","0.13","20","20","0.05","0.25","2","160","0","42","42","23.968857229818322"
"8","passive","28.5","0.13","20","20","0.05","0.25","2","160","0","11","11","23.665199215650087"
"1","passive","12.5","-0.24","20","20","0.05","0.25","2","160","0","32","32","11.746564554219413"
"5","passive","22.5","-0.24","20","20","0.05","0.25","2","160","0","32","32","19.80944970963442"
"4","passive","17.5","0.13","20","20","0.05","0.25","2","160","0","54","54","19.802136409890558"
"3","passive","17.5","-0.24","20","20","0.05","0.25","2","160","0","28","28","16.478985283325844"
"7","passive","28.5","-0.24","20","20","0.05","0.25","2","160","0","31","31","24.6970324240878"
"1","passive","12.5","-0.24","20","20","0.05","0.25","2","160","0","33","33","11.544236326508441"
"6","passive","22.5","0.13","20","20","0.05","0.25","2","160","0","43","43","24.025414368327404"
"2","passive","12.5","0.13","20","20","0.05","0.25","2","160","0","33","33","15.145504910240113"
"5","passive","22.5","-0.24","20","20","0.05","0.25","2","160","0","33","33","19.703977224152702"
"4","passive","17.5","0.13","20","20","0.05","0.25","2","160","0","55","55","19.81702958939603"
"8","passive","28.5","0.13","20","20","0.05","0.25","2","160","0","12","12","23.906939254867584"
"7","passive","28.5","-0.24","20","20","0.05","0.25","2","160","0","32","32","24.647180802883412"
"3","passive","17.5","-0.24","20","20","0.05","0.25","2","160","0","29","29","16.290036019159555"
"5","passive","22.5","-0.24","20","20","0.05","0.25","2","160","0","34","34","19.603778362945068"
"4","passive","17.5","0.13","20","20","0.05","0.25","2","160","0","56","56","19.831178109926228"
"6","passive","22.5","0.13","20","20","0.05","0.25","2","160","0","44","44","24.079143649911032"
"2","passive","12.5","0.13","20","20","0.05","0.25","2","160","0","34","34","15.143229664728109"
"1","passive","12.5","-0.24","20","20","0.05","0.25","2","160","0","34","34","11.35202451018302"
"7","passive","28.5","-0.24","20","20","0.05","0.25","2","160","0","33","33","24.599821762739243"
"5","passive","22.5","-0.24","20","20","0.05","0.25","2","160","0","35","35","19.508589444797817"
"8","passive","28.5","0.13","20","20","0.05","0.25","2","160","0","13","13","24.136592292124206"
"4","passive","17.5","0.13","20","20","0.05","0.25","2","160","0","57","57","19.844619204429915"
"6","passive","22.5","0.13","20","20","0.05","0.25","2","160","0","45","45","24.13018646741548"
"3","passive","17.5","-0.24","20","20","0.05","0.25","2","160","0","30","30","16.11053421820158"
"2","passive","12.5","0.13","20","20","0.05","0.25","2","160","0","35","35","15.141068181491704"
"4","passive","17.5","0.13","20","20","0.05","0.25","2","160","0","58","58","19.85738824420842"
"8","passive","28.5","0.13","20","20","0.05","0.25","2","160","0","14","14","24.354762677517996"
"7","passive","28.5","-0.24","20","20","0.05","0.25","2","160","0","34","34","24.554830674602282"
"5","passive","22.5","-0.24","20","20","0.05","0.25","2","160","0","36","36","19.418159972557927"
"3","passive","17.5","-0.24","20","20","0.05","0.25","2","160","0","31","31","15.940007507291499"
"6","passive","22.5","0.13","20","20","0.05","0.25","2","160","0","46","46","24.178677144044705"
"2","passive","12.5","0.13","20","20","0.05","0.25","2","160","0","36","36","15.13901477241712"
"8","passive","28.5","0.13","20","20","0.05","0.25","2","160","0","15","15","24.562024543642096"
"7","passive","28.5","-0.24","20","20","0.05","0.25","2","160","0","35","35","24.51208914087217"
"6","passive","22.5","0.13","20","20","0.05","0.25","2","160","0","47","47","24.224743286842468"
"3","passive","17.5","-0.24","20","20","0.05","0.25","2","160","0","32","32","15.778007131926925"
"5","passive","22.5","-0.24","20","20","0.05","0.25","2","160","0","37","37","19.33225197393003"
"2","passive","12.5","0.13","20","20","0.05","0.25","2","160","0","37","37","15.137064033796264"
"8","passive","28.5","0.13","20","20","0.05","0.25","2","160","0","16","16","24.758923316459992"
"6","passive","22.5","0.13","20","20","0.05","0.25","2","160","0","48","48","24.268506122500344"
"3","passive","17.5","-0.24","20","20","0.05","0.25","2","160","0","33","33","15.624106775330578"
"7","passive","28.5","-0.24","20","20","0.05","0.25","2","160","0","36","36","24.471484683828564"
"5","passive","22.5","-0.24","20","20","0.05","0.25","2","160","0","38","38","19.250639375233533"
"6","passive","22.5","0.13","20","20","0.05","0.25","2","160","0","49","49","24.310080816375326"
"8","passive","28.5","0.13","20","20","0.05","0.25","2","160","0","17","17","24.945977150636992"
"7","passive","28.5","-0.24","20","20","0.05","0.25","2","160","0","37","37","24.432910449637138"
"3","passive","17.5","-0.24","20","20","0.05","0.25","2","160","0","34","34","15.477901436564048"
"5","passive","22.5","-0.24","20","20","0.05","0.25","2","160","0","39","39","19.173107406471857"
"8","passive","28.5","0.13","20","20","0.05","0.25","2","160","0","18","18","25.123678293105144"
"7","passive","28.5","-0.24","20","20","0.05","0.25","2","160","0","38","38","24.396264927155283"
"3","passive","17.5","-0.24","20","20","0.05","0.25","2","160","0","35","35","15.339006364735846"
"5","passive","22.5","-0.24","20","20","0.05","0.25","2","160","0","40","40","19.099452036148264"
"8","passive","28.5","0.13","20","20","0.05","0.25","2","160","0","19","19","25.292494378449888"
"3","passive","17.5","-0.24","20","20","0.05","0.25","2","160","0","36","36","15.207056046499053"
"8","passive","28.5","0.13","20","20","0.05","0.25","2","160","0","20","20","25.452869659527394"
"5","passive","22.5","-0.24","20","20","0.05","0.25","2","160","0","41","41","19.029479434340853"
"7","passive","28.5","-0.24","20","20","0.05","0.25","2","160","0","39","39","24.36145168079752"
"3","passive","17.5","-0.24","20","20","0.05","0.25","2","160","0","37","37","15.0817032441741"
"7","passive","28.5","-0.24","20","20","0.05","0.25","2","160","0","40","40","24.328379096757644"
"5","passive","22.5","-0.24","20","20","0.05","0.25","2","160","0","42","42","18.963005462623812"
"3","passive","17.5","-0.24","20","20","0.05","0.25","2","160","0","38","38","14.962618081965395"
"8","passive","28.5","0.13","20","20","0.05","0.25","2","160","0","21","21","25.735226176551024"
"7","passive","28.5","-0.24","20","20","0.05","0.25","2","160","0","41","41","24.29696014191976"
"3","passive","17.5","-0.24","20","20","0.05","0.25","2","160","0","39","39","14.849487177867125"
"8","passive","28.5","0.13","20","20","0.05","0.25","2","160","0","22","22","26.003464867723473"
"3","passive","17.5","-0.24","20","20","0.05","0.25","2","160","0","40","40","14.74201281897377"
"7","passive","28.5","-0.24","20","20","0.05","0.25","2","160","0","42","42","24.267112134823776"
"8","passive","28.5","0.13","20","20","0.05","0.25","2","160","0","23","23","26.2582916243373"
"7","passive","28.5","-0.24","20","20","0.05","0.25","2","160","0","43","43","24.23875652808259"
"7","passive","28.5","-0.24","20","20","0.05","0.25","2","160","0","44","44","24.21181870167846"
"8","passive","28.5","0.13","20","20","0.05","0.25","2","160","0","24","24","26.500377043120434"
"8","passive","28.5","0.13","20","20","0.05","0.25","2","160","0","25","25","26.73035819096441"
"7","passive","28.5","-0.24","20","20","0.05","0.25","2","160","0","45","45","24.186227766594538"
"8","passive","28.5","0.13","20","20","0.05","0.25","2","160","0","26","26","26.94884028141619"
"7","passive","28.5","-0.24","20","20","0.05","0.25","2","160","0","46","46","24.161916378264813"
"8","passive","28.5","0.13","20","20","0.05","0.25","2","160","0","27","27","27.156398267345377"
"7","passive","28.5","-0.24","20","20","0.05","0.25","2","160","0","47","47","24.138820559351576"
"8","passive","28.5","0.13","20","20","0.05","0.25","2","160","0","28","28","27.353578353978108"
"7","passive","28.5","-0.24","20","20","0.05","0.25","2","160","0","48","48","24.116879531383997"
"8","passive","28.5","0.13","20","20","0.05","0.25","2","160","0","29","29","27.5408994362792"
"7","passive","28.5","-0.24","20","20","0.05","0.25","2","160","0","49","49","24.096035554814797"
"8","passive","28.5","0.13","20","20","0.05","0.25","2","160","0","30","30","27.718854464465238"
"7","passive","28.5","-0.24","20","20","0.05","0.25","2","160","0","50","50","24.07623377707406"
"8","passive","28.5","0.13","20","20","0.05","0.25","2","160","0","31","31","27.887911741241975"
"7","passive","28.5","-0.24","20","20","0.05","0.25","2","160","0","51","51","24.057422088220356"
"8","passive","28.5","0.13","20","20","0.05","0.25","2","160","0","32","32","28.048516154179875"
"7","passive","28.5","-0.24","20","20","0.05","0.25","2","160","0","52","52","24.039550983809338"
"8","passive","28.5","0.13","20","20","0.05","0.25","2","160","0","33","33","28.20109034647088"
"7","passive","28.5","-0.24","20","20","0.05","0.25","2","160","0","53","53","24.022573434618874"
"8","passive","28.5","0.13","20","20","0.05","0.25","2","160","0","34","34","28.346035829147336"
"7","passive","28.5","-0.24","20","20","0.05","0.25","2","160","0","54","54","24.00644476288793"
"8","passive","28.5","0.13","20","20","0.05","0.25","2","160","0","35","35","28.483734037689967"
"7","passive","28.5","-0.24","20","20","0.05","0.25","2","160","0","55","55","23.991122524743535"
"8","passive","28.5","0.13","20","20","0.05","0.25","2","160","0","36","36","28.61454733580547"
"7","passive","28.5","-0.24","20","20","0.05","0.25","2","160","0","56","56","23.97656639850636"
"7","passive","28.5","-0.24","20","20","0.05","0.25","2","160","0","57","57","23.962738078581044"
"7","passive","28.5","-0.24","20","20","0.05","0.25","2","160","0","58","58","23.949601174651992"
"7","passive","28.5","-0.24","20","20","0.05","0.25","2","160","0","59","59","23.937121115919393"
"7","passive","28.5","-0.24","20","20","0.05","0.25","2","160","0","60","60","23.925265060123426"
"7","passive","28.5","-0.24","20","20","0.05","0.25","2","160","0","61","61","23.914001807117256"
"7","passive","28.5","-0.24","20","20","0.05","0.25","2","160","0","62","62","23.903301716761394"
"7","passive","28.5","-0.24","20","20","0.05","0.25","2","160","0","63","63","23.893136630923326"
"7","passive","28.5","-0.24","20","20","0.05","0.25","2","160","0","64","64","23.883479799377163"
"7","passive","28.5","-0.24","20","20","0.05","0.25","2","160","0","65","65","23.874305809408305"
"7","passive","28.5","-0.24","20","20","0.05","0.25","2","160","0","66","66","23.865590518937893"
"7","passive","28.5","-0.24","20","20","0.05","0.25","2","160","0","67","67","23.857310992991"
"7","passive","28.5","-0.24","20","20","0.05","0.25","2","160","0","68","68","23.849445443341452"
"7","passive","28.5","-0.24","20","20","0.05","0.25","2","160","0","69","69","23.84197317117438"
"7","passive","28.5","-0.24","20","20","0.05","0.25","2","160","0","70","70","23.834874512615663"
"7","passive","28.5","-0.24","20","20","0.05","0.25","2","160","0","71","71","23.828130786984882"
"7","passive","28.5","-0.24","20","20","0.05","0.25","2","160","0","72","72","23.82172424763564"
"7","passive","28.5","-0.24","20","20","0.05","0.25","2","160","0","73","73","23.81563803525386"
"7","passive","28.5","-0.24","20","20","0.05","0.25","2","160","0","74","74","23.809856133491166"
"7","passive","28.5","-0.24","20","20","0.05","0.25","2","160","0","75","75","23.80436332681661"
"7","passive","28.5","-0.24","20","20","0.05","0.25","2","160","0","76","76","23.79914516047578"
"7","passive","28.5","-0.24","20","20","0.05","0.25","2","160","0","77","77","23.794187902451995"
"7","passive","28.5","-0.24","20","20","0.05","0.25","2","160","0","78","78","23.789478507329395"
"7","passive","28.5","-0.24","20","20","0.05","0.25","2","160","0","79","79","23.785004581962927"
"7","passive","28.5","-0.24","20","20","0.05","0.25","2","160","0","80","80","23.780754352864783"
"7","passive","28.5","-0.24","20","20","0.05","0.25","2","160","0","81","81","23.776716635221543"
"7","passive","28.5","-0.24","20","20","0.05","0.25","2","160","0","82","82","23.772880803460467"
"7","passive","28.5","-0.24","20","20","0.05","0.25","2","160","0","83","83","23.769236763287445"
"7","passive","28.5","-0.24","20","20","0.05","0.25","2","160","0","84","84","23.765774925123075"
"7","passive","28.5","-0.24","20","20","0.05","0.25","2","160","0","85","85","23.762486178866922"
"7","passive","28.5","-0.24","20","20","0.05","0.25","2","160","0","86","86","23.759361869923577"
"1","passive","12.5","-0.24","20","20","0.05","0.25","2","160","0","35","35","11.169423284673869"
"1","passive","12.5","-0.24","20","20","0.05","0.25","2","160","0","36","36","10.995952120440174"
"4","passive","17.5","0.13","20","20","0.05","0.25","2","160","0","59","59","19.869518831997997"
"1","passive","12.5","-0.24","20","20","0.05","0.25","2","160","0","37","37","10.831154514418165"
"4","passive","17.5","0.13","20","20","0.05","0.25","2","160","0","60","60","19.881042890398096"
"1","passive","12.5","-0.24","20","20","0.05","0.25","2","160","0","38","38","10.674596788697256"
"4","passive","17.5","0.13","20","20","0.05","0.25","2","160","0","61","61","19.89199074587819"
"1","passive","12.5","-0.24","20","20","0.05","0.25","2","160","0","39","39","10.525866949262394"
"1","passive","12.5","-0.24","20","20","0.05","0.25","2","160","0","40","40","10.384573601799273"
"4","passive","17.5","0.13","20","20","0.05","0.25","2","160","0","62","62","19.90239120858428"
"1","passive","12.5","-0.24","20","20","0.05","0.25","2","160","0","41","41","10.25034492170931"
"4","passive","17.5","0.13","20","20","0.05","0.25","2","160","0","63","63","19.912271648155066"
"1","passive","12.5","-0.24","20","20","0.05","0.25","2","160","0","42","42","10.122827675623844"
"4","passive","17.5","0.13","20","20","0.05","0.25","2","160","0","64","64","19.921658065747312"
"1","passive","12.5","-0.24","20","20","0.05","0.25","2","160","0","43","43","10.00168629184265"
"4","passive","17.5","0.13","20","20","0.05","0.25","2","160","0","65","65","19.930575162459945"
"1","passive","12.5","-0.24","20","20","0.05","0.25","2","160","0","44","44","9.886601977250518"
"4","passive","17.5","0.13","20","20","0.05","0.25","2","160","0","66","66","19.939046404336946"
"1","passive","12.5","-0.24","20","20","0.05","0.25","2","160","0","45","45","9.77727187838799"
"2","passive","12.5","0.13","20","20","0.05","0.25","2","160","0","38","38","15.135210832106452"
"4","passive","17.5","0.13","20","20","0.05","0.25","2","160","0","67","67","19.947094084120096"
"1","passive","12.5","-0.24","20","20","0.05","0.25","2","160","0","46","46","9.673408284468591"
"6","passive","22.5","0.13","20","20","0.05","0.25","2","160","0","50","50","24.34957677555656"
"2","passive","12.5","0.13","20","20","0.05","0.25","2","160","0","39","39","15.13345029050113"
"1","passive","12.5","-0.24","20","20","0.05","0.25","2","160","0","47","47","9.574737870245162"
"6","passive","22.5","0.13","20","20","0.05","0.25","2","160","0","51","51","24.38709793677873"
"4","passive","17.5","0.13","20","20","0.05","0.25","2","160","0","68","68","19.95473937991409"
"1","passive","12.5","-0.24","20","20","0.05","0.25","2","160","0","48","48","9.481000976732904"
"2","passive","12.5","0.13","20","20","0.05","0.25","2","160","0","40","40","15.131777775976074"
"4","passive","17.5","0.13","20","20","0.05","0.25","2","160","0","69","69","19.962002410918387"
"1","passive","12.5","-0.24","20","20","0.05","0.25","2","160","0","49","49","9.391950927896259"
"6","passive","22.5","0.13","20","20","0.05","0.25","2","160","0","52","52","24.422743039939792"
"2","passive","12.5","0.13","20","20","0.05","0.25","2","160","0","41","41","15.13018888717727"
"1","passive","12.5","-0.24","20","20","0.05","0.25","2","160","0","50","50","9.307353381501446"
"4","passive","17.5","0.13","20","20","0.05","0.25","2","160","0","70","70","19.968902290372466"
"5","passive","22.5","-0.24","20","20","0.05","0.25","2","160","0","43","43","18.899855189492623"
"1","passive","12.5","-0.24","20","20","0.05","0.25","2","160","0","51","51","9.226985712426375"
"5","passive","22.5","-0.24","20","20","0.05","0.25","2","160","0","44","44","18.839862430017995"
"6","passive","22.5","0.13","20","20","0.05","0.25","2","160","0","53","53","24.456605887942803"
"1","passive","12.5","-0.24","20","20","0.05","0.25","2","160","0","52","52","9.150636426805056"
"2","passive","12.5","0.13","20","20","0.05","0.25","2","160","0","42","42","15.128679442818408"
"3","passive","17.5","-0.24","20","20","0.05","0.25","2","160","0","41","41","14.639912178025082"
"5","passive","22.5","-0.24","20","20","0.05","0.25","2","160","0","45","45","18.782869308517096"
"4","passive","17.5","0.13","20","20","0.05","0.25","2","160","0","71","71","19.97545717585384"
"6","passive","22.5","0.13","20","20","0.05","0.25","2","160","0","54","54","24.48877559354566"
"1","passive","12.5","-0.24","20","20","0.05","0.25","2","160","0","53","53","9.078104605464803"
"5","passive","22.5","-0.24","20","20","0.05","0.25","2","160","0","46","46","18.728725843091244"
"4","passive","17.5","0.13","20","20","0.05","0.25","2","160","0","72","72","19.98168431706115"
"5","passive","22.5","-0.24","20","20","0.05","0.25","2","160","0","47","47","18.677289550936685"
"1","passive","12.5","-0.24","20","20","0.05","0.25","2","160","0","54","54","9.009199375191564"
"2","passive","12.5","0.13","20","20","0.05","0.25","2","160","0","43","43","15.127245470677488"
"6","passive","22.5","0.13","20","20","0.05","0.25","2","160","0","55","55","24.519336813868378"
"3","passive","17.5","-0.24","20","20","0.05","0.25","2","160","0","42","42","14.542916569123827"
"4","passive","17.5","0.13","20","20","0.05","0.25","2","160","0","73","73","19.98760010120809"
"5","passive","22.5","-0.24","20","20","0.05","0.25","2","160","0","48","48","18.628425073389852"
"1","passive","12.5","-0.24","20","20","0.05","0.25","2","160","0","55","55","8.943739406431986"
"2","passive","12.5","0.13","20","20","0.05","0.25","2","160","0","44","44","15.125883197143615"
"6","passive","22.5","0.13","20","20","0.05","0.25","2","160","0","56","56","24.548369973174957"
"3","passive","17.5","-0.24","20","20","0.05","0.25","2","160","0","43","43","14.450770740667636"
"5","passive","22.5","-0.24","20","20","0.05","0.25","2","160","0","49","49","18.582003819720363"
"4","passive","17.5","0.13","20","20","0.05","0.25","2","160","0","74","74","19.993220096147684"
"1","passive","12.5","-0.24","20","20","0.05","0.25","2","160","0","56","56","8.881552436110386"
"2","passive","12.5","0.13","20","20","0.05","0.25","2","160","0","45","45","15.124589037286436"
"6","passive","22.5","0.13","20","20","0.05","0.25","2","160","0","57","57","24.57595147451621"
"3","passive","17.5","-0.24","20","20","0.05","0.25","2","160","0","44","44","14.363232203634254"
"1","passive","12.5","-0.24","20","20","0.05","0.25","2","160","0","57","57","8.822474814304867"
"2","passive","12.5","0.13","20","20","0.05","0.25","2","160","0","46","46","15.123359585422115"
"5","passive","22.5","-0.24","20","20","0.05","0.25","2","160","0","50","50","18.537903628734345"
"3","passive","17.5","-0.24","20","20","0.05","0.25","2","160","0","45","45","14.28007059345254"
"1","passive","12.5","-0.24","20","20","0.05","0.25","2","160","0","58","58","8.766351073589624"
"6","passive","22.5","0.13","20","20","0.05","0.25","2","160","0","58","58","24.602153900790398"
"2","passive","12.5","0.13","20","20","0.05","0.25","2","160","0","47","47","15.12219160615101"
"5","passive","22.5","-0.24","20","20","0.05","0.25","2","160","0","51","51","18.49600844729763"
"2","passive","12.5","0.13","20","20","0.05","0.25","2","160","0","48","48","15.12108202584346"
"1","passive","12.5","-0.24","20","20","0.05","0.25","2","160","0","59","59","8.713033519910143"
"6","passive","22.5","0.13","20","20","0.05","0.25","2","160","0","59","59","24.627046205750876"
"5","passive","22.5","-0.24","20","20","0.05","0.25","2","160","0","52","52","18.45620802493275"
"2","passive","12.5","0.13","20","20","0.05","0.25","2","160","0","49","49","15.120027924551287"
"1","passive","12.5","-0.24","20","20","0.05","0.25","2","160","0","60","60","8.662381843914636"
"6","passive","22.5","0.13","20","20","0.05","0.25","2","160","0","60","60","24.65069389546333"
"5","passive","22.5","-0.24","20","20","0.05","0.25","2","160","0","53","53","18.418397623686115"
"2","passive","12.5","0.13","20","20","0.05","0.25","2","160","0","50","50","15.119026528323724"
"6","passive","22.5","0.13","20","20","0.05","0.25","2","160","0","61","61","24.67315920069016"
"5","passive","22.5","-0.24","20","20","0.05","0.25","2","160","0","54","54","18.38247774250181"
"1","passive","12.5","-0.24","20","20","0.05","0.25","2","160","0","61","61","8.614262751718904"
"2","passive","12.5","0.13","20","20","0.05","0.25","2","160","0","51","51","15.118075201907539"
"6","passive","22.5","0.13","20","20","0.05","0.25","2","160","0","62","62","24.69450124065565"
"5","passive","22.5","-0.24","20","20","0.05","0.25","2","160","0","55","55","18.348353855376722"
"1","passive","12.5","-0.24","20","20","0.05","0.25","2","160","0","62","62","8.568549614132959"
"2","passive","12.5","0.13","20","20","0.05","0.25","2","160","0","52","52","15.117171441812163"
"5","passive","22.5","-0.24","20","20","0.05","0.25","2","160","0","56","56","18.315936162607887"
"1","passive","12.5","-0.24","20","20","0.05","0.25","2","160","0","63","63","8.52512213342631"
"6","passive","22.5","0.13","20","20","0.05","0.25","2","160","0","63","63","24.714776178622866"
"2","passive","12.5","0.13","20","20","0.05","0.25","2","160","0","53","53","15.116312869721556"
"5","passive","22.5","-0.24","20","20","0.05","0.25","2","160","0","57","57","18.285139354477494"
"1","passive","12.5","-0.24","20","20","0.05","0.25","2","160","0","64","64","8.483866026754994"
"6","passive","22.5","0.13","20","20","0.05","0.25","2","160","0","64","64","24.734037369691723"
"2","passive","12.5","0.13","20","20","0.05","0.25","2","160","0","54","54","15.11549722623548"
"5","passive","22.5","-0.24","20","20","0.05","0.25","2","160","0","58","58","18.25588238675362"
"1","passive","12.5","-0.24","20","20","0.05","0.25","2","160","0","65","65","8.444672725417243"
"8","passive","28.5","0.13","20","20","0.05","0.25","2","160","0","37","37","28.738819969015193"
"2","passive","12.5","0.13","20","20","0.05","0.25","2","160","0","55","55","15.114722364923706"
"5","passive","22.5","-0.24","20","20","0.05","0.25","2","160","0","59","59","18.228088267415938"
"1","passive","12.5","-0.24","20","20","0.05","0.25","2","160","0","66","66","8.407439089146381"
"8","passive","28.5","0.13","20","20","0.05","0.25","2","160","0","38","38","28.85687897056443"
"2","passive","12.5","0.13","20","20","0.05","0.25","2","160","0","56","56","15.113986246677522"
"5","passive","22.5","-0.24","20","20","0.05","0.25","2","160","0","60","60","18.201683854045143"
"1","passive","12.5","-0.24","20","20","0.05","0.25","2","160","0","67","67","8.372067134689061"
"2","passive","12.5","0.13","20","20","0.05","0.25","2","160","0","57","57","15.113286934343646"
"8","passive","28.5","0.13","20","20","0.05","0.25","2","160","0","39","39","28.96903502203621"
"5","passive","22.5","-0.24","20","20","0.05","0.25","2","160","0","61","61","18.176599661342888"
"1","passive","12.5","-0.24","20","20","0.05","0.25","2","160","0","68","68","8.338463777954608"
"2","passive","12.5","0.13","20","20","0.05","0.25","2","160","0","58","58","15.112622587626465"
"8","passive","28.5","0.13","20","20","0.05","0.25","2","160","0","40","40","29.0755832709344"
"5","passive","22.5","-0.24","20","20","0.05","0.25","2","160","0","62","62","18.152769678275746"
"1","passive","12.5","-0.24","20","20","0.05","0.25","2","160","0","69","69","8.306540589056878"
"8","passive","28.5","0.13","20","20","0.05","0.25","2","160","0","41","41","29.176804107387678"
"2","passive","12.5","0.13","20","20","0.05","0.25","2","160","0","59","59","15.111991458245143"
"1","passive","12.5","-0.24","20","20","0.05","0.25","2","160","0","70","70","8.276213559604034"
"5","passive","22.5","-0.24","20","20","0.05","0.25","2","160","0","63","63","18.13013119436196"
"8","passive","28.5","0.13","20","20","0.05","0.25","2","160","0","42","42","29.272963902018294"
"2","passive","12.5","0.13","20","20","0.05","0.25","2","160","0","60","60","15.111391885332887"
"1","passive","12.5","-0.24","20","20","0.05","0.25","2","160","0","71","71","8.247402881623833"
"5","passive","22.5","-0.24","20","20","0.05","0.25","2","160","0","64","64","18.108624634643864"
"8","passive","28.5","0.13","20","20","0.05","0.25","2","160","0","43","43","29.364315706917377"
"2","passive","12.5","0.13","20","20","0.05","0.25","2","160","0","61","61","15.110822291066244"
"1","passive","12.5","-0.24","20","20","0.05","0.25","2","160","0","72","72","8.22003273754264"
"8","passive","28.5","0.13","20","20","0.05","0.25","2","160","0","44","44","29.451099921571508"
"2","passive","12.5","0.13","20","20","0.05","0.25","2","160","0","62","62","15.110281176512933"
"1","passive","12.5","-0.24","20","20","0.05","0.25","2","160","0","73","73","8.194031100665509"
"5","passive","22.5","-0.24","20","20","0.05","0.25","2","160","0","65","65","18.08819340291167"
"8","passive","28.5","0.13","20","20","0.05","0.25","2","160","0","45","45","29.533544925492933"
"2","passive","12.5","0.13","20","20","0.05","0.25","2","160","0","63","63","15.109767117687287"
"1","passive","12.5","-0.24","20","20","0.05","0.25","2","160","0","74","74","8.169329545632232"
"5","passive","22.5","-0.24","20","20","0.05","0.25","2","160","0","66","66","18.06878373276609"
"2","passive","12.5","0.13","20","20","0.05","0.25","2","160","0","64","64","15.109278761802925"
"1","passive","12.5","-0.24","20","20","0.05","0.25","2","160","0","75","75","8.14586306835062"
"8","passive","28.5","0.13","20","20","0.05","0.25","2","160","0","46","46","29.611867679218285"
"2","passive","12.5","0.13","20","20","0.05","0.25","2","160","0","65","65","15.108814823712779"
"5","passive","22.5","-0.24","20","20","0.05","0.25","2","160","0","67","67","18.050344546127786"
"8","passive","28.5","0.13","20","20","0.05","0.25","2","160","0","47","47","29.68627429525737"
"1","passive","12.5","-0.24","20","20","0.05","0.25","2","160","0","76","76","8.123569914933089"
"2","passive","12.5","0.13","20","20","0.05","0.25","2","160","0","66","66","15.10837408252714"
"8","passive","28.5","0.13","20","20","0.05","0.25","2","160","0","48","48","29.7569605804945"
"5","passive","22.5","-0.24","20","20","0.05","0.25","2","160","0","68","68","18.032827318821397"
"1","passive","12.5","-0.24","20","20","0.05","0.25","2","160","0","77","77","8.102391419186434"
"8","passive","28.5","0.13","20","20","0.05","0.25","2","160","0","49","49","29.824112551469774"
"2","passive","12.5","0.13","20","20","0.05","0.25","2","160","0","67","67","15.107955378400783"
"5","passive","22.5","-0.24","20","20","0.05","0.25","2","160","0","69","69","18.016185952880328"
"1","passive","12.5","-0.24","20","20","0.05","0.25","2","160","0","78","78","8.082271848227112"
"8","passive","28.5","0.13","20","20","0.05","0.25","2","160","0","50","50","29.887906923896285"
"2","passive","12.5","0.13","20","20","0.05","0.25","2","160","0","68","68","15.107557609480745"
"1","passive","12.5","-0.24","20","20","0.05","0.25","2","160","0","79","79","8.063158255815756"
"5","passive","22.5","-0.24","20","20","0.05","0.25","2","160","0","70","70","18.000376655236312"
"8","passive","28.5","0.13","20","20","0.05","0.25","2","160","0","51","51","29.94851157770147"
"1","passive","12.5","-0.24","20","20","0.05","0.25","2","160","0","80","80","8.045000343024968"
"2","passive","12.5","0.13","20","20","0.05","0.25","2","160","0","69","69","15.107179729006708"
"5","passive","22.5","-0.24","20","20","0.05","0.25","2","160","0","71","71","17.985357822474498"
"8","passive","28.5","0.13","20","20","0.05","0.25","2","160","0","52","52","30.006085998816395"
"5","passive","22.5","-0.24","20","20","0.05","0.25","2","160","0","72","72","17.971089931350775"
"2","passive","12.5","0.13","20","20","0.05","0.25","2","160","0","70","70","15.106820742556373"
"8","passive","28.5","0.13","20","20","0.05","0.25","2","160","0","53","53","30.060781698875576"
"2","passive","12.5","0.13","20","20","0.05","0.25","2","160","0","71","71","15.106479705428555"
"8","passive","28.5","0.13","20","20","0.05","0.25","2","160","0","54","54","30.112742613931797"
"5","passive","22.5","-0.24","20","20","0.05","0.25","2","160","0","73","73","17.95753543478324"
"2","passive","12.5","0.13","20","20","0.05","0.25","2","160","0","72","72","15.106155720157128"
"8","passive","28.5","0.13","20","20","0.05","0.25","2","160","0","55","55","30.162105483235205"
"5","passive","22.5","-0.24","20","20","0.05","0.25","2","160","0","74","74","17.944658663044077"
"2","passive","12.5","0.13","20","20","0.05","0.25","2","160","0","73","73","15.105847934149272"
"8","passive","28.5","0.13","20","20","0.05","0.25","2","160","0","56","56","30.209000209073444"
"2","passive","12.5","0.13","20","20","0.05","0.25","2","160","0","74","74","15.10555553744181"
"8","passive","28.5","0.13","20","20","0.05","0.25","2","160","0","57","57","30.25355019861977"
"2","passive","12.5","0.13","20","20","0.05","0.25","2","160","0","75","75","15.10527776056972"
"8","passive","28.5","0.13","20","20","0.05","0.25","2","160","0","58","58","30.29587268868878"
"2","passive","12.5","0.13","20","20","0.05","0.25","2","160","0","76","76","15.105013872541235"
"8","passive","28.5","0.13","20","20","0.05","0.25","2","160","0","59","59","30.33607905425434"
"2","passive","12.5","0.13","20","20","0.05","0.25","2","160","0","77","77","15.104763178914174"
"8","passive","28.5","0.13","20","20","0.05","0.25","2","160","0","60","60","30.374275101541624"
"2","passive","12.5","0.13","20","20","0.05","0.25","2","160","0","78","78","15.104525019968467"
"8","passive","28.5","0.13","20","20","0.05","0.25","2","160","0","61","61","30.41056134646454"
"2","passive","12.5","0.13","20","20","0.05","0.25","2","160","0","79","79","15.104298768970045"
"8","passive","28.5","0.13","20","20","0.05","0.25","2","160","0","62","62","30.445033279141313"
"2","passive","12.5","0.13","20","20","0.05","0.25","2","160","0","80","80","15.104083830521544"
"8","passive","28.5","0.13","20","20","0.05","0.25","2","160","0","63","63","30.477781615184245"
"2","passive","12.5","0.13","20","20","0.05","0.25","2","160","0","81","81","15.103879638995467"
"8","passive","28.5","0.13","20","20","0.05","0.25","2","160","0","64","64","30.508892534425033"
"2","passive","12.5","0.13","20","20","0.05","0.25","2","160","0","82","82","15.103685657045695"
"8","passive","28.5","0.13","20","20","0.05","0.25","2","160","0","65","65","30.53844790770378"
"2","passive","12.5","0.13","20","20","0.05","0.25","2","160","0","83","83","15.10350137419341"
"8","passive","28.5","0.13","20","20","0.05","0.25","2","160","0","66","66","30.56652551231859"
"2","passive","12.5","0.13","20","20","0.05","0.25","2","160","0","84","84","15.10332630548374"
"8","passive","28.5","0.13","20","20","0.05","0.25","2","160","0","67","67","30.59319923670266"
"2","passive","12.5","0.13","20","20","0.05","0.25","2","160","0","85","85","15.103159990209555"
"8","passive","28.5","0.13","20","20","0.05","0.25","2","160","0","68","68","30.618539274867526"
"7","passive","28.5","-0.24","20","20","0.05","0.25","2","160","0","87","87","23.756393776427398"
"2","passive","12.5","0.13","20","20","0.05","0.25","2","160","0","86","86","15.103001990699077"
"8","passive","28.5","0.13","20","20","0.05","0.25","2","160","0","69","69","30.64261231112415"
"2","passive","12.5","0.13","20","20","0.05","0.25","2","160","0","87","87","15.102851891164125"
"7","passive","28.5","-0.24","20","20","0.05","0.25","2","160","0","88","88","23.75357408760603"
"8","passive","28.5","0.13","20","20","0.05","0.25","2","160","0","70","70","30.66548169556794"
"7","passive","28.5","-0.24","20","20","0.05","0.25","2","160","0","89","89","23.75089538322573"
"8","passive","28.5","0.13","20","20","0.05","0.25","2","160","0","71","71","30.687207610789542"
"2","passive","12.5","0.13","20","20","0.05","0.25","2","160","0","88","88","15.10270929660592"
"7","passive","28.5","-0.24","20","20","0.05","0.25","2","160","0","90","90","23.748350614064442"
"8","passive","28.5","0.13","20","20","0.05","0.25","2","160","0","72","72","30.707847230250064"
"7","passive","28.5","-0.24","20","20","0.05","0.25","2","160","0","91","91","23.745933083361223"
"8","passive","28.5","0.13","20","20","0.05","0.25","2","160","0","73","73","30.72745486873756"
"2","passive","12.5","0.13","20","20","0.05","0.25","2","160","0","89","89","15.102573831775624"
"8","passive","28.5","0.13","20","20","0.05","0.25","2","160","0","74","74","30.74608212530068"
"2","passive","12.5","0.13","20","20","0.05","0.25","2","160","0","90","90","15.102445140186843"
"7","passive","28.5","-0.24","20","20","0.05","0.25","2","160","0","92","92","23.743636429193163"
"8","passive","28.5","0.13","20","20","0.05","0.25","2","160","0","75","75","30.763778019035644"
"2","passive","12.5","0.13","20","20","0.05","0.25","2","160","0","91","91","15.102322883177502"
"7","passive","28.5","-0.24","20","20","0.05","0.25","2","160","0","93","93","23.741454607733505"
"2","passive","12.5","0.13","20","20","0.05","0.25","2","160","0","92","92","15.102206739018628"
"8","passive","28.5","0.13","20","20","0.05","0.25","2","160","0","76","76","30.78058911808386"
"7","passive","28.5","-0.24","20","20","0.05","0.25","2","160","0","94","94","23.739381877346833"
"2","passive","12.5","0.13","20","20","0.05","0.25","2","160","0","93","93","15.102096402067698"
"8","passive","28.5","0.13","20","20","0.05","0.25","2","160","0","77","77","30.796559662179664"
"2","passive","12.5","0.13","20","20","0.05","0.25","2","160","0","94","94","15.101991581964313"
"7","passive","28.5","-0.24","20","20","0.05","0.25","2","160","0","95","95","23.737412783479492"
"8","passive","28.5","0.13","20","20","0.05","0.25","2","160","0","78","78","30.81173167907068"
"2","passive","12.5","0.13","20","20","0.05","0.25","2","160","0","95","95","15.101892002866098"
"8","passive","28.5","0.13","20","20","0.05","0.25","2","160","0","79","79","30.826145095117145"
"7","passive","28.5","-0.24","20","20","0.05","0.25","2","160","0","96","96","23.73554214430552"
"2","passive","12.5","0.13","20","20","0.05","0.25","2","160","0","96","96","15.101797402722793"
"8","passive","28.5","0.13","20","20","0.05","0.25","2","160","0","80","80","30.839837840361287"
"2","passive","12.5","0.13","20","20","0.05","0.25","2","160","0","97","97","15.101707532586655"
"7","passive","28.5","-0.24","20","20","0.05","0.25","2","160","0","97","97","23.733765037090244"
"8","passive","28.5","0.13","20","20","0.05","0.25","2","160","0","81","81","30.852845948343223"
"2","passive","12.5","0.13","20","20","0.05","0.25","2","160","0","98","98","15.101622155957322"
"8","passive","28.5","0.13","20","20","0.05","0.25","2","160","0","82","82","30.86520365092606"
"7","passive","28.5","-0.24","20","20","0.05","0.25","2","160","0","98","98","23.732076785235733"
"2","passive","12.5","0.13","20","20","0.05","0.25","2","160","0","99","99","15.101541048159458"
"8","passive","28.5","0.13","20","20","0.05","0.25","2","160","0","83","83","30.876943468379753"
"7","passive","28.5","-0.24","20","20","0.05","0.25","2","160","0","99","99","23.730472945973947"
"8","passive","28.5","0.13","20","20","0.05","0.25","2","160","0","84","84","30.888096294960764"
"7","passive","28.5","-0.24","20","20","0.05","0.25","2","160","0","100","100","23.72894929867525"
"2","passive","12.5","0.13","20","20","0.05","0.25","2","160","0","100","100","15.101463995751486"
"8","passive","28.5","0.13","20","20","0.05","0.25","2","160","0","85","85","30.898691480212726"
"2","passive","12.5","0.13","20","20","0.05","0.25","2","160","0","101","101","15.101390795963912"
"7","passive","28.5","-0.24","20","20","0.05","0.25","2","160","0","101","101","23.72750183374149"
"8","passive","28.5","0.13","20","20","0.05","0.25","2","160","0","86","86","30.90875690620209"
"2","passive","12.5","0.13","20","20","0.05","0.25","2","160","0","102","102","15.101321256165717"
"8","passive","28.5","0.13","20","20","0.05","0.25","2","160","0","87","87","30.918319060891985"
"7","passive","28.5","-0.24","20","20","0.05","0.25","2","160","0","102","102","23.726126742054415"
"2","passive","12.5","0.13","20","20","0.05","0.25","2","160","0","103","103","15.101255193357431"
"8","passive","28.5","0.13","20","20","0.05","0.25","2","160","0","88","88","30.927403107847386"
"2","passive","12.5","0.13","20","20","0.05","0.25","2","160","0","104","104","15.10119243368956"
"7","passive","28.5","-0.24","20","20","0.05","0.25","2","160","0","103","103","23.724820404951696"
"8","passive","28.5","0.13","20","20","0.05","0.25","2","160","0","89","89","30.936032952455015"
"2","passive","12.5","0.13","20","20","0.05","0.25","2","160","0","105","105","15.101132812005083"
"7","passive","28.5","-0.24","20","20","0.05","0.25","2","160","0","104","104","23.723579384704113"
"2","passive","12.5","0.13","20","20","0.05","0.25","2","160","0","106","106","15.10107617140483"
"7","passive","28.5","-0.24","20","20","0.05","0.25","2","160","0","105","105","23.722400415468908"
"8","passive","28.5","0.13","20","20","0.05","0.25","2","160","0","90","90","30.944231304832265"
"2","passive","12.5","0.13","20","20","0.05","0.25","2","160","0","107","107","15.10102236283459"
"7","passive","28.5","-0.24","20","20","0.05","0.25","2","160","0","106","106","23.721280394695462"
"8","passive","28.5","0.13","20","20","0.05","0.25","2","160","0","91","91","30.95201973959065"
"2","passive","12.5","0.13","20","20","0.05","0.25","2","160","0","108","108","15.100971244692861"
"7","passive","28.5","-0.24","20","20","0.05","0.25","2","160","0","107","107","23.72021637496069"
"2","passive","12.5","0.13","20","20","0.05","0.25","2","160","0","109","109","15.100922682458219"
"7","passive","28.5","-0.24","20","20","0.05","0.25","2","160","0","108","108","23.719205556212657"
"8","passive","28.5","0.13","20","20","0.05","0.25","2","160","0","92","92","30.959418752611118"
"2","passive","12.5","0.13","20","20","0.05","0.25","2","160","0","110","110","15.10087654833531"
"7","passive","28.5","-0.24","20","20","0.05","0.25","2","160","0","109","109","23.718245278402026"
"8","passive","28.5","0.13","20","20","0.05","0.25","2","160","0","93","93","30.96644781498056"
"2","passive","12.5","0.13","20","20","0.05","0.25","2","160","0","111","111","15.100832720918545"
"7","passive","28.5","-0.24","20","20","0.05","0.25","2","160","0","110","110","23.717333014481927"
"8","passive","28.5","0.13","20","20","0.05","0.25","2","160","0","94","94","30.973125424231533"
"2","passive","12.5","0.13","20","20","0.05","0.25","2","160","0","112","112","15.100791084872618"
"7","passive","28.5","-0.24","20","20","0.05","0.25","2","160","0","111","111","23.71646636375783"
"2","passive","12.5","0.13","20","20","0.05","0.25","2","160","0","113","113","15.100751530628989"
"7","passive","28.5","-0.24","20","20","0.05","0.25","2","160","0","112","112","23.71564304556994"
"8","passive","28.5","0.13","20","20","0.05","0.25","2","160","0","95","95","30.979469153019956"
"2","passive","12.5","0.13","20","20","0.05","0.25","2","160","0","114","114","15.10071395409754"
"7","passive","28.5","-0.24","20","20","0.05","0.25","2","160","0","113","113","23.714860893291444"
"8","passive","28.5","0.13","20","20","0.05","0.25","2","160","0","96","96","30.985495695368957"
"2","passive","12.5","0.13","20","20","0.05","0.25","2","160","0","115","115","15.100678256392664"
"7","passive","28.5","-0.24","20","20","0.05","0.25","2","160","0","114","114","23.714117848626874"
"8","passive","28.5","0.13","20","20","0.05","0.25","2","160","0","97","97","30.991220910600507"
"2","passive","12.5","0.13","20","20","0.05","0.25","2","160","0","116","116","15.100644343573032"
"7","passive","28.5","-0.24","20","20","0.05","0.25","2","160","0","115","115","23.713411956195532"
"8","passive","28.5","0.13","20","20","0.05","0.25","2","160","0","98","98","30.99665986507048"
"7","passive","28.5","-0.24","20","20","0.05","0.25","2","160","0","116","116","23.712741358385756"
"2","passive","12.5","0.13","20","20","0.05","0.25","2","160","0","117","117","15.100612126394381"
"7","passive","28.5","-0.24","20","20","0.05","0.25","2","160","0","117","117","23.71210429046647"
"2","passive","12.5","0.13","20","20","0.05","0.25","2","160","0","118","118","15.100581520074662"
"8","passive","28.5","0.13","20","20","0.05","0.25","2","160","0","99","99","31.001826871816956"
"2","passive","12.5","0.13","20","20","0.05","0.25","2","160","0","119","119","15.10055244407093"
"2","passive","12.5","0.13","20","20","0.05","0.25","2","160","0","120","120","15.100524821867385"
"8","passive","28.5","0.13","20","20","0.05","0.25","2","160","0","100","100","31.006735528226105"
"2","passive","12.5","0.13","20","20","0.05","0.25","2","160","0","121","121","15.100498580774017"
"8","passive","28.5","0.13","20","20","0.05","0.25","2","160","0","101","101","31.0113987518148"
"2","passive","12.5","0.13","20","20","0.05","0.25","2","160","0","122","122","15.100473651735317"
"8","passive","28.5","0.13","20","20","0.05","0.25","2","160","0","102","102","31.015828814224058"
"2","passive","12.5","0.13","20","20","0.05","0.25","2","160","0","123","123","15.100449969148553"
"8","passive","28.5","0.13","20","20","0.05","0.25","2","160","0","103","103","31.020037373512853"
"2","passive","12.5","0.13","20","20","0.05","0.25","2","160","0","124","124","15.100427470691125"
"2","passive","12.5","0.13","20","20","0.05","0.25","2","160","0","125","125","15.10040609715657"
"8","passive","28.5","0.13","20","20","0.05","0.25","2","160","0","104","104","31.024035504837208"
"8","passive","28.5","0.13","20","20","0.05","0.25","2","160","0","105","105","31.027833729595347"
"2","passive","12.5","0.13","20","20","0.05","0.25","2","160","0","126","126","15.100385792298743"
"8","passive","28.5","0.13","20","20","0.05","0.25","2","160","0","106","106","31.03144204311558"
"2","passive","12.5","0.13","20","20","0.05","0.25","2","160","0","127","127","15.100366502683807"
"8","passive","28.5","0.13","20","20","0.05","0.25","2","160","0","107","107","31.034869940959798"
"2","passive","12.5","0.13","20","20","0.05","0.25","2","160","0","128","128","15.100348177549618"
"8","passive","28.5","0.13","20","20","0.05","0.25","2","160","0","108","108","31.038126443911807"
"2","passive","12.5","0.13","20","20","0.05","0.25","2","160","0","129","129","15.100330768672137"
"8","passive","28.5","0.13","20","20","0.05","0.25","2","160","0","109","109","31.041220121716215"
"2","passive","12.5","0.13","20","20","0.05","0.25","2","160","0","130","130","15.100314230238531"
"8","passive","28.5","0.13","20","20","0.05","0.25","2","160","0","110","110","31.044159115630404"
"2","passive","12.5","0.13","20","20","0.05","0.25","2","160","0","131","131","15.100298518726605"
"8","passive","28.5","0.13","20","20","0.05","0.25","2","160","0","111","111","31.04695115984888"
"2","passive","12.5","0.13","20","20","0.05","0.25","2","160","0","132","132","15.100283592790277"
"8","passive","28.5","0.13","20","20","0.05","0.25","2","160","0","112","112","31.049603601856436"
"2","passive","12.5","0.13","20","20","0.05","0.25","2","160","0","133","133","15.100269413150764"
"8","passive","28.5","0.13","20","20","0.05","0.25","2","160","0","113","113","31.052123421763614"
"2","passive","12.5","0.13","20","20","0.05","0.25","2","160","0","134","134","15.100255942493227"
"2","passive","12.5","0.13","20","20","0.05","0.25","2","160","0","135","135","15.100243145368566"
"8","passive","28.5","0.13","20","20","0.05","0.25","2","160","0","114","114","31.05451725067543"
"8","passive","28.5","0.13","20","20","0.05","0.25","2","160","0","115","115","31.056791388141658"
"2","passive","12.5","0.13","20","20","0.05","0.25","2","160","0","136","136","15.100230988100138"
"8","passive","28.5","0.13","20","20","0.05","0.25","2","160","0","116","116","31.058951818734574"
"2","passive","12.5","0.13","20","20","0.05","0.25","2","160","0","137","137","15.100219438695133"
"2","passive","12.5","0.13","20","20","0.05","0.25","2","160","0","138","138","15.100208466760376"
"8","passive","28.5","0.13","20","20","0.05","0.25","2","160","0","117","117","31.061004227797845"
"2","passive","12.5","0.13","20","20","0.05","0.25","2","160","0","139","139","15.100198043422358"
"8","passive","28.5","0.13","20","20","0.05","0.25","2","160","0","118","118","31.062954016407954"
"2","passive","12.5","0.13","20","20","0.05","0.25","2","160","0","140","140","15.100188141251241"
"8","passive","28.5","0.13","20","20","0.05","0.25","2","160","0","119","119","31.064806315587553"
"2","passive","12.5","0.13","20","20","0.05","0.25","2","160","0","141","141","15.10017873418868"
"8","passive","28.5","0.13","20","20","0.05","0.25","2","160","0","120","120","31.066565999808173"
"2","passive","12.5","0.13","20","20","0.05","0.25","2","160","0","142","142","15.100169797479246"
"8","passive","28.5","0.13","20","20","0.05","0.25","2","160","0","121","121","31.068237699817765"
"2","passive","12.5","0.13","20","20","0.05","0.25","2","160","0","143","143","15.100161307605285"
"8","passive","28.5","0.13","20","20","0.05","0.25","2","160","0","122","122","31.069825814826874"
"2","passive","12.5","0.13","20","20","0.05","0.25","2","160","0","144","144","15.100153242225021"
"8","passive","28.5","0.13","20","20","0.05","0.25","2","160","0","123","123","31.07133452408553"
"2","passive","12.5","0.13","20","20","0.05","0.25","2","160","0","145","145","15.100145580113772"
"8","passive","28.5","0.13","20","20","0.05","0.25","2","160","0","124","124","31.07276779788125"
"2","passive","12.5","0.13","20","20","0.05","0.25","2","160","0","146","146","15.100138301108084"
"8","passive","28.5","0.13","20","20","0.05","0.25","2","160","0","125","125","31.074129407987186"
"2","passive","12.5","0.13","20","20","0.05","0.25","2","160","0","147","147","15.10013138605268"
"8","passive","28.5","0.13","20","20","0.05","0.25","2","160","0","126","126","31.075422937587827"
"2","passive","12.5","0.13","20","20","0.05","0.25","2","160","0","148","148","15.100124816750048"
"4","passive","17.5","0.13","20","20","0.05","0.25","2","160","0","75","75","19.9985590913403"
"2","passive","12.5","0.13","20","20","0.05","0.25","2","160","0","149","149","15.100118575912546"
"8","passive","28.5","0.13","20","20","0.05","0.25","2","160","0","127","127","31.076651790708436"
"2","passive","12.5","0.13","20","20","0.05","0.25","2","160","0","150","150","15.10011264711692"
"8","passive","28.5","0.13","20","20","0.05","0.25","2","160","0","128","128","31.077819201173014"
"4","passive","17.5","0.13","20","20","0.05","0.25","2","160","0","76","76","20.003631136773286"
"2","passive","12.5","0.13","20","20","0.05","0.25","2","160","0","151","151","15.100107014761074"
"8","passive","28.5","0.13","20","20","0.05","0.25","2","160","0","129","129","31.07892824111436"
"4","passive","17.5","0.13","20","20","0.05","0.25","2","160","0","77","77","20.00844957993462"
"2","passive","12.5","0.13","20","20","0.05","0.25","2","160","0","152","152","15.10010166402302"
"8","passive","28.5","0.13","20","20","0.05","0.25","2","160","0","130","130","31.079981829058642"
"4","passive","17.5","0.13","20","20","0.05","0.25","2","160","0","78","78","20.013027100937887"
"3","passive","17.5","-0.24","20","20","0.05","0.25","2","160","0","46","46","14.201067063779913"
"2","passive","12.5","0.13","20","20","0.05","0.25","2","160","0","153","153","15.10009658082187"
"8","passive","28.5","0.13","20","20","0.05","0.25","2","160","0","131","131","31.08098273760571"
"4","passive","17.5","0.13","20","20","0.05","0.25","2","160","0","79","79","20.01737574589099"
"2","passive","12.5","0.13","20","20","0.05","0.25","2","160","0","154","154","15.100091751780777"
"3","passive","17.5","-0.24","20","20","0.05","0.25","2","160","0","47","47","14.126013710590916"
"2","passive","12.5","0.13","20","20","0.05","0.25","2","160","0","155","155","15.10008716419174"
"4","passive","17.5","0.13","20","20","0.05","0.25","2","160","0","80","80","20.02150695859644"
"3","passive","17.5","-0.24","20","20","0.05","0.25","2","160","0","48","48","14.05471302506137"
"2","passive","12.5","0.13","20","20","0.05","0.25","2","160","0","156","156","15.100082805982153"
"4","passive","17.5","0.13","20","20","0.05","0.25","2","160","0","81","81","20.02543161066662"
"2","passive","12.5","0.13","20","20","0.05","0.25","2","160","0","157","157","15.100078665683046"
"3","passive","17.5","-0.24","20","20","0.05","0.25","2","160","0","49","49","13.986977373808301"
"2","passive","12.5","0.13","20","20","0.05","0.25","2","160","0","158","158","15.100074732398895"
"4","passive","17.5","0.13","20","20","0.05","0.25","2","160","0","82","82","20.029160030133287"
"3","passive","17.5","-0.24","20","20","0.05","0.25","2","160","0","50","50","13.922628505117887"
"2","passive","12.5","0.13","20","20","0.05","0.25","2","160","0","159","159","15.100070995778951"
"4","passive","17.5","0.13","20","20","0.05","0.25","2","160","0","83","83","20.032702028626623"
"2","passive","12.5","0.13","20","20","0.05","0.25","2","160","0","160","160","15.100067445990005"
"3","passive","17.5","-0.24","20","20","0.05","0.25","2","160","0","51","51","13.861497079861993"
"4","passive","17.5","0.13","20","20","0.05","0.25","2","160","0","84","84","20.03606692719529"
"3","passive","17.5","-0.24","20","20","0.05","0.25","2","160","0","52","52","13.803422225868893"
"4","passive","17.5","0.13","20","20","0.05","0.25","2","160","0","85","85","20.039263580835524"
"6","passive","22.5","0.13","20","20","0.05","0.25","2","160","0","65","65","24.752335501207135"
"4","passive","17.5","0.13","20","20","0.05","0.25","2","160","0","86","86","20.042300401793746"
"3","passive","17.5","-0.24","20","20","0.05","0.25","2","160","0","53","53","13.748251114575448"
"3","passive","17.5","-0.24","20","20","0.05","0.25","2","160","0","54","54","13.695838558846676"
"6","passive","22.5","0.13","20","20","0.05","0.25","2","160","0","66","66","24.769718726146777"
"4","passive","17.5","0.13","20","20","0.05","0.25","2","160","0","87","87","20.04518538170406"
"4","passive","17.5","0.13","20","20","0.05","0.25","2","160","0","88","88","20.047926112618853"
"3","passive","17.5","-0.24","20","20","0.05","0.25","2","160","0","55","55","13.646046630904342"
"6","passive","22.5","0.13","20","20","0.05","0.25","2","160","0","67","67","24.78623278983944"
"4","passive","17.5","0.13","20","20","0.05","0.25","2","160","0","89","89","20.05052980698791"
"3","passive","17.5","-0.24","20","20","0.05","0.25","2","160","0","56","56","13.598744299359124"
"6","passive","22.5","0.13","20","20","0.05","0.25","2","160","0","68","68","24.801921150347464"
"3","passive","17.5","-0.24","20","20","0.05","0.25","2","160","0","57","57","13.553807084391167"
"4","passive","17.5","0.13","20","20","0.05","0.25","2","160","0","90","90","20.053003316638513"
"6","passive","22.5","0.13","20","20","0.05","0.25","2","160","0","69","69","24.81682509283009"
"3","passive","17.5","-0.24","20","20","0.05","0.25","2","160","0","58","58","13.511116730171608"
"6","passive","22.5","0.13","20","20","0.05","0.25","2","160","0","70","70","24.830983838188583"
"4","passive","17.5","0.13","20","20","0.05","0.25","2","160","0","91","91","20.055353150806585"
"3","passive","17.5","-0.24","20","20","0.05","0.25","2","160","0","59","59","13.470560893663027"
"4","passive","17.5","0.13","20","20","0.05","0.25","2","160","0","92","92","20.057585493266256"
"6","passive","22.5","0.13","20","20","0.05","0.25","2","160","0","71","71","24.844434646279154"
"3","passive","17.5","-0.24","20","20","0.05","0.25","2","160","0","60","60","13.432032848979876"
"4","passive","17.5","0.13","20","20","0.05","0.25","2","160","0","93","93","20.05970621860294"
"6","passive","22.5","0.13","20","20","0.05","0.25","2","160","0","72","72","24.857212913965196"
"3","passive","17.5","-0.24","20","20","0.05","0.25","2","160","0","61","61","13.395431206530882"
"4","passive","17.5","0.13","20","20","0.05","0.25","2","160","0","94","94","20.061720907672793"
"6","passive","22.5","0.13","20","20","0.05","0.25","2","160","0","73","73","24.869352268266933"
"3","passive","17.5","-0.24","20","20","0.05","0.25","2","160","0","62","62","13.360659646204338"
"4","passive","17.5","0.13","20","20","0.05","0.25","2","160","0","95","95","20.063634862289152"
"6","passive","22.5","0.13","20","20","0.05","0.25","2","160","0","74","74","24.880884654853585"
"3","passive","17.5","-0.24","20","20","0.05","0.25","2","160","0","63","63","13.32762666389412"
"4","passive","17.5","0.13","20","20","0.05","0.25","2","160","0","96","96","20.065453119174695"
"6","passive","22.5","0.13","20","20","0.05","0.25","2","160","0","75","75","24.891840422110903"
"3","passive","17.5","-0.24","20","20","0.05","0.25","2","160","0","64","64","13.296245330699414"
"4","passive","17.5","0.13","20","20","0.05","0.25","2","160","0","97","97","20.06718046321596"
"6","passive","22.5","0.13","20","20","0.05","0.25","2","160","0","76","76","24.902248401005355"
"3","passive","17.5","-0.24","20","20","0.05","0.25","2","160","0","65","65","13.266433064164442"
"4","passive","17.5","0.13","20","20","0.05","0.25","2","160","0","98","98","20.06882144005516"
"6","passive","22.5","0.13","20","20","0.05","0.25","2","160","0","77","77","24.912135980955085"
"3","passive","17.5","-0.24","20","20","0.05","0.25","2","160","0","66","66","13.23811141095622"
"6","passive","22.5","0.13","20","20","0.05","0.25","2","160","0","78","78","24.92152918190733"
"4","passive","17.5","0.13","20","20","0.05","0.25","2","160","0","99","99","20.0703803680524"
"6","passive","22.5","0.13","20","20","0.05","0.25","2","160","0","79","79","24.930452722811964"
"3","passive","17.5","-0.24","20","20","0.05","0.25","2","160","0","67","67","13.21120584040841"
"4","passive","17.5","0.13","20","20","0.05","0.25","2","160","0","100","100","20.07186134964978"
"3","passive","17.5","-0.24","20","20","0.05","0.25","2","160","0","68","68","13.185645548387988"
"4","passive","17.5","0.13","20","20","0.05","0.25","2","160","0","101","101","20.07326828216729"
"6","passive","22.5","0.13","20","20","0.05","0.25","2","160","0","80","80","24.938930086671366"
"3","passive","17.5","-0.24","20","20","0.05","0.25","2","160","0","69","69","13.16136327096859"
"4","passive","17.5","0.13","20","20","0.05","0.25","2","160","0","102","102","20.074604868058927"
"6","passive","22.5","0.13","20","20","0.05","0.25","2","160","0","81","81","24.946983582337797"
"3","passive","17.5","-0.24","20","20","0.05","0.25","2","160","0","70","70","13.13829510742016"
"4","passive","17.5","0.13","20","20","0.05","0.25","2","160","0","103","103","20.07587462465598"
"6","passive","22.5","0.13","20","20","0.05","0.25","2","160","0","82","82","24.954634403220908"
"4","passive","17.5","0.13","20","20","0.05","0.25","2","160","0","104","104","20.07708089342318"
"3","passive","17.5","-0.24","20","20","0.05","0.25","2","160","0","71","71","13.11638035204915"
"4","passive","17.5","0.13","20","20","0.05","0.25","2","160","0","105","105","20.07822684875202"
"6","passive","22.5","0.13","20","20","0.05","0.25","2","160","0","83","83","24.96190268305986"
"4","passive","17.5","0.13","20","20","0.05","0.25","2","160","0","106","106","20.07931550631442"
"3","passive","17.5","-0.24","20","20","0.05","0.25","2","160","0","72","72","13.095561334446693"
"6","passive","22.5","0.13","20","20","0.05","0.25","2","160","0","84","84","24.968807548906867"
"4","passive","17.5","0.13","20","20","0.05","0.25","2","160","0","107","107","20.080349730998698"
"3","passive","17.5","-0.24","20","20","0.05","0.25","2","160","0","73","73","13.075783267724358"
"4","passive","17.5","0.13","20","20","0.05","0.25","2","160","0","108","108","20.081332244448763"
"6","passive","22.5","0.13","20","20","0.05","0.25","2","160","0","85","85","24.97536717146152"
"4","passive","17.5","0.13","20","20","0.05","0.25","2","160","0","109","109","20.082265632226324"
"3","passive","17.5","-0.24","20","20","0.05","0.25","2","160","0","74","74","13.05699410433814"
"6","passive","22.5","0.13","20","20","0.05","0.25","2","160","0","86","86","24.981598812888443"
"4","passive","17.5","0.13","20","20","0.05","0.25","2","160","0","110","110","20.083152350615006"
"3","passive","17.5","-0.24","20","20","0.05","0.25","2","160","0","75","75","13.039144399121232"
"4","passive","17.5","0.13","20","20","0.05","0.25","2","160","0","111","111","20.083994733084253"
"6","passive","22.5","0.13","20","20","0.05","0.25","2","160","0","87","87","24.98751887224402"
"1","passive","12.5","-0.24","20","20","0.05","0.25","2","160","0","81","81","8.02775032587372"
"3","passive","17.5","-0.24","20","20","0.05","0.25","2","160","0","76","76","13.02218717916517"
"4","passive","17.5","0.13","20","20","0.05","0.25","2","160","0","112","112","20.08479499643004"
"6","passive","22.5","0.13","20","20","0.05","0.25","2","160","0","88","88","24.99314292863182"
"1","passive","12.5","-0.24","20","20","0.05","0.25","2","160","0","82","82","8.011362809580033"
"4","passive","17.5","0.13","20","20","0.05","0.25","2","160","0","113","113","20.08555524660854"
"6","passive","22.5","0.13","20","20","0.05","0.25","2","160","0","89","89","24.998485782200227"
"3","passive","17.5","-0.24","20","20","0.05","0.25","2","160","0","77","77","13.006077820206912"
"4","passive","17.5","0.13","20","20","0.05","0.25","2","160","0","114","114","20.08627748427811"
"1","passive","12.5","-0.24","20","20","0.05","0.25","2","160","0","83","83","7.995794669101031"
"6","passive","22.5","0.13","20","20","0.05","0.25","2","160","0","90","90","25.003561493090213"
"3","passive","17.5","-0.24","20","20","0.05","0.25","2","160","0","78","78","12.990773929196566"
"4","passive","17.5","0.13","20","20","0.05","0.25","2","160","0","115","115","20.086963610064203"
"1","passive","12.5","-0.24","20","20","0.05","0.25","2","160","0","84","84","7.981004935645979"
"6","passive","22.5","0.13","20","20","0.05","0.25","2","160","0","91","91","25.008383418435702"
"4","passive","17.5","0.13","20","20","0.05","0.25","2","160","0","116","116","20.08761542956099"
"3","passive","17.5","-0.24","20","20","0.05","0.25","2","160","0","79","79","12.976235232736737"
"1","passive","12.5","-0.24","20","20","0.05","0.25","2","160","0","85","85","7.96695468886368"
"4","passive","17.5","0.13","20","20","0.05","0.25","2","160","0","117","117","20.08823465808294"
"5","passive","22.5","-0.24","20","20","0.05","0.25","2","160","0","75","75","17.932425729891875"
"6","passive","22.5","0.13","20","20","0.05","0.25","2","160","0","92","92","25.012964247513917"
"3","passive","17.5","-0.24","20","20","0.05","0.25","2","160","0","80","80","12.9624234710999"
"4","passive","17.5","0.13","20","20","0.05","0.25","2","160","0","118","118","20.088822925178793"
"1","passive","12.5","-0.24","20","20","0.05","0.25","2","160","0","86","86","7.953606954420495"
"6","passive","22.5","0.13","20","20","0.05","0.25","2","160","0","93","93","25.01731603513822"
"3","passive","17.5","-0.24","20","20","0.05","0.25","2","160","0","81","81","12.949302297544905"
"4","passive","17.5","0.13","20","20","0.05","0.25","2","160","0","119","119","20.08938177891985"
"5","passive","22.5","-0.24","20","20","0.05","0.25","2","160","0","76","76","17.920804443397284"
"1","passive","12.5","-0.24","20","20","0.05","0.25","2","160","0","87","87","7.94092660669947"
"6","passive","22.5","0.13","20","20","0.05","0.25","2","160","0","94","94","25.021450233381305"
"4","passive","17.5","0.13","20","20","0.05","0.25","2","160","0","120","120","20.089912689973858"
"3","passive","17.5","-0.24","20","20","0.05","0.25","2","160","0","82","82","12.93683718266766"
"1","passive","12.5","-0.24","20","20","0.05","0.25","2","160","0","88","88","7.928880276364497"
"4","passive","17.5","0.13","20","20","0.05","0.25","2","160","0","121","121","20.090417055475164"
"5","passive","22.5","-0.24","20","20","0.05","0.25","2","160","0","77","77","17.90976422122742"
"6","passive","22.5","0.13","20","20","0.05","0.25","2","160","0","95","95","25.02537772171224"
"4","passive","17.5","0.13","20","20","0.05","0.25","2","160","0","122","122","20.090896202701405"
"3","passive","17.5","-0.24","20","20","0.05","0.25","2","160","0","83","83","12.924995323534276"
"5","passive","22.5","-0.24","20","20","0.05","0.25","2","160","0","78","78","17.89927601016605"
"1","passive","12.5","-0.24","20","20","0.05","0.25","2","160","0","89","89","7.917436262546271"
"6","passive","22.5","0.13","20","20","0.05","0.25","2","160","0","96","96","25.029108835626626"
"4","passive","17.5","0.13","20","20","0.05","0.25","2","160","0","123","123","20.091351392566335"
"3","passive","17.5","-0.24","20","20","0.05","0.25","2","160","0","84","84","12.913745557357561"
"5","passive","22.5","-0.24","20","20","0.05","0.25","2","160","0","79","79","17.88931220965775"
"1","passive","12.5","-0.24","20","20","0.05","0.25","2","160","0","90","90","7.906564449418957"
"4","passive","17.5","0.13","20","20","0.05","0.25","2","160","0","124","124","20.091783822938016"
"6","passive","22.5","0.13","20","20","0.05","0.25","2","160","0","97","97","25.032653393845294"
"5","passive","22.5","-0.24","20","20","0.05","0.25","2","160","0","80","80","17.879846599174865"
"3","passive","17.5","-0.24","20","20","0.05","0.25","2","160","0","85","85","12.903058279489683"
"1","passive","12.5","-0.24","20","20","0.05","0.25","2","160","0","91","91","7.896236226948009"
"4","passive","17.5","0.13","20","20","0.05","0.25","2","160","0","125","125","20.092194631791113"
"6","passive","22.5","0.13","20","20","0.05","0.25","2","160","0","98","98","25.03602072415303"
"5","passive","22.5","-0.24","20","20","0.05","0.25","2","160","0","81","81","17.870854269216125"
"1","passive","12.5","-0.24","20","20","0.05","0.25","2","160","0","92","92","7.886424415600608"
"3","passive","17.5","-0.24","20","20","0.05","0.25","2","160","0","86","86","12.892905365515198"
"4","passive","17.5","0.13","20","20","0.05","0.25","2","160","0","126","126","20.092584900201555"
"1","passive","12.5","-0.24","20","20","0.05","0.25","2","160","0","93","93","7.877103194820577"
"5","passive","22.5","-0.24","20","20","0.05","0.25","2","160","0","82","82","17.86231155575532"
"6","passive","22.5","0.13","20","20","0.05","0.25","2","160","0","99","99","25.039219687945376"
"4","passive","17.5","0.13","20","20","0.05","0.25","2","160","0","127","127","20.092955655191474"
"3","passive","17.5","-0.24","20","20","0.05","0.25","2","160","0","87","87","12.883260097239438"
"1","passive","12.5","-0.24","20","20","0.05","0.25","2","160","0","94","94","7.868248035079548"
"5","passive","22.5","-0.24","20","20","0.05","0.25","2","160","0","83","83","17.854195977967553"
"6","passive","22.5","0.13","20","20","0.05","0.25","2","160","0","100","100","25.042258703548107"
"4","passive","17.5","0.13","20","20","0.05","0.25","2","160","0","128","128","20.0933078724319"
"1","passive","12.5","-0.24","20","20","0.05","0.25","2","160","0","95","95","7.85983563332557"
"3","passive","17.5","-0.24","20","20","0.05","0.25","2","160","0","88","88","12.874097092377466"
"6","passive","22.5","0.13","20","20","0.05","0.25","2","160","0","101","101","25.045145768370702"
"4","passive","17.5","0.13","20","20","0.05","0.25","2","160","0","129","129","20.093642478810306"
"5","passive","22.5","-0.24","20","20","0.05","0.25","2","160","0","84","84","17.846486179069178"
"1","passive","12.5","-0.24","20","20","0.05","0.25","2","160","0","96","96","7.851843851659291"
"3","passive","17.5","-0.24","20","20","0.05","0.25","2","160","0","89","89","12.865392237758593"
"6","passive","22.5","0.13","20","20","0.05","0.25","2","160","0","102","102","25.047888479952167"
"5","passive","22.5","-0.24","20","20","0.05","0.25","2","160","0","85","85","17.83916187011572"
"4","passive","17.5","0.13","20","20","0.05","0.25","2","160","0","130","130","20.09396035486979"
"3","passive","17.5","-0.24","20","20","0.05","0.25","2","160","0","90","90","12.857122625870664"
"6","passive","22.5","0.13","20","20","0.05","0.25","2","160","0","103","103","25.05049405595456"
"4","passive","17.5","0.13","20","20","0.05","0.25","2","160","0","131","131","20.0942623371263"
"5","passive","22.5","-0.24","20","20","0.05","0.25","2","160","0","86","86","17.832203776609937"
"3","passive","17.5","-0.24","20","20","0.05","0.25","2","160","0","91","91","12.849266494577131"
"6","passive","22.5","0.13","20","20","0.05","0.25","2","160","0","104","104","25.05296935315683"
"4","passive","17.5","0.13","20","20","0.05","0.25","2","160","0","132","132","20.094549220269982"
"5","passive","22.5","-0.24","20","20","0.05","0.25","2","160","0","87","87","17.82559358777944"
"6","passive","22.5","0.13","20","20","0.05","0.25","2","160","0","105","105","25.055320885498986"
"3","passive","17.5","-0.24","20","20","0.05","0.25","2","160","0","92","92","12.841803169848275"
"4","passive","17.5","0.13","20","20","0.05","0.25","2","160","0","133","133","20.094821759256483"
"6","passive","22.5","0.13","20","20","0.05","0.25","2","160","0","106","106","25.057554841224036"
"5","passive","22.5","-0.24","20","20","0.05","0.25","2","160","0","88","88","17.81931390839047"
"3","passive","17.5","-0.24","20","20","0.05","0.25","2","160","0","93","93","12.834713011355861"
"4","passive","17.5","0.13","20","20","0.05","0.25","2","160","0","134","134","20.09508067129366"
"6","passive","22.5","0.13","20","20","0.05","0.25","2","160","0","107","107","25.059677099162833"
"3","passive","17.5","-0.24","20","20","0.05","0.25","2","160","0","94","94","12.827977360788068"
"4","passive","17.5","0.13","20","20","0.05","0.25","2","160","0","135","135","20.095326637728974"
"6","passive","22.5","0.13","20","20","0.05","0.25","2","160","0","108","108","25.06169324420469"
"4","passive","17.5","0.13","20","20","0.05","0.25","2","160","0","136","136","20.095560305842525"
"6","passive","22.5","0.13","20","20","0.05","0.25","2","160","0","109","109","25.063608581994455"
"3","passive","17.5","-0.24","20","20","0.05","0.25","2","160","0","95","95","12.821578492748666"
"6","passive","22.5","0.13","20","20","0.05","0.25","2","160","0","110","110","25.065428152894732"
"4","passive","17.5","0.13","20","20","0.05","0.25","2","160","0","137","137","20.0957822905504"
"3","passive","17.5","-0.24","20","20","0.05","0.25","2","160","0","96","96","12.815499568111232"
"4","passive","17.5","0.13","20","20","0.05","0.25","2","160","0","138","138","20.09599317602288"
"3","passive","17.5","-0.24","20","20","0.05","0.25","2","160","0","97","97","12.80972458970567"
"6","passive","22.5","0.13","20","20","0.05","0.25","2","160","0","111","111","25.067156745249996"
"4","passive","17.5","0.13","20","20","0.05","0.25","2","160","0","139","139","20.096193517221735"
"3","passive","17.5","-0.24","20","20","0.05","0.25","2","160","0","98","98","12.804238360220387"
"4","passive","17.5","0.13","20","20","0.05","0.25","2","160","0","140","140","20.096383841360648"
"6","passive","22.5","0.13","20","20","0.05","0.25","2","160","0","112","112","25.068798907987496"
"4","passive","17.5","0.13","20","20","0.05","0.25","2","160","0","141","141","20.096564649292613"
"6","passive","22.5","0.13","20","20","0.05","0.25","2","160","0","113","113","25.07035896258812"
"4","passive","17.5","0.13","20","20","0.05","0.25","2","160","0","142","142","20.09673641682798"
"6","passive","22.5","0.13","20","20","0.05","0.25","2","160","0","114","114","25.071841014458712"
"4","passive","17.5","0.13","20","20","0.05","0.25","2","160","0","143","143","20.09689959598658"
"6","passive","22.5","0.13","20","20","0.05","0.25","2","160","0","115","115","25.073248963735775"
"4","passive","17.5","0.13","20","20","0.05","0.25","2","160","0","144","144","20.09705461618725"
"6","passive","22.5","0.13","20","20","0.05","0.25","2","160","0","116","116","25.074586515548987"
"4","passive","17.5","0.13","20","20","0.05","0.25","2","160","0","145","145","20.09720188537789"
"6","passive","22.5","0.13","20","20","0.05","0.25","2","160","0","117","117","25.075857189771536"
"4","passive","17.5","0.13","20","20","0.05","0.25","2","160","0","146","146","20.09734179110899"
"4","passive","17.5","0.13","20","20","0.05","0.25","2","160","0","147","147","20.09747470155354"
"6","passive","22.5","0.13","20","20","0.05","0.25","2","160","0","118","118","25.07706433028296"
"4","passive","17.5","0.13","20","20","0.05","0.25","2","160","0","148","148","20.097600966475863"
"6","passive","22.5","0.13","20","20","0.05","0.25","2","160","0","119","119","25.07821111376881"
"4","passive","17.5","0.13","20","20","0.05","0.25","2","160","0","149","149","20.097720918152067"
"6","passive","22.5","0.13","20","20","0.05","0.25","2","160","0","120","120","25.079300558080366"
"4","passive","17.5","0.13","20","20","0.05","0.25","2","160","0","150","150","20.097834872244462"
"6","passive","22.5","0.13","20","20","0.05","0.25","2","160","0","121","121","25.080335530176345"
"4","passive","17.5","0.13","20","20","0.05","0.25","2","160","0","151","151","20.097943128632238"
"6","passive","22.5","0.13","20","20","0.05","0.25","2","160","0","122","122","25.081318753667528"
"4","passive","17.5","0.13","20","20","0.05","0.25","2","160","0","152","152","20.098045972200627"
"6","passive","22.5","0.13","20","20","0.05","0.25","2","160","0","123","123","25.082252815984152"
"4","passive","17.5","0.13","20","20","0.05","0.25","2","160","0","153","153","20.098143673590595"
"6","passive","22.5","0.13","20","20","0.05","0.25","2","160","0","124","124","25.083140175184944"
"4","passive","17.5","0.13","20","20","0.05","0.25","2","160","0","154","154","20.098236489911063"
"6","passive","22.5","0.13","20","20","0.05","0.25","2","160","0","125","125","25.083983166425696"
"4","passive","17.5","0.13","20","20","0.05","0.25","2","160","0","155","155","20.098324665415507"
"6","passive","22.5","0.13","20","20","0.05","0.25","2","160","0","126","126","25.08478400810441"
"4","passive","17.5","0.13","20","20","0.05","0.25","2","160","0","156","156","20.09840843214473"
"6","passive","22.5","0.13","20","20","0.05","0.25","2","160","0","127","127","25.08554480769919"
"4","passive","17.5","0.13","20","20","0.05","0.25","2","160","0","157","157","20.09848801053749"
"6","passive","22.5","0.13","20","20","0.05","0.25","2","160","0","128","128","25.08626756731423"
"4","passive","17.5","0.13","20","20","0.05","0.25","2","160","0","158","158","20.098563610010615"
"6","passive","22.5","0.13","20","20","0.05","0.25","2","160","0","129","129","25.086954188948518"
"4","passive","17.5","0.13","20","20","0.05","0.25","2","160","0","159","159","20.098635429510082"
"6","passive","22.5","0.13","20","20","0.05","0.25","2","160","0","130","130","25.08760647950109"
"4","passive","17.5","0.13","20","20","0.05","0.25","2","160","0","160","160","20.098703658034577"
"6","passive","22.5","0.13","20","20","0.05","0.25","2","160","0","131","131","25.088226155526034"
"6","passive","22.5","0.13","20","20","0.05","0.25","2","160","0","132","132","25.08881484774973"
"6","passive","22.5","0.13","20","20","0.05","0.25","2","160","0","133","133","25.089374105362243"
"6","passive","22.5","0.13","20","20","0.05","0.25","2","160","0","134","134","25.08990540009413"
"6","passive","22.5","0.13","20","20","0.05","0.25","2","160","0","135","135","25.09041013008942"
"6","passive","22.5","0.13","20","20","0.05","0.25","2","160","0","136","136","25.09088962358495"
"6","passive","22.5","0.13","20","20","0.05","0.25","2","160","0","137","137","25.0913451424057"
"6","passive","22.5","0.13","20","20","0.05","0.25","2","160","0","138","138","25.091777885285413"
"6","passive","22.5","0.13","20","20","0.05","0.25","2","160","0","139","139","25.092188991021143"
"6","passive","22.5","0.13","20","20","0.05","0.25","2","160","0","140","140","25.092579541470084"
"6","passive","22.5","0.13","20","20","0.05","0.25","2","160","0","141","141","25.092950564396578"
"6","passive","22.5","0.13","20","20","0.05","0.25","2","160","0","142","142","25.09330303617675"
"6","passive","22.5","0.13","20","20","0.05","0.25","2","160","0","143","143","25.09363788436791"
"6","passive","22.5","0.13","20","20","0.05","0.25","2","160","0","144","144","25.093955990149514"
"6","passive","22.5","0.13","20","20","0.05","0.25","2","160","0","145","145","25.094258190642037"
"6","passive","22.5","0.13","20","20","0.05","0.25","2","160","0","146","146","25.094545281109934"
"6","passive","22.5","0.13","20","20","0.05","0.25","2","160","0","147","147","25.094818017054436"
"6","passive","22.5","0.13","20","20","0.05","0.25","2","160","0","148","148","25.095077116201715"
"6","passive","22.5","0.13","20","20","0.05","0.25","2","160","0","149","149","25.095323260391627"
"6","passive","22.5","0.13","20","20","0.05","0.25","2","160","0","150","150","25.095557097372044"
"6","passive","22.5","0.13","20","20","0.05","0.25","2","160","0","151","151","25.09577924250344"
"6","passive","22.5","0.13","20","20","0.05","0.25","2","160","0","152","152","25.095990280378267"
"6","passive","22.5","0.13","20","20","0.05","0.25","2","160","0","153","153","25.096190766359353"
"6","passive","22.5","0.13","20","20","0.05","0.25","2","160","0","154","154","25.096381228041384"
"6","passive","22.5","0.13","20","20","0.05","0.25","2","160","0","155","155","25.096562166639313"
"6","passive","22.5","0.13","20","20","0.05","0.25","2","160","0","156","156","25.096734058307344"
"6","passive","22.5","0.13","20","20","0.05","0.25","2","160","0","157","157","25.096897355391977"
"6","passive","22.5","0.13","20","20","0.05","0.25","2","160","0","158","158","25.097052487622378"
"7","passive","28.5","-0.24","20","20","0.05","0.25","2","160","0","118","118","23.71149907594315"
"6","passive","22.5","0.13","20","20","0.05","0.25","2","160","0","159","159","25.097199863241258"
"7","passive","28.5","-0.24","20","20","0.05","0.25","2","160","0","119","119","23.710924122145993"
"6","passive","22.5","0.13","20","20","0.05","0.25","2","160","0","160","160","25.097339870079193"
"7","passive","28.5","-0.24","20","20","0.05","0.25","2","160","0","120","120","23.710377916038695"
"7","passive","28.5","-0.24","20","20","0.05","0.25","2","160","0","121","121","23.709859020236763"
"7","passive","28.5","-0.24","20","20","0.05","0.25","2","160","0","122","122","23.709366069224927"
"7","passive","28.5","-0.24","20","20","0.05","0.25","2","160","0","123","123","23.708897765763684"
"7","passive","28.5","-0.24","20","20","0.05","0.25","2","160","0","124","124","23.7084528774755"
"7","passive","28.5","-0.24","20","20","0.05","0.25","2","160","0","125","125","23.70803023360173"
"7","passive","28.5","-0.24","20","20","0.05","0.25","2","160","0","126","126","23.707628721921644"
"7","passive","28.5","-0.24","20","20","0.05","0.25","2","160","0","127","127","23.707247285825563"
"7","passive","28.5","-0.24","20","20","0.05","0.25","2","160","0","128","128","23.706884921534286"
"7","passive","28.5","-0.24","20","20","0.05","0.25","2","160","0","129","129","23.706540675457575"
"7","passive","28.5","-0.24","20","20","0.05","0.25","2","160","0","130","130","23.7062136416847"
"7","passive","28.5","-0.24","20","20","0.05","0.25","2","160","0","131","131","23.705902959600465"
"7","passive","28.5","-0.24","20","20","0.05","0.25","2","160","0","132","132","23.705607811620443"
"7","passive","28.5","-0.24","20","20","0.05","0.25","2","160","0","133","133","23.70532742103942"
"7","passive","28.5","-0.24","20","20","0.05","0.25","2","160","0","134","134","23.705061049987453"
"7","passive","28.5","-0.24","20","20","0.05","0.25","2","160","0","135","135","23.704807997488082"
"7","passive","28.5","-0.24","20","20","0.05","0.25","2","160","0","136","136","23.70456759761368"
"7","passive","28.5","-0.24","20","20","0.05","0.25","2","160","0","137","137","23.704339217732997"
"7","passive","28.5","-0.24","20","20","0.05","0.25","2","160","0","138","138","23.70412225684635"
"7","passive","28.5","-0.24","20","20","0.05","0.25","2","160","0","139","139","23.703916144004033"
"7","passive","28.5","-0.24","20","20","0.05","0.25","2","160","0","140","140","23.703720336803833"
"7","passive","28.5","-0.24","20","20","0.05","0.25","2","160","0","141","141","23.703534319963644"
"7","passive","28.5","-0.24","20","20","0.05","0.25","2","160","0","142","142","23.703357603965465"
"7","passive","28.5","-0.24","20","20","0.05","0.25","2","160","0","143","143","23.703189723767192"
"7","passive","28.5","-0.24","20","20","0.05","0.25","2","160","0","144","144","23.703030237578833"
"8","passive","28.5","0.13","20","20","0.05","0.25","2","160","0","132","132","31.08193360072542"
"7","passive","28.5","-0.24","20","20","0.05","0.25","2","160","0","145","145","23.702878725699893"
"8","passive","28.5","0.13","20","20","0.05","0.25","2","160","0","133","133","31.08283692068915"
"7","passive","28.5","-0.24","20","20","0.05","0.25","2","160","0","146","146","23.7027347894149"
"8","passive","28.5","0.13","20","20","0.05","0.25","2","160","0","134","134","31.083695074654692"
"7","passive","28.5","-0.24","20","20","0.05","0.25","2","160","0","147","147","23.702598049944157"
"8","passive","28.5","0.13","20","20","0.05","0.25","2","160","0","135","135","31.084510320921957"
"7","passive","28.5","-0.24","20","20","0.05","0.25","2","160","0","148","148","23.70246814744695"
"8","passive","28.5","0.13","20","20","0.05","0.25","2","160","0","136","136","31.085284804875858"
"7","passive","28.5","-0.24","20","20","0.05","0.25","2","160","0","149","149","23.702344740074604"
"8","passive","28.5","0.13","20","20","0.05","0.25","2","160","0","137","137","31.086020564632065"
"7","passive","28.5","-0.24","20","20","0.05","0.25","2","160","0","150","150","23.702227503070876"
"8","passive","28.5","0.13","20","20","0.05","0.25","2","160","0","138","138","31.086719536400462"
"7","passive","28.5","-0.24","20","20","0.05","0.25","2","160","0","151","151","23.702116127917336"
"8","passive","28.5","0.13","20","20","0.05","0.25","2","160","0","139","139","31.087383559580438"
"7","passive","28.5","-0.24","20","20","0.05","0.25","2","160","0","152","152","23.70201032152147"
"8","passive","28.5","0.13","20","20","0.05","0.25","2","160","0","140","140","31.088014381601415"
"7","passive","28.5","-0.24","20","20","0.05","0.25","2","160","0","153","153","23.7019098054454"
"8","passive","28.5","0.13","20","20","0.05","0.25","2","160","0","141","141","31.088613662521343"
"7","passive","28.5","-0.24","20","20","0.05","0.25","2","160","0","154","154","23.70181431517313"
"8","passive","28.5","0.13","20","20","0.05","0.25","2","160","0","142","142","31.089182979395275"
"7","passive","28.5","-0.24","20","20","0.05","0.25","2","160","0","155","155","23.701723599414475"
"8","passive","28.5","0.13","20","20","0.05","0.25","2","160","0","143","143","31.08972383042551"
"7","passive","28.5","-0.24","20","20","0.05","0.25","2","160","0","156","156","23.701637419443752"
"8","passive","28.5","0.13","20","20","0.05","0.25","2","160","0","144","144","31.09023763890423"
"7","passive","28.5","-0.24","20","20","0.05","0.25","2","160","0","157","157","23.701555548471568"
"8","passive","28.5","0.13","20","20","0.05","0.25","2","160","0","145","145","31.090725756959017"
"7","passive","28.5","-0.24","20","20","0.05","0.25","2","160","0","158","158","23.70147777104799"
"8","passive","28.5","0.13","20","20","0.05","0.25","2","160","0","146","146","31.091189469111065"
"7","passive","28.5","-0.24","20","20","0.05","0.25","2","160","0","159","159","23.701403882495594"
"8","passive","28.5","0.13","20","20","0.05","0.25","2","160","0","147","147","31.09162999565551"
"7","passive","28.5","-0.24","20","20","0.05","0.25","2","160","0","160","160","23.701333688370816"
"8","passive","28.5","0.13","20","20","0.05","0.25","2","160","0","148","148","31.09204849587273"
"8","passive","28.5","0.13","20","20","0.05","0.25","2","160","0","149","149","31.092446071079095"
"8","passive","28.5","0.13","20","20","0.05","0.25","2","160","0","150","150","31.09282376752514"
"8","passive","28.5","0.13","20","20","0.05","0.25","2","160","0","151","151","31.09318257914888"
"8","passive","28.5","0.13","20","20","0.05","0.25","2","160","0","152","152","31.093523450191437"
"8","passive","28.5","0.13","20","20","0.05","0.25","2","160","0","153","153","31.093847277681864"
"8","passive","28.5","0.13","20","20","0.05","0.25","2","160","0","154","154","31.09415491379777"
"8","passive","28.5","0.13","20","20","0.05","0.25","2","160","0","155","155","31.09444716810788"
"8","passive","28.5","0.13","20","20","0.05","0.25","2","160","0","156","156","31.094724809702484"
"8","passive","28.5","0.13","20","20","0.05","0.25","2","160","0","157","157","31.09498856921736"
"8","passive","28.5","0.13","20","20","0.05","0.25","2","160","0","158","158","31.09523914075649"
"8","passive","28.5","0.13","20","20","0.05","0.25","2","160","0","159","159","31.095477183718664"
"8","passive","28.5","0.13","20","20","0.05","0.25","2","160","0","160","160","31.09570332453273"
"1","passive","12.5","-0.24","20","20","0.05","0.25","2","160","0","97","97","7.844251659076326"
"1","passive","12.5","-0.24","20","20","0.05","0.25","2","160","0","98","98","7.83703907612251"
"1","passive","12.5","-0.24","20","20","0.05","0.25","2","160","0","99","99","7.830187122316385"
"1","passive","12.5","-0.24","20","20","0.05","0.25","2","160","0","100","100","7.823677766200566"
"5","passive","22.5","-0.24","20","20","0.05","0.25","2","160","0","89","89","17.813348212970947"
"1","passive","12.5","-0.24","20","20","0.05","0.25","2","160","0","101","101","7.817493877890538"
"5","passive","22.5","-0.24","20","20","0.05","0.25","2","160","0","90","90","17.807680802322402"
"1","passive","12.5","-0.24","20","20","0.05","0.25","2","160","0","102","102","7.81161918399601"
"5","passive","22.5","-0.24","20","20","0.05","0.25","2","160","0","91","91","17.802296762206282"
"1","passive","12.5","-0.24","20","20","0.05","0.25","2","160","0","103","103","7.806038224796209"
"1","passive","12.5","-0.24","20","20","0.05","0.25","2","160","0","104","104","7.800736313556399"
"5","passive","22.5","-0.24","20","20","0.05","0.25","2","160","0","92","92","17.79718192409597"
"1","passive","12.5","-0.24","20","20","0.05","0.25","2","160","0","105","105","7.795699497878578"
"5","passive","22.5","-0.24","20","20","0.05","0.25","2","160","0","93","93","17.792322827891173"
"1","passive","12.5","-0.24","20","20","0.05","0.25","2","160","0","106","106","7.790914522984648"
"5","passive","22.5","-0.24","20","20","0.05","0.25","2","160","0","94","94","17.787706686496616"
"1","passive","12.5","-0.24","20","20","0.05","0.25","2","160","0","107","107","7.786368796835415"
"5","passive","22.5","-0.24","20","20","0.05","0.25","2","160","0","95","95","17.783321352171786"
"1","passive","12.5","-0.24","20","20","0.05","0.25","2","160","0","108","108","7.7820503569936434"
"3","passive","17.5","-0.24","20","20","0.05","0.25","2","160","0","99","99","12.799026442209367"
"1","passive","12.5","-0.24","20","20","0.05","0.25","2","160","0","109","109","7.777947839143961"
"5","passive","22.5","-0.24","20","20","0.05","0.25","2","160","0","96","96","17.7791552845632"
"3","passive","17.5","-0.24","20","20","0.05","0.25","2","160","0","100","100","12.7940751200989"
"1","passive","12.5","-0.24","20","20","0.05","0.25","2","160","0","110","110","7.774050447186763"
"5","passive","22.5","-0.24","20","20","0.05","0.25","2","160","0","97","97","17.77519752033504"
"3","passive","17.5","-0.24","20","20","0.05","0.25","2","160","0","101","101","12.789371364093954"
"1","passive","12.5","-0.24","20","20","0.05","0.25","2","160","0","111","111","7.7703479248274245"
"3","passive","17.5","-0.24","20","20","0.05","0.25","2","160","0","102","102","12.784902795889256"
"5","passive","22.5","-0.24","20","20","0.05","0.25","2","160","0","98","98","17.77143764431829"
"1","passive","12.5","-0.24","20","20","0.05","0.25","2","160","0","112","112","7.766830528586054"
"3","passive","17.5","-0.24","20","20","0.05","0.25","2","160","0","103","103","12.780657656094792"
"1","passive","12.5","-0.24","20","20","0.05","0.25","2","160","0","113","113","7.763489002156751"
"5","passive","22.5","-0.24","20","20","0.05","0.25","2","160","0","99","99","17.767865762102378"
"3","passive","17.5","-0.24","20","20","0.05","0.25","2","160","0","104","104","12.776624773290052"
"1","passive","12.5","-0.24","20","20","0.05","0.25","2","160","0","114","114","7.7603145520489125"
"5","passive","22.5","-0.24","20","20","0.05","0.25","2","160","0","100","100","17.764472473997262"
"1","passive","12.5","-0.24","20","20","0.05","0.25","2","160","0","115","115","7.757298824446467"
"3","passive","17.5","-0.24","20","20","0.05","0.25","2","160","0","105","105","12.77279353462555"
"1","passive","12.5","-0.24","20","20","0.05","0.25","2","160","0","116","116","7.754433883224143"
"3","passive","17.5","-0.24","20","20","0.05","0.25","2","160","0","106","106","12.769153857894272"
"5","passive","22.5","-0.24","20","20","0.05","0.25","2","160","0","101","101","17.761248850297402"
"3","passive","17.5","-0.24","20","20","0.05","0.25","2","160","0","107","107","12.765696164999559"
"5","passive","22.5","-0.24","20","20","0.05","0.25","2","160","0","102","102","17.758186407782535"
"1","passive","12.5","-0.24","20","20","0.05","0.25","2","160","0","117","117","7.7517121890629355"
"5","passive","22.5","-0.24","20","20","0.05","0.25","2","160","0","103","103","17.75527708739341"
"3","passive","17.5","-0.24","20","20","0.05","0.25","2","160","0","108","108","12.762411356749581"
"1","passive","12.5","-0.24","20","20","0.05","0.25","2","160","0","118","118","7.749126579609788"
"3","passive","17.5","-0.24","20","20","0.05","0.25","2","160","0","109","109","12.759290788912102"
"5","passive","22.5","-0.24","20","20","0.05","0.25","2","160","0","104","104","17.75251323302374"
"1","passive","12.5","-0.24","20","20","0.05","0.25","2","160","0","119","119","7.746670250629299"
"3","passive","17.5","-0.24","20","20","0.05","0.25","2","160","0","110","110","12.756326249466497"
"5","passive","22.5","-0.24","20","20","0.05","0.25","2","160","0","105","105","17.749887571372557"
"1","passive","12.5","-0.24","20","20","0.05","0.25","2","160","0","120","120","7.744336738097833"
"3","passive","17.5","-0.24","20","20","0.05","0.25","2","160","0","111","111","12.753509936993172"
"5","passive","22.5","-0.24","20","20","0.05","0.25","2","160","0","106","106","17.74739319280393"
"1","passive","12.5","-0.24","20","20","0.05","0.25","2","160","0","121","121","7.742119901192941"
"3","passive","17.5","-0.24","20","20","0.05","0.25","2","160","0","112","112","12.750834440143514"
"5","passive","22.5","-0.24","20","20","0.05","0.25","2","160","0","107","107","17.745023533163735"
"1","passive","12.5","-0.24","20","20","0.05","0.25","2","160","0","122","122","7.740013906133294"
"3","passive","17.5","-0.24","20","20","0.05","0.25","2","160","0","113","113","12.748292718136337"
"5","passive","22.5","-0.24","20","20","0.05","0.25","2","160","0","108","108","17.74277235650555"
"1","passive","12.5","-0.24","20","20","0.05","0.25","2","160","0","123","123","7.7380132108266295"
"5","passive","22.5","-0.24","20","20","0.05","0.25","2","160","0","109","109","17.740633738680273"
"1","passive","12.5","-0.24","20","20","0.05","0.25","2","160","0","124","124","7.736112550285298"
"3","passive","17.5","-0.24","20","20","0.05","0.25","2","160","0","114","114","12.74587808222952"
"5","passive","22.5","-0.24","20","20","0.05","0.25","2","160","0","110","110","17.738602051746263"
"3","passive","17.5","-0.24","20","20","0.05","0.25","2","160","0","115","115","12.743584178118043"
"1","passive","12.5","-0.24","20","20","0.05","0.25","2","160","0","125","125","7.734306922771032"
"5","passive","22.5","-0.24","20","20","0.05","0.25","2","160","0","111","111","17.73667194915895"
"3","passive","17.5","-0.24","20","20","0.05","0.25","2","160","0","116","116","12.741404969212141"
"1","passive","12.5","-0.24","20","20","0.05","0.25","2","160","0","126","126","7.732591576632481"
"5","passive","22.5","-0.24","20","20","0.05","0.25","2","160","0","112","112","17.734838351701004"
"3","passive","17.5","-0.24","20","20","0.05","0.25","2","160","0","117","117","12.739334720751534"
"5","passive","22.5","-0.24","20","20","0.05","0.25","2","160","0","113","113","17.733096434115957"
"1","passive","12.5","-0.24","20","20","0.05","0.25","2","160","0","127","127","7.730961997800857"
"3","passive","17.5","-0.24","20","20","0.05","0.25","2","160","0","118","118","12.737367984713957"
"5","passive","22.5","-0.24","20","20","0.05","0.25","2","160","0","114","114","17.731441612410162"
"1","passive","12.5","-0.24","20","20","0.05","0.25","2","160","0","128","128","7.729413897910813"
"3","passive","17.5","-0.24","20","20","0.05","0.25","2","160","0","119","119","12.735499585478259"
"5","passive","22.5","-0.24","20","20","0.05","0.25","2","160","0","115","115","17.729869531789657"
"1","passive","12.5","-0.24","20","20","0.05","0.25","2","160","0","129","129","7.727943203015273"
"3","passive","17.5","-0.24","20","20","0.05","0.25","2","160","0","120","120","12.733724606204346"
"5","passive","22.5","-0.24","20","20","0.05","0.25","2","160","0","116","116","17.728376055200176"
"1","passive","12.5","-0.24","20","20","0.05","0.25","2","160","0","130","130","7.726546042864509"
"3","passive","17.5","-0.24","20","20","0.05","0.25","2","160","0","121","121","12.732038375894128"
"5","passive","22.5","-0.24","20","20","0.05","0.25","2","160","0","117","117","17.72695725244017"
"1","passive","12.5","-0.24","20","20","0.05","0.25","2","160","0","131","131","7.725218740721283"
"3","passive","17.5","-0.24","20","20","0.05","0.25","2","160","0","122","122","12.73043645709942"
"5","passive","22.5","-0.24","20","20","0.05","0.25","2","160","0","118","118","17.72560938981816"
"1","passive","12.5","-0.24","20","20","0.05","0.25","2","160","0","132","132","7.723957803685219"
"3","passive","17.5","-0.24","20","20","0.05","0.25","2","160","0","123","123","12.728914634244449"
"5","passive","22.5","-0.24","20","20","0.05","0.25","2","160","0","119","119","17.724328920327252"
"1","passive","12.5","-0.24","20","20","0.05","0.25","2","160","0","133","133","7.722759913500958"
"3","passive","17.5","-0.24","20","20","0.05","0.25","2","160","0","124","124","12.727468902532227"
"5","passive","22.5","-0.24","20","20","0.05","0.25","2","160","0","120","120","17.72311247431089"
"1","passive","12.5","-0.24","20","20","0.05","0.25","2","160","0","134","134","7.72162191782591"
"3","passive","17.5","-0.24","20","20","0.05","0.25","2","160","0","125","125","12.726095457405615"
"5","passive","22.5","-0.24","20","20","0.05","0.25","2","160","0","121","121","17.721956850595348"
"1","passive","12.5","-0.24","20","20","0.05","0.25","2","160","0","135","135","7.720540821934614"
"3","passive","17.5","-0.24","20","20","0.05","0.25","2","160","0","126","126","12.724790684535334"
"5","passive","22.5","-0.24","20","20","0.05","0.25","2","160","0","122","122","17.72085900806558"
"1","passive","12.5","-0.24","20","20","0.05","0.25","2","160","0","136","136","7.719513780837883"
"3","passive","17.5","-0.24","20","20","0.05","0.25","2","160","0","127","127","12.723551150308566"
"5","passive","22.5","-0.24","20","20","0.05","0.25","2","160","0","123","123","17.719816057662303"
"1","passive","12.5","-0.24","20","20","0.05","0.25","2","160","0","137","137","7.718538091795989"
"5","passive","22.5","-0.24","20","20","0.05","0.25","2","160","0","124","124","17.71882525477919"
"3","passive","17.5","-0.24","20","20","0.05","0.25","2","160","0","128","128","12.722373592793138"
"1","passive","12.5","-0.24","20","20","0.05","0.25","2","160","0","138","138","7.71761118720619"
"5","passive","22.5","-0.24","20","20","0.05","0.25","2","160","0","125","125","17.717883992040232"
"1","passive","12.5","-0.24","20","20","0.05","0.25","2","160","0","139","139","7.71673062784588"
"5","passive","22.5","-0.24","20","20","0.05","0.25","2","160","0","126","126","17.716989792438223"
"3","passive","17.5","-0.24","20","20","0.05","0.25","2","160","0","129","129","12.721254913153482"
"3","passive","17.5","-0.24","20","20","0.05","0.25","2","160","0","130","130","12.720192167495808"
"5","passive","22.5","-0.24","20","20","0.05","0.25","2","160","0","127","127","17.716140302816314"
"3","passive","17.5","-0.24","20","20","0.05","0.25","2","160","0","131","131","12.719182559121018"
"5","passive","22.5","-0.24","20","20","0.05","0.25","2","160","0","128","128","17.7153332876755"
"3","passive","17.5","-0.24","20","20","0.05","0.25","2","160","0","132","132","12.718223431164967"
"3","passive","17.5","-0.24","20","20","0.05","0.25","2","160","0","133","133","12.717312259606718"
"3","passive","17.5","-0.24","20","20","0.05","0.25","2","160","0","134","134","12.716446646626382"
"3","passive","17.5","-0.24","20","20","0.05","0.25","2","160","0","135","135","12.715624314295063"
"3","passive","17.5","-0.24","20","20","0.05","0.25","2","160","0","136","136","12.71484309858031"
"3","passive","17.5","-0.24","20","20","0.05","0.25","2","160","0","137","137","12.714100943651294"
"3","passive","17.5","-0.24","20","20","0.05","0.25","2","160","0","138","138","12.713395896468729"
"3","passive","17.5","-0.24","20","20","0.05","0.25","2","160","0","139","139","12.712726101645293"
"3","passive","17.5","-0.24","20","20","0.05","0.25","2","160","0","140","140","12.712089796563028"
"3","passive","17.5","-0.24","20","20","0.05","0.25","2","160","0","141","141","12.711485306734875"
"3","passive","17.5","-0.24","20","20","0.05","0.25","2","160","0","142","142","12.710911041398132"
"3","passive","17.5","-0.24","20","20","0.05","0.25","2","160","0","143","143","12.710365489328225"
"3","passive","17.5","-0.24","20","20","0.05","0.25","2","160","0","144","144","12.709847214861814"
"3","passive","17.5","-0.24","20","20","0.05","0.25","2","160","0","145","145","12.709354854118724"
"3","passive","17.5","-0.24","20","20","0.05","0.25","2","160","0","146","146","12.708887111412787"
"3","passive","17.5","-0.24","20","20","0.05","0.25","2","160","0","147","147","12.708442755842148"
"3","passive","17.5","-0.24","20","20","0.05","0.25","2","160","0","148","148","12.70802061805004"
"3","passive","17.5","-0.24","20","20","0.05","0.25","2","160","0","149","149","12.707619587147539"
"3","passive","17.5","-0.24","20","20","0.05","0.25","2","160","0","150","150","12.707238607790162"
"3","passive","17.5","-0.24","20","20","0.05","0.25","2","160","0","151","151","12.706876677400654"
"3","passive","17.5","-0.24","20","20","0.05","0.25","2","160","0","152","152","12.70653284353062"
"3","passive","17.5","-0.24","20","20","0.05","0.25","2","160","0","153","153","12.706206201354089"
"3","passive","17.5","-0.24","20","20","0.05","0.25","2","160","0","154","154","12.705895891286383"
"3","passive","17.5","-0.24","20","20","0.05","0.25","2","160","0","155","155","12.705601096722065"
"3","passive","17.5","-0.24","20","20","0.05","0.25","2","160","0","156","156","12.705321041885961"
"3","passive","17.5","-0.24","20","20","0.05","0.25","2","160","0","157","157","12.705054989791662"
"3","passive","17.5","-0.24","20","20","0.05","0.25","2","160","0","158","158","12.70480224030208"
"3","passive","17.5","-0.24","20","20","0.05","0.25","2","160","0","159","159","12.704562128286975"
"3","passive","17.5","-0.24","20","20","0.05","0.25","2","160","0","160","160","12.704334021872626"
"1","passive","12.5","-0.24","20","20","0.05","0.25","2","160","0","140","140","7.715894096453586"
"1","passive","12.5","-0.24","20","20","0.05","0.25","2","160","0","141","141","7.715099391630907"
"5","passive","22.5","-0.24","20","20","0.05","0.25","2","160","0","129","129","17.714566623291727"
"1","passive","12.5","-0.24","20","20","0.05","0.25","2","160","0","142","142","7.714344422049361"
"5","passive","22.5","-0.24","20","20","0.05","0.25","2","160","0","130","130","17.713838292127143"
"1","passive","12.5","-0.24","20","20","0.05","0.25","2","160","0","143","143","7.713627200946893"
"5","passive","22.5","-0.24","20","20","0.05","0.25","2","160","0","131","131","17.713146377520786"
"1","passive","12.5","-0.24","20","20","0.05","0.25","2","160","0","144","144","7.712945840899548"
"5","passive","22.5","-0.24","20","20","0.05","0.25","2","160","0","132","132","17.71248905864475"
"1","passive","12.5","-0.24","20","20","0.05","0.25","2","160","0","145","145","7.71229854885457"
"5","passive","22.5","-0.24","20","20","0.05","0.25","2","160","0","133","133","17.711864605712513"
"5","passive","22.5","-0.24","20","20","0.05","0.25","2","160","0","134","134","17.71127137542689"
"1","passive","12.5","-0.24","20","20","0.05","0.25","2","160","0","146","146","7.711683621411842"
"5","passive","22.5","-0.24","20","20","0.05","0.25","2","160","0","135","135","17.710707806655545"
"1","passive","12.5","-0.24","20","20","0.05","0.25","2","160","0","147","147","7.71109944034125"
"5","passive","22.5","-0.24","20","20","0.05","0.25","2","160","0","136","136","17.71017241632277"
"1","passive","12.5","-0.24","20","20","0.05","0.25","2","160","0","148","148","7.710544468324187"
"5","passive","22.5","-0.24","20","20","0.05","0.25","2","160","0","137","137","17.709663795506632"
"1","passive","12.5","-0.24","20","20","0.05","0.25","2","160","0","149","149","7.710017244907977"
"5","passive","22.5","-0.24","20","20","0.05","0.25","2","160","0","138","138","17.7091806057313"
"1","passive","12.5","-0.24","20","20","0.05","0.25","2","160","0","150","150","7.709516382662578"
"5","passive","22.5","-0.24","20","20","0.05","0.25","2","160","0","139","139","17.708721575444738"
"1","passive","12.5","-0.24","20","20","0.05","0.25","2","160","0","151","151","7.709040563529449"
"5","passive","22.5","-0.24","20","20","0.05","0.25","2","160","0","140","140","17.708285496672502"
"1","passive","12.5","-0.24","20","20","0.05","0.25","2","160","0","152","152","7.708588535352976"
"5","passive","22.5","-0.24","20","20","0.05","0.25","2","160","0","141","141","17.70787122183888"
"1","passive","12.5","-0.24","20","20","0.05","0.25","2","160","0","153","153","7.708159108585327"
"5","passive","22.5","-0.24","20","20","0.05","0.25","2","160","0","142","142","17.707477660746935"
"1","passive","12.5","-0.24","20","20","0.05","0.25","2","160","0","154","154","7.70775115315606"
"1","passive","12.5","-0.24","20","20","0.05","0.25","2","160","0","155","155","7.707363595498257"
"5","passive","22.5","-0.24","20","20","0.05","0.25","2","160","0","143","143","17.70710377770959"
"5","passive","22.5","-0.24","20","20","0.05","0.25","2","160","0","144","144","17.706748588824112"
"1","passive","12.5","-0.24","20","20","0.05","0.25","2","160","0","156","156","7.706995415723344"
"5","passive","22.5","-0.24","20","20","0.05","0.25","2","160","0","145","145","17.70641115938291"
"1","passive","12.5","-0.24","20","20","0.05","0.25","2","160","0","157","157","7.7066456449371765"
"5","passive","22.5","-0.24","20","20","0.05","0.25","2","160","0","146","146","17.706090601413766"
"1","passive","12.5","-0.24","20","20","0.05","0.25","2","160","0","158","158","7.7063133626903175"
"1","passive","12.5","-0.24","20","20","0.05","0.25","2","160","0","159","159","7.705997694555801"
"5","passive","22.5","-0.24","20","20","0.05","0.25","2","160","0","147","147","17.70578607134308"
"1","passive","12.5","-0.24","20","20","0.05","0.25","2","160","0","160","160","7.705697809828011"
"5","passive","22.5","-0.24","20","20","0.05","0.25","2","160","0","148","148","17.705496767775927"
"5","passive","22.5","-0.24","20","20","0.05","0.25","2","160","0","149","149","17.705221929387132"
"5","passive","22.5","-0.24","20","20","0.05","0.25","2","160","0","150","150","17.704960832917777"
"5","passive","22.5","-0.24","20","20","0.05","0.25","2","160","0","151","151","17.70471279127189"
"5","passive","22.5","-0.24","20","20","0.05","0.25","2","160","0","152","152","17.7044771517083"
"5","passive","22.5","-0.24","20","20","0.05","0.25","2","160","0","153","153","17.704253294122886"
"5","passive","22.5","-0.24","20","20","0.05","0.25","2","160","0","154","154","17.704040629416742"
"5","passive","22.5","-0.24","20","20","0.05","0.25","2","160","0","155","155","17.703838597945907"
"5","passive","22.5","-0.24","20","20","0.05","0.25","2","160","0","156","156","17.703646668048613"
"5","passive","22.5","-0.24","20","20","0.05","0.25","2","160","0","157","157","17.703464334646185"
"5","passive","22.5","-0.24","20","20","0.05","0.25","2","160","0","158","158","17.703291117913878"
"5","passive","22.5","-0.24","20","20","0.05","0.25","2","160","0","159","159","17.703126562018184"
"5","passive","22.5","-0.24","20","20","0.05","0.25","2","160","0","160","160","17.702970233917277"
