"BehaviorSpace results (NetLogo 7.0.4)","Table version 2.0"
"/home/brian/code/collective-competence/goal-discovery/src/experiments/thermostat/thermostat.nlogox"
"p2v2-train-discovery-passive"
"08/29/2026 02:58:37:810 -0700"
"min-pxcor","max-pxcor","min-pycor","max-pycor"
"0","4","-20","80"
"[run number]","arm","setpoint","displacement-amount","initial-temperature","ambient-temperature","relaxation-rate","controller-gain","max-control","max-ticks","load-magnitude","[step]","ticks","temperature"
"8","passive","28.5","6.5","20","20","0.05","0.25","2","160","0","0","0","20"
"5","passive","22.5","-5.5","20","20","0.05","0.25","2","160","0","0","0","20"
"6","passive","22.5","6.5","20","20","0.05","0.25","2","160","0","0","0","20"
"2","passive","12.5","6.5","20","20","0.05","0.25","2","160","0","0","0","20"
"4","passive","17.5","6.5","20","20","0.05","0.25","2","160","0","0","0","20"
"1","passive","12.5","-5.5","20","20","0.05","0.25","2","160","0","0","0","20"
"7","passive","28.5","-5.5","20","20","0.05","0.25","2","160","0","0","0","20"
"3","passive","17.5","-5.5","20","20","0.05","0.25","2","160","0","0","0","20"
"8","passive","28.5","6.5","20","20","0.05","0.25","2","160","0","1","1","20.425"
"6","passive","22.5","6.5","20","20","0.05","0.25","2","160","0","1","1","20.125"
"2","passive","12.5","6.5","20","20","0.05","0.25","2","160","0","1","1","19.625"
"5","passive","22.5","-5.5","20","20","0.05","0.25","2","160","0","1","1","20.125"
"1","passive","12.5","-5.5","20","20","0.05","0.25","2","160","0","1","1","19.625"
"4","passive","17.5","6.5","20","20","0.05","0.25","2","160","0","1","1","19.875"
"7","passive","28.5","-5.5","20","20","0.05","0.25","2","160","0","1","1","20.425"
"3","passive","17.5","-5.5","20","20","0.05","0.25","2","160","0","1","1","19.875"
"8","passive","28.5","6.5","20","20","0.05","0.25","2","160","0","2","2","20.82875"
"6","passive","22.5","6.5","20","20","0.05","0.25","2","160","0","2","2","20.24375"
"5","passive","22.5","-5.5","20","20","0.05","0.25","2","160","0","2","2","20.24375"
"4","passive","17.5","6.5","20","20","0.05","0.25","2","160","0","2","2","19.75625"
"2","passive","12.5","6.5","20","20","0.05","0.25","2","160","0","2","2","19.26875"
"1","passive","12.5","-5.5","20","20","0.05","0.25","2","160","0","2","2","19.26875"
"3","passive","17.5","-5.5","20","20","0.05","0.25","2","160","0","2","2","19.75625"
"7","passive","28.5","-5.5","20","20","0.05","0.25","2","160","0","2","2","20.82875"
"8","passive","28.5","6.5","20","20","0.05","0.25","2","160","0","3","3","21.2123125"
"6","passive","22.5","6.5","20","20","0.05","0.25","2","160","0","3","3","20.3565625"
"4","passive","17.5","6.5","20","20","0.05","0.25","2","160","0","3","3","19.6434375"
"1","passive","12.5","-5.5","20","20","0.05","0.25","2","160","0","3","3","18.9303125"
"7","passive","28.5","-5.5","20","20","0.05","0.25","2","160","0","3","3","21.2123125"
"3","passive","17.5","-5.5","20","20","0.05","0.25","2","160","0","3","3","19.6434375"
"8","passive","28.5","6.5","20","20","0.05","0.25","2","160","0","4","4","21.576696875"
"6","passive","22.5","6.5","20","20","0.05","0.25","2","160","0","4","4","20.463734374999998"
"4","passive","17.5","6.5","20","20","0.05","0.25","2","160","0","4","4","19.536265625000002"
"1","passive","12.5","-5.5","20","20","0.05","0.25","2","160","0","4","4","18.608796875"
"7","passive","28.5","-5.5","20","20","0.05","0.25","2","160","0","4","4","21.576696875"
"3","passive","17.5","-5.5","20","20","0.05","0.25","2","160","0","4","4","19.536265625000002"
"6","passive","22.5","6.5","20","20","0.05","0.25","2","160","0","5","5","20.565547656249997"
"8","passive","28.5","6.5","20","20","0.05","0.25","2","160","0","5","5","21.92286203125"
"4","passive","17.5","6.5","20","20","0.05","0.25","2","160","0","5","5","19.434452343750003"
"7","passive","28.5","-5.5","20","20","0.05","0.25","2","160","0","5","5","21.92286203125"
"1","passive","12.5","-5.5","20","20","0.05","0.25","2","160","0","5","5","18.30335703125"
"3","passive","17.5","-5.5","20","20","0.05","0.25","2","160","0","5","5","19.434452343750003"
"8","passive","28.5","6.5","20","20","0.05","0.25","2","160","0","6","6","22.2517189296875"
"6","passive","22.5","6.5","20","20","0.05","0.25","2","160","0","6","6","20.662270273437496"
"4","passive","17.5","6.5","20","20","0.05","0.25","2","160","0","6","6","19.337729726562504"
"7","passive","28.5","-5.5","20","20","0.05","0.25","2","160","0","6","6","22.2517189296875"
"3","passive","17.5","-5.5","20","20","0.05","0.25","2","160","0","6","6","19.337729726562504"
"8","passive","28.5","6.5","20","20","0.05","0.25","2","160","0","7","7","22.564132983203123"
"1","passive","12.5","-5.5","20","20","0.05","0.25","2","160","0","6","6","18.013189179687497"
"4","passive","17.5","6.5","20","20","0.05","0.25","2","160","0","7","7","19.24584324023438"
"6","passive","22.5","6.5","20","20","0.05","0.25","2","160","0","7","7","20.75415675976562"
"7","passive","28.5","-5.5","20","20","0.05","0.25","2","160","0","7","7","22.564132983203123"
"3","passive","17.5","-5.5","20","20","0.05","0.25","2","160","0","7","7","19.24584324023438"
"8","passive","28.5","6.5","20","20","0.05","0.25","2","160","0","8","8","22.86092633404297"
"4","passive","17.5","6.5","20","20","0.05","0.25","2","160","0","8","8","19.15855107822266"
"6","passive","22.5","6.5","20","20","0.05","0.25","2","160","0","8","8","20.84144892177734"
"1","passive","12.5","-5.5","20","20","0.05","0.25","2","160","0","7","7","17.737529720703122"
"3","passive","17.5","-5.5","20","20","0.05","0.25","2","160","0","8","8","19.15855107822266"
"8","passive","28.5","6.5","20","20","0.05","0.25","2","160","0","9","9","23.14288001734082"
"6","passive","22.5","6.5","20","20","0.05","0.25","2","160","0","9","9","20.924376475688472"
"1","passive","12.5","-5.5","20","20","0.05","0.25","2","160","0","8","8","17.475653234667966"
"4","passive","17.5","6.5","20","20","0.05","0.25","2","160","0","9","9","19.075623524311528"
"8","passive","28.5","6.5","20","20","0.05","0.25","2","160","0","10","10","23.410736016473777"
"6","passive","22.5","6.5","20","20","0.05","0.25","2","160","0","10","10","21.003157651904047"
"1","passive","12.5","-5.5","20","20","0.05","0.25","2","160","0","9","9","17.22687057293457"
"4","passive","17.5","6.5","20","20","0.05","0.25","2","160","0","10","10","18.996842348095953"
"8","passive","28.5","6.5","20","20","0.05","0.25","2","160","0","11","11","23.665199215650087"
"6","passive","22.5","6.5","20","20","0.05","0.25","2","160","0","11","11","21.077999769308846"
"1","passive","12.5","-5.5","20","20","0.05","0.25","2","160","0","10","10","16.99052704428784"
"4","passive","17.5","6.5","20","20","0.05","0.25","2","160","0","11","11","18.922000230691154"
"6","passive","22.5","6.5","20","20","0.05","0.25","2","160","0","12","12","21.149099780843404"
"1","passive","12.5","-5.5","20","20","0.05","0.25","2","160","0","11","11","16.766000692073447"
"4","passive","17.5","6.5","20","20","0.05","0.25","2","160","0","12","12","18.850900219156596"
"6","passive","22.5","6.5","20","20","0.05","0.25","2","160","0","13","13","21.216644791801233"
"6","passive","22.5","6.5","20","20","0.05","0.25","2","160","0","14","14","21.28081255221117"
"6","passive","22.5","6.5","20","20","0.05","0.25","2","160","0","15","15","21.34177192460061"
"6","passive","22.5","6.5","20","20","0.05","0.25","2","160","0","16","16","21.399683328370582"
"6","passive","22.5","6.5","20","20","0.05","0.25","2","160","0","17","17","21.454699161952053"
"6","passive","22.5","6.5","20","20","0.05","0.25","2","160","0","18","18","21.50696420385445"
"6","passive","22.5","6.5","20","20","0.05","0.25","2","160","0","19","19","21.55661599366173"
"5","passive","22.5","-5.5","20","20","0.05","0.25","2","160","0","3","3","20.3565625"
"6","passive","22.5","6.5","20","20","0.05","0.25","2","160","0","20","20","21.603785193978645"
"5","passive","22.5","-5.5","20","20","0.05","0.25","2","160","0","4","4","20.463734374999998"
"6","passive","22.5","6.5","20","20","0.05","0.25","2","160","0","21","21","27.823595934279712"
"5","passive","22.5","-5.5","20","20","0.05","0.25","2","160","0","5","5","20.565547656249997"
"2","passive","12.5","6.5","20","20","0.05","0.25","2","160","0","3","3","18.9303125"
"5","passive","22.5","-5.5","20","20","0.05","0.25","2","160","0","6","6","20.662270273437496"
"6","passive","22.5","6.5","20","20","0.05","0.25","2","160","0","22","22","27.557416137565728"
"2","passive","12.5","6.5","20","20","0.05","0.25","2","160","0","4","4","18.608796875"
"5","passive","22.5","-5.5","20","20","0.05","0.25","2","160","0","7","7","20.75415675976562"
"6","passive","22.5","6.5","20","20","0.05","0.25","2","160","0","23","23","27.304545330687443"
"2","passive","12.5","6.5","20","20","0.05","0.25","2","160","0","5","5","18.30335703125"
"6","passive","22.5","6.5","20","20","0.05","0.25","2","160","0","24","24","27.06431806415307"
"5","passive","22.5","-5.5","20","20","0.05","0.25","2","160","0","8","8","20.84144892177734"
"2","passive","12.5","6.5","20","20","0.05","0.25","2","160","0","6","6","18.013189179687497"
"5","passive","22.5","-5.5","20","20","0.05","0.25","2","160","0","9","9","20.924376475688472"
"6","passive","22.5","6.5","20","20","0.05","0.25","2","160","0","25","25","26.836102160945416"
"2","passive","12.5","6.5","20","20","0.05","0.25","2","160","0","7","7","17.737529720703122"
"5","passive","22.5","-5.5","20","20","0.05","0.25","2","160","0","10","10","21.003157651904047"
"6","passive","22.5","6.5","20","20","0.05","0.25","2","160","0","26","26","26.619297052898144"
"2","passive","12.5","6.5","20","20","0.05","0.25","2","160","0","8","8","17.475653234667966"
"5","passive","22.5","-5.5","20","20","0.05","0.25","2","160","0","11","11","21.077999769308846"
"6","passive","22.5","6.5","20","20","0.05","0.25","2","160","0","27","27","26.413332200253237"
"2","passive","12.5","6.5","20","20","0.05","0.25","2","160","0","9","9","17.22687057293457"
"6","passive","22.5","6.5","20","20","0.05","0.25","2","160","0","28","28","26.217665590240575"
"5","passive","22.5","-5.5","20","20","0.05","0.25","2","160","0","12","12","21.149099780843404"
"5","passive","22.5","-5.5","20","20","0.05","0.25","2","160","0","13","13","21.216644791801233"
"6","passive","22.5","6.5","20","20","0.05","0.25","2","160","0","29","29","26.031782310728545"
"2","passive","12.5","6.5","20","20","0.05","0.25","2","160","0","10","10","16.99052704428784"
"5","passive","22.5","-5.5","20","20","0.05","0.25","2","160","0","14","14","21.28081255221117"
"2","passive","12.5","6.5","20","20","0.05","0.25","2","160","0","11","11","16.766000692073447"
"6","passive","22.5","6.5","20","20","0.05","0.25","2","160","0","30","30","25.85519319519212"
"5","passive","22.5","-5.5","20","20","0.05","0.25","2","160","0","15","15","21.34177192460061"
"2","passive","12.5","6.5","20","20","0.05","0.25","2","160","0","12","12","16.552700657469774"
"5","passive","22.5","-5.5","20","20","0.05","0.25","2","160","0","16","16","21.399683328370582"
"6","passive","22.5","6.5","20","20","0.05","0.25","2","160","0","31","31","25.68743353543251"
"2","passive","12.5","6.5","20","20","0.05","0.25","2","160","0","13","13","16.350065624596287"
"5","passive","22.5","-5.5","20","20","0.05","0.25","2","160","0","17","17","21.454699161952053"
"2","passive","12.5","6.5","20","20","0.05","0.25","2","160","0","14","14","16.15756234336647"
"6","passive","22.5","6.5","20","20","0.05","0.25","2","160","0","32","32","25.528061858660884"
"5","passive","22.5","-5.5","20","20","0.05","0.25","2","160","0","18","18","21.50696420385445"
"2","passive","12.5","6.5","20","20","0.05","0.25","2","160","0","15","15","15.974684226198148"
"2","passive","12.5","6.5","20","20","0.05","0.25","2","160","0","16","16","15.80095001488824"
"5","passive","22.5","-5.5","20","20","0.05","0.25","2","160","0","19","19","21.55661599366173"
"6","passive","22.5","6.5","20","20","0.05","0.25","2","160","0","33","33","25.37665876572784"
"2","passive","12.5","6.5","20","20","0.05","0.25","2","160","0","17","17","15.635902514143828"
"5","passive","22.5","-5.5","20","20","0.05","0.25","2","160","0","20","20","21.603785193978645"
"6","passive","22.5","6.5","20","20","0.05","0.25","2","160","0","34","34","25.23282582744145"
"2","passive","12.5","6.5","20","20","0.05","0.25","2","160","0","18","18","15.479107388436637"
"6","passive","22.5","6.5","20","20","0.05","0.25","2","160","0","35","35","25.096184536069376"
"2","passive","12.5","6.5","20","20","0.05","0.25","2","160","0","19","19","15.330152019014804"
"5","passive","22.5","-5.5","20","20","0.05","0.25","2","160","0","21","21","16.423595934279714"
"6","passive","22.5","6.5","20","20","0.05","0.25","2","160","0","36","36","24.966375309265906"
"2","passive","12.5","6.5","20","20","0.05","0.25","2","160","0","20","20","15.188644418064063"
"5","passive","22.5","-5.5","20","20","0.05","0.25","2","160","0","22","22","16.72741613756573"
"6","passive","22.5","6.5","20","20","0.05","0.25","2","160","0","37","37","24.84305654380261"
"2","passive","12.5","6.5","20","20","0.05","0.25","2","160","0","21","21","21.229212197160862"
"6","passive","22.5","6.5","20","20","0.05","0.25","2","160","0","38","38","24.72590371661248"
"2","passive","12.5","6.5","20","20","0.05","0.25","2","160","0","22","22","20.79275158730282"
"6","passive","22.5","6.5","20","20","0.05","0.25","2","160","0","39","39","24.614608530781855"
"2","passive","12.5","6.5","20","20","0.05","0.25","2","160","0","23","23","20.37811400793768"
"6","passive","22.5","6.5","20","20","0.05","0.25","2","160","0","40","40","24.50887810424276"
"2","passive","12.5","6.5","20","20","0.05","0.25","2","160","0","24","24","19.984208307540793"
"6","passive","22.5","6.5","20","20","0.05","0.25","2","160","0","41","41","24.408434199030623"
"2","passive","12.5","6.5","20","20","0.05","0.25","2","160","0","25","25","19.609997892163754"
"6","passive","22.5","6.5","20","20","0.05","0.25","2","160","0","42","42","24.313012489079092"
"2","passive","12.5","6.5","20","20","0.05","0.25","2","160","0","26","26","19.254497997555568"
"6","passive","22.5","6.5","20","20","0.05","0.25","2","160","0","43","43","24.22236186462514"
"2","passive","12.5","6.5","20","20","0.05","0.25","2","160","0","27","27","18.91677309767779"
"6","passive","22.5","6.5","20","20","0.05","0.25","2","160","0","44","44","24.136243771393882"
"2","passive","12.5","6.5","20","20","0.05","0.25","2","160","0","28","28","18.5959344427939"
"6","passive","22.5","6.5","20","20","0.05","0.25","2","160","0","45","45","24.05443158282419"
"2","passive","12.5","6.5","20","20","0.05","0.25","2","160","0","29","29","18.291137720654206"
"6","passive","22.5","6.5","20","20","0.05","0.25","2","160","0","46","46","23.97671000368298"
"2","passive","12.5","6.5","20","20","0.05","0.25","2","160","0","30","30","18.001580834621496"
"2","passive","12.5","6.5","20","20","0.05","0.25","2","160","0","31","31","17.72650179289042"
"6","passive","22.5","6.5","20","20","0.05","0.25","2","160","0","47","47","23.902874503498833"
"6","passive","22.5","6.5","20","20","0.05","0.25","2","160","0","48","48","23.832730778323892"
"2","passive","12.5","6.5","20","20","0.05","0.25","2","160","0","32","32","17.4651767032459"
"2","passive","12.5","6.5","20","20","0.05","0.25","2","160","0","33","33","17.216917868083602"
"6","passive","22.5","6.5","20","20","0.05","0.25","2","160","0","49","49","23.766094239407696"
"2","passive","12.5","6.5","20","20","0.05","0.25","2","160","0","34","34","16.981071974679423"
"6","passive","22.5","6.5","20","20","0.05","0.25","2","160","0","50","50","23.70278952743731"
"6","passive","22.5","6.5","20","20","0.05","0.25","2","160","0","51","51","23.642650051065445"
"2","passive","12.5","6.5","20","20","0.05","0.25","2","160","0","35","35","16.757018375945453"
"6","passive","22.5","6.5","20","20","0.05","0.25","2","160","0","52","52","23.585517548512172"
"2","passive","12.5","6.5","20","20","0.05","0.25","2","160","0","36","36","16.54416745714818"
"6","passive","22.5","6.5","20","20","0.05","0.25","2","160","0","53","53","23.531241671086562"
"2","passive","12.5","6.5","20","20","0.05","0.25","2","160","0","37","37","16.34195908429077"
"6","passive","22.5","6.5","20","20","0.05","0.25","2","160","0","54","54","23.479679587532235"
"2","passive","12.5","6.5","20","20","0.05","0.25","2","160","0","38","38","16.149861130076232"
"6","passive","22.5","6.5","20","20","0.05","0.25","2","160","0","55","55","23.430695608155624"
"2","passive","12.5","6.5","20","20","0.05","0.25","2","160","0","39","39","15.96736807357242"
"6","passive","22.5","6.5","20","20","0.05","0.25","2","160","0","56","56","23.38416082774784"
"2","passive","12.5","6.5","20","20","0.05","0.25","2","160","0","40","40","15.793999669893799"
"6","passive","22.5","6.5","20","20","0.05","0.25","2","160","0","57","57","23.33995278636045"
"2","passive","12.5","6.5","20","20","0.05","0.25","2","160","0","41","41","15.629299686399108"
"6","passive","22.5","6.5","20","20","0.05","0.25","2","160","0","58","58","23.297955147042426"
"2","passive","12.5","6.5","20","20","0.05","0.25","2","160","0","42","42","15.472834702079153"
"6","passive","22.5","6.5","20","20","0.05","0.25","2","160","0","59","59","23.258057389690304"
"7","passive","28.5","-5.5","20","20","0.05","0.25","2","160","0","8","8","22.86092633404297"
"2","passive","12.5","6.5","20","20","0.05","0.25","2","160","0","43","43","15.324192966975195"
"6","passive","22.5","6.5","20","20","0.05","0.25","2","160","0","60","60","23.22015452020579"
"2","passive","12.5","6.5","20","20","0.05","0.25","2","160","0","44","44","15.182983318626436"
"6","passive","22.5","6.5","20","20","0.05","0.25","2","160","0","61","61","23.1841467941955"
"7","passive","28.5","-5.5","20","20","0.05","0.25","2","160","0","9","9","23.14288001734082"
"6","passive","22.5","6.5","20","20","0.05","0.25","2","160","0","62","62","23.149939454485725"
"2","passive","12.5","6.5","20","20","0.05","0.25","2","160","0","45","45","15.048834152695115"
"7","passive","28.5","-5.5","20","20","0.05","0.25","2","160","0","10","10","23.410736016473777"
"2","passive","12.5","6.5","20","20","0.05","0.25","2","160","0","46","46","14.92139244506036"
"6","passive","22.5","6.5","20","20","0.05","0.25","2","160","0","63","63","23.11744248176144"
"7","passive","28.5","-5.5","20","20","0.05","0.25","2","160","0","11","11","23.665199215650087"
"2","passive","12.5","6.5","20","20","0.05","0.25","2","160","0","47","47","14.800322822807342"
"6","passive","22.5","6.5","20","20","0.05","0.25","2","160","0","64","64","23.086570357673367"
"7","passive","28.5","-5.5","20","20","0.05","0.25","2","160","0","12","12","23.906939254867584"
"2","passive","12.5","6.5","20","20","0.05","0.25","2","160","0","48","48","14.685306681666974"
"6","passive","22.5","6.5","20","20","0.05","0.25","2","160","0","65","65","23.057241839789697"
"7","passive","28.5","-5.5","20","20","0.05","0.25","2","160","0","13","13","24.136592292124206"
"6","passive","22.5","6.5","20","20","0.05","0.25","2","160","0","66","66","23.029379747800213"
"7","passive","28.5","-5.5","20","20","0.05","0.25","2","160","0","14","14","24.354762677517996"
"2","passive","12.5","6.5","20","20","0.05","0.25","2","160","0","49","49","14.576041347583626"
"6","passive","22.5","6.5","20","20","0.05","0.25","2","160","0","67","67","23.002910760410202"
"6","passive","22.5","6.5","20","20","0.05","0.25","2","160","0","68","68","22.977765222389692"
"7","passive","28.5","-5.5","20","20","0.05","0.25","2","160","0","15","15","24.562024543642096"
"2","passive","12.5","6.5","20","20","0.05","0.25","2","160","0","50","50","14.472239280204445"
"6","passive","22.5","6.5","20","20","0.05","0.25","2","160","0","69","69","22.953876961270208"
"2","passive","12.5","6.5","20","20","0.05","0.25","2","160","0","51","51","14.373627316194222"
"7","passive","28.5","-5.5","20","20","0.05","0.25","2","160","0","16","16","24.758923316459992"
"6","passive","22.5","6.5","20","20","0.05","0.25","2","160","0","70","70","22.931183113206696"
"2","passive","12.5","6.5","20","20","0.05","0.25","2","160","0","52","52","14.27994595038451"
"7","passive","28.5","-5.5","20","20","0.05","0.25","2","160","0","17","17","24.945977150636992"
"6","passive","22.5","6.5","20","20","0.05","0.25","2","160","0","71","71","22.909623957546362"
"3","passive","17.5","-5.5","20","20","0.05","0.25","2","160","0","9","9","19.075623524311528"
"2","passive","12.5","6.5","20","20","0.05","0.25","2","160","0","53","53","14.190948652865284"
"7","passive","28.5","-5.5","20","20","0.05","0.25","2","160","0","18","18","25.123678293105144"
"6","passive","22.5","6.5","20","20","0.05","0.25","2","160","0","72","72","22.889142759669046"
"2","passive","12.5","6.5","20","20","0.05","0.25","2","160","0","54","54","14.10640122022202"
"7","passive","28.5","-5.5","20","20","0.05","0.25","2","160","0","19","19","25.292494378449888"
"3","passive","17.5","-5.5","20","20","0.05","0.25","2","160","0","10","10","18.996842348095953"
"6","passive","22.5","6.5","20","20","0.05","0.25","2","160","0","73","73","22.869685621685594"
"2","passive","12.5","6.5","20","20","0.05","0.25","2","160","0","55","55","14.02608115921092"
"3","passive","17.5","-5.5","20","20","0.05","0.25","2","160","0","11","11","18.922000230691154"
"7","passive","28.5","-5.5","20","20","0.05","0.25","2","160","0","20","20","25.452869659527394"
"6","passive","22.5","6.5","20","20","0.05","0.25","2","160","0","74","74","22.851201340601314"
"2","passive","12.5","6.5","20","20","0.05","0.25","2","160","0","56","56","13.949777101250374"
"3","passive","17.5","-5.5","20","20","0.05","0.25","2","160","0","12","12","18.850900219156596"
"6","passive","22.5","6.5","20","20","0.05","0.25","2","160","0","75","75","22.83364127357125"
"2","passive","12.5","6.5","20","20","0.05","0.25","2","160","0","57","57","13.877288246187856"
"6","passive","22.5","6.5","20","20","0.05","0.25","2","160","0","76","76","22.816959209892687"
"7","passive","28.5","-5.5","20","20","0.05","0.25","2","160","0","21","21","20.380226176551023"
"3","passive","17.5","-5.5","20","20","0.05","0.25","2","160","0","13","13","18.783355208198767"
"6","passive","22.5","6.5","20","20","0.05","0.25","2","160","0","77","77","22.80111124939805"
"2","passive","12.5","6.5","20","20","0.05","0.25","2","160","0","58","58","13.808423833878463"
"7","passive","28.5","-5.5","20","20","0.05","0.25","2","160","0","22","22","20.786214867723473"
"3","passive","17.5","-5.5","20","20","0.05","0.25","2","160","0","14","14","18.71918744778883"
"6","passive","22.5","6.5","20","20","0.05","0.25","2","160","0","78","78","22.786055686928147"
"2","passive","12.5","6.5","20","20","0.05","0.25","2","160","0","59","59","13.743002642184539"
"7","passive","28.5","-5.5","20","20","0.05","0.25","2","160","0","23","23","21.1719041243373"
"6","passive","22.5","6.5","20","20","0.05","0.25","2","160","0","79","79","22.77175290258174"
"3","passive","17.5","-5.5","20","20","0.05","0.25","2","160","0","15","15","18.65822807539939"
"2","passive","12.5","6.5","20","20","0.05","0.25","2","160","0","60","60","13.680852510075312"
"8","passive","28.5","6.5","20","20","0.05","0.25","2","160","0","12","12","23.906939254867584"
"7","passive","28.5","-5.5","20","20","0.05","0.25","2","160","0","24","24","21.538308918120435"
"6","passive","22.5","6.5","20","20","0.05","0.25","2","160","0","80","80","22.758165257452653"
"3","passive","17.5","-5.5","20","20","0.05","0.25","2","160","0","16","16","18.600316671629418"
"2","passive","12.5","6.5","20","20","0.05","0.25","2","160","0","61","61","13.621809884571546"
"8","passive","28.5","6.5","20","20","0.05","0.25","2","160","0","13","13","24.136592292124206"
"6","passive","22.5","6.5","20","20","0.05","0.25","2","160","0","81","81","22.74525699458002"
"3","passive","17.5","-5.5","20","20","0.05","0.25","2","160","0","17","17","18.545300838047947"
"7","passive","28.5","-5.5","20","20","0.05","0.25","2","160","0","25","25","21.886393472214415"
"8","passive","28.5","6.5","20","20","0.05","0.25","2","160","0","14","14","24.354762677517996"
"2","passive","12.5","6.5","20","20","0.05","0.25","2","160","0","62","62","13.565719390342968"
"1","passive","12.5","-5.5","20","20","0.05","0.25","2","160","0","12","12","16.552700657469774"
"3","passive","17.5","-5.5","20","20","0.05","0.25","2","160","0","18","18","18.49303579614555"
"7","passive","28.5","-5.5","20","20","0.05","0.25","2","160","0","26","26","22.217073798603693"
"4","passive","17.5","6.5","20","20","0.05","0.25","2","160","0","13","13","18.783355208198767"
"6","passive","22.5","6.5","20","20","0.05","0.25","2","160","0","82","82","22.73299414485102"
"2","passive","12.5","6.5","20","20","0.05","0.25","2","160","0","63","63","13.51243342082582"
"8","passive","28.5","6.5","20","20","0.05","0.25","2","160","0","15","15","24.562024543642096"
"3","passive","17.5","-5.5","20","20","0.05","0.25","2","160","0","19","19","18.44338400633827"
"6","passive","22.5","6.5","20","20","0.05","0.25","2","160","0","83","83","22.72134443760847"
"7","passive","28.5","-5.5","20","20","0.05","0.25","2","160","0","27","27","22.53122010867351"
"4","passive","17.5","6.5","20","20","0.05","0.25","2","160","0","14","14","18.71918744778883"
"2","passive","12.5","6.5","20","20","0.05","0.25","2","160","0","64","64","13.461811749784529"
"1","passive","12.5","-5.5","20","20","0.05","0.25","2","160","0","13","13","16.350065624596287"
"6","passive","22.5","6.5","20","20","0.05","0.25","2","160","0","84","84","22.710277215728045"
"8","passive","28.5","6.5","20","20","0.05","0.25","2","160","0","16","16","24.758923316459992"
"3","passive","17.5","-5.5","20","20","0.05","0.25","2","160","0","20","20","18.396214806021355"
"7","passive","28.5","-5.5","20","20","0.05","0.25","2","160","0","28","28","22.829659103239834"
"4","passive","17.5","6.5","20","20","0.05","0.25","2","160","0","15","15","18.65822807539939"
"2","passive","12.5","6.5","20","20","0.05","0.25","2","160","0","65","65","13.413721162295301"
"6","passive","22.5","6.5","20","20","0.05","0.25","2","160","0","85","85","22.69976335494164"
"8","passive","28.5","6.5","20","20","0.05","0.25","2","160","0","17","17","24.945977150636992"
"1","passive","12.5","-5.5","20","20","0.05","0.25","2","160","0","14","14","16.15756234336647"
"4","passive","17.5","6.5","20","20","0.05","0.25","2","160","0","16","16","18.600316671629418"
"3","passive","17.5","-5.5","20","20","0.05","0.25","2","160","0","21","21","13.126404065720287"
"2","passive","12.5","6.5","20","20","0.05","0.25","2","160","0","66","66","13.368035104180537"
"6","passive","22.5","6.5","20","20","0.05","0.25","2","160","0","86","86","22.68977518719456"
"7","passive","28.5","-5.5","20","20","0.05","0.25","2","160","0","29","29","23.11317614807784"
"8","passive","28.5","6.5","20","20","0.05","0.25","2","160","0","18","18","25.123678293105144"
"4","passive","17.5","6.5","20","20","0.05","0.25","2","160","0","17","17","18.545300838047947"
"1","passive","12.5","-5.5","20","20","0.05","0.25","2","160","0","15","15","15.974684226198148"
"3","passive","17.5","-5.5","20","20","0.05","0.25","2","160","0","22","22","13.345083862434272"
"2","passive","12.5","6.5","20","20","0.05","0.25","2","160","0","67","67","13.32463334897151"
"6","passive","22.5","6.5","20","20","0.05","0.25","2","160","0","87","87","22.680286427834833"
"8","passive","28.5","6.5","20","20","0.05","0.25","2","160","0","19","19","25.292494378449888"
"1","passive","12.5","-5.5","20","20","0.05","0.25","2","160","0","16","16","15.80095001488824"
"6","passive","22.5","6.5","20","20","0.05","0.25","2","160","0","88","88","22.67127210644309"
"7","passive","28.5","-5.5","20","20","0.05","0.25","2","160","0","30","30","23.38251734067395"
"4","passive","17.5","6.5","20","20","0.05","0.25","2","160","0","18","18","18.49303579614555"
"8","passive","28.5","6.5","20","20","0.05","0.25","2","160","0","20","20","25.452869659527394"
"2","passive","12.5","6.5","20","20","0.05","0.25","2","160","0","68","68","13.283401681522934"
"6","passive","22.5","6.5","20","20","0.05","0.25","2","160","0","89","89","22.662708501120935"
"1","passive","12.5","-5.5","20","20","0.05","0.25","2","160","0","17","17","15.635902514143828"
"3","passive","17.5","-5.5","20","20","0.05","0.25","2","160","0","23","23","13.552829669312558"
"7","passive","28.5","-5.5","20","20","0.05","0.25","2","160","0","31","31","23.63839147364025"
"4","passive","17.5","6.5","20","20","0.05","0.25","2","160","0","19","19","18.44338400633827"
"6","passive","22.5","6.5","20","20","0.05","0.25","2","160","0","90","90","22.65457307606489"
"2","passive","12.5","6.5","20","20","0.05","0.25","2","160","0","69","69","13.244231597446786"
"6","passive","22.5","6.5","20","20","0.05","0.25","2","160","0","91","91","22.646844422261644"
"4","passive","17.5","6.5","20","20","0.05","0.25","2","160","0","20","20","18.396214806021355"
"7","passive","28.5","-5.5","20","20","0.05","0.25","2","160","0","32","32","23.88147189995824"
"2","passive","12.5","6.5","20","20","0.05","0.25","2","160","0","70","70","13.207020017574447"
"1","passive","12.5","-5.5","20","20","0.05","0.25","2","160","0","18","18","15.479107388436637"
"3","passive","17.5","-5.5","20","20","0.05","0.25","2","160","0","24","24","13.75018818584693"
"2","passive","12.5","6.5","20","20","0.05","0.25","2","160","0","71","71","13.171669016695724"
"6","passive","22.5","6.5","20","20","0.05","0.25","2","160","0","92","92","22.639502201148563"
"7","passive","28.5","-5.5","20","20","0.05","0.25","2","160","0","33","33","24.112398304960326"
"8","passive","28.5","6.5","20","20","0.05","0.25","2","160","0","21","21","31.780226176551025"
"4","passive","17.5","6.5","20","20","0.05","0.25","2","160","0","21","21","24.526404065720286"
"3","passive","17.5","-5.5","20","20","0.05","0.25","2","160","0","25","25","13.937678776554584"
"2","passive","12.5","6.5","20","20","0.05","0.25","2","160","0","72","72","13.138085565860937"
"1","passive","12.5","-5.5","20","20","0.05","0.25","2","160","0","19","19","15.330152019014804"
"7","passive","28.5","-5.5","20","20","0.05","0.25","2","160","0","34","34","24.33177838971231"
"6","passive","22.5","6.5","20","20","0.05","0.25","2","160","0","93","93","22.632527091091134"
"4","passive","17.5","6.5","20","20","0.05","0.25","2","160","0","22","22","24.17508386243427"
"2","passive","12.5","6.5","20","20","0.05","0.25","2","160","0","73","73","13.10618128756789"
"8","passive","28.5","6.5","20","20","0.05","0.25","2","160","0","22","22","31.616214867723475"
"1","passive","12.5","-5.5","20","20","0.05","0.25","2","160","0","20","20","15.188644418064063"
"7","passive","28.5","-5.5","20","20","0.05","0.25","2","160","0","35","35","24.540189470226693"
"3","passive","17.5","-5.5","20","20","0.05","0.25","2","160","0","26","26","14.115794837726854"
"6","passive","22.5","6.5","20","20","0.05","0.25","2","160","0","94","94","22.62590073653658"
"2","passive","12.5","6.5","20","20","0.05","0.25","2","160","0","74","74","13.075872223189496"
"8","passive","28.5","6.5","20","20","0.05","0.25","2","160","0","23","23","31.460404124337302"
"4","passive","17.5","6.5","20","20","0.05","0.25","2","160","0","23","23","23.841329669312557"
"7","passive","28.5","-5.5","20","20","0.05","0.25","2","160","0","36","36","24.73817999671536"
"3","passive","17.5","-5.5","20","20","0.05","0.25","2","160","0","27","27","14.285005095840512"
"2","passive","12.5","6.5","20","20","0.05","0.25","2","160","0","75","75","13.04707861203002"
"6","passive","22.5","6.5","20","20","0.05","0.25","2","160","0","95","95","22.61960569970975"
"8","passive","28.5","6.5","20","20","0.05","0.25","2","160","0","24","24","31.312383918120435"
"1","passive","12.5","-5.5","20","20","0.05","0.25","2","160","0","21","21","9.82921219716086"
"7","passive","28.5","-5.5","20","20","0.05","0.25","2","160","0","37","37","24.92627099687959"
"6","passive","22.5","6.5","20","20","0.05","0.25","2","160","0","96","96","22.613625414724265"
"2","passive","12.5","6.5","20","20","0.05","0.25","2","160","0","76","76","13.019724681428519"
"1","passive","12.5","-5.5","20","20","0.05","0.25","2","160","0","22","22","9.962751587302817"
"6","passive","22.5","6.5","20","20","0.05","0.25","2","160","0","97","97","22.60794414398805"
"2","passive","12.5","6.5","20","20","0.05","0.25","2","160","0","77","77","12.993738447357092"
"1","passive","12.5","-5.5","20","20","0.05","0.25","2","160","0","23","23","10.089614007937676"
"2","passive","12.5","6.5","20","20","0.05","0.25","2","160","0","78","78","12.969051524989238"
"6","passive","22.5","6.5","20","20","0.05","0.25","2","160","0","98","98","22.60254693678865"
"1","passive","12.5","-5.5","20","20","0.05","0.25","2","160","0","24","24","10.210133307540792"
"2","passive","12.5","6.5","20","20","0.05","0.25","2","160","0","79","79","12.945598948739777"
"6","passive","22.5","6.5","20","20","0.05","0.25","2","160","0","99","99","22.597419589949215"
"1","passive","12.5","-5.5","20","20","0.05","0.25","2","160","0","25","25","10.324626642163752"
"2","passive","12.5","6.5","20","20","0.05","0.25","2","160","0","80","80","12.923319001302788"
"6","passive","22.5","6.5","20","20","0.05","0.25","2","160","0","100","100","22.592548610451754"
"2","passive","12.5","6.5","20","20","0.05","0.25","2","160","0","81","81","12.902153051237649"
"1","passive","12.5","-5.5","20","20","0.05","0.25","2","160","0","26","26","10.433395310055564"
"6","passive","22.5","6.5","20","20","0.05","0.25","2","160","0","101","101","22.587921179929165"
"2","passive","12.5","6.5","20","20","0.05","0.25","2","160","0","82","82","12.882045398675766"
"6","passive","22.5","6.5","20","20","0.05","0.25","2","160","0","102","102","22.583525120932705"
"1","passive","12.5","-5.5","20","20","0.05","0.25","2","160","0","27","27","10.536725544552786"
"2","passive","12.5","6.5","20","20","0.05","0.25","2","160","0","83","83","12.862943128741978"
"6","passive","22.5","6.5","20","20","0.05","0.25","2","160","0","103","103","22.57934886488607"
"1","passive","12.5","-5.5","20","20","0.05","0.25","2","160","0","28","28","10.634889267325146"
"6","passive","22.5","6.5","20","20","0.05","0.25","2","160","0","104","104","22.57538142164177"
"2","passive","12.5","6.5","20","20","0.05","0.25","2","160","0","84","84","12.84479597230488"
"1","passive","12.5","-5.5","20","20","0.05","0.25","2","160","0","29","29","10.72814480395889"
"6","passive","22.5","6.5","20","20","0.05","0.25","2","160","0","105","105","22.57161235055968"
"2","passive","12.5","6.5","20","20","0.05","0.25","2","160","0","85","85","12.827556173689636"
"6","passive","22.5","6.5","20","20","0.05","0.25","2","160","0","106","106","22.568031733031695"
"1","passive","12.5","-5.5","20","20","0.05","0.25","2","160","0","30","30","10.816737563760945"
"2","passive","12.5","6.5","20","20","0.05","0.25","2","160","0","86","86","12.811178365005155"
"6","passive","22.5","6.5","20","20","0.05","0.25","2","160","0","107","107","22.56463014638011"
"5","passive","22.5","-5.5","20","20","0.05","0.25","2","160","0","23","23","17.016045330687444"
"1","passive","12.5","-5.5","20","20","0.05","0.25","2","160","0","31","31","10.900900685572898"
"2","passive","12.5","6.5","20","20","0.05","0.25","2","160","0","87","87","12.795619446754896"
"5","passive","22.5","-5.5","20","20","0.05","0.25","2","160","0","24","24","17.29024306415307"
"6","passive","22.5","6.5","20","20","0.05","0.25","2","160","0","108","108","22.561398639061107"
"1","passive","12.5","-5.5","20","20","0.05","0.25","2","160","0","32","32","10.980855651294252"
"2","passive","12.5","6.5","20","20","0.05","0.25","2","160","0","88","88","12.780838474417152"
"5","passive","22.5","-5.5","20","20","0.05","0.25","2","160","0","25","25","17.55073091094542"
"6","passive","22.5","6.5","20","20","0.05","0.25","2","160","0","109","109","22.55832870710805"
"1","passive","12.5","-5.5","20","20","0.05","0.25","2","160","0","33","33","11.05681286872954"
"2","passive","12.5","6.5","20","20","0.05","0.25","2","160","0","89","89","12.766796550696295"
"5","passive","22.5","-5.5","20","20","0.05","0.25","2","160","0","26","26","17.798194365398146"
"6","passive","22.5","6.5","20","20","0.05","0.25","2","160","0","110","110","22.555412271752648"
"2","passive","12.5","6.5","20","20","0.05","0.25","2","160","0","90","90","12.75345672316148"
"6","passive","22.5","6.5","20","20","0.05","0.25","2","160","0","111","111","22.552641658165015"
"1","passive","12.5","-5.5","20","20","0.05","0.25","2","160","0","34","34","11.128972225293063"
"5","passive","22.5","-5.5","20","20","0.05","0.25","2","160","0","27","27","18.033284647128237"
"2","passive","12.5","6.5","20","20","0.05","0.25","2","160","0","91","91","12.740783887003406"
"1","passive","12.5","-5.5","20","20","0.05","0.25","2","160","0","35","35","11.19752361402841"
"6","passive","22.5","6.5","20","20","0.05","0.25","2","160","0","112","112","22.550009575256766"
"5","passive","22.5","-5.5","20","20","0.05","0.25","2","160","0","28","28","18.256620414771824"
"2","passive","12.5","6.5","20","20","0.05","0.25","2","160","0","92","92","12.728744692653237"
"6","passive","22.5","6.5","20","20","0.05","0.25","2","160","0","113","113","22.54750909649393"
"5","passive","22.5","-5.5","20","20","0.05","0.25","2","160","0","29","29","18.468789394033234"
"1","passive","12.5","-5.5","20","20","0.05","0.25","2","160","0","36","36","11.26264743332699"
"2","passive","12.5","6.5","20","20","0.05","0.25","2","160","0","93","93","12.717307458020574"
"6","passive","22.5","6.5","20","20","0.05","0.25","2","160","0","114","114","22.54513364166923"
"5","passive","22.5","-5.5","20","20","0.05","0.25","2","160","0","30","30","18.67034992433157"
"1","passive","12.5","-5.5","20","20","0.05","0.25","2","160","0","37","37","11.324515061660641"
"6","passive","22.5","6.5","20","20","0.05","0.25","2","160","0","115","115","22.54287695958577"
"5","passive","22.5","-5.5","20","20","0.05","0.25","2","160","0","31","31","18.861832428114994"
"2","passive","12.5","6.5","20","20","0.05","0.25","2","160","0","94","94","12.706442085119546"
"1","passive","12.5","-5.5","20","20","0.05","0.25","2","160","0","38","38","11.38328930857761"
"6","passive","22.5","6.5","20","20","0.05","0.25","2","160","0","116","116","22.54073311160648"
"2","passive","12.5","6.5","20","20","0.05","0.25","2","160","0","95","95","12.69611998086357"
"5","passive","22.5","-5.5","20","20","0.05","0.25","2","160","0","32","32","19.043740806709245"
"6","passive","22.5","6.5","20","20","0.05","0.25","2","160","0","117","117","22.53869645602616"
"2","passive","12.5","6.5","20","20","0.05","0.25","2","160","0","96","96","12.68631398182039"
"1","passive","12.5","-5.5","20","20","0.05","0.25","2","160","0","39","39","11.43912484314873"
"5","passive","22.5","-5.5","20","20","0.05","0.25","2","160","0","33","33","19.21655376637378"
"6","passive","22.5","6.5","20","20","0.05","0.25","2","160","0","118","118","22.536761633224852"
"6","passive","22.5","6.5","20","20","0.05","0.25","2","160","0","119","119","22.534923551563608"
"2","passive","12.5","6.5","20","20","0.05","0.25","2","160","0","97","97","12.676998282729372"
"1","passive","12.5","-5.5","20","20","0.05","0.25","2","160","0","40","40","11.492168600991292"
"5","passive","22.5","-5.5","20","20","0.05","0.25","2","160","0","34","34","19.380726078055094"
"6","passive","22.5","6.5","20","20","0.05","0.25","2","160","0","120","120","22.533177373985428"
"2","passive","12.5","6.5","20","20","0.05","0.25","2","160","0","98","98","12.668148368592902"
"1","passive","12.5","-5.5","20","20","0.05","0.25","2","160","0","41","41","11.542560170941726"
"5","passive","22.5","-5.5","20","20","0.05","0.25","2","160","0","35","35","19.53668977415234"
"6","passive","22.5","6.5","20","20","0.05","0.25","2","160","0","121","121","22.531518505286158"
"2","passive","12.5","6.5","20","20","0.05","0.25","2","160","0","99","99","12.659740950163258"
"1","passive","12.5","-5.5","20","20","0.05","0.25","2","160","0","42","42","11.59043216239464"
"5","passive","22.5","-5.5","20","20","0.05","0.25","2","160","0","36","36","19.684855285444723"
"6","passive","22.5","6.5","20","20","0.05","0.25","2","160","0","122","122","22.52994258002185"
"2","passive","12.5","6.5","20","20","0.05","0.25","2","160","0","100","100","12.651753902655095"
"1","passive","12.5","-5.5","20","20","0.05","0.25","2","160","0","43","43","11.635910554274908"
"6","passive","22.5","6.5","20","20","0.05","0.25","2","160","0","123","123","22.528445451020758"
"5","passive","22.5","-5.5","20","20","0.05","0.25","2","160","0","37","37","19.825612521172488"
"2","passive","12.5","6.5","20","20","0.05","0.25","2","160","0","101","101","12.64416620752234"
"6","passive","22.5","6.5","20","20","0.05","0.25","2","160","0","124","124","22.52702317846972"
"1","passive","12.5","-5.5","20","20","0.05","0.25","2","160","0","44","44","11.679115026561162"
"5","passive","22.5","-5.5","20","20","0.05","0.25","2","160","0","38","38","19.959331895113863"
"6","passive","22.5","6.5","20","20","0.05","0.25","2","160","0","125","125","22.52567201954623"
"2","passive","12.5","6.5","20","20","0.05","0.25","2","160","0","102","102","12.636957897146225"
"1","passive","12.5","-5.5","20","20","0.05","0.25","2","160","0","45","45","11.720159275233103"
"2","passive","12.5","6.5","20","20","0.05","0.25","2","160","0","103","103","12.630110002288914"
"6","passive","22.5","6.5","20","20","0.05","0.25","2","160","0","126","126","22.52438841856892"
"5","passive","22.5","-5.5","20","20","0.05","0.25","2","160","0","39","39","20.08636530035817"
"1","passive","12.5","-5.5","20","20","0.05","0.25","2","160","0","46","46","11.759151311471447"
"2","passive","12.5","6.5","20","20","0.05","0.25","2","160","0","104","104","12.623604502174468"
"6","passive","22.5","6.5","20","20","0.05","0.25","2","160","0","127","127","22.52316899764047"
"5","passive","22.5","-5.5","20","20","0.05","0.25","2","160","0","40","40","20.207047035340263"
"1","passive","12.5","-5.5","20","20","0.05","0.25","2","160","0","47","47","11.796193745897874"
"2","passive","12.5","6.5","20","20","0.05","0.25","2","160","0","105","105","12.617424277065744"
"5","passive","22.5","-5.5","20","20","0.05","0.25","2","160","0","41","41","20.32169468357325"
"6","passive","22.5","6.5","20","20","0.05","0.25","2","160","0","128","128","22.52201054775845"
"1","passive","12.5","-5.5","20","20","0.05","0.25","2","160","0","48","48","11.83138405860298"
"2","passive","12.5","6.5","20","20","0.05","0.25","2","160","0","106","106","12.611553063212456"
"5","passive","22.5","-5.5","20","20","0.05","0.25","2","160","0","42","42","20.430609949394587"
"6","passive","22.5","6.5","20","20","0.05","0.25","2","160","0","129","129","22.520910020370525"
"2","passive","12.5","6.5","20","20","0.05","0.25","2","160","0","107","107","12.605975410051833"
"1","passive","12.5","-5.5","20","20","0.05","0.25","2","160","0","49","49","11.864814855672831"
"6","passive","22.5","6.5","20","20","0.05","0.25","2","160","0","130","130","22.519864519351998"
"2","passive","12.5","6.5","20","20","0.05","0.25","2","160","0","108","108","12.600676639549242"
"5","passive","22.5","-5.5","20","20","0.05","0.25","2","160","0","43","43","20.534079451924857"
"6","passive","22.5","6.5","20","20","0.05","0.25","2","160","0","131","131","22.518871293384397"
"2","passive","12.5","6.5","20","20","0.05","0.25","2","160","0","109","109","12.59564280757178"
"5","passive","22.5","-5.5","20","20","0.05","0.25","2","160","0","44","44","20.632375479328616"
"1","passive","12.5","-5.5","20","20","0.05","0.25","2","160","0","50","50","11.896574112889189"
"2","passive","12.5","6.5","20","20","0.05","0.25","2","160","0","110","110","12.59086066719319"
"6","passive","22.5","6.5","20","20","0.05","0.25","2","160","0","132","132","22.517927728715176"
"5","passive","22.5","-5.5","20","20","0.05","0.25","2","160","0","45","45","20.725756705362183"
"2","passive","12.5","6.5","20","20","0.05","0.25","2","160","0","111","111","12.58631763383353"
"6","passive","22.5","6.5","20","20","0.05","0.25","2","160","0","133","133","22.517031342279417"
"1","passive","12.5","-5.5","20","20","0.05","0.25","2","160","0","51","51","11.926745407244729"
"2","passive","12.5","6.5","20","20","0.05","0.25","2","160","0","112","112","12.582001752141855"
"5","passive","22.5","-5.5","20","20","0.05","0.25","2","160","0","46","46","20.814468870094075"
"6","passive","22.5","6.5","20","20","0.05","0.25","2","160","0","134","134","22.516179775165448"
"1","passive","12.5","-5.5","20","20","0.05","0.25","2","160","0","52","52","11.955408136882493"
"2","passive","12.5","6.5","20","20","0.05","0.25","2","160","0","113","113","12.577901664534762"
"5","passive","22.5","-5.5","20","20","0.05","0.25","2","160","0","47","47","20.89874542658937"
"6","passive","22.5","6.5","20","20","0.05","0.25","2","160","0","135","135","22.515370786407175"
"5","passive","22.5","-5.5","20","20","0.05","0.25","2","160","0","48","48","20.9788081552599"
"6","passive","22.5","6.5","20","20","0.05","0.25","2","160","0","136","136","22.514602247086817"
"1","passive","12.5","-5.5","20","20","0.05","0.25","2","160","0","53","53","11.982637730038368"
"2","passive","12.5","6.5","20","20","0.05","0.25","2","160","0","114","114","12.574006581308025"
"2","passive","12.5","6.5","20","20","0.05","0.25","2","160","0","115","115","12.570306252242624"
"5","passive","22.5","-5.5","20","20","0.05","0.25","2","160","0","49","49","21.054867747496907"
"6","passive","22.5","6.5","20","20","0.05","0.25","2","160","0","137","137","22.513872134732477"
"1","passive","12.5","-5.5","20","20","0.05","0.25","2","160","0","54","54","12.00850584353645"
"2","passive","12.5","6.5","20","20","0.05","0.25","2","160","0","116","116","12.566790939630492"
"6","passive","22.5","6.5","20","20","0.05","0.25","2","160","0","138","138","22.51317852799585"
"2","passive","12.5","6.5","20","20","0.05","0.25","2","160","0","117","117","12.563451392648966"
"1","passive","12.5","-5.5","20","20","0.05","0.25","2","160","0","55","55","12.033080551359626"
"6","passive","22.5","6.5","20","20","0.05","0.25","2","160","0","139","139","22.512519601596058"
"5","passive","22.5","-5.5","20","20","0.05","0.25","2","160","0","50","50","21.12712436012206"
"2","passive","12.5","6.5","20","20","0.05","0.25","2","160","0","118","118","12.560278823016517"
"6","passive","22.5","6.5","20","20","0.05","0.25","2","160","0","140","140","22.511893621516254"
"1","passive","12.5","-5.5","20","20","0.05","0.25","2","160","0","56","56","12.056426523791645"
"2","passive","12.5","6.5","20","20","0.05","0.25","2","160","0","119","119","12.557264881865692"
"5","passive","22.5","-5.5","20","20","0.05","0.25","2","160","0","51","51","21.19576814211596"
"6","passive","22.5","6.5","20","20","0.05","0.25","2","160","0","141","141","22.51129894044044"
"1","passive","12.5","-5.5","20","20","0.05","0.25","2","160","0","57","57","12.078605197602062"
"2","passive","12.5","6.5","20","20","0.05","0.25","2","160","0","120","120","12.554401637772408"
"5","passive","22.5","-5.5","20","20","0.05","0.25","2","160","0","52","52","21.26097973501016"
"2","passive","12.5","6.5","20","20","0.05","0.25","2","160","0","121","121","12.551681555883787"
"6","passive","22.5","6.5","20","20","0.05","0.25","2","160","0","142","142","22.51073399341842"
"1","passive","12.5","-5.5","20","20","0.05","0.25","2","160","0","58","58","12.099674937721959"
"2","passive","12.5","6.5","20","20","0.05","0.25","2","160","0","122","122","12.549097478089598"
"5","passive","22.5","-5.5","20","20","0.05","0.25","2","160","0","53","53","21.32293074825965"
"6","passive","22.5","6.5","20","20","0.05","0.25","2","160","0","143","143","22.5101972937475"
"2","passive","12.5","6.5","20","20","0.05","0.25","2","160","0","123","123","12.546642604185118"
"5","passive","22.5","-5.5","20","20","0.05","0.25","2","160","0","54","54","21.381784210846668"
"6","passive","22.5","6.5","20","20","0.05","0.25","2","160","0","144","144","22.509687429060126"
"1","passive","12.5","-5.5","20","20","0.05","0.25","2","160","0","59","59","12.11969119083586"
"2","passive","12.5","6.5","20","20","0.05","0.25","2","160","0","124","124","12.544310473975862"
"5","passive","22.5","-5.5","20","20","0.05","0.25","2","160","0","55","55","21.437695000304334"
"6","passive","22.5","6.5","20","20","0.05","0.25","2","160","0","145","145","22.50920305760712"
"2","passive","12.5","6.5","20","20","0.05","0.25","2","160","0","125","125","12.54209495027707"
"1","passive","12.5","-5.5","20","20","0.05","0.25","2","160","0","60","60","12.138706631294067"
"5","passive","22.5","-5.5","20","20","0.05","0.25","2","160","0","56","56","21.49081025028912"
"6","passive","22.5","6.5","20","20","0.05","0.25","2","160","0","146","146","22.508742904726763"
"1","passive","12.5","-5.5","20","20","0.05","0.25","2","160","0","61","61","12.156771299729364"
"2","passive","12.5","6.5","20","20","0.05","0.25","2","160","0","126","126","12.539990202763217"
"5","passive","22.5","-5.5","20","20","0.05","0.25","2","160","0","57","57","21.541269737774662"
"6","passive","22.5","6.5","20","20","0.05","0.25","2","160","0","147","147","22.508305759490426"
"2","passive","12.5","6.5","20","20","0.05","0.25","2","160","0","127","127","12.537990692625057"
"1","passive","12.5","-5.5","20","20","0.05","0.25","2","160","0","62","62","12.173932734742896"
"6","passive","22.5","6.5","20","20","0.05","0.25","2","160","0","148","148","22.507890471515903"
"5","passive","22.5","-5.5","20","20","0.05","0.25","2","160","0","58","58","21.58920625088593"
"2","passive","12.5","6.5","20","20","0.05","0.25","2","160","0","128","128","12.536091157993804"
"6","passive","22.5","6.5","20","20","0.05","0.25","2","160","0","149","149","22.507495947940107"
"1","passive","12.5","-5.5","20","20","0.05","0.25","2","160","0","63","63","12.190236098005752"
"5","passive","22.5","-5.5","20","20","0.05","0.25","2","160","0","59","59","21.634745938341634"
"2","passive","12.5","6.5","20","20","0.05","0.25","2","160","0","129","129","12.534286600094113"
"6","passive","22.5","6.5","20","20","0.05","0.25","2","160","0","150","150","22.507121150543103"
"2","passive","12.5","6.5","20","20","0.05","0.25","2","160","0","130","130","12.532572270089407"
"5","passive","22.5","-5.5","20","20","0.05","0.25","2","160","0","60","60","21.67800864142455"
"1","passive","12.5","-5.5","20","20","0.05","0.25","2","160","0","64","64","12.205724293105463"
"6","passive","22.5","6.5","20","20","0.05","0.25","2","160","0","151","151","22.506765093015947"
"2","passive","12.5","6.5","20","20","0.05","0.25","2","160","0","131","131","12.530943656584936"
"1","passive","12.5","-5.5","20","20","0.05","0.25","2","160","0","65","65","12.22043807845019"
"5","passive","22.5","-5.5","20","20","0.05","0.25","2","160","0","61","61","21.719108209353323"
"6","passive","22.5","6.5","20","20","0.05","0.25","2","160","0","152","152","22.50642683836515"
"2","passive","12.5","6.5","20","20","0.05","0.25","2","160","0","132","132","12.529396473755689"
"5","passive","22.5","-5.5","20","20","0.05","0.25","2","160","0","62","62","21.758152798885657"
"1","passive","12.5","-5.5","20","20","0.05","0.25","2","160","0","66","66","12.23441617452768"
"6","passive","22.5","6.5","20","20","0.05","0.25","2","160","0","153","153","22.506105496446892"
"2","passive","12.5","6.5","20","20","0.05","0.25","2","160","0","133","133","12.527926650067904"
"5","passive","22.5","-5.5","20","20","0.05","0.25","2","160","0","63","63","21.795245158941373"
"6","passive","22.5","6.5","20","20","0.05","0.25","2","160","0","154","154","22.505800221624547"
"1","passive","12.5","-5.5","20","20","0.05","0.25","2","160","0","67","67","12.247695365801297"
"2","passive","12.5","6.5","20","20","0.05","0.25","2","160","0","134","134","12.526530317564509"
"6","passive","22.5","6.5","20","20","0.05","0.25","2","160","0","155","155","22.50551021054332"
"2","passive","12.5","6.5","20","20","0.05","0.25","2","160","0","135","135","12.525203801686283"
"1","passive","12.5","-5.5","20","20","0.05","0.25","2","160","0","68","68","12.260310597511232"
"6","passive","22.5","6.5","20","20","0.05","0.25","2","160","0","156","156","22.505234700016153"
"5","passive","22.5","-5.5","20","20","0.05","0.25","2","160","0","64","64","21.830482900994305"
"2","passive","12.5","6.5","20","20","0.05","0.25","2","160","0","136","136","12.523943611601968"
"1","passive","12.5","-5.5","20","20","0.05","0.25","2","160","0","69","69","12.272295067635671"
"2","passive","12.5","6.5","20","20","0.05","0.25","2","160","0","137","137","12.52274643102187"
"6","passive","22.5","6.5","20","20","0.05","0.25","2","160","0","157","157","22.504972965015344"
"5","passive","22.5","-5.5","20","20","0.05","0.25","2","160","0","65","65","21.86395875594459"
"2","passive","12.5","6.5","20","20","0.05","0.25","2","160","0","138","138","12.521609109470777"
"1","passive","12.5","-5.5","20","20","0.05","0.25","2","160","0","70","70","12.283680314253887"
"6","passive","22.5","6.5","20","20","0.05","0.25","2","160","0","158","158","22.504724316764577"
"2","passive","12.5","6.5","20","20","0.05","0.25","2","160","0","139","139","12.52052865399724"
"1","passive","12.5","-5.5","20","20","0.05","0.25","2","160","0","71","71","12.294496298541192"
"6","passive","22.5","6.5","20","20","0.05","0.25","2","160","0","159","159","22.50448810092635"
"5","passive","22.5","-5.5","20","20","0.05","0.25","2","160","0","66","66","21.895760818147362"
"2","passive","12.5","6.5","20","20","0.05","0.25","2","160","0","140","140","12.519502221297378"
"6","passive","22.5","6.5","20","20","0.05","0.25","2","160","0","160","160","22.50426369588003"
"2","passive","12.5","6.5","20","20","0.05","0.25","2","160","0","141","141","12.518527110232508"
"1","passive","12.5","-5.5","20","20","0.05","0.25","2","160","0","72","72","12.304771483614132"
"5","passive","22.5","-5.5","20","20","0.05","0.25","2","160","0","67","67","21.925972777239995"
"2","passive","12.5","6.5","20","20","0.05","0.25","2","160","0","142","142","12.517600754720883"
"1","passive","12.5","-5.5","20","20","0.05","0.25","2","160","0","73","73","12.314532909433426"
"5","passive","22.5","-5.5","20","20","0.05","0.25","2","160","0","68","68","21.954674138377996"
"2","passive","12.5","6.5","20","20","0.05","0.25","2","160","0","143","143","12.516720716984839"
"1","passive","12.5","-5.5","20","20","0.05","0.25","2","160","0","74","74","12.323806263961755"
"5","passive","22.5","-5.5","20","20","0.05","0.25","2","160","0","69","69","21.981940431459098"
"2","passive","12.5","6.5","20","20","0.05","0.25","2","160","0","144","144","12.515884681135597"
"5","passive","22.5","-5.5","20","20","0.05","0.25","2","160","0","70","70","22.007843409886142"
"1","passive","12.5","-5.5","20","20","0.05","0.25","2","160","0","75","75","12.332615950763667"
"2","passive","12.5","6.5","20","20","0.05","0.25","2","160","0","145","145","12.515090447078817"
"5","passive","22.5","-5.5","20","20","0.05","0.25","2","160","0","71","71","22.032451239391836"
"1","passive","12.5","-5.5","20","20","0.05","0.25","2","160","0","76","76","12.340985153225484"
"2","passive","12.5","6.5","20","20","0.05","0.25","2","160","0","146","146","12.514335924724877"
"5","passive","22.5","-5.5","20","20","0.05","0.25","2","160","0","72","72","22.055828677422245"
"1","passive","12.5","-5.5","20","20","0.05","0.25","2","160","0","77","77","12.34893589556421"
"2","passive","12.5","6.5","20","20","0.05","0.25","2","160","0","147","147","12.513619128488633"
"2","passive","12.5","6.5","20","20","0.05","0.25","2","160","0","148","148","12.512938172064201"
"5","passive","22.5","-5.5","20","20","0.05","0.25","2","160","0","73","73","22.078037243551133"
"1","passive","12.5","-5.5","20","20","0.05","0.25","2","160","0","78","78","12.356489100786"
"2","passive","12.5","6.5","20","20","0.05","0.25","2","160","0","149","149","12.512291263460991"
"5","passive","22.5","-5.5","20","20","0.05","0.25","2","160","0","74","74","22.099135381373575"
"1","passive","12.5","-5.5","20","20","0.05","0.25","2","160","0","79","79","12.3636646457467"
"2","passive","12.5","6.5","20","20","0.05","0.25","2","160","0","150","150","12.511676700287941"
"5","passive","22.5","-5.5","20","20","0.05","0.25","2","160","0","75","75","22.119178612304896"
"2","passive","12.5","6.5","20","20","0.05","0.25","2","160","0","151","151","12.511092865273543"
"1","passive","12.5","-5.5","20","20","0.05","0.25","2","160","0","80","80","12.370481413459366"
"1","passive","12.5","-5.5","20","20","0.05","0.25","2","160","0","81","81","12.376957342786397"
"5","passive","22.5","-5.5","20","20","0.05","0.25","2","160","0","76","76","22.13821968168965"
"2","passive","12.5","6.5","20","20","0.05","0.25","2","160","0","152","152","12.510538222009867"
"4","passive","17.5","6.5","20","20","0.05","0.25","2","160","0","24","24","23.52426318584693"
"2","passive","12.5","6.5","20","20","0.05","0.25","2","160","0","153","153","12.510011310909373"
"1","passive","12.5","-5.5","20","20","0.05","0.25","2","160","0","82","82","12.383109475647078"
"5","passive","22.5","-5.5","20","20","0.05","0.25","2","160","0","77","77","22.15630869760517"
"8","passive","28.5","6.5","20","20","0.05","0.25","2","160","0","25","25","31.171764722214412"
"3","passive","17.5","-5.5","20","20","0.05","0.25","2","160","0","28","28","14.445754841048487"
"2","passive","12.5","6.5","20","20","0.05","0.25","2","160","0","154","154","12.509510745363905"
"1","passive","12.5","-5.5","20","20","0.05","0.25","2","160","0","83","83","12.388954001864725"
"4","passive","17.5","6.5","20","20","0.05","0.25","2","160","0","25","25","23.223050026554585"
"2","passive","12.5","6.5","20","20","0.05","0.25","2","160","0","155","155","12.509035208095709"
"8","passive","28.5","6.5","20","20","0.05","0.25","2","160","0","26","26","31.03817648610369"
"5","passive","22.5","-5.5","20","20","0.05","0.25","2","160","0","78","78","22.17349326272491"
"7","passive","28.5","-5.5","20","20","0.05","0.25","2","160","0","38","38","25.104957447035613"
"3","passive","17.5","-5.5","20","20","0.05","0.25","2","160","0","29","29","14.598467098996062"
"2","passive","12.5","6.5","20","20","0.05","0.25","2","160","0","156","156","12.508583447690922"
"1","passive","12.5","-5.5","20","20","0.05","0.25","2","160","0","84","84","12.39450630177149"
"4","passive","17.5","6.5","20","20","0.05","0.25","2","160","0","26","26","22.936897525226854"
"5","passive","22.5","-5.5","20","20","0.05","0.25","2","160","0","79","79","22.189818599588666"
"7","passive","28.5","-5.5","20","20","0.05","0.25","2","160","0","39","39","25.274709574683833"
"2","passive","12.5","6.5","20","20","0.05","0.25","2","160","0","157","157","12.508154275306376"
"4","passive","17.5","6.5","20","20","0.05","0.25","2","160","0","27","27","22.66505264896551"
"8","passive","28.5","6.5","20","20","0.05","0.25","2","160","0","27","27","30.911267661798504"
"1","passive","12.5","-5.5","20","20","0.05","0.25","2","160","0","85","85","12.399780986682915"
"5","passive","22.5","-5.5","20","20","0.05","0.25","2","160","0","80","80","22.205327669609233"
"2","passive","12.5","6.5","20","20","0.05","0.25","2","160","0","158","158","12.507746561541058"
"7","passive","28.5","-5.5","20","20","0.05","0.25","2","160","0","40","40","25.43597409594964"
"2","passive","12.5","6.5","20","20","0.05","0.25","2","160","0","159","159","12.507359233464005"
"1","passive","12.5","-5.5","20","20","0.05","0.25","2","160","0","86","86","12.404791937348769"
"3","passive","17.5","-5.5","20","20","0.05","0.25","2","160","0","30","30","14.74354374404626"
"5","passive","22.5","-5.5","20","20","0.05","0.25","2","160","0","81","81","22.22006128612877"
"4","passive","17.5","6.5","20","20","0.05","0.25","2","160","0","28","28","22.406800016517234"
"8","passive","28.5","6.5","20","20","0.05","0.25","2","160","0","28","28","30.790704278708578"
"2","passive","12.5","6.5","20","20","0.05","0.25","2","160","0","160","160","12.506991271790804"
"7","passive","28.5","-5.5","20","20","0.05","0.25","2","160","0","41","41","25.589175391152157"
"1","passive","12.5","-5.5","20","20","0.05","0.25","2","160","0","87","87","12.40955234048133"
"3","passive","17.5","-5.5","20","20","0.05","0.25","2","160","0","31","31","14.881366556843947"
"5","passive","22.5","-5.5","20","20","0.05","0.25","2","160","0","82","82","22.234058221822334"
"4","passive","17.5","6.5","20","20","0.05","0.25","2","160","0","29","29","22.16146001569137"
"8","passive","28.5","6.5","20","20","0.05","0.25","2","160","0","29","29","30.67616906477315"
"1","passive","12.5","-5.5","20","20","0.05","0.25","2","160","0","88","88","12.414074723457263"
"7","passive","28.5","-5.5","20","20","0.05","0.25","2","160","0","42","42","25.73471662159455"
"3","passive","17.5","-5.5","20","20","0.05","0.25","2","160","0","32","32","15.01229822900175"
"5","passive","22.5","-5.5","20","20","0.05","0.25","2","160","0","83","83","22.247355310731216"
"8","passive","28.5","6.5","20","20","0.05","0.25","2","160","0","30","30","30.56736061153449"
"1","passive","12.5","-5.5","20","20","0.05","0.25","2","160","0","89","89","12.4183709872844"
"3","passive","17.5","-5.5","20","20","0.05","0.25","2","160","0","33","33","15.136683317551663"
"4","passive","17.5","6.5","20","20","0.05","0.25","2","160","0","30","30","21.928387014906804"
"8","passive","28.5","6.5","20","20","0.05","0.25","2","160","0","31","31","30.463992580957765"
"5","passive","22.5","-5.5","20","20","0.05","0.25","2","160","0","84","84","22.259987545194655"
"3","passive","17.5","-5.5","20","20","0.05","0.25","2","160","0","34","34","15.25484915167408"
"1","passive","12.5","-5.5","20","20","0.05","0.25","2","160","0","90","90","12.42245243792018"
"5","passive","22.5","-5.5","20","20","0.05","0.25","2","160","0","85","85","22.27198816793492"
"4","passive","17.5","6.5","20","20","0.05","0.25","2","160","0","31","31","21.706967664161464"
"8","passive","28.5","6.5","20","20","0.05","0.25","2","160","0","32","32","30.365792951909878"
"3","passive","17.5","-5.5","20","20","0.05","0.25","2","160","0","35","35","15.367106694090376"
"1","passive","12.5","-5.5","20","20","0.05","0.25","2","160","0","91","91","12.426329816024172"
"5","passive","22.5","-5.5","20","20","0.05","0.25","2","160","0","86","86","22.283388759538177"
"4","passive","17.5","6.5","20","20","0.05","0.25","2","160","0","32","32","21.49661928095339"
"3","passive","17.5","-5.5","20","20","0.05","0.25","2","160","0","36","36","15.473751359385858"
"1","passive","12.5","-5.5","20","20","0.05","0.25","2","160","0","92","92","12.430013325222964"
"5","passive","22.5","-5.5","20","20","0.05","0.25","2","160","0","87","87","22.29421932156127"
"8","passive","28.5","6.5","20","20","0.05","0.25","2","160","0","33","33","30.272503304314384"
"4","passive","17.5","6.5","20","20","0.05","0.25","2","160","0","33","33","21.29678831690572"
"3","passive","17.5","-5.5","20","20","0.05","0.25","2","160","0","37","37","15.575063791416564"
"1","passive","12.5","-5.5","20","20","0.05","0.25","2","160","0","93","93","12.433512658961815"
"8","passive","28.5","6.5","20","20","0.05","0.25","2","160","0","34","34","30.183878139098663"
"4","passive","17.5","6.5","20","20","0.05","0.25","2","160","0","34","34","21.106948901060434"
"5","passive","22.5","-5.5","20","20","0.05","0.25","2","160","0","88","88","22.304508355483204"
"1","passive","12.5","-5.5","20","20","0.05","0.25","2","160","0","94","94","12.436837026013725"
"3","passive","17.5","-5.5","20","20","0.05","0.25","2","160","0","38","38","15.671310601845736"
"8","passive","28.5","6.5","20","20","0.05","0.25","2","160","0","35","35","30.09968423214373"
"4","passive","17.5","6.5","20","20","0.05","0.25","2","160","0","35","35","20.92660145600741"
"5","passive","22.5","-5.5","20","20","0.05","0.25","2","160","0","89","89","22.314282937709045"
"1","passive","12.5","-5.5","20","20","0.05","0.25","2","160","0","95","95","12.439995174713038"
"4","passive","17.5","6.5","20","20","0.05","0.25","2","160","0","36","36","20.75527138320704"
"5","passive","22.5","-5.5","20","20","0.05","0.25","2","160","0","90","90","22.323568790823593"
"3","passive","17.5","-5.5","20","20","0.05","0.25","2","160","0","39","39","15.76274507175345"
"8","passive","28.5","6.5","20","20","0.05","0.25","2","160","0","36","36","30.019700020536543"
"1","passive","12.5","-5.5","20","20","0.05","0.25","2","160","0","96","96","12.442995415977386"
"4","passive","17.5","6.5","20","20","0.05","0.25","2","160","0","37","37","20.59250781404669"
"8","passive","28.5","6.5","20","20","0.05","0.25","2","160","0","37","37","29.943715019509717"
"5","passive","22.5","-5.5","20","20","0.05","0.25","2","160","0","91","91","22.332390351282413"
"3","passive","17.5","-5.5","20","20","0.05","0.25","2","160","0","40","40","15.849607818165778"
"1","passive","12.5","-5.5","20","20","0.05","0.25","2","160","0","97","97","12.445845645178517"
"4","passive","17.5","6.5","20","20","0.05","0.25","2","160","0","38","38","20.437882423344355"
"3","passive","17.5","-5.5","20","20","0.05","0.25","2","160","0","41","41","15.93212742725749"
"5","passive","22.5","-5.5","20","20","0.05","0.25","2","160","0","92","92","22.34077083371829"
"4","passive","17.5","6.5","20","20","0.05","0.25","2","160","0","39","39","20.290988302177137"
"3","passive","17.5","-5.5","20","20","0.05","0.25","2","160","0","42","42","16.010521055894614"
"5","passive","22.5","-5.5","20","20","0.05","0.25","2","160","0","93","93","22.348732292032377"
"4","passive","17.5","6.5","20","20","0.05","0.25","2","160","0","40","40","20.15143888706828"
"3","passive","17.5","-5.5","20","20","0.05","0.25","2","160","0","43","43","16.084995003099884"
"4","passive","17.5","6.5","20","20","0.05","0.25","2","160","0","41","41","20.018866942714865"
"3","passive","17.5","-5.5","20","20","0.05","0.25","2","160","0","44","44","16.15574525294489"
"4","passive","17.5","6.5","20","20","0.05","0.25","2","160","0","42","42","19.892923595579123"
"3","passive","17.5","-5.5","20","20","0.05","0.25","2","160","0","45","45","16.222957990297644"
"3","passive","17.5","-5.5","20","20","0.05","0.25","2","160","0","46","46","16.28681009078276"
"4","passive","17.5","6.5","20","20","0.05","0.25","2","160","0","43","43","19.773277415800166"
"3","passive","17.5","-5.5","20","20","0.05","0.25","2","160","0","47","47","16.347469586243623"
"4","passive","17.5","6.5","20","20","0.05","0.25","2","160","0","44","44","19.659613545010156"
"3","passive","17.5","-5.5","20","20","0.05","0.25","2","160","0","48","48","16.405096106931442"
"4","passive","17.5","6.5","20","20","0.05","0.25","2","160","0","45","45","19.551632867759647"
"3","passive","17.5","-5.5","20","20","0.05","0.25","2","160","0","49","49","16.45984130158487"
"4","passive","17.5","6.5","20","20","0.05","0.25","2","160","0","46","46","19.449051224371665"
"3","passive","17.5","-5.5","20","20","0.05","0.25","2","160","0","50","50","16.511849236505626"
"4","passive","17.5","6.5","20","20","0.05","0.25","2","160","0","47","47","19.351598663153084"
"3","passive","17.5","-5.5","20","20","0.05","0.25","2","160","0","51","51","16.561256774680345"
"4","passive","17.5","6.5","20","20","0.05","0.25","2","160","0","48","48","19.25901872999543"
"4","passive","17.5","6.5","20","20","0.05","0.25","2","160","0","49","49","19.171067793495656"
"4","passive","17.5","6.5","20","20","0.05","0.25","2","160","0","50","50","19.087514403820872"
"4","passive","17.5","6.5","20","20","0.05","0.25","2","160","0","51","51","19.008138683629827"
"4","passive","17.5","6.5","20","20","0.05","0.25","2","160","0","52","52","18.932731749448337"
"4","passive","17.5","6.5","20","20","0.05","0.25","2","160","0","53","53","18.86109516197592"
"4","passive","17.5","6.5","20","20","0.05","0.25","2","160","0","54","54","18.793040403877125"
"4","passive","17.5","6.5","20","20","0.05","0.25","2","160","0","55","55","18.728388383683267"
"4","passive","17.5","6.5","20","20","0.05","0.25","2","160","0","56","56","18.666968964499105"
"4","passive","17.5","6.5","20","20","0.05","0.25","2","160","0","57","57","18.60862051627415"
"4","passive","17.5","6.5","20","20","0.05","0.25","2","160","0","58","58","18.553189490460444"
"4","passive","17.5","6.5","20","20","0.05","0.25","2","160","0","59","59","18.50053001593742"
"4","passive","17.5","6.5","20","20","0.05","0.25","2","160","0","60","60","18.45050351514055"
"4","passive","17.5","6.5","20","20","0.05","0.25","2","160","0","61","61","18.402978339383523"
"4","passive","17.5","6.5","20","20","0.05","0.25","2","160","0","62","62","18.357829422414348"
"4","passive","17.5","6.5","20","20","0.05","0.25","2","160","0","63","63","18.31493795129363"
"4","passive","17.5","6.5","20","20","0.05","0.25","2","160","0","64","64","18.27419105372895"
"4","passive","17.5","6.5","20","20","0.05","0.25","2","160","0","65","65","18.2354815010425"
"4","passive","17.5","6.5","20","20","0.05","0.25","2","160","0","66","66","18.198707425990374"
"4","passive","17.5","6.5","20","20","0.05","0.25","2","160","0","67","67","18.163772054690856"
"4","passive","17.5","6.5","20","20","0.05","0.25","2","160","0","68","68","18.130583451956312"
"4","passive","17.5","6.5","20","20","0.05","0.25","2","160","0","69","69","18.099054279358498"
"4","passive","17.5","6.5","20","20","0.05","0.25","2","160","0","70","70","18.06910156539057"
"4","passive","17.5","6.5","20","20","0.05","0.25","2","160","0","71","71","18.040646487121045"
"4","passive","17.5","6.5","20","20","0.05","0.25","2","160","0","72","72","18.01361416276499"
"4","passive","17.5","6.5","20","20","0.05","0.25","2","160","0","73","73","17.98793345462674"
"4","passive","17.5","6.5","20","20","0.05","0.25","2","160","0","74","74","17.963536781895403"
"4","passive","17.5","6.5","20","20","0.05","0.25","2","160","0","75","75","17.940359942800633"
"4","passive","17.5","6.5","20","20","0.05","0.25","2","160","0","76","76","17.9183419456606"
"4","passive","17.5","6.5","20","20","0.05","0.25","2","160","0","77","77","17.89742484837757"
"4","passive","17.5","6.5","20","20","0.05","0.25","2","160","0","78","78","17.877553605958692"
"4","passive","17.5","6.5","20","20","0.05","0.25","2","160","0","79","79","17.85867592566076"
"4","passive","17.5","6.5","20","20","0.05","0.25","2","160","0","80","80","17.84074212937772"
"4","passive","17.5","6.5","20","20","0.05","0.25","2","160","0","81","81","17.823705022908833"
"4","passive","17.5","6.5","20","20","0.05","0.25","2","160","0","82","82","17.807519771763392"
"4","passive","17.5","6.5","20","20","0.05","0.25","2","160","0","83","83","17.792143783175224"
"4","passive","17.5","6.5","20","20","0.05","0.25","2","160","0","84","84","17.777536594016464"
"4","passive","17.5","6.5","20","20","0.05","0.25","2","160","0","85","85","17.76365976431564"
"4","passive","17.5","6.5","20","20","0.05","0.25","2","160","0","86","86","17.75047677609986"
"4","passive","17.5","6.5","20","20","0.05","0.25","2","160","0","87","87","17.737952937294867"
"4","passive","17.5","6.5","20","20","0.05","0.25","2","160","0","88","88","17.726055290430125"
"4","passive","17.5","6.5","20","20","0.05","0.25","2","160","0","89","89","17.71475252590862"
"4","passive","17.5","6.5","20","20","0.05","0.25","2","160","0","90","90","17.70401489961319"
"4","passive","17.5","6.5","20","20","0.05","0.25","2","160","0","91","91","17.69381415463253"
"4","passive","17.5","6.5","20","20","0.05","0.25","2","160","0","92","92","17.684123446900905"
"4","passive","17.5","6.5","20","20","0.05","0.25","2","160","0","93","93","17.67491727455586"
"4","passive","17.5","6.5","20","20","0.05","0.25","2","160","0","94","94","17.666171410828067"
"4","passive","17.5","6.5","20","20","0.05","0.25","2","160","0","95","95","17.657862840286665"
"4","passive","17.5","6.5","20","20","0.05","0.25","2","160","0","96","96","17.649969698272333"
"4","passive","17.5","6.5","20","20","0.05","0.25","2","160","0","97","97","17.642471213358718"
"4","passive","17.5","6.5","20","20","0.05","0.25","2","160","0","98","98","17.635347652690783"
"4","passive","17.5","6.5","20","20","0.05","0.25","2","160","0","99","99","17.628580270056244"
"4","passive","17.5","6.5","20","20","0.05","0.25","2","160","0","100","100","17.62215125655343"
"4","passive","17.5","6.5","20","20","0.05","0.25","2","160","0","101","101","17.616043693725757"
"4","passive","17.5","6.5","20","20","0.05","0.25","2","160","0","102","102","17.61024150903947"
"4","passive","17.5","6.5","20","20","0.05","0.25","2","160","0","103","103","17.604729433587494"
"4","passive","17.5","6.5","20","20","0.05","0.25","2","160","0","104","104","17.59949296190812"
"4","passive","17.5","6.5","20","20","0.05","0.25","2","160","0","105","105","17.594518313812713"
"4","passive","17.5","6.5","20","20","0.05","0.25","2","160","0","106","106","17.58979239812208"
"4","passive","17.5","6.5","20","20","0.05","0.25","2","160","0","107","107","17.585302778215976"
"4","passive","17.5","6.5","20","20","0.05","0.25","2","160","0","108","108","17.581037639305176"
"4","passive","17.5","6.5","20","20","0.05","0.25","2","160","0","109","109","17.576985757339916"
"4","passive","17.5","6.5","20","20","0.05","0.25","2","160","0","110","110","17.57313646947292"
"4","passive","17.5","6.5","20","20","0.05","0.25","2","160","0","111","111","17.569479645999273"
"4","passive","17.5","6.5","20","20","0.05","0.25","2","160","0","112","112","17.566005663699308"
"4","passive","17.5","6.5","20","20","0.05","0.25","2","160","0","113","113","17.56270538051434"
"4","passive","17.5","6.5","20","20","0.05","0.25","2","160","0","114","114","17.559570111488625"
"4","passive","17.5","6.5","20","20","0.05","0.25","2","160","0","115","115","17.556591605914193"
"4","passive","17.5","6.5","20","20","0.05","0.25","2","160","0","116","116","17.553762025618482"
"4","passive","17.5","6.5","20","20","0.05","0.25","2","160","0","117","117","17.551073924337558"
"4","passive","17.5","6.5","20","20","0.05","0.25","2","160","0","118","118","17.54852022812068"
"4","passive","17.5","6.5","20","20","0.05","0.25","2","160","0","119","119","17.546094216714646"
"4","passive","17.5","6.5","20","20","0.05","0.25","2","160","0","120","120","17.543789505878912"
"4","passive","17.5","6.5","20","20","0.05","0.25","2","160","0","121","121","17.541600030584966"
"4","passive","17.5","6.5","20","20","0.05","0.25","2","160","0","122","122","17.53952002905572"
"4","passive","17.5","6.5","20","20","0.05","0.25","2","160","0","123","123","17.537544027602934"
"4","passive","17.5","6.5","20","20","0.05","0.25","2","160","0","124","124","17.535666826222787"
"4","passive","17.5","6.5","20","20","0.05","0.25","2","160","0","125","125","17.533883484911648"
"4","passive","17.5","6.5","20","20","0.05","0.25","2","160","0","126","126","17.532189310666066"
"4","passive","17.5","6.5","20","20","0.05","0.25","2","160","0","127","127","17.530579845132763"
"4","passive","17.5","6.5","20","20","0.05","0.25","2","160","0","128","128","17.529050852876125"
"4","passive","17.5","6.5","20","20","0.05","0.25","2","160","0","129","129","17.527598310232317"
"4","passive","17.5","6.5","20","20","0.05","0.25","2","160","0","130","130","17.5262183947207"
"4","passive","17.5","6.5","20","20","0.05","0.25","2","160","0","131","131","17.524907474984666"
"4","passive","17.5","6.5","20","20","0.05","0.25","2","160","0","132","132","17.52366210123543"
"4","passive","17.5","6.5","20","20","0.05","0.25","2","160","0","133","133","17.52247899617366"
"4","passive","17.5","6.5","20","20","0.05","0.25","2","160","0","134","134","17.521355046364977"
"4","passive","17.5","6.5","20","20","0.05","0.25","2","160","0","135","135","17.520287294046728"
"4","passive","17.5","6.5","20","20","0.05","0.25","2","160","0","136","136","17.519272929344393"
"4","passive","17.5","6.5","20","20","0.05","0.25","2","160","0","137","137","17.518309282877173"
"4","passive","17.5","6.5","20","20","0.05","0.25","2","160","0","138","138","17.517393818733314"
"4","passive","17.5","6.5","20","20","0.05","0.25","2","160","0","139","139","17.51652412779665"
"4","passive","17.5","6.5","20","20","0.05","0.25","2","160","0","140","140","17.51569792140682"
"7","passive","28.5","-5.5","20","20","0.05","0.25","2","160","0","43","43","25.872980790514823"
"7","passive","28.5","-5.5","20","20","0.05","0.25","2","160","0","44","44","26.00433175098908"
"7","passive","28.5","-5.5","20","20","0.05","0.25","2","160","0","45","45","26.12911516343963"
"7","passive","28.5","-5.5","20","20","0.05","0.25","2","160","0","46","46","26.247659405267648"
"7","passive","28.5","-5.5","20","20","0.05","0.25","2","160","0","47","47","26.360276435004266"
"1","passive","12.5","-5.5","20","20","0.05","0.25","2","160","0","98","98","12.448553362919592"
"8","passive","28.5","6.5","20","20","0.05","0.25","2","160","0","38","38","29.871529268534232"
"1","passive","12.5","-5.5","20","20","0.05","0.25","2","160","0","99","99","12.451125694773612"
"8","passive","28.5","6.5","20","20","0.05","0.25","2","160","0","39","39","29.80295280510752"
"1","passive","12.5","-5.5","20","20","0.05","0.25","2","160","0","100","100","12.453569410034932"
"8","passive","28.5","6.5","20","20","0.05","0.25","2","160","0","40","40","29.737805164852144"
"1","passive","12.5","-5.5","20","20","0.05","0.25","2","160","0","101","101","12.455890939533186"
"5","passive","22.5","-5.5","20","20","0.05","0.25","2","160","0","94","94","22.356295677430758"
"1","passive","12.5","-5.5","20","20","0.05","0.25","2","160","0","102","102","12.458096392556527"
"8","passive","28.5","6.5","20","20","0.05","0.25","2","160","0","41","41","29.67591490660954"
"5","passive","22.5","-5.5","20","20","0.05","0.25","2","160","0","95","95","22.36348089355922"
"1","passive","12.5","-5.5","20","20","0.05","0.25","2","160","0","103","103","12.4601915729287"
"8","passive","28.5","6.5","20","20","0.05","0.25","2","160","0","42","42","29.61711916127906"
"5","passive","22.5","-5.5","20","20","0.05","0.25","2","160","0","96","96","22.37030684888126"
"1","passive","12.5","-5.5","20","20","0.05","0.25","2","160","0","104","104","12.462181994282265"
"5","passive","22.5","-5.5","20","20","0.05","0.25","2","160","0","97","97","22.376791506437197"
"1","passive","12.5","-5.5","20","20","0.05","0.25","2","160","0","105","105","12.464072894568151"
"1","passive","12.5","-5.5","20","20","0.05","0.25","2","160","0","106","106","12.465869249839743"
"5","passive","22.5","-5.5","20","20","0.05","0.25","2","160","0","98","98","22.382951931115336"
"1","passive","12.5","-5.5","20","20","0.05","0.25","2","160","0","107","107","12.467575787347757"
"1","passive","12.5","-5.5","20","20","0.05","0.25","2","160","0","108","108","12.469196997980369"
"5","passive","22.5","-5.5","20","20","0.05","0.25","2","160","0","99","99","22.38880433455957"
"1","passive","12.5","-5.5","20","20","0.05","0.25","2","160","0","109","109","12.47073714808135"
"1","passive","12.5","-5.5","20","20","0.05","0.25","2","160","0","110","110","12.472200290677282"
"5","passive","22.5","-5.5","20","20","0.05","0.25","2","160","0","100","100","22.394364117831593"
"1","passive","12.5","-5.5","20","20","0.05","0.25","2","160","0","111","111","12.473590276143419"
"3","passive","17.5","-5.5","20","20","0.05","0.25","2","160","0","52","52","16.60819393594633"
"5","passive","22.5","-5.5","20","20","0.05","0.25","2","160","0","101","101","22.399645911940013"
"1","passive","12.5","-5.5","20","20","0.05","0.25","2","160","0","112","112","12.474910762336249"
"5","passive","22.5","-5.5","20","20","0.05","0.25","2","160","0","102","102","22.40466361634301"
"1","passive","12.5","-5.5","20","20","0.05","0.25","2","160","0","113","113","12.476165224219436"
"3","passive","17.5","-5.5","20","20","0.05","0.25","2","160","0","53","53","16.65278423914901"
"5","passive","22.5","-5.5","20","20","0.05","0.25","2","160","0","103","103","22.40943043552586"
"1","passive","12.5","-5.5","20","20","0.05","0.25","2","160","0","114","114","12.477356963008464"
"5","passive","22.5","-5.5","20","20","0.05","0.25","2","160","0","104","104","22.413958913749568"
"3","passive","17.5","-5.5","20","20","0.05","0.25","2","160","0","54","54","16.69514502719156"
"1","passive","12.5","-5.5","20","20","0.05","0.25","2","160","0","115","115","12.478489114858041"
"5","passive","22.5","-5.5","20","20","0.05","0.25","2","160","0","105","105","22.41826096806209"
"1","passive","12.5","-5.5","20","20","0.05","0.25","2","160","0","116","116","12.47956465911514"
"5","passive","22.5","-5.5","20","20","0.05","0.25","2","160","0","106","106","22.422347919658986"
"1","passive","12.5","-5.5","20","20","0.05","0.25","2","160","0","117","117","12.480586426159382"
"3","passive","17.5","-5.5","20","20","0.05","0.25","2","160","0","55","55","16.735387775831985"
"5","passive","22.5","-5.5","20","20","0.05","0.25","2","160","0","107","107","22.426230523676036"
"1","passive","12.5","-5.5","20","20","0.05","0.25","2","160","0","118","118","12.481557104851413"
"5","passive","22.5","-5.5","20","20","0.05","0.25","2","160","0","108","108","22.429918997492234"
"3","passive","17.5","-5.5","20","20","0.05","0.25","2","160","0","56","56","16.773618387040386"
"1","passive","12.5","-5.5","20","20","0.05","0.25","2","160","0","119","119","12.482479249608843"
"5","passive","22.5","-5.5","20","20","0.05","0.25","2","160","0","109","109","22.433423047617623"
"1","passive","12.5","-5.5","20","20","0.05","0.25","2","160","0","120","120","12.4833552871284"
"3","passive","17.5","-5.5","20","20","0.05","0.25","2","160","0","57","57","16.809937467688368"
"5","passive","22.5","-5.5","20","20","0.05","0.25","2","160","0","110","110","22.436751895236743"
"1","passive","12.5","-5.5","20","20","0.05","0.25","2","160","0","121","121","12.48418752277198"
"3","passive","17.5","-5.5","20","20","0.05","0.25","2","160","0","58","58","16.84444059430395"
"1","passive","12.5","-5.5","20","20","0.05","0.25","2","160","0","122","122","12.484978146633381"
"5","passive","22.5","-5.5","20","20","0.05","0.25","2","160","0","111","111","22.439914300474907"
"3","passive","17.5","-5.5","20","20","0.05","0.25","2","160","0","59","59","16.877218564588752"
"1","passive","12.5","-5.5","20","20","0.05","0.25","2","160","0","123","123","12.485729239301712"
"1","passive","12.5","-5.5","20","20","0.05","0.25","2","160","0","124","124","12.486442777336626"
"5","passive","22.5","-5.5","20","20","0.05","0.25","2","160","0","112","112","22.44291858545116"
"3","passive","17.5","-5.5","20","20","0.05","0.25","2","160","0","60","60","16.908357636359312"
"1","passive","12.5","-5.5","20","20","0.05","0.25","2","160","0","125","125","12.487120638469793"
"5","passive","22.5","-5.5","20","20","0.05","0.25","2","160","0","113","113","22.4457726561786"
"3","passive","17.5","-5.5","20","20","0.05","0.25","2","160","0","61","61","16.937939754541347"
"5","passive","22.5","-5.5","20","20","0.05","0.25","2","160","0","114","114","22.44848402336967"
"1","passive","12.5","-5.5","20","20","0.05","0.25","2","160","0","126","126","12.487764606546303"
"3","passive","17.5","-5.5","20","20","0.05","0.25","2","160","0","62","62","16.96604276681428"
"1","passive","12.5","-5.5","20","20","0.05","0.25","2","160","0","127","127","12.488376376218987"
"3","passive","17.5","-5.5","20","20","0.05","0.25","2","160","0","63","63","16.992740628473566"
"5","passive","22.5","-5.5","20","20","0.05","0.25","2","160","0","115","115","22.451059822201184"
"5","passive","22.5","-5.5","20","20","0.05","0.25","2","160","0","116","116","22.453506831091126"
"3","passive","17.5","-5.5","20","20","0.05","0.25","2","160","0","64","64","17.018103597049887"
"1","passive","12.5","-5.5","20","20","0.05","0.25","2","160","0","128","128","12.488957557408037"
"5","passive","22.5","-5.5","20","20","0.05","0.25","2","160","0","117","117","22.45583148953657"
"1","passive","12.5","-5.5","20","20","0.05","0.25","2","160","0","129","129","12.489509679537635"
"3","passive","17.5","-5.5","20","20","0.05","0.25","2","160","0","65","65","17.042198417197394"
"3","passive","17.5","-5.5","20","20","0.05","0.25","2","160","0","66","66","17.065088496337523"
"1","passive","12.5","-5.5","20","20","0.05","0.25","2","160","0","130","130","12.490034195560753"
"1","passive","12.5","-5.5","20","20","0.05","0.25","2","160","0","131","131","12.490532485782715"
"3","passive","17.5","-5.5","20","20","0.05","0.25","2","160","0","67","67","17.08683407152065"
"1","passive","12.5","-5.5","20","20","0.05","0.25","2","160","0","132","132","12.49100586149358"
"3","passive","17.5","-5.5","20","20","0.05","0.25","2","160","0","68","68","17.107492367944616"
"1","passive","12.5","-5.5","20","20","0.05","0.25","2","160","0","133","133","12.491455568418901"
"1","passive","12.5","-5.5","20","20","0.05","0.25","2","160","0","134","134","12.491882789997957"
"3","passive","17.5","-5.5","20","20","0.05","0.25","2","160","0","69","69","17.127117749547384"
"1","passive","12.5","-5.5","20","20","0.05","0.25","2","160","0","135","135","12.49228865049806"
"1","passive","12.5","-5.5","20","20","0.05","0.25","2","160","0","136","136","12.492674217973157"
"3","passive","17.5","-5.5","20","20","0.05","0.25","2","160","0","70","70","17.145761862070014"
"1","passive","12.5","-5.5","20","20","0.05","0.25","2","160","0","137","137","12.493040507074499"
"3","passive","17.5","-5.5","20","20","0.05","0.25","2","160","0","71","71","17.16347376896651"
"1","passive","12.5","-5.5","20","20","0.05","0.25","2","160","0","138","138","12.493388481720773"
"1","passive","12.5","-5.5","20","20","0.05","0.25","2","160","0","139","139","12.493719057634735"
"3","passive","17.5","-5.5","20","20","0.05","0.25","2","160","0","72","72","17.180300080518187"
"1","passive","12.5","-5.5","20","20","0.05","0.25","2","160","0","140","140","12.494033104752997"
"3","passive","17.5","-5.5","20","20","0.05","0.25","2","160","0","73","73","17.196285076492277"
"1","passive","12.5","-5.5","20","20","0.05","0.25","2","160","0","141","141","12.494331449515347"
"3","passive","17.5","-5.5","20","20","0.05","0.25","2","160","0","74","74","17.211470822667664"
"1","passive","12.5","-5.5","20","20","0.05","0.25","2","160","0","142","142","12.494614877039579"
"1","passive","12.5","-5.5","20","20","0.05","0.25","2","160","0","143","143","12.4948841331876"
"3","passive","17.5","-5.5","20","20","0.05","0.25","2","160","0","75","75","17.22589728153428"
"1","passive","12.5","-5.5","20","20","0.05","0.25","2","160","0","144","144","12.495139926528221"
"3","passive","17.5","-5.5","20","20","0.05","0.25","2","160","0","76","76","17.239602417457565"
"1","passive","12.5","-5.5","20","20","0.05","0.25","2","160","0","145","145","12.49538293020181"
"1","passive","12.5","-5.5","20","20","0.05","0.25","2","160","0","146","146","12.49561378369172"
"1","passive","12.5","-5.5","20","20","0.05","0.25","2","160","0","147","147","12.495833094507134"
"1","passive","12.5","-5.5","20","20","0.05","0.25","2","160","0","148","148","12.496041439781777"
"1","passive","12.5","-5.5","20","20","0.05","0.25","2","160","0","149","149","12.496239367792688"
"1","passive","12.5","-5.5","20","20","0.05","0.25","2","160","0","150","150","12.496427399403053"
"1","passive","12.5","-5.5","20","20","0.05","0.25","2","160","0","151","151","12.4966060294329"
"1","passive","12.5","-5.5","20","20","0.05","0.25","2","160","0","152","152","12.496775727961255"
"1","passive","12.5","-5.5","20","20","0.05","0.25","2","160","0","153","153","12.496936941563192"
"1","passive","12.5","-5.5","20","20","0.05","0.25","2","160","0","154","154","12.497090094485031"
"1","passive","12.5","-5.5","20","20","0.05","0.25","2","160","0","155","155","12.49723558976078"
"1","passive","12.5","-5.5","20","20","0.05","0.25","2","160","0","156","156","12.497373810272741"
"1","passive","12.5","-5.5","20","20","0.05","0.25","2","160","0","157","157","12.497505119759104"
"1","passive","12.5","-5.5","20","20","0.05","0.25","2","160","0","158","158","12.497629863771149"
"1","passive","12.5","-5.5","20","20","0.05","0.25","2","160","0","159","159","12.497748370582592"
"1","passive","12.5","-5.5","20","20","0.05","0.25","2","160","0","160","160","12.497860952053463"
"4","passive","17.5","6.5","20","20","0.05","0.25","2","160","0","141","141","17.514913025336476"
"4","passive","17.5","6.5","20","20","0.05","0.25","2","160","0","142","142","17.51416737406965"
"4","passive","17.5","6.5","20","20","0.05","0.25","2","160","0","143","143","17.51345900536617"
"4","passive","17.5","6.5","20","20","0.05","0.25","2","160","0","144","144","17.51278605509786"
"4","passive","17.5","6.5","20","20","0.05","0.25","2","160","0","145","145","17.512146752342964"
"4","passive","17.5","6.5","20","20","0.05","0.25","2","160","0","146","146","17.511539414725817"
"4","passive","17.5","6.5","20","20","0.05","0.25","2","160","0","147","147","17.510962443989527"
"4","passive","17.5","6.5","20","20","0.05","0.25","2","160","0","148","148","17.51041432179005"
"4","passive","17.5","6.5","20","20","0.05","0.25","2","160","0","149","149","17.509893605700547"
"4","passive","17.5","6.5","20","20","0.05","0.25","2","160","0","150","150","17.50939892541552"
"4","passive","17.5","6.5","20","20","0.05","0.25","2","160","0","151","151","17.508928979144745"
"4","passive","17.5","6.5","20","20","0.05","0.25","2","160","0","152","152","17.508482530187507"
"4","passive","17.5","6.5","20","20","0.05","0.25","2","160","0","153","153","17.50805840367813"
"4","passive","17.5","6.5","20","20","0.05","0.25","2","160","0","154","154","17.507655483494226"
"4","passive","17.5","6.5","20","20","0.05","0.25","2","160","0","155","155","17.507272709319516"
"7","passive","28.5","-5.5","20","20","0.05","0.25","2","160","0","48","48","26.467262613254054"
"4","passive","17.5","6.5","20","20","0.05","0.25","2","160","0","156","156","17.50690907385354"
"4","passive","17.5","6.5","20","20","0.05","0.25","2","160","0","157","157","17.50656362016086"
"7","passive","28.5","-5.5","20","20","0.05","0.25","2","160","0","49","49","26.568899482591352"
"4","passive","17.5","6.5","20","20","0.05","0.25","2","160","0","158","158","17.506235439152817"
"4","passive","17.5","6.5","20","20","0.05","0.25","2","160","0","159","159","17.505923667195177"
"7","passive","28.5","-5.5","20","20","0.05","0.25","2","160","0","50","50","26.665454508461785"
"4","passive","17.5","6.5","20","20","0.05","0.25","2","160","0","160","160","17.50562748383542"
"7","passive","28.5","-5.5","20","20","0.05","0.25","2","160","0","51","51","26.757181783038696"
"7","passive","28.5","-5.5","20","20","0.05","0.25","2","160","0","52","52","26.84432269388676"
"7","passive","28.5","-5.5","20","20","0.05","0.25","2","160","0","53","53","26.92710655919242"
"7","passive","28.5","-5.5","20","20","0.05","0.25","2","160","0","54","54","27.0057512312328"
"7","passive","28.5","-5.5","20","20","0.05","0.25","2","160","0","55","55","27.08046366967116"
"7","passive","28.5","-5.5","20","20","0.05","0.25","2","160","0","56","56","27.151440486187603"
"7","passive","28.5","-5.5","20","20","0.05","0.25","2","160","0","57","57","27.218868461878223"
"8","passive","28.5","6.5","20","20","0.05","0.25","2","160","0","43","43","29.561263203215105"
"7","passive","28.5","-5.5","20","20","0.05","0.25","2","160","0","58","58","27.282925038784313"
"8","passive","28.5","6.5","20","20","0.05","0.25","2","160","0","44","44","29.50820004305435"
"7","passive","28.5","-5.5","20","20","0.05","0.25","2","160","0","59","59","27.343778786845096"
"8","passive","28.5","6.5","20","20","0.05","0.25","2","160","0","45","45","29.457790040901635"
"7","passive","28.5","-5.5","20","20","0.05","0.25","2","160","0","60","60","27.40158984750284"
"8","passive","28.5","6.5","20","20","0.05","0.25","2","160","0","46","46","29.409900538856554"
"7","passive","28.5","-5.5","20","20","0.05","0.25","2","160","0","61","61","27.456510355127698"
"8","passive","28.5","6.5","20","20","0.05","0.25","2","160","0","47","47","29.364405511913727"
"7","passive","28.5","-5.5","20","20","0.05","0.25","2","160","0","62","62","27.508684837371312"
"8","passive","28.5","6.5","20","20","0.05","0.25","2","160","0","48","48","29.32118523631804"
"7","passive","28.5","-5.5","20","20","0.05","0.25","2","160","0","63","63","27.55825059550275"
"8","passive","28.5","6.5","20","20","0.05","0.25","2","160","0","49","49","29.280125974502138"
"7","passive","28.5","-5.5","20","20","0.05","0.25","2","160","0","64","64","27.60533806572761"
"7","passive","28.5","-5.5","20","20","0.05","0.25","2","160","0","65","65","27.650071162441233"
"8","passive","28.5","6.5","20","20","0.05","0.25","2","160","0","50","50","29.241119675777032"
"7","passive","28.5","-5.5","20","20","0.05","0.25","2","160","0","66","66","27.69256760431917"
"8","passive","28.5","6.5","20","20","0.05","0.25","2","160","0","51","51","29.204063691988182"
"7","passive","28.5","-5.5","20","20","0.05","0.25","2","160","0","67","67","27.732939224103212"
"8","passive","28.5","6.5","20","20","0.05","0.25","2","160","0","52","52","29.16886050738877"
"7","passive","28.5","-5.5","20","20","0.05","0.25","2","160","0","68","68","27.77129226289805"
"8","passive","28.5","6.5","20","20","0.05","0.25","2","160","0","53","53","29.13541748201933"
"7","passive","28.5","-5.5","20","20","0.05","0.25","2","160","0","69","69","27.807727649753147"
"8","passive","28.5","6.5","20","20","0.05","0.25","2","160","0","54","54","29.103646607918364"
"7","passive","28.5","-5.5","20","20","0.05","0.25","2","160","0","70","70","27.84234126726549"
"8","passive","28.5","6.5","20","20","0.05","0.25","2","160","0","55","55","29.073464277522447"
"7","passive","28.5","-5.5","20","20","0.05","0.25","2","160","0","71","71","27.875224203902214"
"8","passive","28.5","6.5","20","20","0.05","0.25","2","160","0","56","56","29.044791063646326"
"7","passive","28.5","-5.5","20","20","0.05","0.25","2","160","0","72","72","27.906462993707102"
"8","passive","28.5","6.5","20","20","0.05","0.25","2","160","0","57","57","29.01755151046401"
"7","passive","28.5","-5.5","20","20","0.05","0.25","2","160","0","73","73","27.936139844021746"
"8","passive","28.5","6.5","20","20","0.05","0.25","2","160","0","58","58","28.99167393494081"
"7","passive","28.5","-5.5","20","20","0.05","0.25","2","160","0","74","74","27.964332851820657"
"8","passive","28.5","6.5","20","20","0.05","0.25","2","160","0","59","59","28.96709023819377"
"7","passive","28.5","-5.5","20","20","0.05","0.25","2","160","0","75","75","27.991116209229624"
"8","passive","28.5","6.5","20","20","0.05","0.25","2","160","0","60","60","28.943735726284082"
"7","passive","28.5","-5.5","20","20","0.05","0.25","2","160","0","76","76","28.016560398768142"
"8","passive","28.5","6.5","20","20","0.05","0.25","2","160","0","61","61","28.921548939969878"
"7","passive","28.5","-5.5","20","20","0.05","0.25","2","160","0","77","77","28.040732378829734"
"7","passive","28.5","-5.5","20","20","0.05","0.25","2","160","0","78","78","28.063695759888247"
"8","passive","28.5","6.5","20","20","0.05","0.25","2","160","0","62","62","28.900471492971384"
"7","passive","28.5","-5.5","20","20","0.05","0.25","2","160","0","79","79","28.085510971893836"
"8","passive","28.5","6.5","20","20","0.05","0.25","2","160","0","63","63","28.880447918322815"
"7","passive","28.5","-5.5","20","20","0.05","0.25","2","160","0","80","80","28.106235423299143"
"8","passive","28.5","6.5","20","20","0.05","0.25","2","160","0","64","64","28.861425522406673"
"7","passive","28.5","-5.5","20","20","0.05","0.25","2","160","0","81","81","28.125923652134187"
"8","passive","28.5","6.5","20","20","0.05","0.25","2","160","0","65","65","28.84335424628634"
"8","passive","28.5","6.5","20","20","0.05","0.25","2","160","0","66","66","28.82618653397202"
"7","passive","28.5","-5.5","20","20","0.05","0.25","2","160","0","82","82","28.144627469527478"
"7","passive","28.5","-5.5","20","20","0.05","0.25","2","160","0","83","83","28.162396096051104"
"8","passive","28.5","6.5","20","20","0.05","0.25","2","160","0","67","67","28.80987720727342"
"8","passive","28.5","6.5","20","20","0.05","0.25","2","160","0","68","68","28.79438334690975"
"7","passive","28.5","-5.5","20","20","0.05","0.25","2","160","0","84","84","28.17927629124855"
"7","passive","28.5","-5.5","20","20","0.05","0.25","2","160","0","85","85","28.19531247668612"
"8","passive","28.5","6.5","20","20","0.05","0.25","2","160","0","69","69","28.779664179564264"
"7","passive","28.5","-5.5","20","20","0.05","0.25","2","160","0","86","86","28.210546852851813"
"7","passive","28.5","-5.5","20","20","0.05","0.25","2","160","0","87","87","28.225019510209222"
"7","passive","28.5","-5.5","20","20","0.05","0.25","2","160","0","88","88","28.23876853469876"
"5","passive","22.5","-5.5","20","20","0.05","0.25","2","160","0","118","118","22.458039915059743"
"7","passive","28.5","-5.5","20","20","0.05","0.25","2","160","0","89","89","28.251830107963823"
"5","passive","22.5","-5.5","20","20","0.05","0.25","2","160","0","119","119","22.460137919306757"
"7","passive","28.5","-5.5","20","20","0.05","0.25","2","160","0","90","90","28.26423860256563"
"5","passive","22.5","-5.5","20","20","0.05","0.25","2","160","0","120","120","22.462131023341417"
"5","passive","22.5","-5.5","20","20","0.05","0.25","2","160","0","121","121","22.464024472174348"
"7","passive","28.5","-5.5","20","20","0.05","0.25","2","160","0","91","91","28.27602667243735"
"5","passive","22.5","-5.5","20","20","0.05","0.25","2","160","0","122","122","22.46582324856563"
"7","passive","28.5","-5.5","20","20","0.05","0.25","2","160","0","92","92","28.28722533881548"
"5","passive","22.5","-5.5","20","20","0.05","0.25","2","160","0","123","123","22.46753208613735"
"7","passive","28.5","-5.5","20","20","0.05","0.25","2","160","0","93","93","28.297864071874706"
"5","passive","22.5","-5.5","20","20","0.05","0.25","2","160","0","124","124","22.469155481830484"
"7","passive","28.5","-5.5","20","20","0.05","0.25","2","160","0","94","94","28.30797086828097"
"5","passive","22.5","-5.5","20","20","0.05","0.25","2","160","0","125","125","22.47069770773896"
"7","passive","28.5","-5.5","20","20","0.05","0.25","2","160","0","95","95","28.317572324866923"
"7","passive","28.5","-5.5","20","20","0.05","0.25","2","160","0","96","96","28.326693708623576"
"5","passive","22.5","-5.5","20","20","0.05","0.25","2","160","0","126","126","22.47216282235201"
"7","passive","28.5","-5.5","20","20","0.05","0.25","2","160","0","97","97","28.335359023192396"
"5","passive","22.5","-5.5","20","20","0.05","0.25","2","160","0","127","127","22.47355468123441"
"7","passive","28.5","-5.5","20","20","0.05","0.25","2","160","0","98","98","28.343591072032776"
"5","passive","22.5","-5.5","20","20","0.05","0.25","2","160","0","128","128","22.47487694717269"
"7","passive","28.5","-5.5","20","20","0.05","0.25","2","160","0","99","99","28.35141151843114"
"5","passive","22.5","-5.5","20","20","0.05","0.25","2","160","0","129","129","22.476133099814053"
"7","passive","28.5","-5.5","20","20","0.05","0.25","2","160","0","100","100","28.35884094250958"
"5","passive","22.5","-5.5","20","20","0.05","0.25","2","160","0","130","130","22.47732644482335"
"7","passive","28.5","-5.5","20","20","0.05","0.25","2","160","0","101","101","28.365898895384102"
"5","passive","22.5","-5.5","20","20","0.05","0.25","2","160","0","131","131","22.478460122582185"
"3","passive","17.5","-5.5","20","20","0.05","0.25","2","160","0","77","77","17.252622296584686"
"5","passive","22.5","-5.5","20","20","0.05","0.25","2","160","0","132","132","22.479537116453074"
"7","passive","28.5","-5.5","20","20","0.05","0.25","2","160","0","102","102","28.3726039506149"
"3","passive","17.5","-5.5","20","20","0.05","0.25","2","160","0","78","78","17.264991181755452"
"5","passive","22.5","-5.5","20","20","0.05","0.25","2","160","0","133","133","22.48056026063042"
"3","passive","17.5","-5.5","20","20","0.05","0.25","2","160","0","79","79","17.27674162266768"
"5","passive","22.5","-5.5","20","20","0.05","0.25","2","160","0","134","134","22.4815322475989"
"5","passive","22.5","-5.5","20","20","0.05","0.25","2","160","0","135","135","22.482455635218955"
"3","passive","17.5","-5.5","20","20","0.05","0.25","2","160","0","80","80","17.287904541534296"
"3","passive","17.5","-5.5","20","20","0.05","0.25","2","160","0","81","81","17.298509314457583"
"5","passive","22.5","-5.5","20","20","0.05","0.25","2","160","0","136","136","22.483332853458005"
"5","passive","22.5","-5.5","20","20","0.05","0.25","2","160","0","137","137","22.484166210785105"
"3","passive","17.5","-5.5","20","20","0.05","0.25","2","160","0","82","82","17.308583848734703"
"5","passive","22.5","-5.5","20","20","0.05","0.25","2","160","0","138","138","22.48495790024585"
"3","passive","17.5","-5.5","20","20","0.05","0.25","2","160","0","83","83","17.318154656297967"
"5","passive","22.5","-5.5","20","20","0.05","0.25","2","160","0","139","139","22.485710005233557"
"5","passive","22.5","-5.5","20","20","0.05","0.25","2","160","0","140","140","22.48642450497188"
"3","passive","17.5","-5.5","20","20","0.05","0.25","2","160","0","84","84","17.32724692348307"
"5","passive","22.5","-5.5","20","20","0.05","0.25","2","160","0","141","141","22.487103279723286"
"3","passive","17.5","-5.5","20","20","0.05","0.25","2","160","0","85","85","17.335884577308917"
"5","passive","22.5","-5.5","20","20","0.05","0.25","2","160","0","142","142","22.487748115737123"
"5","passive","22.5","-5.5","20","20","0.05","0.25","2","160","0","143","143","22.488360709950268"
"3","passive","17.5","-5.5","20","20","0.05","0.25","2","160","0","86","86","17.344090348443473"
"5","passive","22.5","-5.5","20","20","0.05","0.25","2","160","0","144","144","22.488942674452755"
"3","passive","17.5","-5.5","20","20","0.05","0.25","2","160","0","87","87","17.3518858310213"
"5","passive","22.5","-5.5","20","20","0.05","0.25","2","160","0","145","145","22.48949554073012"
"3","passive","17.5","-5.5","20","20","0.05","0.25","2","160","0","88","88","17.359291539470235"
"5","passive","22.5","-5.5","20","20","0.05","0.25","2","160","0","146","146","22.49002076369361"
"3","passive","17.5","-5.5","20","20","0.05","0.25","2","160","0","89","89","17.36632696249672"
"5","passive","22.5","-5.5","20","20","0.05","0.25","2","160","0","147","147","22.490519725508932"
"3","passive","17.5","-5.5","20","20","0.05","0.25","2","160","0","90","90","17.373010614371886"
"5","passive","22.5","-5.5","20","20","0.05","0.25","2","160","0","148","148","22.490993739233485"
"5","passive","22.5","-5.5","20","20","0.05","0.25","2","160","0","149","149","22.49144405227181"
"3","passive","17.5","-5.5","20","20","0.05","0.25","2","160","0","91","91","17.379360083653292"
"5","passive","22.5","-5.5","20","20","0.05","0.25","2","160","0","150","150","22.491871849658217"
"3","passive","17.5","-5.5","20","20","0.05","0.25","2","160","0","92","92","17.385392079470627"
"5","passive","22.5","-5.5","20","20","0.05","0.25","2","160","0","151","151","22.492278257175307"
"3","passive","17.5","-5.5","20","20","0.05","0.25","2","160","0","93","93","17.391122475497095"
"5","passive","22.5","-5.5","20","20","0.05","0.25","2","160","0","152","152","22.49266434431654"
"5","passive","22.5","-5.5","20","20","0.05","0.25","2","160","0","153","153","22.493031127100714"
"3","passive","17.5","-5.5","20","20","0.05","0.25","2","160","0","94","94","17.39656635172224"
"3","passive","17.5","-5.5","20","20","0.05","0.25","2","160","0","95","95","17.401738034136127"
"5","passive","22.5","-5.5","20","20","0.05","0.25","2","160","0","154","154","22.493379570745677"
"5","passive","22.5","-5.5","20","20","0.05","0.25","2","160","0","155","155","22.493710592208394"
"3","passive","17.5","-5.5","20","20","0.05","0.25","2","160","0","96","96","17.40665113242932"
"5","passive","22.5","-5.5","20","20","0.05","0.25","2","160","0","156","156","22.494025062597974"
"3","passive","17.5","-5.5","20","20","0.05","0.25","2","160","0","97","97","17.411318575807854"
"5","passive","22.5","-5.5","20","20","0.05","0.25","2","160","0","157","157","22.494323809468074"
"5","passive","22.5","-5.5","20","20","0.05","0.25","2","160","0","158","158","22.49460761899467"
"3","passive","17.5","-5.5","20","20","0.05","0.25","2","160","0","98","98","17.415752647017463"
"5","passive","22.5","-5.5","20","20","0.05","0.25","2","160","0","159","159","22.494877238044936"
"3","passive","17.5","-5.5","20","20","0.05","0.25","2","160","0","99","99","17.41996501466659"
"5","passive","22.5","-5.5","20","20","0.05","0.25","2","160","0","160","160","22.49513337614269"
"3","passive","17.5","-5.5","20","20","0.05","0.25","2","160","0","100","100","17.42396676393326"
"3","passive","17.5","-5.5","20","20","0.05","0.25","2","160","0","101","101","17.4277684257366"
"3","passive","17.5","-5.5","20","20","0.05","0.25","2","160","0","102","102","17.431380004449768"
"3","passive","17.5","-5.5","20","20","0.05","0.25","2","160","0","103","103","17.434811004227278"
"3","passive","17.5","-5.5","20","20","0.05","0.25","2","160","0","104","104","17.438070454015914"
"3","passive","17.5","-5.5","20","20","0.05","0.25","2","160","0","105","105","17.44116693131512"
"3","passive","17.5","-5.5","20","20","0.05","0.25","2","160","0","106","106","17.444108584749365"
"3","passive","17.5","-5.5","20","20","0.05","0.25","2","160","0","107","107","17.446903155511897"
"3","passive","17.5","-5.5","20","20","0.05","0.25","2","160","0","108","108","17.449557997736303"
"3","passive","17.5","-5.5","20","20","0.05","0.25","2","160","0","109","109","17.45208009784949"
"3","passive","17.5","-5.5","20","20","0.05","0.25","2","160","0","110","110","17.454476092957016"
"3","passive","17.5","-5.5","20","20","0.05","0.25","2","160","0","111","111","17.456752288309165"
"3","passive","17.5","-5.5","20","20","0.05","0.25","2","160","0","112","112","17.458914673893705"
"3","passive","17.5","-5.5","20","20","0.05","0.25","2","160","0","113","113","17.46096894019902"
"3","passive","17.5","-5.5","20","20","0.05","0.25","2","160","0","114","114","17.46292049318907"
"3","passive","17.5","-5.5","20","20","0.05","0.25","2","160","0","115","115","17.464774468529615"
"3","passive","17.5","-5.5","20","20","0.05","0.25","2","160","0","116","116","17.466535745103133"
"3","passive","17.5","-5.5","20","20","0.05","0.25","2","160","0","117","117","17.468208957847978"
"3","passive","17.5","-5.5","20","20","0.05","0.25","2","160","0","118","118","17.469798509955577"
"3","passive","17.5","-5.5","20","20","0.05","0.25","2","160","0","119","119","17.471308584457798"
"3","passive","17.5","-5.5","20","20","0.05","0.25","2","160","0","120","120","17.47274315523491"
"3","passive","17.5","-5.5","20","20","0.05","0.25","2","160","0","121","121","17.474105997473163"
"3","passive","17.5","-5.5","20","20","0.05","0.25","2","160","0","122","122","17.475400697599504"
"3","passive","17.5","-5.5","20","20","0.05","0.25","2","160","0","123","123","17.47663066271953"
"3","passive","17.5","-5.5","20","20","0.05","0.25","2","160","0","124","124","17.477799129583552"
"3","passive","17.5","-5.5","20","20","0.05","0.25","2","160","0","125","125","17.478909173104373"
"3","passive","17.5","-5.5","20","20","0.05","0.25","2","160","0","126","126","17.479963714449156"
"3","passive","17.5","-5.5","20","20","0.05","0.25","2","160","0","127","127","17.4809655287267"
"3","passive","17.5","-5.5","20","20","0.05","0.25","2","160","0","128","128","17.481917252290366"
"3","passive","17.5","-5.5","20","20","0.05","0.25","2","160","0","129","129","17.48282138967585"
"3","passive","17.5","-5.5","20","20","0.05","0.25","2","160","0","130","130","17.483680320192057"
"3","passive","17.5","-5.5","20","20","0.05","0.25","2","160","0","131","131","17.484496304182453"
"3","passive","17.5","-5.5","20","20","0.05","0.25","2","160","0","132","132","17.485271488973332"
"3","passive","17.5","-5.5","20","20","0.05","0.25","2","160","0","133","133","17.486007914524667"
"3","passive","17.5","-5.5","20","20","0.05","0.25","2","160","0","134","134","17.486707518798433"
"3","passive","17.5","-5.5","20","20","0.05","0.25","2","160","0","135","135","17.48737214285851"
"3","passive","17.5","-5.5","20","20","0.05","0.25","2","160","0","136","136","17.488003535715585"
"3","passive","17.5","-5.5","20","20","0.05","0.25","2","160","0","137","137","17.488603358929804"
"3","passive","17.5","-5.5","20","20","0.05","0.25","2","160","0","138","138","17.489173190983315"
"3","passive","17.5","-5.5","20","20","0.05","0.25","2","160","0","139","139","17.48971453143415"
"3","passive","17.5","-5.5","20","20","0.05","0.25","2","160","0","140","140","17.490228804862443"
"3","passive","17.5","-5.5","20","20","0.05","0.25","2","160","0","141","141","17.49071736461932"
"3","passive","17.5","-5.5","20","20","0.05","0.25","2","160","0","142","142","17.491181496388357"
"3","passive","17.5","-5.5","20","20","0.05","0.25","2","160","0","143","143","17.49162242156894"
"3","passive","17.5","-5.5","20","20","0.05","0.25","2","160","0","144","144","17.492041300490495"
"3","passive","17.5","-5.5","20","20","0.05","0.25","2","160","0","145","145","17.49243923546597"
"3","passive","17.5","-5.5","20","20","0.05","0.25","2","160","0","146","146","17.492817273692673"
"3","passive","17.5","-5.5","20","20","0.05","0.25","2","160","0","147","147","17.49317641000804"
"3","passive","17.5","-5.5","20","20","0.05","0.25","2","160","0","148","148","17.49351758950764"
"3","passive","17.5","-5.5","20","20","0.05","0.25","2","160","0","149","149","17.493841710032257"
"3","passive","17.5","-5.5","20","20","0.05","0.25","2","160","0","150","150","17.494149624530642"
"3","passive","17.5","-5.5","20","20","0.05","0.25","2","160","0","151","151","17.49444214330411"
"3","passive","17.5","-5.5","20","20","0.05","0.25","2","160","0","152","152","17.494720036138904"
"3","passive","17.5","-5.5","20","20","0.05","0.25","2","160","0","153","153","17.49498403433196"
"3","passive","17.5","-5.5","20","20","0.05","0.25","2","160","0","154","154","17.495234832615363"
"3","passive","17.5","-5.5","20","20","0.05","0.25","2","160","0","155","155","17.495473090984596"
"3","passive","17.5","-5.5","20","20","0.05","0.25","2","160","0","156","156","17.495699436435366"
"3","passive","17.5","-5.5","20","20","0.05","0.25","2","160","0","157","157","17.4959144646136"
"3","passive","17.5","-5.5","20","20","0.05","0.25","2","160","0","158","158","17.49611874138292"
"3","passive","17.5","-5.5","20","20","0.05","0.25","2","160","0","159","159","17.496312804313774"
"3","passive","17.5","-5.5","20","20","0.05","0.25","2","160","0","160","160","17.496497164098084"
"8","passive","28.5","6.5","20","20","0.05","0.25","2","160","0","70","70","28.76568097058605"
"8","passive","28.5","6.5","20","20","0.05","0.25","2","160","0","71","71","28.752396922056747"
"8","passive","28.5","6.5","20","20","0.05","0.25","2","160","0","72","72","28.73977707595391"
"8","passive","28.5","6.5","20","20","0.05","0.25","2","160","0","73","73","28.727788222156214"
"8","passive","28.5","6.5","20","20","0.05","0.25","2","160","0","74","74","28.716398811048403"
"8","passive","28.5","6.5","20","20","0.05","0.25","2","160","0","75","75","28.705578870495984"
"8","passive","28.5","6.5","20","20","0.05","0.25","2","160","0","76","76","28.695299926971185"
"8","passive","28.5","6.5","20","20","0.05","0.25","2","160","0","77","77","28.685534930622627"
"8","passive","28.5","6.5","20","20","0.05","0.25","2","160","0","78","78","28.676258184091495"
"8","passive","28.5","6.5","20","20","0.05","0.25","2","160","0","79","79","28.66744527488692"
"8","passive","28.5","6.5","20","20","0.05","0.25","2","160","0","80","80","28.659073011142574"
"8","passive","28.5","6.5","20","20","0.05","0.25","2","160","0","81","81","28.651119360585447"
"8","passive","28.5","6.5","20","20","0.05","0.25","2","160","0","82","82","28.643563392556175"
"8","passive","28.5","6.5","20","20","0.05","0.25","2","160","0","83","83","28.636385222928364"
"8","passive","28.5","6.5","20","20","0.05","0.25","2","160","0","84","84","28.629565961781946"
"8","passive","28.5","6.5","20","20","0.05","0.25","2","160","0","85","85","28.62308766369285"
"8","passive","28.5","6.5","20","20","0.05","0.25","2","160","0","86","86","28.616933280508206"
"8","passive","28.5","6.5","20","20","0.05","0.25","2","160","0","87","87","28.611086616482797"
"8","passive","28.5","6.5","20","20","0.05","0.25","2","160","0","88","88","28.605532285658658"
"8","passive","28.5","6.5","20","20","0.05","0.25","2","160","0","89","89","28.600255671375724"
"8","passive","28.5","6.5","20","20","0.05","0.25","2","160","0","90","90","28.595242887806936"
"8","passive","28.5","6.5","20","20","0.05","0.25","2","160","0","91","91","28.590480743416588"
"7","passive","28.5","-5.5","20","20","0.05","0.25","2","160","0","103","103","28.378973753084153"
"8","passive","28.5","6.5","20","20","0.05","0.25","2","160","0","92","92","28.58595670624576"
"7","passive","28.5","-5.5","20","20","0.05","0.25","2","160","0","104","104","28.385025065429947"
"8","passive","28.5","6.5","20","20","0.05","0.25","2","160","0","93","93","28.581658870933474"
"7","passive","28.5","-5.5","20","20","0.05","0.25","2","160","0","105","105","28.39077381215845"
"7","passive","28.5","-5.5","20","20","0.05","0.25","2","160","0","106","106","28.39623512155053"
"8","passive","28.5","6.5","20","20","0.05","0.25","2","160","0","94","94","28.5775759273868"
"7","passive","28.5","-5.5","20","20","0.05","0.25","2","160","0","107","107","28.401423365473"
"8","passive","28.5","6.5","20","20","0.05","0.25","2","160","0","95","95","28.57369713101746"
"7","passive","28.5","-5.5","20","20","0.05","0.25","2","160","0","108","108","28.40635219719935"
"8","passive","28.5","6.5","20","20","0.05","0.25","2","160","0","96","96","28.57001227446659"
"7","passive","28.5","-5.5","20","20","0.05","0.25","2","160","0","109","109","28.411034587339383"
"7","passive","28.5","-5.5","20","20","0.05","0.25","2","160","0","110","110","28.415482857972414"
"8","passive","28.5","6.5","20","20","0.05","0.25","2","160","0","97","97","28.56651166074326"
"7","passive","28.5","-5.5","20","20","0.05","0.25","2","160","0","111","111","28.419708715073792"
"7","passive","28.5","-5.5","20","20","0.05","0.25","2","160","0","112","112","28.423723279320104"
"8","passive","28.5","6.5","20","20","0.05","0.25","2","160","0","98","98","28.563186077706096"
"7","passive","28.5","-5.5","20","20","0.05","0.25","2","160","0","113","113","28.4275371153541"
"8","passive","28.5","6.5","20","20","0.05","0.25","2","160","0","99","99","28.56002677382079"
"7","passive","28.5","-5.5","20","20","0.05","0.25","2","160","0","114","114","28.431160259586395"
"7","passive","28.5","-5.5","20","20","0.05","0.25","2","160","0","115","115","28.434602246607074"
"8","passive","28.5","6.5","20","20","0.05","0.25","2","160","0","100","100","28.557025435129752"
"7","passive","28.5","-5.5","20","20","0.05","0.25","2","160","0","116","116","28.43787213427672"
"8","passive","28.5","6.5","20","20","0.05","0.25","2","160","0","101","101","28.554174163373265"
"7","passive","28.5","-5.5","20","20","0.05","0.25","2","160","0","117","117","28.440978527562883"
"8","passive","28.5","6.5","20","20","0.05","0.25","2","160","0","102","102","28.551465455204603"
"7","passive","28.5","-5.5","20","20","0.05","0.25","2","160","0","118","118","28.44392960118474"
"8","passive","28.5","6.5","20","20","0.05","0.25","2","160","0","103","103","28.548892182444373"
"7","passive","28.5","-5.5","20","20","0.05","0.25","2","160","0","119","119","28.4467331211255"
"7","passive","28.5","-5.5","20","20","0.05","0.25","2","160","0","120","120","28.449396465069224"
"8","passive","28.5","6.5","20","20","0.05","0.25","2","160","0","104","104","28.546447573322155"
"7","passive","28.5","-5.5","20","20","0.05","0.25","2","160","0","121","121","28.451926641815763"
"8","passive","28.5","6.5","20","20","0.05","0.25","2","160","0","105","105","28.544125194656047"
"7","passive","28.5","-5.5","20","20","0.05","0.25","2","160","0","122","122","28.454330309724977"
"8","passive","28.5","6.5","20","20","0.05","0.25","2","160","0","106","106","28.541918934923245"
"7","passive","28.5","-5.5","20","20","0.05","0.25","2","160","0","123","123","28.456613794238727"
"8","passive","28.5","6.5","20","20","0.05","0.25","2","160","0","107","107","28.539822988177082"
"7","passive","28.5","-5.5","20","20","0.05","0.25","2","160","0","124","124","28.45878310452679"
"8","passive","28.5","6.5","20","20","0.05","0.25","2","160","0","108","108","28.537831838768227"
"7","passive","28.5","-5.5","20","20","0.05","0.25","2","160","0","125","125","28.46084394930045"
"8","passive","28.5","6.5","20","20","0.05","0.25","2","160","0","109","109","28.535940246829817"
"7","passive","28.5","-5.5","20","20","0.05","0.25","2","160","0","126","126","28.46280175183543"
"8","passive","28.5","6.5","20","20","0.05","0.25","2","160","0","110","110","28.534143234488326"
"7","passive","28.5","-5.5","20","20","0.05","0.25","2","160","0","127","127","28.464661664243657"
"8","passive","28.5","6.5","20","20","0.05","0.25","2","160","0","111","111","28.53243607276391"
"7","passive","28.5","-5.5","20","20","0.05","0.25","2","160","0","128","128","28.466428581031472"
"7","passive","28.5","-5.5","20","20","0.05","0.25","2","160","0","129","129","28.4681071519799"
"7","passive","28.5","-5.5","20","20","0.05","0.25","2","160","0","130","130","28.469701794380907"
"8","passive","28.5","6.5","20","20","0.05","0.25","2","160","0","112","112","28.530814269125717"
"8","passive","28.5","6.5","20","20","0.05","0.25","2","160","0","113","113","28.52927355566943"
"7","passive","28.5","-5.5","20","20","0.05","0.25","2","160","0","131","131","28.47121670466186"
"8","passive","28.5","6.5","20","20","0.05","0.25","2","160","0","114","114","28.527809877885957"
"7","passive","28.5","-5.5","20","20","0.05","0.25","2","160","0","132","132","28.472655869428767"
"7","passive","28.5","-5.5","20","20","0.05","0.25","2","160","0","133","133","28.47402307595733"
"8","passive","28.5","6.5","20","20","0.05","0.25","2","160","0","115","115","28.52641938399166"
"7","passive","28.5","-5.5","20","20","0.05","0.25","2","160","0","134","134","28.475321922159463"
"8","passive","28.5","6.5","20","20","0.05","0.25","2","160","0","116","116","28.525098414792076"
"7","passive","28.5","-5.5","20","20","0.05","0.25","2","160","0","135","135","28.476555826051488"
"8","passive","28.5","6.5","20","20","0.05","0.25","2","160","0","117","117","28.52384349405247"
"7","passive","28.5","-5.5","20","20","0.05","0.25","2","160","0","136","136","28.477728034748914"
"8","passive","28.5","6.5","20","20","0.05","0.25","2","160","0","118","118","28.522651319349848"
"7","passive","28.5","-5.5","20","20","0.05","0.25","2","160","0","137","137","28.47884163301147"
"8","passive","28.5","6.5","20","20","0.05","0.25","2","160","0","119","119","28.521518753382356"
"7","passive","28.5","-5.5","20","20","0.05","0.25","2","160","0","138","138","28.479899551360898"
"8","passive","28.5","6.5","20","20","0.05","0.25","2","160","0","120","120","28.52044281571324"
"7","passive","28.5","-5.5","20","20","0.05","0.25","2","160","0","139","139","28.480904573792852"
"8","passive","28.5","6.5","20","20","0.05","0.25","2","160","0","121","121","28.519420674927577"
"7","passive","28.5","-5.5","20","20","0.05","0.25","2","160","0","140","140","28.48185934510321"
"8","passive","28.5","6.5","20","20","0.05","0.25","2","160","0","122","122","28.5184496411812"
"7","passive","28.5","-5.5","20","20","0.05","0.25","2","160","0","141","141","28.48276637784805"
"8","passive","28.5","6.5","20","20","0.05","0.25","2","160","0","123","123","28.51752715912214"
"7","passive","28.5","-5.5","20","20","0.05","0.25","2","160","0","142","142","28.48362805895565"
"8","passive","28.5","6.5","20","20","0.05","0.25","2","160","0","124","124","28.516650801166033"
"7","passive","28.5","-5.5","20","20","0.05","0.25","2","160","0","143","143","28.484446656007865"
"8","passive","28.5","6.5","20","20","0.05","0.25","2","160","0","125","125","28.515818261107732"
"7","passive","28.5","-5.5","20","20","0.05","0.25","2","160","0","144","144","28.485224323207472"
"7","passive","28.5","-5.5","20","20","0.05","0.25","2","160","0","145","145","28.485963107047098"
"8","passive","28.5","6.5","20","20","0.05","0.25","2","160","0","126","126","28.515027348052346"
"7","passive","28.5","-5.5","20","20","0.05","0.25","2","160","0","146","146","28.486664951694742"
"8","passive","28.5","6.5","20","20","0.05","0.25","2","160","0","127","127","28.514275980649728"
"7","passive","28.5","-5.5","20","20","0.05","0.25","2","160","0","147","147","28.487331704110005"
"8","passive","28.5","6.5","20","20","0.05","0.25","2","160","0","128","128","28.513562181617242"
"7","passive","28.5","-5.5","20","20","0.05","0.25","2","160","0","148","148","28.487965118904505"
"8","passive","28.5","6.5","20","20","0.05","0.25","2","160","0","129","129","28.51288407253638"
"7","passive","28.5","-5.5","20","20","0.05","0.25","2","160","0","149","149","28.48856686295928"
"8","passive","28.5","6.5","20","20","0.05","0.25","2","160","0","130","130","28.51223986890956"
"7","passive","28.5","-5.5","20","20","0.05","0.25","2","160","0","150","150","28.489138519811316"
"7","passive","28.5","-5.5","20","20","0.05","0.25","2","160","0","151","151","28.48968159382075"
"8","passive","28.5","6.5","20","20","0.05","0.25","2","160","0","131","131","28.511627875464082"
"7","passive","28.5","-5.5","20","20","0.05","0.25","2","160","0","152","152","28.490197514129715"
"7","passive","28.5","-5.5","20","20","0.05","0.25","2","160","0","153","153","28.49068763842323"
"7","passive","28.5","-5.5","20","20","0.05","0.25","2","160","0","154","154","28.491153256502066"
"7","passive","28.5","-5.5","20","20","0.05","0.25","2","160","0","155","155","28.491595593676962"
"8","passive","28.5","6.5","20","20","0.05","0.25","2","160","0","132","132","28.51104648169088"
"7","passive","28.5","-5.5","20","20","0.05","0.25","2","160","0","156","156","28.492015813993113"
"7","passive","28.5","-5.5","20","20","0.05","0.25","2","160","0","157","157","28.492415023293457"
"7","passive","28.5","-5.5","20","20","0.05","0.25","2","160","0","158","158","28.492794272128783"
"8","passive","28.5","6.5","20","20","0.05","0.25","2","160","0","133","133","28.510494157606335"
"7","passive","28.5","-5.5","20","20","0.05","0.25","2","160","0","159","159","28.493154558522345"
"8","passive","28.5","6.5","20","20","0.05","0.25","2","160","0","134","134","28.509969449726018"
"7","passive","28.5","-5.5","20","20","0.05","0.25","2","160","0","160","160","28.49349683059623"
"8","passive","28.5","6.5","20","20","0.05","0.25","2","160","0","135","135","28.50947097723972"
"8","passive","28.5","6.5","20","20","0.05","0.25","2","160","0","136","136","28.508997428377732"
"8","passive","28.5","6.5","20","20","0.05","0.25","2","160","0","137","137","28.508547556958845"
"8","passive","28.5","6.5","20","20","0.05","0.25","2","160","0","138","138","28.508120179110904"
"8","passive","28.5","6.5","20","20","0.05","0.25","2","160","0","139","139","28.50771417015536"
"8","passive","28.5","6.5","20","20","0.05","0.25","2","160","0","140","140","28.507328461647592"
"8","passive","28.5","6.5","20","20","0.05","0.25","2","160","0","141","141","28.506962038565213"
"8","passive","28.5","6.5","20","20","0.05","0.25","2","160","0","142","142","28.506613936636953"
"8","passive","28.5","6.5","20","20","0.05","0.25","2","160","0","143","143","28.506283239805104"
"8","passive","28.5","6.5","20","20","0.05","0.25","2","160","0","144","144","28.50596907781485"
"8","passive","28.5","6.5","20","20","0.05","0.25","2","160","0","145","145","28.505670623924107"
"8","passive","28.5","6.5","20","20","0.05","0.25","2","160","0","146","146","28.5053870927279"
"8","passive","28.5","6.5","20","20","0.05","0.25","2","160","0","147","147","28.505117738091506"
"8","passive","28.5","6.5","20","20","0.05","0.25","2","160","0","148","148","28.50486185118693"
"8","passive","28.5","6.5","20","20","0.05","0.25","2","160","0","149","149","28.504618758627583"
"8","passive","28.5","6.5","20","20","0.05","0.25","2","160","0","150","150","28.504387820696202"
"8","passive","28.5","6.5","20","20","0.05","0.25","2","160","0","151","151","28.50416842966139"
"8","passive","28.5","6.5","20","20","0.05","0.25","2","160","0","152","152","28.50396000817832"
"8","passive","28.5","6.5","20","20","0.05","0.25","2","160","0","153","153","28.503762007769406"
"8","passive","28.5","6.5","20","20","0.05","0.25","2","160","0","154","154","28.503573907380936"
"8","passive","28.5","6.5","20","20","0.05","0.25","2","160","0","155","155","28.50339521201189"
"8","passive","28.5","6.5","20","20","0.05","0.25","2","160","0","156","156","28.503225451411293"
"8","passive","28.5","6.5","20","20","0.05","0.25","2","160","0","157","157","28.503064178840727"
"8","passive","28.5","6.5","20","20","0.05","0.25","2","160","0","158","158","28.50291096989869"
"8","passive","28.5","6.5","20","20","0.05","0.25","2","160","0","159","159","28.502765421403755"
"8","passive","28.5","6.5","20","20","0.05","0.25","2","160","0","160","160","28.502627150333566"
