"BehaviorSpace results (NetLogo 7.0.4)","Table version 2.0"
"/home/brian/code/collective-competence/goal-discovery/src/experiments/thermostat/thermostat.nlogox"
"p2v2-train-discovery-feedback"
"08/29/2026 02:58:33:643 -0700"
"min-pxcor","max-pxcor","min-pycor","max-pycor"
"0","4","-20","80"
"[run number]","arm","setpoint","displacement-amount","initial-temperature","ambient-temperature","relaxation-rate","controller-gain","max-control","max-ticks","load-magnitude","[step]","ticks","temperature"
"6","feedback","22.5","6.5","20","20","0.05","0.25","2","160","0","0","0","20"
"8","feedback","28.5","6.5","20","20","0.05","0.25","2","160","0","0","0","20"
"7","feedback","28.5","-5.5","20","20","0.05","0.25","2","160","0","0","0","20"
"3","feedback","17.5","-5.5","20","20","0.05","0.25","2","160","0","0","0","20"
"1","feedback","12.5","-5.5","20","20","0.05","0.25","2","160","0","0","0","20"
"2","feedback","12.5","6.5","20","20","0.05","0.25","2","160","0","0","0","20"
"5","feedback","22.5","-5.5","20","20","0.05","0.25","2","160","0","0","0","20"
"4","feedback","17.5","6.5","20","20","0.05","0.25","2","160","0","0","0","20"
"6","feedback","22.5","6.5","20","20","0.05","0.25","2","160","0","1","1","20.75"
"8","feedback","28.5","6.5","20","20","0.05","0.25","2","160","0","1","1","22.425"
"4","feedback","17.5","6.5","20","20","0.05","0.25","2","160","0","1","1","19.25"
"2","feedback","12.5","6.5","20","20","0.05","0.25","2","160","0","1","1","17.75"
"7","feedback","28.5","-5.5","20","20","0.05","0.25","2","160","0","1","1","22.425"
"3","feedback","17.5","-5.5","20","20","0.05","0.25","2","160","0","1","1","19.25"
"5","feedback","22.5","-5.5","20","20","0.05","0.25","2","160","0","1","1","20.75"
"6","feedback","22.5","6.5","20","20","0.05","0.25","2","160","0","2","2","21.275"
"1","feedback","12.5","-5.5","20","20","0.05","0.25","2","160","0","1","1","17.75"
"8","feedback","28.5","6.5","20","20","0.05","0.25","2","160","0","2","2","24.247500000000002"
"7","feedback","28.5","-5.5","20","20","0.05","0.25","2","160","0","2","2","24.247500000000002"
"4","feedback","17.5","6.5","20","20","0.05","0.25","2","160","0","2","2","18.725"
"2","feedback","12.5","6.5","20","20","0.05","0.25","2","160","0","2","2","16.175"
"5","feedback","22.5","-5.5","20","20","0.05","0.25","2","160","0","2","2","21.275"
"3","feedback","17.5","-5.5","20","20","0.05","0.25","2","160","0","2","2","18.725"
"1","feedback","12.5","-5.5","20","20","0.05","0.25","2","160","0","2","2","16.175"
"6","feedback","22.5","6.5","20","20","0.05","0.25","2","160","0","3","3","21.6425"
"8","feedback","28.5","6.5","20","20","0.05","0.25","2","160","0","3","3","25.52325"
"4","feedback","17.5","6.5","20","20","0.05","0.25","2","160","0","3","3","18.3575"
"5","feedback","22.5","-5.5","20","20","0.05","0.25","2","160","0","3","3","21.6425"
"6","feedback","22.5","6.5","20","20","0.05","0.25","2","160","0","4","4","21.899749999999997"
"3","feedback","17.5","-5.5","20","20","0.05","0.25","2","160","0","3","3","18.3575"
"1","feedback","12.5","-5.5","20","20","0.05","0.25","2","160","0","3","3","15.072500000000002"
"8","feedback","28.5","6.5","20","20","0.05","0.25","2","160","0","4","4","26.416275"
"2","feedback","12.5","6.5","20","20","0.05","0.25","2","160","0","3","3","15.072500000000002"
"5","feedback","22.5","-5.5","20","20","0.05","0.25","2","160","0","4","4","21.899749999999997"
"4","feedback","17.5","6.5","20","20","0.05","0.25","2","160","0","4","4","18.100250000000003"
"6","feedback","22.5","6.5","20","20","0.05","0.25","2","160","0","5","5","22.079825"
"2","feedback","12.5","6.5","20","20","0.05","0.25","2","160","0","4","4","14.30075"
"8","feedback","28.5","6.5","20","20","0.05","0.25","2","160","0","5","5","27.0413925"
"1","feedback","12.5","-5.5","20","20","0.05","0.25","2","160","0","4","4","14.30075"
"4","feedback","17.5","6.5","20","20","0.05","0.25","2","160","0","5","5","17.920175"
"6","feedback","22.5","6.5","20","20","0.05","0.25","2","160","0","6","6","22.2058775"
"5","feedback","22.5","-5.5","20","20","0.05","0.25","2","160","0","5","5","22.079825"
"2","feedback","12.5","6.5","20","20","0.05","0.25","2","160","0","5","5","13.760525000000001"
"8","feedback","28.5","6.5","20","20","0.05","0.25","2","160","0","6","6","27.47897475"
"4","feedback","17.5","6.5","20","20","0.05","0.25","2","160","0","6","6","17.7941225"
"6","feedback","22.5","6.5","20","20","0.05","0.25","2","160","0","7","7","22.29411425"
"2","feedback","12.5","6.5","20","20","0.05","0.25","2","160","0","6","6","13.3823675"
"8","feedback","28.5","6.5","20","20","0.05","0.25","2","160","0","7","7","27.785282324999997"
"1","feedback","12.5","-5.5","20","20","0.05","0.25","2","160","0","5","5","13.760525000000001"
"5","feedback","22.5","-5.5","20","20","0.05","0.25","2","160","0","6","6","22.2058775"
"4","feedback","17.5","6.5","20","20","0.05","0.25","2","160","0","7","7","17.70588575"
"6","feedback","22.5","6.5","20","20","0.05","0.25","2","160","0","8","8","22.355879975"
"2","feedback","12.5","6.5","20","20","0.05","0.25","2","160","0","7","7","13.11765725"
"8","feedback","28.5","6.5","20","20","0.05","0.25","2","160","0","8","8","27.999697627499998"
"1","feedback","12.5","-5.5","20","20","0.05","0.25","2","160","0","6","6","13.3823675"
"8","feedback","28.5","6.5","20","20","0.05","0.25","2","160","0","9","9","28.149788339249998"
"6","feedback","22.5","6.5","20","20","0.05","0.25","2","160","0","9","9","22.3991159825"
"4","feedback","17.5","6.5","20","20","0.05","0.25","2","160","0","8","8","17.644120025"
"1","feedback","12.5","-5.5","20","20","0.05","0.25","2","160","0","7","7","13.11765725"
"2","feedback","12.5","6.5","20","20","0.05","0.25","2","160","0","8","8","12.932360075"
"6","feedback","22.5","6.5","20","20","0.05","0.25","2","160","0","10","10","22.429381187749996"
"8","feedback","28.5","6.5","20","20","0.05","0.25","2","160","0","10","10","28.254851837474998"
"2","feedback","12.5","6.5","20","20","0.05","0.25","2","160","0","9","9","12.802652052500001"
"4","feedback","17.5","6.5","20","20","0.05","0.25","2","160","0","9","9","17.6008840175"
"1","feedback","12.5","-5.5","20","20","0.05","0.25","2","160","0","8","8","12.932360075"
"6","feedback","22.5","6.5","20","20","0.05","0.25","2","160","0","11","11","22.450566831424997"
"2","feedback","12.5","6.5","20","20","0.05","0.25","2","160","0","10","10","12.71185643675"
"8","feedback","28.5","6.5","20","20","0.05","0.25","2","160","0","11","11","28.328396286232497"
"1","feedback","12.5","-5.5","20","20","0.05","0.25","2","160","0","9","9","12.802652052500001"
"4","feedback","17.5","6.5","20","20","0.05","0.25","2","160","0","10","10","17.570618812250004"
"2","feedback","12.5","6.5","20","20","0.05","0.25","2","160","0","11","11","12.648299505725"
"8","feedback","28.5","6.5","20","20","0.05","0.25","2","160","0","12","12","28.379877400362744"
"1","feedback","12.5","-5.5","20","20","0.05","0.25","2","160","0","10","10","12.71185643675"
"4","feedback","17.5","6.5","20","20","0.05","0.25","2","160","0","11","11","17.549433168575003"
"8","feedback","28.5","6.5","20","20","0.05","0.25","2","160","0","13","13","28.41591418025392"
"1","feedback","12.5","-5.5","20","20","0.05","0.25","2","160","0","11","11","12.648299505725"
"4","feedback","17.5","6.5","20","20","0.05","0.25","2","160","0","12","12","17.534603218002502"
"8","feedback","28.5","6.5","20","20","0.05","0.25","2","160","0","14","14","28.441139926177744"
"4","feedback","17.5","6.5","20","20","0.05","0.25","2","160","0","13","13","17.524222252601753"
"8","feedback","28.5","6.5","20","20","0.05","0.25","2","160","0","15","15","28.45879794832442"
"1","feedback","12.5","-5.5","20","20","0.05","0.25","2","160","0","12","12","12.603809654007499"
"4","feedback","17.5","6.5","20","20","0.05","0.25","2","160","0","14","14","17.516955576821225"
"8","feedback","28.5","6.5","20","20","0.05","0.25","2","160","0","16","16","28.471158563827096"
"1","feedback","12.5","-5.5","20","20","0.05","0.25","2","160","0","13","13","12.57266675780525"
"4","feedback","17.5","6.5","20","20","0.05","0.25","2","160","0","15","15","17.511868903774854"
"8","feedback","28.5","6.5","20","20","0.05","0.25","2","160","0","17","17","28.47981099467897"
"1","feedback","12.5","-5.5","20","20","0.05","0.25","2","160","0","14","14","12.550866730463675"
"4","feedback","17.5","6.5","20","20","0.05","0.25","2","160","0","16","16","17.5083082326424"
"8","feedback","28.5","6.5","20","20","0.05","0.25","2","160","0","18","18","28.485867696275278"
"4","feedback","17.5","6.5","20","20","0.05","0.25","2","160","0","17","17","17.50581576284968"
"1","feedback","12.5","-5.5","20","20","0.05","0.25","2","160","0","15","15","12.535606711324572"
"8","feedback","28.5","6.5","20","20","0.05","0.25","2","160","0","19","19","28.490107387392694"
"4","feedback","17.5","6.5","20","20","0.05","0.25","2","160","0","18","18","17.504071033994776"
"8","feedback","28.5","6.5","20","20","0.05","0.25","2","160","0","20","20","28.493075171174883"
"1","feedback","12.5","-5.5","20","20","0.05","0.25","2","160","0","16","16","12.5249246979272"
"4","feedback","17.5","6.5","20","20","0.05","0.25","2","160","0","19","19","17.502849723796345"
"1","feedback","12.5","-5.5","20","20","0.05","0.25","2","160","0","17","17","12.51744728854904"
"8","feedback","28.5","6.5","20","20","0.05","0.25","2","160","0","21","21","33.04515261982242"
"1","feedback","12.5","-5.5","20","20","0.05","0.25","2","160","0","18","18","12.51221310198433"
"4","feedback","17.5","6.5","20","20","0.05","0.25","2","160","0","20","20","17.501994806657443"
"8","feedback","28.5","6.5","20","20","0.05","0.25","2","160","0","22","22","31.681606833875694"
"1","feedback","12.5","-5.5","20","20","0.05","0.25","2","160","0","19","19","12.508549171389031"
"4","feedback","17.5","6.5","20","20","0.05","0.25","2","160","0","21","21","22.051396364660206"
"8","feedback","28.5","6.5","20","20","0.05","0.25","2","160","0","23","23","30.727124783712988"
"1","feedback","12.5","-5.5","20","20","0.05","0.25","2","160","0","20","20","12.505984419972322"
"8","feedback","28.5","6.5","20","20","0.05","0.25","2","160","0","24","24","30.05898734859909"
"4","feedback","17.5","6.5","20","20","0.05","0.25","2","160","0","22","22","20.685977455262144"
"1","feedback","12.5","-5.5","20","20","0.05","0.25","2","160","0","21","21","8.654189093980625"
"8","feedback","28.5","6.5","20","20","0.05","0.25","2","160","0","25","25","29.591291144019362"
"4","feedback","17.5","6.5","20","20","0.05","0.25","2","160","0","23","23","19.7301842186835"
"8","feedback","28.5","6.5","20","20","0.05","0.25","2","160","0","26","26","29.26390380081355"
"4","feedback","17.5","6.5","20","20","0.05","0.25","2","160","0","24","24","19.06112895307845"
"4","feedback","17.5","6.5","20","20","0.05","0.25","2","160","0","25","25","18.592790267154914"
"8","feedback","28.5","6.5","20","20","0.05","0.25","2","160","0","27","27","29.034732660569485"
"8","feedback","28.5","6.5","20","20","0.05","0.25","2","160","0","28","28","28.87431286239864"
"4","feedback","17.5","6.5","20","20","0.05","0.25","2","160","0","26","26","18.26495318700844"
"8","feedback","28.5","6.5","20","20","0.05","0.25","2","160","0","29","29","28.762019003679047"
"4","feedback","17.5","6.5","20","20","0.05","0.25","2","160","0","27","27","18.03546723090591"
"4","feedback","17.5","6.5","20","20","0.05","0.25","2","160","0","28","28","17.874827061634136"
"8","feedback","28.5","6.5","20","20","0.05","0.25","2","160","0","30","30","28.683413302575335"
"4","feedback","17.5","6.5","20","20","0.05","0.25","2","160","0","29","29","17.762378943143894"
"8","feedback","28.5","6.5","20","20","0.05","0.25","2","160","0","31","31","28.628389311802735"
"4","feedback","17.5","6.5","20","20","0.05","0.25","2","160","0","30","30","17.683665260200726"
"8","feedback","28.5","6.5","20","20","0.05","0.25","2","160","0","32","32","28.589872518261913"
"4","feedback","17.5","6.5","20","20","0.05","0.25","2","160","0","31","31","17.628565682140508"
"8","feedback","28.5","6.5","20","20","0.05","0.25","2","160","0","33","33","28.56291076278334"
"4","feedback","17.5","6.5","20","20","0.05","0.25","2","160","0","32","32","17.589995977498358"
"8","feedback","28.5","6.5","20","20","0.05","0.25","2","160","0","34","34","28.54403753394834"
"4","feedback","17.5","6.5","20","20","0.05","0.25","2","160","0","33","33","17.56299718424885"
"4","feedback","17.5","6.5","20","20","0.05","0.25","2","160","0","34","34","17.544098028974197"
"8","feedback","28.5","6.5","20","20","0.05","0.25","2","160","0","35","35","28.53082627376384"
"4","feedback","17.5","6.5","20","20","0.05","0.25","2","160","0","35","35","17.530868620281936"
"8","feedback","28.5","6.5","20","20","0.05","0.25","2","160","0","36","36","28.521578391634687"
"7","feedback","28.5","-5.5","20","20","0.05","0.25","2","160","0","3","3","25.52325"
"4","feedback","17.5","6.5","20","20","0.05","0.25","2","160","0","36","36","17.521608034197357"
"8","feedback","28.5","6.5","20","20","0.05","0.25","2","160","0","37","37","28.51510487414428"
"7","feedback","28.5","-5.5","20","20","0.05","0.25","2","160","0","4","4","26.416275"
"4","feedback","17.5","6.5","20","20","0.05","0.25","2","160","0","37","37","17.51512562393815"
"8","feedback","28.5","6.5","20","20","0.05","0.25","2","160","0","38","38","28.510573411900996"
"7","feedback","28.5","-5.5","20","20","0.05","0.25","2","160","0","5","5","27.0413925"
"8","feedback","28.5","6.5","20","20","0.05","0.25","2","160","0","39","39","28.5074013883307"
"4","feedback","17.5","6.5","20","20","0.05","0.25","2","160","0","38","38","17.510587936756707"
"8","feedback","28.5","6.5","20","20","0.05","0.25","2","160","0","40","40","28.505180971831493"
"7","feedback","28.5","-5.5","20","20","0.05","0.25","2","160","0","6","6","27.47897475"
"4","feedback","17.5","6.5","20","20","0.05","0.25","2","160","0","39","39","17.507411555729696"
"8","feedback","28.5","6.5","20","20","0.05","0.25","2","160","0","41","41","28.503626680282046"
"7","feedback","28.5","-5.5","20","20","0.05","0.25","2","160","0","7","7","27.785282324999997"
"4","feedback","17.5","6.5","20","20","0.05","0.25","2","160","0","40","40","17.505188089010787"
"8","feedback","28.5","6.5","20","20","0.05","0.25","2","160","0","42","42","28.50253867619743"
"7","feedback","28.5","-5.5","20","20","0.05","0.25","2","160","0","8","8","27.999697627499998"
"4","feedback","17.5","6.5","20","20","0.05","0.25","2","160","0","41","41","17.50363166230755"
"8","feedback","28.5","6.5","20","20","0.05","0.25","2","160","0","43","43","28.501777073338204"
"7","feedback","28.5","-5.5","20","20","0.05","0.25","2","160","0","9","9","28.149788339249998"
"4","feedback","17.5","6.5","20","20","0.05","0.25","2","160","0","42","42","17.502542163615285"
"8","feedback","28.5","6.5","20","20","0.05","0.25","2","160","0","44","44","28.501243951336743"
"7","feedback","28.5","-5.5","20","20","0.05","0.25","2","160","0","10","10","28.254851837474998"
"8","feedback","28.5","6.5","20","20","0.05","0.25","2","160","0","45","45","28.50087076593572"
"4","feedback","17.5","6.5","20","20","0.05","0.25","2","160","0","43","43","17.5017795145307"
"7","feedback","28.5","-5.5","20","20","0.05","0.25","2","160","0","11","11","28.328396286232497"
"8","feedback","28.5","6.5","20","20","0.05","0.25","2","160","0","46","46","28.500609536155004"
"4","feedback","17.5","6.5","20","20","0.05","0.25","2","160","0","44","44","17.50124566017149"
"7","feedback","28.5","-5.5","20","20","0.05","0.25","2","160","0","12","12","28.379877400362744"
"8","feedback","28.5","6.5","20","20","0.05","0.25","2","160","0","47","47","28.500426675308503"
"4","feedback","17.5","6.5","20","20","0.05","0.25","2","160","0","45","45","17.500871962120044"
"8","feedback","28.5","6.5","20","20","0.05","0.25","2","160","0","48","48","28.500298672715953"
"7","feedback","28.5","-5.5","20","20","0.05","0.25","2","160","0","13","13","28.41591418025392"
"4","feedback","17.5","6.5","20","20","0.05","0.25","2","160","0","46","46","17.50061037348403"
"8","feedback","28.5","6.5","20","20","0.05","0.25","2","160","0","49","49","28.500209070901168"
"7","feedback","28.5","-5.5","20","20","0.05","0.25","2","160","0","14","14","28.441139926177744"
"3","feedback","17.5","-5.5","20","20","0.05","0.25","2","160","0","4","4","18.100250000000003"
"4","feedback","17.5","6.5","20","20","0.05","0.25","2","160","0","47","47","17.500427261438823"
"7","feedback","28.5","-5.5","20","20","0.05","0.25","2","160","0","15","15","28.45879794832442"
"8","feedback","28.5","6.5","20","20","0.05","0.25","2","160","0","50","50","28.500146349630818"
"3","feedback","17.5","-5.5","20","20","0.05","0.25","2","160","0","5","5","17.920175"
"4","feedback","17.5","6.5","20","20","0.05","0.25","2","160","0","48","48","17.500299083007178"
"7","feedback","28.5","-5.5","20","20","0.05","0.25","2","160","0","16","16","28.471158563827096"
"8","feedback","28.5","6.5","20","20","0.05","0.25","2","160","0","51","51","28.50010244474157"
"3","feedback","17.5","-5.5","20","20","0.05","0.25","2","160","0","6","6","17.7941225"
"4","feedback","17.5","6.5","20","20","0.05","0.25","2","160","0","49","49","17.500209358105025"
"8","feedback","28.5","6.5","20","20","0.05","0.25","2","160","0","52","52","28.5000717113191"
"7","feedback","28.5","-5.5","20","20","0.05","0.25","2","160","0","17","17","28.47981099467897"
"3","feedback","17.5","-5.5","20","20","0.05","0.25","2","160","0","7","7","17.70588575"
"4","feedback","17.5","6.5","20","20","0.05","0.25","2","160","0","50","50","17.500146550673517"
"8","feedback","28.5","6.5","20","20","0.05","0.25","2","160","0","53","53","28.500050197923372"
"3","feedback","17.5","-5.5","20","20","0.05","0.25","2","160","0","8","8","17.644120025"
"8","feedback","28.5","6.5","20","20","0.05","0.25","2","160","0","54","54","28.50003513854636"
"7","feedback","28.5","-5.5","20","20","0.05","0.25","2","160","0","18","18","28.485867696275278"
"4","feedback","17.5","6.5","20","20","0.05","0.25","2","160","0","51","51","17.50010258547146"
"8","feedback","28.5","6.5","20","20","0.05","0.25","2","160","0","55","55","28.50002459698245"
"3","feedback","17.5","-5.5","20","20","0.05","0.25","2","160","0","9","9","17.6008840175"
"8","feedback","28.5","6.5","20","20","0.05","0.25","2","160","0","56","56","28.500017217887716"
"4","feedback","17.5","6.5","20","20","0.05","0.25","2","160","0","52","52","17.50007180983002"
"7","feedback","28.5","-5.5","20","20","0.05","0.25","2","160","0","19","19","28.490107387392694"
"3","feedback","17.5","-5.5","20","20","0.05","0.25","2","160","0","10","10","17.570618812250004"
"8","feedback","28.5","6.5","20","20","0.05","0.25","2","160","0","57","57","28.500012052521402"
"7","feedback","28.5","-5.5","20","20","0.05","0.25","2","160","0","20","20","28.493075171174883"
"4","feedback","17.5","6.5","20","20","0.05","0.25","2","160","0","53","53","17.50005026688101"
"3","feedback","17.5","-5.5","20","20","0.05","0.25","2","160","0","11","11","17.549433168575003"
"8","feedback","28.5","6.5","20","20","0.05","0.25","2","160","0","58","58","28.500008436764983"
"4","feedback","17.5","6.5","20","20","0.05","0.25","2","160","0","54","54","17.50003518681671"
"3","feedback","17.5","-5.5","20","20","0.05","0.25","2","160","0","12","12","17.534603218002502"
"8","feedback","28.5","6.5","20","20","0.05","0.25","2","160","0","59","59","28.500005905735488"
"4","feedback","17.5","6.5","20","20","0.05","0.25","2","160","0","55","55","17.500024630771698"
"7","feedback","28.5","-5.5","20","20","0.05","0.25","2","160","0","21","21","24.64515261982242"
"3","feedback","17.5","-5.5","20","20","0.05","0.25","2","160","0","13","13","17.524222252601753"
"5","feedback","22.5","-5.5","20","20","0.05","0.25","2","160","0","7","7","22.29411425"
"8","feedback","28.5","6.5","20","20","0.05","0.25","2","160","0","60","60","28.50000413401484"
"7","feedback","28.5","-5.5","20","20","0.05","0.25","2","160","0","22","22","25.801606833875695"
"3","feedback","17.5","-5.5","20","20","0.05","0.25","2","160","0","14","14","17.516955576821225"
"4","feedback","17.5","6.5","20","20","0.05","0.25","2","160","0","56","56","17.500017241540192"
"7","feedback","28.5","-5.5","20","20","0.05","0.25","2","160","0","23","23","26.611124783712988"
"8","feedback","28.5","6.5","20","20","0.05","0.25","2","160","0","61","61","28.500002893810386"
"5","feedback","22.5","-5.5","20","20","0.05","0.25","2","160","0","8","8","22.355879975"
"3","feedback","17.5","-5.5","20","20","0.05","0.25","2","160","0","15","15","17.511868903774854"
"4","feedback","17.5","6.5","20","20","0.05","0.25","2","160","0","57","57","17.500012069078135"
"7","feedback","28.5","-5.5","20","20","0.05","0.25","2","160","0","24","24","27.17778734859909"
"8","feedback","28.5","6.5","20","20","0.05","0.25","2","160","0","62","62","28.500002025667268"
"5","feedback","22.5","-5.5","20","20","0.05","0.25","2","160","0","9","9","22.3991159825"
"3","feedback","17.5","-5.5","20","20","0.05","0.25","2","160","0","16","16","17.5083082326424"
"4","feedback","17.5","6.5","20","20","0.05","0.25","2","160","0","58","58","17.500008448354695"
"8","feedback","28.5","6.5","20","20","0.05","0.25","2","160","0","63","63","28.500001417967088"
"7","feedback","28.5","-5.5","20","20","0.05","0.25","2","160","0","25","25","27.574451144019363"
"5","feedback","22.5","-5.5","20","20","0.05","0.25","2","160","0","10","10","22.429381187749996"
"4","feedback","17.5","6.5","20","20","0.05","0.25","2","160","0","59","59","17.500005913848288"
"3","feedback","17.5","-5.5","20","20","0.05","0.25","2","160","0","17","17","17.50581576284968"
"7","feedback","28.5","-5.5","20","20","0.05","0.25","2","160","0","26","26","27.852115800813554"
"5","feedback","22.5","-5.5","20","20","0.05","0.25","2","160","0","11","11","22.450566831424997"
"8","feedback","28.5","6.5","20","20","0.05","0.25","2","160","0","64","64","28.50000099257696"
"4","feedback","17.5","6.5","20","20","0.05","0.25","2","160","0","60","60","17.500004139693804"
"3","feedback","17.5","-5.5","20","20","0.05","0.25","2","160","0","18","18","17.504071033994776"
"8","feedback","28.5","6.5","20","20","0.05","0.25","2","160","0","65","65","28.500000694803873"
"5","feedback","22.5","-5.5","20","20","0.05","0.25","2","160","0","12","12","22.465396781997498"
"7","feedback","28.5","-5.5","20","20","0.05","0.25","2","160","0","27","27","28.046481060569487"
"4","feedback","17.5","6.5","20","20","0.05","0.25","2","160","0","61","61","17.500002897785663"
"3","feedback","17.5","-5.5","20","20","0.05","0.25","2","160","0","19","19","17.502849723796345"
"8","feedback","28.5","6.5","20","20","0.05","0.25","2","160","0","66","66","28.500000486362712"
"7","feedback","28.5","-5.5","20","20","0.05","0.25","2","160","0","28","28","28.18253674239864"
"4","feedback","17.5","6.5","20","20","0.05","0.25","2","160","0","62","62","17.500002028449963"
"3","feedback","17.5","-5.5","20","20","0.05","0.25","2","160","0","20","20","17.501994806657443"
"8","feedback","28.5","6.5","20","20","0.05","0.25","2","160","0","67","67","28.500000340453898"
"7","feedback","28.5","-5.5","20","20","0.05","0.25","2","160","0","29","29","28.27777571967905"
"4","feedback","17.5","6.5","20","20","0.05","0.25","2","160","0","63","63","17.500001419914973"
"6","feedback","22.5","6.5","20","20","0.05","0.25","2","160","0","12","12","22.465396781997498"
"8","feedback","28.5","6.5","20","20","0.05","0.25","2","160","0","68","68","28.500000238317728"
"7","feedback","28.5","-5.5","20","20","0.05","0.25","2","160","0","30","30","28.344443003775332"
"4","feedback","17.5","6.5","20","20","0.05","0.25","2","160","0","64","64","17.500000993940482"
"6","feedback","22.5","6.5","20","20","0.05","0.25","2","160","0","13","13","22.475777747398247"
"8","feedback","28.5","6.5","20","20","0.05","0.25","2","160","0","69","69","28.50000016682241"
"2","feedback","12.5","6.5","20","20","0.05","0.25","2","160","0","12","12","12.603809654007499"
"4","feedback","17.5","6.5","20","20","0.05","0.25","2","160","0","65","65","17.500000695758338"
"3","feedback","17.5","-5.5","20","20","0.05","0.25","2","160","0","21","21","13.65139636466021"
"7","feedback","28.5","-5.5","20","20","0.05","0.25","2","160","0","31","31","28.391110102642735"
"6","feedback","22.5","6.5","20","20","0.05","0.25","2","160","0","14","14","22.483044423178775"
"8","feedback","28.5","6.5","20","20","0.05","0.25","2","160","0","70","70","28.500000116775688"
"3","feedback","17.5","-5.5","20","20","0.05","0.25","2","160","0","22","22","14.805977455262147"
"7","feedback","28.5","-5.5","20","20","0.05","0.25","2","160","0","32","32","28.423777071849912"
"4","feedback","17.5","6.5","20","20","0.05","0.25","2","160","0","66","66","17.50000048703084"
"8","feedback","28.5","6.5","20","20","0.05","0.25","2","160","0","71","71","28.500000081742982"
"6","feedback","22.5","6.5","20","20","0.05","0.25","2","160","0","15","15","22.488131096225146"
"2","feedback","12.5","6.5","20","20","0.05","0.25","2","160","0","13","13","12.57266675780525"
"3","feedback","17.5","-5.5","20","20","0.05","0.25","2","160","0","23","23","15.614184218683503"
"4","feedback","17.5","6.5","20","20","0.05","0.25","2","160","0","67","67","17.500000340921588"
"7","feedback","28.5","-5.5","20","20","0.05","0.25","2","160","0","33","33","28.446643950294938"
"8","feedback","28.5","6.5","20","20","0.05","0.25","2","160","0","72","72","28.500000057220088"
"6","feedback","22.5","6.5","20","20","0.05","0.25","2","160","0","16","16","22.4916917673576"
"3","feedback","17.5","-5.5","20","20","0.05","0.25","2","160","0","24","24","16.179928953078452"
"2","feedback","12.5","6.5","20","20","0.05","0.25","2","160","0","14","14","12.550866730463675"
"4","feedback","17.5","6.5","20","20","0.05","0.25","2","160","0","68","68","17.50000023864511"
"7","feedback","28.5","-5.5","20","20","0.05","0.25","2","160","0","34","34","28.462650765206455"
"8","feedback","28.5","6.5","20","20","0.05","0.25","2","160","0","73","73","28.50000004005406"
"6","feedback","22.5","6.5","20","20","0.05","0.25","2","160","0","17","17","22.49418423715032"
"3","feedback","17.5","-5.5","20","20","0.05","0.25","2","160","0","25","25","16.575950267154916"
"2","feedback","12.5","6.5","20","20","0.05","0.25","2","160","0","15","15","12.535606711324572"
"7","feedback","28.5","-5.5","20","20","0.05","0.25","2","160","0","35","35","28.473855535644518"
"4","feedback","17.5","6.5","20","20","0.05","0.25","2","160","0","69","69","17.500000167051578"
"8","feedback","28.5","6.5","20","20","0.05","0.25","2","160","0","74","74","28.500000028037842"
"3","feedback","17.5","-5.5","20","20","0.05","0.25","2","160","0","26","26","16.853165187008443"
"7","feedback","28.5","-5.5","20","20","0.05","0.25","2","160","0","36","36","28.481698874951164"
"4","feedback","17.5","6.5","20","20","0.05","0.25","2","160","0","70","70","17.500000116936103"
"8","feedback","28.5","6.5","20","20","0.05","0.25","2","160","0","75","75","28.500000019626487"
"6","feedback","22.5","6.5","20","20","0.05","0.25","2","160","0","18","18","22.495928966005224"
"2","feedback","12.5","6.5","20","20","0.05","0.25","2","160","0","16","16","12.5249246979272"
"3","feedback","17.5","-5.5","20","20","0.05","0.25","2","160","0","27","27","17.04721563090591"
"7","feedback","28.5","-5.5","20","20","0.05","0.25","2","160","0","37","37","28.487189212465815"
"8","feedback","28.5","6.5","20","20","0.05","0.25","2","160","0","76","76","28.500000013738543"
"6","feedback","22.5","6.5","20","20","0.05","0.25","2","160","0","19","19","22.497150276203655"
"2","feedback","12.5","6.5","20","20","0.05","0.25","2","160","0","17","17","12.51744728854904"
"3","feedback","17.5","-5.5","20","20","0.05","0.25","2","160","0","28","28","17.183050941634136"
"4","feedback","17.5","6.5","20","20","0.05","0.25","2","160","0","71","71","17.500000081855273"
"7","feedback","28.5","-5.5","20","20","0.05","0.25","2","160","0","38","38","28.491032448726074"
"8","feedback","28.5","6.5","20","20","0.05","0.25","2","160","0","77","77","28.50000000961698"
"6","feedback","22.5","6.5","20","20","0.05","0.25","2","160","0","20","20","22.498005193342557"
"4","feedback","17.5","6.5","20","20","0.05","0.25","2","160","0","72","72","17.50000005729869"
"3","feedback","17.5","-5.5","20","20","0.05","0.25","2","160","0","29","29","17.278135659143896"
"7","feedback","28.5","-5.5","20","20","0.05","0.25","2","160","0","39","39","28.49372271410825"
"2","feedback","12.5","6.5","20","20","0.05","0.25","2","160","0","18","18","12.51221310198433"
"8","feedback","28.5","6.5","20","20","0.05","0.25","2","160","0","78","78","28.500000006731884"
"3","feedback","17.5","-5.5","20","20","0.05","0.25","2","160","0","30","30","17.344694961400727"
"7","feedback","28.5","-5.5","20","20","0.05","0.25","2","160","0","40","40","28.495605899875777"
"4","feedback","17.5","6.5","20","20","0.05","0.25","2","160","0","73","73","17.500000040109082"
"1","feedback","12.5","-5.5","20","20","0.05","0.25","2","160","0","22","22","9.807932365786437"
"8","feedback","28.5","6.5","20","20","0.05","0.25","2","160","0","79","79","28.50000000471232"
"2","feedback","12.5","6.5","20","20","0.05","0.25","2","160","0","19","19","12.508549171389031"
"7","feedback","28.5","-5.5","20","20","0.05","0.25","2","160","0","41","41","28.49692412991304"
"6","feedback","22.5","6.5","20","20","0.05","0.25","2","160","0","21","21","27.048603635339788"
"8","feedback","28.5","6.5","20","20","0.05","0.25","2","160","0","80","80","28.500000003298624"
"1","feedback","12.5","-5.5","20","20","0.05","0.25","2","160","0","23","23","10.615552656050506"
"3","feedback","17.5","-5.5","20","20","0.05","0.25","2","160","0","31","31","17.39128647298051"
"2","feedback","12.5","6.5","20","20","0.05","0.25","2","160","0","20","20","12.505984419972322"
"7","feedback","28.5","-5.5","20","20","0.05","0.25","2","160","0","42","42","28.49784689093913"
"3","feedback","17.5","-5.5","20","20","0.05","0.25","2","160","0","32","32","17.423900531086357"
"8","feedback","28.5","6.5","20","20","0.05","0.25","2","160","0","81","81","28.500000002309037"
"1","feedback","12.5","-5.5","20","20","0.05","0.25","2","160","0","24","24","11.180886859235354"
"6","feedback","22.5","6.5","20","20","0.05","0.25","2","160","0","22","22","25.68402254473785"
"7","feedback","28.5","-5.5","20","20","0.05","0.25","2","160","0","43","43","28.49849282365739"
"2","feedback","12.5","6.5","20","20","0.05","0.25","2","160","0","21","21","17.054189093980625"
"3","feedback","17.5","-5.5","20","20","0.05","0.25","2","160","0","33","33","17.44673037176045"
"1","feedback","12.5","-5.5","20","20","0.05","0.25","2","160","0","25","25","11.576620801464749"
"6","feedback","22.5","6.5","20","20","0.05","0.25","2","160","0","23","23","24.7288157813165"
"2","feedback","12.5","6.5","20","20","0.05","0.25","2","160","0","22","22","15.687932365786438"
"8","feedback","28.5","6.5","20","20","0.05","0.25","2","160","0","82","82","28.500000001616325"
"7","feedback","28.5","-5.5","20","20","0.05","0.25","2","160","0","44","44","28.498944976560175"
"3","feedback","17.5","-5.5","20","20","0.05","0.25","2","160","0","34","34","17.462711260232314"
"1","feedback","12.5","-5.5","20","20","0.05","0.25","2","160","0","26","26","11.853634561025324"
"7","feedback","28.5","-5.5","20","20","0.05","0.25","2","160","0","45","45","28.49926148359212"
"8","feedback","28.5","6.5","20","20","0.05","0.25","2","160","0","83","83","28.500000001131426"
"3","feedback","17.5","-5.5","20","20","0.05","0.25","2","160","0","35","35","17.47389788216262"
"2","feedback","12.5","6.5","20","20","0.05","0.25","2","160","0","23","23","14.731552656050507"
"6","feedback","22.5","6.5","20","20","0.05","0.25","2","160","0","24","24","24.06017104692155"
"7","feedback","28.5","-5.5","20","20","0.05","0.25","2","160","0","46","46","28.499483038514484"
"8","feedback","28.5","6.5","20","20","0.05","0.25","2","160","0","84","84","28.500000000792"
"1","feedback","12.5","-5.5","20","20","0.05","0.25","2","160","0","27","27","12.047544192717726"
"7","feedback","28.5","-5.5","20","20","0.05","0.25","2","160","0","47","47","28.49963812696014"
"3","feedback","17.5","-5.5","20","20","0.05","0.25","2","160","0","36","36","17.481728517513837"
"8","feedback","28.5","6.5","20","20","0.05","0.25","2","160","0","85","85","28.5000000005544"
"6","feedback","22.5","6.5","20","20","0.05","0.25","2","160","0","25","25","23.592119732845084"
"2","feedback","12.5","6.5","20","20","0.05","0.25","2","160","0","24","24","14.062086859235354"
"3","feedback","17.5","-5.5","20","20","0.05","0.25","2","160","0","37","37","17.487209962259683"
"7","feedback","28.5","-5.5","20","20","0.05","0.25","2","160","0","48","48","28.499746688872097"
"8","feedback","28.5","6.5","20","20","0.05","0.25","2","160","0","86","86","28.500000000388084"
"3","feedback","17.5","-5.5","20","20","0.05","0.25","2","160","0","38","38","17.491046973581778"
"7","feedback","28.5","-5.5","20","20","0.05","0.25","2","160","0","49","49","28.499822682210468"
"2","feedback","12.5","6.5","20","20","0.05","0.25","2","160","0","25","25","13.593460801464747"
"8","feedback","28.5","6.5","20","20","0.05","0.25","2","160","0","87","87","28.50000000027166"
"6","feedback","22.5","6.5","20","20","0.05","0.25","2","160","0","26","26","23.264483812991557"
"3","feedback","17.5","-5.5","20","20","0.05","0.25","2","160","0","39","39","17.493732881507245"
"2","feedback","12.5","6.5","20","20","0.05","0.25","2","160","0","26","26","13.265422561025325"
"8","feedback","28.5","6.5","20","20","0.05","0.25","2","160","0","88","88","28.500000000190163"
"6","feedback","22.5","6.5","20","20","0.05","0.25","2","160","0","27","27","23.03513866909409"
"7","feedback","28.5","-5.5","20","20","0.05","0.25","2","160","0","50","50","28.49987587754733"
"2","feedback","12.5","6.5","20","20","0.05","0.25","2","160","0","27","27","13.035795792717728"
"6","feedback","22.5","6.5","20","20","0.05","0.25","2","160","0","28","28","22.87459706836586"
"3","feedback","17.5","-5.5","20","20","0.05","0.25","2","160","0","40","40","17.495613017055074"
"8","feedback","28.5","6.5","20","20","0.05","0.25","2","160","0","89","89","28.500000000133113"
"7","feedback","28.5","-5.5","20","20","0.05","0.25","2","160","0","51","51","28.49991311428313"
"2","feedback","12.5","6.5","20","20","0.05","0.25","2","160","0","28","28","12.87505705490241"
"6","feedback","22.5","6.5","20","20","0.05","0.25","2","160","0","29","29","22.7622179478561"
"7","feedback","28.5","-5.5","20","20","0.05","0.25","2","160","0","52","52","28.499939179998194"
"8","feedback","28.5","6.5","20","20","0.05","0.25","2","160","0","90","90","28.50000000009318"
"7","feedback","28.5","-5.5","20","20","0.05","0.25","2","160","0","53","53","28.499957425998737"
"2","feedback","12.5","6.5","20","20","0.05","0.25","2","160","0","29","29","12.762539938431686"
"3","feedback","17.5","-5.5","20","20","0.05","0.25","2","160","0","41","41","17.496929111938552"
"6","feedback","22.5","6.5","20","20","0.05","0.25","2","160","0","30","30","22.68355256349927"
"7","feedback","28.5","-5.5","20","20","0.05","0.25","2","160","0","54","54","28.499970198199115"
"3","feedback","17.5","-5.5","20","20","0.05","0.25","2","160","0","42","42","17.497850378356986"
"6","feedback","22.5","6.5","20","20","0.05","0.25","2","160","0","31","31","22.628486794449486"
"8","feedback","28.5","6.5","20","20","0.05","0.25","2","160","0","91","91","28.500000000065228"
"2","feedback","12.5","6.5","20","20","0.05","0.25","2","160","0","30","30","12.68377795690218"
"7","feedback","28.5","-5.5","20","20","0.05","0.25","2","160","0","55","55","28.499979138739377"
"6","feedback","22.5","6.5","20","20","0.05","0.25","2","160","0","32","32","22.58994075611464"
"3","feedback","17.5","-5.5","20","20","0.05","0.25","2","160","0","43","43","17.49849526484989"
"8","feedback","28.5","6.5","20","20","0.05","0.25","2","160","0","92","92","28.50000000004566"
"2","feedback","12.5","6.5","20","20","0.05","0.25","2","160","0","31","31","12.628644569831526"
"7","feedback","28.5","-5.5","20","20","0.05","0.25","2","160","0","56","56","28.499985397117563"
"8","feedback","28.5","6.5","20","20","0.05","0.25","2","160","0","93","93","28.50000000003196"
"3","feedback","17.5","-5.5","20","20","0.05","0.25","2","160","0","44","44","17.498946685394923"
"6","feedback","22.5","6.5","20","20","0.05","0.25","2","160","0","33","33","22.562958529280248"
"7","feedback","28.5","-5.5","20","20","0.05","0.25","2","160","0","57","57","28.499989777982293"
"2","feedback","12.5","6.5","20","20","0.05","0.25","2","160","0","32","32","12.590051198882069"
"3","feedback","17.5","-5.5","20","20","0.05","0.25","2","160","0","45","45","17.499262679776447"
"2","feedback","12.5","6.5","20","20","0.05","0.25","2","160","0","33","33","12.563035839217449"
"7","feedback","28.5","-5.5","20","20","0.05","0.25","2","160","0","58","58","28.499992844587606"
"3","feedback","17.5","-5.5","20","20","0.05","0.25","2","160","0","46","46","17.499483875843513"
"3","feedback","17.5","-5.5","20","20","0.05","0.25","2","160","0","47","47","17.49963871309046"
"2","feedback","12.5","6.5","20","20","0.05","0.25","2","160","0","34","34","12.544125087452214"
"7","feedback","28.5","-5.5","20","20","0.05","0.25","2","160","0","59","59","28.499994991211324"
"3","feedback","17.5","-5.5","20","20","0.05","0.25","2","160","0","48","48","17.49974709916332"
"7","feedback","28.5","-5.5","20","20","0.05","0.25","2","160","0","60","60","28.499996493847927"
"3","feedback","17.5","-5.5","20","20","0.05","0.25","2","160","0","49","49","17.499822969414325"
"2","feedback","12.5","6.5","20","20","0.05","0.25","2","160","0","35","35","12.530887561216549"
"3","feedback","17.5","-5.5","20","20","0.05","0.25","2","160","0","50","50","17.499876078590027"
"2","feedback","12.5","6.5","20","20","0.05","0.25","2","160","0","36","36","12.521621292851584"
"3","feedback","17.5","-5.5","20","20","0.05","0.25","2","160","0","51","51","17.49991325501302"
"2","feedback","12.5","6.5","20","20","0.05","0.25","2","160","0","37","37","12.51513490499611"
"3","feedback","17.5","-5.5","20","20","0.05","0.25","2","160","0","52","52","17.499939278509117"
"2","feedback","12.5","6.5","20","20","0.05","0.25","2","160","0","38","38","12.510594433497277"
"3","feedback","17.5","-5.5","20","20","0.05","0.25","2","160","0","53","53","17.499957494956384"
"2","feedback","12.5","6.5","20","20","0.05","0.25","2","160","0","39","39","12.507416103448094"
"3","feedback","17.5","-5.5","20","20","0.05","0.25","2","160","0","54","54","17.499970246469466"
"2","feedback","12.5","6.5","20","20","0.05","0.25","2","160","0","40","40","12.505191272413665"
"3","feedback","17.5","-5.5","20","20","0.05","0.25","2","160","0","55","55","17.499979172528626"
"2","feedback","12.5","6.5","20","20","0.05","0.25","2","160","0","41","41","12.503633890689564"
"2","feedback","12.5","6.5","20","20","0.05","0.25","2","160","0","42","42","12.502543723482695"
"3","feedback","17.5","-5.5","20","20","0.05","0.25","2","160","0","56","56","17.499985420770038"
"2","feedback","12.5","6.5","20","20","0.05","0.25","2","160","0","43","43","12.501780606437887"
"3","feedback","17.5","-5.5","20","20","0.05","0.25","2","160","0","57","57","17.499989794539026"
"2","feedback","12.5","6.5","20","20","0.05","0.25","2","160","0","44","44","12.501246424506519"
"3","feedback","17.5","-5.5","20","20","0.05","0.25","2","160","0","58","58","17.499992856177315"
"2","feedback","12.5","6.5","20","20","0.05","0.25","2","160","0","45","45","12.500872497154564"
"3","feedback","17.5","-5.5","20","20","0.05","0.25","2","160","0","59","59","17.49999499932412"
"2","feedback","12.5","6.5","20","20","0.05","0.25","2","160","0","46","46","12.500610748008196"
"3","feedback","17.5","-5.5","20","20","0.05","0.25","2","160","0","60","60","17.499996499526883"
"2","feedback","12.5","6.5","20","20","0.05","0.25","2","160","0","47","47","12.500427523605737"
"3","feedback","17.5","-5.5","20","20","0.05","0.25","2","160","0","61","61","17.499997549668816"
"2","feedback","12.5","6.5","20","20","0.05","0.25","2","160","0","48","48","12.500299266524015"
"3","feedback","17.5","-5.5","20","20","0.05","0.25","2","160","0","62","62","17.49999828476817"
"2","feedback","12.5","6.5","20","20","0.05","0.25","2","160","0","49","49","12.50020948656681"
"3","feedback","17.5","-5.5","20","20","0.05","0.25","2","160","0","63","63","17.49999879933772"
"2","feedback","12.5","6.5","20","20","0.05","0.25","2","160","0","50","50","12.500146640596768"
"3","feedback","17.5","-5.5","20","20","0.05","0.25","2","160","0","64","64","17.499999159536404"
"2","feedback","12.5","6.5","20","20","0.05","0.25","2","160","0","51","51","12.500102648417737"
"3","feedback","17.5","-5.5","20","20","0.05","0.25","2","160","0","65","65","17.499999411675486"
"3","feedback","17.5","-5.5","20","20","0.05","0.25","2","160","0","66","66","17.499999588172837"
"2","feedback","12.5","6.5","20","20","0.05","0.25","2","160","0","52","52","12.500071853892416"
"2","feedback","12.5","6.5","20","20","0.05","0.25","2","160","0","53","53","12.500050297724693"
"3","feedback","17.5","-5.5","20","20","0.05","0.25","2","160","0","67","67","17.499999711720985"
"2","feedback","12.5","6.5","20","20","0.05","0.25","2","160","0","54","54","12.500035208407285"
"3","feedback","17.5","-5.5","20","20","0.05","0.25","2","160","0","68","68","17.499999798204687"
"3","feedback","17.5","-5.5","20","20","0.05","0.25","2","160","0","69","69","17.499999858743283"
"2","feedback","12.5","6.5","20","20","0.05","0.25","2","160","0","55","55","12.5000246458851"
"3","feedback","17.5","-5.5","20","20","0.05","0.25","2","160","0","70","70","17.4999999011203"
"2","feedback","12.5","6.5","20","20","0.05","0.25","2","160","0","56","56","12.500017252119571"
"2","feedback","12.5","6.5","20","20","0.05","0.25","2","160","0","57","57","12.500012076483701"
"3","feedback","17.5","-5.5","20","20","0.05","0.25","2","160","0","71","71","17.49999993078421"
"2","feedback","12.5","6.5","20","20","0.05","0.25","2","160","0","58","58","12.500008453538591"
"3","feedback","17.5","-5.5","20","20","0.05","0.25","2","160","0","72","72","17.499999951548947"
"2","feedback","12.5","6.5","20","20","0.05","0.25","2","160","0","59","59","12.500005917477013"
"3","feedback","17.5","-5.5","20","20","0.05","0.25","2","160","0","73","73","17.499999966084264"
"3","feedback","17.5","-5.5","20","20","0.05","0.25","2","160","0","74","74","17.499999976258987"
"2","feedback","12.5","6.5","20","20","0.05","0.25","2","160","0","60","60","12.50000414223391"
"3","feedback","17.5","-5.5","20","20","0.05","0.25","2","160","0","75","75","17.49999998338129"
"2","feedback","12.5","6.5","20","20","0.05","0.25","2","160","0","61","61","12.500002899563738"
"5","feedback","22.5","-5.5","20","20","0.05","0.25","2","160","0","13","13","22.475777747398247"
"3","feedback","17.5","-5.5","20","20","0.05","0.25","2","160","0","76","76","17.499999988366906"
"2","feedback","12.5","6.5","20","20","0.05","0.25","2","160","0","62","62","12.500002029694615"
"3","feedback","17.5","-5.5","20","20","0.05","0.25","2","160","0","77","77","17.499999991856832"
"5","feedback","22.5","-5.5","20","20","0.05","0.25","2","160","0","14","14","22.483044423178775"
"2","feedback","12.5","6.5","20","20","0.05","0.25","2","160","0","63","63","12.500001420786232"
"3","feedback","17.5","-5.5","20","20","0.05","0.25","2","160","0","78","78","17.499999994299785"
"5","feedback","22.5","-5.5","20","20","0.05","0.25","2","160","0","15","15","22.488131096225146"
"2","feedback","12.5","6.5","20","20","0.05","0.25","2","160","0","64","64","12.500000994550362"
"3","feedback","17.5","-5.5","20","20","0.05","0.25","2","160","0","79","79","17.499999996009848"
"5","feedback","22.5","-5.5","20","20","0.05","0.25","2","160","0","16","16","22.4916917673576"
"3","feedback","17.5","-5.5","20","20","0.05","0.25","2","160","0","80","80","17.499999997206892"
"2","feedback","12.5","6.5","20","20","0.05","0.25","2","160","0","65","65","12.500000696185253"
"5","feedback","22.5","-5.5","20","20","0.05","0.25","2","160","0","17","17","22.49418423715032"
"3","feedback","17.5","-5.5","20","20","0.05","0.25","2","160","0","81","81","17.499999998044828"
"2","feedback","12.5","6.5","20","20","0.05","0.25","2","160","0","66","66","12.500000487329677"
"5","feedback","22.5","-5.5","20","20","0.05","0.25","2","160","0","18","18","22.495928966005224"
"2","feedback","12.5","6.5","20","20","0.05","0.25","2","160","0","67","67","12.500000341130773"
"3","feedback","17.5","-5.5","20","20","0.05","0.25","2","160","0","82","82","17.49999999863138"
"5","feedback","22.5","-5.5","20","20","0.05","0.25","2","160","0","19","19","22.497150276203655"
"3","feedback","17.5","-5.5","20","20","0.05","0.25","2","160","0","83","83","17.499999999041968"
"2","feedback","12.5","6.5","20","20","0.05","0.25","2","160","0","68","68","12.500000238791541"
"5","feedback","22.5","-5.5","20","20","0.05","0.25","2","160","0","20","20","22.498005193342557"
"3","feedback","17.5","-5.5","20","20","0.05","0.25","2","160","0","84","84","17.499999999329376"
"2","feedback","12.5","6.5","20","20","0.05","0.25","2","160","0","69","69","12.500000167154079"
"3","feedback","17.5","-5.5","20","20","0.05","0.25","2","160","0","85","85","17.499999999530562"
"5","feedback","22.5","-5.5","20","20","0.05","0.25","2","160","0","21","21","18.64860363533979"
"2","feedback","12.5","6.5","20","20","0.05","0.25","2","160","0","70","70","12.500000117007856"
"3","feedback","17.5","-5.5","20","20","0.05","0.25","2","160","0","86","86","17.499999999671395"
"5","feedback","22.5","-5.5","20","20","0.05","0.25","2","160","0","22","22","19.804022544737855"
"2","feedback","12.5","6.5","20","20","0.05","0.25","2","160","0","71","71","12.5000000819055"
"3","feedback","17.5","-5.5","20","20","0.05","0.25","2","160","0","87","87","17.499999999769976"
"5","feedback","22.5","-5.5","20","20","0.05","0.25","2","160","0","23","23","20.6128157813165"
"2","feedback","12.5","6.5","20","20","0.05","0.25","2","160","0","72","72","12.50000005733385"
"3","feedback","17.5","-5.5","20","20","0.05","0.25","2","160","0","88","88","17.499999999838984"
"5","feedback","22.5","-5.5","20","20","0.05","0.25","2","160","0","24","24","21.17897104692155"
"2","feedback","12.5","6.5","20","20","0.05","0.25","2","160","0","73","73","12.500000040133695"
"5","feedback","22.5","-5.5","20","20","0.05","0.25","2","160","0","25","25","21.575279732845086"
"3","feedback","17.5","-5.5","20","20","0.05","0.25","2","160","0","89","89","17.499999999887287"
"2","feedback","12.5","6.5","20","20","0.05","0.25","2","160","0","74","74","12.500000028093588"
"5","feedback","22.5","-5.5","20","20","0.05","0.25","2","160","0","26","26","21.85269581299156"
"3","feedback","17.5","-5.5","20","20","0.05","0.25","2","160","0","90","90","17.4999999999211"
"2","feedback","12.5","6.5","20","20","0.05","0.25","2","160","0","75","75","12.500000019665512"
"5","feedback","22.5","-5.5","20","20","0.05","0.25","2","160","0","27","27","22.046887069094094"
"3","feedback","17.5","-5.5","20","20","0.05","0.25","2","160","0","91","91","17.49999999994477"
"2","feedback","12.5","6.5","20","20","0.05","0.25","2","160","0","76","76","12.500000013765858"
"5","feedback","22.5","-5.5","20","20","0.05","0.25","2","160","0","28","28","22.182820948365865"
"2","feedback","12.5","6.5","20","20","0.05","0.25","2","160","0","77","77","12.500000009636102"
"3","feedback","17.5","-5.5","20","20","0.05","0.25","2","160","0","92","92","17.49999999996134"
"5","feedback","22.5","-5.5","20","20","0.05","0.25","2","160","0","29","29","22.277974663856106"
"3","feedback","17.5","-5.5","20","20","0.05","0.25","2","160","0","93","93","17.499999999972935"
"2","feedback","12.5","6.5","20","20","0.05","0.25","2","160","0","78","78","12.500000006745271"
"5","feedback","22.5","-5.5","20","20","0.05","0.25","2","160","0","30","30","22.344582264699277"
"3","feedback","17.5","-5.5","20","20","0.05","0.25","2","160","0","94","94","17.499999999981057"
"2","feedback","12.5","6.5","20","20","0.05","0.25","2","160","0","79","79","12.500000004721691"
"5","feedback","22.5","-5.5","20","20","0.05","0.25","2","160","0","31","31","22.391207585289493"
"3","feedback","17.5","-5.5","20","20","0.05","0.25","2","160","0","95","95","17.49999999998674"
"2","feedback","12.5","6.5","20","20","0.05","0.25","2","160","0","80","80","12.500000003305184"
"5","feedback","22.5","-5.5","20","20","0.05","0.25","2","160","0","32","32","22.423845309702646"
"3","feedback","17.5","-5.5","20","20","0.05","0.25","2","160","0","96","96","17.49999999999072"
"2","feedback","12.5","6.5","20","20","0.05","0.25","2","160","0","81","81","12.500000002313628"
"5","feedback","22.5","-5.5","20","20","0.05","0.25","2","160","0","33","33","22.446691716791854"
"3","feedback","17.5","-5.5","20","20","0.05","0.25","2","160","0","97","97","17.499999999993506"
"2","feedback","12.5","6.5","20","20","0.05","0.25","2","160","0","82","82","12.50000000161954"
"3","feedback","17.5","-5.5","20","20","0.05","0.25","2","160","0","98","98","17.499999999995453"
"5","feedback","22.5","-5.5","20","20","0.05","0.25","2","160","0","34","34","22.4626842017543"
"5","feedback","22.5","-5.5","20","20","0.05","0.25","2","160","0","35","35","22.47387894122801"
"3","feedback","17.5","-5.5","20","20","0.05","0.25","2","160","0","99","99","17.499999999996817"
"2","feedback","12.5","6.5","20","20","0.05","0.25","2","160","0","83","83","12.500000001133678"
"3","feedback","17.5","-5.5","20","20","0.05","0.25","2","160","0","100","100","17.499999999997772"
"2","feedback","12.5","6.5","20","20","0.05","0.25","2","160","0","84","84","12.500000000793575"
"5","feedback","22.5","-5.5","20","20","0.05","0.25","2","160","0","36","36","22.481715258859605"
"3","feedback","17.5","-5.5","20","20","0.05","0.25","2","160","0","101","101","17.49999999999844"
"2","feedback","12.5","6.5","20","20","0.05","0.25","2","160","0","85","85","12.500000000555502"
"5","feedback","22.5","-5.5","20","20","0.05","0.25","2","160","0","37","37","22.487200681201724"
"3","feedback","17.5","-5.5","20","20","0.05","0.25","2","160","0","102","102","17.49999999999891"
"2","feedback","12.5","6.5","20","20","0.05","0.25","2","160","0","86","86","12.500000000388852"
"5","feedback","22.5","-5.5","20","20","0.05","0.25","2","160","0","38","38","22.491040476841206"
"3","feedback","17.5","-5.5","20","20","0.05","0.25","2","160","0","103","103","17.499999999999236"
"3","feedback","17.5","-5.5","20","20","0.05","0.25","2","160","0","104","104","17.499999999999467"
"2","feedback","12.5","6.5","20","20","0.05","0.25","2","160","0","87","87","12.500000000272196"
"5","feedback","22.5","-5.5","20","20","0.05","0.25","2","160","0","39","39","22.493728333788845"
"3","feedback","17.5","-5.5","20","20","0.05","0.25","2","160","0","105","105","17.49999999999963"
"2","feedback","12.5","6.5","20","20","0.05","0.25","2","160","0","88","88","12.500000000190537"
"5","feedback","22.5","-5.5","20","20","0.05","0.25","2","160","0","40","40","22.49560983365219"
"3","feedback","17.5","-5.5","20","20","0.05","0.25","2","160","0","106","106","17.49999999999974"
"2","feedback","12.5","6.5","20","20","0.05","0.25","2","160","0","89","89","12.500000000133376"
"5","feedback","22.5","-5.5","20","20","0.05","0.25","2","160","0","41","41","22.496926883556533"
"4","feedback","17.5","6.5","20","20","0.05","0.25","2","160","0","74","74","17.500000028076357"
"3","feedback","17.5","-5.5","20","20","0.05","0.25","2","160","0","107","107","17.49999999999982"
"2","feedback","12.5","6.5","20","20","0.05","0.25","2","160","0","90","90","12.500000000093364"
"5","feedback","22.5","-5.5","20","20","0.05","0.25","2","160","0","42","42","22.497848818489572"
"3","feedback","17.5","-5.5","20","20","0.05","0.25","2","160","0","108","108","17.499999999999876"
"4","feedback","17.5","6.5","20","20","0.05","0.25","2","160","0","75","75","17.50000001965345"
"2","feedback","12.5","6.5","20","20","0.05","0.25","2","160","0","91","91","12.500000000065354"
"3","feedback","17.5","-5.5","20","20","0.05","0.25","2","160","0","109","109","17.499999999999915"
"5","feedback","22.5","-5.5","20","20","0.05","0.25","2","160","0","43","43","22.4984941729427"
"4","feedback","17.5","6.5","20","20","0.05","0.25","2","160","0","76","76","17.500000013757415"
"2","feedback","12.5","6.5","20","20","0.05","0.25","2","160","0","92","92","12.500000000045747"
"3","feedback","17.5","-5.5","20","20","0.05","0.25","2","160","0","110","110","17.49999999999994"
"5","feedback","22.5","-5.5","20","20","0.05","0.25","2","160","0","44","44","22.49894592105989"
"3","feedback","17.5","-5.5","20","20","0.05","0.25","2","160","0","111","111","17.499999999999957"
"4","feedback","17.5","6.5","20","20","0.05","0.25","2","160","0","77","77","17.50000000963019"
"3","feedback","17.5","-5.5","20","20","0.05","0.25","2","160","0","112","112","17.49999999999997"
"5","feedback","22.5","-5.5","20","20","0.05","0.25","2","160","0","45","45","22.499262144741923"
"4","feedback","17.5","6.5","20","20","0.05","0.25","2","160","0","78","78","17.500000006741132"
"1","feedback","12.5","-5.5","20","20","0.05","0.25","2","160","0","28","28","12.18328093490241"
"3","feedback","17.5","-5.5","20","20","0.05","0.25","2","160","0","113","113","17.49999999999998"
"5","feedback","22.5","-5.5","20","20","0.05","0.25","2","160","0","46","46","22.499483501319347"
"4","feedback","17.5","6.5","20","20","0.05","0.25","2","160","0","79","79","17.500000004718792"
"3","feedback","17.5","-5.5","20","20","0.05","0.25","2","160","0","114","114","17.499999999999986"
"1","feedback","12.5","-5.5","20","20","0.05","0.25","2","160","0","29","29","12.278296654431685"
"5","feedback","22.5","-5.5","20","20","0.05","0.25","2","160","0","47","47","22.49963845092354"
"4","feedback","17.5","6.5","20","20","0.05","0.25","2","160","0","80","80","17.500000003303157"
"3","feedback","17.5","-5.5","20","20","0.05","0.25","2","160","0","115","115","17.49999999999999"
"5","feedback","22.5","-5.5","20","20","0.05","0.25","2","160","0","48","48","22.49974691564648"
"1","feedback","12.5","-5.5","20","20","0.05","0.25","2","160","0","30","30","12.34480765810218"
"3","feedback","17.5","-5.5","20","20","0.05","0.25","2","160","0","116","116","17.499999999999993"
"4","feedback","17.5","6.5","20","20","0.05","0.25","2","160","0","81","81","17.50000000231221"
"1","feedback","12.5","-5.5","20","20","0.05","0.25","2","160","0","31","31","12.391365360671525"
"3","feedback","17.5","-5.5","20","20","0.05","0.25","2","160","0","117","117","17.499999999999993"
"5","feedback","22.5","-5.5","20","20","0.05","0.25","2","160","0","49","49","22.499822840952536"
"4","feedback","17.5","6.5","20","20","0.05","0.25","2","160","0","82","82","17.50000000161855"
"1","feedback","12.5","-5.5","20","20","0.05","0.25","2","160","0","32","32","12.423955752470068"
"3","feedback","17.5","-5.5","20","20","0.05","0.25","2","160","0","118","118","17.499999999999993"
"4","feedback","17.5","6.5","20","20","0.05","0.25","2","160","0","83","83","17.500000001132985"
"1","feedback","12.5","-5.5","20","20","0.05","0.25","2","160","0","33","33","12.446769026729047"
"3","feedback","17.5","-5.5","20","20","0.05","0.25","2","160","0","119","119","17.499999999999993"
"5","feedback","22.5","-5.5","20","20","0.05","0.25","2","160","0","50","50","22.499875988666776"
"1","feedback","12.5","-5.5","20","20","0.05","0.25","2","160","0","34","34","12.462738318710333"
"4","feedback","17.5","6.5","20","20","0.05","0.25","2","160","0","84","84","17.50000000079309"
"3","feedback","17.5","-5.5","20","20","0.05","0.25","2","160","0","120","120","17.499999999999993"
"5","feedback","22.5","-5.5","20","20","0.05","0.25","2","160","0","51","51","22.499913192066746"
"4","feedback","17.5","6.5","20","20","0.05","0.25","2","160","0","85","85","17.50000000055516"
"5","feedback","22.5","-5.5","20","20","0.05","0.25","2","160","0","52","52","22.499939234446725"
"1","feedback","12.5","-5.5","20","20","0.05","0.25","2","160","0","35","35","12.473916823097234"
"3","feedback","17.5","-5.5","20","20","0.05","0.25","2","160","0","121","121","17.499999999999993"
"4","feedback","17.5","6.5","20","20","0.05","0.25","2","160","0","86","86","17.500000000388614"
"3","feedback","17.5","-5.5","20","20","0.05","0.25","2","160","0","122","122","17.499999999999993"
"5","feedback","22.5","-5.5","20","20","0.05","0.25","2","160","0","53","53","22.499957464112708"
"1","feedback","12.5","-5.5","20","20","0.05","0.25","2","160","0","36","36","12.481741776168064"
"3","feedback","17.5","-5.5","20","20","0.05","0.25","2","160","0","123","123","17.499999999999993"
"4","feedback","17.5","6.5","20","20","0.05","0.25","2","160","0","87","87","17.50000000027203"
"5","feedback","22.5","-5.5","20","20","0.05","0.25","2","160","0","54","54","22.499970224878894"
"1","feedback","12.5","-5.5","20","20","0.05","0.25","2","160","0","37","37","12.487219243317645"
"4","feedback","17.5","6.5","20","20","0.05","0.25","2","160","0","88","88","17.500000000190425"
"3","feedback","17.5","-5.5","20","20","0.05","0.25","2","160","0","124","124","17.499999999999993"
"5","feedback","22.5","-5.5","20","20","0.05","0.25","2","160","0","55","55","22.499979157415225"
"1","feedback","12.5","-5.5","20","20","0.05","0.25","2","160","0","38","38","12.49105347032235"
"3","feedback","17.5","-5.5","20","20","0.05","0.25","2","160","0","125","125","17.499999999999993"
"4","feedback","17.5","6.5","20","20","0.05","0.25","2","160","0","89","89","17.500000000133298"
"5","feedback","22.5","-5.5","20","20","0.05","0.25","2","160","0","56","56","22.499985410190657"
"1","feedback","12.5","-5.5","20","20","0.05","0.25","2","160","0","39","39","12.493737429225646"
"5","feedback","22.5","-5.5","20","20","0.05","0.25","2","160","0","57","57","22.499989787133458"
"4","feedback","17.5","6.5","20","20","0.05","0.25","2","160","0","90","90","17.50000000009331"
"3","feedback","17.5","-5.5","20","20","0.05","0.25","2","160","0","126","126","17.499999999999993"
"1","feedback","12.5","-5.5","20","20","0.05","0.25","2","160","0","40","40","12.495616200457953"
"5","feedback","22.5","-5.5","20","20","0.05","0.25","2","160","0","58","58","22.499992850993422"
"3","feedback","17.5","-5.5","20","20","0.05","0.25","2","160","0","127","127","17.499999999999993"
"1","feedback","12.5","-5.5","20","20","0.05","0.25","2","160","0","41","41","12.496931340320566"
"5","feedback","22.5","-5.5","20","20","0.05","0.25","2","160","0","59","59","22.499994995695396"
"3","feedback","17.5","-5.5","20","20","0.05","0.25","2","160","0","128","128","17.499999999999993"
"1","feedback","12.5","-5.5","20","20","0.05","0.25","2","160","0","42","42","12.497851938224397"
"3","feedback","17.5","-5.5","20","20","0.05","0.25","2","160","0","129","129","17.499999999999993"
"5","feedback","22.5","-5.5","20","20","0.05","0.25","2","160","0","60","60","22.499996496986775"
"3","feedback","17.5","-5.5","20","20","0.05","0.25","2","160","0","130","130","17.499999999999993"
"1","feedback","12.5","-5.5","20","20","0.05","0.25","2","160","0","43","43","12.498496356757077"
"3","feedback","17.5","-5.5","20","20","0.05","0.25","2","160","0","131","131","17.499999999999993"
"5","feedback","22.5","-5.5","20","20","0.05","0.25","2","160","0","61","61","22.499997547890743"
"3","feedback","17.5","-5.5","20","20","0.05","0.25","2","160","0","132","132","17.499999999999993"
"6","feedback","22.5","6.5","20","20","0.05","0.25","2","160","0","34","34","22.544070970496172"
"5","feedback","22.5","-5.5","20","20","0.05","0.25","2","160","0","62","62","22.49999828352352"
"1","feedback","12.5","-5.5","20","20","0.05","0.25","2","160","0","44","44","12.498947449729954"
"3","feedback","17.5","-5.5","20","20","0.05","0.25","2","160","0","133","133","17.499999999999993"
"8","feedback","28.5","6.5","20","20","0.05","0.25","2","160","0","94","94","28.50000000002237"
"6","feedback","22.5","6.5","20","20","0.05","0.25","2","160","0","35","35","22.53084967934732"
"5","feedback","22.5","-5.5","20","20","0.05","0.25","2","160","0","63","63","22.499998798466464"
"1","feedback","12.5","-5.5","20","20","0.05","0.25","2","160","0","45","45","12.499263214810968"
"3","feedback","17.5","-5.5","20","20","0.05","0.25","2","160","0","134","134","17.499999999999993"
"8","feedback","28.5","6.5","20","20","0.05","0.25","2","160","0","95","95","28.50000000001566"
"3","feedback","17.5","-5.5","20","20","0.05","0.25","2","160","0","135","135","17.499999999999993"
"6","feedback","22.5","6.5","20","20","0.05","0.25","2","160","0","36","36","22.52159477554312"
"1","feedback","12.5","-5.5","20","20","0.05","0.25","2","160","0","46","46","12.499484250367678"
"3","feedback","17.5","-5.5","20","20","0.05","0.25","2","160","0","136","136","17.499999999999993"
"8","feedback","28.5","6.5","20","20","0.05","0.25","2","160","0","96","96","28.500000000010964"
"6","feedback","22.5","6.5","20","20","0.05","0.25","2","160","0","37","37","22.515116342880184"
"3","feedback","17.5","-5.5","20","20","0.05","0.25","2","160","0","137","137","17.499999999999993"
"8","feedback","28.5","6.5","20","20","0.05","0.25","2","160","0","97","97","28.500000000007674"
"1","feedback","12.5","-5.5","20","20","0.05","0.25","2","160","0","47","47","12.499638975257374"
"3","feedback","17.5","-5.5","20","20","0.05","0.25","2","160","0","138","138","17.499999999999993"
"8","feedback","28.5","6.5","20","20","0.05","0.25","2","160","0","98","98","28.50000000000537"
"1","feedback","12.5","-5.5","20","20","0.05","0.25","2","160","0","48","48","12.499747282680161"
"3","feedback","17.5","-5.5","20","20","0.05","0.25","2","160","0","139","139","17.499999999999993"
"8","feedback","28.5","6.5","20","20","0.05","0.25","2","160","0","99","99","28.50000000000376"
"1","feedback","12.5","-5.5","20","20","0.05","0.25","2","160","0","49","49","12.499823097876114"
"8","feedback","28.5","6.5","20","20","0.05","0.25","2","160","0","100","100","28.50000000000263"
"3","feedback","17.5","-5.5","20","20","0.05","0.25","2","160","0","140","140","17.499999999999993"
"7","feedback","28.5","-5.5","20","20","0.05","0.25","2","160","0","61","61","28.49999754569355"
"8","feedback","28.5","6.5","20","20","0.05","0.25","2","160","0","101","101","28.50000000000184"
"1","feedback","12.5","-5.5","20","20","0.05","0.25","2","160","0","50","50","12.499876168513278"
"3","feedback","17.5","-5.5","20","20","0.05","0.25","2","160","0","141","141","17.499999999999993"
"8","feedback","28.5","6.5","20","20","0.05","0.25","2","160","0","102","102","28.500000000001286"
"7","feedback","28.5","-5.5","20","20","0.05","0.25","2","160","0","62","62","28.499998281985487"
"3","feedback","17.5","-5.5","20","20","0.05","0.25","2","160","0","142","142","17.499999999999993"
"1","feedback","12.5","-5.5","20","20","0.05","0.25","2","160","0","51","51","12.499913317959294"
"7","feedback","28.5","-5.5","20","20","0.05","0.25","2","160","0","63","63","28.499998797389843"
"8","feedback","28.5","6.5","20","20","0.05","0.25","2","160","0","103","103","28.500000000000902"
"1","feedback","12.5","-5.5","20","20","0.05","0.25","2","160","0","52","52","12.499939322571507"
"8","feedback","28.5","6.5","20","20","0.05","0.25","2","160","0","104","104","28.500000000000632"
"7","feedback","28.5","-5.5","20","20","0.05","0.25","2","160","0","64","64","28.49999915817289"
"3","feedback","17.5","-5.5","20","20","0.05","0.25","2","160","0","143","143","17.499999999999993"
"8","feedback","28.5","6.5","20","20","0.05","0.25","2","160","0","105","105","28.50000000000044"
"1","feedback","12.5","-5.5","20","20","0.05","0.25","2","160","0","53","53","12.499957525800054"
"3","feedback","17.5","-5.5","20","20","0.05","0.25","2","160","0","144","144","17.499999999999993"
"7","feedback","28.5","-5.5","20","20","0.05","0.25","2","160","0","65","65","28.499999410721024"
"1","feedback","12.5","-5.5","20","20","0.05","0.25","2","160","0","54","54","12.499970268060038"
"8","feedback","28.5","6.5","20","20","0.05","0.25","2","160","0","106","106","28.50000000000031"
"3","feedback","17.5","-5.5","20","20","0.05","0.25","2","160","0","145","145","17.499999999999993"
"7","feedback","28.5","-5.5","20","20","0.05","0.25","2","160","0","66","66","28.499999587504718"
"1","feedback","12.5","-5.5","20","20","0.05","0.25","2","160","0","55","55","12.499979187642026"
"3","feedback","17.5","-5.5","20","20","0.05","0.25","2","160","0","146","146","17.499999999999993"
"8","feedback","28.5","6.5","20","20","0.05","0.25","2","160","0","107","107","28.500000000000217"
"3","feedback","17.5","-5.5","20","20","0.05","0.25","2","160","0","147","147","17.499999999999993"
"7","feedback","28.5","-5.5","20","20","0.05","0.25","2","160","0","67","67","28.499999711253302"
"1","feedback","12.5","-5.5","20","20","0.05","0.25","2","160","0","56","56","12.499985431349419"
"3","feedback","17.5","-5.5","20","20","0.05","0.25","2","160","0","148","148","17.499999999999993"
"8","feedback","28.5","6.5","20","20","0.05","0.25","2","160","0","108","108","28.500000000000153"
"7","feedback","28.5","-5.5","20","20","0.05","0.25","2","160","0","68","68","28.499999797877308"
"8","feedback","28.5","6.5","20","20","0.05","0.25","2","160","0","109","109","28.500000000000107"
"3","feedback","17.5","-5.5","20","20","0.05","0.25","2","160","0","149","149","17.499999999999993"
"7","feedback","28.5","-5.5","20","20","0.05","0.25","2","160","0","69","69","28.499999858514116"
"1","feedback","12.5","-5.5","20","20","0.05","0.25","2","160","0","57","57","12.499989801944594"
"8","feedback","28.5","6.5","20","20","0.05","0.25","2","160","0","110","110","28.50000000000007"
"3","feedback","17.5","-5.5","20","20","0.05","0.25","2","160","0","150","150","17.499999999999993"
"7","feedback","28.5","-5.5","20","20","0.05","0.25","2","160","0","70","70","28.49999990095988"
"1","feedback","12.5","-5.5","20","20","0.05","0.25","2","160","0","58","58","12.499992861361216"
"8","feedback","28.5","6.5","20","20","0.05","0.25","2","160","0","111","111","28.50000000000005"
"3","feedback","17.5","-5.5","20","20","0.05","0.25","2","160","0","151","151","17.499999999999993"
"7","feedback","28.5","-5.5","20","20","0.05","0.25","2","160","0","71","71","28.49999993067192"
"1","feedback","12.5","-5.5","20","20","0.05","0.25","2","160","0","59","59","12.499995002952852"
"8","feedback","28.5","6.5","20","20","0.05","0.25","2","160","0","112","112","28.500000000000036"
"3","feedback","17.5","-5.5","20","20","0.05","0.25","2","160","0","152","152","17.499999999999993"
"7","feedback","28.5","-5.5","20","20","0.05","0.25","2","160","0","72","72","28.499999951470343"
"3","feedback","17.5","-5.5","20","20","0.05","0.25","2","160","0","153","153","17.499999999999993"
"8","feedback","28.5","6.5","20","20","0.05","0.25","2","160","0","113","113","28.50000000000003"
"1","feedback","12.5","-5.5","20","20","0.05","0.25","2","160","0","60","60","12.499996502066997"
"7","feedback","28.5","-5.5","20","20","0.05","0.25","2","160","0","73","73","28.49999996602924"
"3","feedback","17.5","-5.5","20","20","0.05","0.25","2","160","0","154","154","17.499999999999993"
"8","feedback","28.5","6.5","20","20","0.05","0.25","2","160","0","114","114","28.50000000000002"
"1","feedback","12.5","-5.5","20","20","0.05","0.25","2","160","0","61","61","12.499997551446898"
"3","feedback","17.5","-5.5","20","20","0.05","0.25","2","160","0","155","155","17.499999999999993"
"8","feedback","28.5","6.5","20","20","0.05","0.25","2","160","0","115","115","28.500000000000014"
"7","feedback","28.5","-5.5","20","20","0.05","0.25","2","160","0","74","74","28.49999997622047"
"1","feedback","12.5","-5.5","20","20","0.05","0.25","2","160","0","62","62","12.49999828601283"
"3","feedback","17.5","-5.5","20","20","0.05","0.25","2","160","0","156","156","17.499999999999993"
"8","feedback","28.5","6.5","20","20","0.05","0.25","2","160","0","116","116","28.50000000000001"
"3","feedback","17.5","-5.5","20","20","0.05","0.25","2","160","0","157","157","17.499999999999993"
"7","feedback","28.5","-5.5","20","20","0.05","0.25","2","160","0","75","75","28.49999998335433"
"1","feedback","12.5","-5.5","20","20","0.05","0.25","2","160","0","63","63","12.499998800208981"
"3","feedback","17.5","-5.5","20","20","0.05","0.25","2","160","0","158","158","17.499999999999993"
"1","feedback","12.5","-5.5","20","20","0.05","0.25","2","160","0","64","64","12.499999160146288"
"3","feedback","17.5","-5.5","20","20","0.05","0.25","2","160","0","159","159","17.499999999999993"
"7","feedback","28.5","-5.5","20","20","0.05","0.25","2","160","0","76","76","28.49999998834803"
"3","feedback","17.5","-5.5","20","20","0.05","0.25","2","160","0","160","160","17.499999999999993"
"1","feedback","12.5","-5.5","20","20","0.05","0.25","2","160","0","65","65","12.499999412102401"
"7","feedback","28.5","-5.5","20","20","0.05","0.25","2","160","0","77","77","28.499999991843623"
"1","feedback","12.5","-5.5","20","20","0.05","0.25","2","160","0","66","66","12.499999588471681"
"7","feedback","28.5","-5.5","20","20","0.05","0.25","2","160","0","78","78","28.499999994290537"
"7","feedback","28.5","-5.5","20","20","0.05","0.25","2","160","0","79","79","28.49999999600338"
"1","feedback","12.5","-5.5","20","20","0.05","0.25","2","160","0","67","67","12.499999711930176"
"1","feedback","12.5","-5.5","20","20","0.05","0.25","2","160","0","68","68","12.499999798351123"
"7","feedback","28.5","-5.5","20","20","0.05","0.25","2","160","0","80","80","28.499999997202362"
"1","feedback","12.5","-5.5","20","20","0.05","0.25","2","160","0","69","69","12.499999858845786"
"1","feedback","12.5","-5.5","20","20","0.05","0.25","2","160","0","70","70","12.499999901192052"
"1","feedback","12.5","-5.5","20","20","0.05","0.25","2","160","0","71","71","12.499999930834434"
"1","feedback","12.5","-5.5","20","20","0.05","0.25","2","160","0","72","72","12.499999951584105"
"1","feedback","12.5","-5.5","20","20","0.05","0.25","2","160","0","73","73","12.499999966108874"
"1","feedback","12.5","-5.5","20","20","0.05","0.25","2","160","0","74","74","12.49999997627621"
"1","feedback","12.5","-5.5","20","20","0.05","0.25","2","160","0","75","75","12.499999983393348"
"1","feedback","12.5","-5.5","20","20","0.05","0.25","2","160","0","76","76","12.499999988375343"
"1","feedback","12.5","-5.5","20","20","0.05","0.25","2","160","0","77","77","12.49999999186274"
"1","feedback","12.5","-5.5","20","20","0.05","0.25","2","160","0","78","78","12.49999999430392"
"1","feedback","12.5","-5.5","20","20","0.05","0.25","2","160","0","79","79","12.499999996012743"
"1","feedback","12.5","-5.5","20","20","0.05","0.25","2","160","0","80","80","12.49999999720892"
"1","feedback","12.5","-5.5","20","20","0.05","0.25","2","160","0","81","81","12.499999998046246"
"1","feedback","12.5","-5.5","20","20","0.05","0.25","2","160","0","82","82","12.499999998632372"
"1","feedback","12.5","-5.5","20","20","0.05","0.25","2","160","0","83","83","12.499999999042661"
"1","feedback","12.5","-5.5","20","20","0.05","0.25","2","160","0","84","84","12.499999999329862"
"1","feedback","12.5","-5.5","20","20","0.05","0.25","2","160","0","85","85","12.499999999530903"
"1","feedback","12.5","-5.5","20","20","0.05","0.25","2","160","0","86","86","12.499999999671633"
"1","feedback","12.5","-5.5","20","20","0.05","0.25","2","160","0","87","87","12.499999999770143"
"1","feedback","12.5","-5.5","20","20","0.05","0.25","2","160","0","88","88","12.499999999839101"
"1","feedback","12.5","-5.5","20","20","0.05","0.25","2","160","0","89","89","12.499999999887372"
"1","feedback","12.5","-5.5","20","20","0.05","0.25","2","160","0","90","90","12.49999999992116"
"1","feedback","12.5","-5.5","20","20","0.05","0.25","2","160","0","91","91","12.499999999944812"
"1","feedback","12.5","-5.5","20","20","0.05","0.25","2","160","0","92","92","12.499999999961368"
"1","feedback","12.5","-5.5","20","20","0.05","0.25","2","160","0","93","93","12.499999999972957"
"1","feedback","12.5","-5.5","20","20","0.05","0.25","2","160","0","94","94","12.49999999998107"
"1","feedback","12.5","-5.5","20","20","0.05","0.25","2","160","0","95","95","12.499999999986748"
"1","feedback","12.5","-5.5","20","20","0.05","0.25","2","160","0","96","96","12.499999999990724"
"1","feedback","12.5","-5.5","20","20","0.05","0.25","2","160","0","97","97","12.499999999993506"
"1","feedback","12.5","-5.5","20","20","0.05","0.25","2","160","0","98","98","12.499999999995454"
"1","feedback","12.5","-5.5","20","20","0.05","0.25","2","160","0","99","99","12.499999999996819"
"1","feedback","12.5","-5.5","20","20","0.05","0.25","2","160","0","100","100","12.499999999997774"
"1","feedback","12.5","-5.5","20","20","0.05","0.25","2","160","0","101","101","12.499999999998442"
"1","feedback","12.5","-5.5","20","20","0.05","0.25","2","160","0","102","102","12.49999999999891"
"1","feedback","12.5","-5.5","20","20","0.05","0.25","2","160","0","103","103","12.499999999999236"
"1","feedback","12.5","-5.5","20","20","0.05","0.25","2","160","0","104","104","12.499999999999467"
"1","feedback","12.5","-5.5","20","20","0.05","0.25","2","160","0","105","105","12.499999999999627"
"1","feedback","12.5","-5.5","20","20","0.05","0.25","2","160","0","106","106","12.499999999999737"
"1","feedback","12.5","-5.5","20","20","0.05","0.25","2","160","0","107","107","12.499999999999815"
"1","feedback","12.5","-5.5","20","20","0.05","0.25","2","160","0","108","108","12.49999999999987"
"1","feedback","12.5","-5.5","20","20","0.05","0.25","2","160","0","109","109","12.49999999999991"
"1","feedback","12.5","-5.5","20","20","0.05","0.25","2","160","0","110","110","12.499999999999938"
"1","feedback","12.5","-5.5","20","20","0.05","0.25","2","160","0","111","111","12.499999999999957"
"1","feedback","12.5","-5.5","20","20","0.05","0.25","2","160","0","112","112","12.49999999999997"
"1","feedback","12.5","-5.5","20","20","0.05","0.25","2","160","0","113","113","12.499999999999979"
"1","feedback","12.5","-5.5","20","20","0.05","0.25","2","160","0","114","114","12.499999999999986"
"1","feedback","12.5","-5.5","20","20","0.05","0.25","2","160","0","115","115","12.49999999999999"
"1","feedback","12.5","-5.5","20","20","0.05","0.25","2","160","0","116","116","12.499999999999993"
"1","feedback","12.5","-5.5","20","20","0.05","0.25","2","160","0","117","117","12.499999999999995"
"1","feedback","12.5","-5.5","20","20","0.05","0.25","2","160","0","118","118","12.499999999999996"
"1","feedback","12.5","-5.5","20","20","0.05","0.25","2","160","0","119","119","12.499999999999996"
"1","feedback","12.5","-5.5","20","20","0.05","0.25","2","160","0","120","120","12.499999999999996"
"1","feedback","12.5","-5.5","20","20","0.05","0.25","2","160","0","121","121","12.499999999999996"
"1","feedback","12.5","-5.5","20","20","0.05","0.25","2","160","0","122","122","12.499999999999996"
"1","feedback","12.5","-5.5","20","20","0.05","0.25","2","160","0","123","123","12.499999999999996"
"1","feedback","12.5","-5.5","20","20","0.05","0.25","2","160","0","124","124","12.499999999999996"
"1","feedback","12.5","-5.5","20","20","0.05","0.25","2","160","0","125","125","12.499999999999996"
"1","feedback","12.5","-5.5","20","20","0.05","0.25","2","160","0","126","126","12.499999999999996"
"1","feedback","12.5","-5.5","20","20","0.05","0.25","2","160","0","127","127","12.499999999999996"
"1","feedback","12.5","-5.5","20","20","0.05","0.25","2","160","0","128","128","12.499999999999996"
"1","feedback","12.5","-5.5","20","20","0.05","0.25","2","160","0","129","129","12.499999999999996"
"1","feedback","12.5","-5.5","20","20","0.05","0.25","2","160","0","130","130","12.499999999999996"
"1","feedback","12.5","-5.5","20","20","0.05","0.25","2","160","0","131","131","12.499999999999996"
"1","feedback","12.5","-5.5","20","20","0.05","0.25","2","160","0","132","132","12.499999999999996"
"2","feedback","12.5","6.5","20","20","0.05","0.25","2","160","0","93","93","12.500000000032022"
"1","feedback","12.5","-5.5","20","20","0.05","0.25","2","160","0","133","133","12.499999999999996"
"2","feedback","12.5","6.5","20","20","0.05","0.25","2","160","0","94","94","12.500000000022416"
"1","feedback","12.5","-5.5","20","20","0.05","0.25","2","160","0","134","134","12.499999999999996"
"2","feedback","12.5","6.5","20","20","0.05","0.25","2","160","0","95","95","12.50000000001569"
"1","feedback","12.5","-5.5","20","20","0.05","0.25","2","160","0","135","135","12.499999999999996"
"1","feedback","12.5","-5.5","20","20","0.05","0.25","2","160","0","136","136","12.499999999999996"
"2","feedback","12.5","6.5","20","20","0.05","0.25","2","160","0","96","96","12.500000000010983"
"1","feedback","12.5","-5.5","20","20","0.05","0.25","2","160","0","137","137","12.499999999999996"
"1","feedback","12.5","-5.5","20","20","0.05","0.25","2","160","0","138","138","12.499999999999996"
"1","feedback","12.5","-5.5","20","20","0.05","0.25","2","160","0","139","139","12.499999999999996"
"1","feedback","12.5","-5.5","20","20","0.05","0.25","2","160","0","140","140","12.499999999999996"
"1","feedback","12.5","-5.5","20","20","0.05","0.25","2","160","0","141","141","12.499999999999996"
"1","feedback","12.5","-5.5","20","20","0.05","0.25","2","160","0","142","142","12.499999999999996"
"1","feedback","12.5","-5.5","20","20","0.05","0.25","2","160","0","143","143","12.499999999999996"
"1","feedback","12.5","-5.5","20","20","0.05","0.25","2","160","0","144","144","12.499999999999996"
"1","feedback","12.5","-5.5","20","20","0.05","0.25","2","160","0","145","145","12.499999999999996"
"1","feedback","12.5","-5.5","20","20","0.05","0.25","2","160","0","146","146","12.499999999999996"
"1","feedback","12.5","-5.5","20","20","0.05","0.25","2","160","0","147","147","12.499999999999996"
"1","feedback","12.5","-5.5","20","20","0.05","0.25","2","160","0","148","148","12.499999999999996"
"1","feedback","12.5","-5.5","20","20","0.05","0.25","2","160","0","149","149","12.499999999999996"
"1","feedback","12.5","-5.5","20","20","0.05","0.25","2","160","0","150","150","12.499999999999996"
"1","feedback","12.5","-5.5","20","20","0.05","0.25","2","160","0","151","151","12.499999999999996"
"1","feedback","12.5","-5.5","20","20","0.05","0.25","2","160","0","152","152","12.499999999999996"
"1","feedback","12.5","-5.5","20","20","0.05","0.25","2","160","0","153","153","12.499999999999996"
"4","feedback","17.5","6.5","20","20","0.05","0.25","2","160","0","91","91","17.500000000065317"
"4","feedback","17.5","6.5","20","20","0.05","0.25","2","160","0","92","92","17.500000000045723"
"4","feedback","17.5","6.5","20","20","0.05","0.25","2","160","0","93","93","17.500000000032003"
"4","feedback","17.5","6.5","20","20","0.05","0.25","2","160","0","94","94","17.500000000022403"
"4","feedback","17.5","6.5","20","20","0.05","0.25","2","160","0","95","95","17.50000000001568"
"4","feedback","17.5","6.5","20","20","0.05","0.25","2","160","0","96","96","17.500000000010978"
"4","feedback","17.5","6.5","20","20","0.05","0.25","2","160","0","97","97","17.500000000007688"
"5","feedback","22.5","-5.5","20","20","0.05","0.25","2","160","0","64","64","22.499999158926524"
"5","feedback","22.5","-5.5","20","20","0.05","0.25","2","160","0","65","65","22.499999411248567"
"4","feedback","17.5","6.5","20","20","0.05","0.25","2","160","0","98","98","17.500000000005382"
"5","feedback","22.5","-5.5","20","20","0.05","0.25","2","160","0","66","66","22.499999587873997"
"6","feedback","22.5","6.5","20","20","0.05","0.25","2","160","0","38","38","22.510581440016125"
"4","feedback","17.5","6.5","20","20","0.05","0.25","2","160","0","99","99","17.500000000003766"
"5","feedback","22.5","-5.5","20","20","0.05","0.25","2","160","0","67","67","22.499999711511798"
"5","feedback","22.5","-5.5","20","20","0.05","0.25","2","160","0","68","68","22.499999798058255"
"6","feedback","22.5","6.5","20","20","0.05","0.25","2","160","0","39","39","22.50740700801129"
"4","feedback","17.5","6.5","20","20","0.05","0.25","2","160","0","100","100","17.500000000002636"
"5","feedback","22.5","-5.5","20","20","0.05","0.25","2","160","0","69","69","22.499999858640777"
"4","feedback","17.5","6.5","20","20","0.05","0.25","2","160","0","101","101","17.500000000001847"
"6","feedback","22.5","6.5","20","20","0.05","0.25","2","160","0","40","40","22.5051849056079"
"5","feedback","22.5","-5.5","20","20","0.05","0.25","2","160","0","70","70","22.499999901048543"
"4","feedback","17.5","6.5","20","20","0.05","0.25","2","160","0","102","102","17.500000000001293"
"4","feedback","17.5","6.5","20","20","0.05","0.25","2","160","0","103","103","17.500000000000906"
"6","feedback","22.5","6.5","20","20","0.05","0.25","2","160","0","41","41","22.50362943392553"
"5","feedback","22.5","-5.5","20","20","0.05","0.25","2","160","0","71","71","22.49999993073398"
"4","feedback","17.5","6.5","20","20","0.05","0.25","2","160","0","104","104","17.500000000000632"
"6","feedback","22.5","6.5","20","20","0.05","0.25","2","160","0","42","42","22.50254060374787"
"4","feedback","17.5","6.5","20","20","0.05","0.25","2","160","0","105","105","17.50000000000044"
"5","feedback","22.5","-5.5","20","20","0.05","0.25","2","160","0","72","72","22.49999995151379"
"6","feedback","22.5","6.5","20","20","0.05","0.25","2","160","0","43","43","22.50177842262351"
"4","feedback","17.5","6.5","20","20","0.05","0.25","2","160","0","106","106","17.50000000000031"
"6","feedback","22.5","6.5","20","20","0.05","0.25","2","160","0","44","44","22.501244895836457"
"5","feedback","22.5","-5.5","20","20","0.05","0.25","2","160","0","73","73","22.499999966059654"
"4","feedback","17.5","6.5","20","20","0.05","0.25","2","160","0","107","107","17.500000000000217"
"6","feedback","22.5","6.5","20","20","0.05","0.25","2","160","0","45","45","22.50087142708552"
"4","feedback","17.5","6.5","20","20","0.05","0.25","2","160","0","108","108","17.500000000000153"
"5","feedback","22.5","-5.5","20","20","0.05","0.25","2","160","0","74","74","22.49999997624176"
"6","feedback","22.5","6.5","20","20","0.05","0.25","2","160","0","46","46","22.500609998959867"
"4","feedback","17.5","6.5","20","20","0.05","0.25","2","160","0","109","109","17.500000000000107"
"5","feedback","22.5","-5.5","20","20","0.05","0.25","2","160","0","75","75","22.499999983369236"
"6","feedback","22.5","6.5","20","20","0.05","0.25","2","160","0","47","47","22.50042699927191"
"4","feedback","17.5","6.5","20","20","0.05","0.25","2","160","0","110","110","17.50000000000007"
"5","feedback","22.5","-5.5","20","20","0.05","0.25","2","160","0","76","76","22.499999988358464"
"6","feedback","22.5","6.5","20","20","0.05","0.25","2","160","0","48","48","22.500298899490335"
"4","feedback","17.5","6.5","20","20","0.05","0.25","2","160","0","111","111","17.50000000000005"
"5","feedback","22.5","-5.5","20","20","0.05","0.25","2","160","0","77","77","22.499999991850924"
"6","feedback","22.5","6.5","20","20","0.05","0.25","2","160","0","49","49","22.500209229643236"
"4","feedback","17.5","6.5","20","20","0.05","0.25","2","160","0","112","112","17.500000000000036"
"5","feedback","22.5","-5.5","20","20","0.05","0.25","2","160","0","78","78","22.499999994295646"
"4","feedback","17.5","6.5","20","20","0.05","0.25","2","160","0","113","113","17.50000000000003"
"4","feedback","17.5","6.5","20","20","0.05","0.25","2","160","0","114","114","17.50000000000002"
"5","feedback","22.5","-5.5","20","20","0.05","0.25","2","160","0","79","79","22.499999996006952"
"6","feedback","22.5","6.5","20","20","0.05","0.25","2","160","0","50","50","22.500146460750265"
"4","feedback","17.5","6.5","20","20","0.05","0.25","2","160","0","115","115","17.500000000000014"
"6","feedback","22.5","6.5","20","20","0.05","0.25","2","160","0","51","51","22.500102522525182"
"5","feedback","22.5","-5.5","20","20","0.05","0.25","2","160","0","80","80","22.499999997204867"
"4","feedback","17.5","6.5","20","20","0.05","0.25","2","160","0","116","116","17.50000000000001"
"5","feedback","22.5","-5.5","20","20","0.05","0.25","2","160","0","81","81","22.499999998043407"
"6","feedback","22.5","6.5","20","20","0.05","0.25","2","160","0","52","52","22.50007176576763"
"4","feedback","17.5","6.5","20","20","0.05","0.25","2","160","0","117","117","17.500000000000007"
"8","feedback","28.5","6.5","20","20","0.05","0.25","2","160","0","117","117","28.500000000000007"
"5","feedback","22.5","-5.5","20","20","0.05","0.25","2","160","0","82","82","22.499999998630386"
"6","feedback","22.5","6.5","20","20","0.05","0.25","2","160","0","53","53","22.50005023603734"
"8","feedback","28.5","6.5","20","20","0.05","0.25","2","160","0","118","118","28.500000000000007"
"4","feedback","17.5","6.5","20","20","0.05","0.25","2","160","0","118","118","17.500000000000007"
"4","feedback","17.5","6.5","20","20","0.05","0.25","2","160","0","119","119","17.500000000000007"
"5","feedback","22.5","-5.5","20","20","0.05","0.25","2","160","0","83","83","22.499999999041272"
"6","feedback","22.5","6.5","20","20","0.05","0.25","2","160","0","54","54","22.500035165226137"
"8","feedback","28.5","6.5","20","20","0.05","0.25","2","160","0","119","119","28.500000000000007"
"8","feedback","28.5","6.5","20","20","0.05","0.25","2","160","0","120","120","28.500000000000007"
"4","feedback","17.5","6.5","20","20","0.05","0.25","2","160","0","120","120","17.500000000000007"
"5","feedback","22.5","-5.5","20","20","0.05","0.25","2","160","0","84","84","22.499999999328892"
"6","feedback","22.5","6.5","20","20","0.05","0.25","2","160","0","55","55","22.500024615658297"
"5","feedback","22.5","-5.5","20","20","0.05","0.25","2","160","0","85","85","22.499999999530225"
"6","feedback","22.5","6.5","20","20","0.05","0.25","2","160","0","56","56","22.500017230960808"
"5","feedback","22.5","-5.5","20","20","0.05","0.25","2","160","0","86","86","22.49999999967116"
"6","feedback","22.5","6.5","20","20","0.05","0.25","2","160","0","57","57","22.500012061672564"
"5","feedback","22.5","-5.5","20","20","0.05","0.25","2","160","0","87","87","22.499999999769813"
"7","feedback","28.5","-5.5","20","20","0.05","0.25","2","160","0","81","81","28.499999998041652"
"6","feedback","22.5","6.5","20","20","0.05","0.25","2","160","0","58","58","22.500008443170795"
"7","feedback","28.5","-5.5","20","20","0.05","0.25","2","160","0","82","82","28.499999998629157"
"5","feedback","22.5","-5.5","20","20","0.05","0.25","2","160","0","88","88","22.49999999983887"
"6","feedback","22.5","6.5","20","20","0.05","0.25","2","160","0","59","59","22.500005910219556"
"7","feedback","28.5","-5.5","20","20","0.05","0.25","2","160","0","83","83","28.499999999040412"
"5","feedback","22.5","-5.5","20","20","0.05","0.25","2","160","0","89","89","22.49999999988721"
"6","feedback","22.5","6.5","20","20","0.05","0.25","2","160","0","60","60","22.500004137153688"
"5","feedback","22.5","-5.5","20","20","0.05","0.25","2","160","0","90","90","22.499999999921044"
"7","feedback","28.5","-5.5","20","20","0.05","0.25","2","160","0","84","84","28.49999999932829"
"6","feedback","22.5","6.5","20","20","0.05","0.25","2","160","0","61","61","22.50000289600758"
"5","feedback","22.5","-5.5","20","20","0.05","0.25","2","160","0","91","91","22.49999999994473"
"7","feedback","28.5","-5.5","20","20","0.05","0.25","2","160","0","85","85","28.499999999529805"
"6","feedback","22.5","6.5","20","20","0.05","0.25","2","160","0","62","62","22.500002027205305"
"5","feedback","22.5","-5.5","20","20","0.05","0.25","2","160","0","92","92","22.49999999996131"
"7","feedback","28.5","-5.5","20","20","0.05","0.25","2","160","0","86","86","28.499999999670862"
"6","feedback","22.5","6.5","20","20","0.05","0.25","2","160","0","63","63","22.500001419043713"
"5","feedback","22.5","-5.5","20","20","0.05","0.25","2","160","0","93","93","22.499999999972914"
"7","feedback","28.5","-5.5","20","20","0.05","0.25","2","160","0","87","87","28.499999999769603"
"6","feedback","22.5","6.5","20","20","0.05","0.25","2","160","0","64","64","22.500000993330598"
"5","feedback","22.5","-5.5","20","20","0.05","0.25","2","160","0","94","94","22.49999999998104"
"7","feedback","28.5","-5.5","20","20","0.05","0.25","2","160","0","88","88","28.499999999838725"
"6","feedback","22.5","6.5","20","20","0.05","0.25","2","160","0","65","65","22.50000069533142"
"7","feedback","28.5","-5.5","20","20","0.05","0.25","2","160","0","89","89","28.49999999988711"
"5","feedback","22.5","-5.5","20","20","0.05","0.25","2","160","0","95","95","22.499999999986727"
"6","feedback","22.5","6.5","20","20","0.05","0.25","2","160","0","66","66","22.50000048673199"
"7","feedback","28.5","-5.5","20","20","0.05","0.25","2","160","0","90","90","28.499999999920977"
"5","feedback","22.5","-5.5","20","20","0.05","0.25","2","160","0","96","96","22.49999999999071"
"6","feedback","22.5","6.5","20","20","0.05","0.25","2","160","0","67","67","22.500000340712393"
"7","feedback","28.5","-5.5","20","20","0.05","0.25","2","160","0","91","91","28.499999999944684"
"6","feedback","22.5","6.5","20","20","0.05","0.25","2","160","0","68","68","22.500000238498675"
"5","feedback","22.5","-5.5","20","20","0.05","0.25","2","160","0","97","97","22.4999999999935"
"7","feedback","28.5","-5.5","20","20","0.05","0.25","2","160","0","92","92","28.499999999961275"
"6","feedback","22.5","6.5","20","20","0.05","0.25","2","160","0","69","69","22.500000166949075"
"7","feedback","28.5","-5.5","20","20","0.05","0.25","2","160","0","93","93","28.499999999972893"
"5","feedback","22.5","-5.5","20","20","0.05","0.25","2","160","0","98","98","22.499999999995453"
"6","feedback","22.5","6.5","20","20","0.05","0.25","2","160","0","70","70","22.500000116864353"
"7","feedback","28.5","-5.5","20","20","0.05","0.25","2","160","0","94","94","28.49999999998103"
"5","feedback","22.5","-5.5","20","20","0.05","0.25","2","160","0","99","99","22.499999999996817"
"6","feedback","22.5","6.5","20","20","0.05","0.25","2","160","0","71","71","22.500000081805045"
"7","feedback","28.5","-5.5","20","20","0.05","0.25","2","160","0","95","95","28.49999999998672"
"5","feedback","22.5","-5.5","20","20","0.05","0.25","2","160","0","100","100","22.499999999997772"
"7","feedback","28.5","-5.5","20","20","0.05","0.25","2","160","0","96","96","28.499999999990706"
"6","feedback","22.5","6.5","20","20","0.05","0.25","2","160","0","72","72","22.50000005726353"
"5","feedback","22.5","-5.5","20","20","0.05","0.25","2","160","0","101","101","22.49999999999844"
"6","feedback","22.5","6.5","20","20","0.05","0.25","2","160","0","73","73","22.50000004008447"
"7","feedback","28.5","-5.5","20","20","0.05","0.25","2","160","0","97","97","28.499999999993495"
"5","feedback","22.5","-5.5","20","20","0.05","0.25","2","160","0","102","102","22.49999999999891"
"6","feedback","22.5","6.5","20","20","0.05","0.25","2","160","0","74","74","22.500000028059127"
"5","feedback","22.5","-5.5","20","20","0.05","0.25","2","160","0","103","103","22.499999999999236"
"6","feedback","22.5","6.5","20","20","0.05","0.25","2","160","0","75","75","22.50000001964139"
"5","feedback","22.5","-5.5","20","20","0.05","0.25","2","160","0","104","104","22.499999999999467"
"7","feedback","28.5","-5.5","20","20","0.05","0.25","2","160","0","98","98","28.49999999999545"
"5","feedback","22.5","-5.5","20","20","0.05","0.25","2","160","0","105","105","22.49999999999963"
"6","feedback","22.5","6.5","20","20","0.05","0.25","2","160","0","76","76","22.500000013748974"
"7","feedback","28.5","-5.5","20","20","0.05","0.25","2","160","0","99","99","28.499999999996813"
"5","feedback","22.5","-5.5","20","20","0.05","0.25","2","160","0","106","106","22.49999999999974"
"6","feedback","22.5","6.5","20","20","0.05","0.25","2","160","0","77","77","22.50000000962428"
"7","feedback","28.5","-5.5","20","20","0.05","0.25","2","160","0","100","100","28.49999999999777"
"5","feedback","22.5","-5.5","20","20","0.05","0.25","2","160","0","107","107","22.49999999999982"
"5","feedback","22.5","-5.5","20","20","0.05","0.25","2","160","0","108","108","22.499999999999876"
"6","feedback","22.5","6.5","20","20","0.05","0.25","2","160","0","78","78","22.500000006736997"
"7","feedback","28.5","-5.5","20","20","0.05","0.25","2","160","0","101","101","28.499999999998437"
"5","feedback","22.5","-5.5","20","20","0.05","0.25","2","160","0","109","109","22.499999999999915"
"6","feedback","22.5","6.5","20","20","0.05","0.25","2","160","0","79","79","22.500000004715897"
"7","feedback","28.5","-5.5","20","20","0.05","0.25","2","160","0","102","102","28.499999999998906"
"5","feedback","22.5","-5.5","20","20","0.05","0.25","2","160","0","110","110","22.49999999999994"
"6","feedback","22.5","6.5","20","20","0.05","0.25","2","160","0","80","80","22.50000000330113"
"5","feedback","22.5","-5.5","20","20","0.05","0.25","2","160","0","111","111","22.499999999999957"
"7","feedback","28.5","-5.5","20","20","0.05","0.25","2","160","0","103","103","28.499999999999233"
"6","feedback","22.5","6.5","20","20","0.05","0.25","2","160","0","81","81","22.50000000231079"
"7","feedback","28.5","-5.5","20","20","0.05","0.25","2","160","0","104","104","28.499999999999464"
"5","feedback","22.5","-5.5","20","20","0.05","0.25","2","160","0","112","112","22.49999999999997"
"7","feedback","28.5","-5.5","20","20","0.05","0.25","2","160","0","105","105","28.499999999999627"
"6","feedback","22.5","6.5","20","20","0.05","0.25","2","160","0","82","82","22.50000000161755"
"5","feedback","22.5","-5.5","20","20","0.05","0.25","2","160","0","113","113","22.49999999999998"
"7","feedback","28.5","-5.5","20","20","0.05","0.25","2","160","0","106","106","28.499999999999737"
"5","feedback","22.5","-5.5","20","20","0.05","0.25","2","160","0","114","114","22.499999999999986"
"6","feedback","22.5","6.5","20","20","0.05","0.25","2","160","0","83","83","22.500000001132285"
"7","feedback","28.5","-5.5","20","20","0.05","0.25","2","160","0","107","107","28.499999999999815"
"5","feedback","22.5","-5.5","20","20","0.05","0.25","2","160","0","115","115","22.49999999999999"
"7","feedback","28.5","-5.5","20","20","0.05","0.25","2","160","0","108","108","28.499999999999872"
"6","feedback","22.5","6.5","20","20","0.05","0.25","2","160","0","84","84","22.500000000792596"
"5","feedback","22.5","-5.5","20","20","0.05","0.25","2","160","0","116","116","22.499999999999993"
"6","feedback","22.5","6.5","20","20","0.05","0.25","2","160","0","85","85","22.500000000554817"
"7","feedback","28.5","-5.5","20","20","0.05","0.25","2","160","0","109","109","28.49999999999991"
"5","feedback","22.5","-5.5","20","20","0.05","0.25","2","160","0","117","117","22.499999999999993"
"7","feedback","28.5","-5.5","20","20","0.05","0.25","2","160","0","110","110","28.499999999999936"
"5","feedback","22.5","-5.5","20","20","0.05","0.25","2","160","0","118","118","22.499999999999993"
"6","feedback","22.5","6.5","20","20","0.05","0.25","2","160","0","86","86","22.500000000388372"
"7","feedback","28.5","-5.5","20","20","0.05","0.25","2","160","0","111","111","28.499999999999957"
"5","feedback","22.5","-5.5","20","20","0.05","0.25","2","160","0","119","119","22.499999999999993"
"6","feedback","22.5","6.5","20","20","0.05","0.25","2","160","0","87","87","22.50000000027186"
"7","feedback","28.5","-5.5","20","20","0.05","0.25","2","160","0","112","112","28.49999999999997"
"5","feedback","22.5","-5.5","20","20","0.05","0.25","2","160","0","120","120","22.499999999999993"
"7","feedback","28.5","-5.5","20","20","0.05","0.25","2","160","0","113","113","28.49999999999998"
"6","feedback","22.5","6.5","20","20","0.05","0.25","2","160","0","88","88","22.500000000190305"
"5","feedback","22.5","-5.5","20","20","0.05","0.25","2","160","0","121","121","22.499999999999993"
"7","feedback","28.5","-5.5","20","20","0.05","0.25","2","160","0","114","114","28.499999999999986"
"6","feedback","22.5","6.5","20","20","0.05","0.25","2","160","0","89","89","22.500000000133213"
"5","feedback","22.5","-5.5","20","20","0.05","0.25","2","160","0","122","122","22.499999999999993"
"7","feedback","28.5","-5.5","20","20","0.05","0.25","2","160","0","115","115","28.49999999999999"
"5","feedback","22.5","-5.5","20","20","0.05","0.25","2","160","0","123","123","22.499999999999993"
"7","feedback","28.5","-5.5","20","20","0.05","0.25","2","160","0","116","116","28.499999999999993"
"6","feedback","22.5","6.5","20","20","0.05","0.25","2","160","0","90","90","22.500000000093248"
"7","feedback","28.5","-5.5","20","20","0.05","0.25","2","160","0","117","117","28.499999999999993"
"5","feedback","22.5","-5.5","20","20","0.05","0.25","2","160","0","124","124","22.499999999999993"
"6","feedback","22.5","6.5","20","20","0.05","0.25","2","160","0","91","91","22.500000000065274"
"7","feedback","28.5","-5.5","20","20","0.05","0.25","2","160","0","118","118","28.499999999999993"
"5","feedback","22.5","-5.5","20","20","0.05","0.25","2","160","0","125","125","22.499999999999993"
"6","feedback","22.5","6.5","20","20","0.05","0.25","2","160","0","92","92","22.50000000004569"
"7","feedback","28.5","-5.5","20","20","0.05","0.25","2","160","0","119","119","28.499999999999993"
"5","feedback","22.5","-5.5","20","20","0.05","0.25","2","160","0","126","126","22.499999999999993"
"7","feedback","28.5","-5.5","20","20","0.05","0.25","2","160","0","120","120","28.499999999999993"
"6","feedback","22.5","6.5","20","20","0.05","0.25","2","160","0","93","93","22.500000000031985"
"5","feedback","22.5","-5.5","20","20","0.05","0.25","2","160","0","127","127","22.499999999999993"
"7","feedback","28.5","-5.5","20","20","0.05","0.25","2","160","0","121","121","28.499999999999993"
"6","feedback","22.5","6.5","20","20","0.05","0.25","2","160","0","94","94","22.50000000002239"
"5","feedback","22.5","-5.5","20","20","0.05","0.25","2","160","0","128","128","22.499999999999993"
"5","feedback","22.5","-5.5","20","20","0.05","0.25","2","160","0","129","129","22.499999999999993"
"7","feedback","28.5","-5.5","20","20","0.05","0.25","2","160","0","122","122","28.499999999999993"
"6","feedback","22.5","6.5","20","20","0.05","0.25","2","160","0","95","95","22.500000000015675"
"5","feedback","22.5","-5.5","20","20","0.05","0.25","2","160","0","130","130","22.499999999999993"
"7","feedback","28.5","-5.5","20","20","0.05","0.25","2","160","0","123","123","28.499999999999993"
"6","feedback","22.5","6.5","20","20","0.05","0.25","2","160","0","96","96","22.50000000001097"
"5","feedback","22.5","-5.5","20","20","0.05","0.25","2","160","0","131","131","22.499999999999993"
"7","feedback","28.5","-5.5","20","20","0.05","0.25","2","160","0","124","124","28.499999999999993"
"6","feedback","22.5","6.5","20","20","0.05","0.25","2","160","0","97","97","22.50000000000768"
"5","feedback","22.5","-5.5","20","20","0.05","0.25","2","160","0","132","132","22.499999999999993"
"7","feedback","28.5","-5.5","20","20","0.05","0.25","2","160","0","125","125","28.499999999999993"
"5","feedback","22.5","-5.5","20","20","0.05","0.25","2","160","0","133","133","22.499999999999993"
"7","feedback","28.5","-5.5","20","20","0.05","0.25","2","160","0","126","126","28.499999999999993"
"5","feedback","22.5","-5.5","20","20","0.05","0.25","2","160","0","134","134","22.499999999999993"
"7","feedback","28.5","-5.5","20","20","0.05","0.25","2","160","0","127","127","28.499999999999993"
"6","feedback","22.5","6.5","20","20","0.05","0.25","2","160","0","98","98","22.50000000000538"
"7","feedback","28.5","-5.5","20","20","0.05","0.25","2","160","0","128","128","28.499999999999993"
"5","feedback","22.5","-5.5","20","20","0.05","0.25","2","160","0","135","135","22.499999999999993"
"5","feedback","22.5","-5.5","20","20","0.05","0.25","2","160","0","136","136","22.499999999999993"
"6","feedback","22.5","6.5","20","20","0.05","0.25","2","160","0","99","99","22.500000000003766"
"7","feedback","28.5","-5.5","20","20","0.05","0.25","2","160","0","129","129","28.499999999999993"
"5","feedback","22.5","-5.5","20","20","0.05","0.25","2","160","0","137","137","22.499999999999993"
"6","feedback","22.5","6.5","20","20","0.05","0.25","2","160","0","100","100","22.500000000002636"
"7","feedback","28.5","-5.5","20","20","0.05","0.25","2","160","0","130","130","28.499999999999993"
"5","feedback","22.5","-5.5","20","20","0.05","0.25","2","160","0","138","138","22.499999999999993"
"6","feedback","22.5","6.5","20","20","0.05","0.25","2","160","0","101","101","22.500000000001847"
"7","feedback","28.5","-5.5","20","20","0.05","0.25","2","160","0","131","131","28.499999999999993"
"5","feedback","22.5","-5.5","20","20","0.05","0.25","2","160","0","139","139","22.499999999999993"
"7","feedback","28.5","-5.5","20","20","0.05","0.25","2","160","0","132","132","28.499999999999993"
"2","feedback","12.5","6.5","20","20","0.05","0.25","2","160","0","97","97","12.500000000007688"
"6","feedback","22.5","6.5","20","20","0.05","0.25","2","160","0","102","102","22.500000000001293"
"5","feedback","22.5","-5.5","20","20","0.05","0.25","2","160","0","140","140","22.499999999999993"
"5","feedback","22.5","-5.5","20","20","0.05","0.25","2","160","0","141","141","22.499999999999993"
"6","feedback","22.5","6.5","20","20","0.05","0.25","2","160","0","103","103","22.500000000000906"
"7","feedback","28.5","-5.5","20","20","0.05","0.25","2","160","0","133","133","28.499999999999993"
"5","feedback","22.5","-5.5","20","20","0.05","0.25","2","160","0","142","142","22.499999999999993"
"2","feedback","12.5","6.5","20","20","0.05","0.25","2","160","0","98","98","12.500000000005382"
"6","feedback","22.5","6.5","20","20","0.05","0.25","2","160","0","104","104","22.500000000000632"
"5","feedback","22.5","-5.5","20","20","0.05","0.25","2","160","0","143","143","22.499999999999993"
"7","feedback","28.5","-5.5","20","20","0.05","0.25","2","160","0","134","134","28.499999999999993"
"2","feedback","12.5","6.5","20","20","0.05","0.25","2","160","0","99","99","12.500000000003766"
"5","feedback","22.5","-5.5","20","20","0.05","0.25","2","160","0","144","144","22.499999999999993"
"7","feedback","28.5","-5.5","20","20","0.05","0.25","2","160","0","135","135","28.499999999999993"
"6","feedback","22.5","6.5","20","20","0.05","0.25","2","160","0","105","105","22.50000000000044"
"2","feedback","12.5","6.5","20","20","0.05","0.25","2","160","0","100","100","12.500000000002636"
"5","feedback","22.5","-5.5","20","20","0.05","0.25","2","160","0","145","145","22.499999999999993"
"2","feedback","12.5","6.5","20","20","0.05","0.25","2","160","0","101","101","12.500000000001846"
"6","feedback","22.5","6.5","20","20","0.05","0.25","2","160","0","106","106","22.50000000000031"
"7","feedback","28.5","-5.5","20","20","0.05","0.25","2","160","0","136","136","28.499999999999993"
"5","feedback","22.5","-5.5","20","20","0.05","0.25","2","160","0","146","146","22.499999999999993"
"2","feedback","12.5","6.5","20","20","0.05","0.25","2","160","0","102","102","12.500000000001291"
"6","feedback","22.5","6.5","20","20","0.05","0.25","2","160","0","107","107","22.500000000000217"
"7","feedback","28.5","-5.5","20","20","0.05","0.25","2","160","0","137","137","28.499999999999993"
"2","feedback","12.5","6.5","20","20","0.05","0.25","2","160","0","103","103","12.500000000000904"
"5","feedback","22.5","-5.5","20","20","0.05","0.25","2","160","0","147","147","22.499999999999993"
"6","feedback","22.5","6.5","20","20","0.05","0.25","2","160","0","108","108","22.500000000000153"
"7","feedback","28.5","-5.5","20","20","0.05","0.25","2","160","0","138","138","28.499999999999993"
"2","feedback","12.5","6.5","20","20","0.05","0.25","2","160","0","104","104","12.500000000000634"
"5","feedback","22.5","-5.5","20","20","0.05","0.25","2","160","0","148","148","22.499999999999993"
"6","feedback","22.5","6.5","20","20","0.05","0.25","2","160","0","109","109","22.500000000000107"
"2","feedback","12.5","6.5","20","20","0.05","0.25","2","160","0","105","105","12.500000000000444"
"7","feedback","28.5","-5.5","20","20","0.05","0.25","2","160","0","139","139","28.499999999999993"
"5","feedback","22.5","-5.5","20","20","0.05","0.25","2","160","0","149","149","22.499999999999993"
"6","feedback","22.5","6.5","20","20","0.05","0.25","2","160","0","110","110","22.50000000000007"
"2","feedback","12.5","6.5","20","20","0.05","0.25","2","160","0","106","106","12.500000000000313"
"7","feedback","28.5","-5.5","20","20","0.05","0.25","2","160","0","140","140","28.499999999999993"
"5","feedback","22.5","-5.5","20","20","0.05","0.25","2","160","0","150","150","22.499999999999993"
"2","feedback","12.5","6.5","20","20","0.05","0.25","2","160","0","107","107","12.500000000000218"
"6","feedback","22.5","6.5","20","20","0.05","0.25","2","160","0","111","111","22.50000000000005"
"5","feedback","22.5","-5.5","20","20","0.05","0.25","2","160","0","151","151","22.499999999999993"
"2","feedback","12.5","6.5","20","20","0.05","0.25","2","160","0","108","108","12.500000000000153"
"6","feedback","22.5","6.5","20","20","0.05","0.25","2","160","0","112","112","22.500000000000036"
"7","feedback","28.5","-5.5","20","20","0.05","0.25","2","160","0","141","141","28.499999999999993"
"5","feedback","22.5","-5.5","20","20","0.05","0.25","2","160","0","152","152","22.499999999999993"
"6","feedback","22.5","6.5","20","20","0.05","0.25","2","160","0","113","113","22.50000000000003"
"7","feedback","28.5","-5.5","20","20","0.05","0.25","2","160","0","142","142","28.499999999999993"
"2","feedback","12.5","6.5","20","20","0.05","0.25","2","160","0","109","109","12.500000000000107"
"5","feedback","22.5","-5.5","20","20","0.05","0.25","2","160","0","153","153","22.499999999999993"
"2","feedback","12.5","6.5","20","20","0.05","0.25","2","160","0","110","110","12.500000000000075"
"6","feedback","22.5","6.5","20","20","0.05","0.25","2","160","0","114","114","22.50000000000002"
"5","feedback","22.5","-5.5","20","20","0.05","0.25","2","160","0","154","154","22.499999999999993"
"7","feedback","28.5","-5.5","20","20","0.05","0.25","2","160","0","143","143","28.499999999999993"
"1","feedback","12.5","-5.5","20","20","0.05","0.25","2","160","0","154","154","12.499999999999996"
"6","feedback","22.5","6.5","20","20","0.05","0.25","2","160","0","115","115","22.500000000000014"
"5","feedback","22.5","-5.5","20","20","0.05","0.25","2","160","0","155","155","22.499999999999993"
"7","feedback","28.5","-5.5","20","20","0.05","0.25","2","160","0","144","144","28.499999999999993"
"2","feedback","12.5","6.5","20","20","0.05","0.25","2","160","0","111","111","12.500000000000053"
"6","feedback","22.5","6.5","20","20","0.05","0.25","2","160","0","116","116","22.50000000000001"
"1","feedback","12.5","-5.5","20","20","0.05","0.25","2","160","0","155","155","12.499999999999996"
"5","feedback","22.5","-5.5","20","20","0.05","0.25","2","160","0","156","156","22.499999999999993"
"2","feedback","12.5","6.5","20","20","0.05","0.25","2","160","0","112","112","12.500000000000036"
"7","feedback","28.5","-5.5","20","20","0.05","0.25","2","160","0","145","145","28.499999999999993"
"5","feedback","22.5","-5.5","20","20","0.05","0.25","2","160","0","157","157","22.499999999999993"
"1","feedback","12.5","-5.5","20","20","0.05","0.25","2","160","0","156","156","12.499999999999996"
"6","feedback","22.5","6.5","20","20","0.05","0.25","2","160","0","117","117","22.500000000000007"
"2","feedback","12.5","6.5","20","20","0.05","0.25","2","160","0","113","113","12.500000000000025"
"7","feedback","28.5","-5.5","20","20","0.05","0.25","2","160","0","146","146","28.499999999999993"
"5","feedback","22.5","-5.5","20","20","0.05","0.25","2","160","0","158","158","22.499999999999993"
"1","feedback","12.5","-5.5","20","20","0.05","0.25","2","160","0","157","157","12.499999999999996"
"2","feedback","12.5","6.5","20","20","0.05","0.25","2","160","0","114","114","12.500000000000018"
"7","feedback","28.5","-5.5","20","20","0.05","0.25","2","160","0","147","147","28.499999999999993"
"6","feedback","22.5","6.5","20","20","0.05","0.25","2","160","0","118","118","22.500000000000007"
"5","feedback","22.5","-5.5","20","20","0.05","0.25","2","160","0","159","159","22.499999999999993"
"2","feedback","12.5","6.5","20","20","0.05","0.25","2","160","0","115","115","12.500000000000014"
"6","feedback","22.5","6.5","20","20","0.05","0.25","2","160","0","119","119","22.500000000000007"
"2","feedback","12.5","6.5","20","20","0.05","0.25","2","160","0","116","116","12.50000000000001"
"7","feedback","28.5","-5.5","20","20","0.05","0.25","2","160","0","148","148","28.499999999999993"
"5","feedback","22.5","-5.5","20","20","0.05","0.25","2","160","0","160","160","22.499999999999993"
"2","feedback","12.5","6.5","20","20","0.05","0.25","2","160","0","117","117","12.500000000000007"
"6","feedback","22.5","6.5","20","20","0.05","0.25","2","160","0","120","120","22.500000000000007"
"7","feedback","28.5","-5.5","20","20","0.05","0.25","2","160","0","149","149","28.499999999999993"
"6","feedback","22.5","6.5","20","20","0.05","0.25","2","160","0","121","121","22.500000000000007"
"2","feedback","12.5","6.5","20","20","0.05","0.25","2","160","0","118","118","12.500000000000005"
"7","feedback","28.5","-5.5","20","20","0.05","0.25","2","160","0","150","150","28.499999999999993"
"2","feedback","12.5","6.5","20","20","0.05","0.25","2","160","0","119","119","12.500000000000004"
"6","feedback","22.5","6.5","20","20","0.05","0.25","2","160","0","122","122","22.500000000000007"
"7","feedback","28.5","-5.5","20","20","0.05","0.25","2","160","0","151","151","28.499999999999993"
"2","feedback","12.5","6.5","20","20","0.05","0.25","2","160","0","120","120","12.500000000000004"
"6","feedback","22.5","6.5","20","20","0.05","0.25","2","160","0","123","123","22.500000000000007"
"7","feedback","28.5","-5.5","20","20","0.05","0.25","2","160","0","152","152","28.499999999999993"
"6","feedback","22.5","6.5","20","20","0.05","0.25","2","160","0","124","124","22.500000000000007"
"2","feedback","12.5","6.5","20","20","0.05","0.25","2","160","0","121","121","12.500000000000004"
"7","feedback","28.5","-5.5","20","20","0.05","0.25","2","160","0","153","153","28.499999999999993"
"6","feedback","22.5","6.5","20","20","0.05","0.25","2","160","0","125","125","22.500000000000007"
"7","feedback","28.5","-5.5","20","20","0.05","0.25","2","160","0","154","154","28.499999999999993"
"2","feedback","12.5","6.5","20","20","0.05","0.25","2","160","0","122","122","12.500000000000004"
"6","feedback","22.5","6.5","20","20","0.05","0.25","2","160","0","126","126","22.500000000000007"
"7","feedback","28.5","-5.5","20","20","0.05","0.25","2","160","0","155","155","28.499999999999993"
"2","feedback","12.5","6.5","20","20","0.05","0.25","2","160","0","123","123","12.500000000000004"
"7","feedback","28.5","-5.5","20","20","0.05","0.25","2","160","0","156","156","28.499999999999993"
"6","feedback","22.5","6.5","20","20","0.05","0.25","2","160","0","127","127","22.500000000000007"
"2","feedback","12.5","6.5","20","20","0.05","0.25","2","160","0","124","124","12.500000000000004"
"6","feedback","22.5","6.5","20","20","0.05","0.25","2","160","0","128","128","22.500000000000007"
"2","feedback","12.5","6.5","20","20","0.05","0.25","2","160","0","125","125","12.500000000000004"
"7","feedback","28.5","-5.5","20","20","0.05","0.25","2","160","0","157","157","28.499999999999993"
"6","feedback","22.5","6.5","20","20","0.05","0.25","2","160","0","129","129","22.500000000000007"
"7","feedback","28.5","-5.5","20","20","0.05","0.25","2","160","0","158","158","28.499999999999993"
"6","feedback","22.5","6.5","20","20","0.05","0.25","2","160","0","130","130","22.500000000000007"
"2","feedback","12.5","6.5","20","20","0.05","0.25","2","160","0","126","126","12.500000000000004"
"7","feedback","28.5","-5.5","20","20","0.05","0.25","2","160","0","159","159","28.499999999999993"
"6","feedback","22.5","6.5","20","20","0.05","0.25","2","160","0","131","131","22.500000000000007"
"2","feedback","12.5","6.5","20","20","0.05","0.25","2","160","0","127","127","12.500000000000004"
"6","feedback","22.5","6.5","20","20","0.05","0.25","2","160","0","132","132","22.500000000000007"
"7","feedback","28.5","-5.5","20","20","0.05","0.25","2","160","0","160","160","28.499999999999993"
"6","feedback","22.5","6.5","20","20","0.05","0.25","2","160","0","133","133","22.500000000000007"
"2","feedback","12.5","6.5","20","20","0.05","0.25","2","160","0","128","128","12.500000000000004"
"2","feedback","12.5","6.5","20","20","0.05","0.25","2","160","0","129","129","12.500000000000004"
"6","feedback","22.5","6.5","20","20","0.05","0.25","2","160","0","134","134","22.500000000000007"
"2","feedback","12.5","6.5","20","20","0.05","0.25","2","160","0","130","130","12.500000000000004"
"6","feedback","22.5","6.5","20","20","0.05","0.25","2","160","0","135","135","22.500000000000007"
"2","feedback","12.5","6.5","20","20","0.05","0.25","2","160","0","131","131","12.500000000000004"
"6","feedback","22.5","6.5","20","20","0.05","0.25","2","160","0","136","136","22.500000000000007"
"2","feedback","12.5","6.5","20","20","0.05","0.25","2","160","0","132","132","12.500000000000004"
"6","feedback","22.5","6.5","20","20","0.05","0.25","2","160","0","137","137","22.500000000000007"
"2","feedback","12.5","6.5","20","20","0.05","0.25","2","160","0","133","133","12.500000000000004"
"6","feedback","22.5","6.5","20","20","0.05","0.25","2","160","0","138","138","22.500000000000007"
"2","feedback","12.5","6.5","20","20","0.05","0.25","2","160","0","134","134","12.500000000000004"
"6","feedback","22.5","6.5","20","20","0.05","0.25","2","160","0","139","139","22.500000000000007"
"2","feedback","12.5","6.5","20","20","0.05","0.25","2","160","0","135","135","12.500000000000004"
"6","feedback","22.5","6.5","20","20","0.05","0.25","2","160","0","140","140","22.500000000000007"
"2","feedback","12.5","6.5","20","20","0.05","0.25","2","160","0","136","136","12.500000000000004"
"6","feedback","22.5","6.5","20","20","0.05","0.25","2","160","0","141","141","22.500000000000007"
"2","feedback","12.5","6.5","20","20","0.05","0.25","2","160","0","137","137","12.500000000000004"
"6","feedback","22.5","6.5","20","20","0.05","0.25","2","160","0","142","142","22.500000000000007"
"2","feedback","12.5","6.5","20","20","0.05","0.25","2","160","0","138","138","12.500000000000004"
"6","feedback","22.5","6.5","20","20","0.05","0.25","2","160","0","143","143","22.500000000000007"
"2","feedback","12.5","6.5","20","20","0.05","0.25","2","160","0","139","139","12.500000000000004"
"6","feedback","22.5","6.5","20","20","0.05","0.25","2","160","0","144","144","22.500000000000007"
"2","feedback","12.5","6.5","20","20","0.05","0.25","2","160","0","140","140","12.500000000000004"
"6","feedback","22.5","6.5","20","20","0.05","0.25","2","160","0","145","145","22.500000000000007"
"6","feedback","22.5","6.5","20","20","0.05","0.25","2","160","0","146","146","22.500000000000007"
"2","feedback","12.5","6.5","20","20","0.05","0.25","2","160","0","141","141","12.500000000000004"
"6","feedback","22.5","6.5","20","20","0.05","0.25","2","160","0","147","147","22.500000000000007"
"2","feedback","12.5","6.5","20","20","0.05","0.25","2","160","0","142","142","12.500000000000004"
"2","feedback","12.5","6.5","20","20","0.05","0.25","2","160","0","143","143","12.500000000000004"
"6","feedback","22.5","6.5","20","20","0.05","0.25","2","160","0","148","148","22.500000000000007"
"2","feedback","12.5","6.5","20","20","0.05","0.25","2","160","0","144","144","12.500000000000004"
"6","feedback","22.5","6.5","20","20","0.05","0.25","2","160","0","149","149","22.500000000000007"
"2","feedback","12.5","6.5","20","20","0.05","0.25","2","160","0","145","145","12.500000000000004"
"6","feedback","22.5","6.5","20","20","0.05","0.25","2","160","0","150","150","22.500000000000007"
"2","feedback","12.5","6.5","20","20","0.05","0.25","2","160","0","146","146","12.500000000000004"
"6","feedback","22.5","6.5","20","20","0.05","0.25","2","160","0","151","151","22.500000000000007"
"2","feedback","12.5","6.5","20","20","0.05","0.25","2","160","0","147","147","12.500000000000004"
"2","feedback","12.5","6.5","20","20","0.05","0.25","2","160","0","148","148","12.500000000000004"
"6","feedback","22.5","6.5","20","20","0.05","0.25","2","160","0","152","152","22.500000000000007"
"2","feedback","12.5","6.5","20","20","0.05","0.25","2","160","0","149","149","12.500000000000004"
"6","feedback","22.5","6.5","20","20","0.05","0.25","2","160","0","153","153","22.500000000000007"
"2","feedback","12.5","6.5","20","20","0.05","0.25","2","160","0","150","150","12.500000000000004"
"6","feedback","22.5","6.5","20","20","0.05","0.25","2","160","0","154","154","22.500000000000007"
"6","feedback","22.5","6.5","20","20","0.05","0.25","2","160","0","155","155","22.500000000000007"
"6","feedback","22.5","6.5","20","20","0.05","0.25","2","160","0","156","156","22.500000000000007"
"6","feedback","22.5","6.5","20","20","0.05","0.25","2","160","0","157","157","22.500000000000007"
"6","feedback","22.5","6.5","20","20","0.05","0.25","2","160","0","158","158","22.500000000000007"
"6","feedback","22.5","6.5","20","20","0.05","0.25","2","160","0","159","159","22.500000000000007"
"6","feedback","22.5","6.5","20","20","0.05","0.25","2","160","0","160","160","22.500000000000007"
"8","feedback","28.5","6.5","20","20","0.05","0.25","2","160","0","121","121","28.500000000000007"
"4","feedback","17.5","6.5","20","20","0.05","0.25","2","160","0","121","121","17.500000000000007"
"8","feedback","28.5","6.5","20","20","0.05","0.25","2","160","0","122","122","28.500000000000007"
"4","feedback","17.5","6.5","20","20","0.05","0.25","2","160","0","122","122","17.500000000000007"
"8","feedback","28.5","6.5","20","20","0.05","0.25","2","160","0","123","123","28.500000000000007"
"4","feedback","17.5","6.5","20","20","0.05","0.25","2","160","0","123","123","17.500000000000007"
"8","feedback","28.5","6.5","20","20","0.05","0.25","2","160","0","124","124","28.500000000000007"
"4","feedback","17.5","6.5","20","20","0.05","0.25","2","160","0","124","124","17.500000000000007"
"1","feedback","12.5","-5.5","20","20","0.05","0.25","2","160","0","158","158","12.499999999999996"
"1","feedback","12.5","-5.5","20","20","0.05","0.25","2","160","0","159","159","12.499999999999996"
"2","feedback","12.5","6.5","20","20","0.05","0.25","2","160","0","151","151","12.500000000000004"
"2","feedback","12.5","6.5","20","20","0.05","0.25","2","160","0","152","152","12.500000000000004"
"8","feedback","28.5","6.5","20","20","0.05","0.25","2","160","0","125","125","28.500000000000007"
"4","feedback","17.5","6.5","20","20","0.05","0.25","2","160","0","125","125","17.500000000000007"
"4","feedback","17.5","6.5","20","20","0.05","0.25","2","160","0","126","126","17.500000000000007"
"8","feedback","28.5","6.5","20","20","0.05","0.25","2","160","0","126","126","28.500000000000007"
"4","feedback","17.5","6.5","20","20","0.05","0.25","2","160","0","127","127","17.500000000000007"
"8","feedback","28.5","6.5","20","20","0.05","0.25","2","160","0","127","127","28.500000000000007"
"4","feedback","17.5","6.5","20","20","0.05","0.25","2","160","0","128","128","17.500000000000007"
"8","feedback","28.5","6.5","20","20","0.05","0.25","2","160","0","128","128","28.500000000000007"
"4","feedback","17.5","6.5","20","20","0.05","0.25","2","160","0","129","129","17.500000000000007"
"8","feedback","28.5","6.5","20","20","0.05","0.25","2","160","0","129","129","28.500000000000007"
"4","feedback","17.5","6.5","20","20","0.05","0.25","2","160","0","130","130","17.500000000000007"
"8","feedback","28.5","6.5","20","20","0.05","0.25","2","160","0","130","130","28.500000000000007"
"4","feedback","17.5","6.5","20","20","0.05","0.25","2","160","0","131","131","17.500000000000007"
"8","feedback","28.5","6.5","20","20","0.05","0.25","2","160","0","131","131","28.500000000000007"
"4","feedback","17.5","6.5","20","20","0.05","0.25","2","160","0","132","132","17.500000000000007"
"8","feedback","28.5","6.5","20","20","0.05","0.25","2","160","0","132","132","28.500000000000007"
"4","feedback","17.5","6.5","20","20","0.05","0.25","2","160","0","133","133","17.500000000000007"
"8","feedback","28.5","6.5","20","20","0.05","0.25","2","160","0","133","133","28.500000000000007"
"4","feedback","17.5","6.5","20","20","0.05","0.25","2","160","0","134","134","17.500000000000007"
"8","feedback","28.5","6.5","20","20","0.05","0.25","2","160","0","134","134","28.500000000000007"
"4","feedback","17.5","6.5","20","20","0.05","0.25","2","160","0","135","135","17.500000000000007"
"8","feedback","28.5","6.5","20","20","0.05","0.25","2","160","0","135","135","28.500000000000007"
"4","feedback","17.5","6.5","20","20","0.05","0.25","2","160","0","136","136","17.500000000000007"
"8","feedback","28.5","6.5","20","20","0.05","0.25","2","160","0","136","136","28.500000000000007"
"4","feedback","17.5","6.5","20","20","0.05","0.25","2","160","0","137","137","17.500000000000007"
"8","feedback","28.5","6.5","20","20","0.05","0.25","2","160","0","137","137","28.500000000000007"
"4","feedback","17.5","6.5","20","20","0.05","0.25","2","160","0","138","138","17.500000000000007"
"8","feedback","28.5","6.5","20","20","0.05","0.25","2","160","0","138","138","28.500000000000007"
"4","feedback","17.5","6.5","20","20","0.05","0.25","2","160","0","139","139","17.500000000000007"
"4","feedback","17.5","6.5","20","20","0.05","0.25","2","160","0","140","140","17.500000000000007"
"8","feedback","28.5","6.5","20","20","0.05","0.25","2","160","0","139","139","28.500000000000007"
"4","feedback","17.5","6.5","20","20","0.05","0.25","2","160","0","141","141","17.500000000000007"
"8","feedback","28.5","6.5","20","20","0.05","0.25","2","160","0","140","140","28.500000000000007"
"8","feedback","28.5","6.5","20","20","0.05","0.25","2","160","0","141","141","28.500000000000007"
"8","feedback","28.5","6.5","20","20","0.05","0.25","2","160","0","142","142","28.500000000000007"
"8","feedback","28.5","6.5","20","20","0.05","0.25","2","160","0","143","143","28.500000000000007"
"8","feedback","28.5","6.5","20","20","0.05","0.25","2","160","0","144","144","28.500000000000007"
"8","feedback","28.5","6.5","20","20","0.05","0.25","2","160","0","145","145","28.500000000000007"
"8","feedback","28.5","6.5","20","20","0.05","0.25","2","160","0","146","146","28.500000000000007"
"8","feedback","28.5","6.5","20","20","0.05","0.25","2","160","0","147","147","28.500000000000007"
"8","feedback","28.5","6.5","20","20","0.05","0.25","2","160","0","148","148","28.500000000000007"
"4","feedback","17.5","6.5","20","20","0.05","0.25","2","160","0","142","142","17.500000000000007"
"4","feedback","17.5","6.5","20","20","0.05","0.25","2","160","0","143","143","17.500000000000007"
"4","feedback","17.5","6.5","20","20","0.05","0.25","2","160","0","144","144","17.500000000000007"
"8","feedback","28.5","6.5","20","20","0.05","0.25","2","160","0","149","149","28.500000000000007"
"4","feedback","17.5","6.5","20","20","0.05","0.25","2","160","0","145","145","17.500000000000007"
"8","feedback","28.5","6.5","20","20","0.05","0.25","2","160","0","150","150","28.500000000000007"
"4","feedback","17.5","6.5","20","20","0.05","0.25","2","160","0","146","146","17.500000000000007"
"8","feedback","28.5","6.5","20","20","0.05","0.25","2","160","0","151","151","28.500000000000007"
"8","feedback","28.5","6.5","20","20","0.05","0.25","2","160","0","152","152","28.500000000000007"
"4","feedback","17.5","6.5","20","20","0.05","0.25","2","160","0","147","147","17.500000000000007"
"8","feedback","28.5","6.5","20","20","0.05","0.25","2","160","0","153","153","28.500000000000007"
"4","feedback","17.5","6.5","20","20","0.05","0.25","2","160","0","148","148","17.500000000000007"
"8","feedback","28.5","6.5","20","20","0.05","0.25","2","160","0","154","154","28.500000000000007"
"4","feedback","17.5","6.5","20","20","0.05","0.25","2","160","0","149","149","17.500000000000007"
"8","feedback","28.5","6.5","20","20","0.05","0.25","2","160","0","155","155","28.500000000000007"
"4","feedback","17.5","6.5","20","20","0.05","0.25","2","160","0","150","150","17.500000000000007"
"4","feedback","17.5","6.5","20","20","0.05","0.25","2","160","0","151","151","17.500000000000007"
"8","feedback","28.5","6.5","20","20","0.05","0.25","2","160","0","156","156","28.500000000000007"
"8","feedback","28.5","6.5","20","20","0.05","0.25","2","160","0","157","157","28.500000000000007"
"4","feedback","17.5","6.5","20","20","0.05","0.25","2","160","0","152","152","17.500000000000007"
"8","feedback","28.5","6.5","20","20","0.05","0.25","2","160","0","158","158","28.500000000000007"
"4","feedback","17.5","6.5","20","20","0.05","0.25","2","160","0","153","153","17.500000000000007"
"4","feedback","17.5","6.5","20","20","0.05","0.25","2","160","0","154","154","17.500000000000007"
"8","feedback","28.5","6.5","20","20","0.05","0.25","2","160","0","159","159","28.500000000000007"
"4","feedback","17.5","6.5","20","20","0.05","0.25","2","160","0","155","155","17.500000000000007"
"8","feedback","28.5","6.5","20","20","0.05","0.25","2","160","0","160","160","28.500000000000007"
"4","feedback","17.5","6.5","20","20","0.05","0.25","2","160","0","156","156","17.500000000000007"
"4","feedback","17.5","6.5","20","20","0.05","0.25","2","160","0","157","157","17.500000000000007"
"4","feedback","17.5","6.5","20","20","0.05","0.25","2","160","0","158","158","17.500000000000007"
"4","feedback","17.5","6.5","20","20","0.05","0.25","2","160","0","159","159","17.500000000000007"
"4","feedback","17.5","6.5","20","20","0.05","0.25","2","160","0","160","160","17.500000000000007"
"1","feedback","12.5","-5.5","20","20","0.05","0.25","2","160","0","160","160","12.499999999999996"
"2","feedback","12.5","6.5","20","20","0.05","0.25","2","160","0","153","153","12.500000000000004"
"2","feedback","12.5","6.5","20","20","0.05","0.25","2","160","0","154","154","12.500000000000004"
"2","feedback","12.5","6.5","20","20","0.05","0.25","2","160","0","155","155","12.500000000000004"
"2","feedback","12.5","6.5","20","20","0.05","0.25","2","160","0","156","156","12.500000000000004"
"2","feedback","12.5","6.5","20","20","0.05","0.25","2","160","0","157","157","12.500000000000004"
"2","feedback","12.5","6.5","20","20","0.05","0.25","2","160","0","158","158","12.500000000000004"
"2","feedback","12.5","6.5","20","20","0.05","0.25","2","160","0","159","159","12.500000000000004"
"2","feedback","12.5","6.5","20","20","0.05","0.25","2","160","0","160","160","12.500000000000004"
