"time"	"cell.id"	"cell.type"	"cell.center.x"	"cell.center.y"	"cell.volume"	"HairCell_Neighbours"	"Sustentacular_Neighbours"	"Mantle_Neighbours"	"celltype.mantle.size"	"celltype.sustentacular.size"	"celltype.hair.size"	"total_cells"
0	1	0	382.5027422	340.7952468	1641	0	2	2	3	2	0	5
0	2	0	342.2415049	389.2706311	1648	0	2	2	3	2	0	5
0	3	0	410.7577602	395.13451	1643	0	1	2	3	2	0	5
0	4	1	358.9100697	364.1925269	1579	0	1	2	3	2	0	5
0	5	1	387.7116603	382.1837769	1578	0	1	3	3	2	0	5

5000	1	0	390.7457317	337.3829268	1640	0	2	2	3	2	0	5
5000	2	0	337.5352798	378.7536496	1644	0	2	2	3	2	0	5
5000	3	0	397.4253504	402.2102377	1641	0	1	2	3	2	0	5
5000	4	1	363.3529412	356.9759646	1581	0	1	2	3	2	0	5
5000	5	1	382.1417722	381.5196203	1580	0	1	3	3	2	0	5

10000	1	0	383.3286671	338.6390749	1643	0	2	2	3	2	0	5
10000	2	0	332.1797684	380.0115783	1641	0	2	2	3	2	0	5
10000	3	0	399.1222628	393.3826034	1644	0	1	2	3	2	0	5
10000	4	1	356.6788875	357.6213654	1582	0	1	2	3	2	0	5
10000	5	1	375.3162231	382.9309252	1578	0	1	3	3	2	0	5

15000	1	0	383.1639244	339.2413163	1641	0	2	2	3	2	0	5
15000	2	0	333.1100304	381.4316109	1645	0	2	2	3	2	0	5
15000	3	0	391.7286585	401.2189024	1640	0	1	2	3	2	0	5
15000	4	1	356.0955092	359.8962682	1581	0	1	2	3	2	0	5
15000	5	1	378.5864471	380.9765674	1579	0	1	3	3	2	0	5

20000	1	0	378.7826618	340.4468864	1638	0	2	2	3	2	0	5
20000	2	0	335.6465937	387.2548662	1644	0	2	2	3	2	0	5
20000	3	0	395.6545012	402.0188564	1644	0	1	2	3	2	0	5
20000	4	1	360.9525016	360.9442685	1579	0	1	2	3	2	0	5
20000	5	1	379.1317289	384.2463585	1579	0	1	3	3	2	0	5

25000	1	0	381.0384146	333.904878	1640	0	2	2	3	2	0	5
25000	2	0	328.5471698	379.1953743	1643	0	2	2	3	2	0	5
25000	3	0	394.3321168	390.3874696	1644	0	1	2	3	2	0	5
25000	4	1	354.4254914	354.2650602	1577	0	1	2	3	2	0	5
25000	5	1	369.4556401	381.5006337	1578	0	1	3	3	2	0	5

30000	1	0	386.8770542	324.2251978	1643	2	1	1	3	1	2	6
30000	2	0	317.406821	384.4695493	1642	2	1	1	3	1	2	6
30000	3	0	392.7762918	400.300304	1645	0	1	2	3	1	2	6
30000	5	1	380.3301708	385.8412397	1581	1	0	3	3	1	2	6
30000	6	2	340.4090208	337.3774094	2594	0	0	0	3	1	2	6
30000	7	2	358.9479568	366.728219	2594	0	0	0	3	1	2	6

35000	1	0	382.8031592	321.4343864	1646	2	2	1	3	2	2	7
35000	2	0	319.8897014	395.7550274	1641	2	2	1	3	2	2	7
35000	3	0	402.9439366	408.1096892	1641	0	1	2	3	2	2	7
35000	8	1	374.9253165	380.2702532	1580	1	1	2	3	2	2	7
35000	9	1	388.821066	395.1459391	1576	0	1	3	3	2	2	7
35000	6	2	333.2508671	340.3044316	2595	0	0	0	3	2	2	7
35000	7	2	356.6148519	362.582147	2599	0	0	0	3	2	2	7

40000	1	0	396.5695203	328.6417729	1647	2	1	1	3	3	2	8
40000	2	0	325.8775883	403.3002436	1642	2	2	1	3	3	2	8
40000	3	0	414.2273556	412.0468085	1645	0	2	2	3	3	2	8
40000	8	1	371.1037318	383.7235927	1581	1	2	1	3	3	2	8
40000	10	1	381.2906903	410.7783407	1579	0	2	2	3	3	2	8
40000	11	1	409.0691624	369.8991117	1576	1	2	2	3	3	2	8
40000	6	2	330.3904505	338.5983827	2597	0	0	0	3	3	2	8
40000	7	2	354.6136364	360.9657165	2596	0	0	0	3	3	2	8

45000	1	0	409.7135893	318.0975015	1641	1	1	0	3	3	4	10
45000	2	0	336.3923358	434.4294404	1644	1	2	1	3	3	4	10
45000	3	0	428.9841657	410.9488429	1642	0	2	1	3	3	4	10
45000	11	1	415.0373891	348.4283904	1578	2	1	2	3	3	4	10
45000	14	1	355.2849905	422.1367954	1579	2	1	1	3	3	4	10
45000	15	1	404.2002535	416.856147	1578	1	2	2	3	3	4	10
45000	6	2	321.060816	342.0307929	2598	0	0	0	3	3	4	10
45000	7	2	367.2442219	332.2808166	2596	0	0	0	3	3	4	10
45000	12	2	335.7144509	384.3695568	2595	0	0	0	3	3	4	10
45000	13	2	389.87005	382.7281815	2601	0	0	0	3	3	4	10

50000	1	0	421.6109422	311.7337386	1645	0	2	0	3	2	8	13
50000	2	0	318.8388278	454.9023199	1638	2	0	0	3	2	8	13
50000	3	0	451.2725061	408.3600973	1644	1	1	0	3	2	8	13
50000	11	1	401.7604298	317.4216182	1582	2	1	1	3	2	8	13
50000	16	1	437.1589614	384.49905	1579	2	1	2	3	2	8	13
50000	6	2	308.4449153	342.2430663	2596	0	0	0	3	2	8	13
50000	7	2	359.3000384	317.7326162	2603	0	0	0	3	2	8	13
50000	12	2	341.2815272	366.4022368	2593	0	0	0	3	2	8	13
50000	13	2	401.1347709	363.1913747	2597	0	0	0	3	2	8	13
50000	18	2	309.9045787	409.2574067	2599	0	0	0	3	2	8	13
50000	19	2	363.3942197	406.5741811	2595	0	0	0	3	2	8	13
50000	20	2	366.3578582	454.7114792	2596	0	0	0	3	2	8	13
50000	21	2	407.3546646	424.6202776	2594	0	0	0	3	2	8	13

55000	2	0	303.4957317	446.120122	1640	2	0	0	4	4	8	16
55000	3	0	453.1859756	430.4341463	1640	0	2	1	4	4	8	16
55000	24	0	385.5425791	278.5170316	1644	0	2	1	4	4	8	16
55000	25	0	456.3919659	338.1558125	1643	0	2	2	4	4	8	16
55000	22	1	447.6778907	367.839263	1574	1	2	2	4	4	8	16
55000	23	1	432.7672796	428.1337984	1577	2	1	1	4	4	8	16
55000	26	1	364.4835651	296.1264223	1582	2	1	1	4	4	8	16
55000	27	1	416.6443038	318.2291139	1580	2	2	2	4	4	8	16
55000	6	2	306.5217057	345.8851325	2603	0	0	0	4	4	8	16
55000	7	2	361.939429	325.3499228	2592	0	0	0	4	4	8	16
55000	12	2	349.4275809	367.8586287	2596	0	0	0	4	4	8	16
55000	13	2	411.3450135	368.1825183	2597	0	0	0	4	4	8	16
55000	18	2	305.6016949	402.6417565	2596	0	0	0	4	4	8	16
55000	19	2	364.9322034	406.796225	2596	0	0	0	4	4	8	16
55000	20	2	351.5959985	451.1989227	2599	0	0	0	4	4	8	16
55000	21	2	401.8431599	428.7125241	2595	0	0	0	4	4	8	16

60000	3	0	467.7645985	440.1198297	1644	2	1	1	5	2	12	19
60000	24	0	389.4591961	264.3416565	1642	2	1	1	5	2	12	19
60000	25	0	461.7816302	332.86618	1644	0	2	2	5	2	12	19
60000	28	0	275.7851491	411.8606208	1643	3	0	1	5	2	12	19
60000	29	0	336.6062271	479.04884	1638	3	0	1	5	2	12	19
60000	22	1	458.3250951	366.9499366	1578	3	1	2	5	2	12	19
60000	27	1	411.9777778	293.7269841	1575	2	1	2	5	2	12	19
60000	6	2	299.0946518	346.4128511	2599	0	0	0	5	2	12	19
60000	7	2	405.6860779	332.5117624	2593	0	0	0	5	2	12	19
60000	12	2	353.1701964	361.7912977	2597	0	0	0	5	2	12	19
60000	13	2	418.2679537	377.3181467	2590	0	0	0	5	2	12	19
60000	18	2	302.3845266	398.100077	2598	0	0	0	5	2	12	19
60000	19	2	360.8106964	402.4998076	2599	0	0	0	5	2	12	19
60000	20	2	335.1366962	446.2637659	2597	0	0	0	5	2	12	19
60000	21	2	385.4427746	438.8620424	2595	0	0	0	5	2	12	19
60000	30	2	365.2240648	308.6571539	2593	0	0	0	5	2	12	19
60000	31	2	326.0181118	298.9888247	2595	0	0	0	5	2	12	19
60000	32	2	410.4234477	463.1658311	2593	0	0	0	5	2	12	19
60000	33	2	444.3776493	424.2100193	2595	0	0	0	5	2	12	19

65000	3	0	479.4031669	448.0225335	1642	1	2	2	8	6	12	26
65000	25	0	487.6394143	344.1433801	1639	0	3	2	8	6	12	26
65000	28	0	261.6774194	393.1625076	1643	3	0	2	8	6	12	26
65000	37	0	429.1555286	263.4866343	1646	0	2	2	8	6	12	26
65000	42	0	313.2531954	473.2446744	1643	2	0	2	8	6	12	26
65000	43	0	383.4899574	498.6877663	1643	2	0	2	8	6	12	26
65000	44	0	339.4597561	252.1506098	1640	0	2	2	8	6	12	26
65000	45	0	295.7071385	290.5747407	1639	2	1	2	8	6	12	26
65000	34	1	465.2769328	351.1102662	1578	2	2	1	8	6	12	26
65000	38	1	439.1573604	300.1637056	1576	2	2	2	8	6	12	26
65000	40	1	397.1111111	272.3365079	1575	1	2	2	8	6	12	26
65000	41	1	348.319797	275.2284264	1576	2	1	2	8	6	12	26
65000	46	1	466.0311111	433.1701587	1575	2	1	1	8	6	12	26
65000	47	1	476.7264091	394.630779	1579	2	2	2	8	6	12	26
65000	6	2	291.465896	354.5025048	2595	0	0	0	8	6	12	26
65000	7	2	419.7072889	337.8033166	2593	0	0	0	8	6	12	26
65000	12	2	357.712856	358.1620477	2598	0	0	0	8	6	12	26
65000	13	2	420.6733359	380.0577145	2599	0	0	0	8	6	12	26
65000	18	2	301.7015787	399.0723912	2597	0	0	0	8	6	12	26
65000	19	2	360.6715441	401.819407	2597	0	0	0	8	6	12	26
65000	20	2	323.1085033	441.7525972	2599	0	0	0	8	6	12	26
65000	21	2	370.100077	451.0442648	2598	0	0	0	8	6	12	26
65000	30	2	379.1335129	309.8106964	2599	0	0	0	8	6	12	26
65000	31	2	326.3265227	318.5647648	2594	0	0	0	8	6	12	26
65000	32	2	408.2359291	469.0840401	2594	0	0	0	8	6	12	26
65000	33	2	427.1149248	422.9143849	2593	0	0	0	8	6	12	26

70000	3	0	480.8429702	442.6153378	1643	0	2	2	8	6	12	26
70000	25	0	491.6546894	356.088916	1642	0	3	2	8	6	12	26
70000	28	0	264.6484185	392.8290754	1644	3	0	2	8	6	12	26
70000	37	0	432.031003	269.1592705	1645	0	2	2	8	6	12	26
70000	42	0	313.5912142	466.733374	1639	2	0	2	8	6	12	26
70000	43	0	395.2966565	501.0930091	1645	2	1	2	8	6	12	26
70000	44	0	348.001827	250.2588307	1642	0	2	2	8	6	12	26
70000	45	0	277.3538368	303.0742996	1642	1	1	2	8	6	12	26
70000	34	1	465.0095299	350.3208386	1574	2	2	1	8	6	12	26
70000	38	1	439.7025316	297.3177215	1580	2	2	2	8	6	12	26
70000	40	1	372.569981	265.5737809	1579	1	2	2	8	6	12	26
70000	41	1	305.4886076	295.3867089	1580	3	1	2	8	6	12	26
70000	46	1	435.0576679	473.9486692	1578	2	1	2	8	6	12	26
70000	47	1	474.9626582	402.4265823	1580	2	2	2	8	6	12	26
70000	6	2	295.6703889	354.9006546	2597	0	0	0	8	6	12	26
70000	7	2	419.9159923	327.2890173	2595	0	0	0	8	6	12	26
70000	12	2	363.6991525	355.9645609	2596	0	0	0	8	6	12	26
70000	13	2	425.2723765	372.7743056	2592	0	0	0	8	6	12	26
70000	18	2	307.6646106	395.1380108	2594	0	0	0	8	6	12	26
70000	19	2	375.3613251	400.7831279	2596	0	0	0	8	6	12	26
70000	20	2	325.96302	432.757319	2596	0	0	0	8	6	12	26
70000	21	2	363.861047	456.8137028	2598	0	0	0	8	6	12	26
70000	30	2	376.055106	298.2358382	2595	0	0	0	8	6	12	26
70000	31	2	332.6457692	319.9230769	2600	0	0	0	8	6	12	26
70000	32	2	407.6111111	456.2237654	2592	0	0	0	8	6	12	26
70000	33	2	435.4605314	417.309588	2597	0	0	0	8	6	12	26

75000	3	0	489.5374771	451.3107861	1641	0	1	2	9	9	14	32
75000	25	0	516.1243932	338.6553398	1648	0	2	2	9	9	14	32
75000	28	0	256.5851582	395.756691	1644	3	1	2	9	9	14	32
75000	37	0	441.6664638	253.2641509	1643	0	3	2	9	9	14	32
75000	42	0	316.7108947	478.7041996	1643	2	1	2	9	9	14	32
75000	43	0	415.4680463	507.9957395	1643	0	2	2	9	9	14	32
75000	44	0	347.8196222	237.2602072	1641	0	3	2	9	9	14	32
75000	45	0	266.7436054	297.1498173	1642	0	2	2	9	9	14	32
75000	56	0	505.1531915	406.8486322	1645	1	2	2	9	9	14	32
75000	40	1	360.1671944	257.4667511	1579	2	2	1	9	9	14	32
75000	46	1	410.0913126	489.7729867	1577	3	1	2	9	9	14	32
75000	50	1	496.1290323	376.2732448	1581	2	2	2	9	9	14	32
75000	52	1	408.5580216	264.2003805	1577	2	2	2	9	9	14	32
75000	54	1	487.660533	315.3692893	1576	1	2	2	9	9	14	32
75000	55	1	453.6911858	286.9391249	1577	2	2	1	9	9	14	32
75000	57	1	461.5462025	450.0816456	1580	2	2	3	9	9	14	32
75000	58	1	272.9860759	325.8310127	1580	2	1	2	9	9	14	32
75000	59	1	309.6835443	278.5164557	1580	1	2	2	9	9	14	32
75000	6	2	291.2982659	356.3402697	2595	0	0	0	9	9	14	32
75000	7	2	407.3910701	321.2498075	2598	0	0	0	9	9	14	32
75000	12	2	349.1992293	357.4034682	2595	0	0	0	9	9	14	32
75000	13	2	401.0069391	373.1449499	2594	0	0	0	9	9	14	32
75000	18	2	301.9387519	395.5215716	2596	0	0	0	9	9	14	32
75000	19	2	368.4847901	409.825568	2597	0	0	0	9	9	14	32
75000	20	2	316.7208317	433.8987293	2597	0	0	0	9	9	14	32
75000	21	2	353.2473077	467.31	2600	0	0	0	9	9	14	32
75000	30	2	375.743738	295.8381503	2595	0	0	0	9	9	14	32
75000	31	2	327.9961435	310.5561126	2593	0	0	0	9	9	14	32
75000	32	2	399.9533539	456.3199692	2594	0	0	0	9	9	14	32
75000	33	2	431.7225434	425.2531792	2595	0	0	0	9	9	14	32
75000	48	2	451.9125578	336.1490755	2596	0	0	0	9	9	14	32
75000	49	2	457.064305	382.3076627	2597	0	0	0	9	9	14	32

80000	3	0	470.7989031	477.464351	1641	0	2	2	9	14	14	37
80000	25	0	509.6940389	302.5322384	1644	0	3	1	9	14	14	37
80000	28	0	243.91479	384.321972	1643	0	2	2	9	14	14	37
80000	37	0	426.8689823	232.0438757	1641	0	3	1	9	14	14	37
80000	42	0	295.9702489	472.4408015	1647	1	2	2	9	14	14	37
80000	43	0	382.226691	513.5191956	1641	0	3	2	9	14	14	37
80000	44	0	325.6031553	231.7542476	1648	0	3	1	9	14	14	37
80000	45	0	254.7941535	293.9208283	1642	0	2	2	9	14	14	37
80000	56	0	522.4025579	394.4311815	1642	0	2	1	9	14	14	37
80000	40	1	369.868104	243.763475	1577	1	2	2	9	14	14	37
80000	50	1	506.3236225	365.8188727	1579	2	2	2	9	14	14	37
80000	52	1	411.9334601	255.7230672	1578	2	3	1	9	14	14	37
80000	54	1	491.1338832	320.0831218	1576	1	3	1	9	14	14	37
80000	57	1	484.4952502	430.6839772	1579	2	2	2	9	14	14	37
80000	58	1	264.5806452	388.2074636	1581	3	1	2	9	14	14	37
80000	60	1	333.2950508	481.6827411	1576	3	1	2	9	14	14	37
80000	62	1	444.5782141	290.3476884	1579	2	3	0	9	14	14	37
80000	63	1	464.7051363	270.7501585	1577	0	3	2	9	14	14	37
80000	64	1	329.6253968	262.6311111	1575	2	2	1	9	14	14	37
80000	66	1	291.5745891	272.6055626	1582	1	2	2	9	14	14	37
80000	67	1	267.4456384	321.8514539	1582	2	2	2	9	14	14	37
80000	68	1	401.4670469	492.6020279	1578	1	2	1	9	14	14	37
80000	69	1	442.4369854	472.8309056	1579	2	2	2	9	14	14	37
80000	6	2	295.9857363	347.8635312	2594	0	0	0	9	14	14	37
80000	7	2	409.1374663	315.1709665	2597	0	0	0	9	14	14	37
80000	12	2	356.2057011	349.9626348	2596	0	0	0	9	14	14	37
80000	13	2	411.8657176	368.6483263	2599	0	0	0	9	14	14	37
80000	18	2	310.0161787	391.2045455	2596	0	0	0	9	14	14	37
80000	19	2	375.3483622	397.8558767	2595	0	0	0	9	14	14	37
80000	20	2	310.1992293	431.3518304	2595	0	0	0	9	14	14	37
80000	21	2	354.9726608	445.5710435	2597	0	0	0	9	14	14	37
80000	30	2	371.7208317	288.8671544	2597	0	0	0	9	14	14	37
80000	31	2	324.9253272	310.1893764	2598	0	0	0	9	14	14	37
80000	32	2	395.470339	456.0165639	2596	0	0	0	9	14	14	37
80000	33	2	435.6538462	423.0538462	2600	0	0	0	9	14	14	37
80000	48	2	456.502501	339.7618315	2599	0	0	0	9	14	14	37
80000	49	2	468.8088632	389.4030829	2595	0	0	0	9	14	14	37

85000	3	0	473.8575776	491.2909312	1643	0	3	2	11	23	14	48
85000	25	0	529.222561	301.6396341	1640	0	3	1	11	23	14	48
85000	28	0	226.8333333	391.0754258	1644	0	3	1	11	23	14	48
85000	37	0	460.4464068	231.1254568	1642	0	2	2	11	23	14	48
85000	42	0	278.8428745	479.5645554	1642	0	3	1	11	23	14	48
85000	43	0	373.6878049	526.5060976	1640	0	3	1	11	23	14	48
85000	44	0	312.1623932	212.3241758	1638	0	4	2	11	23	14	48
85000	45	0	236.3973187	281.9811091	1641	0	4	1	11	23	14	48
85000	56	0	533.4203163	403.3753041	1644	0	3	1	11	23	14	48
85000	76	0	381.0885226	207.5	1638	0	1	2	11	23	14	48
85000	77	0	416.4896468	225.7825822	1642	0	2	2	11	23	14	48
85000	52	1	425.4391635	261.2661597	1578	2	3	2	11	23	14	48
85000	54	1	490.2153262	307.1101963	1579	1	4	1	11	23	14	48
85000	57	1	492.6609632	437.0361217	1578	2	2	2	11	23	14	48
85000	62	1	452.2653578	285.9366688	1579	2	3	0	11	23	14	48
85000	63	1	482.0871762	265.4523057	1583	0	3	2	11	23	14	48
85000	64	1	346.2366751	249.8585025	1576	2	2	1	11	23	14	48
85000	67	1	241.961319	353.2714014	1577	1	3	2	11	23	14	48
85000	69	1	459.478784	471.9100697	1579	2	2	1	11	23	14	48
85000	70	1	375.2008872	239.9455006	1578	1	2	3	11	23	14	48
85000	74	1	505.9771283	383.476493	1574	2	3	1	11	23	14	48
85000	78	1	421.411802	502.659264	1576	1	2	2	11	23	14	48
85000	79	1	377.0797468	499.7050633	1580	2	2	1	11	23	14	48
85000	81	1	317.4540266	253.6556753	1577	1	3	1	11	23	14	48
85000	82	1	283.0691186	243.6892834	1577	0	2	2	11	23	14	48
85000	83	1	284.3578214	278.9037365	1579	1	4	1	11	23	14	48
85000	84	1	268.2390892	436.4383302	1581	1	2	2	11	23	14	48
85000	85	1	259.8315389	398.9601013	1579	3	2	1	11	23	14	48
85000	86	1	531.785669	344.3557387	1577	0	3	2	11	23	14	48
85000	87	1	503.5126743	346.8466413	1578	1	3	0	11	23	14	48
85000	88	1	306.7745408	465.9354022	1579	2	2	1	11	23	14	48
85000	89	1	332.5233881	493.693426	1582	1	2	2	11	23	14	48
85000	90	1	271.6827411	324.2360406	1576	2	3	0	11	23	14	48
85000	91	1	253.0487034	304.085389	1581	0	3	1	11	23	14	48
85000	6	2	293.0381062	353.1562741	2598	0	0	0	11	23	14	48
85000	7	2	412.7604929	312.7250674	2597	0	0	0	11	23	14	48
85000	12	2	363.0154083	351.1124807	2596	0	0	0	11	23	14	48
85000	13	2	414.6967593	370.6246142	2592	0	0	0	11	23	14	48
85000	18	2	314.6096154	385.4911538	2600	0	0	0	11	23	14	48
85000	19	2	378.6094834	402.1869699	2594	0	0	0	11	23	14	48
85000	20	2	320.7852737	425.3596762	2594	0	0	0	11	23	14	48
85000	21	2	361.4010778	452.7844496	2598	0	0	0	11	23	14	48
85000	30	2	373.7210019	291.6631985	2595	0	0	0	11	23	14	48
85000	31	2	328.6228814	309.4395223	2596	0	0	0	11	23	14	48
85000	32	2	408.4513274	459.1081185	2599	0	0	0	11	23	14	48
85000	33	2	437.9376683	426.8191612	2599	0	0	0	11	23	14	48
85000	48	2	454.9549827	340.1931512	2599	0	0	0	11	23	14	48
85000	49	2	470.0327806	395.7562669	2593	0	0	0	11	23	14	48

90000	3	0	470.4360536	497.9457978	1642	0	4	2	12	27	14	53
90000	25	0	543.3051157	322.3611449	1642	0	3	2	12	27	14	53
90000	28	0	224.706886	397.2102377	1641	0	3	2	12	27	14	53
90000	37	0	492.723301	244.9241505	1648	0	2	2	12	27	14	53
90000	42	0	281.6723508	493.4859927	1642	0	3	2	12	27	14	53
90000	43	0	374.7766281	529.6755934	1643	0	3	2	12	27	14	53
90000	44	0	264.8243902	224.7292683	1640	0	3	2	12	27	14	53
90000	45	0	215.5411335	309.9140768	1641	0	3	2	12	27	14	53
90000	56	0	541.3577087	411.7172456	1641	0	3	2	12	27	14	53
90000	76	0	351.3860182	188.23769	1645	0	2	2	12	27	14	53
90000	77	0	435.0877514	215.2516758	1641	0	3	2	12	27	14	53
90000	94	0	371.5335775	228.1471306	1638	0	5	2	12	27	14	53
90000	52	1	424.6939163	248.8821293	1578	1	3	1	12	27	14	53
90000	54	1	495.8083491	294.2226439	1581	1	3	2	12	27	14	53
90000	62	1	448.8406072	281.457938	1581	3	3	0	12	27	14	53
90000	63	1	470.6907478	258.2934094	1578	0	3	2	12	27	14	53
90000	67	1	237.0759975	359.0493984	1579	1	3	2	12	27	14	53
90000	69	1	463.6153359	468.991128	1578	2	2	1	12	27	14	53
90000	70	1	386.3459836	243.8064516	1581	1	3	2	12	27	14	53
90000	74	1	517.3759494	384.4006329	1580	1	3	1	12	27	14	53
90000	78	1	427.8301648	501.7198986	1578	1	2	2	12	27	14	53
90000	79	1	379.8439672	506.5533797	1583	2	2	1	12	27	14	53
90000	81	1	330.9822222	273.3619048	1575	2	3	1	12	27	14	53
90000	83	1	284.0904491	288.5395319	1581	1	5	0	12	27	14	53
90000	84	1	265.3836398	430.0615092	1577	1	3	2	12	27	14	53
90000	85	1	262.2685244	397.8524383	1579	3	2	1	12	27	14	53
90000	86	1	531.3360759	352.1873418	1580	0	2	2	12	27	14	53
90000	87	1	503.2923272	329.9137603	1577	2	3	1	12	27	14	53
90000	89	1	333.0330159	497.1079365	1575	1	3	2	12	27	14	53
90000	90	1	268.05	326.9841772	1580	2	3	0	12	27	14	53
90000	91	1	241.7006975	307.1255549	1577	0	4	1	12	27	14	53
90000	92	1	296.6453452	247.229259	1579	0	4	2	12	27	14	53
90000	93	1	256.9695431	262.713198	1576	0	3	2	12	27	14	53
90000	96	1	280.7689873	464.5582278	1580	0	3	1	12	27	14	53
90000	97	1	316.5752212	464.0379267	1582	2	3	0	12	27	14	53
90000	98	1	317.3527549	221.0538315	1579	0	2	3	12	27	14	53
90000	99	1	356.8193304	216.4630449	1583	0	2	2	12	27	14	53
90000	100	1	509.3616213	431.5319823	1579	1	2	2	12	27	14	53
90000	101	1	483.2428843	432.9266287	1581	2	2	1	12	27	14	53
90000	6	2	292.7258375	353.7731998	2597	0	0	0	12	27	14	53
90000	7	2	412.6869465	316.1147478	2597	0	0	0	12	27	14	53
90000	12	2	365.4663332	351.2858792	2599	0	0	0	12	27	14	53
90000	13	2	418.3203547	371.2232074	2594	0	0	0	12	27	14	53
90000	18	2	319.4842065	383.949923	2596	0	0	0	12	27	14	53
90000	19	2	380.052348	403.4615089	2598	0	0	0	12	27	14	53
90000	20	2	324.916442	425.1648055	2597	0	0	0	12	27	14	53
90000	21	2	366.33	457.1080769	2600	0	0	0	12	27	14	53
90000	30	2	381.2764071	287.7220509	2594	0	0	0	12	27	14	53
90000	31	2	329.9518861	313.9438029	2598	0	0	0	12	27	14	53
90000	32	2	410.8829419	462.2187139	2597	0	0	0	12	27	14	53
90000	33	2	438.2027756	424.385505	2594	0	0	0	12	27	14	53
90000	48	2	457.5213544	333.0615621	2599	0	0	0	12	27	14	53
90000	49	2	472.3142087	381.2487486	2597	0	0	0	12	27	14	53

95000	3	0	462.3272395	515.7666057	1641	0	2	2	13	33	14	60
95000	25	0	547.7777778	292.5913783	1647	0	2	2	13	33	14	60
95000	28	0	222.1882998	417.0420475	1641	0	5	2	13	33	14	60
95000	37	0	504.5906326	242.2749392	1644	0	2	2	13	33	14	60
95000	42	0	285.0365186	504.4589166	1643	0	2	2	13	33	14	60
95000	43	0	370.7135893	532.4320536	1641	0	3	2	13	33	14	60
95000	44	0	245.6648418	233.7068127	1644	0	3	2	13	33	14	60
95000	45	0	205.0839927	315.6159464	1643	0	3	2	13	33	14	60
95000	56	0	528.1040146	451.1015815	1644	0	4	2	13	33	14	60
95000	76	0	322.8110571	186.2509113	1646	0	3	2	13	33	14	60
95000	77	0	457.9774528	207.9463742	1641	0	2	2	13	33	14	60
95000	94	0	407.5072993	193.2560827	1644	0	3	2	13	33	14	60
95000	104	0	563.5441266	373.7912355	1643	0	3	2	13	33	14	60
95000	52	1	427.5874525	238.1653992	1578	1	3	2	13	33	14	60
95000	54	1	499.4898734	285.4120253	1580	1	4	2	13	33	14	60
95000	62	1	450.1240506	272.4208861	1580	3	3	0	13	33	14	60
95000	63	1	471.9093215	249.2606214	1577	0	3	2	13	33	14	60
95000	67	1	227.5722433	343.2693283	1578	0	3	2	13	33	14	60
95000	70	1	389.8845178	236.0678934	1576	1	4	1	13	33	14	60
95000	78	1	418.6111463	508.7118429	1579	1	3	2	13	33	14	60
95000	79	1	374.2032932	505.6440785	1579	2	2	1	13	33	14	60
95000	81	1	331.3753165	257.1329114	1580	2	5	0	13	33	14	60
95000	83	1	287.8051866	285.6685642	1581	2	5	0	13	33	14	60
95000	84	1	270.6975269	437.0152188	1577	1	4	1	13	33	14	60
95000	87	1	497.0956301	326.5174161	1579	2	4	0	13	33	14	60
95000	89	1	331.6442613	500.5180723	1577	1	3	2	13	33	14	60
95000	90	1	263.9176172	322.2446134	1578	1	4	0	13	33	14	60
95000	91	1	237.7051363	296.8528852	1577	0	4	1	13	33	14	60
95000	92	1	287.6119214	245.6772353	1577	0	4	1	13	33	14	60
95000	93	1	249.8085913	261.8269109	1583	0	3	2	13	33	14	60
95000	96	1	280.3014566	473.3058898	1579	0	3	2	13	33	14	60
95000	97	1	313.150095	465.9784674	1579	2	3	0	13	33	14	60
95000	98	1	307.6291139	218.0259494	1580	0	3	2	13	33	14	60
95000	100	1	503.5953135	422.7327422	1579	1	3	1	13	33	14	60
95000	101	1	485.008872	447.5171103	1578	2	3	1	13	33	14	60
95000	102	1	373.269499	203.2644261	1577	0	2	2	13	33	14	60
95000	103	1	346.1712112	221.2752061	1577	0	4	1	13	33	14	60
95000	106	1	532.6326142	400.839467	1576	0	3	2	13	33	14	60
95000	107	1	500.9550348	374.7682077	1579	1	4	0	13	33	14	60
95000	108	1	532.5623813	316.9360355	1579	0	3	2	13	33	14	60
95000	109	1	535.2341772	357.5139241	1580	0	4	1	13	33	14	60
95000	110	1	469.1747942	484.6022799	1579	0	3	2	13	33	14	60
95000	111	1	443.2831858	468.9690265	1582	2	3	0	13	33	14	60
95000	112	1	242.7059569	370.4993663	1578	1	4	1	13	33	14	60
95000	114	1	279.5288523	390.560558	1577	3	3	0	13	33	14	60
95000	115	1	248.1911111	406.9993651	1575	0	3	1	13	33	14	60
95000	6	2	299.612182	342.9352352	2594	0	0	0	13	33	14	60
95000	7	2	412.2226502	306.5728043	2596	0	0	0	13	33	14	60
95000	12	2	365.8625866	340.0996921	2598	0	0	0	13	33	14	60
95000	13	2	414.9568401	362.0346821	2595	0	0	0	13	33	14	60
95000	18	2	330.2929838	379.1387818	2594	0	0	0	13	33	14	60
95000	19	2	382.3324345	401.3447612	2596	0	0	0	13	33	14	60
95000	20	2	324.7288136	423.1552388	2596	0	0	0	13	33	14	60
95000	21	2	360.8805225	455.3492124	2603	0	0	0	13	33	14	60
95000	30	2	379.8242983	277.4117647	2601	0	0	0	13	33	14	60
95000	31	2	331.6002313	303.2235929	2594	0	0	0	13	33	14	60
95000	32	2	404.6326531	458.6157104	2597	0	0	0	13	33	14	60
95000	33	2	436.2309175	416.9764842	2594	0	0	0	13	33	14	60
95000	48	2	455.7550077	321.0265794	2596	0	0	0	13	33	14	60
95000	49	2	465.6310119	380.452097	2599	0	0	0	13	33	14	60

100000	3	0	460.5935601	521.5631835	1646	0	2	2	13	36	14	63
100000	25	0	561.4814364	312.9677419	1643	0	2	2	13	36	14	63
100000	28	0	227.4118005	427.0650852	1644	0	4	1	13	36	14	63
100000	37	0	517.2243161	256.1173252	1645	0	3	2	13	36	14	63
100000	42	0	281.5932927	508.8280488	1640	0	3	1	13	36	14	63
100000	43	0	375.8619221	540.7627737	1644	0	4	2	13	36	14	63
100000	44	0	235.7483283	243.7258359	1645	0	4	2	13	36	14	63
100000	45	0	198.1713244	334.4100851	1646	0	3	2	13	36	14	63
100000	56	0	524.6181486	463.453106	1642	0	4	2	13	36	14	63
100000	76	0	319.9579268	184.9036585	1640	0	4	2	13	36	14	63
100000	77	0	463.6383495	211.3713592	1648	0	2	2	13	36	14	63
100000	94	0	410.2869301	179.2504559	1645	0	2	2	13	36	14	63
100000	104	0	569.3268411	381.2818016	1643	0	2	2	13	36	14	63
100000	52	1	428.1101963	228.9854338	1579	1	4	2	13	36	14	63
100000	54	1	497.2175016	286.8002536	1577	1	4	1	13	36	14	63
100000	62	1	448.0570342	267.2775665	1578	3	3	0	13	36	14	63
100000	63	1	474.5104364	249.3010753	1581	0	3	2	13	36	14	63
100000	67	1	222.793038	334.9879747	1580	0	3	1	13	36	14	63
100000	70	1	385.1288889	239.8355556	1575	1	5	0	13	36	14	63
100000	78	1	427.6006329	510.921519	1580	0	3	2	13	36	14	63
100000	81	1	328.6049461	257.98922	1577	2	5	0	13	36	14	63
100000	83	1	290.1290323	288.2770398	1581	2	5	0	13	36	14	63
100000	84	1	274.6021505	430.0449083	1581	1	4	1	13	36	14	63
100000	87	1	502.7926443	332.5428028	1577	2	4	0	13	36	14	63
100000	89	1	316.429475	490.6710942	1581	1	4	1	13	36	14	63
100000	90	1	260.4026633	332.3684211	1577	1	5	0	13	36	14	63
100000	91	1	235.8708861	297.4753165	1580	0	4	2	13	36	14	63
100000	92	1	281.0594937	246.3056962	1580	0	4	1	13	36	14	63
100000	93	1	254.6480305	268.1486658	1574	0	3	1	13	36	14	63
100000	96	1	270.7949367	472.8879747	1580	0	3	2	13	36	14	63
100000	97	1	303.6920635	456.7530159	1575	2	3	0	13	36	14	63
100000	98	1	296.0683544	218.9664557	1580	0	3	2	13	36	14	63
100000	100	1	503.1314791	423.8015171	1582	2	3	1	13	36	14	63
100000	101	1	487.6142132	450.661802	1576	1	3	1	13	36	14	63
100000	103	1	334.4358001	220.5218216	1581	0	4	1	13	36	14	63
100000	106	1	537.4575949	409.2778481	1580	0	3	2	13	36	14	63
100000	107	1	514.0379987	376.2146928	1579	1	4	0	13	36	14	63
100000	108	1	531.5753165	311.0556962	1580	0	3	2	13	36	14	63
100000	109	1	545.6318124	356.3219265	1578	0	4	2	13	36	14	63
100000	110	1	474.4696203	484.8873418	1580	0	3	2	13	36	14	63
100000	111	1	443.8173748	467.8357641	1577	2	4	0	13	36	14	63
100000	112	1	232.5107595	372.6601266	1580	0	4	2	13	36	14	63
100000	114	1	276.8431373	380.2118912	1581	3	4	0	13	36	14	63
100000	115	1	248.3155556	405.7803175	1575	0	3	1	13	36	14	63
100000	116	1	363.3010753	207.4750158	1581	0	3	1	13	36	14	63
100000	117	1	391.3496193	195.3483503	1576	0	3	2	13	36	14	63
100000	118	1	399.4001268	495.1572606	1577	2	3	1	13	36	14	63
100000	120	1	341.3489848	516.3540609	1576	0	2	2	13	36	14	63
100000	121	1	366.7703985	498.5787476	1581	1	3	1	13	36	14	63
100000	6	2	301.6328968	336.4233436	2596	0	0	0	13	36	14	63
100000	7	2	419.2472994	303.3329475	2592	0	0	0	13	36	14	63
100000	12	2	372.1391772	336.2937332	2601	0	0	0	13	36	14	63
100000	13	2	423.1285604	359.9076212	2598	0	0	0	13	36	14	63
100000	18	2	327.8943716	374.539707	2594	0	0	0	13	36	14	63
100000	19	2	382.1111966	391.8453251	2599	0	0	0	13	36	14	63
100000	20	2	326.4680277	417.1956857	2596	0	0	0	13	36	14	63
100000	21	2	360.3963063	450.9195845	2599	0	0	0	13	36	14	63
100000	30	2	384.8408916	276.1179862	2602	0	0	0	13	36	14	63
100000	31	2	337.2442219	301.8898305	2596	0	0	0	13	36	14	63
100000	32	2	407.5735181	443.973826	2598	0	0	0	13	36	14	63
100000	33	2	441.8025404	414.3883757	2598	0	0	0	13	36	14	63
100000	48	2	462.6840077	321.9094412	2595	0	0	0	13	36	14	63
100000	49	2	472.9341548	379.3723527	2597	0	0	0	13	36	14	63

105000	3	0	455.4051095	523.3290754	1644	0	2	2	13	36	14	63
105000	25	0	561.3506098	308.3926829	1640	0	2	2	13	36	14	63
105000	28	0	227.7268856	431.2591241	1644	0	4	2	13	36	14	63
105000	37	0	517.6021898	251.4829684	1644	0	3	2	13	36	14	63
105000	42	0	285.2143291	509.9350334	1647	0	3	2	13	36	14	63
105000	43	0	374.8621736	542.1159684	1647	0	4	2	13	36	14	63
105000	44	0	238.0785149	246.3256239	1643	0	4	2	13	36	14	63
105000	45	0	199.6993902	335.4262195	1640	0	3	2	13	36	14	63
105000	56	0	521.1440729	461.4826748	1645	0	4	2	13	36	14	63
105000	76	0	309.045676	189.7771011	1642	0	3	2	13	36	14	63
105000	77	0	459.1681901	202.4472882	1641	0	3	2	13	36	14	63
105000	94	0	399.022561	174.0786585	1640	0	2	2	13	36	14	63
105000	104	0	567.0885922	386.714199	1648	0	2	2	13	36	14	63
105000	52	1	427.6700443	233.9664345	1579	1	4	1	13	36	14	63
105000	54	1	494.9149746	279.8445431	1576	1	4	1	13	36	14	63
105000	62	1	452.1998727	267.4245703	1571	3	3	0	13	36	14	63
105000	63	1	469.5573874	238.478123	1577	0	3	2	13	36	14	63
105000	67	1	227.5465484	333.160228	1579	0	3	1	13	36	14	63
105000	70	1	375.7398734	238.2601266	1580	1	5	0	13	36	14	63
105000	78	1	426.8100063	507.9050032	1579	0	3	2	13	36	14	63
105000	81	1	332.8071066	255.7595178	1576	2	5	0	13	36	14	63
105000	83	1	295.2008872	290.2756654	1578	2	4	0	13	36	14	63
105000	84	1	272.091197	429.4167194	1579	1	4	1	13	36	14	63
105000	87	1	513.8044304	333.1006329	1580	2	4	0	13	36	14	63
105000	89	1	322.7037975	492.414557	1580	1	4	1	13	36	14	63
105000	90	1	264.0379507	334.2928526	1581	1	6	0	13	36	14	63
105000	91	1	232.5607595	295.3398734	1580	0	3	2	13	36	14	63
105000	92	1	280.2390615	250.2714014	1577	0	4	1	13	36	14	63
105000	93	1	260.2677665	278.4016497	1576	0	4	1	13	36	14	63
105000	96	1	272.5186591	469.6755218	1581	0	3	2	13	36	14	63
105000	97	1	304.709943	460.3578214	1579	2	3	0	13	36	14	63
105000	98	1	296.4648512	224.6092464	1579	0	3	2	13	36	14	63
105000	100	1	501.3764259	420.2680608	1578	2	3	1	13	36	14	63
105000	101	1	487.6586447	450.6890437	1579	1	3	1	13	36	14	63
105000	103	1	334.3713561	214.7490494	1578	0	4	1	13	36	14	63
105000	106	1	535.2270133	404.5180723	1577	0	3	2	13	36	14	63
105000	107	1	514.4746515	375.3852978	1578	1	4	0	13	36	14	63
105000	108	1	525.9130711	301.3540609	1576	0	3	2	13	36	14	63
105000	109	1	550.1977114	351.0152575	1573	0	4	2	13	36	14	63
105000	110	1	469.314557	485.8221519	1580	0	3	2	13	36	14	63
105000	111	1	443.5614702	463.1844106	1578	2	4	0	13	36	14	63
105000	112	1	230.3667513	373.2741117	1576	0	4	2	13	36	14	63
105000	114	1	277.2287706	382.0747782	1578	3	4	0	13	36	14	63
105000	115	1	246.4254914	404.0310717	1577	0	3	1	13	36	14	63
105000	116	1	367.8955035	198.6972768	1579	0	3	2	13	36	14	63
105000	117	1	407.6903553	206.1027919	1576	0	3	2	13	36	14	63
105000	118	1	397.7067764	491.7321089	1579	2	3	1	13	36	14	63
105000	120	1	337.9790742	523.4787571	1577	0	2	2	13	36	14	63
105000	121	1	368.8820545	503.9264426	1577	1	3	1	13	36	14	63
105000	6	2	307.4418784	336.9318707	2598	0	0	0	13	36	14	63
105000	7	2	423.9048536	304.6779661	2596	0	0	0	13	36	14	63
105000	12	2	372.1133385	337.8454125	2594	0	0	0	13	36	14	63
105000	13	2	420.8855491	357.6026975	2595	0	0	0	13	36	14	63
105000	18	2	324.5599229	377.382659	2595	0	0	0	13	36	14	63
105000	19	2	379.4913295	392.7552987	2595	0	0	0	13	36	14	63
105000	20	2	326.9580285	420.8117058	2597	0	0	0	13	36	14	63
105000	21	2	360.4632551	452.8803386	2599	0	0	0	13	36	14	63
105000	30	2	389.2816468	275.7095037	2599	0	0	0	13	36	14	63
105000	31	2	341.8026923	299.4430769	2600	0	0	0	13	36	14	63
105000	32	2	408.6075414	440.1173528	2599	0	0	0	13	36	14	63
105000	33	2	443.1072664	410.1257209	2601	0	0	0	13	36	14	63
105000	48	2	468.3332049	320.9472265	2596	0	0	0	13	36	14	63
105000	49	2	472.5538876	374.6836028	2598	0	0	0	13	36	14	63

110000	3	0	459.2445388	524.0521845	1648	0	2	2	13	36	14	63
110000	25	0	554.253949	309.718712	1646	0	2	2	13	36	14	63
110000	28	0	227.3171029	435.125989	1643	0	4	2	13	36	14	63
110000	37	0	517.4227494	246.6040146	1644	0	3	2	13	36	14	63
110000	42	0	287.2981707	510.8006098	1640	0	3	2	13	36	14	63
110000	43	0	371.3702801	540.452497	1642	0	4	2	13	36	14	63
110000	44	0	234.4310976	253.3042683	1640	0	4	2	13	36	14	63
110000	45	0	201.2783191	339.3915956	1642	0	3	2	13	36	14	63
110000	56	0	522.1008505	462.3985419	1646	0	4	2	13	36	14	63
110000	76	0	303.3673966	191.622871	1644	0	3	2	13	36	14	63
110000	77	0	458.8293868	200.273224	1647	0	3	2	13	36	14	63
110000	94	0	386.5859756	170.95	1640	0	2	2	13	36	14	63
110000	104	0	565.2041312	388.5479951	1646	0	2	2	13	36	14	63
110000	52	1	426.4021601	229.3703939	1574	2	4	1	13	36	14	63
110000	54	1	492.0082487	279.3527919	1576	1	4	1	13	36	14	63
110000	62	1	450.6178707	260.5652725	1578	2	3	0	13	36	14	63
110000	63	1	472.6835123	238.5034744	1583	0	3	2	13	36	14	63
110000	67	1	229.8886781	336.0082226	1581	0	3	1	13	36	14	63
110000	70	1	378.0892405	234.4563291	1580	1	5	0	13	36	14	63
110000	78	1	423.7549082	517.5243825	1579	0	3	2	13	36	14	63
110000	81	1	331.071746	254.9644444	1575	2	5	0	13	36	14	63
110000	83	1	297.8426396	290.7772843	1576	2	4	0	13	36	14	63
110000	84	1	270.4705136	423.9518072	1577	1	4	1	13	36	14	63
110000	87	1	505.4765823	329.4246835	1580	2	4	0	13	36	14	63
110000	89	1	313.1441214	486.5429836	1582	1	4	1	13	36	14	63
110000	90	1	270.3998733	333.4043093	1578	1	6	0	13	36	14	63
110000	91	1	238.3198227	301.8157061	1579	0	3	2	13	36	14	63
110000	92	1	278.3101266	251.9164557	1580	0	4	1	13	36	14	63
110000	93	1	258.7908745	278.8726236	1578	0	4	1	13	36	14	63
110000	96	1	270.7897403	466.2178594	1579	0	3	2	13	36	14	63
110000	97	1	301.6219126	450.4053198	1579	2	3	0	13	36	14	63
110000	98	1	296.3850538	223.1450285	1579	0	3	2	13	36	14	63
110000	100	1	500.160228	417.1082964	1579	2	3	1	13	36	14	63
110000	101	1	488.4562738	450.409379	1578	1	3	1	13	36	14	63
110000	103	1	336.3662239	218.5338393	1581	0	4	1	13	36	14	63
110000	106	1	537.590621	409.9252218	1578	0	3	2	13	36	14	63
110000	107	1	513.1006329	378.006962	1580	1	4	0	13	36	14	63
110000	108	1	525.0438374	296.6632783	1574	0	3	2	13	36	14	63
110000	109	1	539.7059569	351.9727503	1578	0	4	2	13	36	14	63
110000	110	1	472.5737809	487.1982267	1579	0	3	2	13	36	14	63
110000	111	1	443.108365	471.630545	1578	2	4	0	13	36	14	63
110000	112	1	229.1456618	373.2254592	1579	0	4	2	13	36	14	63
110000	114	1	276.5250794	378.8025397	1575	3	4	0	13	36	14	63
110000	115	1	244.2742857	403.248254	1575	0	3	1	13	36	14	63
110000	116	1	363.4500632	195.1055626	1582	0	3	2	13	36	14	63
110000	117	1	407.4651458	202.3346008	1578	0	3	2	13	36	14	63
110000	118	1	400.3662239	494.9917774	1581	2	3	1	13	36	14	63
110000	120	1	335.5217666	517.5589905	1585	0	2	2	13	36	14	63
110000	121	1	363.3449809	499.0057179	1574	1	3	1	13	36	14	63
110000	6	2	312.1117965	339.267155	2594	0	0	0	13	36	14	63
110000	7	2	425.6356291	297.5140439	2599	0	0	0	13	36	14	63
110000	12	2	374.7236336	337.5265589	2598	0	0	0	13	36	14	63
110000	13	2	419.4146435	357.711368	2595	0	0	0	13	36	14	63
110000	18	2	335.2159353	377.843341	2598	0	0	0	13	36	14	63
110000	19	2	386.6977641	397.3215112	2594	0	0	0	13	36	14	63
110000	20	2	326.5283019	418.0600693	2597	0	0	0	13	36	14	63
110000	21	2	360.7529865	455.1803468	2595	0	0	0	13	36	14	63
110000	30	2	386.8777949	274.9529684	2594	0	0	0	13	36	14	63
110000	31	2	343.2928049	297.5521354	2599	0	0	0	13	36	14	63
110000	32	2	409.9425598	445.0871241	2594	0	0	0	13	36	14	63
110000	33	2	447.6329746	416.330515	2602	0	0	0	13	36	14	63
110000	48	2	464.0820809	321.900578	2595	0	0	0	13	36	14	63
110000	49	2	468.329226	374.0115518	2597	0	0	0	13	36	14	63

115000	3	0	456.5145808	529.0012151	1646	0	2	2	13	37	14	64
115000	25	0	559.5888078	311.5881995	1644	0	2	2	13	37	14	64
115000	28	0	224.5598057	438.6114147	1647	0	4	1	13	37	14	64
115000	37	0	523.2002442	250.010989	1638	0	3	2	13	37	14	64
115000	42	0	280.7321538	509.5387431	1639	0	3	2	13	37	14	64
115000	43	0	371.3684531	544.138246	1642	0	4	2	13	37	14	64
115000	44	0	234.7758831	252.4257004	1642	0	4	2	13	37	14	64
115000	45	0	201.763382	342.3193431	1644	0	3	1	13	37	14	64
115000	56	0	519.9166159	463.509434	1643	0	4	2	13	37	14	64
115000	76	0	303.496039	191.2620353	1641	0	3	2	13	37	14	64
115000	77	0	458.7809466	202.0461165	1648	0	3	2	13	37	14	64
115000	94	0	382.4503352	170.5100548	1641	0	2	2	13	37	14	64
115000	104	0	561.6620061	395.1306991	1645	0	2	2	13	37	14	64
115000	52	1	430.4863838	233.6947435	1579	1	4	1	13	37	14	64
115000	54	1	495.7858048	276.0069708	1578	1	4	1	13	37	14	64
115000	62	1	452.6455295	264.4343691	1577	3	3	0	13	37	14	64
115000	63	1	479.1532616	238.8765041	1579	0	3	2	13	37	14	64
115000	67	1	241.9911336	343.7979734	1579	0	4	1	13	37	14	64
115000	70	1	378.9701587	230.5714286	1575	1	5	0	13	37	14	64
115000	78	1	426.8522511	513.373494	1577	0	4	2	13	37	14	64
115000	81	1	331.192137	254.7184528	1577	2	5	0	13	37	14	64
115000	83	1	296.9556962	286.8329114	1580	2	4	0	13	37	14	64
115000	84	1	266.3500317	423.3690552	1577	1	4	1	13	37	14	64
115000	87	1	508.2140595	329.5003167	1579	2	4	0	13	37	14	64
115000	89	1	316.42821	476.6419987	1581	1	5	1	13	37	14	64
115000	90	1	272.4740506	324.1259494	1580	1	5	0	13	37	14	64
115000	91	1	229.8161065	305.3677869	1577	0	3	2	13	37	14	64
115000	92	1	277.119696	249.490817	1579	0	4	1	13	37	14	64
115000	93	1	256.7637745	280.5478151	1579	0	4	1	13	37	14	64
115000	96	1	263.8695377	465.1234959	1579	0	3	2	13	37	14	64
115000	97	1	296.1622307	446.8643853	1578	2	3	0	13	37	14	64
115000	98	1	297.483871	223.2890576	1581	0	3	2	13	37	14	64
115000	100	1	501.7214467	426	1576	2	3	1	13	37	14	64
115000	101	1	483.1070976	452.4588086	1578	1	3	1	13	37	14	64
115000	103	1	336.4971609	215.8025237	1585	0	4	1	13	37	14	64
115000	106	1	532.8176061	400.0962635	1579	0	3	2	13	37	14	64
115000	107	1	510.8739709	378.9955668	1579	1	4	0	13	37	14	64
115000	108	1	527.1856781	300.0538657	1578	0	3	2	13	37	14	64
115000	109	1	545.4157661	350.0025429	1573	0	4	2	13	37	14	64
115000	110	1	475.0417722	493.1765823	1580	0	3	2	13	37	14	64
115000	111	1	447.2409867	469.0948767	1581	2	4	0	13	37	14	64
115000	112	1	225.9568802	375.082435	1577	0	3	2	13	37	14	64
115000	114	1	277.7481013	372.4981013	1580	3	5	0	13	37	14	64
115000	115	1	244.3598988	403.1340923	1581	0	3	1	13	37	14	64
115000	116	1	365.1374288	194.2672578	1579	0	3	2	13	37	14	64
115000	117	1	412.8352345	203.3377693	1578	0	3	2	13	37	14	64
115000	118	1	404.1597971	489.1794547	1577	2	3	0	13	37	14	64
115000	121	1	372.0405834	501.6062143	1577	1	4	1	13	37	14	64
115000	122	1	348.6550633	516.5297468	1580	0	3	1	13	37	14	64
115000	123	1	316.0227848	514.5044304	1580	0	2	2	13	37	14	64
115000	6	2	317.7959184	333.8309588	2597	0	0	0	13	37	14	64
115000	7	2	421.3248555	301.6192678	2595	0	0	0	13	37	14	64
115000	12	2	378.0690054	340.7151118	2594	0	0	0	13	37	14	64
115000	13	2	425.1458814	360.6127791	2598	0	0	0	13	37	14	64
115000	18	2	332.2236791	374.2148091	2593	0	0	0	13	37	14	64
115000	19	2	381.3376923	398.1176923	2600	0	0	0	13	37	14	64
115000	20	2	322.1305855	415.0396764	2596	0	0	0	13	37	14	64
115000	21	2	360.748074	452.6683359	2596	0	0	0	13	37	14	64
115000	30	2	389.5032781	270.6683378	2593	0	0	0	13	37	14	64
115000	31	2	346.1528687	294.0227185	2597	0	0	0	13	37	14	64
115000	32	2	410.3637765	442.1903661	2595	0	0	0	13	37	14	64
115000	33	2	445.0940632	412.1407093	2594	0	0	0	13	37	14	64
115000	48	2	463.6583205	316.4599384	2596	0	0	0	13	37	14	64
115000	49	2	475.0736315	369.3141866	2594	0	0	0	13	37	14	64

120000	3	0	457.5054811	526.7070646	1642	0	2	2	13	37	14	64
120000	25	0	564.465003	313.7218503	1643	0	2	2	13	37	14	64
120000	28	0	224.6751825	431.7354015	1644	0	4	2	13	37	14	64
120000	37	0	514.4466789	242.559415	1641	0	3	2	13	37	14	64
120000	42	0	277.2414634	509.0786585	1640	0	2	2	13	37	14	64
120000	43	0	366.0146074	544.1545953	1643	0	4	2	13	37	14	64
120000	44	0	231.5619684	257.63548	1646	0	4	2	13	37	14	64
120000	45	0	200.0518293	340.2847561	1640	0	2	2	13	37	14	64
120000	56	0	519.2553191	461.2607903	1645	0	4	2	13	37	14	64
120000	76	0	289.0882532	195.5356056	1643	0	2	2	13	37	14	64
120000	77	0	452.5414129	194.7174178	1642	0	3	2	13	37	14	64
120000	94	0	372.2408981	172.157767	1648	0	3	2	13	37	14	64
120000	104	0	560.3357664	392.4811436	1644	0	2	2	13	37	14	64
120000	52	1	429.5799492	230.2189086	1576	1	4	1	13	37	14	64
120000	54	1	498.7542857	277.2057143	1575	1	4	1	13	37	14	64
120000	62	1	454.3362832	262.6321113	1582	3	3	0	13	37	14	64
120000	63	1	475.4490829	236.7248577	1581	0	3	2	13	37	14	64
120000	67	1	253.1526282	354.1076631	1579	0	5	0	13	37	14	64
120000	70	1	371.3081321	233.5279543	1574	2	5	0	13	37	14	64
120000	78	1	425.8509829	516.4356373	1577	0	4	2	13	37	14	64
120000	81	1	321.2055838	248.9060914	1576	1	5	0	13	37	14	64
120000	83	1	298.1334598	286.5521822	1581	2	4	0	13	37	14	64
120000	84	1	264.7230672	424.0278834	1578	1	4	1	13	37	14	64
120000	87	1	508.6858771	325.6320456	1579	2	4	0	13	37	14	64
120000	89	1	330.3084231	477.7384421	1579	1	5	0	13	37	14	64
120000	90	1	276.5335019	323.9336283	1582	1	5	0	13	37	14	64
120000	91	1	232.0234623	316.8116677	1577	0	4	2	13	37	14	64
120000	92	1	271.7503161	254.0442478	1582	0	4	1	13	37	14	64
120000	93	1	254.6010133	285.9227359	1579	0	4	1	13	37	14	64
120000	96	1	273.1772152	469.6126582	1580	0	4	2	13	37	14	64
120000	97	1	295.7915082	444.7110266	1578	2	3	0	13	37	14	64
120000	98	1	291.2833545	222.388183	1574	0	3	2	13	37	14	64
120000	100	1	499.1827957	418.4326376	1581	2	3	1	13	37	14	64
120000	101	1	484.6411392	452.3316456	1580	1	3	1	13	37	14	64
120000	103	1	330.8234177	206.5088608	1580	0	4	2	13	37	14	64
120000	106	1	531.3759494	403.8474684	1580	0	3	2	13	37	14	64
120000	107	1	510.1265022	370.1612903	1581	1	4	0	13	37	14	64
120000	108	1	533.4626582	300.0740506	1580	0	3	2	13	37	14	64
120000	109	1	544.6267427	351.6197719	1578	0	4	2	13	37	14	64
120000	110	1	473.6696203	490.1265823	1580	0	3	2	13	37	14	64
120000	111	1	442.4127686	470.5537295	1582	2	4	0	13	37	14	64
120000	112	1	219.094697	370.0284091	1584	0	3	2	13	37	14	64
120000	114	1	282.798229	376.7065149	1581	3	4	0	13	37	14	64
120000	115	1	243.4149273	400.345351	1581	0	4	1	13	37	14	64
120000	116	1	368.2239089	199.2624921	1581	0	3	1	13	37	14	64
120000	117	1	412.0749206	203.215873	1575	0	3	2	13	37	14	64
120000	118	1	403.7883397	489.0025349	1578	2	3	0	13	37	14	64
120000	121	1	377.278129	506.3381795	1582	1	4	1	13	37	14	64
120000	122	1	344.7259494	517.7202532	1580	0	3	1	13	37	14	64
120000	123	1	308.6085025	505.8312183	1576	0	3	2	13	37	14	64
120000	6	2	321.7797459	329.6958028	2597	0	0	0	13	37	14	64
120000	7	2	423.9182414	303.1249518	2593	0	0	0	13	37	14	64
120000	12	2	378.5050038	332.1224018	2598	0	0	0	13	37	14	64
120000	13	2	422.6497306	362.0600462	2598	0	0	0	13	37	14	64
120000	18	2	336.3240955	370.0327175	2598	0	0	0	13	37	14	64
120000	19	2	383.2693642	395.7487476	2595	0	0	0	13	37	14	64
120000	20	2	322.4332436	411.9107349	2599	0	0	0	13	37	14	64
120000	21	2	357.6172175	448.876249	2602	0	0	0	13	37	14	64
120000	30	2	395.3965385	268.3238462	2600	0	0	0	13	37	14	64
120000	31	2	347.4653313	283.5731895	2596	0	0	0	13	37	14	64
120000	32	2	407.5510597	441.183815	2595	0	0	0	13	37	14	64
120000	33	2	447.1526012	415.904817	2595	0	0	0	13	37	14	64
120000	48	2	466.3066256	314.3732666	2596	0	0	0	13	37	14	64
120000	49	2	471.2061538	369.9757692	2600	0	0	0	13	37	14	64

125000	3	0	454.8421694	528.4996953	1641	0	2	2	13	37	14	64
125000	25	0	561.454435	327.136695	1646	0	2	2	13	37	14	64
125000	28	0	224.4027947	436.4289186	1646	0	4	2	13	37	14	64
125000	37	0	517.5276932	248.5496044	1643	0	3	2	13	37	14	64
125000	42	0	282.8088862	515.923311	1643	0	3	2	13	37	14	64
125000	43	0	363.9446135	544.4698722	1643	0	3	2	13	37	14	64
125000	44	0	223.9659781	269.6221142	1646	0	3	2	13	37	14	64
125000	45	0	198.679659	358.2503045	1642	0	2	2	13	37	14	64
125000	56	0	519.6682897	465.1326841	1643	0	4	2	13	37	14	64
125000	76	0	282.1506098	199.4506098	1640	0	3	2	13	37	14	64
125000	77	0	445.0566382	192.8386114	1642	0	3	2	13	37	14	64
125000	94	0	363.2067073	174.5682927	1640	0	3	2	13	37	14	64
125000	104	0	562.9652439	391.3432927	1640	0	2	2	13	37	14	64
125000	52	1	432.6413181	227.6913815	1578	1	4	1	13	37	14	64
125000	54	1	501.0924636	278.5845472	1579	1	4	1	13	37	14	64
125000	62	1	453.821406	260.1507283	1579	3	3	0	13	37	14	64
125000	63	1	476.5540797	236.714105	1581	0	3	2	13	37	14	64
125000	67	1	259.4689086	358.2201777	1576	0	5	0	13	37	14	64
125000	70	1	369.1219204	235.9488313	1583	2	5	0	13	37	14	64
125000	78	1	425.2693283	516.8846641	1578	0	4	2	13	37	14	64
125000	81	1	316.2874289	253.278585	1583	1	5	0	13	37	14	64
125000	83	1	289.2874289	286.065698	1583	2	4	0	13	37	14	64
125000	84	1	265.1835443	430.4392405	1580	1	4	1	13	37	14	64
125000	87	1	507.0379267	330.0145386	1582	2	4	0	13	37	14	64
125000	89	1	334.2314521	479.5193405	1577	1	4	0	13	37	14	64
125000	90	1	274.3622546	324.8511716	1579	1	5	0	13	37	14	64
125000	91	1	224.756654	328.3466413	1578	0	4	2	13	37	14	64
125000	92	1	262.6823082	256.17565	1577	0	4	2	13	37	14	64
125000	93	1	243.9879594	293.7217997	1578	0	4	1	13	37	14	64
125000	96	1	269	471.5025316	1580	0	3	2	13	37	14	64
125000	97	1	298.4048071	449.4256799	1581	2	4	0	13	37	14	64
125000	98	1	289.1613924	226.3297468	1580	0	3	1	13	37	14	64
125000	100	1	499.0860759	422.8575949	1580	2	3	1	13	37	14	64
125000	101	1	483.221026	453.4572514	1579	1	3	1	13	37	14	64
125000	103	1	326.4379747	212.1139241	1580	0	4	2	13	37	14	64
125000	106	1	532.5541482	409.6516783	1579	0	3	2	13	37	14	64
125000	107	1	505.5727848	379.8981013	1580	1	4	0	13	37	14	64
125000	108	1	532.1555977	302.1404175	1581	0	3	2	13	37	14	64
125000	109	1	538.7537975	357.2607595	1580	0	4	2	13	37	14	64
125000	110	1	474.2908745	491.221166	1578	0	3	2	13	37	14	64
125000	111	1	443.9652558	470.2552116	1583	2	4	0	13	37	14	64
125000	112	1	224.7468274	377.3045685	1576	0	3	2	13	37	14	64
125000	114	1	287.3455929	377.0526316	1577	3	4	0	13	37	14	64
125000	115	1	246.8922004	404.1357007	1577	0	4	1	13	37	14	64
125000	116	1	361.8059418	201.7313527	1582	0	3	1	13	37	14	64
125000	117	1	404.5164557	204.7886076	1580	0	3	2	13	37	14	64
125000	118	1	405.8149556	488.6552598	1578	2	3	0	13	37	14	64
125000	121	1	379.4924051	506.378481	1580	1	4	1	13	37	14	64
125000	122	1	344.4889311	519.3105629	1581	0	3	2	13	37	14	64
125000	123	1	305.5690748	498.792142	1578	0	4	1	13	37	14	64
125000	6	2	320.0693107	327.2699268	2597	0	0	0	13	37	14	64
125000	7	2	423.3392376	297.5190605	2597	0	0	0	13	37	14	64
125000	12	2	377.6814501	333.902044	2593	0	0	0	13	37	14	64
125000	13	2	421.26849	353.8713405	2596	0	0	0	13	37	14	64
125000	18	2	340.248366	370.1572472	2601	0	0	0	13	37	14	64
125000	19	2	381.4603236	398.144453	2596	0	0	0	13	37	14	64
125000	20	2	319.6320646	412.070742	2601	0	0	0	13	37	14	64
125000	21	2	360.4268668	450.9064665	2598	0	0	0	13	37	14	64
125000	30	2	393.0820493	267.7422958	2596	0	0	0	13	37	14	64
125000	31	2	344.4192678	285.1560694	2595	0	0	0	13	37	14	64
125000	32	2	410.4342308	439.0934615	2600	0	0	0	13	37	14	64
125000	33	2	446.2013862	411.5148248	2597	0	0	0	13	37	14	64
125000	48	2	467.1385681	313.7786759	2598	0	0	0	13	37	14	64
125000	49	2	467.3969171	368.9741811	2595	0	0	0	13	37	14	64

130000	3	0	446.5414129	531.7204629	1642	0	2	2	13	37	14	64
130000	25	0	559.5279805	321.2439173	1644	0	2	2	13	37	14	64
130000	28	0	225.7969605	433.1167173	1645	0	4	2	13	37	14	64
130000	37	0	514.1094891	242.270073	1644	0	3	2	13	37	14	64
130000	42	0	284.6159464	516.5404747	1643	0	3	2	13	37	14	64
130000	43	0	369.3877054	546.3962264	1643	0	3	2	13	37	14	64
130000	44	0	220.8	271.4826748	1645	0	3	2	13	37	14	64
130000	45	0	199.7754108	357.6749848	1643	0	2	2	13	37	14	64
130000	56	0	516.8003652	470.6025563	1643	0	4	2	13	37	14	64
130000	76	0	279.2501518	200.0801457	1647	0	3	2	13	37	14	64
130000	77	0	442.9294833	194.0486322	1645	0	3	2	13	37	14	64
130000	94	0	364.6924482	174.7771011	1642	0	3	2	13	37	14	64
130000	104	0	560.5103532	393.8995128	1642	0	2	2	13	37	14	64
130000	52	1	434.9070209	225.0487034	1581	1	3	1	13	37	14	64
130000	54	1	503.3352345	279.1470215	1578	1	4	1	13	37	14	64
130000	62	1	456.0170994	261.8410386	1579	3	3	0	13	37	14	64
130000	63	1	478.2064803	240.0527319	1574	0	3	2	13	37	14	64
130000	67	1	258.4737508	353.7229602	1581	0	5	0	13	37	14	64
130000	70	1	359	237.1185796	1577	2	4	0	13	37	14	64
130000	78	1	422.6761905	514.0565079	1575	0	4	2	13	37	14	64
130000	81	1	313.1769182	254.8275206	1577	1	5	0	13	37	14	64
130000	83	1	290.0322785	288.3734177	1580	2	4	0	13	37	14	64
130000	84	1	268.839467	429.7271574	1576	1	4	1	13	37	14	64
130000	87	1	506.8511716	334.2761241	1579	2	4	0	13	37	14	64
130000	89	1	344.7283091	483.7454085	1579	1	5	0	13	37	14	64
130000	90	1	274.5044192	322.6224747	1584	1	5	0	13	37	14	64
130000	91	1	222.3527919	324.1637056	1576	0	4	2	13	37	14	64
130000	92	1	262.172043	252.8444023	1581	0	4	2	13	37	14	64
130000	93	1	245.0392405	292.1955696	1580	0	4	1	13	37	14	64
130000	96	1	264.8613924	468.5455696	1580	0	3	2	13	37	14	64
130000	97	1	302.227446	457.6277001	1574	2	4	0	13	37	14	64
130000	98	1	289.4220532	226.3510773	1578	0	3	1	13	37	14	64
130000	100	1	495.4637865	428.2128335	1574	2	3	1	13	37	14	64
130000	101	1	478.7130215	455.7079646	1582	1	3	1	13	37	14	64
130000	103	1	324.409753	208.521216	1579	0	4	2	13	37	14	64
130000	106	1	529.9298357	417.9171934	1582	0	3	2	13	37	14	64
130000	107	1	510.2934851	383.9139785	1581	1	4	0	13	37	14	64
130000	108	1	531.0670462	306.9658444	1581	0	3	2	13	37	14	64
130000	109	1	538.3142857	360.7733333	1575	0	4	2	13	37	14	64
130000	110	1	471.6922589	493.4060914	1576	0	3	2	13	37	14	64
130000	111	1	440.7371429	470.5028571	1575	2	4	0	13	37	14	64
130000	112	1	227.639417	371.9043093	1578	0	3	2	13	37	14	64
130000	114	1	288.3403042	374.4239544	1578	3	4	0	13	37	14	64
130000	115	1	250.651045	402.5300823	1579	0	4	1	13	37	14	64
130000	116	1	364.2438408	201.9349337	1583	0	3	1	13	37	14	64
130000	117	1	401.4762508	210.0721976	1579	1	3	2	13	37	14	64
130000	118	1	397.8034242	482.5567533	1577	2	4	0	13	37	14	64
130000	121	1	380.5050761	513.7043147	1576	0	4	1	13	37	14	64
130000	122	1	337.9468354	523.8398734	1580	0	3	2	13	37	14	64
130000	123	1	304.0702977	497.1766941	1579	0	4	1	13	37	14	64
130000	6	2	321.7802621	327.9892059	2594	0	0	0	13	37	14	64
130000	7	2	425.4863304	299.2294956	2597	0	0	0	13	37	14	64
130000	12	2	377.8558211	327.1673092	2594	0	0	0	13	37	14	64
130000	13	2	424.2099384	353.4013867	2596	0	0	0	13	37	14	64
130000	18	2	340.2087023	369.6033885	2597	0	0	0	13	37	14	64
130000	19	2	383.3428242	392.0026933	2599	0	0	0	13	37	14	64
130000	20	2	317.8797224	412.3430995	2594	0	0	0	13	37	14	64
130000	21	2	354.2750385	444.5346687	2596	0	0	0	13	37	14	64
130000	30	2	398.7261171	264.2245763	2596	0	0	0	13	37	14	64
130000	31	2	346.9032755	282.505973	2595	0	0	0	13	37	14	64
130000	32	2	406.2204694	439.2020008	2599	0	0	0	13	37	14	64
130000	33	2	442.0265589	411.4449577	2598	0	0	0	13	37	14	64
130000	48	2	469.144671	316.2181608	2599	0	0	0	13	37	14	64
130000	49	2	470.4683886	375.2066307	2594	0	0	0	13	37	14	64

135000	3	0	450.5640244	531.1432927	1640	0	2	2	13	38	14	65
135000	25	0	559.8684531	318.409866	1642	0	2	2	13	38	14	65
135000	28	0	224.2142422	435.8752282	1643	0	4	2	13	38	14	65
135000	37	0	519.321972	245.3043214	1643	0	3	2	13	38	14	65
135000	42	0	278.1480583	510.6850728	1648	0	3	2	13	38	14	65
135000	43	0	368.8857837	546.6834751	1646	0	3	2	13	38	14	65
135000	44	0	221.313833	275.4332724	1641	0	3	2	13	38	14	65
135000	45	0	194.1864717	346.4552102	1641	0	2	2	13	38	14	65
135000	56	0	510.3714286	477.8851064	1645	0	4	2	13	38	14	65
135000	76	0	273.5739501	202.4503956	1643	0	3	2	13	38	14	65
135000	77	0	448.668693	196.1726444	1645	0	3	2	13	38	14	65
135000	94	0	358.874011	176.2276324	1643	0	3	2	13	38	14	65
135000	104	0	565.1588558	393.9093122	1643	0	3	2	13	38	14	65
135000	52	1	432.3537975	224.8841772	1580	1	3	1	13	38	14	65
135000	54	1	497.143038	276.1158228	1580	1	4	1	13	38	14	65
135000	62	1	453.0875079	258.901078	1577	3	3	0	13	38	14	65
135000	63	1	478.8660771	236.7536323	1583	0	3	2	13	38	14	65
135000	67	1	253.958307	361.5047378	1583	0	5	0	13	38	14	65
135000	70	1	358.0050633	235.8525316	1580	2	4	0	13	38	14	65
135000	78	1	421.3468611	513.3944198	1577	0	4	2	13	38	14	65
135000	81	1	310.1392244	256.588684	1573	1	5	0	13	38	14	65
135000	83	1	287.4518378	289.8542459	1578	2	4	0	13	38	14	65
135000	84	1	271.2016487	428.8167406	1577	1	4	1	13	38	14	65
135000	87	1	505.7762326	331.8021492	1582	2	4	0	13	38	14	65
135000	89	1	347.5831752	486.2403542	1581	1	5	0	13	38	14	65
135000	90	1	275.5266497	334.6998731	1576	2	5	0	13	38	14	65
135000	91	1	227.6518987	328.5936709	1580	0	4	2	13	38	14	65
135000	92	1	259.6928436	254.2716909	1579	0	4	2	13	38	14	65
135000	93	1	248.0139329	294.4958835	1579	0	4	1	13	38	14	65
135000	96	1	264.2626582	464.5208861	1580	0	3	2	13	38	14	65
135000	97	1	307.7615726	458.0031706	1577	2	4	0	13	38	14	65
135000	98	1	287.9417722	226.4841772	1580	0	3	1	13	38	14	65
135000	100	1	486.9024699	421.0025332	1579	2	3	0	13	38	14	65
135000	101	1	475.3834921	456.7219048	1575	1	4	1	13	38	14	65
135000	103	1	321.4673844	209.649145	1579	0	4	2	13	38	14	65
135000	107	1	517.8845426	382.1621451	1585	1	5	1	13	38	14	65
135000	108	1	528.5982312	297.8654454	1583	0	3	2	13	38	14	65
135000	109	1	539.9987342	348.9575949	1580	0	3	2	13	38	14	65
135000	110	1	464.8278481	495.5	1580	0	3	2	13	38	14	65
135000	111	1	438.1643401	469.0659898	1576	2	4	0	13	38	14	65
135000	112	1	217.7820839	374.4034307	1574	0	3	2	13	38	14	65
135000	114	1	284.34052	386.65948	1577	2	4	0	13	38	14	65
135000	115	1	242.0709759	404.8833967	1578	0	4	1	13	38	14	65
135000	116	1	362.1278481	201.0993671	1580	0	3	1	13	38	14	65
135000	117	1	402.1840607	207.4996837	1581	1	3	2	13	38	14	65
135000	118	1	391.8471782	481.9239062	1577	2	4	0	13	38	14	65
135000	121	1	379.9277108	518.812936	1577	0	4	1	13	38	14	65
135000	122	1	333.4164557	522.035443	1580	0	3	2	13	38	14	65
135000	123	1	300.7092288	493.9115044	1582	0	4	1	13	38	14	65
135000	124	1	543.8231939	416.0158428	1578	0	2	2	13	38	14	65
135000	125	1	518.3003802	434.4809886	1578	0	4	1	13	38	14	65
135000	6	2	316.1501155	321.3402617	2598	0	0	0	13	38	14	65
135000	7	2	424.7401848	300.1166282	2598	0	0	0	13	38	14	65
135000	12	2	371.4826656	328.1972265	2596	0	0	0	13	38	14	65
135000	13	2	418.2428682	351.8573631	2594	0	0	0	13	38	14	65
135000	18	2	333.4911402	366.4491525	2596	0	0	0	13	38	14	65
135000	19	2	381.6584615	390.1715385	2600	0	0	0	13	38	14	65
135000	20	2	321.5123267	414.1101695	2596	0	0	0	13	38	14	65
135000	21	2	359.2004617	442.4551751	2599	0	0	0	13	38	14	65
135000	30	2	398.3628659	262.9695686	2596	0	0	0	13	38	14	65
135000	31	2	350.6764253	280.5993837	2596	0	0	0	13	38	14	65
135000	32	2	409.4813102	437.3884393	2595	0	0	0	13	38	14	65
135000	33	2	441.6590909	404.2800462	2596	0	0	0	13	38	14	65
135000	48	2	466.0154202	315.9313801	2594	0	0	0	13	38	14	65
135000	49	2	474.6071704	369.6403238	2594	0	0	0	13	38	14	65

140000	3	0	447.9714112	531.5456204	1644	0	2	2	13	38	14	65
140000	25	0	561.0231425	322.2643118	1642	0	2	2	13	38	14	65
140000	28	0	224.4266586	442.2519781	1643	0	4	2	13	38	14	65
140000	37	0	510.6707243	240.4686549	1643	0	3	2	13	38	14	65
140000	42	0	281.0694698	515.1669714	1641	0	3	2	13	38	14	65
140000	43	0	369.1639244	546.9433272	1641	0	3	2	13	38	14	65
140000	44	0	221.4120511	275.3931832	1643	0	3	2	13	38	14	65
140000	45	0	198.3024954	353.204504	1643	0	2	2	13	38	14	65
140000	56	0	523.6221816	470.746496	1641	0	4	2	13	38	14	65
140000	76	0	272.3177115	209.6049909	1643	0	3	2	13	38	14	65
140000	77	0	440.8260341	190.4957421	1644	0	3	2	13	38	14	65
140000	94	0	358.2982349	175.7577602	1643	0	3	2	13	38	14	65
140000	104	0	568.1632156	398.5481121	1642	0	2	2	13	38	14	65
140000	52	1	435.8159393	224.9082859	1581	1	3	1	13	38	14	65
140000	54	1	499.915876	282.4364326	1581	1	4	1	13	38	14	65
140000	62	1	461.3799873	264.4699177	1579	3	3	0	13	38	14	65
140000	63	1	475.5338822	234.2115263	1579	0	3	2	13	38	14	65
140000	67	1	253.0114213	366.1846447	1576	0	5	0	13	38	14	65
140000	70	1	365.1119545	235.8798229	1581	2	4	0	13	38	14	65
140000	78	1	421.065948	509.8877616	1577	0	4	2	13	38	14	65
140000	81	1	312.8427037	255.0233733	1583	1	5	0	13	38	14	65
140000	83	1	285.7308423	292.7549082	1579	2	4	0	13	38	14	65
140000	84	1	270.008872	432.2363752	1578	1	4	1	13	38	14	65
140000	87	1	510.6143129	336.1627612	1579	2	4	0	13	38	14	65
140000	89	1	347.6363061	487.0664137	1581	1	5	0	13	38	14	65
140000	90	1	275.6293485	339.6008855	1581	2	5	0	13	38	14	65
140000	91	1	229.285895	329.771031	1581	0	4	2	13	38	14	65
140000	92	1	261.1443952	259.1469284	1579	0	4	2	13	38	14	65
140000	93	1	247.2724968	297.6020279	1578	0	4	1	13	38	14	65
140000	96	1	266.7748261	467.1252372	1581	0	3	2	13	38	14	65
140000	97	1	309.2202532	456.9689873	1580	2	4	0	13	38	14	65
140000	98	1	291.0779468	229.5557668	1578	0	3	1	13	38	14	65
140000	100	1	492.3983534	418.4458518	1579	2	4	0	13	38	14	65
140000	101	1	472.0494297	456.0703422	1578	2	4	1	13	38	14	65
140000	103	1	324.4961977	212.6026616	1578	0	4	2	13	38	14	65
140000	107	1	517.321066	384.213198	1576	1	4	0	13	38	14	65
140000	108	1	530.9423686	300.4534516	1579	0	3	2	13	38	14	65
140000	109	1	543.7836294	356.411802	1576	0	4	2	13	38	14	65
140000	110	1	465.072335	497.6725888	1576	0	3	2	13	38	14	65
140000	111	1	438.0386565	470.0868188	1578	1	4	0	13	38	14	65
140000	112	1	217.9549778	382.8357641	1577	0	3	2	13	38	14	65
140000	114	1	286.2480964	394.4651015	1576	2	4	0	13	38	14	65
140000	115	1	244.0661157	408.4761602	1573	0	4	1	13	38	14	65
140000	116	1	362.7857143	200.4127686	1582	0	3	1	13	38	14	65
140000	117	1	403.7711757	205.4165613	1582	1	3	2	13	38	14	65
140000	118	1	391.5837046	480.8784214	1571	2	4	0	13	38	14	65
140000	121	1	379.4679772	518.4635384	1577	0	4	1	13	38	14	65
140000	122	1	333.7143762	522.4382521	1579	0	3	2	13	38	14	65
140000	123	1	301.6218274	493.9086294	1576	0	4	1	13	38	14	65
140000	124	1	540.6045627	414.9366286	1578	0	4	2	13	38	14	65
140000	125	1	509.5250158	448.5142495	1579	0	3	1	13	38	14	65
140000	6	2	320.5659214	324.5003855	2594	0	0	0	13	38	14	65
140000	7	2	424.0288906	294.6298151	2596	0	0	0	13	38	14	65
140000	12	2	376.2739515	325.2639477	2599	0	0	0	13	38	14	65
140000	13	2	420.9587827	349.451849	2596	0	0	0	13	38	14	65
140000	18	2	326.6593449	367.2967245	2595	0	0	0	13	38	14	65
140000	19	2	380.4884615	384.915	2600	0	0	0	13	38	14	65
140000	20	2	328.7176923	414.4980769	2600	0	0	0	13	38	14	65
140000	21	2	362.8696993	444.1430224	2594	0	0	0	13	38	14	65
140000	30	2	395.7590315	260.9281322	2602	0	0	0	13	38	14	65
140000	31	2	342.9172122	283.7366192	2597	0	0	0	13	38	14	65
140000	32	2	411.9499422	433.1340008	2597	0	0	0	13	38	14	65
140000	33	2	443.3276793	402.9795682	2594	0	0	0	13	38	14	65
140000	48	2	467.8918399	316.0277136	2598	0	0	0	13	38	14	65
140000	49	2	473.309175	369.079414	2594	0	0	0	13	38	14	65

145000	3	0	450.4674376	533.91479	1643	0	2	2	13	38	14	65
145000	25	0	560.9701583	310.9604141	1642	0	2	2	13	38	14	65
145000	28	0	223.6374162	441.0280317	1641	0	4	2	13	38	14	65
145000	37	0	520.9162113	247.9532483	1647	0	3	2	13	38	14	65
145000	42	0	286.56056	518.1545953	1643	0	3	2	13	38	14	65
145000	43	0	370.9653285	547.4093674	1644	0	3	2	13	38	14	65
145000	44	0	222.7961047	281.3335362	1643	0	3	2	13	38	14	65
145000	45	0	194.9262195	354.6134146	1640	0	2	2	13	38	14	65
145000	56	0	513.9281802	478.6214242	1643	0	3	2	13	38	14	65
145000	76	0	270.8482633	210.9811091	1641	0	3	2	13	38	14	65
145000	77	0	444.2516717	193.7568389	1645	0	3	2	13	38	14	65
145000	94	0	360.9847468	176.4106162	1639	0	3	2	13	38	14	65
145000	104	0	563.2902247	404.3788707	1647	0	3	2	13	38	14	65
145000	52	1	436.3723135	224.0145386	1582	1	3	1	13	38	14	65
145000	54	1	497.435443	279.1537975	1580	1	4	1	13	38	14	65
145000	62	1	455.4342604	259.5587863	1582	3	3	0	13	38	14	65
145000	63	1	480.2444585	237.2913236	1579	0	3	2	13	38	14	65
145000	67	1	255.5668144	366.5376821	1579	0	5	0	13	38	14	65
145000	70	1	351.9708676	237.1063965	1579	2	4	0	13	38	14	65
145000	78	1	419.6837769	519.539924	1578	0	4	2	13	38	14	65
145000	81	1	310.7959442	257.2154626	1578	1	5	0	13	38	14	65
145000	83	1	290.3227848	296.8791139	1580	2	4	0	13	38	14	65
145000	84	1	268.1272152	435.1177215	1580	1	4	1	13	38	14	65
145000	87	1	512.1728942	331.4173528	1579	2	4	0	13	38	14	65
145000	89	1	351.9310127	483.7151899	1580	1	5	0	13	38	14	65
145000	90	1	274.239392	339.2343255	1579	2	5	0	13	38	14	65
145000	91	1	228.169513	334.8374447	1581	0	4	2	13	38	14	65
145000	92	1	264.3400887	262.1817606	1579	0	4	2	13	38	14	65
145000	93	1	248.9023462	297.8934686	1577	0	4	1	13	38	14	65
145000	96	1	268.2443038	470.3044304	1580	0	3	2	13	38	14	65
145000	97	1	310.1863118	456.2490494	1578	2	4	0	13	38	14	65
145000	98	1	289.8416719	228.5326156	1579	0	3	1	13	38	14	65
145000	100	1	486.2868904	417.9911336	1579	2	4	0	13	38	14	65
145000	101	1	477.7939317	456.6997472	1582	2	4	1	13	38	14	65
145000	103	1	322.960076	204.2807351	1578	0	4	2	13	38	14	65
145000	107	1	513.6865482	376.7994924	1576	1	4	0	13	38	14	65
145000	108	1	528.6073464	299.3850538	1579	0	3	2	13	38	14	65
145000	109	1	549.1949367	352.6632911	1580	0	4	2	13	38	14	65
145000	110	1	469.8826886	497.8693722	1577	0	3	2	13	38	14	65
145000	111	1	441.1588608	477.0924051	1580	1	4	0	13	38	14	65
145000	112	1	216.5614702	380.2534854	1578	0	3	2	13	38	14	65
145000	114	1	280.9936508	395.0222222	1575	2	4	0	13	38	14	65
145000	115	1	240.1932826	408.9201521	1578	0	4	1	13	38	14	65
145000	116	1	365.6472081	203.6389594	1576	0	3	1	13	38	14	65
145000	117	1	401.9302915	211.9740177	1578	1	3	2	13	38	14	65
145000	118	1	401.2896901	482.742568	1581	2	4	0	13	38	14	65
145000	121	1	379.8005066	517.5034832	1579	0	4	1	13	38	14	65
145000	122	1	336.0215736	516.501269	1576	0	3	2	13	38	14	65
145000	123	1	302.6892405	492.8708861	1580	0	4	1	13	38	14	65
145000	124	1	534.2542694	401.2188488	1581	0	4	1	13	38	14	65
145000	125	1	519.231159	440.0044332	1579	0	3	2	13	38	14	65
145000	6	2	321.3705271	324.6460177	2599	0	0	0	13	38	14	65
145000	7	2	421.9953811	296.1716705	2598	0	0	0	13	38	14	65
145000	12	2	374.4574836	333.8187765	2599	0	0	0	13	38	14	65
145000	13	2	418.9037351	352.7235271	2597	0	0	0	13	38	14	65
145000	18	2	327.1070878	369.6475347	2596	0	0	0	13	38	14	65
145000	19	2	382.7497112	392.4770889	2597	0	0	0	13	38	14	65
145000	20	2	325.0961908	413.7037322	2599	0	0	0	13	38	14	65
145000	21	2	364.1013097	444.6090139	2596	0	0	0	13	38	14	65
145000	30	2	394.1166731	261.3765884	2597	0	0	0	13	38	14	65
145000	31	2	349.377264	284.7094412	2595	0	0	0	13	38	14	65
145000	32	2	416.6290447	436.8405239	2596	0	0	0	13	38	14	65
145000	33	2	445.573246	403.3353894	2594	0	0	0	13	38	14	65
145000	48	2	464.5104006	312.6902928	2596	0	0	0	13	38	14	65
145000	49	2	473.8840524	362.3959938	2596	0	0	0	13	38	14	65

150000	3	0	447.175	532.6170732	1640	0	2	2	13	38	14	65
150000	25	0	565.5781155	320.7392097	1645	0	2	2	13	38	14	65
150000	28	0	224.6684915	442.8935523	1644	0	4	2	13	38	14	65
150000	37	0	519.447834	248.5003051	1639	0	3	2	13	38	14	65
150000	42	0	285.0310786	516.0048751	1641	0	3	2	13	38	14	65
150000	43	0	369.7604863	545.0644377	1645	0	3	2	13	38	14	65
150000	44	0	216.1738602	282.8413374	1645	0	3	2	13	38	14	65
150000	45	0	193.4616788	360.6946472	1644	0	2	2	13	38	14	65
150000	56	0	514.2019465	481.2451338	1644	0	3	2	13	38	14	65
150000	76	0	281.2226277	209.6240876	1644	0	3	2	13	38	14	65
150000	77	0	444.0748631	193.5690809	1643	0	3	2	13	38	14	65
150000	94	0	367.125228	175.074772	1645	0	3	2	13	38	14	65
150000	104	0	563.7923264	405.7661389	1642	0	3	2	13	38	14	65
150000	52	1	438.6273764	228.3022814	1578	1	3	1	13	38	14	65
150000	54	1	499.7644079	280.5218493	1579	1	4	1	13	38	14	65
150000	62	1	460.3591371	263.927665	1576	3	3	0	13	38	14	65
150000	63	1	480.2005076	235.3546954	1576	0	3	2	13	38	14	65
150000	67	1	254.0094997	355.3394554	1579	0	6	0	13	38	14	65
150000	70	1	362.5575949	232.978481	1580	2	4	0	13	38	14	65
150000	78	1	422.8874842	517.0044248	1582	0	4	2	13	38	14	65
150000	81	1	322.5332911	254.8091313	1577	2	4	0	13	38	14	65
150000	83	1	287.445149	289.1274572	1577	2	5	0	13	38	14	65
150000	84	1	266.7376738	432.9823009	1582	1	4	1	13	38	14	65
150000	87	1	508.1876982	326.4013951	1577	2	4	0	13	38	14	65
150000	89	1	354.5603558	481.9320203	1574	1	5	0	13	38	14	65
150000	90	1	280.5050633	335.3265823	1580	2	4	0	13	38	14	65
150000	91	1	221.1064639	331.960076	1578	0	3	2	13	38	14	65
150000	92	1	255.8556962	261.0943038	1580	0	3	2	13	38	14	65
150000	93	1	245.2423858	302.4727157	1576	0	5	1	13	38	14	65
150000	96	1	265.585443	471.6183544	1580	0	3	2	13	38	14	65
150000	97	1	307.5915136	456.6599113	1579	2	4	0	13	38	14	65
150000	98	1	288.8708043	244.1773274	1579	0	4	1	13	38	14	65
150000	100	1	494.4898477	413.7284264	1576	2	4	0	13	38	14	65
150000	101	1	480.7395437	453.4214195	1578	1	4	1	13	38	14	65
150000	103	1	321.4563291	211.5006329	1580	0	4	2	13	38	14	65
150000	107	1	515.5294118	370.5117015	1581	1	4	0	13	38	14	65
150000	108	1	535.2817259	301.7658629	1576	0	3	2	13	38	14	65
150000	109	1	546.9201521	353.0564005	1578	0	4	2	13	38	14	65
150000	110	1	469.8771374	493.2666244	1579	0	3	2	13	38	14	65
150000	111	1	443.8187579	469.4607098	1578	2	4	0	13	38	14	65
150000	112	1	220.3912769	377.9235145	1582	0	3	2	13	38	14	65
150000	114	1	277.1708861	387.9525316	1580	2	4	0	13	38	14	65
150000	115	1	239.3732573	408.9993663	1578	0	4	1	13	38	14	65
150000	116	1	366.9050032	200.3850538	1579	0	3	1	13	38	14	65
150000	117	1	406.8546032	211.6247619	1575	1	3	2	13	38	14	65
150000	118	1	403.3443038	482.8455696	1580	2	4	0	13	38	14	65
150000	121	1	378.9835339	515.5896137	1579	0	4	1	13	38	14	65
150000	122	1	335.1307107	514.9168782	1576	0	3	2	13	38	14	65
150000	123	1	303.6101587	491.0634921	1575	0	4	1	13	38	14	65
150000	124	1	536.1288889	403.271746	1575	0	4	1	13	38	14	65
150000	125	1	521.9543437	440.7083069	1577	0	3	2	13	38	14	65
150000	6	2	320.2743738	321.4350674	2595	0	0	0	13	38	14	65
150000	7	2	417.7789352	301.0262346	2592	0	0	0	13	38	14	65
150000	12	2	373.6923373	336.2056219	2597	0	0	0	13	38	14	65
150000	13	2	421.8947977	355.6947977	2595	0	0	0	13	38	14	65
150000	18	2	327.0157874	369.3330766	2597	0	0	0	13	38	14	65
150000	19	2	380.1672447	393.2466281	2595	0	0	0	13	38	14	65
150000	20	2	318.700154	412.5331024	2598	0	0	0	13	38	14	65
150000	21	2	357.9468208	441.4535645	2595	0	0	0	13	38	14	65
150000	30	2	399.1729584	260.6001541	2596	0	0	0	13	38	14	65
150000	31	2	353.7741811	284.9321773	2595	0	0	0	13	38	14	65
150000	32	2	411.3070108	439.3886749	2596	0	0	0	13	38	14	65
150000	33	2	443.4094579	408.1914648	2601	0	0	0	13	38	14	65
150000	48	2	464.8475164	315.3923758	2597	0	0	0	13	38	14	65
150000	49	2	471.180454	368.3874567	2599	0	0	0	13	38	14	65

155000	3	0	448.8550548	530.0286236	1642	0	2	2	13	38	14	65
155000	25	0	565.0400729	320.0795386	1647	0	2	2	13	38	14	65
155000	28	0	226.5088469	447.971324	1639	0	3	2	13	38	14	65
155000	37	0	521.8	253.3823708	1645	0	3	2	13	38	14	65
155000	42	0	287.5560292	518.9884287	1642	0	3	2	13	38	14	65
155000	43	0	370.7890244	544.9865854	1640	0	3	2	13	38	14	65
155000	44	0	211.0995146	288.0503641	1648	0	3	2	13	38	14	65
155000	45	0	197.4108338	373.8594035	1643	0	3	2	13	38	14	65
155000	56	0	520.2114564	476.11883	1641	0	3	2	13	38	14	65
155000	76	0	265.1846902	217.6190765	1646	0	3	2	13	38	14	65
155000	77	0	444.5739501	195.2653682	1643	0	3	2	13	38	14	65
155000	94	0	353.8278589	178.2335766	1644	0	3	2	13	38	14	65
155000	104	0	567.7826618	401.2014652	1638	0	3	2	13	38	14	65
155000	52	1	440.4705136	227.6816741	1577	1	3	1	13	38	14	65
155000	54	1	498.521601	281.9733164	1574	1	4	1	13	38	14	65
155000	62	1	459.0917141	265.2333966	1581	3	3	0	13	38	14	65
155000	63	1	482.5	238.1316456	1580	0	3	2	13	38	14	65
155000	67	1	254.6082278	348.8601266	1580	0	5	0	13	38	14	65
155000	70	1	360.1541878	233.8236041	1576	2	4	0	13	38	14	65
155000	78	1	423.0474684	512.0177215	1580	0	4	2	13	38	14	65
155000	81	1	321.8144395	258.0481317	1579	2	4	0	13	38	14	65
155000	83	1	286.7267552	283.655914	1581	1	5	0	13	38	14	65
155000	84	1	268.1390476	438.8996825	1575	1	4	1	13	38	14	65
155000	87	1	506.2628246	329.1583281	1579	2	4	0	13	38	14	65
155000	89	1	350.5655478	479.9221026	1579	1	5	0	13	38	14	65
155000	90	1	281.9190386	328.6818469	1581	2	4	0	13	38	14	65
155000	91	1	220.8948035	334.7351077	1578	0	3	2	13	38	14	65
155000	92	1	250.0335443	263.3082278	1580	0	3	2	13	38	14	65
155000	93	1	244.61378	300.8356511	1582	0	5	1	13	38	14	65
155000	96	1	270.9044908	474.28716	1581	0	3	2	13	38	14	65
155000	97	1	311.5009512	453.7368421	1577	2	4	0	13	38	14	65
155000	98	1	287.3983534	239.8138062	1579	0	4	1	13	38	14	65
155000	100	1	493.7805961	413.769182	1577	2	4	0	13	38	14	65
155000	101	1	482.5648324	452.8842505	1581	1	4	1	13	38	14	65
155000	103	1	316.4674257	213.8513599	1581	0	4	2	13	38	14	65
155000	107	1	514.1337984	372.3646164	1577	1	4	0	13	38	14	65
155000	108	1	532.0329531	304.4011407	1578	0	3	2	13	38	14	65
155000	109	1	547.4189873	353.3443038	1580	0	4	2	13	38	14	65
155000	110	1	475.307012	492.1604548	1583	0	3	2	13	38	14	65
155000	111	1	447.7598226	470.9315589	1578	2	4	0	13	38	14	65
155000	112	1	228.5326156	379.3964535	1579	0	4	1	13	38	14	65
155000	114	1	272.5671736	386.5912548	1578	2	5	0	13	38	14	65
155000	115	1	240.0926396	415.1554569	1576	0	3	2	13	38	14	65
155000	116	1	363.1918936	201.5984801	1579	0	3	1	13	38	14	65
155000	117	1	404.2084649	206.4169299	1583	1	3	2	13	38	14	65
155000	118	1	402.3732573	482.9258555	1578	2	4	0	13	38	14	65
155000	121	1	378.5708861	516.1443038	1580	0	4	1	13	38	14	65
155000	122	1	336.5272152	517.6468354	1580	0	3	2	13	38	14	65
155000	123	1	306.7021546	492.8466413	1578	0	4	1	13	38	14	65
155000	124	1	539.5926396	398.3261421	1576	0	4	1	13	38	14	65
155000	125	1	523.0348322	436.8765041	1579	0	3	2	13	38	14	65
155000	6	2	321.9953775	318.5080894	2596	0	0	0	13	38	14	65
155000	7	2	417.0647399	301.0077071	2595	0	0	0	13	38	14	65
155000	12	2	374.8630242	336.6475568	2599	0	0	0	13	38	14	65
155000	13	2	419.8715385	359.2469231	2600	0	0	0	13	38	14	65
155000	18	2	324.8183218	365.3483449	2598	0	0	0	13	38	14	65
155000	19	2	376.8274268	392.9048536	2596	0	0	0	13	38	14	65
155000	20	2	312.6994998	407.9861485	2599	0	0	0	13	38	14	65
155000	21	2	358.5440893	440.6977281	2597	0	0	0	13	38	14	65
155000	30	2	403.3257517	256.8326908	2594	0	0	0	13	38	14	65
155000	31	2	358.265204	283.7070824	2598	0	0	0	13	38	14	65
155000	32	2	408.6180208	439.7889873	2597	0	0	0	13	38	14	65
155000	33	2	442.4331921	411.6326531	2597	0	0	0	13	38	14	65
155000	48	2	460.9082852	317.4346821	2595	0	0	0	13	38	14	65
155000	49	2	470.6652542	369.6679507	2596	0	0	0	13	38	14	65

160000	3	0	456.9634146	526.5615854	1640	0	2	2	13	38	14	65
160000	25	0	564.8134146	315.6	1640	0	2	2	13	38	14	65
160000	28	0	231.6360316	459.8283628	1643	0	3	2	13	38	14	65
160000	37	0	520.9106926	247.717497	1646	0	3	2	13	38	14	65
160000	42	0	284.203163	519.1216545	1644	0	3	2	13	38	14	65
160000	43	0	376.2877129	545.5967153	1644	0	3	2	13	38	14	65
160000	44	0	212.6853317	289.3785758	1643	0	3	1	13	38	14	65
160000	45	0	194.5838396	373.9842041	1646	0	3	1	13	38	14	65
160000	56	0	523.2764921	475.7387333	1642	0	3	2	13	38	14	65
160000	76	0	266.682704	215.4805116	1642	0	3	2	13	38	14	65
160000	77	0	445.3117755	199.3422819	1639	0	3	2	13	38	14	65
160000	94	0	356.0390482	181.6028066	1639	0	3	2	13	38	14	65
160000	104	0	563.9811206	403.9177832	1642	0	3	2	13	38	14	65
160000	52	1	439.0558022	228.1223843	1577	1	3	1	13	38	14	65
160000	54	1	497.661178	282.1899937	1579	1	4	1	13	38	14	65
160000	62	1	457.2783049	268.1581278	1581	3	3	0	13	38	14	65
160000	63	1	481.9892063	241.7765079	1575	0	3	2	13	38	14	65
160000	67	1	254.1234177	354.6291139	1580	0	5	0	13	38	14	65
160000	70	1	353.8769036	239.5564721	1576	2	4	0	13	38	14	65
160000	78	1	424.3671924	515.0895899	1585	0	4	2	13	38	14	65
160000	81	1	314.5367089	261.5898734	1580	2	4	0	13	38	14	65
160000	83	1	286.1554569	288.3172589	1576	1	5	0	13	38	14	65
160000	84	1	269.979734	433.6966434	1579	1	4	1	13	38	14	65
160000	87	1	508.7324478	327.513599	1581	2	4	0	13	38	14	65
160000	89	1	348.7545857	484.6103732	1581	1	5	0	13	38	14	65
160000	90	1	281.0633312	332.4490184	1579	2	4	0	13	38	14	65
160000	91	1	219.4765526	336.9619772	1578	0	3	2	13	38	14	65
160000	92	1	249.5531646	264.5	1580	0	3	2	13	38	14	65
160000	93	1	245.8536122	305.8276299	1578	0	5	1	13	38	14	65
160000	96	1	271.6474318	474.428662	1577	0	3	2	13	38	14	65
160000	97	1	308.1525316	455.6797468	1580	2	4	0	13	38	14	65
160000	98	1	282.2587191	240.4571972	1577	0	4	1	13	38	14	65
160000	100	1	496.6993671	415.1113924	1580	2	4	0	13	38	14	65
160000	101	1	481.2898734	456.5379747	1580	1	4	1	13	38	14	65
160000	103	1	315.8326996	216.2972117	1578	0	4	2	13	38	14	65
160000	107	1	516.0941846	370.6630847	1582	1	4	0	13	38	14	65
160000	108	1	531.9493991	296.745098	1581	0	3	2	13	38	14	65
160000	109	1	547.0271636	347.0574858	1583	0	4	2	13	38	14	65
160000	110	1	472.3073511	491.7135615	1578	0	3	2	13	38	14	65
160000	111	1	439.7138345	471.9753632	1583	2	4	0	13	38	14	65
160000	112	1	224.6651927	382.9968414	1583	0	4	1	13	38	14	65
160000	114	1	271.6786844	389.144845	1581	2	5	0	13	38	14	65
160000	115	1	236.3861763	418.8706405	1577	0	3	2	13	38	14	65
160000	116	1	356.8445989	204.9039798	1583	0	3	1	13	38	14	65
160000	117	1	400.2142857	211.9981037	1582	1	3	2	13	38	14	65
160000	118	1	395.2452471	481.0367554	1578	2	4	0	13	38	14	65
160000	121	1	381.4942966	514.8307985	1578	0	4	1	13	38	14	65
160000	122	1	334.4705882	522.7609108	1581	0	3	2	13	38	14	65
160000	123	1	308.5740623	493.5232041	1573	0	4	1	13	38	14	65
160000	124	1	539.3288973	397.6520913	1578	0	4	1	13	38	14	65
160000	125	1	520.3251107	441.6363061	1581	0	3	2	13	38	14	65
160000	6	2	322.5350539	319.164869	2596	0	0	0	13	38	14	65
160000	7	2	418.49596	300.8233936	2599	0	0	0	13	38	14	65
160000	12	2	372.6469003	337.9772815	2597	0	0	0	13	38	14	65
160000	13	2	423.2664613	358.3673469	2597	0	0	0	13	38	14	65
160000	18	2	320.2845591	369.4786292	2597	0	0	0	13	38	14	65
160000	19	2	379.9361293	388.5217391	2599	0	0	0	13	38	14	65
160000	20	2	319.6318217	412.2778632	2602	0	0	0	13	38	14	65
160000	21	2	359.6317815	441.0557907	2599	0	0	0	13	38	14	65
160000	30	2	401.3002309	257.1986143	2598	0	0	0	13	38	14	65
160000	31	2	359.8986122	287.3087895	2594	0	0	0	13	38	14	65
160000	32	2	409.2134875	437.1895954	2595	0	0	0	13	38	14	65
160000	33	2	444.3203697	413.6923373	2597	0	0	0	13	38	14	65
160000	48	2	463.3614319	320.6058507	2598	0	0	0	13	38	14	65
160000	49	2	473.0693107	374.6160955	2597	0	0	0	13	38	14	65

165000	3	0	454.9659367	530.5340633	1644	0	2	2	13	38	14	65
165000	25	0	565.1813755	315.6262934	1643	0	2	2	13	38	14	65
165000	28	0	224.5685558	449.1145643	1641	0	3	2	13	38	14	65
165000	37	0	521.5325624	250.168594	1643	0	3	2	13	38	14	65
165000	42	0	285.9191489	519.1471125	1645	0	3	2	13	38	14	65
165000	43	0	374.2144593	548.6919806	1646	0	3	2	13	38	14	65
165000	44	0	216.6577181	289.247712	1639	0	3	2	13	38	14	65
165000	45	0	197.3051672	375.7805471	1645	0	2	2	13	38	14	65
165000	56	0	515.86618	479.4835766	1644	0	3	2	13	38	14	65
165000	76	0	268.4686167	217.3016453	1641	0	3	2	13	38	14	65
165000	77	0	448.8113208	196.5027389	1643	0	3	2	13	38	14	65
165000	94	0	354.4628954	181.81691	1644	0	3	2	13	38	14	65
165000	104	0	564.9288321	403.0523114	1644	0	3	2	13	38	14	65
165000	52	1	435.4571972	222.2333545	1577	1	3	1	13	38	14	65
165000	54	1	496.967026	282.0913126	1577	1	4	1	13	38	14	65
165000	62	1	457.534134	259.8729456	1582	3	3	0	13	38	14	65
165000	63	1	483.3558786	241.4513274	1582	0	3	2	13	38	14	65
165000	67	1	253.182048	351.835019	1582	0	5	0	13	38	14	65
165000	70	1	358.4825839	239.0816973	1579	2	4	0	13	38	14	65
165000	78	1	422.6512658	515.6367089	1580	0	4	2	13	38	14	65
165000	81	1	324.0355556	262.3187302	1575	2	4	0	13	38	14	65
165000	83	1	286.6544304	287.7037975	1580	1	5	0	13	38	14	65
165000	84	1	280.8678052	429.7862113	1581	1	4	0	13	38	14	65
165000	87	1	506.9702532	325.5537975	1580	2	4	0	13	38	14	65
165000	89	1	348.6265823	488.2202532	1580	1	5	0	13	38	14	65
165000	90	1	280.5323194	333.5925222	1578	2	4	0	13	38	14	65
165000	91	1	219.3848101	341.7056962	1580	0	3	2	13	38	14	65
165000	92	1	254.9335022	262.9214693	1579	0	3	2	13	38	14	65
165000	93	1	244.5975919	304.7249683	1578	0	5	1	13	38	14	65
165000	96	1	265.2841772	468.1082278	1580	0	4	2	13	38	14	65
165000	97	1	308.3781726	463.0437817	1576	2	4	0	13	38	14	65
165000	98	1	287.0297092	242.8173198	1582	0	4	1	13	38	14	65
165000	100	1	499.1121673	414.3168568	1578	2	4	0	13	38	14	65
165000	101	1	481.4730842	459.8866371	1579	1	4	1	13	38	14	65
165000	103	1	318.5735108	217.9245881	1578	0	4	2	13	38	14	65
165000	107	1	515.7924051	369.0012658	1580	1	4	0	13	38	14	65
165000	108	1	532.8770596	301.960076	1578	0	3	2	13	38	14	65
165000	109	1	549.4361905	350.5346032	1575	0	4	2	13	38	14	65
165000	110	1	464.7114775	495.346227	1577	0	3	2	13	38	14	65
165000	111	1	435.8475648	470.6053131	1581	2	4	0	13	38	14	65
165000	112	1	228.8579581	387.6506024	1577	0	4	2	13	38	14	65
165000	114	1	274.3931732	387.7465234	1582	2	5	0	13	38	14	65
165000	115	1	242.7622067	424.7767914	1577	0	4	1	13	38	14	65
165000	116	1	363.4848293	205.4336283	1582	0	3	1	13	38	14	65
165000	117	1	401.2878018	210.0146125	1574	1	3	2	13	38	14	65
165000	118	1	396.430203	481.7214467	1576	2	4	0	13	38	14	65
165000	121	1	380.849905	516.3660545	1579	0	4	1	13	38	14	65
165000	122	1	338.0647208	526.0862944	1576	0	3	2	13	38	14	65
165000	123	1	304.7810914	498.3553299	1576	0	4	1	13	38	14	65
165000	124	1	539.208993	400.3869538	1579	0	4	1	13	38	14	65
165000	125	1	521.0069708	442.5183777	1578	0	3	2	13	38	14	65
165000	6	2	322.8030069	317.1850424	2594	0	0	0	13	38	14	65
165000	7	2	422.438968	302.5779746	2597	0	0	0	13	38	14	65
165000	12	2	375.6255286	340.8419839	2601	0	0	0	13	38	14	65
165000	13	2	422.2241911	365.453775	2596	0	0	0	13	38	14	65
165000	18	2	322.5508083	366.3248653	2598	0	0	0	13	38	14	65
165000	19	2	375.917244	392.2036182	2598	0	0	0	13	38	14	65
165000	20	2	320.0512327	412.6432974	2596	0	0	0	13	38	14	65
165000	21	2	359.0782274	445.700578	2595	0	0	0	13	38	14	65
165000	30	2	405.0342571	260.2028483	2598	0	0	0	13	38	14	65
165000	31	2	364.0596843	290.6311128	2597	0	0	0	13	38	14	65
165000	32	2	409.6560092	431.1787365	2596	0	0	0	13	38	14	65
165000	33	2	453.1417565	418.1020801	2596	0	0	0	13	38	14	65
165000	48	2	461.2502888	320.7924528	2597	0	0	0	13	38	14	65
165000	49	2	474.4280216	369.9580446	2598	0	0	0	13	38	14	65

170000	3	0	451.1943937	531.8403413	1641	0	2	2	13	38	14	65
170000	25	0	567.5249695	318.6461632	1642	0	2	2	13	38	14	65
170000	28	0	227.2210719	454.1693057	1642	0	3	2	13	38	14	65
170000	37	0	523.9135201	254.0024361	1642	0	3	2	13	38	14	65
170000	42	0	292.4401709	520.7490842	1638	0	3	2	13	38	14	65
170000	43	0	371.3288672	546.4056029	1642	0	3	2	13	38	14	65
170000	44	0	212.4579268	281.5426829	1640	0	3	2	13	38	14	65
170000	45	0	195.4219512	369.6365854	1640	0	2	2	13	38	14	65
170000	56	0	515.6644336	480.1577345	1642	0	3	2	13	38	14	65
170000	76	0	272.1627057	219.5898842	1641	0	3	2	13	38	14	65
170000	77	0	446.4198659	196.5423522	1641	0	3	2	13	38	14	65
170000	94	0	358.2013382	180.6234793	1644	0	3	2	13	38	14	65
170000	104	0	565.2314251	405.6041413	1642	0	3	2	13	38	14	65
170000	52	1	440.2118912	226.4794434	1581	1	3	1	13	38	14	65
170000	54	1	498.2177215	282.7348101	1580	1	4	1	13	38	14	65
170000	62	1	460.2409867	269.7760911	1581	3	3	0	13	38	14	65
170000	63	1	482.6653992	240.5095057	1578	0	3	2	13	38	14	65
170000	67	1	248.7846738	354.6542115	1579	0	5	0	13	38	14	65
170000	70	1	355.7792536	241.4927261	1581	2	4	0	13	38	14	65
170000	78	1	422.6537975	512.9025316	1580	0	4	2	13	38	14	65
170000	81	1	316.2336922	264.2837239	1579	2	4	0	13	38	14	65
170000	83	1	279.7652284	291.6085025	1576	1	5	0	13	38	14	65
170000	84	1	280.0056962	427.3721519	1580	1	4	0	13	38	14	65
170000	87	1	507.9348514	326.5882353	1581	2	4	0	13	38	14	65
170000	89	1	346.6467977	481.9036145	1577	1	5	0	13	38	14	65
170000	90	1	276.4943038	333.2158228	1580	2	4	0	13	38	14	65
170000	91	1	214.8769816	340.5700698	1577	0	3	2	13	38	14	65
170000	92	1	249.4623179	268.048765	1579	0	3	2	13	38	14	65
170000	93	1	236.2206722	306.7285986	1577	0	5	1	13	38	14	65
170000	96	1	265.9264426	470.7203551	1577	0	4	2	13	38	14	65
170000	97	1	308.3911111	452.7993651	1575	2	4	0	13	38	14	65
170000	98	1	286.7753165	245.1803797	1580	0	4	1	13	38	14	65
170000	100	1	499.3759494	413.8012658	1580	2	4	0	13	38	14	65
170000	101	1	483.7490518	458.5101138	1582	1	4	1	13	38	14	65
170000	103	1	321.2756005	215.5404551	1582	0	4	2	13	38	14	65
170000	107	1	516.9417353	369.9126029	1579	1	4	0	13	38	14	65
170000	108	1	533.5500634	302.2801014	1578	0	3	2	13	38	14	65
170000	109	1	549.8245725	348.9404687	1579	0	4	2	13	38	14	65
170000	110	1	465.7593414	494.8809373	1579	0	3	2	13	38	14	65
170000	111	1	436.8633776	471.228969	1581	2	4	0	13	38	14	65
170000	112	1	228.8359721	391.1766941	1579	0	4	2	13	38	14	65
170000	114	1	273.50539	384.4032974	1577	2	5	0	13	38	14	65
170000	115	1	242.6424051	426.8177215	1580	0	4	1	13	38	14	65
170000	116	1	364.2438252	207.6143129	1579	0	3	1	13	38	14	65
170000	117	1	402.7770741	208.7549082	1579	1	3	2	13	38	14	65
170000	118	1	393.8073511	482.7775665	1578	2	4	0	13	38	14	65
170000	121	1	379.890437	518.1975934	1579	0	4	1	13	38	14	65
170000	122	1	336.1045627	517.6863118	1578	0	3	2	13	38	14	65
170000	123	1	302.9084596	490.6710859	1584	0	4	1	13	38	14	65
170000	124	1	541.2113924	397.4955696	1580	0	4	1	13	38	14	65
170000	125	1	522.0075901	441.3586338	1581	0	3	2	13	38	14	65
170000	6	2	321.0954948	312.1509434	2597	0	0	0	13	38	14	65
170000	7	2	422.8447945	303.8179024	2603	0	0	0	13	38	14	65
170000	12	2	375.5934489	334.9595376	2595	0	0	0	13	38	14	65
170000	13	2	418.0011543	365.2254713	2599	0	0	0	13	38	14	65
170000	18	2	323.9254133	359.5736255	2601	0	0	0	13	38	14	65
170000	19	2	372.1719231	391.1396154	2600	0	0	0	13	38	14	65
170000	20	2	319.1338977	407.0327049	2599	0	0	0	13	38	14	65
170000	21	2	362.6197455	442.6008484	2593	0	0	0	13	38	14	65
170000	30	2	409.2744419	257.339107	2598	0	0	0	13	38	14	65
170000	31	2	364.7718353	284.4544055	2599	0	0	0	13	38	14	65
170000	32	2	410.2204239	430.6597303	2595	0	0	0	13	38	14	65
170000	33	2	451.4497497	419.6807855	2597	0	0	0	13	38	14	65
170000	48	2	461.8520801	326.4079353	2596	0	0	0	13	38	14	65
170000	49	2	473.4506554	373.8542791	2594	0	0	0	13	38	14	65

175000	3	0	448.0559611	534.9738443	1644	0	2	2	13	38	14	65
175000	25	0	566.8934875	323.2891053	1643	0	2	2	13	38	14	65
175000	28	0	223.8182371	444.0115502	1645	0	3	2	13	38	14	65
175000	37	0	523.1816525	251.346294	1646	0	3	2	13	38	14	65
175000	42	0	285.7819732	515.2423873	1642	0	3	2	13	38	14	65
175000	43	0	371.6266748	543.3763703	1642	0	3	2	13	38	14	65
175000	44	0	211.4203163	287.2408759	1644	0	3	2	13	38	14	65
175000	45	0	191.301036	370.2894576	1641	0	2	2	13	38	14	65
175000	56	0	508.2823961	483.4297066	1636	0	3	2	13	38	14	65
175000	76	0	274.0797322	215.8259282	1643	0	3	2	13	38	14	65
175000	77	0	453.769933	195.5855143	1643	0	3	2	13	38	14	65
175000	94	0	359.0917375	181.4884569	1646	0	3	2	13	38	14	65
175000	104	0	564.5273723	406.9081509	1644	0	3	2	13	38	14	65
175000	52	1	441.7449367	224.4607595	1580	1	3	1	13	38	14	65
175000	54	1	497.7634409	277.0904491	1581	1	4	1	13	38	14	65
175000	62	1	456.9847909	268.2370089	1578	3	3	0	13	38	14	65
175000	63	1	479.4193548	238.5053763	1581	0	3	2	13	38	14	65
175000	67	1	246.259658	351.8138062	1579	0	5	0	13	38	14	65
175000	70	1	359.2504744	238.6198608	1581	2	4	0	13	38	14	65
175000	78	1	423.228969	514.1372549	1581	0	4	2	13	38	14	65
175000	81	1	316.5566097	259.8678052	1581	2	4	0	13	38	14	65
175000	83	1	280.2239089	291.059456	1581	1	5	0	13	38	14	65
175000	84	1	281.6736243	428.0740038	1581	1	4	0	13	38	14	65
175000	87	1	505.5076046	326.5779468	1578	2	4	0	13	38	14	65
175000	89	1	350.4365482	480.213198	1576	1	5	0	13	38	14	65
175000	90	1	276.9518072	335.0754597	1577	2	4	0	13	38	14	65
175000	91	1	210.9282995	343.4022843	1576	0	3	2	13	38	14	65
175000	92	1	250.5269158	267.0854972	1579	0	3	2	13	38	14	65
175000	93	1	236.7371754	309.1545282	1579	0	5	1	13	38	14	65
175000	96	1	266.6740788	470.0698856	1574	0	4	2	13	38	14	65
175000	97	1	308.2039265	455.5022166	1579	2	4	0	13	38	14	65
175000	98	1	284.6801262	243.9173502	1585	0	4	1	13	38	14	65
175000	100	1	503.0543272	410.8660771	1583	2	4	0	13	38	14	65
175000	101	1	485.4329114	454.4044304	1580	1	4	1	13	38	14	65
175000	103	1	320.6812421	216.5595691	1578	0	4	2	13	38	14	65
175000	107	1	513.4522454	365.0872865	1581	1	4	0	13	38	14	65
175000	108	1	530.0766308	297.5528816	1579	0	3	2	13	38	14	65
175000	109	1	547.4301958	345.4017688	1583	0	4	2	13	38	14	65
175000	110	1	464.9297468	495.4006329	1580	0	3	2	13	38	14	65
175000	111	1	440.95	471.2335443	1580	2	4	0	13	38	14	65
175000	112	1	226.7336715	390.4610019	1577	0	4	2	13	38	14	65
175000	114	1	271.8252058	384.2286257	1579	2	5	0	13	38	14	65
175000	115	1	247.9892405	423.7765823	1580	0	4	1	13	38	14	65
175000	116	1	367.1614946	205.9119696	1579	0	3	1	13	38	14	65
175000	117	1	407.0533672	204.1423126	1574	1	3	2	13	38	14	65
175000	118	1	397.0899303	478.8480051	1579	2	4	0	13	38	14	65
175000	121	1	383.9531942	513.4636306	1581	0	4	1	13	38	14	65
175000	122	1	338.0532319	517.4043093	1578	0	3	2	13	38	14	65
175000	123	1	307.1301587	491.9066667	1575	0	4	1	13	38	14	65
175000	124	1	540.49461	392.9391249	1577	0	4	1	13	38	14	65
175000	125	1	525.0587121	438.7342172	1584	0	3	2	13	38	14	65
175000	6	2	318.3613251	309.9996148	2596	0	0	0	13	38	14	65
175000	7	2	420.2422025	304.5375433	2597	0	0	0	13	38	14	65
175000	12	2	373.4946029	334.2521203	2594	0	0	0	13	38	14	65
175000	13	2	419.2445129	365.7173662	2597	0	0	0	13	38	14	65
175000	18	2	322.2813102	358.6042389	2595	0	0	0	13	38	14	65
175000	19	2	370.22899	386.0666924	2594	0	0	0	13	38	14	65
175000	20	2	319.7512514	408.2391221	2597	0	0	0	13	38	14	65
175000	21	2	364.0619231	439.5753846	2600	0	0	0	13	38	14	65
175000	30	2	405.7953059	255.6125433	2599	0	0	0	13	38	14	65
175000	31	2	364.0592536	283.8618699	2599	0	0	0	13	38	14	65
175000	32	2	409.3968376	428.34516	2593	0	0	0	13	38	14	65
175000	33	2	452.0427746	419.6566474	2595	0	0	0	13	38	14	65
175000	48	2	462.2343209	320.5748365	2599	0	0	0	13	38	14	65
175000	49	2	470.4680277	373.0007704	2596	0	0	0	13	38	14	65

180000	3	0	439.6194529	532.1361702	1645	0	3	2	13	38	14	65
180000	25	0	567.0176829	326.8268293	1640	0	2	2	13	38	14	65
180000	28	0	222.1154313	439.9526124	1646	0	3	2	13	38	14	65
180000	37	0	524.1588558	246.7839318	1643	0	3	2	13	38	14	65
180000	42	0	282.7828467	513.6836983	1644	0	3	2	13	38	14	65
180000	43	0	369.4653285	542.4841849	1644	0	2	2	13	38	14	65
180000	44	0	215.4420024	286.3431013	1638	0	3	2	13	38	14	65
180000	45	0	192.815422	369.7146327	1647	0	2	2	13	38	14	65
180000	56	0	513.5091352	482.2911084	1642	0	3	2	13	38	14	65
180000	76	0	273.3940317	216.9750305	1642	0	3	2	13	38	14	65
180000	77	0	449.3244228	193.5838396	1646	0	3	2	13	38	14	65
180000	94	0	358.3615338	177.7242848	1643	0	3	2	13	38	14	65
180000	104	0	564.8746959	407.2791971	1644	0	3	2	13	38	14	65
180000	52	1	442.3981013	224.1702532	1580	1	3	1	13	38	14	65
180000	54	1	498.3525682	276.5922638	1577	1	4	1	13	38	14	65
180000	62	1	460.3901203	267.0652312	1579	3	3	0	13	38	14	65
180000	63	1	481.8766603	234.8127767	1581	0	3	2	13	38	14	65
180000	67	1	246.1269741	351.2804801	1583	0	5	0	13	38	14	65
180000	70	1	369.3191624	234.4930203	1576	2	4	0	13	38	14	65
180000	78	1	426.4201521	503.3403042	1578	0	4	1	13	38	14	65
180000	81	1	326.7987342	257.0632911	1580	2	4	0	13	38	14	65
180000	83	1	282.1609632	289.4493029	1578	1	5	0	13	38	14	65
180000	84	1	284.0227992	428.6092464	1579	1	4	0	13	38	14	65
180000	87	1	510.7406705	322.6502214	1581	2	4	0	13	38	14	65
180000	89	1	351.9879594	481.2382763	1578	1	5	0	13	38	14	65
180000	90	1	278.0208861	338.5601266	1580	2	4	0	13	38	14	65
180000	91	1	213.2468354	339.0018987	1580	0	3	2	13	38	14	65
180000	92	1	258.1826252	263.730501	1577	0	3	2	13	38	14	65
180000	93	1	240.2613924	306.3379747	1580	0	5	1	13	38	14	65
180000	96	1	266.1196203	468.6816456	1580	0	4	2	13	38	14	65
180000	97	1	310.4803797	457.4487342	1580	2	4	0	13	38	14	65
180000	98	1	292.2598226	241.3840304	1578	0	4	1	13	38	14	65
180000	100	1	498.1898413	410.5453968	1575	2	4	0	13	38	14	65
180000	101	1	486.835443	457.7670886	1580	1	4	1	13	38	14	65
180000	103	1	324.125158	217.0290771	1582	0	4	2	13	38	14	65
180000	107	1	515.3132911	366.8759494	1580	1	4	0	13	38	14	65
180000	108	1	532.4524715	293.2560203	1578	0	3	2	13	38	14	65
180000	109	1	548.9241946	349.6708781	1583	0	4	2	13	38	14	65
180000	110	1	468.379201	496.16487	1577	0	3	2	13	38	14	65
180000	111	1	443.5988629	465.8843967	1583	2	4	0	13	38	14	65
180000	112	1	227.7283091	386.920836	1579	0	4	2	13	38	14	65
180000	114	1	270.652725	387.4651458	1578	2	5	0	13	38	14	65
180000	115	1	245.6987952	424.3696893	1577	0	4	1	13	38	14	65
180000	116	1	363.2811906	199.6985434	1579	0	3	1	13	38	14	65
180000	117	1	406.1378874	206.2922201	1581	1	3	2	13	38	14	65
180000	118	1	396.9904822	475.4530457	1576	2	4	0	13	38	14	65
180000	121	1	384.0164245	513.8963992	1583	0	4	2	13	38	14	65
180000	122	1	336.7309645	517.2582487	1576	0	3	2	13	38	14	65
180000	123	1	305.8467384	492.9284357	1579	0	4	1	13	38	14	65
180000	124	1	541.1255549	394.6499683	1577	0	4	1	13	38	14	65
180000	125	1	523.9403932	436.7209892	1577	0	3	2	13	38	14	65
180000	6	2	315.8473077	311.9	2600	0	0	0	13	38	14	65
180000	7	2	420.3121632	300.17398	2598	0	0	0	13	38	14	65
180000	12	2	372.5953757	334.3649326	2595	0	0	0	13	38	14	65
180000	13	2	421.1421965	364.1564547	2595	0	0	0	13	38	14	65
180000	18	2	321.4003085	362.2564597	2593	0	0	0	13	38	14	65
180000	19	2	374.3409179	384.6864636	2593	0	0	0	13	38	14	65
180000	20	2	322.4141921	408.7913614	2593	0	0	0	13	38	14	65
180000	21	2	364.0350404	439.9118213	2597	0	0	0	13	38	14	65
180000	30	2	405.2425876	256.980747	2597	0	0	0	13	38	14	65
180000	31	2	360.916442	288.1990759	2597	0	0	0	13	38	14	65
180000	32	2	411.8587375	425.3148576	2598	0	0	0	13	38	14	65
180000	33	2	455.8691805	416.2743363	2599	0	0	0	13	38	14	65
180000	48	2	460.8425106	318.2164035	2597	0	0	0	13	38	14	65
180000	49	2	474.0634128	363.7947733	2602	0	0	0	13	38	14	65

185000	3	0	448.6100973	528.5948905	1644	0	2	2	13	38	14	65
185000	25	0	567.090134	312.9957369	1642	0	2	2	13	38	14	65
185000	28	0	220.3627511	442.1978089	1643	0	3	2	13	38	14	65
185000	37	0	526.6741641	246.2711246	1645	0	3	2	13	38	14	65
185000	42	0	282.3394161	512.9841849	1644	0	3	2	13	38	14	65
185000	43	0	373.8135283	542.4515539	1641	0	3	2	13	38	14	65
185000	44	0	221.2102377	279.2790981	1641	0	3	2	13	38	14	65
185000	45	0	194.6559074	366.7886724	1642	0	2	2	13	38	14	65
185000	56	0	516.3217762	476.7804136	1644	0	3	2	13	38	14	65
185000	76	0	279.6488131	213.0243457	1643	0	3	2	13	38	14	65
185000	77	0	448.1853659	190.670122	1640	0	3	2	13	38	14	65
185000	94	0	363.4131627	174.2967703	1641	0	3	2	13	38	14	65
185000	104	0	563.1882998	391.4351005	1641	0	3	2	13	38	14	65
185000	52	1	444.1545282	220.3179227	1579	1	3	1	13	38	14	65
185000	54	1	501.1693088	272.3335447	1577	1	4	1	13	38	14	65
185000	62	1	459.8496193	262.7829949	1576	3	3	0	13	38	14	65
185000	63	1	482.4828897	232.6831432	1578	0	3	2	13	38	14	65
185000	67	1	246.2281922	352.102402	1582	0	5	0	13	38	14	65
185000	70	1	360.8631179	234.1210393	1578	2	4	0	13	38	14	65
185000	78	1	422.3041825	508.6958175	1578	0	4	2	13	38	14	65
185000	81	1	323.4739848	258.8680203	1576	2	4	0	13	38	14	65
185000	83	1	288.9139785	286.3592663	1581	1	5	0	13	38	14	65
185000	84	1	281.5937896	426.6451204	1578	1	4	0	13	38	14	65
185000	87	1	507.3204315	321.2734772	1576	2	4	0	13	38	14	65
185000	89	1	353.7878018	484.6346887	1574	1	5	0	13	38	14	65
185000	90	1	278.3864213	337.4467005	1576	2	4	0	13	38	14	65
185000	91	1	215.290057	331.1697277	1579	0	3	2	13	38	14	65
185000	92	1	257.468651	265.4547182	1579	0	3	2	13	38	14	65
185000	93	1	250.4841572	305.6210393	1578	0	5	1	13	38	14	65
185000	96	1	263.3830057	464.8053266	1577	0	4	2	13	38	14	65
185000	97	1	309.255873	457.6895238	1575	2	4	0	13	38	14	65
185000	98	1	293.36	238.0552381	1575	0	4	1	13	38	14	65
185000	100	1	495.1445783	411.6011414	1577	2	4	0	13	38	14	65
185000	101	1	481.3495575	455.0815424	1582	1	4	1	13	38	14	65
185000	103	1	325.9087452	210.1983523	1578	0	4	2	13	38	14	65
185000	107	1	516.5348985	365.6541878	1576	1	4	0	13	38	14	65
185000	108	1	532.7098609	294.7705436	1582	0	3	2	13	38	14	65
185000	109	1	545.3229892	343.8435719	1579	0	4	2	13	38	14	65
185000	110	1	468.081749	493.026616	1578	0	3	2	13	38	14	65
185000	111	1	440.8503488	466.4495878	1577	2	4	0	13	38	14	65
185000	112	1	224.1565272	385.6641318	1578	0	4	2	13	38	14	65
185000	114	1	269.9020846	386.0644346	1583	2	5	0	13	38	14	65
185000	115	1	242.6056962	423.9582278	1580	0	4	1	13	38	14	65
185000	116	1	370.7326984	199.4514286	1575	0	3	1	13	38	14	65
185000	117	1	406.8829855	209.1714105	1581	1	3	2	13	38	14	65
185000	118	1	398.8776933	474.2560203	1578	2	4	0	13	38	14	65
185000	121	1	379.9016497	513.197335	1576	0	4	1	13	38	14	65
185000	122	1	330.7469956	516.3099304	1581	0	3	2	13	38	14	65
185000	123	1	302.2207464	489.2751423	1581	0	4	1	13	38	14	65
185000	124	1	534.6300761	402.2861675	1576	0	4	1	13	38	14	65
185000	125	1	522.6935791	439.4780674	1573	0	3	2	13	38	14	65
185000	6	2	322.6271186	313.5196456	2596	0	0	0	13	38	14	65
185000	7	2	417.9156394	304.4275809	2596	0	0	0	13	38	14	65
185000	12	2	375.4687982	336.3243451	2596	0	0	0	13	38	14	65
185000	13	2	420.9795604	364.4026224	2593	0	0	0	13	38	14	65
185000	18	2	320.5467128	360.9134948	2601	0	0	0	13	38	14	65
185000	19	2	369.812861	388.2757027	2597	0	0	0	13	38	14	65
185000	20	2	319.6786127	408.8736031	2595	0	0	0	13	38	14	65
185000	21	2	361.447095	442.2916506	2599	0	0	0	13	38	14	65
185000	30	2	408.6284174	256.1536388	2597	0	0	0	13	38	14	65
185000	31	2	363.9757319	282.4668721	2596	0	0	0	13	38	14	65
185000	32	2	410.8090839	425.2755966	2598	0	0	0	13	38	14	65
185000	33	2	453.1979207	410.1725067	2597	0	0	0	13	38	14	65
185000	48	2	462.6073903	311.9226328	2598	0	0	0	13	38	14	65
185000	49	2	474.4543704	360.8463612	2597	0	0	0	13	38	14	65

190000	3	0	441.0967153	529.8321168	1644	0	3	2	13	38	14	65
190000	25	0	565.9554878	312.1	1640	0	2	2	13	38	14	65
190000	28	0	222.2912858	445.7958562	1641	0	3	2	13	38	14	65
190000	37	0	522.2805843	244.5051735	1643	0	3	2	13	38	14	65
190000	42	0	281.4215985	512.8004881	1639	0	3	2	13	38	14	65
190000	43	0	366.9938987	542.1921904	1639	0	2	2	13	38	14	65
190000	44	0	219.4635922	281.0449029	1648	0	3	2	13	38	14	65
190000	45	0	194.3035823	362.5768063	1647	0	2	2	13	38	14	65
190000	56	0	514.13581	477.3075518	1642	0	3	2	13	38	14	65
190000	76	0	279.3124239	212.9640682	1642	0	3	2	13	38	14	65
190000	77	0	442.4570384	189.2656917	1641	0	3	2	13	38	14	65
190000	94	0	363.6287279	175.2665855	1643	0	3	2	13	38	14	65
190000	104	0	565.3584906	406.2580645	1643	0	3	2	13	38	14	65
190000	52	1	441.0532319	220.1673004	1578	1	3	1	13	38	14	65
190000	54	1	498.8324873	275.8432741	1576	1	4	1	13	38	14	65
190000	62	1	459.5959468	261.5440152	1579	3	3	0	13	38	14	65
190000	63	1	482.6936709	232.5272152	1580	0	3	2	13	38	14	65
190000	67	1	249.68	351.7473016	1575	0	5	0	13	38	14	65
190000	70	1	362.9993671	235.2050633	1580	2	4	0	13	38	14	65
190000	78	1	426.4293857	505.7834072	1579	0	4	1	13	38	14	65
190000	81	1	323.8640961	256.9797724	1582	2	4	0	13	38	14	65
190000	83	1	291.047014	287.3506989	1574	1	5	0	13	38	14	65
190000	84	1	279.1783681	427.4016445	1581	1	4	0	13	38	14	65
190000	87	1	514.2174463	325.0303413	1582	2	4	0	13	38	14	65
190000	89	1	355.712294	480.7452471	1578	1	5	0	13	38	14	65
190000	90	1	283.2511097	332.5922638	1577	2	4	0	13	38	14	65
190000	91	1	217.989867	333.6143129	1579	0	3	2	13	38	14	65
190000	92	1	254.661178	267.2077264	1579	0	3	2	13	38	14	65
190000	93	1	249.8416719	308.0468651	1579	0	5	1	13	38	14	65
190000	96	1	265.0823306	467.4553515	1579	0	4	2	13	38	14	65
190000	97	1	309.8993034	456.49905	1579	2	4	0	13	38	14	65
190000	98	1	288.439442	244.2752061	1577	0	4	1	13	38	14	65
190000	100	1	499.6516783	407.9151362	1579	2	4	0	13	38	14	65
190000	101	1	479.3844205	446.7333756	1579	1	4	1	13	38	14	65
190000	103	1	320.9150824	212.8726236	1578	0	4	2	13	38	14	65
190000	107	1	520.5879365	368.864127	1575	1	4	0	13	38	14	65
190000	108	1	534.0609137	293.3343909	1576	0	3	2	13	38	14	65
190000	109	1	550.4673844	348.0930969	1579	0	4	2	13	38	14	65
190000	110	1	468.8788071	489.9968274	1576	0	3	2	13	38	14	65
190000	111	1	444.2966477	458.5787476	1581	2	4	0	13	38	14	65
190000	112	1	221.8829855	386.6654016	1581	0	4	2	13	38	14	65
190000	114	1	264.0215463	387.035488	1578	2	5	0	13	38	14	65
190000	115	1	242.9481013	425.3012658	1580	0	4	1	13	38	14	65
190000	116	1	357.7889734	199.6051965	1578	0	3	1	13	38	14	65
190000	117	1	402.250953	207.4205845	1574	1	3	2	13	38	14	65
190000	118	1	406.2704243	477.9379354	1579	2	4	0	13	38	14	65
190000	121	1	380.8063291	512.8892405	1580	0	4	2	13	38	14	65
190000	122	1	336.1379747	514.1031646	1580	0	3	2	13	38	14	65
190000	123	1	302.9536508	490.9568254	1575	0	4	1	13	38	14	65
190000	124	1	540.8322785	399.8860759	1580	0	4	1	13	38	14	65
190000	125	1	519.5668992	441.3506658	1577	0	3	2	13	38	14	65
190000	6	2	328.7859068	312.4412784	2597	0	0	0	13	38	14	65
190000	7	2	421.2774566	303.5938343	2595	0	0	0	13	38	14	65
190000	12	2	374.7945364	337.6590997	2599	0	0	0	13	38	14	65
190000	13	2	422.2284284	360.2345917	2596	0	0	0	13	38	14	65
190000	18	2	314.9184302	362.4278569	2599	0	0	0	13	38	14	65
190000	19	2	368.1201849	386.6471495	2596	0	0	0	13	38	14	65
190000	20	2	318.4484219	410.008853	2598	0	0	0	13	38	14	65
190000	21	2	362.0666153	442.8625337	2597	0	0	0	13	38	14	65
190000	30	2	409.832114	255.9168271	2597	0	0	0	13	38	14	65
190000	31	2	367.8608863	282.4847784	2595	0	0	0	13	38	14	65
190000	32	2	405.4736031	424.9637765	2595	0	0	0	13	38	14	65
190000	33	2	448.5463997	405.9310743	2597	0	0	0	13	38	14	65
190000	48	2	468.0431101	313.0862202	2598	0	0	0	13	38	14	65
190000	49	2	475.5762712	362.651772	2596	0	0	0	13	38	14	65

195000	3	0	435.3974437	532.7827145	1643	0	3	2	13	38	14	65
195000	25	0	569.5176185	321.8863913	1646	0	2	2	13	38	14	65
195000	28	0	217.1752891	440.60986	1643	0	3	2	13	38	14	65
195000	37	0	525.2003643	246.4213722	1647	0	3	2	13	38	14	65
195000	42	0	280.9142857	508.7580547	1645	0	3	2	13	38	14	65
195000	43	0	354.546285	542.4518879	1642	0	2	2	13	38	14	65
195000	44	0	215.6407295	283.7653495	1645	0	3	2	13	38	14	65
195000	45	0	196.1384146	354.4634146	1640	0	2	2	13	38	14	65
195000	56	0	506.9768716	485.1418138	1643	0	3	2	13	38	14	65
195000	76	0	280.8280488	212.0731707	1640	0	3	2	13	38	14	65
195000	77	0	445.2175503	193.9165143	1641	0	3	2	13	38	14	65
195000	94	0	358.2032867	174.7979306	1643	0	3	2	13	38	14	65
195000	104	0	564.7990285	406.335762	1647	0	3	2	13	38	14	65
195000	52	1	442.4421252	226.030993	1581	1	3	1	13	38	14	65
195000	54	1	504.0596825	276.3707937	1575	1	4	1	13	38	14	65
195000	62	1	461.6487001	263.7013316	1577	3	3	0	13	38	14	65
195000	63	1	486.1351523	238.0247462	1576	0	3	2	13	38	14	65
195000	67	1	256.139962	352.2615579	1579	1	5	0	13	38	14	65
195000	70	1	366.2528517	233.491128	1578	2	4	0	13	38	14	65
195000	78	1	425.1027267	505.4768548	1577	0	4	1	13	38	14	65
195000	81	1	325.4860759	258.5012658	1580	2	4	0	13	38	14	65
195000	83	1	291.5880862	283.1362484	1578	1	5	0	13	38	14	65
195000	84	1	278.3468611	429.1800888	1577	1	4	0	13	38	14	65
195000	87	1	511.4107937	325.3726984	1575	2	4	0	13	38	14	65
195000	89	1	353.9816223	481.2027883	1578	1	5	0	13	38	14	65
195000	90	1	279.4376187	320.8587714	1579	2	3	0	13	38	14	65
195000	91	1	222.8753953	338.199241	1581	0	3	2	13	38	14	65
195000	92	1	254.6924051	262.4860759	1580	0	3	2	13	38	14	65
195000	93	1	244.1280101	302.1020279	1578	0	5	1	13	38	14	65
195000	96	1	263.5628173	464.3616751	1576	0	4	2	13	38	14	65
195000	97	1	311.089297	455.608613	1579	2	4	0	13	38	14	65
195000	98	1	289.4920836	238.7770741	1579	0	4	1	13	38	14	65
195000	100	1	496.4071021	412.4508561	1577	2	4	0	13	38	14	65
195000	101	1	482.4008866	452.6903103	1579	1	4	1	13	38	14	65
195000	103	1	325.4794174	213.8150728	1579	0	4	2	13	38	14	65
195000	107	1	518.8828372	370.5319823	1579	1	4	0	13	38	14	65
195000	108	1	537.1609632	298.8282636	1578	0	3	2	13	38	14	65
195000	109	1	550.3572335	349.3274112	1576	0	4	2	13	38	14	65
195000	110	1	466.7785533	490.0209391	1576	0	3	2	13	38	14	65
195000	111	1	441.7048765	460.2735909	1579	2	4	0	13	38	14	65
195000	112	1	223.6689962	385.2820839	1574	0	4	2	13	38	14	65
195000	114	1	268.6453856	390.5986094	1582	2	4	0	13	38	14	65
195000	115	1	238.2946768	422.6901141	1578	0	4	1	13	38	14	65
195000	116	1	365.2675967	198.8585923	1577	0	3	1	13	38	14	65
195000	117	1	405.3449147	208.2469994	1583	1	3	2	13	38	14	65
195000	118	1	400.6603295	478.7712294	1578	2	4	0	13	38	14	65
195000	121	1	385.653773	518.8598605	1577	0	4	2	13	38	14	65
195000	122	1	340.1089987	513.4302915	1578	0	3	2	13	38	14	65
195000	123	1	304.7515803	489.6713021	1582	0	4	1	13	38	14	65
195000	124	1	539.4873418	399.7841772	1580	0	4	1	13	38	14	65
195000	125	1	521.4578847	440.7422419	1579	0	3	2	13	38	14	65
195000	6	2	330.2745476	311.5594917	2597	0	0	0	13	38	14	65
195000	7	2	425.6818182	305.7191834	2596	0	0	0	13	38	14	65
195000	12	2	374.1397767	337.25799	2597	0	0	0	13	38	14	65
195000	13	2	417.1063584	363.7109827	2595	0	0	0	13	38	14	65
195000	18	2	310.9245864	357.037322	2599	0	0	0	13	38	14	65
195000	19	2	365.0727203	386.4063101	2599	0	0	0	13	38	14	65
195000	20	2	317.6187355	406.3176561	2594	0	0	0	13	38	14	65
195000	21	2	360.817341	442.0554913	2595	0	0	0	13	38	14	65
195000	30	2	410.9052023	259.7472062	2595	0	0	0	13	38	14	65
195000	31	2	369.5979183	281.3477255	2594	0	0	0	13	38	14	65
195000	32	2	406.115429	426.3335898	2599	0	0	0	13	38	14	65
195000	33	2	448.9614792	407.8802003	2596	0	0	0	13	38	14	65
195000	48	2	467.5219231	318.3088462	2600	0	0	0	13	38	14	65
195000	49	2	475.0284834	365.43495	2598	0	0	0	13	38	14	65

200000	3	0	444.1794404	526.6976886	1644	0	3	2	13	38	14	65
200000	25	0	567.7194157	310.0535606	1643	0	2	2	13	38	14	65
200000	28	0	219.7868051	440.4569334	1637	0	3	2	13	38	14	65
200000	37	0	522.4432927	242.4567073	1640	0	3	2	13	38	14	65
200000	42	0	281.9859927	509.1266748	1642	0	3	2	13	38	14	65
200000	43	0	361.7763559	540.4850701	1641	0	2	2	13	38	14	65
200000	44	0	215.3647416	282.2796353	1645	0	3	2	13	38	14	65
200000	45	0	198.2977425	356.981086	1639	0	2	2	13	38	14	65
200000	56	0	517.4984765	478.804997	1641	0	3	2	13	38	14	65
200000	76	0	279.8470445	211.4521633	1641	0	3	2	13	38	14	65
200000	77	0	447.9653285	195.3607056	1644	0	3	2	13	38	14	65
200000	94	0	363.5941499	176.2394881	1641	0	3	2	13	38	14	65
200000	104	0	570.9933049	400.4570907	1643	0	3	2	13	38	14	65
200000	52	1	438.8203175	228.9028571	1575	1	3	1	13	38	14	65
200000	54	1	503.955499	277.4723458	1573	1	4	1	13	38	14	65
200000	62	1	465.6518706	267.6315789	1577	3	3	0	13	38	14	65
200000	63	1	482.8523447	236.7908745	1578	0	3	2	13	38	14	65
200000	67	1	263.7319848	351.3628319	1582	1	5	0	13	38	14	65
200000	70	1	368.4522454	234.7103099	1581	2	4	0	13	38	14	65
200000	78	1	428.3312223	501.050665	1579	0	4	1	13	38	14	65
200000	81	1	326.3681876	256.8098859	1578	2	4	0	13	38	14	65
200000	83	1	290.1328273	279.3851992	1581	1	4	0	13	38	14	65
200000	84	1	278.7237009	427.0532319	1578	1	4	0	13	38	14	65
200000	87	1	511.8068398	327.8575047	1579	2	4	0	13	38	14	65
200000	89	1	352.6273764	478.8314322	1578	1	5	0	13	38	14	65
200000	90	1	280.7019658	318.0215599	1577	2	4	0	13	38	14	65
200000	91	1	224.3105196	335.9531052	1578	0	3	2	13	38	14	65
200000	92	1	252.3153895	264.360988	1579	0	4	2	13	38	14	65
200000	93	1	242.5345155	304.4382521	1579	0	4	1	13	38	14	65
200000	96	1	264.7679138	465.7717185	1577	0	4	2	13	38	14	65
200000	97	1	309.8537975	454.5936709	1580	2	4	0	13	38	14	65
200000	98	1	287.3599493	238.7408112	1578	0	4	1	13	38	14	65
200000	100	1	502.2705957	410.4277567	1578	2	4	0	13	38	14	65
200000	101	1	491.3974684	453.05	1580	1	4	1	13	38	14	65
200000	103	1	325.0641677	215.6194409	1574	0	4	2	13	38	14	65
200000	107	1	523.736208	367.1477489	1577	1	4	0	13	38	14	65
200000	108	1	534.1375158	297.5082383	1578	0	3	2	13	38	14	65
200000	109	1	554.8695377	344.4040532	1579	0	4	2	13	38	14	65
200000	110	1	471.6780519	486.5528147	1581	0	3	2	13	38	14	65
200000	111	1	443.3977201	462.5351488	1579	2	4	0	13	38	14	65
200000	112	1	227.2691093	381.8641819	1583	0	4	2	13	38	14	65
200000	114	1	267.8893106	388.512334	1581	2	4	0	13	38	14	65
200000	115	1	240.9053367	424.7217281	1574	0	4	1	13	38	14	65
200000	116	1	367.4263125	200.9930424	1581	0	3	1	13	38	14	65
200000	117	1	407.5860759	204.3898734	1580	1	3	2	13	38	14	65
200000	118	1	397.4594937	477.6898734	1580	2	4	0	13	38	14	65
200000	121	1	386.1924051	515.3411392	1580	0	4	2	13	38	14	65
200000	122	1	336.7915082	513.5868188	1578	0	3	2	13	38	14	65
200000	123	1	305.7002535	489.2173638	1578	0	4	1	13	38	14	65
200000	124	1	543.971519	396.2759494	1580	0	4	1	13	38	14	65
200000	125	1	529.6164557	437.1664557	1580	0	3	2	13	38	14	65
200000	6	2	327.9311803	309.6355248	2601	0	0	0	13	38	14	65
200000	7	2	425.3773077	306.4403846	2600	0	0	0	13	38	14	65
200000	12	2	376.7072889	336.9706903	2593	0	0	0	13	38	14	65
200000	13	2	422.3570604	363.9088111	2599	0	0	0	13	38	14	65
200000	18	2	318.7979954	357.0717039	2594	0	0	0	13	38	14	65
200000	19	2	371.1865844	387.6044719	2594	0	0	0	13	38	14	65
200000	20	2	317.8078552	403.7123604	2597	0	0	0	13	38	14	65
200000	21	2	359.9049634	439.3662947	2599	0	0	0	13	38	14	65
200000	30	2	411.5069337	260.0631741	2596	0	0	0	13	38	14	65
200000	31	2	369.0123409	283.5229464	2593	0	0	0	13	38	14	65
200000	32	2	407.8403232	426.4740285	2599	0	0	0	13	38	14	65
200000	33	2	452.479584	414.7234206	2596	0	0	0	13	38	14	65
200000	48	2	468.6986143	321.0612009	2598	0	0	0	13	38	14	65
200000	49	2	476.2991914	370.5783596	2597	0	0	0	13	38	14	65

205000	3	0	448.4474803	523.8512447	1647	0	3	2	13	38	14	65
205000	25	0	571.6886045	318.2827544	1641	0	2	2	13	38	14	65
205000	28	0	226.4511233	446.7753491	1647	0	2	2	13	38	14	65
205000	37	0	520.9215328	248.0881995	1644	0	3	2	13	38	14	65
205000	42	0	284.4473524	509.8478393	1643	0	3	2	13	38	14	65
205000	43	0	364.0164134	541.074772	1645	0	2	2	13	38	14	65
205000	44	0	214.3599269	286.0036541	1642	0	3	2	13	38	14	65
205000	45	0	197.1317073	369.3335366	1640	0	3	2	13	38	14	65
205000	56	0	524.4674772	475.1854103	1645	0	3	2	13	38	14	65
205000	76	0	267.3412553	218.8104814	1641	0	3	2	13	38	14	65
205000	77	0	445.399635	191.2201946	1644	0	3	2	13	38	14	65
205000	94	0	349.5155204	179.9172246	1643	0	3	2	13	38	14	65
205000	104	0	572.5467801	399.7879708	1646	0	3	2	13	38	14	65
205000	52	1	443.6406844	223.9055767	1578	1	3	1	13	38	14	65
205000	54	1	502.3664557	282.5594937	1580	1	4	1	13	38	14	65
205000	62	1	461.8553299	263.4454315	1576	3	3	0	13	38	14	65
205000	63	1	484.3774541	236.0949968	1579	0	3	2	13	38	14	65
205000	67	1	260.569797	346.5114213	1576	1	5	0	13	38	14	65
205000	70	1	368.7564832	235.3744466	1581	2	4	0	13	38	14	65
205000	78	1	432.6183544	499.5778481	1580	0	4	1	13	38	14	65
205000	81	1	331.9873016	251.9739683	1575	2	4	0	13	38	14	65
205000	83	1	294.851617	279.4901712	1577	1	4	0	13	38	14	65
205000	84	1	284.2376738	429.8786346	1582	1	4	0	13	38	14	65
205000	87	1	512.3580482	325.6850444	1578	2	4	0	13	38	14	65
205000	89	1	355.1310127	483.293038	1580	1	5	0	13	38	14	65
205000	90	1	276.964512	314.1837769	1578	2	4	0	13	38	14	65
205000	91	1	219.0417986	339.0493984	1579	0	3	2	13	38	14	65
205000	92	1	257.3942857	264.695873	1575	0	4	2	13	38	14	65
205000	93	1	237.912192	305.4049274	1583	0	4	1	13	38	14	65
205000	96	1	267.1647655	462.2503169	1578	0	4	2	13	38	14	65
205000	97	1	317.4464851	457.3742875	1579	2	4	0	13	38	14	65
205000	98	1	291.6328472	238.6829423	1577	0	4	1	13	38	14	65
205000	100	1	504.3234177	413.0303797	1580	2	4	0	13	38	14	65
205000	101	1	485.9507265	450.0050537	1583	1	4	1	13	38	14	65
205000	103	1	321.4442332	213.5925222	1578	0	4	2	13	38	14	65
205000	107	1	519.9829114	365.9936709	1580	1	4	0	13	38	14	65
205000	108	1	539.0462318	299.9810006	1579	0	3	2	13	38	14	65
205000	109	1	553.4552949	350.2809131	1577	0	4	2	13	38	14	65
205000	110	1	476.7601523	483.9765228	1576	0	3	2	13	38	14	65
205000	111	1	440.8897338	461.5190114	1578	2	4	0	13	38	14	65
205000	112	1	231.2888748	379.699115	1582	0	4	1	13	38	14	65
205000	114	1	269.9156627	389.4641725	1577	2	4	0	13	38	14	65
205000	115	1	238.4176172	418.3954373	1578	0	4	2	13	38	14	65
205000	116	1	368.0982256	200.1108999	1578	0	3	1	13	38	14	65
205000	117	1	406.7803175	204.6285714	1575	1	3	2	13	38	14	65
205000	118	1	395.8507937	475.2488889	1575	2	4	0	13	38	14	65
205000	121	1	393.5844402	516.9898798	1581	0	4	2	13	38	14	65
205000	122	1	342.9045512	513.9386852	1582	0	3	2	13	38	14	65
205000	123	1	303.2666244	489.2843572	1579	0	4	1	13	38	14	65
205000	124	1	545.3055028	397.9114485	1581	0	4	1	13	38	14	65
205000	125	1	527.4126582	440.1759494	1580	0	3	2	13	38	14	65
205000	6	2	326.1900731	309.0134667	2599	0	0	0	13	38	14	65
205000	7	2	426.3936129	304.2073875	2599	0	0	0	13	38	14	65
205000	12	2	376.6060839	338.0777821	2597	0	0	0	13	38	14	65
205000	13	2	423.6960709	361.1617874	2596	0	0	0	13	38	14	65
205000	18	2	313.8782274	355.3537572	2595	0	0	0	13	38	14	65
205000	19	2	369.5071291	385.0608863	2595	0	0	0	13	38	14	65
205000	20	2	317.3683199	402.438293	2601	0	0	0	13	38	14	65
205000	21	2	360.8933385	437.2757027	2597	0	0	0	13	38	14	65
205000	30	2	410.0288906	257.7515408	2596	0	0	0	13	38	14	65
205000	31	2	369.5635593	287.6379045	2596	0	0	0	13	38	14	65
205000	32	2	407.7922278	426.1927664	2599	0	0	0	13	38	14	65
205000	33	2	449.7795306	410.5644479	2599	0	0	0	13	38	14	65
205000	48	2	467.38921	318.7953757	2595	0	0	0	13	38	14	65
205000	49	2	479.2053159	371.9996148	2596	0	0	0	13	38	14	65

210000	3	0	439.9737805	528.2542683	1640	0	3	2	13	38	14	65
210000	25	0	569.2999393	315.7170613	1647	0	2	2	13	38	14	65
210000	28	0	230.1246201	452.3221884	1645	0	2	2	13	38	14	65
210000	37	0	519.7952612	245.1597813	1646	0	3	2	13	38	14	65
210000	42	0	290.2874543	513.2155907	1642	0	3	2	13	38	14	65
210000	43	0	372.6555286	542.1063183	1646	0	2	2	13	38	14	65
210000	44	0	210.5322777	290.4457978	1642	0	3	2	13	38	14	65
210000	45	0	197.6427267	378.279367	1643	0	3	2	13	38	14	65
210000	56	0	516.6609756	482.4195122	1640	0	3	2	13	38	14	65
210000	76	0	268.1670732	218.595122	1640	0	3	2	13	38	14	65
210000	77	0	442.0243309	193.8108273	1644	0	3	2	13	38	14	65
210000	94	0	350.1613886	177.7850183	1642	0	3	2	13	38	14	65
210000	104	0	571.1689024	400.772561	1640	0	3	2	13	38	14	65
210000	52	1	441.9569348	227.0538315	1579	1	3	1	13	38	14	65
210000	54	1	502.2793932	281.789507	1582	1	4	1	13	38	14	65
210000	62	1	466.0063412	268.774889	1577	3	3	0	13	38	14	65
210000	63	1	484.9494949	238.5625	1584	0	3	2	13	38	14	65
210000	67	1	257.573055	345.4712207	1581	1	5	0	13	38	14	65
210000	70	1	365.2203927	232.5256491	1579	2	4	0	13	38	14	65
210000	78	1	430.6318124	497.0602028	1578	0	4	1	13	38	14	65
210000	81	1	328.8348158	254.9421855	1574	2	4	0	13	38	14	65
210000	83	1	295.4433186	281.0702977	1579	1	4	0	13	38	14	65
210000	84	1	284.2773908	424.5807473	1579	1	4	0	13	38	14	65
210000	87	1	512.8620253	328.0113924	1580	2	4	0	13	38	14	65
210000	89	1	352.4597337	481.4768548	1577	1	5	0	13	38	14	65
210000	90	1	276.5568254	312.4006349	1575	2	4	0	13	38	14	65
210000	91	1	215.7647059	338.9323213	1581	0	3	2	13	38	14	65
210000	92	1	253.7189873	264.5765823	1580	0	4	2	13	38	14	65
210000	93	1	239.0665821	303.8338618	1577	0	4	1	13	38	14	65
210000	96	1	269.5	460.8778481	1580	0	4	2	13	38	14	65
210000	97	1	314.1030993	455.2536369	1581	2	4	0	13	38	14	65
210000	98	1	287.6068484	241.769182	1577	0	4	1	13	38	14	65
210000	100	1	503.6603416	414.4889311	1581	2	4	0	13	38	14	65
210000	101	1	490.0347661	454.9823009	1582	1	4	1	13	38	14	65
210000	103	1	319.8005051	214.782197	1584	0	4	2	13	38	14	65
210000	107	1	522.2031646	367.3158228	1580	1	4	0	13	38	14	65
210000	108	1	535.3915244	300.4952562	1581	0	3	2	13	38	14	65
210000	109	1	557.4551768	350.9160354	1584	0	4	2	13	38	14	65
210000	110	1	472.4224193	491.2672578	1579	0	3	2	13	38	14	65
210000	111	1	444.4310127	460.4227848	1580	2	4	0	13	38	14	65
210000	112	1	232.4285714	380.5587863	1582	0	4	1	13	38	14	65
210000	114	1	268.6651871	389.2872543	1577	2	4	0	13	38	14	65
210000	115	1	237.206962	421.0348101	1580	0	4	2	13	38	14	65
210000	116	1	366.770741	197.5687144	1579	0	3	1	13	38	14	65
210000	117	1	404.6310127	210.2601266	1580	1	3	2	13	38	14	65
210000	118	1	394.9537389	475.5735108	1578	2	4	0	13	38	14	65
210000	121	1	388.4087452	512.5969582	1578	0	4	2	13	38	14	65
210000	122	1	339.910703	516.9043699	1579	0	3	2	13	38	14	65
210000	123	1	305.5830165	489.347275	1578	0	4	1	13	38	14	65
210000	124	1	540.2675967	399.2168675	1577	0	4	1	13	38	14	65
210000	125	1	533.2721519	441.3132911	1580	0	3	2	13	38	14	65
210000	6	2	327.3062404	312.9491525	2596	0	0	0	13	38	14	65
210000	7	2	423.2974952	303.6181118	2595	0	0	0	13	38	14	65
210000	12	2	372.421863	336.8745189	2598	0	0	0	13	38	14	65
210000	13	2	421.4201001	364.3584906	2597	0	0	0	13	38	14	65
210000	18	2	308.6602465	358.9087057	2596	0	0	0	13	38	14	65
210000	19	2	371.9491525	383.7515408	2596	0	0	0	13	38	14	65
210000	20	2	323.4252696	404.4583975	2596	0	0	0	13	38	14	65
210000	21	2	363.2946154	437.4042308	2600	0	0	0	13	38	14	65
210000	30	2	411.6818357	258.4951793	2593	0	0	0	13	38	14	65
210000	31	2	368.7791458	282.9276645	2599	0	0	0	13	38	14	65
210000	32	2	411.5886198	425.2864283	2601	0	0	0	13	38	14	65
210000	33	2	456.4524817	413.4786456	2599	0	0	0	13	38	14	65
210000	48	2	461.9780431	322.9661017	2596	0	0	0	13	38	14	65
210000	49	2	478.6830959	367.3927609	2597	0	0	0	13	38	14	65

