system_id,run_id,tick,intervention_kind,magnitude,temperature
system-2,system-2:displacement:-8:1,0,displacement,-8.0,20.0
system-2,system-2:displacement:3.5:2,0,displacement,3.5,20.0
system-4,system-4:displacement:-8:3,0,displacement,-8.0,20.0
system-6,system-6:displacement:-8:5,0,displacement,-8.0,20.0
system-4,system-4:displacement:3.5:4,0,displacement,3.5,20.0
system-6,system-6:displacement:3.5:6,0,displacement,3.5,20.0
system-2,system-2:displacement:3.5:2,1,displacement,3.5,18.575
system-4,system-4:displacement:-8:3,1,displacement,-8.0,19.925
system-2,system-2:displacement:-8:1,1,displacement,-8.0,18.575
system-4,system-4:displacement:3.5:4,1,displacement,3.5,19.925
system-6,system-6:displacement:-8:5,1,displacement,-8.0,21.275
system-6,system-6:displacement:3.5:6,1,displacement,3.5,21.275
system-2,system-2:displacement:3.5:2,2,displacement,3.5,17.577499999999997
system-4,system-4:displacement:-8:3,2,displacement,-8.0,19.872500000000002
system-2,system-2:displacement:-8:1,2,displacement,-8.0,17.577499999999997
system-4,system-4:displacement:3.5:4,2,displacement,3.5,19.872500000000002
system-6,system-6:displacement:3.5:6,2,displacement,3.5,22.167499999999997
system-6,system-6:displacement:-8:5,2,displacement,-8.0,22.167499999999997
system-2,system-2:displacement:3.5:2,3,displacement,3.5,16.879249999999995
system-4,system-4:displacement:-8:3,3,displacement,-8.0,19.83575
system-2,system-2:displacement:-8:1,3,displacement,-8.0,16.879249999999995
system-6,system-6:displacement:3.5:6,3,displacement,3.5,22.792249999999996
system-4,system-4:displacement:3.5:4,3,displacement,3.5,19.83575
system-6,system-6:displacement:-8:5,3,displacement,-8.0,22.792249999999996
system-4,system-4:displacement:-8:3,4,displacement,-8.0,19.810025
system-2,system-2:displacement:3.5:2,4,displacement,3.5,16.390474999999995
system-2,system-2:displacement:-8:1,4,displacement,-8.0,16.390474999999995
system-6,system-6:displacement:3.5:6,4,displacement,3.5,23.229574999999997
system-6,system-6:displacement:-8:5,4,displacement,-8.0,23.229574999999997
system-2,system-2:displacement:3.5:2,5,displacement,3.5,16.048332499999997
system-6,system-6:displacement:3.5:6,5,displacement,3.5,23.5357025
system-2,system-2:displacement:3.5:2,6,displacement,3.5,15.808832749999997
system-6,system-6:displacement:3.5:6,6,displacement,3.5,23.74999175
system-2,system-2:displacement:3.5:2,7,displacement,3.5,15.641182924999999
system-6,system-6:displacement:3.5:6,7,displacement,3.5,23.899994225
system-2,system-2:displacement:3.5:2,8,displacement,3.5,15.5238280475
system-6,system-6:displacement:3.5:6,8,displacement,3.5,24.0049959575
system-6,system-6:displacement:3.5:6,9,displacement,3.5,24.07849717025
system-2,system-2:displacement:3.5:2,9,displacement,3.5,15.44167963325
system-6,system-6:displacement:3.5:6,10,displacement,3.5,24.129948019175
system-2,system-2:displacement:3.5:2,10,displacement,3.5,15.384175743275001
system-2,system-2:displacement:3.5:2,11,displacement,3.5,15.3439230202925
system-6,system-6:displacement:3.5:6,11,displacement,3.5,24.165963613422498
system-2,system-2:displacement:3.5:2,12,displacement,3.5,15.31574611420475
system-6,system-6:displacement:3.5:6,12,displacement,3.5,24.191174529395752
system-6,system-6:displacement:3.5:6,13,displacement,3.5,24.208822170577026
system-2,system-2:displacement:3.5:2,13,displacement,3.5,15.296022279943324
system-2,system-2:displacement:3.5:2,14,displacement,3.5,15.282215595960327
system-6,system-6:displacement:3.5:6,14,displacement,3.5,24.221175519403918
system-2,system-2:displacement:3.5:2,15,displacement,3.5,15.272550917172229
system-6,system-6:displacement:3.5:6,15,displacement,3.5,24.229822863582744
system-2,system-2:displacement:3.5:2,16,displacement,3.5,15.26578564202056
system-6,system-6:displacement:3.5:6,16,displacement,3.5,24.235876004507922
system-2,system-2:displacement:3.5:2,17,displacement,3.5,15.261049949414392
system-6,system-6:displacement:3.5:6,17,displacement,3.5,24.240113203155545
system-2,system-2:displacement:3.5:2,18,displacement,3.5,15.257734964590075
system-6,system-6:displacement:3.5:6,18,displacement,3.5,24.243079242208882
system-2,system-2:displacement:3.5:2,19,displacement,3.5,15.255414475213051
system-6,system-6:displacement:3.5:6,19,displacement,3.5,24.24515546954622
system-2,system-2:displacement:3.5:2,20,displacement,3.5,15.253790132649137
system-6,system-6:displacement:3.5:6,20,displacement,3.5,24.246608828682355
system-2,system-2:displacement:3.5:2,21,displacement,3.5,17.702653092854398
system-6,system-6:displacement:3.5:6,21,displacement,3.5,26.69762618007765
system-2,system-2:displacement:3.5:2,22,displacement,3.5,16.966857164998075
system-6,system-6:displacement:3.5:6,22,displacement,3.5,25.963338326054355
system-2,system-2:displacement:3.5:2,23,displacement,3.5,16.45180001549865
system-6,system-6:displacement:3.5:6,23,displacement,3.5,25.44933682823805
system-2,system-2:displacement:3.5:2,24,displacement,3.5,16.09126001084906
system-6,system-6:displacement:3.5:6,24,displacement,3.5,25.089535779766635
system-2,system-2:displacement:3.5:2,25,displacement,3.5,15.838882007594343
system-6,system-6:displacement:3.5:6,25,displacement,3.5,24.837675045836644
system-2,system-2:displacement:3.5:2,26,displacement,3.5,15.66221740531604
system-6,system-6:displacement:3.5:6,26,displacement,3.5,24.66137253208565
system-2,system-2:displacement:3.5:2,27,displacement,3.5,15.538552183721228
system-6,system-6:displacement:3.5:6,27,displacement,3.5,24.537960772459954
system-2,system-2:displacement:3.5:2,28,displacement,3.5,15.45198652860486
system-6,system-6:displacement:3.5:6,28,displacement,3.5,24.45157254072197
system-4,system-4:displacement:3.5:4,4,displacement,3.5,19.810025
system-4,system-4:displacement:-8:3,5,displacement,-8.0,19.7920175
system-4,system-4:displacement:3.5:4,5,displacement,3.5,19.7920175
system-4,system-4:displacement:-8:3,6,displacement,-8.0,19.77941225
system-4,system-4:displacement:3.5:4,6,displacement,3.5,19.77941225
system-4,system-4:displacement:-8:3,7,displacement,-8.0,19.770588574999998
system-4,system-4:displacement:3.5:4,7,displacement,3.5,19.770588574999998
system-4,system-4:displacement:-8:3,8,displacement,-8.0,19.764412002499995
system-4,system-4:displacement:3.5:4,8,displacement,3.5,19.764412002499995
system-4,system-4:displacement:-8:3,9,displacement,-8.0,19.760088401749996
system-2,system-2:displacement:-8:1,5,displacement,-8.0,16.048332499999997
system-4,system-4:displacement:3.5:4,9,displacement,3.5,19.760088401749996
system-6,system-6:displacement:-8:5,5,displacement,-8.0,23.5357025
system-4,system-4:displacement:-8:3,10,displacement,-8.0,19.757061881225
system-2,system-2:displacement:-8:1,6,displacement,-8.0,15.808832749999997
system-4,system-4:displacement:-8:3,11,displacement,-8.0,19.7549433168575
system-2,system-2:displacement:-8:1,7,displacement,-8.0,15.641182924999999
system-6,system-6:displacement:-8:5,6,displacement,-8.0,23.74999175
system-4,system-4:displacement:-8:3,12,displacement,-8.0,19.753460321800247
system-6,system-6:displacement:-8:5,7,displacement,-8.0,23.899994225
system-4,system-4:displacement:-8:3,13,displacement,-8.0,19.752422225260172
system-6,system-6:displacement:-8:5,8,displacement,-8.0,24.0049959575
system-2,system-2:displacement:-8:1,8,displacement,-8.0,15.5238280475
system-4,system-4:displacement:-8:3,14,displacement,-8.0,19.75169555768212
system-6,system-6:displacement:-8:5,9,displacement,-8.0,24.07849717025
system-2,system-2:displacement:-8:1,9,displacement,-8.0,15.44167963325
system-4,system-4:displacement:-8:3,15,displacement,-8.0,19.751186890377483
system-6,system-6:displacement:-8:5,10,displacement,-8.0,24.129948019175
system-4,system-4:displacement:-8:3,16,displacement,-8.0,19.750830823264238
system-2,system-2:displacement:-8:1,10,displacement,-8.0,15.384175743275001
system-6,system-6:displacement:-8:5,11,displacement,-8.0,24.165963613422498
system-2,system-2:displacement:-8:1,11,displacement,-8.0,15.3439230202925
system-4,system-4:displacement:-8:3,17,displacement,-8.0,19.750581576284965
system-6,system-6:displacement:-8:5,12,displacement,-8.0,24.191174529395752
system-2,system-2:displacement:-8:1,12,displacement,-8.0,15.31574611420475
system-6,system-6:displacement:-8:5,13,displacement,-8.0,24.208822170577026
system-4,system-4:displacement:-8:3,18,displacement,-8.0,19.750407103399475
system-2,system-2:displacement:-8:1,13,displacement,-8.0,15.296022279943324
system-4,system-4:displacement:-8:3,19,displacement,-8.0,19.75028497237963
system-6,system-6:displacement:-8:5,14,displacement,-8.0,24.221175519403918
system-2,system-2:displacement:-8:1,14,displacement,-8.0,15.282215595960327
system-4,system-4:displacement:-8:3,20,displacement,-8.0,19.750199480665742
system-6,system-6:displacement:-8:5,15,displacement,-8.0,24.229822863582744
system-2,system-2:displacement:-8:1,15,displacement,-8.0,15.272550917172229
system-4,system-4:displacement:-8:3,21,displacement,-8.0,14.150139636466019
system-2,system-2:displacement:-8:1,16,displacement,-8.0,15.26578564202056
system-4,system-4:displacement:-8:3,22,displacement,-8.0,15.830097745526214
system-2,system-2:displacement:-8:1,17,displacement,-8.0,15.261049949414392
system-4,system-4:displacement:-8:3,23,displacement,-8.0,17.00606842186835
system-2,system-2:displacement:-8:1,18,displacement,-8.0,15.257734964590075
system-4,system-4:displacement:-8:3,24,displacement,-8.0,17.829247895307844
system-2,system-2:displacement:-8:1,19,displacement,-8.0,15.255414475213051
system-2,system-2:displacement:-8:1,20,displacement,-8.0,15.253790132649137
system-4,system-4:displacement:-8:3,25,displacement,-8.0,18.40547352671549
system-4,system-4:displacement:-8:3,26,displacement,-8.0,18.808831468700845
system-4,system-4:displacement:-8:3,27,displacement,-8.0,19.091182028090593
system-4,system-4:displacement:-8:3,28,displacement,-8.0,19.288827419663413
system-2,system-2:displacement:-8:1,21,displacement,-8.0,9.652653092854395
system-4,system-4:displacement:-8:3,29,displacement,-8.0,19.42717919376439
system-2,system-2:displacement:-8:1,22,displacement,-8.0,11.331857164998077
system-2,system-2:displacement:-8:1,23,displacement,-8.0,12.507300015498654
system-4,system-4:displacement:-8:3,30,displacement,-8.0,19.52402543563507
system-2,system-2:displacement:-8:1,24,displacement,-8.0,13.330110010849058
system-4,system-4:displacement:-8:3,31,displacement,-8.0,19.59181780494455
system-2,system-2:displacement:-8:1,25,displacement,-8.0,13.906077007594341
system-4,system-4:displacement:-8:3,32,displacement,-8.0,19.639272463461186
system-2,system-2:displacement:-8:1,26,displacement,-8.0,14.309253905316039
system-4,system-4:displacement:-8:3,33,displacement,-8.0,19.672490724422833
system-2,system-2:displacement:-8:1,27,displacement,-8.0,14.591477733721227
system-4,system-4:displacement:-8:3,34,displacement,-8.0,19.695743507095983
system-2,system-2:displacement:-8:1,28,displacement,-8.0,14.78903441360486
system-4,system-4:displacement:-8:3,35,displacement,-8.0,19.71202045496719
system-2,system-2:displacement:-8:1,29,displacement,-8.0,14.927324089523403
system-4,system-4:displacement:-8:3,36,displacement,-8.0,19.723414318477033
system-2,system-2:displacement:-8:1,30,displacement,-8.0,15.024126862666382
system-4,system-4:displacement:-8:3,37,displacement,-8.0,19.731390022933923
system-2,system-2:displacement:-8:1,31,displacement,-8.0,15.091888803866468
system-4,system-4:displacement:-8:3,38,displacement,-8.0,19.736973016053746
system-2,system-2:displacement:-8:1,32,displacement,-8.0,15.139322162706527
system-4,system-4:displacement:-8:3,39,displacement,-8.0,19.74088111123762
system-2,system-2:displacement:-8:1,33,displacement,-8.0,15.17252551389457
system-4,system-4:displacement:-8:3,40,displacement,-8.0,19.743616777866336
system-2,system-2:displacement:-8:1,34,displacement,-8.0,15.1957678597262
system-4,system-4:displacement:-8:3,41,displacement,-8.0,19.745531744506437
system-2,system-2:displacement:-8:1,35,displacement,-8.0,15.21203750180834
system-4,system-4:displacement:-8:3,42,displacement,-8.0,19.746872221154504
system-2,system-2:displacement:-8:1,36,displacement,-8.0,15.223426251265838
system-4,system-4:displacement:-8:3,43,displacement,-8.0,19.747810554808154
system-2,system-2:displacement:-8:1,37,displacement,-8.0,15.231398375886087
system-4,system-4:displacement:-8:3,44,displacement,-8.0,19.748467388365707
system-4,system-4:displacement:-8:3,45,displacement,-8.0,19.748927171855993
system-2,system-2:displacement:-8:1,38,displacement,-8.0,15.23697886312026
system-4,system-4:displacement:-8:3,46,displacement,-8.0,19.749249020299192
system-2,system-2:displacement:-8:1,39,displacement,-8.0,15.240885204184181
system-4,system-4:displacement:-8:3,47,displacement,-8.0,19.749474314209436
system-2,system-2:displacement:-8:1,40,displacement,-8.0,15.243619642928927
system-4,system-4:displacement:-8:3,48,displacement,-8.0,19.749632019946606
system-2,system-2:displacement:-8:1,41,displacement,-8.0,15.24553375005025
system-4,system-4:displacement:-8:3,49,displacement,-8.0,19.749742413962625
system-2,system-2:displacement:-8:1,42,displacement,-8.0,15.246873625035175
system-4,system-4:displacement:-8:3,50,displacement,-8.0,19.74981968977384
system-2,system-2:displacement:-8:1,43,displacement,-8.0,15.247811537524623
system-4,system-4:displacement:-8:3,51,displacement,-8.0,19.749873782841686
system-2,system-2:displacement:-8:1,44,displacement,-8.0,15.248468076267237
system-4,system-4:displacement:-8:3,52,displacement,-8.0,19.74991164798918
system-2,system-2:displacement:-8:1,45,displacement,-8.0,15.248927653387065
system-4,system-4:displacement:-8:3,53,displacement,-8.0,19.749938153592424
system-2,system-2:displacement:-8:1,46,displacement,-8.0,15.249249357370946
system-4,system-4:displacement:-8:3,54,displacement,-8.0,19.7499567075147
system-2,system-2:displacement:-8:1,47,displacement,-8.0,15.249474550159661
system-2,system-2:displacement:-8:1,48,displacement,-8.0,15.249632185111762
system-2,system-2:displacement:-8:1,49,displacement,-8.0,15.249742529578233
system-2,system-2:displacement:-8:1,50,displacement,-8.0,15.249819770704763
system-2,system-2:displacement:-8:1,51,displacement,-8.0,15.249873839493334
system-2,system-2:displacement:-8:1,52,displacement,-8.0,15.249911687645335
system-2,system-2:displacement:-8:1,53,displacement,-8.0,15.249938181351734
system-2,system-2:displacement:-8:1,54,displacement,-8.0,15.249956726946213
system-2,system-2:displacement:-8:1,55,displacement,-8.0,15.249969708862348
system-2,system-2:displacement:-8:1,56,displacement,-8.0,15.249978796203642
system-2,system-2:displacement:-8:1,57,displacement,-8.0,15.24998515734255
system-2,system-2:displacement:3.5:2,29,displacement,3.5,15.3913905700234
system-2,system-2:displacement:-8:1,58,displacement,-8.0,15.249989610139785
system-6,system-6:displacement:3.5:6,29,displacement,3.5,24.39110077850538
system-2,system-2:displacement:3.5:2,30,displacement,3.5,15.34897339901638
system-2,system-2:displacement:-8:1,59,displacement,-8.0,15.24999272709785
system-6,system-6:displacement:3.5:6,30,displacement,3.5,24.348770544953766
system-2,system-2:displacement:-8:1,60,displacement,-8.0,15.249994908968494
system-2,system-2:displacement:3.5:2,31,displacement,3.5,15.319281379311466
system-6,system-6:displacement:3.5:6,31,displacement,3.5,24.319139381467636
system-2,system-2:displacement:-8:1,61,displacement,-8.0,15.249996436277945
system-2,system-2:displacement:3.5:2,32,displacement,3.5,15.298496965518027
system-6,system-6:displacement:3.5:6,32,displacement,3.5,24.298397567027344
system-2,system-2:displacement:-8:1,62,displacement,-8.0,15.24999750539456
system-2,system-2:displacement:3.5:2,33,displacement,3.5,15.28394787586262
system-6,system-6:displacement:3.5:6,33,displacement,3.5,24.28387829691914
system-2,system-2:displacement:-8:1,63,displacement,-8.0,15.249998253776193
system-2,system-2:displacement:3.5:2,34,displacement,3.5,15.273763513103834
system-6,system-6:displacement:3.5:6,34,displacement,3.5,24.273714807843398
system-2,system-2:displacement:-8:1,64,displacement,-8.0,15.249998777643336
system-2,system-2:displacement:3.5:2,35,displacement,3.5,15.266634459172685
system-2,system-2:displacement:-8:1,65,displacement,-8.0,15.249999144350335
system-6,system-6:displacement:3.5:6,35,displacement,3.5,24.266600365490376
system-2,system-2:displacement:3.5:2,36,displacement,3.5,15.26164412142088
system-6,system-6:displacement:3.5:6,36,displacement,3.5,24.261620255843262
system-2,system-2:displacement:3.5:2,37,displacement,3.5,15.258150884994615
system-2,system-2:displacement:-8:1,66,displacement,-8.0,15.249999401045235
system-6,system-6:displacement:3.5:6,37,displacement,3.5,24.258134179090284
system-2,system-2:displacement:-8:1,67,displacement,-8.0,15.249999580731664
system-2,system-2:displacement:3.5:2,38,displacement,3.5,15.255705619496231
system-6,system-6:displacement:3.5:6,38,displacement,3.5,24.255693925363197
system-2,system-2:displacement:-8:1,68,displacement,-8.0,15.249999706512163
system-2,system-2:displacement:3.5:2,39,displacement,3.5,15.253993933647362
system-6,system-6:displacement:3.5:6,39,displacement,3.5,24.253985747754236
system-2,system-2:displacement:-8:1,69,displacement,-8.0,15.249999794558514
system-2,system-2:displacement:3.5:2,40,displacement,3.5,15.252795753553151
system-6,system-6:displacement:3.5:6,40,displacement,3.5,24.252790023427963
system-2,system-2:displacement:3.5:2,41,displacement,3.5,15.251957027487206
system-6,system-6:displacement:3.5:6,41,displacement,3.5,24.251953016399575
system-2,system-2:displacement:-8:1,70,displacement,-8.0,15.24999985619096
system-2,system-2:displacement:3.5:2,42,displacement,3.5,15.251369919241045
system-2,system-2:displacement:-8:1,71,displacement,-8.0,15.249999899333673
system-2,system-2:displacement:3.5:2,43,displacement,3.5,15.250958943468731
system-2,system-2:displacement:-8:1,72,displacement,-8.0,15.24999992953357
system-2,system-2:displacement:3.5:2,44,displacement,3.5,15.250671260428112
system-2,system-2:displacement:-8:1,73,displacement,-8.0,15.2499999506735
system-2,system-2:displacement:3.5:2,45,displacement,3.5,15.250469882299678
system-2,system-2:displacement:3.5:2,46,displacement,3.5,15.250328917609774
system-2,system-2:displacement:-8:1,74,displacement,-8.0,15.249999965471451
system-2,system-2:displacement:-8:1,75,displacement,-8.0,15.249999975830015
system-2,system-2:displacement:3.5:2,47,displacement,3.5,15.250230242326843
system-2,system-2:displacement:3.5:2,48,displacement,3.5,15.25016116962879
system-4,system-4:displacement:3.5:4,10,displacement,3.5,19.757061881225
system-2,system-2:displacement:-8:1,76,displacement,-8.0,15.249999983081011
system-2,system-2:displacement:3.5:2,49,displacement,3.5,15.250112818740153
system-4,system-4:displacement:3.5:4,11,displacement,3.5,19.7549433168575
system-2,system-2:displacement:-8:1,77,displacement,-8.0,15.249999988156707
system-2,system-2:displacement:3.5:2,50,displacement,3.5,15.250078973118107
system-4,system-4:displacement:3.5:4,12,displacement,3.5,19.753460321800247
system-2,system-2:displacement:-8:1,78,displacement,-8.0,15.249999991709695
system-2,system-2:displacement:3.5:2,51,displacement,3.5,15.250055281182675
system-4,system-4:displacement:3.5:4,13,displacement,3.5,19.752422225260172
system-2,system-2:displacement:-8:1,79,displacement,-8.0,15.249999994196786
system-4,system-4:displacement:3.5:4,14,displacement,3.5,19.75169555768212
system-2,system-2:displacement:3.5:2,52,displacement,3.5,15.250038696827872
system-2,system-2:displacement:-8:1,80,displacement,-8.0,15.24999999593775
system-4,system-4:displacement:3.5:4,15,displacement,3.5,19.751186890377483
system-2,system-2:displacement:3.5:2,53,displacement,3.5,15.250027087779511
system-2,system-2:displacement:-8:1,81,displacement,-8.0,15.249999997156426
system-4,system-4:displacement:3.5:4,16,displacement,3.5,19.750830823264238
system-2,system-2:displacement:3.5:2,54,displacement,3.5,15.250018961445658
system-2,system-2:displacement:-8:1,82,displacement,-8.0,15.2499999980095
system-4,system-4:displacement:3.5:4,17,displacement,3.5,19.750581576284965
system-2,system-2:displacement:3.5:2,55,displacement,3.5,15.250013273011959
system-2,system-2:displacement:-8:1,83,displacement,-8.0,15.24999999860665
system-2,system-2:displacement:-8:1,84,displacement,-8.0,15.249999999024656
system-2,system-2:displacement:3.5:2,56,displacement,3.5,15.250009291108372
system-4,system-4:displacement:3.5:4,18,displacement,3.5,19.750407103399475
system-2,system-2:displacement:-8:1,85,displacement,-8.0,15.24999999931726
system-2,system-2:displacement:3.5:2,57,displacement,3.5,15.250006503775861
system-2,system-2:displacement:3.5:2,58,displacement,3.5,15.250004552643102
system-2,system-2:displacement:-8:1,86,displacement,-8.0,15.249999999522082
system-4,system-4:displacement:3.5:4,19,displacement,3.5,19.75028497237963
system-2,system-2:displacement:-8:1,87,displacement,-8.0,15.249999999665457
system-2,system-2:displacement:3.5:2,59,displacement,3.5,15.250003186850172
system-4,system-4:displacement:3.5:4,20,displacement,3.5,19.750199480665742
system-2,system-2:displacement:3.5:2,60,displacement,3.5,15.25000223079512
system-2,system-2:displacement:-8:1,88,displacement,-8.0,15.249999999765821
system-6,system-6:displacement:-8:5,16,displacement,-8.0,24.235876004507922
system-2,system-2:displacement:3.5:2,61,displacement,3.5,15.250001561556585
system-2,system-2:displacement:-8:1,89,displacement,-8.0,15.249999999836076
system-4,system-4:displacement:3.5:4,21,displacement,3.5,22.20013963646602
system-6,system-6:displacement:-8:5,17,displacement,-8.0,24.240113203155545
system-2,system-2:displacement:-8:1,90,displacement,-8.0,15.249999999885253
system-2,system-2:displacement:3.5:2,62,displacement,3.5,15.25000109308961
system-6,system-6:displacement:-8:5,18,displacement,-8.0,24.243079242208882
system-4,system-4:displacement:3.5:4,22,displacement,3.5,21.465097745526215
system-2,system-2:displacement:-8:1,91,displacement,-8.0,15.249999999919677
system-2,system-2:displacement:3.5:2,63,displacement,3.5,15.250000765162728
system-6,system-6:displacement:-8:5,19,displacement,-8.0,24.24515546954622
system-2,system-2:displacement:-8:1,92,displacement,-8.0,15.249999999943775
system-2,system-2:displacement:3.5:2,64,displacement,3.5,15.25000053561391
system-4,system-4:displacement:3.5:4,23,displacement,3.5,20.950568421868354
system-6,system-6:displacement:-8:5,20,displacement,-8.0,24.246608828682355
system-2,system-2:displacement:-8:1,93,displacement,-8.0,15.249999999960643
system-2,system-2:displacement:3.5:2,65,displacement,3.5,15.250000374929737
system-4,system-4:displacement:3.5:4,24,displacement,3.5,20.59039789530785
system-2,system-2:displacement:-8:1,94,displacement,-8.0,15.24999999997245
system-2,system-2:displacement:3.5:2,66,displacement,3.5,15.250000262450815
system-4,system-4:displacement:3.5:4,25,displacement,3.5,20.338278526715495
system-6,system-6:displacement:-8:5,21,displacement,-8.0,18.646778387248236
system-2,system-2:displacement:-8:1,95,displacement,-8.0,15.249999999980714
system-4,system-4:displacement:3.5:4,26,displacement,3.5,20.161794968700846
system-2,system-2:displacement:-8:1,96,displacement,-8.0,15.2499999999865
system-2,system-2:displacement:3.5:2,67,displacement,3.5,15.25000018371557
system-6,system-6:displacement:-8:5,22,displacement,-8.0,20.327744871073765
system-2,system-2:displacement:-8:1,97,displacement,-8.0,15.24999999999055
system-2,system-2:displacement:3.5:2,68,displacement,3.5,15.250000128600899
system-6,system-6:displacement:-8:5,23,displacement,-8.0,21.504421409751636
system-4,system-4:displacement:3.5:4,27,displacement,3.5,20.03825647809059
system-2,system-2:displacement:-8:1,98,displacement,-8.0,15.249999999993385
system-2,system-2:displacement:3.5:2,69,displacement,3.5,15.250000090020627
system-6,system-6:displacement:-8:5,24,displacement,-8.0,22.328094986826144
system-4,system-4:displacement:3.5:4,28,displacement,3.5,19.951779534663416
system-2,system-2:displacement:-8:1,99,displacement,-8.0,15.249999999995369
system-2,system-2:displacement:3.5:2,70,displacement,3.5,15.25000006301444
system-6,system-6:displacement:-8:5,25,displacement,-8.0,22.9046664907783
system-4,system-4:displacement:3.5:4,29,displacement,3.5,19.89124567426439
system-2,system-2:displacement:3.5:2,71,displacement,3.5,15.250000044110108
system-6,system-6:displacement:-8:5,26,displacement,-8.0,23.30826654354481
system-2,system-2:displacement:-8:1,100,displacement,-8.0,15.249999999996758
system-4,system-4:displacement:3.5:4,30,displacement,3.5,19.848871971985076
system-2,system-2:displacement:-8:1,101,displacement,-8.0,15.24999999999773
system-2,system-2:displacement:3.5:2,72,displacement,3.5,15.250000030877075
system-6,system-6:displacement:-8:5,27,displacement,-8.0,23.590786580481364
system-2,system-2:displacement:-8:1,102,displacement,-8.0,15.249999999998412
system-4,system-4:displacement:3.5:4,31,displacement,3.5,19.819210380389553
system-2,system-2:displacement:3.5:2,73,displacement,3.5,15.250000021613953
system-2,system-2:displacement:3.5:2,74,displacement,3.5,15.250000015129768
system-2,system-2:displacement:-8:1,103,displacement,-8.0,15.249999999998888
system-6,system-6:displacement:-8:5,28,displacement,-8.0,23.788550606336955
system-2,system-2:displacement:-8:1,104,displacement,-8.0,15.249999999999222
system-2,system-2:displacement:-8:1,105,displacement,-8.0,15.249999999999456
system-2,system-2:displacement:-8:1,106,displacement,-8.0,15.24999999999962
system-2,system-2:displacement:-8:1,107,displacement,-8.0,15.249999999999734
system-2,system-2:displacement:-8:1,108,displacement,-8.0,15.249999999999815
system-2,system-2:displacement:-8:1,109,displacement,-8.0,15.24999999999987
system-2,system-2:displacement:-8:1,110,displacement,-8.0,15.24999999999991
system-2,system-2:displacement:-8:1,111,displacement,-8.0,15.249999999999938
system-2,system-2:displacement:-8:1,112,displacement,-8.0,15.249999999999957
system-2,system-2:displacement:-8:1,113,displacement,-8.0,15.24999999999997
system-2,system-2:displacement:-8:1,114,displacement,-8.0,15.249999999999979
system-2,system-2:displacement:-8:1,115,displacement,-8.0,15.249999999999986
system-2,system-2:displacement:-8:1,116,displacement,-8.0,15.24999999999999
system-2,system-2:displacement:-8:1,117,displacement,-8.0,15.249999999999993
system-2,system-2:displacement:-8:1,118,displacement,-8.0,15.249999999999995
system-2,system-2:displacement:-8:1,119,displacement,-8.0,15.249999999999996
system-2,system-2:displacement:-8:1,120,displacement,-8.0,15.249999999999996
system-2,system-2:displacement:-8:1,121,displacement,-8.0,15.249999999999996
system-2,system-2:displacement:-8:1,122,displacement,-8.0,15.249999999999996
system-2,system-2:displacement:-8:1,123,displacement,-8.0,15.249999999999996
system-2,system-2:displacement:-8:1,124,displacement,-8.0,15.249999999999996
system-2,system-2:displacement:-8:1,125,displacement,-8.0,15.249999999999996
system-2,system-2:displacement:-8:1,126,displacement,-8.0,15.249999999999996
system-2,system-2:displacement:-8:1,127,displacement,-8.0,15.249999999999996
system-2,system-2:displacement:-8:1,128,displacement,-8.0,15.249999999999996
system-2,system-2:displacement:-8:1,129,displacement,-8.0,15.249999999999996
system-2,system-2:displacement:-8:1,130,displacement,-8.0,15.249999999999996
system-2,system-2:displacement:-8:1,131,displacement,-8.0,15.249999999999996
system-2,system-2:displacement:-8:1,132,displacement,-8.0,15.249999999999996
system-2,system-2:displacement:-8:1,133,displacement,-8.0,15.249999999999996
system-2,system-2:displacement:-8:1,134,displacement,-8.0,15.249999999999996
system-2,system-2:displacement:-8:1,135,displacement,-8.0,15.249999999999996
system-2,system-2:displacement:-8:1,136,displacement,-8.0,15.249999999999996
system-4,system-4:displacement:-8:3,55,displacement,-8.0,19.74996969526029
system-2,system-2:displacement:-8:1,137,displacement,-8.0,15.249999999999996
system-2,system-2:displacement:-8:1,138,displacement,-8.0,15.249999999999996
system-4,system-4:displacement:-8:3,56,displacement,-8.0,19.749978786682203
system-2,system-2:displacement:-8:1,139,displacement,-8.0,15.249999999999996
system-4,system-4:displacement:-8:3,57,displacement,-8.0,19.749985150677542
system-2,system-2:displacement:-8:1,140,displacement,-8.0,15.249999999999996
system-4,system-4:displacement:-8:3,58,displacement,-8.0,19.74998960547428
system-2,system-2:displacement:-8:1,141,displacement,-8.0,15.249999999999996
system-4,system-4:displacement:-8:3,59,displacement,-8.0,19.749992723831994
system-2,system-2:displacement:-8:1,142,displacement,-8.0,15.249999999999996
system-4,system-4:displacement:-8:3,60,displacement,-8.0,19.749994906682396
system-2,system-2:displacement:-8:1,143,displacement,-8.0,15.249999999999996
system-4,system-4:displacement:-8:3,61,displacement,-8.0,19.749996434677676
system-2,system-2:displacement:-8:1,144,displacement,-8.0,15.249999999999996
system-4,system-4:displacement:-8:3,62,displacement,-8.0,19.749997504274376
system-2,system-2:displacement:-8:1,145,displacement,-8.0,15.249999999999996
system-2,system-2:displacement:-8:1,146,displacement,-8.0,15.249999999999996
system-4,system-4:displacement:-8:3,63,displacement,-8.0,19.749998252992064
system-2,system-2:displacement:-8:1,147,displacement,-8.0,15.249999999999996
system-4,system-4:displacement:-8:3,64,displacement,-8.0,19.749998777094447
system-2,system-2:displacement:-8:1,148,displacement,-8.0,15.249999999999996
system-4,system-4:displacement:-8:3,65,displacement,-8.0,19.749999143966114
system-2,system-2:displacement:-8:1,149,displacement,-8.0,15.249999999999996
system-2,system-2:displacement:-8:1,150,displacement,-8.0,15.249999999999996
system-4,system-4:displacement:-8:3,66,displacement,-8.0,19.749999400776282
system-2,system-2:displacement:-8:1,151,displacement,-8.0,15.249999999999996
system-4,system-4:displacement:-8:3,67,displacement,-8.0,19.749999580543395
system-2,system-2:displacement:-8:1,152,displacement,-8.0,15.249999999999996
system-4,system-4:displacement:-8:3,68,displacement,-8.0,19.74999970638038
system-2,system-2:displacement:-8:1,153,displacement,-8.0,15.249999999999996
system-4,system-4:displacement:-8:3,69,displacement,-8.0,19.749999794466266
system-2,system-2:displacement:-8:1,154,displacement,-8.0,15.249999999999996
system-4,system-4:displacement:-8:3,70,displacement,-8.0,19.749999856126387
system-2,system-2:displacement:-8:1,155,displacement,-8.0,15.249999999999996
system-2,system-2:displacement:-8:1,156,displacement,-8.0,15.249999999999996
system-4,system-4:displacement:-8:3,71,displacement,-8.0,19.74999989928847
system-2,system-2:displacement:-8:1,157,displacement,-8.0,15.249999999999996
system-4,system-4:displacement:-8:3,72,displacement,-8.0,19.74999992950193
system-2,system-2:displacement:-8:1,158,displacement,-8.0,15.249999999999996
system-2,system-2:displacement:-8:1,159,displacement,-8.0,15.249999999999996
system-4,system-4:displacement:-8:3,73,displacement,-8.0,19.74999995065135
system-2,system-2:displacement:-8:1,160,displacement,-8.0,15.249999999999996
system-4,system-4:displacement:-8:3,74,displacement,-8.0,19.74999996545594
system-4,system-4:displacement:-8:3,75,displacement,-8.0,19.749999975819158
system-4,system-4:displacement:-8:3,76,displacement,-8.0,19.74999998307341
system-4,system-4:displacement:-8:3,77,displacement,-8.0,19.749999988151387
system-4,system-4:displacement:-8:3,78,displacement,-8.0,19.74999999170597
system-4,system-4:displacement:-8:3,79,displacement,-8.0,19.749999994194177
system-4,system-4:displacement:-8:3,80,displacement,-8.0,19.749999995935923
system-4,system-4:displacement:-8:3,81,displacement,-8.0,19.749999997155147
system-4,system-4:displacement:-8:3,82,displacement,-8.0,19.749999998008605
system-6,system-6:displacement:3.5:6,42,displacement,3.5,24.251367111479702
system-4,system-4:displacement:-8:3,83,displacement,-8.0,19.74999999860602
system-6,system-6:displacement:3.5:6,43,displacement,3.5,24.250956978035788
system-4,system-4:displacement:-8:3,84,displacement,-8.0,19.74999999902421
system-4,system-4:displacement:-8:3,85,displacement,-8.0,19.749999999316948
system-6,system-6:displacement:3.5:6,44,displacement,3.5,24.25066988462505
system-4,system-4:displacement:-8:3,86,displacement,-8.0,19.74999999952186
system-6,system-6:displacement:3.5:6,45,displacement,3.5,24.250468919237534
system-4,system-4:displacement:-8:3,87,displacement,-8.0,19.749999999665302
system-6,system-6:displacement:3.5:6,46,displacement,3.5,24.250328243466274
system-4,system-4:displacement:-8:3,88,displacement,-8.0,19.74999999976571
system-6,system-6:displacement:3.5:6,47,displacement,3.5,24.250229770426394
system-4,system-4:displacement:-8:3,89,displacement,-8.0,19.749999999835996
system-6,system-6:displacement:3.5:6,48,displacement,3.5,24.250160839298474
system-4,system-4:displacement:-8:3,90,displacement,-8.0,19.749999999885198
system-6,system-6:displacement:3.5:6,49,displacement,3.5,24.25011258750893
system-4,system-4:displacement:-8:3,91,displacement,-8.0,19.749999999919638
system-4,system-4:displacement:-8:3,92,displacement,-8.0,19.749999999943746
system-4,system-4:displacement:-8:3,93,displacement,-8.0,19.74999999996062
system-4,system-4:displacement:-8:3,94,displacement,-8.0,19.749999999972434
system-4,system-4:displacement:-8:3,95,displacement,-8.0,19.749999999980705
system-4,system-4:displacement:-8:3,96,displacement,-8.0,19.749999999986496
system-4,system-4:displacement:-8:3,97,displacement,-8.0,19.749999999990546
system-4,system-4:displacement:-8:3,98,displacement,-8.0,19.74999999999338
system-4,system-4:displacement:-8:3,99,displacement,-8.0,19.749999999995367
system-4,system-4:displacement:-8:3,100,displacement,-8.0,19.749999999996756
system-4,system-4:displacement:-8:3,101,displacement,-8.0,19.74999999999773
system-4,system-4:displacement:-8:3,102,displacement,-8.0,19.749999999998412
system-4,system-4:displacement:-8:3,103,displacement,-8.0,19.749999999998888
system-4,system-4:displacement:-8:3,104,displacement,-8.0,19.749999999999222
system-4,system-4:displacement:-8:3,105,displacement,-8.0,19.749999999999456
system-4,system-4:displacement:-8:3,106,displacement,-8.0,19.74999999999962
system-4,system-4:displacement:-8:3,107,displacement,-8.0,19.749999999999734
system-4,system-4:displacement:-8:3,108,displacement,-8.0,19.749999999999815
system-4,system-4:displacement:-8:3,109,displacement,-8.0,19.749999999999872
system-4,system-4:displacement:-8:3,110,displacement,-8.0,19.74999999999991
system-4,system-4:displacement:-8:3,111,displacement,-8.0,19.749999999999936
system-4,system-4:displacement:-8:3,112,displacement,-8.0,19.749999999999957
system-4,system-4:displacement:-8:3,113,displacement,-8.0,19.74999999999997
system-4,system-4:displacement:-8:3,114,displacement,-8.0,19.74999999999998
system-4,system-4:displacement:-8:3,115,displacement,-8.0,19.749999999999986
system-4,system-4:displacement:-8:3,116,displacement,-8.0,19.74999999999999
system-4,system-4:displacement:-8:3,117,displacement,-8.0,19.749999999999993
system-4,system-4:displacement:-8:3,118,displacement,-8.0,19.749999999999993
system-4,system-4:displacement:-8:3,119,displacement,-8.0,19.749999999999993
system-4,system-4:displacement:-8:3,120,displacement,-8.0,19.749999999999993
system-4,system-4:displacement:-8:3,121,displacement,-8.0,19.749999999999993
system-4,system-4:displacement:-8:3,122,displacement,-8.0,19.749999999999993
system-4,system-4:displacement:-8:3,123,displacement,-8.0,19.749999999999993
system-4,system-4:displacement:-8:3,124,displacement,-8.0,19.749999999999993
system-4,system-4:displacement:-8:3,125,displacement,-8.0,19.749999999999993
system-4,system-4:displacement:-8:3,126,displacement,-8.0,19.749999999999993
system-4,system-4:displacement:-8:3,127,displacement,-8.0,19.749999999999993
system-4,system-4:displacement:-8:3,128,displacement,-8.0,19.749999999999993
system-4,system-4:displacement:-8:3,129,displacement,-8.0,19.749999999999993
system-4,system-4:displacement:-8:3,130,displacement,-8.0,19.749999999999993
system-4,system-4:displacement:-8:3,131,displacement,-8.0,19.749999999999993
system-4,system-4:displacement:-8:3,132,displacement,-8.0,19.749999999999993
system-4,system-4:displacement:-8:3,133,displacement,-8.0,19.749999999999993
system-4,system-4:displacement:-8:3,134,displacement,-8.0,19.749999999999993
system-4,system-4:displacement:-8:3,135,displacement,-8.0,19.749999999999993
system-4,system-4:displacement:-8:3,136,displacement,-8.0,19.749999999999993
system-4,system-4:displacement:-8:3,137,displacement,-8.0,19.749999999999993
system-4,system-4:displacement:-8:3,138,displacement,-8.0,19.749999999999993
system-4,system-4:displacement:-8:3,139,displacement,-8.0,19.749999999999993
system-4,system-4:displacement:-8:3,140,displacement,-8.0,19.749999999999993
system-4,system-4:displacement:-8:3,141,displacement,-8.0,19.749999999999993
system-4,system-4:displacement:-8:3,142,displacement,-8.0,19.749999999999993
system-4,system-4:displacement:-8:3,143,displacement,-8.0,19.749999999999993
system-4,system-4:displacement:-8:3,144,displacement,-8.0,19.749999999999993
system-4,system-4:displacement:-8:3,145,displacement,-8.0,19.749999999999993
system-4,system-4:displacement:-8:3,146,displacement,-8.0,19.749999999999993
system-4,system-4:displacement:-8:3,147,displacement,-8.0,19.749999999999993
system-4,system-4:displacement:-8:3,148,displacement,-8.0,19.749999999999993
system-4,system-4:displacement:-8:3,149,displacement,-8.0,19.749999999999993
system-4,system-4:displacement:-8:3,150,displacement,-8.0,19.749999999999993
system-4,system-4:displacement:-8:3,151,displacement,-8.0,19.749999999999993
system-4,system-4:displacement:-8:3,152,displacement,-8.0,19.749999999999993
system-4,system-4:displacement:-8:3,153,displacement,-8.0,19.749999999999993
system-4,system-4:displacement:-8:3,154,displacement,-8.0,19.749999999999993
system-4,system-4:displacement:-8:3,155,displacement,-8.0,19.749999999999993
system-4,system-4:displacement:3.5:4,32,displacement,3.5,19.79844726627269
system-4,system-4:displacement:-8:3,156,displacement,-8.0,19.749999999999993
system-2,system-2:displacement:3.5:2,75,displacement,3.5,15.250000010590838
system-4,system-4:displacement:-8:3,157,displacement,-8.0,19.749999999999993
system-6,system-6:displacement:-8:5,29,displacement,-8.0,23.92698542443587
system-4,system-4:displacement:-8:3,158,displacement,-8.0,19.749999999999993
system-2,system-2:displacement:3.5:2,76,displacement,3.5,15.250000007413586
system-4,system-4:displacement:-8:3,159,displacement,-8.0,19.749999999999993
system-6,system-6:displacement:-8:5,30,displacement,-8.0,24.02388979710511
system-2,system-2:displacement:3.5:2,77,displacement,3.5,15.25000000518951
system-4,system-4:displacement:-8:3,160,displacement,-8.0,19.749999999999993
system-6,system-6:displacement:-8:5,31,displacement,-8.0,24.091722857973576
system-2,system-2:displacement:3.5:2,78,displacement,3.5,15.250000003632657
system-6,system-6:displacement:-8:5,32,displacement,-8.0,24.139206000581503
system-2,system-2:displacement:3.5:2,79,displacement,3.5,15.25000000254286
system-6,system-6:displacement:-8:5,33,displacement,-8.0,24.17244420040705
system-2,system-2:displacement:3.5:2,80,displacement,3.5,15.250000001780002
system-6,system-6:displacement:-8:5,34,displacement,-8.0,24.195710940284933
system-6,system-6:displacement:-8:5,35,displacement,-8.0,24.21199765819945
system-2,system-2:displacement:3.5:2,81,displacement,3.5,15.250000001246
system-6,system-6:displacement:-8:5,36,displacement,-8.0,24.223398360739615
system-2,system-2:displacement:3.5:2,82,displacement,3.5,15.2500000008722
system-6,system-6:displacement:-8:5,37,displacement,-8.0,24.23137885251773
system-2,system-2:displacement:3.5:2,83,displacement,3.5,15.250000000610541
system-6,system-6:displacement:-8:5,38,displacement,-8.0,24.236965196762412
system-2,system-2:displacement:3.5:2,84,displacement,3.5,15.250000000427379
system-6,system-6:displacement:-8:5,39,displacement,-8.0,24.240875637733687
system-2,system-2:displacement:3.5:2,85,displacement,3.5,15.250000000299165
system-6,system-6:displacement:-8:5,40,displacement,-8.0,24.243612946413577
system-2,system-2:displacement:3.5:2,86,displacement,3.5,15.250000000209415
system-6,system-6:displacement:-8:5,41,displacement,-8.0,24.245529062489503
system-2,system-2:displacement:3.5:2,87,displacement,3.5,15.250000000146592
system-6,system-6:displacement:-8:5,42,displacement,-8.0,24.24687034374265
system-2,system-2:displacement:3.5:2,88,displacement,3.5,15.250000000102615
system-6,system-6:displacement:-8:5,43,displacement,-8.0,24.24780924061986
system-2,system-2:displacement:3.5:2,89,displacement,3.5,15.25000000007183
system-6,system-6:displacement:-8:5,44,displacement,-8.0,24.2484664684339
system-2,system-2:displacement:3.5:2,90,displacement,3.5,15.250000000050282
system-6,system-6:displacement:-8:5,45,displacement,-8.0,24.24892652790373
system-6,system-6:displacement:-8:5,46,displacement,-8.0,24.24924856953261
system-2,system-2:displacement:3.5:2,91,displacement,3.5,15.250000000035197
system-2,system-2:displacement:3.5:2,92,displacement,3.5,15.250000000024638
system-6,system-6:displacement:-8:5,47,displacement,-8.0,24.249473998672826
system-6,system-6:displacement:-8:5,48,displacement,-8.0,24.24963179907098
system-2,system-2:displacement:3.5:2,93,displacement,3.5,15.250000000017245
system-6,system-6:displacement:-8:5,49,displacement,-8.0,24.249742259349684
system-2,system-2:displacement:3.5:2,94,displacement,3.5,15.250000000012072
system-6,system-6:displacement:-8:5,50,displacement,-8.0,24.249819581544777
system-2,system-2:displacement:3.5:2,95,displacement,3.5,15.25000000000845
system-6,system-6:displacement:-8:5,51,displacement,-8.0,24.249873707081342
system-2,system-2:displacement:3.5:2,96,displacement,3.5,15.250000000005915
system-6,system-6:displacement:-8:5,52,displacement,-8.0,24.24991159495694
system-2,system-2:displacement:3.5:2,97,displacement,3.5,15.250000000004142
system-6,system-6:displacement:-8:5,53,displacement,-8.0,24.24993811646986
system-2,system-2:displacement:3.5:2,98,displacement,3.5,15.250000000002899
system-6,system-6:displacement:-8:5,54,displacement,-8.0,24.2499566815289
system-6,system-6:displacement:-8:5,55,displacement,-8.0,24.24996967707023
system-2,system-2:displacement:3.5:2,99,displacement,3.5,15.250000000002029
system-6,system-6:displacement:-8:5,56,displacement,-8.0,24.249978773949163
system-2,system-2:displacement:3.5:2,100,displacement,3.5,15.250000000001421
system-6,system-6:displacement:-8:5,57,displacement,-8.0,24.249985141764412
system-2,system-2:displacement:3.5:2,101,displacement,3.5,15.250000000000995
system-6,system-6:displacement:-8:5,58,displacement,-8.0,24.24998959923509
system-2,system-2:displacement:3.5:2,102,displacement,3.5,15.250000000000696
system-2,system-2:displacement:3.5:2,103,displacement,3.5,15.250000000000487
system-6,system-6:displacement:-8:5,59,displacement,-8.0,24.24999271946456
system-2,system-2:displacement:3.5:2,104,displacement,3.5,15.250000000000341
system-6,system-6:displacement:-8:5,60,displacement,-8.0,24.249994903625193
system-2,system-2:displacement:3.5:2,105,displacement,3.5,15.250000000000238
system-2,system-2:displacement:3.5:2,106,displacement,3.5,15.250000000000167
system-6,system-6:displacement:-8:5,61,displacement,-8.0,24.249996432537635
system-2,system-2:displacement:3.5:2,107,displacement,3.5,15.250000000000117
system-6,system-6:displacement:-8:5,62,displacement,-8.0,24.249997502776345
system-2,system-2:displacement:3.5:2,108,displacement,3.5,15.250000000000082
system-6,system-6:displacement:-8:5,63,displacement,-8.0,24.24999825194344
system-2,system-2:displacement:3.5:2,109,displacement,3.5,15.250000000000057
system-6,system-6:displacement:-8:5,64,displacement,-8.0,24.249998776360407
system-2,system-2:displacement:3.5:2,110,displacement,3.5,15.250000000000039
system-2,system-2:displacement:3.5:2,111,displacement,3.5,15.250000000000028
system-2,system-2:displacement:3.5:2,112,displacement,3.5,15.25000000000002
system-2,system-2:displacement:3.5:2,113,displacement,3.5,15.250000000000012
system-2,system-2:displacement:3.5:2,114,displacement,3.5,15.250000000000009
system-2,system-2:displacement:3.5:2,115,displacement,3.5,15.250000000000007
system-2,system-2:displacement:3.5:2,116,displacement,3.5,15.250000000000005
system-2,system-2:displacement:3.5:2,117,displacement,3.5,15.250000000000004
system-2,system-2:displacement:3.5:2,118,displacement,3.5,15.250000000000004
system-2,system-2:displacement:3.5:2,119,displacement,3.5,15.250000000000004
system-2,system-2:displacement:3.5:2,120,displacement,3.5,15.250000000000004
system-2,system-2:displacement:3.5:2,121,displacement,3.5,15.250000000000004
system-2,system-2:displacement:3.5:2,122,displacement,3.5,15.250000000000004
system-2,system-2:displacement:3.5:2,123,displacement,3.5,15.250000000000004
system-2,system-2:displacement:3.5:2,124,displacement,3.5,15.250000000000004
system-2,system-2:displacement:3.5:2,125,displacement,3.5,15.250000000000004
system-2,system-2:displacement:3.5:2,126,displacement,3.5,15.250000000000004
system-2,system-2:displacement:3.5:2,127,displacement,3.5,15.250000000000004
system-2,system-2:displacement:3.5:2,128,displacement,3.5,15.250000000000004
system-2,system-2:displacement:3.5:2,129,displacement,3.5,15.250000000000004
system-2,system-2:displacement:3.5:2,130,displacement,3.5,15.250000000000004
system-2,system-2:displacement:3.5:2,131,displacement,3.5,15.250000000000004
system-2,system-2:displacement:3.5:2,132,displacement,3.5,15.250000000000004
system-2,system-2:displacement:3.5:2,133,displacement,3.5,15.250000000000004
system-2,system-2:displacement:3.5:2,134,displacement,3.5,15.250000000000004
system-2,system-2:displacement:3.5:2,135,displacement,3.5,15.250000000000004
system-2,system-2:displacement:3.5:2,136,displacement,3.5,15.250000000000004
system-2,system-2:displacement:3.5:2,137,displacement,3.5,15.250000000000004
system-2,system-2:displacement:3.5:2,138,displacement,3.5,15.250000000000004
system-2,system-2:displacement:3.5:2,139,displacement,3.5,15.250000000000004
system-2,system-2:displacement:3.5:2,140,displacement,3.5,15.250000000000004
system-6,system-6:displacement:3.5:6,50,displacement,3.5,24.25007881125625
system-2,system-2:displacement:3.5:2,141,displacement,3.5,15.250000000000004
system-2,system-2:displacement:3.5:2,142,displacement,3.5,15.250000000000004
system-6,system-6:displacement:3.5:6,51,displacement,3.5,24.250055167879374
system-2,system-2:displacement:3.5:2,143,displacement,3.5,15.250000000000004
system-6,system-6:displacement:3.5:6,52,displacement,3.5,24.250038617515564
system-2,system-2:displacement:3.5:2,144,displacement,3.5,15.250000000000004
system-2,system-2:displacement:3.5:2,145,displacement,3.5,15.250000000000004
system-6,system-6:displacement:3.5:6,53,displacement,3.5,24.250027032260896
system-6,system-6:displacement:3.5:6,54,displacement,3.5,24.250018922582626
system-6,system-6:displacement:3.5:6,55,displacement,3.5,24.25001324580784
system-6,system-6:displacement:3.5:6,56,displacement,3.5,24.250009272065487
system-6,system-6:displacement:3.5:6,57,displacement,3.5,24.25000649044584
system-6,system-6:displacement:3.5:6,58,displacement,3.5,24.250004543312087
system-6,system-6:displacement:3.5:6,59,displacement,3.5,24.250003180318462
system-6,system-6:displacement:3.5:6,60,displacement,3.5,24.250002226222925
system-6,system-6:displacement:3.5:6,61,displacement,3.5,24.250001558356047
system-6,system-6:displacement:3.5:6,62,displacement,3.5,24.25000109084923
system-6,system-6:displacement:3.5:6,63,displacement,3.5,24.250000763594464
system-6,system-6:displacement:3.5:6,64,displacement,3.5,24.250000534516126
system-6,system-6:displacement:3.5:6,65,displacement,3.5,24.25000037416129
system-6,system-6:displacement:3.5:6,66,displacement,3.5,24.250000261912902
system-6,system-6:displacement:3.5:6,67,displacement,3.5,24.250000183339033
system-6,system-6:displacement:3.5:6,68,displacement,3.5,24.25000012833732
system-6,system-6:displacement:3.5:6,69,displacement,3.5,24.250000089836124
system-6,system-6:displacement:3.5:6,70,displacement,3.5,24.250000062885288
system-6,system-6:displacement:3.5:6,71,displacement,3.5,24.2500000440197
system-6,system-6:displacement:3.5:6,72,displacement,3.5,24.25000003081379
system-6,system-6:displacement:3.5:6,73,displacement,3.5,24.25000002156965
system-6,system-6:displacement:3.5:6,74,displacement,3.5,24.250000015098756
system-6,system-6:displacement:3.5:6,75,displacement,3.5,24.25000001056913
system-6,system-6:displacement:3.5:6,76,displacement,3.5,24.25000000739839
system-6,system-6:displacement:3.5:6,77,displacement,3.5,24.250000005178876
system-6,system-6:displacement:3.5:6,78,displacement,3.5,24.250000003625214
system-6,system-6:displacement:3.5:6,79,displacement,3.5,24.25000000253765
system-6,system-6:displacement:3.5:6,80,displacement,3.5,24.250000001776357
system-6,system-6:displacement:3.5:6,81,displacement,3.5,24.25000000124345
system-6,system-6:displacement:3.5:6,82,displacement,3.5,24.250000000870415
system-6,system-6:displacement:3.5:6,83,displacement,3.5,24.25000000060929
system-6,system-6:displacement:3.5:6,84,displacement,3.5,24.250000000426503
system-6,system-6:displacement:3.5:6,85,displacement,3.5,24.250000000298556
system-6,system-6:displacement:3.5:6,86,displacement,3.5,24.25000000020899
system-6,system-6:displacement:3.5:6,87,displacement,3.5,24.250000000146294
system-6,system-6:displacement:3.5:6,88,displacement,3.5,24.250000000102403
system-6,system-6:displacement:3.5:6,89,displacement,3.5,24.250000000071683
system-6,system-6:displacement:3.5:6,90,displacement,3.5,24.25000000005018
system-6,system-6:displacement:3.5:6,91,displacement,3.5,24.250000000035126
system-6,system-6:displacement:3.5:6,92,displacement,3.5,24.25000000002459
system-6,system-6:displacement:3.5:6,93,displacement,3.5,24.250000000017213
system-6,system-6:displacement:3.5:6,94,displacement,3.5,24.25000000001205
system-6,system-6:displacement:3.5:6,95,displacement,3.5,24.250000000008434
system-6,system-6:displacement:3.5:6,96,displacement,3.5,24.250000000005905
system-6,system-6:displacement:3.5:6,97,displacement,3.5,24.250000000004135
system-6,system-6:displacement:3.5:6,98,displacement,3.5,24.250000000002895
system-6,system-6:displacement:3.5:6,99,displacement,3.5,24.250000000002025
system-6,system-6:displacement:3.5:6,100,displacement,3.5,24.25000000000142
system-4,system-4:displacement:3.5:4,33,displacement,3.5,19.783913086390882
system-4,system-4:displacement:3.5:4,34,displacement,3.5,19.773739160473617
system-4,system-4:displacement:3.5:4,35,displacement,3.5,19.766617412331534
system-4,system-4:displacement:3.5:4,36,displacement,3.5,19.761632188632078
system-4,system-4:displacement:3.5:4,37,displacement,3.5,19.758142532042456
system-4,system-4:displacement:3.5:4,38,displacement,3.5,19.75569977242972
system-4,system-4:displacement:3.5:4,39,displacement,3.5,19.7539898407008
system-4,system-4:displacement:3.5:4,40,displacement,3.5,19.75279288849056
system-4,system-4:displacement:3.5:4,41,displacement,3.5,19.75195502194339
system-6,system-6:displacement:-8:5,65,displacement,-8.0,24.249999143452285
system-6,system-6:displacement:-8:5,66,displacement,-8.0,24.2499994004166
system-6,system-6:displacement:-8:5,67,displacement,-8.0,24.249999580291618
system-6,system-6:displacement:-8:5,68,displacement,-8.0,24.249999706204132
system-6,system-6:displacement:-8:5,69,displacement,-8.0,24.24999979434289
system-6,system-6:displacement:-8:5,70,displacement,-8.0,24.24999985604002
system-6,system-6:displacement:-8:5,71,displacement,-8.0,24.249999899228015
system-6,system-6:displacement:-8:5,72,displacement,-8.0,24.249999929459612
system-6,system-6:displacement:-8:5,73,displacement,-8.0,24.249999950621728
system-6,system-6:displacement:-8:5,74,displacement,-8.0,24.249999965435208
system-6,system-6:displacement:-8:5,75,displacement,-8.0,24.249999975804645
system-6,system-6:displacement:-8:5,76,displacement,-8.0,24.24999998306325
system-6,system-6:displacement:-8:5,77,displacement,-8.0,24.24999998814428
system-6,system-6:displacement:-8:5,78,displacement,-8.0,24.249999991700992
system-6,system-6:displacement:-8:5,79,displacement,-8.0,24.249999994190695
system-6,system-6:displacement:-8:5,80,displacement,-8.0,24.249999995933486
system-6,system-6:displacement:-8:5,81,displacement,-8.0,24.249999997153438
system-6,system-6:displacement:-8:5,82,displacement,-8.0,24.249999998007407
system-6,system-6:displacement:-8:5,83,displacement,-8.0,24.249999998605183
system-6,system-6:displacement:-8:5,84,displacement,-8.0,24.24999999902363
system-6,system-6:displacement:-8:5,85,displacement,-8.0,24.24999999931654
system-6,system-6:displacement:-8:5,86,displacement,-8.0,24.249999999521577
system-6,system-6:displacement:-8:5,87,displacement,-8.0,24.249999999665103
system-6,system-6:displacement:-8:5,88,displacement,-8.0,24.24999999976557
system-6,system-6:displacement:-8:5,89,displacement,-8.0,24.2499999998359
system-2,system-2:displacement:3.5:2,146,displacement,3.5,15.250000000000004
system-2,system-2:displacement:3.5:2,147,displacement,3.5,15.250000000000004
system-2,system-2:displacement:3.5:2,148,displacement,3.5,15.250000000000004
system-2,system-2:displacement:3.5:2,149,displacement,3.5,15.250000000000004
system-2,system-2:displacement:3.5:2,150,displacement,3.5,15.250000000000004
system-2,system-2:displacement:3.5:2,151,displacement,3.5,15.250000000000004
system-2,system-2:displacement:3.5:2,152,displacement,3.5,15.250000000000004
system-6,system-6:displacement:3.5:6,101,displacement,3.5,24.250000000000995
system-6,system-6:displacement:3.5:6,102,displacement,3.5,24.250000000000696
system-6,system-6:displacement:3.5:6,103,displacement,3.5,24.250000000000487
system-6,system-6:displacement:3.5:6,104,displacement,3.5,24.25000000000034
system-6,system-6:displacement:3.5:6,105,displacement,3.5,24.250000000000238
system-6,system-6:displacement:3.5:6,106,displacement,3.5,24.250000000000167
system-6,system-6:displacement:3.5:6,107,displacement,3.5,24.250000000000117
system-6,system-6:displacement:3.5:6,108,displacement,3.5,24.25000000000008
system-6,system-6:displacement:3.5:6,109,displacement,3.5,24.250000000000057
system-6,system-6:displacement:3.5:6,110,displacement,3.5,24.25000000000004
system-6,system-6:displacement:3.5:6,111,displacement,3.5,24.250000000000025
system-6,system-6:displacement:3.5:6,112,displacement,3.5,24.250000000000018
system-6,system-6:displacement:3.5:6,113,displacement,3.5,24.250000000000014
system-6,system-6:displacement:3.5:6,114,displacement,3.5,24.25000000000001
system-6,system-6:displacement:3.5:6,115,displacement,3.5,24.250000000000007
system-6,system-6:displacement:3.5:6,116,displacement,3.5,24.250000000000007
system-4,system-4:displacement:3.5:4,42,displacement,3.5,19.751368515360376
system-6,system-6:displacement:3.5:6,117,displacement,3.5,24.250000000000007
system-6,system-6:displacement:3.5:6,118,displacement,3.5,24.250000000000007
system-4,system-4:displacement:3.5:4,43,displacement,3.5,19.75095796075226
system-6,system-6:displacement:3.5:6,119,displacement,3.5,24.250000000000007
system-4,system-4:displacement:3.5:4,44,displacement,3.5,19.75067057252658
system-6,system-6:displacement:3.5:6,120,displacement,3.5,24.250000000000007
system-6,system-6:displacement:3.5:6,121,displacement,3.5,24.250000000000007
system-4,system-4:displacement:3.5:4,45,displacement,3.5,19.75046940076861
system-6,system-6:displacement:3.5:6,122,displacement,3.5,24.250000000000007
system-4,system-4:displacement:3.5:4,46,displacement,3.5,19.750328580538024
system-6,system-6:displacement:3.5:6,123,displacement,3.5,24.250000000000007
system-6,system-6:displacement:3.5:6,124,displacement,3.5,24.250000000000007
system-4,system-4:displacement:3.5:4,47,displacement,3.5,19.75023000637662
system-6,system-6:displacement:3.5:6,125,displacement,3.5,24.250000000000007
system-4,system-4:displacement:3.5:4,48,displacement,3.5,19.750161004463635
system-6,system-6:displacement:3.5:6,126,displacement,3.5,24.250000000000007
system-4,system-4:displacement:3.5:4,49,displacement,3.5,19.750112703124543
system-6,system-6:displacement:3.5:6,127,displacement,3.5,24.250000000000007
system-6,system-6:displacement:3.5:6,128,displacement,3.5,24.250000000000007
system-4,system-4:displacement:3.5:4,50,displacement,3.5,19.75007889218718
system-6,system-6:displacement:3.5:6,129,displacement,3.5,24.250000000000007
system-4,system-4:displacement:3.5:4,51,displacement,3.5,19.750055224531028
system-6,system-6:displacement:3.5:6,130,displacement,3.5,24.250000000000007
system-4,system-4:displacement:3.5:4,52,displacement,3.5,19.75003865717172
system-6,system-6:displacement:3.5:6,131,displacement,3.5,24.250000000000007
system-6,system-6:displacement:3.5:6,132,displacement,3.5,24.250000000000007
system-4,system-4:displacement:3.5:4,53,displacement,3.5,19.7500270600202
system-6,system-6:displacement:3.5:6,133,displacement,3.5,24.250000000000007
system-4,system-4:displacement:3.5:4,54,displacement,3.5,19.75001894201414
system-6,system-6:displacement:3.5:6,134,displacement,3.5,24.250000000000007
system-6,system-6:displacement:3.5:6,135,displacement,3.5,24.250000000000007
system-4,system-4:displacement:3.5:4,55,displacement,3.5,19.7500132594099
system-6,system-6:displacement:3.5:6,136,displacement,3.5,24.250000000000007
system-4,system-4:displacement:3.5:4,56,displacement,3.5,19.75000928158693
system-6,system-6:displacement:3.5:6,137,displacement,3.5,24.250000000000007
system-4,system-4:displacement:3.5:4,57,displacement,3.5,19.750006497110853
system-6,system-6:displacement:3.5:6,138,displacement,3.5,24.250000000000007
system-4,system-4:displacement:3.5:4,58,displacement,3.5,19.750004547977596
system-6,system-6:displacement:3.5:6,139,displacement,3.5,24.250000000000007
system-6,system-6:displacement:3.5:6,140,displacement,3.5,24.250000000000007
system-4,system-4:displacement:3.5:4,59,displacement,3.5,19.75000318358432
system-6,system-6:displacement:3.5:6,141,displacement,3.5,24.250000000000007
system-4,system-4:displacement:3.5:4,60,displacement,3.5,19.750002228509025
system-6,system-6:displacement:3.5:6,142,displacement,3.5,24.250000000000007
system-4,system-4:displacement:3.5:4,61,displacement,3.5,19.750001559956317
system-6,system-6:displacement:3.5:6,143,displacement,3.5,24.250000000000007
system-4,system-4:displacement:3.5:4,62,displacement,3.5,19.750001091969423
system-6,system-6:displacement:3.5:6,144,displacement,3.5,24.250000000000007
system-4,system-4:displacement:3.5:4,63,displacement,3.5,19.750000764378598
system-6,system-6:displacement:3.5:6,145,displacement,3.5,24.250000000000007
system-6,system-6:displacement:3.5:6,146,displacement,3.5,24.250000000000007
system-4,system-4:displacement:3.5:4,64,displacement,3.5,19.75000053506502
system-6,system-6:displacement:3.5:6,147,displacement,3.5,24.250000000000007
system-4,system-4:displacement:3.5:4,65,displacement,3.5,19.750000374545515
system-6,system-6:displacement:3.5:6,148,displacement,3.5,24.250000000000007
system-4,system-4:displacement:3.5:4,66,displacement,3.5,19.750000262181857
system-6,system-6:displacement:3.5:6,149,displacement,3.5,24.250000000000007
system-6,system-6:displacement:3.5:6,150,displacement,3.5,24.250000000000007
system-4,system-4:displacement:3.5:4,67,displacement,3.5,19.7500001835273
system-6,system-6:displacement:3.5:6,151,displacement,3.5,24.250000000000007
system-4,system-4:displacement:3.5:4,68,displacement,3.5,19.75000012846911
system-6,system-6:displacement:3.5:6,152,displacement,3.5,24.250000000000007
system-6,system-6:displacement:3.5:6,153,displacement,3.5,24.250000000000007
system-4,system-4:displacement:3.5:4,69,displacement,3.5,19.750000089928378
system-6,system-6:displacement:3.5:6,154,displacement,3.5,24.250000000000007
system-4,system-4:displacement:3.5:4,70,displacement,3.5,19.750000062949866
system-6,system-6:displacement:3.5:6,155,displacement,3.5,24.250000000000007
system-6,system-6:displacement:3.5:6,156,displacement,3.5,24.250000000000007
system-4,system-4:displacement:3.5:4,71,displacement,3.5,19.750000044064905
system-6,system-6:displacement:3.5:6,157,displacement,3.5,24.250000000000007
system-4,system-4:displacement:3.5:4,72,displacement,3.5,19.750000030845435
system-6,system-6:displacement:3.5:6,158,displacement,3.5,24.250000000000007
system-4,system-4:displacement:3.5:4,73,displacement,3.5,19.750000021591802
system-6,system-6:displacement:3.5:6,159,displacement,3.5,24.250000000000007
system-6,system-6:displacement:3.5:6,160,displacement,3.5,24.250000000000007
system-4,system-4:displacement:3.5:4,74,displacement,3.5,19.75000001511426
system-4,system-4:displacement:3.5:4,75,displacement,3.5,19.75000001057998
system-4,system-4:displacement:3.5:4,76,displacement,3.5,19.750000007405987
system-4,system-4:displacement:3.5:4,77,displacement,3.5,19.75000000518419
system-4,system-4:displacement:3.5:4,78,displacement,3.5,19.750000003628934
system-4,system-4:displacement:3.5:4,79,displacement,3.5,19.750000002540254
system-4,system-4:displacement:3.5:4,80,displacement,3.5,19.750000001778176
system-4,system-4:displacement:3.5:4,81,displacement,3.5,19.75000000124472
system-4,system-4:displacement:3.5:4,82,displacement,3.5,19.750000000871303
system-4,system-4:displacement:3.5:4,83,displacement,3.5,19.750000000609916
system-4,system-4:displacement:3.5:4,84,displacement,3.5,19.75000000042694
system-4,system-4:displacement:3.5:4,85,displacement,3.5,19.750000000298858
system-4,system-4:displacement:3.5:4,86,displacement,3.5,19.7500000002092
system-4,system-4:displacement:3.5:4,87,displacement,3.5,19.750000000146443
system-4,system-4:displacement:3.5:4,88,displacement,3.5,19.75000000010251
system-4,system-4:displacement:3.5:4,89,displacement,3.5,19.750000000071758
system-4,system-4:displacement:3.5:4,90,displacement,3.5,19.75000000005023
system-4,system-4:displacement:3.5:4,91,displacement,3.5,19.750000000035158
system-4,system-4:displacement:3.5:4,92,displacement,3.5,19.75000000002461
system-4,system-4:displacement:3.5:4,93,displacement,3.5,19.750000000017227
system-6,system-6:displacement:-8:5,90,displacement,-8.0,24.249999999885134
system-4,system-4:displacement:3.5:4,94,displacement,3.5,19.75000000001206
system-6,system-6:displacement:-8:5,91,displacement,-8.0,24.249999999919595
system-4,system-4:displacement:3.5:4,95,displacement,3.5,19.75000000000844
system-6,system-6:displacement:-8:5,92,displacement,-8.0,24.249999999943718
system-4,system-4:displacement:3.5:4,96,displacement,3.5,19.750000000005908
system-6,system-6:displacement:-8:5,93,displacement,-8.0,24.2499999999606
system-2,system-2:displacement:3.5:2,153,displacement,3.5,15.250000000000004
system-4,system-4:displacement:3.5:4,97,displacement,3.5,19.750000000004135
system-2,system-2:displacement:3.5:2,154,displacement,3.5,15.250000000000004
system-6,system-6:displacement:-8:5,94,displacement,-8.0,24.249999999972417
system-2,system-2:displacement:3.5:2,155,displacement,3.5,15.250000000000004
system-6,system-6:displacement:-8:5,95,displacement,-8.0,24.24999999998069
system-2,system-2:displacement:3.5:2,156,displacement,3.5,15.250000000000004
system-4,system-4:displacement:3.5:4,98,displacement,3.5,19.750000000002895
system-6,system-6:displacement:-8:5,96,displacement,-8.0,24.249999999986485
system-2,system-2:displacement:3.5:2,157,displacement,3.5,15.250000000000004
system-4,system-4:displacement:3.5:4,99,displacement,3.5,19.750000000002025
system-2,system-2:displacement:3.5:2,158,displacement,3.5,15.250000000000004
system-6,system-6:displacement:-8:5,97,displacement,-8.0,24.24999999999054
system-2,system-2:displacement:3.5:2,159,displacement,3.5,15.250000000000004
system-4,system-4:displacement:3.5:4,100,displacement,3.5,19.75000000000142
system-6,system-6:displacement:-8:5,98,displacement,-8.0,24.249999999993378
system-2,system-2:displacement:3.5:2,160,displacement,3.5,15.250000000000004
system-4,system-4:displacement:3.5:4,101,displacement,3.5,19.750000000000995
system-6,system-6:displacement:-8:5,99,displacement,-8.0,24.249999999995364
system-4,system-4:displacement:3.5:4,102,displacement,3.5,19.750000000000696
system-6,system-6:displacement:-8:5,100,displacement,-8.0,24.249999999996753
system-4,system-4:displacement:3.5:4,103,displacement,3.5,19.750000000000487
system-6,system-6:displacement:-8:5,101,displacement,-8.0,24.249999999997726
system-4,system-4:displacement:3.5:4,104,displacement,3.5,19.75000000000034
system-6,system-6:displacement:-8:5,102,displacement,-8.0,24.24999999999841
system-4,system-4:displacement:3.5:4,105,displacement,3.5,19.750000000000238
system-6,system-6:displacement:-8:5,103,displacement,-8.0,24.249999999998884
system-4,system-4:displacement:3.5:4,106,displacement,3.5,19.750000000000167
system-6,system-6:displacement:-8:5,104,displacement,-8.0,24.24999999999922
system-4,system-4:displacement:3.5:4,107,displacement,3.5,19.750000000000117
system-6,system-6:displacement:-8:5,105,displacement,-8.0,24.249999999999453
system-4,system-4:displacement:3.5:4,108,displacement,3.5,19.75000000000008
system-6,system-6:displacement:-8:5,106,displacement,-8.0,24.249999999999616
system-4,system-4:displacement:3.5:4,109,displacement,3.5,19.750000000000057
system-6,system-6:displacement:-8:5,107,displacement,-8.0,24.24999999999973
system-4,system-4:displacement:3.5:4,110,displacement,3.5,19.75000000000004
system-6,system-6:displacement:-8:5,108,displacement,-8.0,24.24999999999981
system-4,system-4:displacement:3.5:4,111,displacement,3.5,19.750000000000025
system-6,system-6:displacement:-8:5,109,displacement,-8.0,24.24999999999987
system-4,system-4:displacement:3.5:4,112,displacement,3.5,19.750000000000018
system-6,system-6:displacement:-8:5,110,displacement,-8.0,24.249999999999908
system-4,system-4:displacement:3.5:4,113,displacement,3.5,19.750000000000014
system-6,system-6:displacement:-8:5,111,displacement,-8.0,24.249999999999936
system-4,system-4:displacement:3.5:4,114,displacement,3.5,19.75000000000001
system-6,system-6:displacement:-8:5,112,displacement,-8.0,24.249999999999957
system-4,system-4:displacement:3.5:4,115,displacement,3.5,19.750000000000007
system-6,system-6:displacement:-8:5,113,displacement,-8.0,24.24999999999997
system-4,system-4:displacement:3.5:4,116,displacement,3.5,19.750000000000007
system-6,system-6:displacement:-8:5,114,displacement,-8.0,24.24999999999998
system-4,system-4:displacement:3.5:4,117,displacement,3.5,19.750000000000007
system-6,system-6:displacement:-8:5,115,displacement,-8.0,24.249999999999986
system-4,system-4:displacement:3.5:4,118,displacement,3.5,19.750000000000007
system-6,system-6:displacement:-8:5,116,displacement,-8.0,24.24999999999999
system-4,system-4:displacement:3.5:4,119,displacement,3.5,19.750000000000007
system-6,system-6:displacement:-8:5,117,displacement,-8.0,24.249999999999993
system-4,system-4:displacement:3.5:4,120,displacement,3.5,19.750000000000007
system-6,system-6:displacement:-8:5,118,displacement,-8.0,24.249999999999993
system-4,system-4:displacement:3.5:4,121,displacement,3.5,19.750000000000007
system-6,system-6:displacement:-8:5,119,displacement,-8.0,24.249999999999993
system-4,system-4:displacement:3.5:4,122,displacement,3.5,19.750000000000007
system-6,system-6:displacement:-8:5,120,displacement,-8.0,24.249999999999993
system-4,system-4:displacement:3.5:4,123,displacement,3.5,19.750000000000007
system-6,system-6:displacement:-8:5,121,displacement,-8.0,24.249999999999993
system-4,system-4:displacement:3.5:4,124,displacement,3.5,19.750000000000007
system-6,system-6:displacement:-8:5,122,displacement,-8.0,24.249999999999993
system-4,system-4:displacement:3.5:4,125,displacement,3.5,19.750000000000007
system-6,system-6:displacement:-8:5,123,displacement,-8.0,24.249999999999993
system-4,system-4:displacement:3.5:4,126,displacement,3.5,19.750000000000007
system-6,system-6:displacement:-8:5,124,displacement,-8.0,24.249999999999993
system-4,system-4:displacement:3.5:4,127,displacement,3.5,19.750000000000007
system-6,system-6:displacement:-8:5,125,displacement,-8.0,24.249999999999993
system-4,system-4:displacement:3.5:4,128,displacement,3.5,19.750000000000007
system-6,system-6:displacement:-8:5,126,displacement,-8.0,24.249999999999993
system-4,system-4:displacement:3.5:4,129,displacement,3.5,19.750000000000007
system-6,system-6:displacement:-8:5,127,displacement,-8.0,24.249999999999993
system-4,system-4:displacement:3.5:4,130,displacement,3.5,19.750000000000007
system-6,system-6:displacement:-8:5,128,displacement,-8.0,24.249999999999993
system-4,system-4:displacement:3.5:4,131,displacement,3.5,19.750000000000007
system-6,system-6:displacement:-8:5,129,displacement,-8.0,24.249999999999993
system-4,system-4:displacement:3.5:4,132,displacement,3.5,19.750000000000007
system-6,system-6:displacement:-8:5,130,displacement,-8.0,24.249999999999993
system-4,system-4:displacement:3.5:4,133,displacement,3.5,19.750000000000007
system-6,system-6:displacement:-8:5,131,displacement,-8.0,24.249999999999993
system-4,system-4:displacement:3.5:4,134,displacement,3.5,19.750000000000007
system-6,system-6:displacement:-8:5,132,displacement,-8.0,24.249999999999993
system-4,system-4:displacement:3.5:4,135,displacement,3.5,19.750000000000007
system-6,system-6:displacement:-8:5,133,displacement,-8.0,24.249999999999993
system-4,system-4:displacement:3.5:4,136,displacement,3.5,19.750000000000007
system-6,system-6:displacement:-8:5,134,displacement,-8.0,24.249999999999993
system-4,system-4:displacement:3.5:4,137,displacement,3.5,19.750000000000007
system-6,system-6:displacement:-8:5,135,displacement,-8.0,24.249999999999993
system-4,system-4:displacement:3.5:4,138,displacement,3.5,19.750000000000007
system-6,system-6:displacement:-8:5,136,displacement,-8.0,24.249999999999993
system-4,system-4:displacement:3.5:4,139,displacement,3.5,19.750000000000007
system-6,system-6:displacement:-8:5,137,displacement,-8.0,24.249999999999993
system-4,system-4:displacement:3.5:4,140,displacement,3.5,19.750000000000007
system-6,system-6:displacement:-8:5,138,displacement,-8.0,24.249999999999993
system-4,system-4:displacement:3.5:4,141,displacement,3.5,19.750000000000007
system-6,system-6:displacement:-8:5,139,displacement,-8.0,24.249999999999993
system-4,system-4:displacement:3.5:4,142,displacement,3.5,19.750000000000007
system-6,system-6:displacement:-8:5,140,displacement,-8.0,24.249999999999993
system-4,system-4:displacement:3.5:4,143,displacement,3.5,19.750000000000007
system-6,system-6:displacement:-8:5,141,displacement,-8.0,24.249999999999993
system-4,system-4:displacement:3.5:4,144,displacement,3.5,19.750000000000007
system-6,system-6:displacement:-8:5,142,displacement,-8.0,24.249999999999993
system-4,system-4:displacement:3.5:4,145,displacement,3.5,19.750000000000007
system-6,system-6:displacement:-8:5,143,displacement,-8.0,24.249999999999993
system-4,system-4:displacement:3.5:4,146,displacement,3.5,19.750000000000007
system-6,system-6:displacement:-8:5,144,displacement,-8.0,24.249999999999993
system-4,system-4:displacement:3.5:4,147,displacement,3.5,19.750000000000007
system-6,system-6:displacement:-8:5,145,displacement,-8.0,24.249999999999993
system-4,system-4:displacement:3.5:4,148,displacement,3.5,19.750000000000007
system-6,system-6:displacement:-8:5,146,displacement,-8.0,24.249999999999993
system-4,system-4:displacement:3.5:4,149,displacement,3.5,19.750000000000007
system-6,system-6:displacement:-8:5,147,displacement,-8.0,24.249999999999993
system-4,system-4:displacement:3.5:4,150,displacement,3.5,19.750000000000007
system-6,system-6:displacement:-8:5,148,displacement,-8.0,24.249999999999993
system-4,system-4:displacement:3.5:4,151,displacement,3.5,19.750000000000007
system-6,system-6:displacement:-8:5,149,displacement,-8.0,24.249999999999993
system-4,system-4:displacement:3.5:4,152,displacement,3.5,19.750000000000007
system-6,system-6:displacement:-8:5,150,displacement,-8.0,24.249999999999993
system-4,system-4:displacement:3.5:4,153,displacement,3.5,19.750000000000007
system-6,system-6:displacement:-8:5,151,displacement,-8.0,24.249999999999993
system-4,system-4:displacement:3.5:4,154,displacement,3.5,19.750000000000007
system-6,system-6:displacement:-8:5,152,displacement,-8.0,24.249999999999993
system-4,system-4:displacement:3.5:4,155,displacement,3.5,19.750000000000007
system-6,system-6:displacement:-8:5,153,displacement,-8.0,24.249999999999993
system-4,system-4:displacement:3.5:4,156,displacement,3.5,19.750000000000007
system-6,system-6:displacement:-8:5,154,displacement,-8.0,24.249999999999993
system-4,system-4:displacement:3.5:4,157,displacement,3.5,19.750000000000007
system-6,system-6:displacement:-8:5,155,displacement,-8.0,24.249999999999993
system-4,system-4:displacement:3.5:4,158,displacement,3.5,19.750000000000007
system-6,system-6:displacement:-8:5,156,displacement,-8.0,24.249999999999993
system-4,system-4:displacement:3.5:4,159,displacement,3.5,19.750000000000007
system-6,system-6:displacement:-8:5,157,displacement,-8.0,24.249999999999993
system-4,system-4:displacement:3.5:4,160,displacement,3.5,19.750000000000007
system-6,system-6:displacement:-8:5,158,displacement,-8.0,24.249999999999993
system-6,system-6:displacement:-8:5,159,displacement,-8.0,24.249999999999993
system-6,system-6:displacement:-8:5,160,displacement,-8.0,24.249999999999993
system-2,system-2:load:-0.31:1,0,load,-0.31,20.0
system-6,system-6:load:0.18:8,0,load,0.18,20.0
system-2,system-2:load:0.35:3,0,load,0.35,20.0
system-4,system-4:load:-0.31:4,0,load,-0.31,20.0
system-6,system-6:load:0.35:9,0,load,0.35,20.0
system-2,system-2:load:0.18:2,0,load,0.18,20.0
system-4,system-4:load:0.18:5,0,load,0.18,20.0
system-4,system-4:load:0.35:6,0,load,0.35,20.0
system-6,system-6:load:-0.31:7,0,load,-0.31,20.0
system-2,system-2:load:-0.31:1,1,load,-0.31,18.575
system-2,system-2:load:0.35:3,1,load,0.35,18.575
system-6,system-6:load:0.18:8,1,load,0.18,21.275
system-4,system-4:load:-0.31:4,1,load,-0.31,19.925
system-4,system-4:load:0.18:5,1,load,0.18,19.925
system-4,system-4:load:0.35:6,1,load,0.35,19.925
system-2,system-2:load:0.18:2,1,load,0.18,18.575
system-6,system-6:load:-0.31:7,1,load,-0.31,21.275
system-6,system-6:load:0.35:9,1,load,0.35,21.275
system-2,system-2:load:-0.31:1,2,load,-0.31,17.577499999999997
system-4,system-4:load:-0.31:4,2,load,-0.31,19.872500000000002
system-2,system-2:load:0.35:3,2,load,0.35,17.577499999999997
system-6,system-6:load:0.18:8,2,load,0.18,22.167499999999997
system-4,system-4:load:0.18:5,2,load,0.18,19.872500000000002
system-4,system-4:load:0.35:6,2,load,0.35,19.872500000000002
system-6,system-6:load:-0.31:7,2,load,-0.31,22.167499999999997
system-2,system-2:load:0.18:2,2,load,0.18,17.577499999999997
system-6,system-6:load:0.18:8,3,load,0.18,22.792249999999996
system-4,system-4:load:-0.31:4,3,load,-0.31,19.83575
system-4,system-4:load:0.35:6,3,load,0.35,19.83575
system-6,system-6:load:-0.31:7,3,load,-0.31,22.792249999999996
system-2,system-2:load:0.18:2,3,load,0.18,16.879249999999995
system-4,system-4:load:-0.31:4,4,load,-0.31,19.810025
system-6,system-6:load:-0.31:7,4,load,-0.31,23.229574999999997
system-2,system-2:load:0.18:2,4,load,0.18,16.390474999999995
system-4,system-4:load:-0.31:4,5,load,-0.31,19.7920175
system-6,system-6:load:-0.31:7,5,load,-0.31,23.5357025
system-4,system-4:load:-0.31:4,6,load,-0.31,19.77941225
system-2,system-2:load:0.18:2,5,load,0.18,16.048332499999997
system-6,system-6:load:-0.31:7,6,load,-0.31,23.74999175
system-4,system-4:load:-0.31:4,7,load,-0.31,19.770588574999998
system-2,system-2:load:0.18:2,6,load,0.18,15.808832749999997
system-6,system-6:load:-0.31:7,7,load,-0.31,23.899994225
system-4,system-4:load:-0.31:4,8,load,-0.31,19.764412002499995
system-2,system-2:load:0.18:2,7,load,0.18,15.641182924999999
system-4,system-4:load:-0.31:4,9,load,-0.31,19.760088401749996
system-6,system-6:load:-0.31:7,8,load,-0.31,24.0049959575
system-2,system-2:load:0.18:2,8,load,0.18,15.5238280475
system-6,system-6:load:-0.31:7,9,load,-0.31,24.07849717025
system-2,system-2:load:0.18:2,9,load,0.18,15.44167963325
system-4,system-4:load:-0.31:4,10,load,-0.31,19.757061881225
system-6,system-6:load:-0.31:7,10,load,-0.31,24.129948019175
system-2,system-2:load:0.18:2,10,load,0.18,15.384175743275001
system-4,system-4:load:-0.31:4,11,load,-0.31,19.7549433168575
system-6,system-6:load:-0.31:7,11,load,-0.31,24.165963613422498
system-4,system-4:load:-0.31:4,12,load,-0.31,19.753460321800247
system-2,system-2:load:0.18:2,11,load,0.18,15.3439230202925
system-6,system-6:load:-0.31:7,12,load,-0.31,24.191174529395752
system-6,system-6:load:-0.31:7,13,load,-0.31,24.208822170577026
system-2,system-2:load:0.18:2,12,load,0.18,15.31574611420475
system-4,system-4:load:-0.31:4,13,load,-0.31,19.752422225260172
system-6,system-6:load:-0.31:7,14,load,-0.31,24.221175519403918
system-4,system-4:load:-0.31:4,14,load,-0.31,19.75169555768212
system-2,system-2:load:0.18:2,13,load,0.18,15.296022279943324
system-2,system-2:load:0.18:2,14,load,0.18,15.282215595960327
system-4,system-4:load:-0.31:4,15,load,-0.31,19.751186890377483
system-6,system-6:load:-0.31:7,15,load,-0.31,24.229822863582744
system-4,system-4:load:-0.31:4,16,load,-0.31,19.750830823264238
system-2,system-2:load:0.18:2,15,load,0.18,15.272550917172229
system-4,system-4:load:-0.31:4,17,load,-0.31,19.750581576284965
system-2,system-2:load:0.18:2,16,load,0.18,15.26578564202056
system-4,system-4:load:-0.31:4,18,load,-0.31,19.750407103399475
system-2,system-2:load:0.18:2,17,load,0.18,15.261049949414392
system-4,system-4:load:-0.31:4,19,load,-0.31,19.75028497237963
system-4,system-4:load:-0.31:4,20,load,-0.31,19.750199480665742
system-6,system-6:load:0.35:9,2,load,0.35,22.167499999999997
system-4,system-4:load:-0.31:4,21,load,-0.31,19.44013963646602
system-6,system-6:load:0.35:9,3,load,0.35,22.792249999999996
system-4,system-4:load:-0.31:4,22,load,-0.31,19.223097745526214
system-2,system-2:load:-0.31:1,3,load,-0.31,16.879249999999995
system-6,system-6:load:0.35:9,4,load,0.35,23.229574999999997
system-4,system-4:load:-0.31:4,23,load,-0.31,19.07116842186835
system-2,system-2:load:-0.31:1,4,load,-0.31,16.390474999999995
system-4,system-4:load:-0.31:4,24,load,-0.31,18.964817895307846
system-6,system-6:load:0.35:9,5,load,0.35,23.5357025
system-2,system-2:load:-0.31:1,5,load,-0.31,16.048332499999997
system-4,system-4:load:-0.31:4,25,load,-0.31,18.890372526715492
system-2,system-2:load:0.35:3,3,load,0.35,16.879249999999995
system-6,system-6:load:0.35:9,6,load,0.35,23.74999175
system-2,system-2:load:-0.31:1,6,load,-0.31,15.808832749999997
system-4,system-4:load:-0.31:4,26,load,-0.31,18.838260768700845
system-2,system-2:load:0.35:3,4,load,0.35,16.390474999999995
system-2,system-2:load:-0.31:1,7,load,-0.31,15.641182924999999
system-6,system-6:load:0.35:9,7,load,0.35,23.899994225
system-4,system-4:load:-0.31:4,27,load,-0.31,18.801782538090592
system-2,system-2:load:0.35:3,5,load,0.35,16.048332499999997
system-4,system-4:load:0.18:5,3,load,0.18,19.83575
system-2,system-2:load:-0.31:1,8,load,-0.31,15.5238280475
system-6,system-6:load:0.35:9,8,load,0.35,24.0049959575
system-4,system-4:load:-0.31:4,28,load,-0.31,18.776247776663414
system-2,system-2:load:0.35:3,6,load,0.35,15.808832749999997
system-2,system-2:load:-0.31:1,9,load,-0.31,15.44167963325
system-4,system-4:load:0.18:5,4,load,0.18,19.810025
system-6,system-6:load:0.35:9,9,load,0.35,24.07849717025
system-4,system-4:load:-0.31:4,29,load,-0.31,18.758373443664393
system-2,system-2:load:0.35:3,7,load,0.35,15.641182924999999
system-2,system-2:load:-0.31:1,10,load,-0.31,15.384175743275001
system-6,system-6:load:0.35:9,10,load,0.35,24.129948019175
system-2,system-2:load:0.35:3,8,load,0.35,15.5238280475
system-4,system-4:load:0.18:5,5,load,0.18,19.7920175
system-2,system-2:load:-0.31:1,11,load,-0.31,15.3439230202925
system-6,system-6:load:0.18:8,4,load,0.18,23.229574999999997
system-4,system-4:load:-0.31:4,30,load,-0.31,18.745861410565077
system-6,system-6:load:0.35:9,11,load,0.35,24.165963613422498
system-2,system-2:load:0.35:3,9,load,0.35,15.44167963325
system-6,system-6:load:0.18:8,5,load,0.18,23.5357025
system-4,system-4:load:0.35:6,4,load,0.35,19.810025
system-6,system-6:load:0.35:9,12,load,0.35,24.191174529395752
system-2,system-2:load:-0.31:1,12,load,-0.31,15.31574611420475
system-2,system-2:load:0.35:3,10,load,0.35,15.384175743275001
system-4,system-4:load:-0.31:4,31,load,-0.31,18.737102987395556
system-6,system-6:load:0.18:8,6,load,0.18,23.74999175
system-4,system-4:load:0.18:5,6,load,0.18,19.77941225
system-6,system-6:load:0.35:9,13,load,0.35,24.208822170577026
system-4,system-4:load:0.35:6,5,load,0.35,19.7920175
system-2,system-2:load:-0.31:1,13,load,-0.31,15.296022279943324
system-2,system-2:load:0.35:3,11,load,0.35,15.3439230202925
system-4,system-4:load:-0.31:4,32,load,-0.31,18.730972091176888
system-6,system-6:load:0.18:8,7,load,0.18,23.899994225
system-4,system-4:load:0.18:5,7,load,0.18,19.770588574999998
system-6,system-6:load:0.35:9,14,load,0.35,24.221175519403918
system-2,system-2:load:0.35:3,12,load,0.35,15.31574611420475
system-4,system-4:load:0.35:6,6,load,0.35,19.77941225
system-4,system-4:load:-0.31:4,33,load,-0.31,18.726680463823822
system-2,system-2:load:-0.31:1,14,load,-0.31,15.282215595960327
system-4,system-4:load:0.18:5,8,load,0.18,19.764412002499995
system-6,system-6:load:0.18:8,8,load,0.18,24.0049959575
system-6,system-6:load:0.35:9,15,load,0.35,24.229822863582744
system-4,system-4:load:0.35:6,7,load,0.35,19.770588574999998
system-2,system-2:load:0.35:3,13,load,0.35,15.296022279943324
system-2,system-2:load:-0.31:1,15,load,-0.31,15.272550917172229
system-4,system-4:load:0.18:5,9,load,0.18,19.760088401749996
system-6,system-6:load:0.18:8,9,load,0.18,24.07849717025
system-4,system-4:load:-0.31:4,34,load,-0.31,18.723676324676674
system-6,system-6:load:0.35:9,16,load,0.35,24.235876004507922
system-2,system-2:load:0.35:3,14,load,0.35,15.282215595960327
system-4,system-4:load:0.35:6,8,load,0.35,19.764412002499995
system-4,system-4:load:0.18:5,10,load,0.18,19.757061881225
system-2,system-2:load:-0.31:1,16,load,-0.31,15.26578564202056
system-6,system-6:load:0.18:8,10,load,0.18,24.129948019175
system-2,system-2:load:0.35:3,15,load,0.35,15.272550917172229
system-6,system-6:load:0.35:9,17,load,0.35,24.240113203155545
system-4,system-4:load:-0.31:4,35,load,-0.31,18.721573427273672
system-4,system-4:load:0.18:5,11,load,0.18,19.7549433168575
system-4,system-4:load:0.35:6,9,load,0.35,19.760088401749996
system-6,system-6:load:0.18:8,11,load,0.18,24.165963613422498
system-2,system-2:load:-0.31:1,17,load,-0.31,15.261049949414392
system-4,system-4:load:-0.31:4,36,load,-0.31,18.720101399091572
system-6,system-6:load:0.35:9,18,load,0.35,24.243079242208882
system-4,system-4:load:0.18:5,12,load,0.18,19.753460321800247
system-2,system-2:load:0.35:3,16,load,0.35,15.26578564202056
system-4,system-4:load:0.35:6,10,load,0.35,19.757061881225
system-6,system-6:load:0.18:8,12,load,0.18,24.191174529395752
system-2,system-2:load:-0.31:1,18,load,-0.31,15.257734964590075
system-4,system-4:load:-0.31:4,37,load,-0.31,18.7190709793641
system-6,system-6:load:0.35:9,19,load,0.35,24.24515546954622
system-4,system-4:load:0.18:5,13,load,0.18,19.752422225260172
system-6,system-6:load:0.18:8,13,load,0.18,24.208822170577026
system-2,system-2:load:-0.31:1,19,load,-0.31,15.255414475213051
system-2,system-2:load:0.35:3,17,load,0.35,15.261049949414392
system-4,system-4:load:0.35:6,11,load,0.35,19.7549433168575
system-4,system-4:load:-0.31:4,38,load,-0.31,18.71834968555487
system-2,system-2:load:-0.31:1,20,load,-0.31,15.253790132649137
system-4,system-4:load:0.18:5,14,load,0.18,19.75169555768212
system-6,system-6:load:0.18:8,14,load,0.18,24.221175519403918
system-6,system-6:load:0.35:9,20,load,0.35,24.246608828682355
system-4,system-4:load:-0.31:4,39,load,-0.31,18.71784477988841
system-4,system-4:load:0.35:6,12,load,0.35,19.753460321800247
system-2,system-2:load:0.35:3,18,load,0.35,15.257734964590075
system-4,system-4:load:0.18:5,15,load,0.18,19.751186890377483
system-6,system-6:load:0.18:8,15,load,0.18,24.229822863582744
system-2,system-2:load:-0.31:1,21,load,-0.31,14.942653092854394
system-2,system-2:load:0.35:3,19,load,0.35,15.255414475213051
system-4,system-4:load:-0.31:4,40,load,-0.31,18.71749134592189
system-4,system-4:load:0.35:6,13,load,0.35,19.752422225260172
system-4,system-4:load:0.18:5,16,load,0.18,19.750830823264238
system-6,system-6:load:0.35:9,21,load,0.35,24.59762618007765
system-6,system-6:load:0.18:8,16,load,0.18,24.235876004507922
system-2,system-2:load:-0.31:1,22,load,-0.31,14.724857164998076
system-4,system-4:load:0.35:6,14,load,0.35,19.75169555768212
system-6,system-6:load:0.18:8,17,load,0.18,24.240113203155545
system-4,system-4:load:0.35:6,15,load,0.35,19.751186890377483
system-2,system-2:load:0.35:3,20,load,0.35,15.253790132649137
system-6,system-6:load:0.35:9,22,load,0.35,24.843338326054354
system-2,system-2:load:-0.31:1,23,load,-0.31,14.572400015498651
system-4,system-4:load:-0.31:4,41,load,-0.31,18.717243942145323
system-4,system-4:load:0.18:5,17,load,0.18,19.750581576284965
system-6,system-6:load:0.18:8,18,load,0.18,24.243079242208882
system-6,system-6:load:0.35:9,23,load,0.35,25.015336828238052
system-4,system-4:load:0.35:6,16,load,0.35,19.750830823264238
system-2,system-2:load:0.35:3,21,load,0.35,15.602653092854395
system-2,system-2:load:-0.31:1,24,load,-0.31,14.465680010849056
system-6,system-6:load:0.18:8,19,load,0.18,24.24515546954622
system-4,system-4:load:-0.31:4,42,load,-0.31,18.717070759501727
system-4,system-4:load:0.18:5,18,load,0.18,19.750407103399475
system-6,system-6:load:0.35:9,24,load,0.35,25.135735779766637
system-2,system-2:load:0.35:3,22,load,0.35,15.846857164998076
system-4,system-4:load:0.35:6,17,load,0.35,19.750581576284965
system-6,system-6:load:0.18:8,20,load,0.18,24.246608828682355
system-2,system-2:load:-0.31:1,25,load,-0.31,14.390976007594338
system-4,system-4:load:-0.31:4,43,load,-0.31,18.71694953165121
system-4,system-4:load:0.18:5,19,load,0.18,19.75028497237963
system-6,system-6:load:0.35:9,25,load,0.35,25.22001504583665
system-2,system-2:load:0.35:3,23,load,0.35,16.017800015498654
system-4,system-4:load:0.35:6,18,load,0.35,19.750407103399475
system-2,system-2:load:-0.31:1,26,load,-0.31,14.338683205316036
system-6,system-6:load:0.18:8,21,load,0.18,24.42762618007765
system-4,system-4:load:-0.31:4,44,load,-0.31,18.716864672155847
system-6,system-6:load:0.35:9,26,load,0.35,25.279010532085657
system-2,system-2:load:0.35:3,24,load,0.35,16.13746001084906
system-4,system-4:load:0.18:5,20,load,0.18,19.750199480665742
system-6,system-6:load:0.18:8,22,load,0.18,24.554338326054353
system-2,system-2:load:-0.31:1,27,load,-0.31,14.302078243721224
system-4,system-4:load:-0.31:4,45,load,-0.31,18.71680527050909
system-4,system-4:load:0.35:6,19,load,0.35,19.75028497237963
system-2,system-2:load:0.35:3,25,load,0.35,16.221222007594342
system-4,system-4:load:0.18:5,21,load,0.18,19.93013963646602
system-6,system-6:load:0.35:9,27,load,0.35,25.320307372459958
system-6,system-6:load:0.18:8,23,load,0.18,24.64303682823805
system-4,system-4:load:-0.31:4,46,load,-0.31,18.716763689356366
system-4,system-4:load:0.18:5,22,load,0.18,20.056097745526213
system-2,system-2:load:0.35:3,26,load,0.35,16.279855405316038
system-6,system-6:load:0.18:8,24,load,0.18,24.705125779766632
system-2,system-2:load:-0.31:1,28,load,-0.31,14.276454770604856
system-4,system-4:load:0.35:6,20,load,0.35,19.750199480665742
system-4,system-4:load:-0.31:4,47,load,-0.31,18.716734582549456
system-4,system-4:load:0.18:5,23,load,0.18,20.144268421868347
system-6,system-6:load:0.35:9,28,load,0.35,25.349215160721975
system-2,system-2:load:0.35:3,27,load,0.35,16.320898783721226
system-6,system-6:load:0.18:8,25,load,0.18,24.74858804583664
system-4,system-4:load:-0.31:4,48,load,-0.31,18.716714207784623
system-4,system-4:load:0.35:6,21,load,0.35,20.10013963646602
system-2,system-2:load:-0.31:1,29,load,-0.31,14.258518339423398
system-2,system-2:load:0.35:3,28,load,0.35,16.34962914860486
system-4,system-4:load:0.18:5,24,load,0.18,20.205987895307842
system-6,system-6:load:0.35:9,29,load,0.35,25.369450612505382
system-4,system-4:load:-0.31:4,49,load,-0.31,18.71669994544924
system-6,system-6:load:0.18:8,26,load,0.18,24.77901163208565
system-2,system-2:load:-0.31:1,30,load,-0.31,14.245962837596378
system-4,system-4:load:0.35:6,22,load,0.35,20.345097745526214
system-2,system-2:load:0.35:3,29,load,0.35,16.3697404040234
system-4,system-4:load:0.18:5,25,load,0.18,20.24919152671549
system-6,system-6:load:0.35:9,30,load,0.35,25.38361542875377
system-4,system-4:load:-0.31:4,50,load,-0.31,18.71668996181447
system-6,system-6:load:0.18:8,27,load,0.18,24.800308142459954
system-4,system-4:load:0.35:6,23,load,0.35,20.51656842186835
system-2,system-2:load:-0.31:1,31,load,-0.31,14.237173986317464
system-2,system-2:load:0.35:3,30,load,0.35,16.38381828281638
system-6,system-6:load:0.35:9,31,load,0.35,25.393530800127643
system-4,system-4:load:0.18:5,26,load,0.18,20.27943406870084
system-6,system-6:load:0.18:8,28,load,0.18,24.815215699721968
system-4,system-4:load:0.35:6,24,load,0.35,20.636597895307844
system-2,system-2:load:0.35:3,31,load,0.35,16.39367279797147
system-6,system-6:load:0.35:9,32,load,0.35,25.40047156008935
system-2,system-2:load:-0.31:1,32,load,-0.31,14.231021790422224
system-6,system-6:load:0.18:8,29,load,0.18,24.825650989805375
system-4,system-4:load:0.35:6,25,load,0.35,20.72061852671549
system-6,system-6:load:0.35:9,33,load,0.35,25.40533009206255
system-2,system-2:load:0.35:3,32,load,0.35,16.400570958580026
system-4,system-4:load:-0.31:4,51,load,-0.31,18.71668297327013
system-6,system-6:load:0.18:8,30,load,0.18,24.832955692863763
system-2,system-2:load:-0.31:1,33,load,-0.31,14.226715253295556
system-4,system-4:load:-0.31:4,52,load,-0.31,18.716678081289093
system-2,system-2:load:-0.31:1,34,load,-0.31,14.223700677306889
system-4,system-4:load:0.35:6,26,load,0.35,20.779432968700846
system-6,system-6:load:0.35:9,34,load,0.35,25.408731064443785
system-2,system-2:load:0.35:3,33,load,0.35,16.405399671006016
system-6,system-6:load:0.18:8,31,load,0.18,24.838068985004632
system-4,system-4:load:-0.31:4,53,load,-0.31,18.716674656902367
system-6,system-6:load:0.35:9,35,load,0.35,25.411111745110652
system-2,system-2:load:-0.31:1,35,load,-0.31,14.221590474114823
system-4,system-4:load:0.35:6,27,load,0.35,20.820603078090592
system-4,system-4:load:-0.31:4,54,load,-0.31,18.716672259831657
system-2,system-2:load:0.35:3,34,load,0.35,16.40877976970421
system-6,system-6:load:0.18:8,32,load,0.18,24.84164828950324
system-2,system-2:load:-0.31:1,36,load,-0.31,14.220113331880375
system-4,system-4:load:0.35:6,28,load,0.35,20.849422154663415
system-6,system-6:load:0.35:9,36,load,0.35,25.41277822157746
system-2,system-2:load:0.35:3,35,load,0.35,16.411145838792947
system-4,system-4:load:-0.31:4,55,load,-0.31,18.716670581882163
system-2,system-2:load:-0.31:1,37,load,-0.31,14.219079332316262
system-6,system-6:load:0.18:8,33,load,0.18,24.84415380265227
system-6,system-6:load:0.35:9,37,load,0.35,25.413944755104225
system-4,system-4:load:-0.31:4,56,load,-0.31,18.716669407317514
system-2,system-2:load:0.35:3,36,load,0.35,16.412802087155065
system-4,system-4:load:0.35:6,29,load,0.35,20.869595508264393
system-6,system-6:load:0.18:8,34,load,0.18,24.845907661856586
system-2,system-2:load:-0.31:1,38,load,-0.31,14.218355532621382
system-4,system-4:load:-0.31:4,57,load,-0.31,18.716668585122264
system-6,system-6:load:0.35:9,38,load,0.35,25.414761328572958
system-4,system-4:load:0.35:6,30,load,0.35,20.883716855785075
system-6,system-6:load:0.18:8,35,load,0.18,24.84713536329961
system-2,system-2:load:0.35:3,37,load,0.35,16.413961461008547
system-2,system-2:load:-0.31:1,39,load,-0.31,14.217848872834967
system-4,system-4:load:-0.31:4,58,load,-0.31,18.716668009585586
system-6,system-6:load:0.35:9,39,load,0.35,25.41533293000107
system-4,system-4:load:-0.31:4,59,load,-0.31,18.716667606709912
system-2,system-2:load:0.35:3,38,load,0.35,16.414773022705987
system-6,system-6:load:0.18:8,36,load,0.18,24.847994754309727
system-4,system-4:load:0.35:6,31,load,0.35,20.893601799049556
system-2,system-2:load:-0.31:1,40,load,-0.31,14.217494210984478
system-6,system-6:load:0.35:9,40,load,0.35,25.41573305100075
system-4,system-4:load:-0.31:4,60,load,-0.31,18.71666732469694
system-6,system-6:load:0.18:8,37,load,0.18,24.84859632801681
system-2,system-2:load:-0.31:1,41,load,-0.31,14.217245947689134
system-2,system-2:load:0.35:3,39,load,0.35,16.415341115894194
system-4,system-4:load:0.35:6,32,load,0.35,20.90052125933469
system-6,system-6:load:0.35:9,41,load,0.35,25.416013135700524
system-4,system-4:load:-0.31:4,61,load,-0.31,18.716667127287856
system-6,system-6:load:0.18:8,38,load,0.18,24.849017429611767
system-2,system-2:load:0.35:3,40,load,0.35,16.41573878112594
system-6,system-6:load:-0.31:7,16,load,-0.31,24.235876004507922
system-4,system-4:load:-0.31:4,62,load,-0.31,18.7166669891015
system-2,system-2:load:-0.31:1,42,load,-0.31,14.217072163382394
system-6,system-6:load:0.35:9,42,load,0.35,25.41620919499037
system-4,system-4:load:0.35:6,33,load,0.35,20.905364881534283
system-6,system-6:load:0.18:8,39,load,0.18,24.84931220072824
system-6,system-6:load:-0.31:7,17,load,-0.31,24.240113203155545
system-2,system-2:load:0.35:3,41,load,0.35,16.416017146788157
system-6,system-6:load:0.35:9,43,load,0.35,25.41634643649326
system-4,system-4:load:0.35:6,34,load,0.35,20.908755417073998
system-2,system-2:load:0.18:2,18,load,0.18,15.257734964590075
system-6,system-6:load:0.18:8,40,load,0.18,24.849518540509766
system-6,system-6:load:0.35:9,44,load,0.35,25.416442505545284
system-2,system-2:load:0.18:2,19,load,0.18,15.255414475213051
system-4,system-4:load:0.35:6,35,load,0.35,20.911128791951803
system-6,system-6:load:0.18:8,41,load,0.18,24.849662978356836
system-6,system-6:load:0.35:9,45,load,0.35,25.416509753881698
system-4,system-4:load:0.35:6,36,load,0.35,20.912790154366263
system-2,system-2:load:0.18:2,20,load,0.18,15.253790132649137
system-6,system-6:load:0.35:9,46,load,0.35,25.41655682771719
system-6,system-6:load:0.18:8,42,load,0.18,24.849764084849784
system-6,system-6:load:0.35:9,47,load,0.35,25.416589779402035
system-2,system-2:load:0.18:2,21,load,0.18,15.432653092854395
system-4,system-4:load:0.35:6,37,load,0.35,20.913953108056386
system-6,system-6:load:0.35:9,48,load,0.35,25.416612845581426
system-6,system-6:load:0.18:8,43,load,0.18,24.84983485939485
system-2,system-2:load:0.18:2,22,load,0.18,15.557857164998076
system-4,system-4:load:0.35:6,38,load,0.35,20.914767175639472
system-6,system-6:load:0.18:8,44,load,0.18,24.849884401576396
system-6,system-6:load:0.35:9,49,load,0.35,25.416628991907
system-2,system-2:load:0.18:2,23,load,0.18,15.645500015498653
system-4,system-4:load:0.35:6,39,load,0.35,20.915337022947632
system-6,system-6:load:0.18:8,45,load,0.18,24.84991908110348
system-6,system-6:load:0.35:9,50,load,0.35,25.4166402943349
system-2,system-2:load:0.18:2,24,load,0.18,15.706850010849056
system-4,system-4:load:0.35:6,40,load,0.35,20.915735916063348
system-6,system-6:load:0.35:9,51,load,0.35,25.416648206034434
system-2,system-2:load:0.18:2,25,load,0.18,15.74979500759434
system-6,system-6:load:0.18:8,46,load,0.18,24.849943356772435
system-4,system-4:load:0.35:6,41,load,0.35,20.916015141244344
system-6,system-6:load:0.35:9,52,load,0.35,25.416653744224103
system-2,system-2:load:0.18:2,26,load,0.18,15.779856505316037
system-6,system-6:load:0.18:8,47,load,0.18,24.849960349740705
system-6,system-6:load:0.35:9,53,load,0.35,25.416657620956872
system-4,system-4:load:0.35:6,42,load,0.35,20.916210598871043
system-6,system-6:load:0.18:8,48,load,0.18,24.849972244818495
system-6,system-6:load:0.35:9,54,load,0.35,25.416660334669814
system-2,system-2:load:0.18:2,27,load,0.18,15.800899553721226
system-4,system-4:load:0.35:6,43,load,0.35,20.916347419209732
system-6,system-6:load:0.18:8,49,load,0.18,24.849980571372946
system-6,system-6:load:0.35:9,55,load,0.35,25.41666223426887
system-2,system-2:load:0.18:2,28,load,0.18,15.815629687604858
system-4,system-4:load:0.35:6,44,load,0.35,20.916443193446813
system-6,system-6:load:0.35:9,56,load,0.35,25.41666356398821
system-6,system-6:load:0.18:8,50,load,0.18,24.84998639996106
system-2,system-2:load:0.18:2,29,load,0.18,15.8259407813234
system-6,system-6:load:0.35:9,57,load,0.35,25.416664494791746
system-4,system-4:load:0.35:6,45,load,0.35,20.916510235412773
system-2,system-2:load:0.18:2,30,load,0.18,15.83315854692638
system-6,system-6:load:0.35:9,58,load,0.35,25.416665146354223
system-6,system-6:load:0.18:8,51,load,0.18,24.84999047997274
system-4,system-4:load:0.35:6,46,load,0.35,20.91655716478894
system-6,system-6:load:0.35:9,59,load,0.35,25.41666560244796
system-6,system-6:load:0.18:8,52,load,0.18,24.84999333598092
system-2,system-2:load:0.18:2,31,load,0.18,15.838210982848466
system-4,system-4:load:0.35:6,47,load,0.35,20.91659001535226
system-6,system-6:load:0.18:8,53,load,0.18,24.84999533518664
system-6,system-6:load:0.35:9,60,load,0.35,25.416665921713573
system-4,system-4:load:0.35:6,48,load,0.35,20.916613010746584
system-2,system-2:load:0.18:2,32,load,0.18,15.841747687993927
system-6,system-6:load:0.18:8,54,load,0.18,24.84999673463065
system-6,system-6:load:0.35:9,61,load,0.35,25.416666145199503
system-4,system-4:load:0.35:6,49,load,0.35,20.91662910752261
system-6,system-6:load:0.18:8,55,load,0.18,24.849997714241454
system-6,system-6:load:0.35:9,62,load,0.35,25.416666301639655
system-4,system-4:load:0.35:6,50,load,0.35,20.91664037526583
system-6,system-6:load:0.18:8,56,load,0.18,24.849998399969017
system-6,system-6:load:0.35:9,63,load,0.35,25.416666411147762
system-4,system-4:load:0.35:6,51,load,0.35,20.91664826268608
system-6,system-6:load:0.18:8,57,load,0.18,24.84999887997831
system-6,system-6:load:0.35:9,64,load,0.35,25.416666487803436
system-4,system-4:load:0.35:6,52,load,0.35,20.916653783880257
system-4,system-4:load:0.35:6,53,load,0.35,20.916657648716182
system-4,system-4:load:0.35:6,54,load,0.35,20.916660354101328
system-6,system-6:load:0.35:9,65,load,0.35,25.416666541462405
system-6,system-6:load:0.18:8,58,load,0.18,24.849999215984816
system-6,system-6:load:0.35:9,66,load,0.35,25.416666579023683
system-6,system-6:load:0.18:8,59,load,0.18,24.84999945118937
system-4,system-4:load:0.35:6,55,load,0.35,20.91666224787093
system-6,system-6:load:0.35:9,67,load,0.35,25.41666660531658
system-6,system-6:load:0.18:8,60,load,0.18,24.84999961583256
system-4,system-4:load:0.35:6,56,load,0.35,20.916663573509652
system-6,system-6:load:0.35:9,68,load,0.35,25.416666623721607
system-6,system-6:load:0.18:8,61,load,0.18,24.84999973108279
system-6,system-6:load:0.35:9,69,load,0.35,25.416666636605125
system-4,system-4:load:0.35:6,57,load,0.35,20.916664501456758
system-6,system-6:load:0.18:8,62,load,0.18,24.849999811757954
system-4,system-4:load:0.35:6,58,load,0.35,20.916665151019735
system-6,system-6:load:0.35:9,70,load,0.35,25.41666664562359
system-6,system-6:load:0.18:8,63,load,0.18,24.84999986823057
system-4,system-4:load:0.35:6,59,load,0.35,20.916665605713817
system-6,system-6:load:0.18:8,64,load,0.18,24.849999907761397
system-6,system-6:load:0.35:9,71,load,0.35,25.416666651936513
system-4,system-4:load:0.35:6,60,load,0.35,20.916665923999673
system-6,system-6:load:0.35:9,72,load,0.35,25.416666656355563
system-4,system-4:load:0.35:6,61,load,0.35,20.916666146799773
system-6,system-6:load:0.18:8,65,load,0.18,24.849999935432976
system-6,system-6:load:0.35:9,73,load,0.35,25.416666659448897
system-4,system-4:load:0.35:6,62,load,0.35,20.916666302759843
system-6,system-6:load:0.18:8,66,load,0.18,24.84999995480308
system-6,system-6:load:0.35:9,74,load,0.35,25.41666666161423
system-4,system-4:load:0.35:6,63,load,0.35,20.916666411931892
system-6,system-6:load:0.18:8,67,load,0.18,24.849999968362155
system-6,system-6:load:0.35:9,75,load,0.35,25.416666663129963
system-4,system-4:load:0.35:6,64,load,0.35,20.916666488352327
system-6,system-6:load:0.35:9,76,load,0.35,25.416666664190977
system-6,system-6:load:0.18:8,68,load,0.18,24.849999977853507
system-4,system-4:load:0.35:6,65,load,0.35,20.91666654184663
system-6,system-6:load:0.35:9,77,load,0.35,25.416666664933686
system-4,system-4:load:0.35:6,66,load,0.35,20.916666579292645
system-6,system-6:load:0.18:8,69,load,0.18,24.84999998449745
system-6,system-6:load:0.35:9,78,load,0.35,25.416666665453583
system-4,system-4:load:0.35:6,67,load,0.35,20.91666660550485
system-4,system-4:load:0.35:6,68,load,0.35,20.916666623853395
system-6,system-6:load:0.35:9,79,load,0.35,25.41666666581751
system-4,system-4:load:0.35:6,69,load,0.35,20.91666663669738
system-6,system-6:load:0.35:9,80,load,0.35,25.41666666607226
system-4,system-4:load:0.35:6,70,load,0.35,20.916666645688167
system-6,system-6:load:0.35:9,81,load,0.35,25.416666666250585
system-4,system-4:load:0.35:6,71,load,0.35,20.916666651981718
system-6,system-6:load:0.35:9,82,load,0.35,25.416666666375413
system-6,system-6:load:0.35:9,83,load,0.35,25.41666666646279
system-4,system-4:load:0.35:6,72,load,0.35,20.916666656387203
system-6,system-6:load:0.35:9,84,load,0.35,25.416666666523952
system-4,system-4:load:0.35:6,73,load,0.35,20.916666659471044
system-6,system-6:load:0.35:9,85,load,0.35,25.41666666656677
system-4,system-4:load:0.35:6,74,load,0.35,20.91666666162973
system-6,system-6:load:0.35:9,86,load,0.35,25.41666666659674
system-4,system-4:load:0.35:6,75,load,0.35,20.916666663140813
system-6,system-6:load:0.35:9,87,load,0.35,25.41666666661772
system-4,system-4:load:0.35:6,76,load,0.35,20.91666666419857
system-6,system-6:load:0.35:9,88,load,0.35,25.416666666632405
system-4,system-4:load:0.35:6,77,load,0.35,20.916666664938997
system-6,system-6:load:0.35:9,89,load,0.35,25.416666666642683
system-4,system-4:load:0.35:6,78,load,0.35,20.9166666654573
system-6,system-6:load:0.35:9,90,load,0.35,25.41666666664988
system-4,system-4:load:0.35:6,79,load,0.35,20.91666666582011
system-4,system-4:load:0.35:6,80,load,0.35,20.91666666607408
system-6,system-6:load:0.35:9,91,load,0.35,25.41666666665492
system-4,system-4:load:0.35:6,81,load,0.35,20.916666666251857
system-6,system-6:load:0.35:9,92,load,0.35,25.416666666658443
system-4,system-4:load:0.35:6,82,load,0.35,20.9166666663763
system-6,system-6:load:0.35:9,93,load,0.35,25.416666666660912
system-6,system-6:load:0.35:9,94,load,0.35,25.41666666666264
system-4,system-4:load:0.35:6,83,load,0.35,20.916666666463414
system-6,system-6:load:0.35:9,95,load,0.35,25.41666666666385
system-4,system-4:load:0.35:6,84,load,0.35,20.916666666524392
system-6,system-6:load:0.35:9,96,load,0.35,25.416666666664696
system-4,system-4:load:0.35:6,85,load,0.35,20.916666666567075
system-6,system-6:load:0.35:9,97,load,0.35,25.41666666666529
system-4,system-4:load:0.35:6,86,load,0.35,20.916666666596953
system-4,system-4:load:0.35:6,87,load,0.35,20.916666666617868
system-6,system-6:load:0.35:9,98,load,0.35,25.4166666666657
system-6,system-6:load:0.35:9,99,load,0.35,25.416666666665993
system-4,system-4:load:0.35:6,88,load,0.35,20.91666666663251
system-6,system-6:load:0.35:9,100,load,0.35,25.4166666666662
system-4,system-4:load:0.35:6,89,load,0.35,20.916666666642758
system-6,system-6:load:0.35:9,101,load,0.35,25.41666666666634
system-4,system-4:load:0.35:6,90,load,0.35,20.916666666649935
system-6,system-6:load:0.35:9,102,load,0.35,25.41666666666644
system-4,system-4:load:0.35:6,91,load,0.35,20.916666666654958
system-6,system-6:load:0.35:9,103,load,0.35,25.416666666666508
system-4,system-4:load:0.35:6,92,load,0.35,20.91666666665847
system-4,system-4:load:0.18:5,27,load,0.18,20.30060384809059
system-4,system-4:load:0.35:6,93,load,0.35,20.91666666666093
system-4,system-4:load:0.18:5,28,load,0.18,20.31542269366341
system-4,system-4:load:0.35:6,94,load,0.35,20.916666666662653
system-4,system-4:load:0.35:6,95,load,0.35,20.91666666666386
system-4,system-4:load:0.18:5,29,load,0.18,20.32579588556439
system-4,system-4:load:0.35:6,96,load,0.35,20.916666666664707
system-4,system-4:load:0.18:5,30,load,0.18,20.333057119895074
system-4,system-4:load:0.35:6,97,load,0.35,20.916666666665297
system-4,system-4:load:0.18:5,31,load,0.18,20.338139983926553
system-4,system-4:load:0.35:6,98,load,0.35,20.91666666666571
system-4,system-4:load:0.18:5,32,load,0.18,20.341697988748585
system-4,system-4:load:0.35:6,99,load,0.35,20.916666666666
system-4,system-4:load:0.18:5,33,load,0.18,20.344188592124006
system-4,system-4:load:0.35:6,100,load,0.35,20.9166666666662
system-4,system-4:load:0.18:5,34,load,0.18,20.345932014486806
system-4,system-4:load:0.35:6,101,load,0.35,20.91666666666634
system-4,system-4:load:0.18:5,35,load,0.18,20.347152410140765
system-4,system-4:load:0.35:6,102,load,0.35,20.91666666666644
system-4,system-4:load:0.35:6,103,load,0.35,20.916666666666508
system-4,system-4:load:0.18:5,36,load,0.18,20.348006687098536
system-4,system-4:load:0.35:6,104,load,0.35,20.916666666666558
system-4,system-4:load:0.18:5,37,load,0.18,20.348604680968975
system-4,system-4:load:0.35:6,105,load,0.35,20.916666666666593
system-4,system-4:load:0.35:6,106,load,0.35,20.916666666666615
system-4,system-4:load:0.18:5,38,load,0.18,20.34902327667828
system-4,system-4:load:0.35:6,107,load,0.35,20.916666666666632
system-4,system-4:load:0.18:5,39,load,0.18,20.349316293674796
system-4,system-4:load:0.35:6,108,load,0.35,20.916666666666647
system-4,system-4:load:0.35:6,109,load,0.35,20.916666666666654
system-4,system-4:load:0.35:6,110,load,0.35,20.916666666666657
system-4,system-4:load:0.18:5,40,load,0.18,20.349521405572354
system-4,system-4:load:0.35:6,111,load,0.35,20.91666666666666
system-4,system-4:load:0.18:5,41,load,0.18,20.349664983900645
system-4,system-4:load:0.35:6,112,load,0.35,20.916666666666664
system-4,system-4:load:0.18:5,42,load,0.18,20.349765488730448
system-4,system-4:load:0.35:6,113,load,0.35,20.916666666666664
system-4,system-4:load:0.18:5,43,load,0.18,20.34983584211131
system-4,system-4:load:0.35:6,114,load,0.35,20.916666666666664
system-4,system-4:load:0.35:6,115,load,0.35,20.916666666666664
system-4,system-4:load:0.18:5,44,load,0.18,20.349885089477915
system-4,system-4:load:0.35:6,116,load,0.35,20.916666666666664
system-4,system-4:load:0.35:6,117,load,0.35,20.916666666666664
system-4,system-4:load:0.18:5,45,load,0.18,20.34991956263454
system-4,system-4:load:0.35:6,118,load,0.35,20.916666666666664
system-4,system-4:load:0.35:6,119,load,0.35,20.916666666666664
system-4,system-4:load:0.18:5,46,load,0.18,20.34994369384418
system-4,system-4:load:0.35:6,120,load,0.35,20.916666666666664
system-4,system-4:load:0.35:6,121,load,0.35,20.916666666666664
system-4,system-4:load:0.18:5,47,load,0.18,20.349960585690923
system-4,system-4:load:0.35:6,122,load,0.35,20.916666666666664
system-4,system-4:load:0.35:6,123,load,0.35,20.916666666666664
system-4,system-4:load:0.18:5,48,load,0.18,20.349972409983646
system-4,system-4:load:0.35:6,124,load,0.35,20.916666666666664
system-4,system-4:load:0.35:6,125,load,0.35,20.916666666666664
system-4,system-4:load:0.18:5,49,load,0.18,20.349980686988552
system-4,system-4:load:0.35:6,126,load,0.35,20.916666666666664
system-4,system-4:load:0.35:6,127,load,0.35,20.916666666666664
system-4,system-4:load:0.18:5,50,load,0.18,20.349986480891985
system-4,system-4:load:0.35:6,128,load,0.35,20.916666666666664
system-4,system-4:load:0.18:5,51,load,0.18,20.34999053662439
system-4,system-4:load:0.35:6,129,load,0.35,20.916666666666664
system-2,system-2:load:-0.31:1,43,load,-0.31,14.216950514367676
system-4,system-4:load:-0.31:4,63,load,-0.31,18.71666689237105
system-4,system-4:load:0.35:6,130,load,0.35,20.916666666666664
system-2,system-2:load:0.35:3,42,load,0.35,16.416212002751713
system-6,system-6:load:-0.31:7,18,load,-0.31,24.243079242208882
system-4,system-4:load:0.18:5,52,load,0.18,20.349993375637073
system-4,system-4:load:0.35:6,131,load,0.35,20.916666666666664
system-4,system-4:load:-0.31:4,64,load,-0.31,18.716666824659736
system-2,system-2:load:0.35:3,43,load,0.35,16.4163484019262
system-2,system-2:load:-0.31:1,44,load,-0.31,14.216865360057373
system-4,system-4:load:0.18:5,53,load,0.18,20.34999536294595
system-6,system-6:load:-0.31:7,19,load,-0.31,24.24515546954622
system-4,system-4:load:0.35:6,132,load,0.35,20.916666666666664
system-2,system-2:load:0.35:3,44,load,0.35,16.416443881348343
system-4,system-4:load:-0.31:4,65,load,-0.31,18.716666777261814
system-2,system-2:load:-0.31:1,45,load,-0.31,14.21680575204016
system-4,system-4:load:0.35:6,133,load,0.35,20.916666666666664
system-4,system-4:load:0.18:5,54,load,0.18,20.349996754062165
system-2,system-2:load:0.35:3,45,load,0.35,16.41651071694384
system-4,system-4:load:-0.31:4,66,load,-0.31,18.716666744083273
system-4,system-4:load:0.35:6,134,load,0.35,20.916666666666664
system-2,system-2:load:0.35:3,46,load,0.35,16.416557501860687
system-2,system-2:load:-0.31:1,46,load,-0.31,14.216764026428113
system-6,system-6:load:-0.31:7,20,load,-0.31,24.246608828682355
system-4,system-4:load:-0.31:4,67,load,-0.31,18.716666720858292
system-4,system-4:load:0.18:5,55,load,0.18,20.349997727843515
system-4,system-4:load:0.35:6,135,load,0.35,20.916666666666664
system-2,system-2:load:-0.31:1,47,load,-0.31,14.21673481849968
system-2,system-2:load:0.35:3,47,load,0.35,16.41659025130248
system-4,system-4:load:0.35:6,136,load,0.35,20.916666666666664
system-4,system-4:load:-0.31:4,68,load,-0.31,18.716666704600808
system-4,system-4:load:0.18:5,56,load,0.18,20.34999840949046
system-6,system-6:load:-0.31:7,21,load,-0.31,23.93762618007765
system-2,system-2:load:-0.31:1,48,load,-0.31,14.216714372949774
system-2,system-2:load:0.35:3,48,load,0.35,16.41661317591174
system-6,system-6:load:-0.31:7,22,load,-0.31,23.721338326054354
system-4,system-4:load:0.35:6,137,load,0.35,20.916666666666664
system-4,system-4:load:0.18:5,57,load,0.18,20.34999888664332
system-2,system-2:load:0.35:3,49,load,0.35,16.41662922313822
system-4,system-4:load:-0.31:4,69,load,-0.31,18.716666693220567
system-2,system-2:load:-0.31:1,49,load,-0.31,14.216700061064842
system-4,system-4:load:0.35:6,138,load,0.35,20.916666666666664
system-6,system-6:load:-0.31:7,23,load,-0.31,23.56993682823805
system-4,system-4:load:0.18:5,58,load,0.18,20.349999220650325
system-2,system-2:load:-0.31:1,50,load,-0.31,14.21669004274539
system-4,system-4:load:-0.31:4,70,load,-0.31,18.7166666852544
system-2,system-2:load:0.35:3,50,load,0.35,16.416640456196756
system-4,system-4:load:0.35:6,139,load,0.35,20.916666666666664
system-6,system-6:load:-0.31:7,24,load,-0.31,23.46395577976664
system-4,system-4:load:0.18:5,59,load,0.18,20.34999945445523
system-2,system-2:load:-0.31:1,51,load,-0.31,14.216683029921771
system-4,system-4:load:-0.31:4,71,load,-0.31,18.71666667967808
system-4,system-4:load:0.35:6,140,load,0.35,20.916666666666664
system-2,system-2:load:0.35:3,51,load,0.35,16.416648319337728
system-4,system-4:load:-0.31:4,72,load,-0.31,18.716666675774658
system-2,system-2:load:-0.31:1,52,load,-0.31,14.216678120945241
system-4,system-4:load:0.18:5,60,load,0.18,20.34999961811866
system-4,system-4:load:0.35:6,141,load,0.35,20.916666666666664
system-6,system-6:load:-0.31:7,25,load,-0.31,23.38976904583665
system-2,system-2:load:0.35:3,52,load,0.35,16.41665382353641
system-4,system-4:load:-0.31:4,73,load,-0.31,18.716666673042262
system-2,system-2:load:-0.31:1,53,load,-0.31,14.216674684661669
system-4,system-4:load:0.35:6,142,load,0.35,20.916666666666664
system-4,system-4:load:0.18:5,61,load,0.18,20.34999973268306
system-2,system-2:load:0.18:2,33,load,0.18,15.844223381595747
system-4,system-4:load:0.35:6,143,load,0.35,20.916666666666664
system-6,system-6:load:-0.31:7,26,load,-0.31,23.337838332085656
system-2,system-2:load:0.35:3,53,load,0.35,16.41665767647549
system-4,system-4:load:-0.31:4,74,load,-0.31,18.716666671129584
system-2,system-2:load:-0.31:1,54,load,-0.31,14.216672279263168
system-4,system-4:load:0.35:6,144,load,0.35,20.916666666666664
system-4,system-4:load:0.18:5,62,load,0.18,20.349999812878142
system-2,system-2:load:-0.31:1,55,load,-0.31,14.216670595484219
system-6,system-6:load:-0.31:7,27,load,-0.31,23.30148683245996
system-2,system-2:load:0.18:2,34,load,0.18,15.845956367117022
system-4,system-4:load:-0.31:4,75,load,-0.31,18.71666666979071
system-4,system-4:load:0.35:6,145,load,0.35,20.916666666666664
system-2,system-2:load:0.35:3,54,load,0.35,16.416660373532846
system-4,system-4:load:0.35:6,146,load,0.35,20.916666666666664
system-2,system-2:load:-0.31:1,56,load,-0.31,14.216669416838954
system-4,system-4:load:0.18:5,63,load,0.18,20.3499998690147
system-4,system-4:load:-0.31:4,76,load,-0.31,18.716666668853495
system-2,system-2:load:0.18:2,35,load,0.18,15.847169456981916
system-6,system-6:load:-0.31:7,28,load,-0.31,23.276040782721974
system-4,system-4:load:0.35:6,147,load,0.35,20.916666666666664
system-2,system-2:load:0.35:3,55,load,0.35,16.416662261472993
system-2,system-2:load:0.18:2,36,load,0.18,15.848018619887341
system-4,system-4:load:0.35:6,148,load,0.35,20.916666666666664
system-4,system-4:load:0.18:5,64,load,0.18,20.34999990831029
system-2,system-2:load:-0.31:1,57,load,-0.31,14.216668591787267
system-2,system-2:load:0.35:3,56,load,0.35,16.416663583031095
system-4,system-4:load:-0.31:4,77,load,-0.31,18.716666668197448
system-4,system-4:load:0.35:6,149,load,0.35,20.916666666666664
system-6,system-6:load:-0.31:7,29,load,-0.31,23.258228547905382
system-2,system-2:load:0.18:2,37,load,0.18,15.848613033921138
system-4,system-4:load:0.18:5,65,load,0.18,20.349999935817202
system-4,system-4:load:0.35:6,150,load,0.35,20.916666666666664
system-2,system-2:load:-0.31:1,58,load,-0.31,14.216668014251086
system-6,system-6:load:-0.31:7,30,load,-0.31,23.24575998353377
system-2,system-2:load:0.35:3,57,load,0.35,16.41666450812177
system-4,system-4:load:-0.31:4,78,load,-0.31,18.716666667738213
system-4,system-4:load:0.18:5,66,load,0.18,20.349999955072043
system-2,system-2:load:0.18:2,38,load,0.18,15.849029123744796
system-2,system-2:load:-0.31:1,59,load,-0.31,14.21666760997576
system-4,system-4:load:0.35:6,151,load,0.35,20.916666666666664
system-6,system-6:load:-0.31:7,31,load,-0.31,23.23703198847364
system-2,system-2:load:0.35:3,58,load,0.35,16.41666515568524
system-4,system-4:load:-0.31:4,79,load,-0.31,18.716666667416753
system-2,system-2:load:0.18:2,39,load,0.18,15.849320386621358
system-4,system-4:load:0.18:5,67,load,0.18,20.349999968550428
system-2,system-2:load:-0.31:1,60,load,-0.31,14.216667326983032
system-4,system-4:load:0.35:6,152,load,0.35,20.916666666666664
system-6,system-6:load:-0.31:7,32,load,-0.31,23.230922391931546
system-2,system-2:load:0.35:3,59,load,0.35,16.41666560897967
system-2,system-2:load:0.18:2,40,load,0.18,15.84952427063495
system-4,system-4:load:0.35:6,153,load,0.35,20.916666666666664
system-4,system-4:load:0.18:5,68,load,0.18,20.3499999779853
system-4,system-4:load:-0.31:4,80,load,-0.31,18.716666667191728
system-2,system-2:load:-0.31:1,61,load,-0.31,14.21666712888812
system-6,system-6:load:-0.31:7,33,load,-0.31,23.226645674352085
system-2,system-2:load:0.35:3,60,load,0.35,16.41666592628577
system-2,system-2:load:0.18:2,41,load,0.18,15.849666989444463
system-4,system-4:load:0.35:6,154,load,0.35,20.916666666666664
system-2,system-2:load:-0.31:1,62,load,-0.31,14.216666990221684
system-4,system-4:load:0.18:5,69,load,0.18,20.349999984589708
system-6,system-6:load:-0.31:7,34,load,-0.31,23.22365197204646
system-4,system-4:load:-0.31:4,81,load,-0.31,18.71666666703421
system-2,system-2:load:0.35:3,61,load,0.35,16.41666614840004
system-4,system-4:load:0.35:6,155,load,0.35,20.916666666666664
system-2,system-2:load:0.18:2,42,load,0.18,15.849766892611123
system-4,system-4:load:0.18:5,70,load,0.18,20.349999989212797
system-2,system-2:load:-0.31:1,63,load,-0.31,14.216666893155178
system-2,system-2:load:0.35:3,62,load,0.35,16.416666303880028
system-4,system-4:load:-0.31:4,82,load,-0.31,18.716666666923945
system-2,system-2:load:0.18:2,43,load,0.18,15.849836824827786
system-4,system-4:load:0.35:6,156,load,0.35,20.916666666666664
system-6,system-6:load:-0.31:7,35,load,-0.31,23.22155638043252
system-4,system-4:load:0.18:5,71,load,0.18,20.349999992448957
system-4,system-4:load:0.35:6,157,load,0.35,20.916666666666664
system-2,system-2:load:-0.31:1,64,load,-0.31,14.216666825208625
system-2,system-2:load:0.18:2,44,load,0.18,15.849885777379448
system-2,system-2:load:0.35:3,63,load,0.35,16.41666641271602
system-4,system-4:load:-0.31:4,83,load,-0.31,18.716666666846763
system-4,system-4:load:0.18:5,72,load,0.18,20.34999999471427
system-4,system-4:load:0.35:6,158,load,0.35,20.916666666666664
system-2,system-2:load:0.18:2,45,load,0.18,15.849920044165614
system-2,system-2:load:-0.31:1,65,load,-0.31,14.216666777646036
system-6,system-6:load:-0.31:7,36,load,-0.31,23.220089466302767
system-2,system-2:load:0.35:3,64,load,0.35,16.416666488901214
system-4,system-4:load:0.35:6,159,load,0.35,20.916666666666664
system-4,system-4:load:0.18:5,73,load,0.18,20.34999999629999
system-4,system-4:load:-0.31:4,84,load,-0.31,18.716666666792737
system-2,system-2:load:0.18:2,46,load,0.18,15.84994403091593
system-2,system-2:load:-0.31:1,66,load,-0.31,14.216666744352226
system-2,system-2:load:0.35:3,65,load,0.35,16.41666654223085
system-4,system-4:load:0.18:5,74,load,0.18,20.34999999740999
system-4,system-4:load:-0.31:4,85,load,-0.31,18.716666666754918
system-4,system-4:load:0.35:6,160,load,0.35,20.916666666666664
system-6,system-6:load:-0.31:7,37,load,-0.31,23.219062626411937
system-2,system-2:load:0.35:3,66,load,0.35,16.4166665795616
system-2,system-2:load:0.18:2,47,load,0.18,15.849960821641151
system-4,system-4:load:-0.31:4,86,load,-0.31,18.716666666728443
system-2,system-2:load:-0.31:1,67,load,-0.31,14.216666721046558
system-4,system-4:load:0.18:5,75,load,0.18,20.34999999818699
system-6,system-6:load:0.18:8,70,load,0.18,24.849999989148216
system-6,system-6:load:-0.31:7,38,load,-0.31,23.218343838488355
system-4,system-4:load:-0.31:4,87,load,-0.31,18.716666666709912
system-2,system-2:load:0.18:2,48,load,0.18,15.849972575148804
system-2,system-2:load:-0.31:1,68,load,-0.31,14.21666670473259
system-6,system-6:load:-0.31:7,39,load,-0.31,23.21784068694185
system-6,system-6:load:0.18:8,71,load,0.18,24.849999992403752
system-2,system-2:load:0.35:3,67,load,0.35,16.416666605693123
system-4,system-4:load:0.18:5,76,load,0.18,20.349999998730894
system-2,system-2:load:0.18:2,49,load,0.18,15.849980802604163
system-2,system-2:load:-0.31:1,69,load,-0.31,14.216666693312813
system-6,system-6:load:0.18:8,72,load,0.18,24.849999994682626
system-4,system-4:load:-0.31:4,88,load,-0.31,18.71666666669694
system-2,system-2:load:0.35:3,68,load,0.35,16.416666623985186
system-2,system-2:load:0.18:2,50,load,0.18,15.849986561822913
system-4,system-4:load:0.18:5,77,load,0.18,20.349999999111624
system-6,system-6:load:0.18:8,73,load,0.18,24.849999996277838
system-6,system-6:load:-0.31:7,40,load,-0.31,23.217488480859295
system-2,system-2:load:-0.31:1,70,load,-0.31,14.216666685318968
system-4,system-4:load:-0.31:4,89,load,-0.31,18.71666666668786
system-2,system-2:load:0.35:3,69,load,0.35,16.416666636789635
system-2,system-2:load:0.18:2,51,load,0.18,15.84999059327604
system-6,system-6:load:0.18:8,74,load,0.18,24.849999997394484
system-4,system-4:load:0.18:5,78,load,0.18,20.349999999378134
system-2,system-2:load:-0.31:1,71,load,-0.31,14.216666679723277
system-6,system-6:load:-0.31:7,41,load,-0.31,23.217241936601507
system-2,system-2:load:0.35:3,70,load,0.35,16.41666664575275
system-4,system-4:load:-0.31:4,90,load,-0.31,18.716666666681505
system-6,system-6:load:0.18:8,75,load,0.18,24.849999998176138
system-2,system-2:load:0.18:2,52,load,0.18,15.849993415293227
system-4,system-4:load:0.18:5,79,load,0.18,20.349999999564695
system-2,system-2:load:-0.31:1,72,load,-0.31,14.216666675806295
system-4,system-4:load:-0.31:4,91,load,-0.31,18.716666666677053
system-6,system-6:load:-0.31:7,42,load,-0.31,23.217069355621057
system-2,system-2:load:0.35:3,71,load,0.35,16.416666652026926
system-6,system-6:load:0.18:8,76,load,0.18,24.8499999987233
system-2,system-2:load:0.18:2,53,load,0.18,15.849995390705258
system-2,system-2:load:-0.31:1,73,load,-0.31,14.216666673064406
system-2,system-2:load:0.35:3,72,load,0.35,16.416666656418847
system-4,system-4:load:-0.31:4,92,load,-0.31,18.716666666673937
system-6,system-6:load:0.18:8,77,load,0.18,24.84999999910631
system-6,system-6:load:-0.31:7,43,load,-0.31,23.21694854893474
system-2,system-2:load:0.18:2,54,load,0.18,15.84999677349368
system-4,system-4:load:0.18:5,80,load,0.18,20.349999999695285
system-2,system-2:load:0.35:3,73,load,0.35,16.416666659493195
system-2,system-2:load:-0.31:1,74,load,-0.31,14.216666671145083
system-6,system-6:load:0.18:8,78,load,0.18,24.84999999937442
system-4,system-4:load:-0.31:4,93,load,-0.31,18.71666666667176
system-2,system-2:load:0.18:2,55,load,0.18,15.849997741445577
system-6,system-6:load:-0.31:7,44,load,-0.31,23.21686398425432
system-4,system-4:load:0.18:5,81,load,0.18,20.3499999997867
system-2,system-2:load:0.35:3,74,load,0.35,16.416666661645237
system-4,system-4:load:-0.31:4,94,load,-0.31,18.716666666670235
system-2,system-2:load:-0.31:1,75,load,-0.31,14.216666669801556
system-6,system-6:load:0.18:8,79,load,0.18,24.849999999562094
system-2,system-2:load:0.18:2,56,load,0.18,15.849998419011904
system-2,system-2:load:0.35:3,75,load,0.35,16.416666663151666
system-6,system-6:load:0.18:8,80,load,0.18,24.849999999693466
system-4,system-4:load:-0.31:4,95,load,-0.31,18.716666666669166
system-6,system-6:load:-0.31:7,45,load,-0.31,23.216804788978028
system-4,system-4:load:0.18:5,82,load,0.18,20.349999999850688
system-2,system-2:load:0.18:2,57,load,0.18,15.849998893308332
system-2,system-2:load:0.35:3,76,load,0.35,16.41666666420617
system-2,system-2:load:-0.31:1,76,load,-0.31,14.21666666886109
system-4,system-4:load:-0.31:4,96,load,-0.31,18.716666666668416
system-6,system-6:load:0.18:8,81,load,0.18,24.849999999785425
system-6,system-6:load:-0.31:7,46,load,-0.31,23.216763352284623
system-4,system-4:load:0.18:5,83,load,0.18,20.34999999989548
system-2,system-2:load:0.18:2,58,load,0.18,15.849999225315832
system-2,system-2:load:-0.31:1,77,load,-0.31,14.216666668202762
system-2,system-2:load:0.35:3,77,load,0.35,16.416666664944323
system-4,system-4:load:-0.31:4,97,load,-0.31,18.716666666667894
system-6,system-6:load:0.18:8,82,load,0.18,24.849999999849796
system-4,system-4:load:0.18:5,84,load,0.18,20.349999999926837
system-2,system-2:load:0.18:2,59,load,0.18,15.849999457721081
system-6,system-6:load:-0.31:7,47,load,-0.31,23.216734346599235
system-2,system-2:load:0.35:3,78,load,0.35,16.41666666546103
system-4,system-4:load:-0.31:4,98,load,-0.31,18.71666666666753
system-2,system-2:load:-0.31:1,78,load,-0.31,14.216666667741933
system-4,system-4:load:0.18:5,85,load,0.18,20.349999999948786
system-6,system-6:load:0.18:8,83,load,0.18,24.849999999894855
system-2,system-2:load:0.18:2,60,load,0.18,15.849999620404756
system-6,system-6:load:-0.31:7,48,load,-0.31,23.216714042619465
system-2,system-2:load:0.35:3,79,load,0.35,16.416666665822724
system-2,system-2:load:-0.31:1,79,load,-0.31,14.216666667419352
system-4,system-4:load:0.18:5,86,load,0.18,20.349999999964147
system-6,system-6:load:0.18:8,84,load,0.18,24.849999999926396
system-4,system-4:load:-0.31:4,99,load,-0.31,18.71666666666727
system-2,system-2:load:0.18:2,61,load,0.18,15.84999973428333
system-6,system-6:load:-0.31:7,49,load,-0.31,23.216699829833626
system-4,system-4:load:0.18:5,87,load,0.18,20.349999999974905
system-2,system-2:load:-0.31:1,80,load,-0.31,14.216666667193545
system-2,system-2:load:0.35:3,80,load,0.35,16.416666666075905
system-6,system-6:load:0.18:8,85,load,0.18,24.849999999948476
system-2,system-2:load:0.18:2,62,load,0.18,15.84999981399833
system-4,system-4:load:-0.31:4,100,load,-0.31,18.71666666666709
system-2,system-2:load:0.35:3,81,load,0.35,16.416666666253136
system-4,system-4:load:0.18:5,88,load,0.18,20.349999999982437
system-2,system-2:load:-0.31:1,81,load,-0.31,14.216666667035481
system-6,system-6:load:-0.31:7,50,load,-0.31,23.21668988088354
system-6,system-6:load:0.18:8,86,load,0.18,24.84999999996393
system-4,system-4:load:-0.31:4,101,load,-0.31,18.716666666666963
system-2,system-2:load:0.18:2,63,load,0.18,15.84999986979883
system-2,system-2:load:0.35:3,82,load,0.35,16.416666666377196
system-4,system-4:load:0.18:5,89,load,0.18,20.34999999998771
system-6,system-6:load:-0.31:7,51,load,-0.31,23.21668291661848
system-4,system-4:load:-0.31:4,102,load,-0.31,18.716666666666875
system-6,system-6:load:0.18:8,87,load,0.18,24.849999999974752
system-2,system-2:load:-0.31:1,82,load,-0.31,14.216666666924835
system-2,system-2:load:0.18:2,64,load,0.18,15.849999908859182
system-2,system-2:load:0.35:3,83,load,0.35,16.41666666646404
system-6,system-6:load:0.35:9,104,load,0.35,25.416666666666558
system-6,system-6:load:0.18:8,88,load,0.18,24.849999999982327
system-6,system-6:load:-0.31:7,52,load,-0.31,23.21667804163294
system-2,system-2:load:-0.31:1,83,load,-0.31,14.216666666847384
system-4,system-4:load:-0.31:4,103,load,-0.31,18.716666666666814
system-4,system-4:load:0.18:5,90,load,0.18,20.349999999991397
system-6,system-6:load:0.35:9,105,load,0.35,25.416666666666593
system-2,system-2:load:0.18:2,65,load,0.18,15.849999936201428
system-2,system-2:load:0.35:3,84,load,0.35,16.41666666652483
system-6,system-6:load:-0.31:7,53,load,-0.31,23.21667462914306
system-6,system-6:load:0.18:8,89,load,0.18,24.849999999987627
system-4,system-4:load:-0.31:4,104,load,-0.31,18.71666666666677
system-4,system-4:load:0.18:5,91,load,0.18,20.349999999993976
system-2,system-2:load:-0.31:1,84,load,-0.31,14.216666666793168
system-6,system-6:load:0.35:9,106,load,0.35,25.416666666666615
system-2,system-2:load:0.18:2,66,load,0.18,15.849999955341
system-2,system-2:load:0.35:3,85,load,0.35,16.41666666656738
system-6,system-6:load:-0.31:7,54,load,-0.31,23.216672240400143
system-4,system-4:load:-0.31:4,105,load,-0.31,18.716666666666743
system-4,system-4:load:0.18:5,92,load,0.18,20.34999999999578
system-6,system-6:load:0.35:9,107,load,0.35,25.416666666666632
system-2,system-2:load:0.35:3,86,load,0.35,16.416666666597166
system-2,system-2:load:0.18:2,67,load,0.18,15.8499999687387
system-6,system-6:load:-0.31:7,55,load,-0.31,23.2166705682801
system-6,system-6:load:0.35:9,108,load,0.35,25.416666666666647
system-4,system-4:load:0.18:5,93,load,0.18,20.349999999997046
system-4,system-4:load:-0.31:4,106,load,-0.31,18.716666666666722
system-2,system-2:load:0.18:2,68,load,0.18,15.84999997811709
system-2,system-2:load:0.35:3,87,load,0.35,16.416666666618017
system-6,system-6:load:0.35:9,109,load,0.35,25.416666666666654
system-4,system-4:load:-0.31:4,107,load,-0.31,18.716666666666704
system-6,system-6:load:-0.31:7,56,load,-0.31,23.21666939779607
system-4,system-4:load:0.18:5,94,load,0.18,20.349999999997934
system-6,system-6:load:0.35:9,110,load,0.35,25.416666666666657
system-2,system-2:load:0.18:2,69,load,0.18,15.849999984681963
system-2,system-2:load:0.35:3,88,load,0.35,16.416666666632615
system-4,system-4:load:-0.31:4,108,load,-0.31,18.716666666666693
system-6,system-6:load:0.35:9,111,load,0.35,25.41666666666666
system-6,system-6:load:-0.31:7,57,load,-0.31,23.216668578457252
system-2,system-2:load:0.18:2,70,load,0.18,15.849999989277373
system-4,system-4:load:0.18:5,95,load,0.18,20.349999999998552
system-4,system-4:load:-0.31:4,109,load,-0.31,18.716666666666686
system-2,system-2:load:0.35:3,89,load,0.35,16.416666666642833
system-6,system-6:load:0.35:9,112,load,0.35,25.416666666666664
system-4,system-4:load:0.18:5,96,load,0.18,20.349999999998985
system-2,system-2:load:0.18:2,71,load,0.18,15.849999992494162
system-6,system-6:load:0.35:9,113,load,0.35,25.416666666666664
system-6,system-6:load:-0.31:7,58,load,-0.31,23.216668004920077
system-4,system-4:load:-0.31:4,110,load,-0.31,18.716666666666683
system-2,system-2:load:0.35:3,90,load,0.35,16.41666666664998
system-6,system-6:load:0.35:9,114,load,0.35,25.416666666666664
system-4,system-4:load:0.18:5,97,load,0.18,20.34999999999929
system-4,system-4:load:-0.31:4,111,load,-0.31,18.71666666666668
system-6,system-6:load:-0.31:7,59,load,-0.31,23.216667603444055
system-2,system-2:load:0.18:2,72,load,0.18,15.849999994745913
system-2,system-2:load:0.35:3,91,load,0.35,16.41666666665499
system-6,system-6:load:0.35:9,115,load,0.35,25.416666666666664
system-4,system-4:load:0.18:5,98,load,0.18,20.349999999999504
system-4,system-4:load:-0.31:4,112,load,-0.31,18.716666666666676
system-2,system-2:load:0.18:2,73,load,0.18,15.849999996322138
system-2,system-2:load:0.35:3,92,load,0.35,16.416666666658493
system-6,system-6:load:0.35:9,116,load,0.35,25.416666666666664
system-4,system-4:load:-0.31:4,113,load,-0.31,18.716666666666672
system-6,system-6:load:-0.31:7,60,load,-0.31,23.216667322410842
system-6,system-6:load:0.35:9,117,load,0.35,25.416666666666664
system-4,system-4:load:0.18:5,99,load,0.18,20.349999999999653
system-2,system-2:load:0.18:2,74,load,0.18,15.849999997425495
system-4,system-4:load:-0.31:4,114,load,-0.31,18.716666666666672
system-6,system-6:load:0.35:9,118,load,0.35,25.416666666666664
system-6,system-6:load:-0.31:7,61,load,-0.31,23.21666712568759
system-4,system-4:load:0.18:5,100,load,0.18,20.349999999999756
system-2,system-2:load:0.18:2,75,load,0.18,15.849999998197845
system-4,system-4:load:-0.31:4,115,load,-0.31,18.716666666666672
system-6,system-6:load:0.35:9,119,load,0.35,25.416666666666664
system-6,system-6:load:-0.31:7,62,load,-0.31,23.216666987981313
system-4,system-4:load:-0.31:4,116,load,-0.31,18.716666666666672
system-6,system-6:load:0.35:9,120,load,0.35,25.416666666666664
system-2,system-2:load:0.18:2,76,load,0.18,15.849999998738491
system-4,system-4:load:0.18:5,101,load,0.18,20.34999999999983
system-6,system-6:load:-0.31:7,63,load,-0.31,23.21666689158692
system-2,system-2:load:0.18:2,77,load,0.18,15.849999999116944
system-4,system-4:load:-0.31:4,117,load,-0.31,18.716666666666672
system-6,system-6:load:-0.31:7,64,load,-0.31,23.216666824110845
system-2,system-2:load:0.18:2,78,load,0.18,15.84999999938186
system-4,system-4:load:0.18:5,102,load,0.18,20.34999999999988
system-6,system-6:load:-0.31:7,65,load,-0.31,23.21666677687759
system-2,system-2:load:0.18:2,79,load,0.18,15.849999999567302
system-4,system-4:load:0.18:5,103,load,0.18,20.349999999999916
system-2,system-2:load:0.18:2,80,load,0.18,15.849999999697111
system-6,system-6:load:-0.31:7,66,load,-0.31,23.216666743814315
system-2,system-2:load:0.18:2,81,load,0.18,15.849999999787977
system-4,system-4:load:0.18:5,104,load,0.18,20.349999999999945
system-6,system-6:load:-0.31:7,67,load,-0.31,23.216666720670023
system-4,system-4:load:0.18:5,105,load,0.18,20.34999999999996
system-2,system-2:load:0.18:2,82,load,0.18,15.849999999851585
system-6,system-6:load:-0.31:7,68,load,-0.31,23.21666670446902
system-2,system-2:load:0.18:2,83,load,0.18,15.84999999989611
system-4,system-4:load:0.18:5,106,load,0.18,20.349999999999973
system-6,system-6:load:-0.31:7,69,load,-0.31,23.216666693128314
system-2,system-2:load:0.18:2,84,load,0.18,15.849999999927277
system-4,system-4:load:0.18:5,107,load,0.18,20.34999999999998
system-6,system-6:load:-0.31:7,70,load,-0.31,23.21666668518982
system-2,system-2:load:0.18:2,85,load,0.18,15.849999999949095
system-4,system-4:load:0.18:5,108,load,0.18,20.349999999999987
system-6,system-6:load:-0.31:7,71,load,-0.31,23.216666679632876
system-2,system-2:load:0.18:2,86,load,0.18,15.849999999964368
system-4,system-4:load:0.18:5,109,load,0.18,20.349999999999987
system-6,system-6:load:-0.31:7,72,load,-0.31,23.216666675743014
system-2,system-2:load:0.18:2,87,load,0.18,15.849999999975058
system-6,system-6:load:-0.31:7,73,load,-0.31,23.21666667302011
system-4,system-4:load:0.18:5,110,load,0.18,20.349999999999987
system-2,system-2:load:0.18:2,88,load,0.18,15.84999999998254
system-6,system-6:load:-0.31:7,74,load,-0.31,23.216666671114076
system-4,system-4:load:0.18:5,111,load,0.18,20.349999999999987
system-2,system-2:load:0.18:2,89,load,0.18,15.849999999987777
system-4,system-4:load:0.18:5,112,load,0.18,20.349999999999987
system-2,system-2:load:0.18:2,90,load,0.18,15.849999999991443
system-6,system-6:load:-0.31:7,75,load,-0.31,23.21666666977986
system-4,system-4:load:0.18:5,113,load,0.18,20.349999999999987
system-6,system-6:load:-0.31:7,76,load,-0.31,23.216666668845903
system-2,system-2:load:0.18:2,91,load,0.18,15.849999999994012
system-4,system-4:load:0.18:5,114,load,0.18,20.349999999999987
system-6,system-6:load:-0.31:7,77,load,-0.31,23.216666668192133
system-4,system-4:load:0.18:5,115,load,0.18,20.349999999999987
system-4,system-4:load:0.18:5,116,load,0.18,20.349999999999987
system-6,system-6:load:-0.31:7,78,load,-0.31,23.216666667734494
system-4,system-4:load:0.18:5,117,load,0.18,20.349999999999987
system-6,system-6:load:-0.31:7,79,load,-0.31,23.21666666741415
system-4,system-4:load:0.18:5,118,load,0.18,20.349999999999987
system-6,system-6:load:-0.31:7,80,load,-0.31,23.216666667189905
system-4,system-4:load:0.18:5,119,load,0.18,20.349999999999987
system-4,system-4:load:0.18:5,120,load,0.18,20.349999999999987
system-4,system-4:load:0.18:5,121,load,0.18,20.349999999999987
system-6,system-6:load:-0.31:7,81,load,-0.31,23.216666667032936
system-4,system-4:load:0.18:5,122,load,0.18,20.349999999999987
system-6,system-6:load:-0.31:7,82,load,-0.31,23.216666666923054
system-4,system-4:load:0.18:5,123,load,0.18,20.349999999999987
system-6,system-6:load:-0.31:7,83,load,-0.31,23.21666666684614
system-4,system-4:load:0.18:5,124,load,0.18,20.349999999999987
system-4,system-4:load:0.18:5,125,load,0.18,20.349999999999987
system-6,system-6:load:-0.31:7,84,load,-0.31,23.2166666667923
system-4,system-4:load:0.18:5,126,load,0.18,20.349999999999987
system-6,system-6:load:-0.31:7,85,load,-0.31,23.21666666675461
system-6,system-6:load:-0.31:7,86,load,-0.31,23.21666666672823
system-6,system-6:load:-0.31:7,87,load,-0.31,23.216666666709763
system-6,system-6:load:-0.31:7,88,load,-0.31,23.216666666696835
system-6,system-6:load:-0.31:7,89,load,-0.31,23.216666666687786
system-6,system-6:load:-0.31:7,90,load,-0.31,23.21666666668145
system-6,system-6:load:-0.31:7,91,load,-0.31,23.216666666677018
system-6,system-6:load:-0.31:7,92,load,-0.31,23.216666666673916
system-6,system-6:load:-0.31:7,93,load,-0.31,23.216666666671742
system-6,system-6:load:-0.31:7,94,load,-0.31,23.21666666667022
system-6,system-6:load:-0.31:7,95,load,-0.31,23.216666666669155
system-6,system-6:load:0.18:8,90,load,0.18,24.849999999991336
system-2,system-2:load:-0.31:1,85,load,-0.31,14.216666666755218
system-6,system-6:load:0.18:8,91,load,0.18,24.849999999993933
system-2,system-2:load:-0.31:1,86,load,-0.31,14.216666666728653
system-6,system-6:load:0.18:8,92,load,0.18,24.849999999995752
system-2,system-2:load:-0.31:1,87,load,-0.31,14.216666666710056
system-6,system-6:load:0.18:8,93,load,0.18,24.849999999997024
system-2,system-2:load:-0.31:1,88,load,-0.31,14.216666666697039
system-6,system-6:load:0.18:8,94,load,0.18,24.849999999997916
system-2,system-2:load:-0.31:1,89,load,-0.31,14.216666666687928
system-6,system-6:load:0.18:8,95,load,0.18,24.84999999999854
system-2,system-2:load:-0.31:1,90,load,-0.31,14.216666666681549
system-6,system-6:load:0.18:8,96,load,0.18,24.84999999999898
system-2,system-2:load:-0.31:1,91,load,-0.31,14.216666666677085
system-6,system-6:load:0.18:8,97,load,0.18,24.849999999999284
system-2,system-2:load:-0.31:1,92,load,-0.31,14.216666666673959
system-6,system-6:load:0.18:8,98,load,0.18,24.849999999999497
system-2,system-2:load:-0.31:1,93,load,-0.31,14.21666666667177
system-6,system-6:load:0.18:8,99,load,0.18,24.849999999999646
system-2,system-2:load:-0.31:1,94,load,-0.31,14.216666666670239
system-6,system-6:load:0.18:8,100,load,0.18,24.849999999999753
system-2,system-2:load:-0.31:1,95,load,-0.31,14.216666666669168
system-6,system-6:load:0.18:8,101,load,0.18,24.849999999999827
system-2,system-2:load:-0.31:1,96,load,-0.31,14.216666666668416
system-6,system-6:load:0.18:8,102,load,0.18,24.84999999999988
system-2,system-2:load:-0.31:1,97,load,-0.31,14.21666666666789
system-6,system-6:load:0.18:8,103,load,0.18,24.849999999999916
system-6,system-6:load:0.18:8,104,load,0.18,24.849999999999945
system-2,system-2:load:-0.31:1,98,load,-0.31,14.216666666667523
system-6,system-6:load:0.18:8,105,load,0.18,24.84999999999996
system-2,system-2:load:-0.31:1,99,load,-0.31,14.216666666667265
system-2,system-2:load:-0.31:1,100,load,-0.31,14.216666666667086
system-2,system-2:load:0.35:3,93,load,0.35,16.416666666660944
system-6,system-6:load:0.18:8,106,load,0.18,24.849999999999973
system-2,system-2:load:-0.31:1,101,load,-0.31,14.21666666666696
system-2,system-2:load:0.35:3,94,load,0.35,16.416666666662664
system-6,system-6:load:0.18:8,107,load,0.18,24.84999999999998
system-2,system-2:load:-0.31:1,102,load,-0.31,14.216666666666871
system-6,system-6:load:0.18:8,108,load,0.18,24.849999999999987
system-2,system-2:load:0.35:3,95,load,0.35,16.416666666663865
system-6,system-6:load:0.35:9,121,load,0.35,25.416666666666664
system-6,system-6:load:0.18:8,109,load,0.18,24.849999999999987
system-2,system-2:load:0.35:3,96,load,0.35,16.416666666664703
system-2,system-2:load:-0.31:1,103,load,-0.31,14.216666666666809
system-4,system-4:load:-0.31:4,118,load,-0.31,18.716666666666672
system-6,system-6:load:0.35:9,122,load,0.35,25.416666666666664
system-2,system-2:load:0.35:3,97,load,0.35,16.416666666665293
system-6,system-6:load:0.18:8,110,load,0.18,24.849999999999987
system-6,system-6:load:0.35:9,123,load,0.35,25.416666666666664
system-2,system-2:load:-0.31:1,104,load,-0.31,14.216666666666764
system-2,system-2:load:0.35:3,98,load,0.35,16.416666666665705
system-6,system-6:load:0.35:9,124,load,0.35,25.416666666666664
system-6,system-6:load:0.18:8,111,load,0.18,24.849999999999987
system-4,system-4:load:-0.31:4,119,load,-0.31,18.716666666666672
system-6,system-6:load:0.35:9,125,load,0.35,25.416666666666664
system-2,system-2:load:-0.31:1,105,load,-0.31,14.216666666666734
system-2,system-2:load:0.35:3,99,load,0.35,16.416666666665996
system-6,system-6:load:0.35:9,126,load,0.35,25.416666666666664
system-6,system-6:load:0.18:8,112,load,0.18,24.849999999999987
system-4,system-4:load:-0.31:4,120,load,-0.31,18.716666666666672
system-6,system-6:load:0.35:9,127,load,0.35,25.416666666666664
system-2,system-2:load:-0.31:1,106,load,-0.31,14.216666666666715
system-6,system-6:load:0.18:8,113,load,0.18,24.849999999999987
system-6,system-6:load:0.35:9,128,load,0.35,25.416666666666664
system-2,system-2:load:0.35:3,100,load,0.35,16.416666666666195
system-4,system-4:load:-0.31:4,121,load,-0.31,18.716666666666672
system-2,system-2:load:0.35:3,101,load,0.35,16.416666666666337
system-6,system-6:load:0.18:8,114,load,0.18,24.849999999999987
system-6,system-6:load:0.35:9,129,load,0.35,25.416666666666664
system-4,system-4:load:-0.31:4,122,load,-0.31,18.716666666666672
system-2,system-2:load:0.35:3,102,load,0.35,16.416666666666437
system-6,system-6:load:0.35:9,130,load,0.35,25.416666666666664
system-6,system-6:load:0.18:8,115,load,0.18,24.849999999999987
system-4,system-4:load:-0.31:4,123,load,-0.31,18.716666666666672
system-2,system-2:load:0.35:3,103,load,0.35,16.416666666666508
system-6,system-6:load:0.35:9,131,load,0.35,25.416666666666664
system-6,system-6:load:0.18:8,116,load,0.18,24.849999999999987
system-4,system-4:load:-0.31:4,124,load,-0.31,18.716666666666672
system-2,system-2:load:0.35:3,104,load,0.35,16.416666666666558
system-6,system-6:load:0.18:8,117,load,0.18,24.849999999999987
system-4,system-4:load:-0.31:4,125,load,-0.31,18.716666666666672
system-6,system-6:load:0.35:9,132,load,0.35,25.416666666666664
system-2,system-2:load:0.35:3,105,load,0.35,16.416666666666593
system-6,system-6:load:0.18:8,118,load,0.18,24.849999999999987
system-4,system-4:load:-0.31:4,126,load,-0.31,18.716666666666672
system-6,system-6:load:0.35:9,133,load,0.35,25.416666666666664
system-2,system-2:load:0.35:3,106,load,0.35,16.416666666666615
system-2,system-2:load:0.35:3,107,load,0.35,16.416666666666632
system-4,system-4:load:-0.31:4,127,load,-0.31,18.716666666666672
system-6,system-6:load:0.35:9,134,load,0.35,25.416666666666664
system-2,system-2:load:0.35:3,108,load,0.35,16.416666666666647
system-4,system-4:load:-0.31:4,128,load,-0.31,18.716666666666672
system-2,system-2:load:0.35:3,109,load,0.35,16.416666666666654
system-6,system-6:load:0.35:9,135,load,0.35,25.416666666666664
system-4,system-4:load:-0.31:4,129,load,-0.31,18.716666666666672
system-6,system-6:load:0.35:9,136,load,0.35,25.416666666666664
system-4,system-4:load:-0.31:4,130,load,-0.31,18.716666666666672
system-6,system-6:load:0.35:9,137,load,0.35,25.416666666666664
system-4,system-4:load:-0.31:4,131,load,-0.31,18.716666666666672
system-2,system-2:load:0.18:2,92,load,0.18,15.849999999995807
system-6,system-6:load:0.35:9,138,load,0.35,25.416666666666664
system-6,system-6:load:0.35:9,139,load,0.35,25.416666666666664
system-2,system-2:load:0.18:2,93,load,0.18,15.849999999997065
system-6,system-6:load:0.35:9,140,load,0.35,25.416666666666664
system-2,system-2:load:0.18:2,94,load,0.18,15.849999999997944
system-6,system-6:load:0.35:9,141,load,0.35,25.416666666666664
system-6,system-6:load:0.35:9,142,load,0.35,25.416666666666664
system-2,system-2:load:0.18:2,95,load,0.18,15.849999999998559
system-6,system-6:load:0.35:9,143,load,0.35,25.416666666666664
system-2,system-2:load:0.18:2,96,load,0.18,15.84999999999899
system-6,system-6:load:0.35:9,144,load,0.35,25.416666666666664
system-2,system-2:load:0.18:2,97,load,0.18,15.849999999999293
system-6,system-6:load:0.35:9,145,load,0.35,25.416666666666664
system-2,system-2:load:0.18:2,98,load,0.18,15.849999999999506
system-6,system-6:load:0.35:9,146,load,0.35,25.416666666666664
system-2,system-2:load:0.18:2,99,load,0.18,15.849999999999655
system-6,system-6:load:0.35:9,147,load,0.35,25.416666666666664
system-6,system-6:load:0.35:9,148,load,0.35,25.416666666666664
system-2,system-2:load:0.18:2,100,load,0.18,15.849999999999758
system-6,system-6:load:0.35:9,149,load,0.35,25.416666666666664
system-2,system-2:load:0.18:2,101,load,0.18,15.84999999999983
system-6,system-6:load:0.35:9,150,load,0.35,25.416666666666664
system-2,system-2:load:0.18:2,102,load,0.18,15.849999999999879
system-6,system-6:load:0.35:9,151,load,0.35,25.416666666666664
system-6,system-6:load:0.35:9,152,load,0.35,25.416666666666664
system-2,system-2:load:0.18:2,103,load,0.18,15.849999999999914
system-6,system-6:load:0.35:9,153,load,0.35,25.416666666666664
system-2,system-2:load:0.18:2,104,load,0.18,15.84999999999994
system-4,system-4:load:0.18:5,127,load,0.18,20.349999999999987
system-6,system-6:load:0.35:9,154,load,0.35,25.416666666666664
system-2,system-2:load:0.18:2,105,load,0.18,15.849999999999957
system-6,system-6:load:0.35:9,155,load,0.35,25.416666666666664
system-4,system-4:load:0.18:5,128,load,0.18,20.349999999999987
system-2,system-2:load:0.18:2,106,load,0.18,15.84999999999997
system-6,system-6:load:0.35:9,156,load,0.35,25.416666666666664
system-2,system-2:load:0.18:2,107,load,0.18,15.84999999999998
system-4,system-4:load:0.18:5,129,load,0.18,20.349999999999987
system-6,system-6:load:0.35:9,157,load,0.35,25.416666666666664
system-2,system-2:load:0.18:2,108,load,0.18,15.849999999999985
system-4,system-4:load:0.18:5,130,load,0.18,20.349999999999987
system-6,system-6:load:0.35:9,158,load,0.35,25.416666666666664
system-2,system-2:load:0.18:2,109,load,0.18,15.849999999999989
system-4,system-4:load:0.18:5,131,load,0.18,20.349999999999987
system-6,system-6:load:0.35:9,159,load,0.35,25.416666666666664
system-2,system-2:load:0.18:2,110,load,0.18,15.849999999999993
system-4,system-4:load:0.18:5,132,load,0.18,20.349999999999987
system-4,system-4:load:0.18:5,133,load,0.18,20.349999999999987
system-2,system-2:load:0.18:2,111,load,0.18,15.849999999999994
system-6,system-6:load:0.35:9,160,load,0.35,25.416666666666664
system-4,system-4:load:0.18:5,134,load,0.18,20.349999999999987
system-2,system-2:load:0.18:2,112,load,0.18,15.849999999999996
system-4,system-4:load:0.18:5,135,load,0.18,20.349999999999987
system-2,system-2:load:0.18:2,113,load,0.18,15.849999999999998
system-4,system-4:load:0.18:5,136,load,0.18,20.349999999999987
system-2,system-2:load:0.18:2,114,load,0.18,15.849999999999998
system-4,system-4:load:0.18:5,137,load,0.18,20.349999999999987
system-4,system-4:load:0.18:5,138,load,0.18,20.349999999999987
system-4,system-4:load:0.18:5,139,load,0.18,20.349999999999987
system-4,system-4:load:0.18:5,140,load,0.18,20.349999999999987
system-4,system-4:load:0.18:5,141,load,0.18,20.349999999999987
system-4,system-4:load:0.18:5,142,load,0.18,20.349999999999987
system-4,system-4:load:0.18:5,143,load,0.18,20.349999999999987
system-4,system-4:load:0.18:5,144,load,0.18,20.349999999999987
system-4,system-4:load:0.18:5,145,load,0.18,20.349999999999987
system-4,system-4:load:0.18:5,146,load,0.18,20.349999999999987
system-4,system-4:load:0.18:5,147,load,0.18,20.349999999999987
system-4,system-4:load:0.18:5,148,load,0.18,20.349999999999987
system-6,system-6:load:-0.31:7,96,load,-0.31,23.21666666666841
system-4,system-4:load:0.18:5,149,load,0.18,20.349999999999987
system-4,system-4:load:0.18:5,150,load,0.18,20.349999999999987
system-6,system-6:load:-0.31:7,97,load,-0.31,23.216666666667887
system-4,system-4:load:0.18:5,151,load,0.18,20.349999999999987
system-6,system-6:load:-0.31:7,98,load,-0.31,23.21666666666752
system-4,system-4:load:0.18:5,152,load,0.18,20.349999999999987
system-4,system-4:load:0.18:5,153,load,0.18,20.349999999999987
system-6,system-6:load:-0.31:7,99,load,-0.31,23.216666666667265
system-4,system-4:load:0.18:5,154,load,0.18,20.349999999999987
system-4,system-4:load:0.18:5,155,load,0.18,20.349999999999987
system-6,system-6:load:-0.31:7,100,load,-0.31,23.216666666667088
system-4,system-4:load:0.18:5,156,load,0.18,20.349999999999987
system-6,system-6:load:-0.31:7,101,load,-0.31,23.216666666666963
system-4,system-4:load:0.18:5,157,load,0.18,20.349999999999987
system-6,system-6:load:-0.31:7,102,load,-0.31,23.216666666666875
system-4,system-4:load:0.18:5,158,load,0.18,20.349999999999987
system-6,system-6:load:-0.31:7,103,load,-0.31,23.216666666666814
system-6,system-6:load:-0.31:7,104,load,-0.31,23.21666666666677
system-4,system-4:load:0.18:5,159,load,0.18,20.349999999999987
system-4,system-4:load:0.18:5,160,load,0.18,20.349999999999987
system-6,system-6:load:-0.31:7,105,load,-0.31,23.216666666666743
system-6,system-6:load:-0.31:7,106,load,-0.31,23.216666666666722
system-6,system-6:load:-0.31:7,107,load,-0.31,23.216666666666704
system-6,system-6:load:-0.31:7,108,load,-0.31,23.216666666666693
system-6,system-6:load:-0.31:7,109,load,-0.31,23.216666666666686
system-6,system-6:load:-0.31:7,110,load,-0.31,23.216666666666683
system-6,system-6:load:-0.31:7,111,load,-0.31,23.21666666666668
system-6,system-6:load:-0.31:7,112,load,-0.31,23.216666666666676
system-6,system-6:load:-0.31:7,113,load,-0.31,23.216666666666672
system-6,system-6:load:-0.31:7,114,load,-0.31,23.216666666666672
system-6,system-6:load:-0.31:7,115,load,-0.31,23.216666666666672
system-6,system-6:load:-0.31:7,116,load,-0.31,23.216666666666672
system-6,system-6:load:-0.31:7,117,load,-0.31,23.216666666666672
system-6,system-6:load:-0.31:7,118,load,-0.31,23.216666666666672
system-6,system-6:load:-0.31:7,119,load,-0.31,23.216666666666672
system-6,system-6:load:-0.31:7,120,load,-0.31,23.216666666666672
system-6,system-6:load:-0.31:7,121,load,-0.31,23.216666666666672
system-6,system-6:load:-0.31:7,122,load,-0.31,23.216666666666672
system-6,system-6:load:-0.31:7,123,load,-0.31,23.216666666666672
system-6,system-6:load:-0.31:7,124,load,-0.31,23.216666666666672
system-6,system-6:load:-0.31:7,125,load,-0.31,23.216666666666672
system-6,system-6:load:-0.31:7,126,load,-0.31,23.216666666666672
system-6,system-6:load:-0.31:7,127,load,-0.31,23.216666666666672
system-6,system-6:load:-0.31:7,128,load,-0.31,23.216666666666672
system-6,system-6:load:-0.31:7,129,load,-0.31,23.216666666666672
system-2,system-2:load:-0.31:1,107,load,-0.31,14.216666666666699
system-2,system-2:load:-0.31:1,108,load,-0.31,14.21666666666669
system-2,system-2:load:-0.31:1,109,load,-0.31,14.216666666666683
system-2,system-2:load:-0.31:1,110,load,-0.31,14.216666666666677
system-2,system-2:load:-0.31:1,111,load,-0.31,14.216666666666674
system-6,system-6:load:0.18:8,119,load,0.18,24.849999999999987
system-6,system-6:load:0.18:8,120,load,0.18,24.849999999999987
system-6,system-6:load:0.18:8,121,load,0.18,24.849999999999987
system-6,system-6:load:0.18:8,122,load,0.18,24.849999999999987
system-2,system-2:load:0.35:3,110,load,0.35,16.416666666666657
system-2,system-2:load:0.35:3,111,load,0.35,16.41666666666666
system-6,system-6:load:0.18:8,123,load,0.18,24.849999999999987
system-2,system-2:load:0.35:3,112,load,0.35,16.416666666666664
system-6,system-6:load:0.18:8,124,load,0.18,24.849999999999987
system-4,system-4:load:-0.31:4,132,load,-0.31,18.716666666666672
system-2,system-2:load:0.35:3,113,load,0.35,16.416666666666664
system-6,system-6:load:0.18:8,125,load,0.18,24.849999999999987
system-2,system-2:load:0.35:3,114,load,0.35,16.416666666666664
system-6,system-6:load:0.18:8,126,load,0.18,24.849999999999987
system-2,system-2:load:0.35:3,115,load,0.35,16.416666666666664
system-2,system-2:load:0.35:3,116,load,0.35,16.416666666666664
system-2,system-2:load:0.35:3,117,load,0.35,16.416666666666664
system-4,system-4:load:-0.31:4,133,load,-0.31,18.716666666666672
system-6,system-6:load:0.18:8,127,load,0.18,24.849999999999987
system-4,system-4:load:-0.31:4,134,load,-0.31,18.716666666666672
system-2,system-2:load:0.35:3,118,load,0.35,16.416666666666664
system-6,system-6:load:0.18:8,128,load,0.18,24.849999999999987
system-2,system-2:load:0.35:3,119,load,0.35,16.416666666666664
system-4,system-4:load:-0.31:4,135,load,-0.31,18.716666666666672
system-2,system-2:load:0.35:3,120,load,0.35,16.416666666666664
system-6,system-6:load:0.18:8,129,load,0.18,24.849999999999987
system-2,system-2:load:0.35:3,121,load,0.35,16.416666666666664
system-6,system-6:load:0.18:8,130,load,0.18,24.849999999999987
system-4,system-4:load:-0.31:4,136,load,-0.31,18.716666666666672
system-2,system-2:load:0.35:3,122,load,0.35,16.416666666666664
system-6,system-6:load:0.18:8,131,load,0.18,24.849999999999987
system-4,system-4:load:-0.31:4,137,load,-0.31,18.716666666666672
system-2,system-2:load:0.35:3,123,load,0.35,16.416666666666664
system-4,system-4:load:-0.31:4,138,load,-0.31,18.716666666666672
system-6,system-6:load:0.18:8,132,load,0.18,24.849999999999987
system-6,system-6:load:0.18:8,133,load,0.18,24.849999999999987
system-4,system-4:load:-0.31:4,139,load,-0.31,18.716666666666672
system-6,system-6:load:0.18:8,134,load,0.18,24.849999999999987
system-4,system-4:load:-0.31:4,140,load,-0.31,18.716666666666672
system-2,system-2:load:0.35:3,124,load,0.35,16.416666666666664
system-2,system-2:load:0.18:2,115,load,0.18,15.849999999999998
system-4,system-4:load:-0.31:4,141,load,-0.31,18.716666666666672
system-2,system-2:load:0.35:3,125,load,0.35,16.416666666666664
system-6,system-6:load:0.18:8,135,load,0.18,24.849999999999987
system-2,system-2:load:0.18:2,116,load,0.18,15.849999999999998
system-4,system-4:load:-0.31:4,142,load,-0.31,18.716666666666672
system-2,system-2:load:0.35:3,126,load,0.35,16.416666666666664
system-2,system-2:load:0.18:2,117,load,0.18,15.849999999999998
system-4,system-4:load:-0.31:4,143,load,-0.31,18.716666666666672
system-2,system-2:load:0.18:2,118,load,0.18,15.849999999999998
system-6,system-6:load:0.18:8,136,load,0.18,24.849999999999987
system-2,system-2:load:0.35:3,127,load,0.35,16.416666666666664
system-2,system-2:load:0.18:2,119,load,0.18,15.849999999999998
system-4,system-4:load:-0.31:4,144,load,-0.31,18.716666666666672
system-6,system-6:load:0.18:8,137,load,0.18,24.849999999999987
system-2,system-2:load:0.18:2,120,load,0.18,15.849999999999998
system-4,system-4:load:-0.31:4,145,load,-0.31,18.716666666666672
system-6,system-6:load:0.18:8,138,load,0.18,24.849999999999987
system-2,system-2:load:0.35:3,128,load,0.35,16.416666666666664
system-2,system-2:load:0.18:2,121,load,0.18,15.849999999999998
system-4,system-4:load:-0.31:4,146,load,-0.31,18.716666666666672
system-2,system-2:load:0.35:3,129,load,0.35,16.416666666666664
system-2,system-2:load:0.18:2,122,load,0.18,15.849999999999998
system-6,system-6:load:0.18:8,139,load,0.18,24.849999999999987
system-4,system-4:load:-0.31:4,147,load,-0.31,18.716666666666672
system-2,system-2:load:0.18:2,123,load,0.18,15.849999999999998
system-2,system-2:load:0.35:3,130,load,0.35,16.416666666666664
system-2,system-2:load:0.18:2,124,load,0.18,15.849999999999998
system-4,system-4:load:-0.31:4,148,load,-0.31,18.716666666666672
system-6,system-6:load:0.18:8,140,load,0.18,24.849999999999987
system-2,system-2:load:0.35:3,131,load,0.35,16.416666666666664
system-2,system-2:load:0.18:2,125,load,0.18,15.849999999999998
system-4,system-4:load:-0.31:4,149,load,-0.31,18.716666666666672
system-2,system-2:load:0.35:3,132,load,0.35,16.416666666666664
system-6,system-6:load:0.18:8,141,load,0.18,24.849999999999987
system-2,system-2:load:0.18:2,126,load,0.18,15.849999999999998
system-4,system-4:load:-0.31:4,150,load,-0.31,18.716666666666672
system-6,system-6:load:0.18:8,142,load,0.18,24.849999999999987
system-2,system-2:load:0.35:3,133,load,0.35,16.416666666666664
system-4,system-4:load:-0.31:4,151,load,-0.31,18.716666666666672
system-4,system-4:load:-0.31:4,152,load,-0.31,18.716666666666672
system-2,system-2:load:0.35:3,134,load,0.35,16.416666666666664
system-6,system-6:load:0.18:8,143,load,0.18,24.849999999999987
system-2,system-2:load:0.18:2,127,load,0.18,15.849999999999998
system-2,system-2:load:0.35:3,135,load,0.35,16.416666666666664
system-4,system-4:load:-0.31:4,153,load,-0.31,18.716666666666672
system-2,system-2:load:0.35:3,136,load,0.35,16.416666666666664
system-2,system-2:load:0.18:2,128,load,0.18,15.849999999999998
system-6,system-6:load:0.18:8,144,load,0.18,24.849999999999987
system-4,system-4:load:-0.31:4,154,load,-0.31,18.716666666666672
system-2,system-2:load:0.35:3,137,load,0.35,16.416666666666664
system-4,system-4:load:-0.31:4,155,load,-0.31,18.716666666666672
system-6,system-6:load:0.18:8,145,load,0.18,24.849999999999987
system-2,system-2:load:0.35:3,138,load,0.35,16.416666666666664
system-2,system-2:load:0.18:2,129,load,0.18,15.849999999999998
system-4,system-4:load:-0.31:4,156,load,-0.31,18.716666666666672
system-6,system-6:load:0.18:8,146,load,0.18,24.849999999999987
system-2,system-2:load:0.35:3,139,load,0.35,16.416666666666664
system-2,system-2:load:0.18:2,130,load,0.18,15.849999999999998
system-4,system-4:load:-0.31:4,157,load,-0.31,18.716666666666672
system-6,system-6:load:0.18:8,147,load,0.18,24.849999999999987
system-2,system-2:load:0.18:2,131,load,0.18,15.849999999999998
system-2,system-2:load:0.35:3,140,load,0.35,16.416666666666664
system-4,system-4:load:-0.31:4,158,load,-0.31,18.716666666666672
system-6,system-6:load:0.18:8,148,load,0.18,24.849999999999987
system-2,system-2:load:0.18:2,132,load,0.18,15.849999999999998
system-4,system-4:load:-0.31:4,159,load,-0.31,18.716666666666672
system-2,system-2:load:0.35:3,141,load,0.35,16.416666666666664
system-6,system-6:load:0.18:8,149,load,0.18,24.849999999999987
system-4,system-4:load:-0.31:4,160,load,-0.31,18.716666666666672
system-2,system-2:load:0.18:2,133,load,0.18,15.849999999999998
system-2,system-2:load:0.35:3,142,load,0.35,16.416666666666664
system-6,system-6:load:0.18:8,150,load,0.18,24.849999999999987
system-2,system-2:load:0.35:3,143,load,0.35,16.416666666666664
system-6,system-6:load:0.18:8,151,load,0.18,24.849999999999987
system-2,system-2:load:0.18:2,134,load,0.18,15.849999999999998
system-2,system-2:load:0.35:3,144,load,0.35,16.416666666666664
system-6,system-6:load:0.18:8,152,load,0.18,24.849999999999987
system-2,system-2:load:0.18:2,135,load,0.18,15.849999999999998
system-2,system-2:load:0.35:3,145,load,0.35,16.416666666666664
system-6,system-6:load:0.18:8,153,load,0.18,24.849999999999987
system-2,system-2:load:0.18:2,136,load,0.18,15.849999999999998
system-2,system-2:load:0.35:3,146,load,0.35,16.416666666666664
system-6,system-6:load:0.18:8,154,load,0.18,24.849999999999987
system-2,system-2:load:0.18:2,137,load,0.18,15.849999999999998
system-2,system-2:load:0.35:3,147,load,0.35,16.416666666666664
system-6,system-6:load:0.18:8,155,load,0.18,24.849999999999987
system-2,system-2:load:0.18:2,138,load,0.18,15.849999999999998
system-2,system-2:load:0.35:3,148,load,0.35,16.416666666666664
system-6,system-6:load:0.18:8,156,load,0.18,24.849999999999987
system-2,system-2:load:0.35:3,149,load,0.35,16.416666666666664
system-2,system-2:load:0.18:2,139,load,0.18,15.849999999999998
system-6,system-6:load:0.18:8,157,load,0.18,24.849999999999987
system-2,system-2:load:0.35:3,150,load,0.35,16.416666666666664
system-6,system-6:load:0.18:8,158,load,0.18,24.849999999999987
system-2,system-2:load:0.35:3,151,load,0.35,16.416666666666664
system-2,system-2:load:0.18:2,140,load,0.18,15.849999999999998
system-6,system-6:load:0.18:8,159,load,0.18,24.849999999999987
system-2,system-2:load:0.35:3,152,load,0.35,16.416666666666664
system-2,system-2:load:0.18:2,141,load,0.18,15.849999999999998
system-6,system-6:load:0.18:8,160,load,0.18,24.849999999999987
system-2,system-2:load:0.35:3,153,load,0.35,16.416666666666664
system-2,system-2:load:0.18:2,142,load,0.18,15.849999999999998
system-2,system-2:load:0.35:3,154,load,0.35,16.416666666666664
system-2,system-2:load:0.18:2,143,load,0.18,15.849999999999998
system-2,system-2:load:0.35:3,155,load,0.35,16.416666666666664
system-2,system-2:load:0.18:2,144,load,0.18,15.849999999999998
system-2,system-2:load:0.35:3,156,load,0.35,16.416666666666664
system-2,system-2:load:0.18:2,145,load,0.18,15.849999999999998
system-2,system-2:load:0.35:3,157,load,0.35,16.416666666666664
system-2,system-2:load:0.18:2,146,load,0.18,15.849999999999998
system-2,system-2:load:0.35:3,158,load,0.35,16.416666666666664
system-2,system-2:load:0.18:2,147,load,0.18,15.849999999999998
system-2,system-2:load:0.35:3,159,load,0.35,16.416666666666664
system-2,system-2:load:0.18:2,148,load,0.18,15.849999999999998
system-2,system-2:load:0.35:3,160,load,0.35,16.416666666666664
system-2,system-2:load:0.18:2,149,load,0.18,15.849999999999998
system-2,system-2:load:0.18:2,150,load,0.18,15.849999999999998
system-2,system-2:load:0.18:2,151,load,0.18,15.849999999999998
system-2,system-2:load:0.18:2,152,load,0.18,15.849999999999998
system-6,system-6:load:-0.31:7,130,load,-0.31,23.216666666666672
system-2,system-2:load:0.18:2,153,load,0.18,15.849999999999998
system-6,system-6:load:-0.31:7,131,load,-0.31,23.216666666666672
system-2,system-2:load:0.18:2,154,load,0.18,15.849999999999998
system-6,system-6:load:-0.31:7,132,load,-0.31,23.216666666666672
system-2,system-2:load:0.18:2,155,load,0.18,15.849999999999998
system-6,system-6:load:-0.31:7,133,load,-0.31,23.216666666666672
system-2,system-2:load:0.18:2,156,load,0.18,15.849999999999998
system-6,system-6:load:-0.31:7,134,load,-0.31,23.216666666666672
system-2,system-2:load:0.18:2,157,load,0.18,15.849999999999998
system-6,system-6:load:-0.31:7,135,load,-0.31,23.216666666666672
system-2,system-2:load:0.18:2,158,load,0.18,15.849999999999998
system-6,system-6:load:-0.31:7,136,load,-0.31,23.216666666666672
system-2,system-2:load:0.18:2,159,load,0.18,15.849999999999998
system-6,system-6:load:-0.31:7,137,load,-0.31,23.216666666666672
system-2,system-2:load:0.18:2,160,load,0.18,15.849999999999998
system-2,system-2:load:-0.31:1,112,load,-0.31,14.21666666666667
system-2,system-2:load:-0.31:1,113,load,-0.31,14.216666666666669
system-2,system-2:load:-0.31:1,114,load,-0.31,14.216666666666667
system-2,system-2:load:-0.31:1,115,load,-0.31,14.216666666666665
system-2,system-2:load:-0.31:1,116,load,-0.31,14.216666666666663
system-2,system-2:load:-0.31:1,117,load,-0.31,14.216666666666665
system-2,system-2:load:-0.31:1,118,load,-0.31,14.216666666666663
system-2,system-2:load:-0.31:1,119,load,-0.31,14.216666666666665
system-2,system-2:load:-0.31:1,120,load,-0.31,14.216666666666663
system-2,system-2:load:-0.31:1,121,load,-0.31,14.216666666666665
system-2,system-2:load:-0.31:1,122,load,-0.31,14.216666666666663
system-2,system-2:load:-0.31:1,123,load,-0.31,14.216666666666665
system-2,system-2:load:-0.31:1,124,load,-0.31,14.216666666666663
system-2,system-2:load:-0.31:1,125,load,-0.31,14.216666666666665
system-2,system-2:load:-0.31:1,126,load,-0.31,14.216666666666663
system-2,system-2:load:-0.31:1,127,load,-0.31,14.216666666666665
system-2,system-2:load:-0.31:1,128,load,-0.31,14.216666666666663
system-2,system-2:load:-0.31:1,129,load,-0.31,14.216666666666665
system-2,system-2:load:-0.31:1,130,load,-0.31,14.216666666666663
system-2,system-2:load:-0.31:1,131,load,-0.31,14.216666666666665
system-2,system-2:load:-0.31:1,132,load,-0.31,14.216666666666663
system-2,system-2:load:-0.31:1,133,load,-0.31,14.216666666666665
system-2,system-2:load:-0.31:1,134,load,-0.31,14.216666666666663
system-2,system-2:load:-0.31:1,135,load,-0.31,14.216666666666665
system-2,system-2:load:-0.31:1,136,load,-0.31,14.216666666666663
system-2,system-2:load:-0.31:1,137,load,-0.31,14.216666666666665
system-2,system-2:load:-0.31:1,138,load,-0.31,14.216666666666663
system-2,system-2:load:-0.31:1,139,load,-0.31,14.216666666666665
system-2,system-2:load:-0.31:1,140,load,-0.31,14.216666666666663
system-2,system-2:load:-0.31:1,141,load,-0.31,14.216666666666665
system-2,system-2:load:-0.31:1,142,load,-0.31,14.216666666666663
system-2,system-2:load:-0.31:1,143,load,-0.31,14.216666666666665
system-2,system-2:load:-0.31:1,144,load,-0.31,14.216666666666663
system-2,system-2:load:-0.31:1,145,load,-0.31,14.216666666666665
system-2,system-2:load:-0.31:1,146,load,-0.31,14.216666666666663
system-2,system-2:load:-0.31:1,147,load,-0.31,14.216666666666665
system-2,system-2:load:-0.31:1,148,load,-0.31,14.216666666666663
system-2,system-2:load:-0.31:1,149,load,-0.31,14.216666666666665
system-2,system-2:load:-0.31:1,150,load,-0.31,14.216666666666663
system-2,system-2:load:-0.31:1,151,load,-0.31,14.216666666666665
system-2,system-2:load:-0.31:1,152,load,-0.31,14.216666666666663
system-2,system-2:load:-0.31:1,153,load,-0.31,14.216666666666665
system-2,system-2:load:-0.31:1,154,load,-0.31,14.216666666666663
system-2,system-2:load:-0.31:1,155,load,-0.31,14.216666666666665
system-2,system-2:load:-0.31:1,156,load,-0.31,14.216666666666663
system-2,system-2:load:-0.31:1,157,load,-0.31,14.216666666666665
system-2,system-2:load:-0.31:1,158,load,-0.31,14.216666666666663
system-2,system-2:load:-0.31:1,159,load,-0.31,14.216666666666665
system-2,system-2:load:-0.31:1,160,load,-0.31,14.216666666666663
system-6,system-6:load:-0.31:7,138,load,-0.31,23.216666666666672
system-6,system-6:load:-0.31:7,139,load,-0.31,23.216666666666672
system-6,system-6:load:-0.31:7,140,load,-0.31,23.216666666666672
system-6,system-6:load:-0.31:7,141,load,-0.31,23.216666666666672
system-6,system-6:load:-0.31:7,142,load,-0.31,23.216666666666672
system-6,system-6:load:-0.31:7,143,load,-0.31,23.216666666666672
system-6,system-6:load:-0.31:7,144,load,-0.31,23.216666666666672
system-6,system-6:load:-0.31:7,145,load,-0.31,23.216666666666672
system-6,system-6:load:-0.31:7,146,load,-0.31,23.216666666666672
system-6,system-6:load:-0.31:7,147,load,-0.31,23.216666666666672
system-6,system-6:load:-0.31:7,148,load,-0.31,23.216666666666672
system-6,system-6:load:-0.31:7,149,load,-0.31,23.216666666666672
system-6,system-6:load:-0.31:7,150,load,-0.31,23.216666666666672
system-6,system-6:load:-0.31:7,151,load,-0.31,23.216666666666672
system-6,system-6:load:-0.31:7,152,load,-0.31,23.216666666666672
system-6,system-6:load:-0.31:7,153,load,-0.31,23.216666666666672
system-6,system-6:load:-0.31:7,154,load,-0.31,23.216666666666672
system-6,system-6:load:-0.31:7,155,load,-0.31,23.216666666666672
system-6,system-6:load:-0.31:7,156,load,-0.31,23.216666666666672
system-6,system-6:load:-0.31:7,157,load,-0.31,23.216666666666672
system-6,system-6:load:-0.31:7,158,load,-0.31,23.216666666666672
system-6,system-6:load:-0.31:7,159,load,-0.31,23.216666666666672
system-6,system-6:load:-0.31:7,160,load,-0.31,23.216666666666672
system-5,system-5:displacement:6.5:6,0,displacement,6.5,20.0
system-7,system-7:displacement:6.5:8,0,displacement,6.5,20.0
system-7,system-7:displacement:-5.5:7,0,displacement,-5.5,20.0
system-3,system-3:displacement:-5.5:3,0,displacement,-5.5,20.0
system-1,system-1:displacement:-5.5:1,0,displacement,-5.5,20.0
system-1,system-1:displacement:6.5:2,0,displacement,6.5,20.0
system-5,system-5:displacement:-5.5:5,0,displacement,-5.5,20.0
system-3,system-3:displacement:6.5:4,0,displacement,6.5,20.0
system-5,system-5:displacement:6.5:6,1,displacement,6.5,20.75
system-7,system-7:displacement:6.5:8,1,displacement,6.5,22.425
system-3,system-3:displacement:6.5:4,1,displacement,6.5,19.25
system-1,system-1:displacement:6.5:2,1,displacement,6.5,17.75
system-7,system-7:displacement:-5.5:7,1,displacement,-5.5,22.425
system-3,system-3:displacement:-5.5:3,1,displacement,-5.5,19.25
system-5,system-5:displacement:-5.5:5,1,displacement,-5.5,20.75
system-5,system-5:displacement:6.5:6,2,displacement,6.5,21.275
system-1,system-1:displacement:-5.5:1,1,displacement,-5.5,17.75
system-7,system-7:displacement:6.5:8,2,displacement,6.5,24.247500000000002
system-7,system-7:displacement:-5.5:7,2,displacement,-5.5,24.247500000000002
system-3,system-3:displacement:6.5:4,2,displacement,6.5,18.725
system-1,system-1:displacement:6.5:2,2,displacement,6.5,16.175
system-5,system-5:displacement:-5.5:5,2,displacement,-5.5,21.275
system-3,system-3:displacement:-5.5:3,2,displacement,-5.5,18.725
system-1,system-1:displacement:-5.5:1,2,displacement,-5.5,16.175
system-5,system-5:displacement:6.5:6,3,displacement,6.5,21.6425
system-7,system-7:displacement:6.5:8,3,displacement,6.5,25.52325
system-3,system-3:displacement:6.5:4,3,displacement,6.5,18.3575
system-5,system-5:displacement:-5.5:5,3,displacement,-5.5,21.6425
system-5,system-5:displacement:6.5:6,4,displacement,6.5,21.899749999999997
system-3,system-3:displacement:-5.5:3,3,displacement,-5.5,18.3575
system-1,system-1:displacement:-5.5:1,3,displacement,-5.5,15.072500000000002
system-7,system-7:displacement:6.5:8,4,displacement,6.5,26.416275
system-1,system-1:displacement:6.5:2,3,displacement,6.5,15.072500000000002
system-5,system-5:displacement:-5.5:5,4,displacement,-5.5,21.899749999999997
system-3,system-3:displacement:6.5:4,4,displacement,6.5,18.100250000000003
system-5,system-5:displacement:6.5:6,5,displacement,6.5,22.079825
system-1,system-1:displacement:6.5:2,4,displacement,6.5,14.30075
system-7,system-7:displacement:6.5:8,5,displacement,6.5,27.0413925
system-1,system-1:displacement:-5.5:1,4,displacement,-5.5,14.30075
system-3,system-3:displacement:6.5:4,5,displacement,6.5,17.920175
system-5,system-5:displacement:6.5:6,6,displacement,6.5,22.2058775
system-5,system-5:displacement:-5.5:5,5,displacement,-5.5,22.079825
system-1,system-1:displacement:6.5:2,5,displacement,6.5,13.760525000000001
system-7,system-7:displacement:6.5:8,6,displacement,6.5,27.47897475
system-3,system-3:displacement:6.5:4,6,displacement,6.5,17.7941225
system-5,system-5:displacement:6.5:6,7,displacement,6.5,22.29411425
system-1,system-1:displacement:6.5:2,6,displacement,6.5,13.3823675
system-7,system-7:displacement:6.5:8,7,displacement,6.5,27.785282324999997
system-1,system-1:displacement:-5.5:1,5,displacement,-5.5,13.760525000000001
system-5,system-5:displacement:-5.5:5,6,displacement,-5.5,22.2058775
system-3,system-3:displacement:6.5:4,7,displacement,6.5,17.70588575
system-5,system-5:displacement:6.5:6,8,displacement,6.5,22.355879975
system-1,system-1:displacement:6.5:2,7,displacement,6.5,13.11765725
system-7,system-7:displacement:6.5:8,8,displacement,6.5,27.999697627499998
system-1,system-1:displacement:-5.5:1,6,displacement,-5.5,13.3823675
system-7,system-7:displacement:6.5:8,9,displacement,6.5,28.149788339249998
system-5,system-5:displacement:6.5:6,9,displacement,6.5,22.3991159825
system-3,system-3:displacement:6.5:4,8,displacement,6.5,17.644120025
system-1,system-1:displacement:-5.5:1,7,displacement,-5.5,13.11765725
system-1,system-1:displacement:6.5:2,8,displacement,6.5,12.932360075
system-5,system-5:displacement:6.5:6,10,displacement,6.5,22.429381187749996
system-7,system-7:displacement:6.5:8,10,displacement,6.5,28.254851837474998
system-1,system-1:displacement:6.5:2,9,displacement,6.5,12.802652052500001
system-3,system-3:displacement:6.5:4,9,displacement,6.5,17.6008840175
system-1,system-1:displacement:-5.5:1,8,displacement,-5.5,12.932360075
system-5,system-5:displacement:6.5:6,11,displacement,6.5,22.450566831424997
system-1,system-1:displacement:6.5:2,10,displacement,6.5,12.71185643675
system-7,system-7:displacement:6.5:8,11,displacement,6.5,28.328396286232497
system-1,system-1:displacement:-5.5:1,9,displacement,-5.5,12.802652052500001
system-3,system-3:displacement:6.5:4,10,displacement,6.5,17.570618812250004
system-1,system-1:displacement:6.5:2,11,displacement,6.5,12.648299505725
system-7,system-7:displacement:6.5:8,12,displacement,6.5,28.379877400362744
system-1,system-1:displacement:-5.5:1,10,displacement,-5.5,12.71185643675
system-3,system-3:displacement:6.5:4,11,displacement,6.5,17.549433168575003
system-7,system-7:displacement:6.5:8,13,displacement,6.5,28.41591418025392
system-1,system-1:displacement:-5.5:1,11,displacement,-5.5,12.648299505725
system-3,system-3:displacement:6.5:4,12,displacement,6.5,17.534603218002502
system-7,system-7:displacement:6.5:8,14,displacement,6.5,28.441139926177744
system-3,system-3:displacement:6.5:4,13,displacement,6.5,17.524222252601753
system-7,system-7:displacement:6.5:8,15,displacement,6.5,28.45879794832442
system-1,system-1:displacement:-5.5:1,12,displacement,-5.5,12.603809654007499
system-3,system-3:displacement:6.5:4,14,displacement,6.5,17.516955576821225
system-7,system-7:displacement:6.5:8,16,displacement,6.5,28.471158563827096
system-1,system-1:displacement:-5.5:1,13,displacement,-5.5,12.57266675780525
system-3,system-3:displacement:6.5:4,15,displacement,6.5,17.511868903774854
system-7,system-7:displacement:6.5:8,17,displacement,6.5,28.47981099467897
system-1,system-1:displacement:-5.5:1,14,displacement,-5.5,12.550866730463675
system-3,system-3:displacement:6.5:4,16,displacement,6.5,17.5083082326424
system-7,system-7:displacement:6.5:8,18,displacement,6.5,28.485867696275278
system-3,system-3:displacement:6.5:4,17,displacement,6.5,17.50581576284968
system-1,system-1:displacement:-5.5:1,15,displacement,-5.5,12.535606711324572
system-7,system-7:displacement:6.5:8,19,displacement,6.5,28.490107387392694
system-3,system-3:displacement:6.5:4,18,displacement,6.5,17.504071033994776
system-7,system-7:displacement:6.5:8,20,displacement,6.5,28.493075171174883
system-1,system-1:displacement:-5.5:1,16,displacement,-5.5,12.5249246979272
system-3,system-3:displacement:6.5:4,19,displacement,6.5,17.502849723796345
system-1,system-1:displacement:-5.5:1,17,displacement,-5.5,12.51744728854904
system-7,system-7:displacement:6.5:8,21,displacement,6.5,33.04515261982242
system-1,system-1:displacement:-5.5:1,18,displacement,-5.5,12.51221310198433
system-3,system-3:displacement:6.5:4,20,displacement,6.5,17.501994806657443
system-7,system-7:displacement:6.5:8,22,displacement,6.5,31.681606833875694
system-1,system-1:displacement:-5.5:1,19,displacement,-5.5,12.508549171389031
system-3,system-3:displacement:6.5:4,21,displacement,6.5,22.051396364660206
system-7,system-7:displacement:6.5:8,23,displacement,6.5,30.727124783712988
system-1,system-1:displacement:-5.5:1,20,displacement,-5.5,12.505984419972322
system-7,system-7:displacement:6.5:8,24,displacement,6.5,30.05898734859909
system-3,system-3:displacement:6.5:4,22,displacement,6.5,20.685977455262144
system-1,system-1:displacement:-5.5:1,21,displacement,-5.5,8.654189093980625
system-7,system-7:displacement:6.5:8,25,displacement,6.5,29.591291144019362
system-3,system-3:displacement:6.5:4,23,displacement,6.5,19.7301842186835
system-7,system-7:displacement:6.5:8,26,displacement,6.5,29.26390380081355
system-3,system-3:displacement:6.5:4,24,displacement,6.5,19.06112895307845
system-3,system-3:displacement:6.5:4,25,displacement,6.5,18.592790267154914
system-7,system-7:displacement:6.5:8,27,displacement,6.5,29.034732660569485
system-7,system-7:displacement:6.5:8,28,displacement,6.5,28.87431286239864
system-3,system-3:displacement:6.5:4,26,displacement,6.5,18.26495318700844
system-7,system-7:displacement:6.5:8,29,displacement,6.5,28.762019003679047
system-3,system-3:displacement:6.5:4,27,displacement,6.5,18.03546723090591
system-3,system-3:displacement:6.5:4,28,displacement,6.5,17.874827061634136
system-7,system-7:displacement:6.5:8,30,displacement,6.5,28.683413302575335
system-3,system-3:displacement:6.5:4,29,displacement,6.5,17.762378943143894
system-7,system-7:displacement:6.5:8,31,displacement,6.5,28.628389311802735
system-3,system-3:displacement:6.5:4,30,displacement,6.5,17.683665260200726
system-7,system-7:displacement:6.5:8,32,displacement,6.5,28.589872518261913
system-3,system-3:displacement:6.5:4,31,displacement,6.5,17.628565682140508
system-7,system-7:displacement:6.5:8,33,displacement,6.5,28.56291076278334
system-3,system-3:displacement:6.5:4,32,displacement,6.5,17.589995977498358
system-7,system-7:displacement:6.5:8,34,displacement,6.5,28.54403753394834
system-3,system-3:displacement:6.5:4,33,displacement,6.5,17.56299718424885
system-3,system-3:displacement:6.5:4,34,displacement,6.5,17.544098028974197
system-7,system-7:displacement:6.5:8,35,displacement,6.5,28.53082627376384
system-3,system-3:displacement:6.5:4,35,displacement,6.5,17.530868620281936
system-7,system-7:displacement:6.5:8,36,displacement,6.5,28.521578391634687
system-7,system-7:displacement:-5.5:7,3,displacement,-5.5,25.52325
system-3,system-3:displacement:6.5:4,36,displacement,6.5,17.521608034197357
system-7,system-7:displacement:6.5:8,37,displacement,6.5,28.51510487414428
system-7,system-7:displacement:-5.5:7,4,displacement,-5.5,26.416275
system-3,system-3:displacement:6.5:4,37,displacement,6.5,17.51512562393815
system-7,system-7:displacement:6.5:8,38,displacement,6.5,28.510573411900996
system-7,system-7:displacement:-5.5:7,5,displacement,-5.5,27.0413925
system-7,system-7:displacement:6.5:8,39,displacement,6.5,28.5074013883307
system-3,system-3:displacement:6.5:4,38,displacement,6.5,17.510587936756707
system-7,system-7:displacement:6.5:8,40,displacement,6.5,28.505180971831493
system-7,system-7:displacement:-5.5:7,6,displacement,-5.5,27.47897475
system-3,system-3:displacement:6.5:4,39,displacement,6.5,17.507411555729696
system-7,system-7:displacement:6.5:8,41,displacement,6.5,28.503626680282046
system-7,system-7:displacement:-5.5:7,7,displacement,-5.5,27.785282324999997
system-3,system-3:displacement:6.5:4,40,displacement,6.5,17.505188089010787
system-7,system-7:displacement:6.5:8,42,displacement,6.5,28.50253867619743
system-7,system-7:displacement:-5.5:7,8,displacement,-5.5,27.999697627499998
system-3,system-3:displacement:6.5:4,41,displacement,6.5,17.50363166230755
system-7,system-7:displacement:6.5:8,43,displacement,6.5,28.501777073338204
system-7,system-7:displacement:-5.5:7,9,displacement,-5.5,28.149788339249998
system-3,system-3:displacement:6.5:4,42,displacement,6.5,17.502542163615285
system-7,system-7:displacement:6.5:8,44,displacement,6.5,28.501243951336743
system-7,system-7:displacement:-5.5:7,10,displacement,-5.5,28.254851837474998
system-7,system-7:displacement:6.5:8,45,displacement,6.5,28.50087076593572
system-3,system-3:displacement:6.5:4,43,displacement,6.5,17.5017795145307
system-7,system-7:displacement:-5.5:7,11,displacement,-5.5,28.328396286232497
system-7,system-7:displacement:6.5:8,46,displacement,6.5,28.500609536155004
system-3,system-3:displacement:6.5:4,44,displacement,6.5,17.50124566017149
system-7,system-7:displacement:-5.5:7,12,displacement,-5.5,28.379877400362744
system-7,system-7:displacement:6.5:8,47,displacement,6.5,28.500426675308503
system-3,system-3:displacement:6.5:4,45,displacement,6.5,17.500871962120044
system-7,system-7:displacement:6.5:8,48,displacement,6.5,28.500298672715953
system-7,system-7:displacement:-5.5:7,13,displacement,-5.5,28.41591418025392
system-3,system-3:displacement:6.5:4,46,displacement,6.5,17.50061037348403
system-7,system-7:displacement:6.5:8,49,displacement,6.5,28.500209070901168
system-7,system-7:displacement:-5.5:7,14,displacement,-5.5,28.441139926177744
system-3,system-3:displacement:-5.5:3,4,displacement,-5.5,18.100250000000003
system-3,system-3:displacement:6.5:4,47,displacement,6.5,17.500427261438823
system-7,system-7:displacement:-5.5:7,15,displacement,-5.5,28.45879794832442
system-7,system-7:displacement:6.5:8,50,displacement,6.5,28.500146349630818
system-3,system-3:displacement:-5.5:3,5,displacement,-5.5,17.920175
system-3,system-3:displacement:6.5:4,48,displacement,6.5,17.500299083007178
system-7,system-7:displacement:-5.5:7,16,displacement,-5.5,28.471158563827096
system-7,system-7:displacement:6.5:8,51,displacement,6.5,28.50010244474157
system-3,system-3:displacement:-5.5:3,6,displacement,-5.5,17.7941225
system-3,system-3:displacement:6.5:4,49,displacement,6.5,17.500209358105025
system-7,system-7:displacement:6.5:8,52,displacement,6.5,28.5000717113191
system-7,system-7:displacement:-5.5:7,17,displacement,-5.5,28.47981099467897
system-3,system-3:displacement:-5.5:3,7,displacement,-5.5,17.70588575
system-3,system-3:displacement:6.5:4,50,displacement,6.5,17.500146550673517
system-7,system-7:displacement:6.5:8,53,displacement,6.5,28.500050197923372
system-3,system-3:displacement:-5.5:3,8,displacement,-5.5,17.644120025
system-7,system-7:displacement:6.5:8,54,displacement,6.5,28.50003513854636
system-7,system-7:displacement:-5.5:7,18,displacement,-5.5,28.485867696275278
system-3,system-3:displacement:6.5:4,51,displacement,6.5,17.50010258547146
system-7,system-7:displacement:6.5:8,55,displacement,6.5,28.50002459698245
system-3,system-3:displacement:-5.5:3,9,displacement,-5.5,17.6008840175
system-7,system-7:displacement:6.5:8,56,displacement,6.5,28.500017217887716
system-3,system-3:displacement:6.5:4,52,displacement,6.5,17.50007180983002
system-7,system-7:displacement:-5.5:7,19,displacement,-5.5,28.490107387392694
system-3,system-3:displacement:-5.5:3,10,displacement,-5.5,17.570618812250004
system-7,system-7:displacement:6.5:8,57,displacement,6.5,28.500012052521402
system-7,system-7:displacement:-5.5:7,20,displacement,-5.5,28.493075171174883
system-3,system-3:displacement:6.5:4,53,displacement,6.5,17.50005026688101
system-3,system-3:displacement:-5.5:3,11,displacement,-5.5,17.549433168575003
system-7,system-7:displacement:6.5:8,58,displacement,6.5,28.500008436764983
system-3,system-3:displacement:6.5:4,54,displacement,6.5,17.50003518681671
system-3,system-3:displacement:-5.5:3,12,displacement,-5.5,17.534603218002502
system-7,system-7:displacement:6.5:8,59,displacement,6.5,28.500005905735488
system-3,system-3:displacement:6.5:4,55,displacement,6.5,17.500024630771698
system-7,system-7:displacement:-5.5:7,21,displacement,-5.5,24.64515261982242
system-3,system-3:displacement:-5.5:3,13,displacement,-5.5,17.524222252601753
system-5,system-5:displacement:-5.5:5,7,displacement,-5.5,22.29411425
system-7,system-7:displacement:6.5:8,60,displacement,6.5,28.50000413401484
system-7,system-7:displacement:-5.5:7,22,displacement,-5.5,25.801606833875695
system-3,system-3:displacement:-5.5:3,14,displacement,-5.5,17.516955576821225
system-3,system-3:displacement:6.5:4,56,displacement,6.5,17.500017241540192
system-7,system-7:displacement:-5.5:7,23,displacement,-5.5,26.611124783712988
system-7,system-7:displacement:6.5:8,61,displacement,6.5,28.500002893810386
system-5,system-5:displacement:-5.5:5,8,displacement,-5.5,22.355879975
system-3,system-3:displacement:-5.5:3,15,displacement,-5.5,17.511868903774854
system-3,system-3:displacement:6.5:4,57,displacement,6.5,17.500012069078135
system-7,system-7:displacement:-5.5:7,24,displacement,-5.5,27.17778734859909
system-7,system-7:displacement:6.5:8,62,displacement,6.5,28.500002025667268
system-5,system-5:displacement:-5.5:5,9,displacement,-5.5,22.3991159825
system-3,system-3:displacement:-5.5:3,16,displacement,-5.5,17.5083082326424
system-3,system-3:displacement:6.5:4,58,displacement,6.5,17.500008448354695
system-7,system-7:displacement:6.5:8,63,displacement,6.5,28.500001417967088
system-7,system-7:displacement:-5.5:7,25,displacement,-5.5,27.574451144019363
system-5,system-5:displacement:-5.5:5,10,displacement,-5.5,22.429381187749996
system-3,system-3:displacement:6.5:4,59,displacement,6.5,17.500005913848288
system-3,system-3:displacement:-5.5:3,17,displacement,-5.5,17.50581576284968
system-7,system-7:displacement:-5.5:7,26,displacement,-5.5,27.852115800813554
system-5,system-5:displacement:-5.5:5,11,displacement,-5.5,22.450566831424997
system-7,system-7:displacement:6.5:8,64,displacement,6.5,28.50000099257696
system-3,system-3:displacement:6.5:4,60,displacement,6.5,17.500004139693804
system-3,system-3:displacement:-5.5:3,18,displacement,-5.5,17.504071033994776
system-7,system-7:displacement:6.5:8,65,displacement,6.5,28.500000694803873
system-5,system-5:displacement:-5.5:5,12,displacement,-5.5,22.465396781997498
system-7,system-7:displacement:-5.5:7,27,displacement,-5.5,28.046481060569487
system-3,system-3:displacement:6.5:4,61,displacement,6.5,17.500002897785663
system-3,system-3:displacement:-5.5:3,19,displacement,-5.5,17.502849723796345
system-7,system-7:displacement:6.5:8,66,displacement,6.5,28.500000486362712
system-7,system-7:displacement:-5.5:7,28,displacement,-5.5,28.18253674239864
system-3,system-3:displacement:6.5:4,62,displacement,6.5,17.500002028449963
system-3,system-3:displacement:-5.5:3,20,displacement,-5.5,17.501994806657443
system-7,system-7:displacement:6.5:8,67,displacement,6.5,28.500000340453898
system-7,system-7:displacement:-5.5:7,29,displacement,-5.5,28.27777571967905
system-3,system-3:displacement:6.5:4,63,displacement,6.5,17.500001419914973
system-5,system-5:displacement:6.5:6,12,displacement,6.5,22.465396781997498
system-7,system-7:displacement:6.5:8,68,displacement,6.5,28.500000238317728
system-7,system-7:displacement:-5.5:7,30,displacement,-5.5,28.344443003775332
system-3,system-3:displacement:6.5:4,64,displacement,6.5,17.500000993940482
system-5,system-5:displacement:6.5:6,13,displacement,6.5,22.475777747398247
system-7,system-7:displacement:6.5:8,69,displacement,6.5,28.50000016682241
system-1,system-1:displacement:6.5:2,12,displacement,6.5,12.603809654007499
system-3,system-3:displacement:6.5:4,65,displacement,6.5,17.500000695758338
system-3,system-3:displacement:-5.5:3,21,displacement,-5.5,13.65139636466021
system-7,system-7:displacement:-5.5:7,31,displacement,-5.5,28.391110102642735
system-5,system-5:displacement:6.5:6,14,displacement,6.5,22.483044423178775
system-7,system-7:displacement:6.5:8,70,displacement,6.5,28.500000116775688
system-3,system-3:displacement:-5.5:3,22,displacement,-5.5,14.805977455262147
system-7,system-7:displacement:-5.5:7,32,displacement,-5.5,28.423777071849912
system-3,system-3:displacement:6.5:4,66,displacement,6.5,17.50000048703084
system-7,system-7:displacement:6.5:8,71,displacement,6.5,28.500000081742982
system-5,system-5:displacement:6.5:6,15,displacement,6.5,22.488131096225146
system-1,system-1:displacement:6.5:2,13,displacement,6.5,12.57266675780525
system-3,system-3:displacement:-5.5:3,23,displacement,-5.5,15.614184218683503
system-3,system-3:displacement:6.5:4,67,displacement,6.5,17.500000340921588
system-7,system-7:displacement:-5.5:7,33,displacement,-5.5,28.446643950294938
system-7,system-7:displacement:6.5:8,72,displacement,6.5,28.500000057220088
system-5,system-5:displacement:6.5:6,16,displacement,6.5,22.4916917673576
system-3,system-3:displacement:-5.5:3,24,displacement,-5.5,16.179928953078452
system-1,system-1:displacement:6.5:2,14,displacement,6.5,12.550866730463675
system-3,system-3:displacement:6.5:4,68,displacement,6.5,17.50000023864511
system-7,system-7:displacement:-5.5:7,34,displacement,-5.5,28.462650765206455
system-7,system-7:displacement:6.5:8,73,displacement,6.5,28.50000004005406
system-5,system-5:displacement:6.5:6,17,displacement,6.5,22.49418423715032
system-3,system-3:displacement:-5.5:3,25,displacement,-5.5,16.575950267154916
system-1,system-1:displacement:6.5:2,15,displacement,6.5,12.535606711324572
system-7,system-7:displacement:-5.5:7,35,displacement,-5.5,28.473855535644518
system-3,system-3:displacement:6.5:4,69,displacement,6.5,17.500000167051578
system-7,system-7:displacement:6.5:8,74,displacement,6.5,28.500000028037842
system-3,system-3:displacement:-5.5:3,26,displacement,-5.5,16.853165187008443
system-7,system-7:displacement:-5.5:7,36,displacement,-5.5,28.481698874951164
system-3,system-3:displacement:6.5:4,70,displacement,6.5,17.500000116936103
system-7,system-7:displacement:6.5:8,75,displacement,6.5,28.500000019626487
system-5,system-5:displacement:6.5:6,18,displacement,6.5,22.495928966005224
system-1,system-1:displacement:6.5:2,16,displacement,6.5,12.5249246979272
system-3,system-3:displacement:-5.5:3,27,displacement,-5.5,17.04721563090591
system-7,system-7:displacement:-5.5:7,37,displacement,-5.5,28.487189212465815
system-7,system-7:displacement:6.5:8,76,displacement,6.5,28.500000013738543
system-5,system-5:displacement:6.5:6,19,displacement,6.5,22.497150276203655
system-1,system-1:displacement:6.5:2,17,displacement,6.5,12.51744728854904
system-3,system-3:displacement:-5.5:3,28,displacement,-5.5,17.183050941634136
system-3,system-3:displacement:6.5:4,71,displacement,6.5,17.500000081855273
system-7,system-7:displacement:-5.5:7,38,displacement,-5.5,28.491032448726074
system-7,system-7:displacement:6.5:8,77,displacement,6.5,28.50000000961698
system-5,system-5:displacement:6.5:6,20,displacement,6.5,22.498005193342557
system-3,system-3:displacement:6.5:4,72,displacement,6.5,17.50000005729869
system-3,system-3:displacement:-5.5:3,29,displacement,-5.5,17.278135659143896
system-7,system-7:displacement:-5.5:7,39,displacement,-5.5,28.49372271410825
system-1,system-1:displacement:6.5:2,18,displacement,6.5,12.51221310198433
system-7,system-7:displacement:6.5:8,78,displacement,6.5,28.500000006731884
system-3,system-3:displacement:-5.5:3,30,displacement,-5.5,17.344694961400727
system-7,system-7:displacement:-5.5:7,40,displacement,-5.5,28.495605899875777
system-3,system-3:displacement:6.5:4,73,displacement,6.5,17.500000040109082
system-1,system-1:displacement:-5.5:1,22,displacement,-5.5,9.807932365786437
system-7,system-7:displacement:6.5:8,79,displacement,6.5,28.50000000471232
system-1,system-1:displacement:6.5:2,19,displacement,6.5,12.508549171389031
system-7,system-7:displacement:-5.5:7,41,displacement,-5.5,28.49692412991304
system-5,system-5:displacement:6.5:6,21,displacement,6.5,27.048603635339788
system-7,system-7:displacement:6.5:8,80,displacement,6.5,28.500000003298624
system-1,system-1:displacement:-5.5:1,23,displacement,-5.5,10.615552656050506
system-3,system-3:displacement:-5.5:3,31,displacement,-5.5,17.39128647298051
system-1,system-1:displacement:6.5:2,20,displacement,6.5,12.505984419972322
system-7,system-7:displacement:-5.5:7,42,displacement,-5.5,28.49784689093913
system-3,system-3:displacement:-5.5:3,32,displacement,-5.5,17.423900531086357
system-7,system-7:displacement:6.5:8,81,displacement,6.5,28.500000002309037
system-1,system-1:displacement:-5.5:1,24,displacement,-5.5,11.180886859235354
system-5,system-5:displacement:6.5:6,22,displacement,6.5,25.68402254473785
system-7,system-7:displacement:-5.5:7,43,displacement,-5.5,28.49849282365739
system-1,system-1:displacement:6.5:2,21,displacement,6.5,17.054189093980625
system-3,system-3:displacement:-5.5:3,33,displacement,-5.5,17.44673037176045
system-1,system-1:displacement:-5.5:1,25,displacement,-5.5,11.576620801464749
system-5,system-5:displacement:6.5:6,23,displacement,6.5,24.7288157813165
system-1,system-1:displacement:6.5:2,22,displacement,6.5,15.687932365786438
system-7,system-7:displacement:6.5:8,82,displacement,6.5,28.500000001616325
system-7,system-7:displacement:-5.5:7,44,displacement,-5.5,28.498944976560175
system-3,system-3:displacement:-5.5:3,34,displacement,-5.5,17.462711260232314
system-1,system-1:displacement:-5.5:1,26,displacement,-5.5,11.853634561025324
system-7,system-7:displacement:-5.5:7,45,displacement,-5.5,28.49926148359212
system-7,system-7:displacement:6.5:8,83,displacement,6.5,28.500000001131426
system-3,system-3:displacement:-5.5:3,35,displacement,-5.5,17.47389788216262
system-1,system-1:displacement:6.5:2,23,displacement,6.5,14.731552656050507
system-5,system-5:displacement:6.5:6,24,displacement,6.5,24.06017104692155
system-7,system-7:displacement:-5.5:7,46,displacement,-5.5,28.499483038514484
system-7,system-7:displacement:6.5:8,84,displacement,6.5,28.500000000792
system-1,system-1:displacement:-5.5:1,27,displacement,-5.5,12.047544192717726
system-7,system-7:displacement:-5.5:7,47,displacement,-5.5,28.49963812696014
system-3,system-3:displacement:-5.5:3,36,displacement,-5.5,17.481728517513837
system-7,system-7:displacement:6.5:8,85,displacement,6.5,28.5000000005544
system-5,system-5:displacement:6.5:6,25,displacement,6.5,23.592119732845084
system-1,system-1:displacement:6.5:2,24,displacement,6.5,14.062086859235354
system-3,system-3:displacement:-5.5:3,37,displacement,-5.5,17.487209962259683
system-7,system-7:displacement:-5.5:7,48,displacement,-5.5,28.499746688872097
system-7,system-7:displacement:6.5:8,86,displacement,6.5,28.500000000388084
system-3,system-3:displacement:-5.5:3,38,displacement,-5.5,17.491046973581778
system-7,system-7:displacement:-5.5:7,49,displacement,-5.5,28.499822682210468
system-1,system-1:displacement:6.5:2,25,displacement,6.5,13.593460801464747
system-7,system-7:displacement:6.5:8,87,displacement,6.5,28.50000000027166
system-5,system-5:displacement:6.5:6,26,displacement,6.5,23.264483812991557
system-3,system-3:displacement:-5.5:3,39,displacement,-5.5,17.493732881507245
system-1,system-1:displacement:6.5:2,26,displacement,6.5,13.265422561025325
system-7,system-7:displacement:6.5:8,88,displacement,6.5,28.500000000190163
system-5,system-5:displacement:6.5:6,27,displacement,6.5,23.03513866909409
system-7,system-7:displacement:-5.5:7,50,displacement,-5.5,28.49987587754733
system-1,system-1:displacement:6.5:2,27,displacement,6.5,13.035795792717728
system-5,system-5:displacement:6.5:6,28,displacement,6.5,22.87459706836586
system-3,system-3:displacement:-5.5:3,40,displacement,-5.5,17.495613017055074
system-7,system-7:displacement:6.5:8,89,displacement,6.5,28.500000000133113
system-7,system-7:displacement:-5.5:7,51,displacement,-5.5,28.49991311428313
system-1,system-1:displacement:6.5:2,28,displacement,6.5,12.87505705490241
system-5,system-5:displacement:6.5:6,29,displacement,6.5,22.7622179478561
system-7,system-7:displacement:-5.5:7,52,displacement,-5.5,28.499939179998194
system-7,system-7:displacement:6.5:8,90,displacement,6.5,28.50000000009318
system-7,system-7:displacement:-5.5:7,53,displacement,-5.5,28.499957425998737
system-1,system-1:displacement:6.5:2,29,displacement,6.5,12.762539938431686
system-3,system-3:displacement:-5.5:3,41,displacement,-5.5,17.496929111938552
system-5,system-5:displacement:6.5:6,30,displacement,6.5,22.68355256349927
system-7,system-7:displacement:-5.5:7,54,displacement,-5.5,28.499970198199115
system-3,system-3:displacement:-5.5:3,42,displacement,-5.5,17.497850378356986
system-5,system-5:displacement:6.5:6,31,displacement,6.5,22.628486794449486
system-7,system-7:displacement:6.5:8,91,displacement,6.5,28.500000000065228
system-1,system-1:displacement:6.5:2,30,displacement,6.5,12.68377795690218
system-7,system-7:displacement:-5.5:7,55,displacement,-5.5,28.499979138739377
system-5,system-5:displacement:6.5:6,32,displacement,6.5,22.58994075611464
system-3,system-3:displacement:-5.5:3,43,displacement,-5.5,17.49849526484989
system-7,system-7:displacement:6.5:8,92,displacement,6.5,28.50000000004566
system-1,system-1:displacement:6.5:2,31,displacement,6.5,12.628644569831526
system-7,system-7:displacement:-5.5:7,56,displacement,-5.5,28.499985397117563
system-7,system-7:displacement:6.5:8,93,displacement,6.5,28.50000000003196
system-3,system-3:displacement:-5.5:3,44,displacement,-5.5,17.498946685394923
system-5,system-5:displacement:6.5:6,33,displacement,6.5,22.562958529280248
system-7,system-7:displacement:-5.5:7,57,displacement,-5.5,28.499989777982293
system-1,system-1:displacement:6.5:2,32,displacement,6.5,12.590051198882069
system-3,system-3:displacement:-5.5:3,45,displacement,-5.5,17.499262679776447
system-1,system-1:displacement:6.5:2,33,displacement,6.5,12.563035839217449
system-7,system-7:displacement:-5.5:7,58,displacement,-5.5,28.499992844587606
system-3,system-3:displacement:-5.5:3,46,displacement,-5.5,17.499483875843513
system-3,system-3:displacement:-5.5:3,47,displacement,-5.5,17.49963871309046
system-1,system-1:displacement:6.5:2,34,displacement,6.5,12.544125087452214
system-7,system-7:displacement:-5.5:7,59,displacement,-5.5,28.499994991211324
system-3,system-3:displacement:-5.5:3,48,displacement,-5.5,17.49974709916332
system-7,system-7:displacement:-5.5:7,60,displacement,-5.5,28.499996493847927
system-3,system-3:displacement:-5.5:3,49,displacement,-5.5,17.499822969414325
system-1,system-1:displacement:6.5:2,35,displacement,6.5,12.530887561216549
system-3,system-3:displacement:-5.5:3,50,displacement,-5.5,17.499876078590027
system-1,system-1:displacement:6.5:2,36,displacement,6.5,12.521621292851584
system-3,system-3:displacement:-5.5:3,51,displacement,-5.5,17.49991325501302
system-1,system-1:displacement:6.5:2,37,displacement,6.5,12.51513490499611
system-3,system-3:displacement:-5.5:3,52,displacement,-5.5,17.499939278509117
system-1,system-1:displacement:6.5:2,38,displacement,6.5,12.510594433497277
system-3,system-3:displacement:-5.5:3,53,displacement,-5.5,17.499957494956384
system-1,system-1:displacement:6.5:2,39,displacement,6.5,12.507416103448094
system-3,system-3:displacement:-5.5:3,54,displacement,-5.5,17.499970246469466
system-1,system-1:displacement:6.5:2,40,displacement,6.5,12.505191272413665
system-3,system-3:displacement:-5.5:3,55,displacement,-5.5,17.499979172528626
system-1,system-1:displacement:6.5:2,41,displacement,6.5,12.503633890689564
system-1,system-1:displacement:6.5:2,42,displacement,6.5,12.502543723482695
system-3,system-3:displacement:-5.5:3,56,displacement,-5.5,17.499985420770038
system-1,system-1:displacement:6.5:2,43,displacement,6.5,12.501780606437887
system-3,system-3:displacement:-5.5:3,57,displacement,-5.5,17.499989794539026
system-1,system-1:displacement:6.5:2,44,displacement,6.5,12.501246424506519
system-3,system-3:displacement:-5.5:3,58,displacement,-5.5,17.499992856177315
system-1,system-1:displacement:6.5:2,45,displacement,6.5,12.500872497154564
system-3,system-3:displacement:-5.5:3,59,displacement,-5.5,17.49999499932412
system-1,system-1:displacement:6.5:2,46,displacement,6.5,12.500610748008196
system-3,system-3:displacement:-5.5:3,60,displacement,-5.5,17.499996499526883
system-1,system-1:displacement:6.5:2,47,displacement,6.5,12.500427523605737
system-3,system-3:displacement:-5.5:3,61,displacement,-5.5,17.499997549668816
system-1,system-1:displacement:6.5:2,48,displacement,6.5,12.500299266524015
system-3,system-3:displacement:-5.5:3,62,displacement,-5.5,17.49999828476817
system-1,system-1:displacement:6.5:2,49,displacement,6.5,12.50020948656681
system-3,system-3:displacement:-5.5:3,63,displacement,-5.5,17.49999879933772
system-1,system-1:displacement:6.5:2,50,displacement,6.5,12.500146640596768
system-3,system-3:displacement:-5.5:3,64,displacement,-5.5,17.499999159536404
system-1,system-1:displacement:6.5:2,51,displacement,6.5,12.500102648417737
system-3,system-3:displacement:-5.5:3,65,displacement,-5.5,17.499999411675486
system-3,system-3:displacement:-5.5:3,66,displacement,-5.5,17.499999588172837
system-1,system-1:displacement:6.5:2,52,displacement,6.5,12.500071853892416
system-1,system-1:displacement:6.5:2,53,displacement,6.5,12.500050297724693
system-3,system-3:displacement:-5.5:3,67,displacement,-5.5,17.499999711720985
system-1,system-1:displacement:6.5:2,54,displacement,6.5,12.500035208407285
system-3,system-3:displacement:-5.5:3,68,displacement,-5.5,17.499999798204687
system-3,system-3:displacement:-5.5:3,69,displacement,-5.5,17.499999858743283
system-1,system-1:displacement:6.5:2,55,displacement,6.5,12.5000246458851
system-3,system-3:displacement:-5.5:3,70,displacement,-5.5,17.4999999011203
system-1,system-1:displacement:6.5:2,56,displacement,6.5,12.500017252119571
system-1,system-1:displacement:6.5:2,57,displacement,6.5,12.500012076483701
system-3,system-3:displacement:-5.5:3,71,displacement,-5.5,17.49999993078421
system-1,system-1:displacement:6.5:2,58,displacement,6.5,12.500008453538591
system-3,system-3:displacement:-5.5:3,72,displacement,-5.5,17.499999951548947
system-1,system-1:displacement:6.5:2,59,displacement,6.5,12.500005917477013
system-3,system-3:displacement:-5.5:3,73,displacement,-5.5,17.499999966084264
system-3,system-3:displacement:-5.5:3,74,displacement,-5.5,17.499999976258987
system-1,system-1:displacement:6.5:2,60,displacement,6.5,12.50000414223391
system-3,system-3:displacement:-5.5:3,75,displacement,-5.5,17.49999998338129
system-1,system-1:displacement:6.5:2,61,displacement,6.5,12.500002899563738
system-5,system-5:displacement:-5.5:5,13,displacement,-5.5,22.475777747398247
system-3,system-3:displacement:-5.5:3,76,displacement,-5.5,17.499999988366906
system-1,system-1:displacement:6.5:2,62,displacement,6.5,12.500002029694615
system-3,system-3:displacement:-5.5:3,77,displacement,-5.5,17.499999991856832
system-5,system-5:displacement:-5.5:5,14,displacement,-5.5,22.483044423178775
system-1,system-1:displacement:6.5:2,63,displacement,6.5,12.500001420786232
system-3,system-3:displacement:-5.5:3,78,displacement,-5.5,17.499999994299785
system-5,system-5:displacement:-5.5:5,15,displacement,-5.5,22.488131096225146
system-1,system-1:displacement:6.5:2,64,displacement,6.5,12.500000994550362
system-3,system-3:displacement:-5.5:3,79,displacement,-5.5,17.499999996009848
system-5,system-5:displacement:-5.5:5,16,displacement,-5.5,22.4916917673576
system-3,system-3:displacement:-5.5:3,80,displacement,-5.5,17.499999997206892
system-1,system-1:displacement:6.5:2,65,displacement,6.5,12.500000696185253
system-5,system-5:displacement:-5.5:5,17,displacement,-5.5,22.49418423715032
system-3,system-3:displacement:-5.5:3,81,displacement,-5.5,17.499999998044828
system-1,system-1:displacement:6.5:2,66,displacement,6.5,12.500000487329677
system-5,system-5:displacement:-5.5:5,18,displacement,-5.5,22.495928966005224
system-1,system-1:displacement:6.5:2,67,displacement,6.5,12.500000341130773
system-3,system-3:displacement:-5.5:3,82,displacement,-5.5,17.49999999863138
system-5,system-5:displacement:-5.5:5,19,displacement,-5.5,22.497150276203655
system-3,system-3:displacement:-5.5:3,83,displacement,-5.5,17.499999999041968
system-1,system-1:displacement:6.5:2,68,displacement,6.5,12.500000238791541
system-5,system-5:displacement:-5.5:5,20,displacement,-5.5,22.498005193342557
system-3,system-3:displacement:-5.5:3,84,displacement,-5.5,17.499999999329376
system-1,system-1:displacement:6.5:2,69,displacement,6.5,12.500000167154079
system-3,system-3:displacement:-5.5:3,85,displacement,-5.5,17.499999999530562
system-5,system-5:displacement:-5.5:5,21,displacement,-5.5,18.64860363533979
system-1,system-1:displacement:6.5:2,70,displacement,6.5,12.500000117007856
system-3,system-3:displacement:-5.5:3,86,displacement,-5.5,17.499999999671395
system-5,system-5:displacement:-5.5:5,22,displacement,-5.5,19.804022544737855
system-1,system-1:displacement:6.5:2,71,displacement,6.5,12.5000000819055
system-3,system-3:displacement:-5.5:3,87,displacement,-5.5,17.499999999769976
system-5,system-5:displacement:-5.5:5,23,displacement,-5.5,20.6128157813165
system-1,system-1:displacement:6.5:2,72,displacement,6.5,12.50000005733385
system-3,system-3:displacement:-5.5:3,88,displacement,-5.5,17.499999999838984
system-5,system-5:displacement:-5.5:5,24,displacement,-5.5,21.17897104692155
system-1,system-1:displacement:6.5:2,73,displacement,6.5,12.500000040133695
system-5,system-5:displacement:-5.5:5,25,displacement,-5.5,21.575279732845086
system-3,system-3:displacement:-5.5:3,89,displacement,-5.5,17.499999999887287
system-1,system-1:displacement:6.5:2,74,displacement,6.5,12.500000028093588
system-5,system-5:displacement:-5.5:5,26,displacement,-5.5,21.85269581299156
system-3,system-3:displacement:-5.5:3,90,displacement,-5.5,17.4999999999211
system-1,system-1:displacement:6.5:2,75,displacement,6.5,12.500000019665512
system-5,system-5:displacement:-5.5:5,27,displacement,-5.5,22.046887069094094
system-3,system-3:displacement:-5.5:3,91,displacement,-5.5,17.49999999994477
system-1,system-1:displacement:6.5:2,76,displacement,6.5,12.500000013765858
system-5,system-5:displacement:-5.5:5,28,displacement,-5.5,22.182820948365865
system-1,system-1:displacement:6.5:2,77,displacement,6.5,12.500000009636102
system-3,system-3:displacement:-5.5:3,92,displacement,-5.5,17.49999999996134
system-5,system-5:displacement:-5.5:5,29,displacement,-5.5,22.277974663856106
system-3,system-3:displacement:-5.5:3,93,displacement,-5.5,17.499999999972935
system-1,system-1:displacement:6.5:2,78,displacement,6.5,12.500000006745271
system-5,system-5:displacement:-5.5:5,30,displacement,-5.5,22.344582264699277
system-3,system-3:displacement:-5.5:3,94,displacement,-5.5,17.499999999981057
system-1,system-1:displacement:6.5:2,79,displacement,6.5,12.500000004721691
system-5,system-5:displacement:-5.5:5,31,displacement,-5.5,22.391207585289493
system-3,system-3:displacement:-5.5:3,95,displacement,-5.5,17.49999999998674
system-1,system-1:displacement:6.5:2,80,displacement,6.5,12.500000003305184
system-5,system-5:displacement:-5.5:5,32,displacement,-5.5,22.423845309702646
system-3,system-3:displacement:-5.5:3,96,displacement,-5.5,17.49999999999072
system-1,system-1:displacement:6.5:2,81,displacement,6.5,12.500000002313628
system-5,system-5:displacement:-5.5:5,33,displacement,-5.5,22.446691716791854
system-3,system-3:displacement:-5.5:3,97,displacement,-5.5,17.499999999993506
system-1,system-1:displacement:6.5:2,82,displacement,6.5,12.50000000161954
system-3,system-3:displacement:-5.5:3,98,displacement,-5.5,17.499999999995453
system-5,system-5:displacement:-5.5:5,34,displacement,-5.5,22.4626842017543
system-5,system-5:displacement:-5.5:5,35,displacement,-5.5,22.47387894122801
system-3,system-3:displacement:-5.5:3,99,displacement,-5.5,17.499999999996817
system-1,system-1:displacement:6.5:2,83,displacement,6.5,12.500000001133678
system-3,system-3:displacement:-5.5:3,100,displacement,-5.5,17.499999999997772
system-1,system-1:displacement:6.5:2,84,displacement,6.5,12.500000000793575
system-5,system-5:displacement:-5.5:5,36,displacement,-5.5,22.481715258859605
system-3,system-3:displacement:-5.5:3,101,displacement,-5.5,17.49999999999844
system-1,system-1:displacement:6.5:2,85,displacement,6.5,12.500000000555502
system-5,system-5:displacement:-5.5:5,37,displacement,-5.5,22.487200681201724
system-3,system-3:displacement:-5.5:3,102,displacement,-5.5,17.49999999999891
system-1,system-1:displacement:6.5:2,86,displacement,6.5,12.500000000388852
system-5,system-5:displacement:-5.5:5,38,displacement,-5.5,22.491040476841206
system-3,system-3:displacement:-5.5:3,103,displacement,-5.5,17.499999999999236
system-3,system-3:displacement:-5.5:3,104,displacement,-5.5,17.499999999999467
system-1,system-1:displacement:6.5:2,87,displacement,6.5,12.500000000272196
system-5,system-5:displacement:-5.5:5,39,displacement,-5.5,22.493728333788845
system-3,system-3:displacement:-5.5:3,105,displacement,-5.5,17.49999999999963
system-1,system-1:displacement:6.5:2,88,displacement,6.5,12.500000000190537
system-5,system-5:displacement:-5.5:5,40,displacement,-5.5,22.49560983365219
system-3,system-3:displacement:-5.5:3,106,displacement,-5.5,17.49999999999974
system-1,system-1:displacement:6.5:2,89,displacement,6.5,12.500000000133376
system-5,system-5:displacement:-5.5:5,41,displacement,-5.5,22.496926883556533
system-3,system-3:displacement:6.5:4,74,displacement,6.5,17.500000028076357
system-3,system-3:displacement:-5.5:3,107,displacement,-5.5,17.49999999999982
system-1,system-1:displacement:6.5:2,90,displacement,6.5,12.500000000093364
system-5,system-5:displacement:-5.5:5,42,displacement,-5.5,22.497848818489572
system-3,system-3:displacement:-5.5:3,108,displacement,-5.5,17.499999999999876
system-3,system-3:displacement:6.5:4,75,displacement,6.5,17.50000001965345
system-1,system-1:displacement:6.5:2,91,displacement,6.5,12.500000000065354
system-3,system-3:displacement:-5.5:3,109,displacement,-5.5,17.499999999999915
system-5,system-5:displacement:-5.5:5,43,displacement,-5.5,22.4984941729427
system-3,system-3:displacement:6.5:4,76,displacement,6.5,17.500000013757415
system-1,system-1:displacement:6.5:2,92,displacement,6.5,12.500000000045747
system-3,system-3:displacement:-5.5:3,110,displacement,-5.5,17.49999999999994
system-5,system-5:displacement:-5.5:5,44,displacement,-5.5,22.49894592105989
system-3,system-3:displacement:-5.5:3,111,displacement,-5.5,17.499999999999957
system-3,system-3:displacement:6.5:4,77,displacement,6.5,17.50000000963019
system-3,system-3:displacement:-5.5:3,112,displacement,-5.5,17.49999999999997
system-5,system-5:displacement:-5.5:5,45,displacement,-5.5,22.499262144741923
system-3,system-3:displacement:6.5:4,78,displacement,6.5,17.500000006741132
system-1,system-1:displacement:-5.5:1,28,displacement,-5.5,12.18328093490241
system-3,system-3:displacement:-5.5:3,113,displacement,-5.5,17.49999999999998
system-5,system-5:displacement:-5.5:5,46,displacement,-5.5,22.499483501319347
system-3,system-3:displacement:6.5:4,79,displacement,6.5,17.500000004718792
system-3,system-3:displacement:-5.5:3,114,displacement,-5.5,17.499999999999986
system-1,system-1:displacement:-5.5:1,29,displacement,-5.5,12.278296654431685
system-5,system-5:displacement:-5.5:5,47,displacement,-5.5,22.49963845092354
system-3,system-3:displacement:6.5:4,80,displacement,6.5,17.500000003303157
system-3,system-3:displacement:-5.5:3,115,displacement,-5.5,17.49999999999999
system-5,system-5:displacement:-5.5:5,48,displacement,-5.5,22.49974691564648
system-1,system-1:displacement:-5.5:1,30,displacement,-5.5,12.34480765810218
system-3,system-3:displacement:-5.5:3,116,displacement,-5.5,17.499999999999993
system-3,system-3:displacement:6.5:4,81,displacement,6.5,17.50000000231221
system-1,system-1:displacement:-5.5:1,31,displacement,-5.5,12.391365360671525
system-3,system-3:displacement:-5.5:3,117,displacement,-5.5,17.499999999999993
system-5,system-5:displacement:-5.5:5,49,displacement,-5.5,22.499822840952536
system-3,system-3:displacement:6.5:4,82,displacement,6.5,17.50000000161855
system-1,system-1:displacement:-5.5:1,32,displacement,-5.5,12.423955752470068
system-3,system-3:displacement:-5.5:3,118,displacement,-5.5,17.499999999999993
system-3,system-3:displacement:6.5:4,83,displacement,6.5,17.500000001132985
system-1,system-1:displacement:-5.5:1,33,displacement,-5.5,12.446769026729047
system-3,system-3:displacement:-5.5:3,119,displacement,-5.5,17.499999999999993
system-5,system-5:displacement:-5.5:5,50,displacement,-5.5,22.499875988666776
system-1,system-1:displacement:-5.5:1,34,displacement,-5.5,12.462738318710333
system-3,system-3:displacement:6.5:4,84,displacement,6.5,17.50000000079309
system-3,system-3:displacement:-5.5:3,120,displacement,-5.5,17.499999999999993
system-5,system-5:displacement:-5.5:5,51,displacement,-5.5,22.499913192066746
system-3,system-3:displacement:6.5:4,85,displacement,6.5,17.50000000055516
system-5,system-5:displacement:-5.5:5,52,displacement,-5.5,22.499939234446725
system-1,system-1:displacement:-5.5:1,35,displacement,-5.5,12.473916823097234
system-3,system-3:displacement:-5.5:3,121,displacement,-5.5,17.499999999999993
system-3,system-3:displacement:6.5:4,86,displacement,6.5,17.500000000388614
system-3,system-3:displacement:-5.5:3,122,displacement,-5.5,17.499999999999993
system-5,system-5:displacement:-5.5:5,53,displacement,-5.5,22.499957464112708
system-1,system-1:displacement:-5.5:1,36,displacement,-5.5,12.481741776168064
system-3,system-3:displacement:-5.5:3,123,displacement,-5.5,17.499999999999993
system-3,system-3:displacement:6.5:4,87,displacement,6.5,17.50000000027203
system-5,system-5:displacement:-5.5:5,54,displacement,-5.5,22.499970224878894
system-1,system-1:displacement:-5.5:1,37,displacement,-5.5,12.487219243317645
system-3,system-3:displacement:6.5:4,88,displacement,6.5,17.500000000190425
system-3,system-3:displacement:-5.5:3,124,displacement,-5.5,17.499999999999993
system-5,system-5:displacement:-5.5:5,55,displacement,-5.5,22.499979157415225
system-1,system-1:displacement:-5.5:1,38,displacement,-5.5,12.49105347032235
system-3,system-3:displacement:-5.5:3,125,displacement,-5.5,17.499999999999993
system-3,system-3:displacement:6.5:4,89,displacement,6.5,17.500000000133298
system-5,system-5:displacement:-5.5:5,56,displacement,-5.5,22.499985410190657
system-1,system-1:displacement:-5.5:1,39,displacement,-5.5,12.493737429225646
system-5,system-5:displacement:-5.5:5,57,displacement,-5.5,22.499989787133458
system-3,system-3:displacement:6.5:4,90,displacement,6.5,17.50000000009331
system-3,system-3:displacement:-5.5:3,126,displacement,-5.5,17.499999999999993
system-1,system-1:displacement:-5.5:1,40,displacement,-5.5,12.495616200457953
system-5,system-5:displacement:-5.5:5,58,displacement,-5.5,22.499992850993422
system-3,system-3:displacement:-5.5:3,127,displacement,-5.5,17.499999999999993
system-1,system-1:displacement:-5.5:1,41,displacement,-5.5,12.496931340320566
system-5,system-5:displacement:-5.5:5,59,displacement,-5.5,22.499994995695396
system-3,system-3:displacement:-5.5:3,128,displacement,-5.5,17.499999999999993
system-1,system-1:displacement:-5.5:1,42,displacement,-5.5,12.497851938224397
system-3,system-3:displacement:-5.5:3,129,displacement,-5.5,17.499999999999993
system-5,system-5:displacement:-5.5:5,60,displacement,-5.5,22.499996496986775
system-3,system-3:displacement:-5.5:3,130,displacement,-5.5,17.499999999999993
system-1,system-1:displacement:-5.5:1,43,displacement,-5.5,12.498496356757077
system-3,system-3:displacement:-5.5:3,131,displacement,-5.5,17.499999999999993
system-5,system-5:displacement:-5.5:5,61,displacement,-5.5,22.499997547890743
system-3,system-3:displacement:-5.5:3,132,displacement,-5.5,17.499999999999993
system-5,system-5:displacement:6.5:6,34,displacement,6.5,22.544070970496172
system-5,system-5:displacement:-5.5:5,62,displacement,-5.5,22.49999828352352
system-1,system-1:displacement:-5.5:1,44,displacement,-5.5,12.498947449729954
system-3,system-3:displacement:-5.5:3,133,displacement,-5.5,17.499999999999993
system-7,system-7:displacement:6.5:8,94,displacement,6.5,28.50000000002237
system-5,system-5:displacement:6.5:6,35,displacement,6.5,22.53084967934732
system-5,system-5:displacement:-5.5:5,63,displacement,-5.5,22.499998798466464
system-1,system-1:displacement:-5.5:1,45,displacement,-5.5,12.499263214810968
system-3,system-3:displacement:-5.5:3,134,displacement,-5.5,17.499999999999993
system-7,system-7:displacement:6.5:8,95,displacement,6.5,28.50000000001566
system-3,system-3:displacement:-5.5:3,135,displacement,-5.5,17.499999999999993
system-5,system-5:displacement:6.5:6,36,displacement,6.5,22.52159477554312
system-1,system-1:displacement:-5.5:1,46,displacement,-5.5,12.499484250367678
system-3,system-3:displacement:-5.5:3,136,displacement,-5.5,17.499999999999993
system-7,system-7:displacement:6.5:8,96,displacement,6.5,28.500000000010964
system-5,system-5:displacement:6.5:6,37,displacement,6.5,22.515116342880184
system-3,system-3:displacement:-5.5:3,137,displacement,-5.5,17.499999999999993
system-7,system-7:displacement:6.5:8,97,displacement,6.5,28.500000000007674
system-1,system-1:displacement:-5.5:1,47,displacement,-5.5,12.499638975257374
system-3,system-3:displacement:-5.5:3,138,displacement,-5.5,17.499999999999993
system-7,system-7:displacement:6.5:8,98,displacement,6.5,28.50000000000537
system-1,system-1:displacement:-5.5:1,48,displacement,-5.5,12.499747282680161
system-3,system-3:displacement:-5.5:3,139,displacement,-5.5,17.499999999999993
system-7,system-7:displacement:6.5:8,99,displacement,6.5,28.50000000000376
system-1,system-1:displacement:-5.5:1,49,displacement,-5.5,12.499823097876114
system-7,system-7:displacement:6.5:8,100,displacement,6.5,28.50000000000263
system-3,system-3:displacement:-5.5:3,140,displacement,-5.5,17.499999999999993
system-7,system-7:displacement:-5.5:7,61,displacement,-5.5,28.49999754569355
system-7,system-7:displacement:6.5:8,101,displacement,6.5,28.50000000000184
system-1,system-1:displacement:-5.5:1,50,displacement,-5.5,12.499876168513278
system-3,system-3:displacement:-5.5:3,141,displacement,-5.5,17.499999999999993
system-7,system-7:displacement:6.5:8,102,displacement,6.5,28.500000000001286
system-7,system-7:displacement:-5.5:7,62,displacement,-5.5,28.499998281985487
system-3,system-3:displacement:-5.5:3,142,displacement,-5.5,17.499999999999993
system-1,system-1:displacement:-5.5:1,51,displacement,-5.5,12.499913317959294
system-7,system-7:displacement:-5.5:7,63,displacement,-5.5,28.499998797389843
system-7,system-7:displacement:6.5:8,103,displacement,6.5,28.500000000000902
system-1,system-1:displacement:-5.5:1,52,displacement,-5.5,12.499939322571507
system-7,system-7:displacement:6.5:8,104,displacement,6.5,28.500000000000632
system-7,system-7:displacement:-5.5:7,64,displacement,-5.5,28.49999915817289
system-3,system-3:displacement:-5.5:3,143,displacement,-5.5,17.499999999999993
system-7,system-7:displacement:6.5:8,105,displacement,6.5,28.50000000000044
system-1,system-1:displacement:-5.5:1,53,displacement,-5.5,12.499957525800054
system-3,system-3:displacement:-5.5:3,144,displacement,-5.5,17.499999999999993
system-7,system-7:displacement:-5.5:7,65,displacement,-5.5,28.499999410721024
system-1,system-1:displacement:-5.5:1,54,displacement,-5.5,12.499970268060038
system-7,system-7:displacement:6.5:8,106,displacement,6.5,28.50000000000031
system-3,system-3:displacement:-5.5:3,145,displacement,-5.5,17.499999999999993
system-7,system-7:displacement:-5.5:7,66,displacement,-5.5,28.499999587504718
system-1,system-1:displacement:-5.5:1,55,displacement,-5.5,12.499979187642026
system-3,system-3:displacement:-5.5:3,146,displacement,-5.5,17.499999999999993
system-7,system-7:displacement:6.5:8,107,displacement,6.5,28.500000000000217
system-3,system-3:displacement:-5.5:3,147,displacement,-5.5,17.499999999999993
system-7,system-7:displacement:-5.5:7,67,displacement,-5.5,28.499999711253302
system-1,system-1:displacement:-5.5:1,56,displacement,-5.5,12.499985431349419
system-3,system-3:displacement:-5.5:3,148,displacement,-5.5,17.499999999999993
system-7,system-7:displacement:6.5:8,108,displacement,6.5,28.500000000000153
system-7,system-7:displacement:-5.5:7,68,displacement,-5.5,28.499999797877308
system-7,system-7:displacement:6.5:8,109,displacement,6.5,28.500000000000107
system-3,system-3:displacement:-5.5:3,149,displacement,-5.5,17.499999999999993
system-7,system-7:displacement:-5.5:7,69,displacement,-5.5,28.499999858514116
system-1,system-1:displacement:-5.5:1,57,displacement,-5.5,12.499989801944594
system-7,system-7:displacement:6.5:8,110,displacement,6.5,28.50000000000007
system-3,system-3:displacement:-5.5:3,150,displacement,-5.5,17.499999999999993
system-7,system-7:displacement:-5.5:7,70,displacement,-5.5,28.49999990095988
system-1,system-1:displacement:-5.5:1,58,displacement,-5.5,12.499992861361216
system-7,system-7:displacement:6.5:8,111,displacement,6.5,28.50000000000005
system-3,system-3:displacement:-5.5:3,151,displacement,-5.5,17.499999999999993
system-7,system-7:displacement:-5.5:7,71,displacement,-5.5,28.49999993067192
system-1,system-1:displacement:-5.5:1,59,displacement,-5.5,12.499995002952852
system-7,system-7:displacement:6.5:8,112,displacement,6.5,28.500000000000036
system-3,system-3:displacement:-5.5:3,152,displacement,-5.5,17.499999999999993
system-7,system-7:displacement:-5.5:7,72,displacement,-5.5,28.499999951470343
system-3,system-3:displacement:-5.5:3,153,displacement,-5.5,17.499999999999993
system-7,system-7:displacement:6.5:8,113,displacement,6.5,28.50000000000003
system-1,system-1:displacement:-5.5:1,60,displacement,-5.5,12.499996502066997
system-7,system-7:displacement:-5.5:7,73,displacement,-5.5,28.49999996602924
system-3,system-3:displacement:-5.5:3,154,displacement,-5.5,17.499999999999993
system-7,system-7:displacement:6.5:8,114,displacement,6.5,28.50000000000002
system-1,system-1:displacement:-5.5:1,61,displacement,-5.5,12.499997551446898
system-3,system-3:displacement:-5.5:3,155,displacement,-5.5,17.499999999999993
system-7,system-7:displacement:6.5:8,115,displacement,6.5,28.500000000000014
system-7,system-7:displacement:-5.5:7,74,displacement,-5.5,28.49999997622047
system-1,system-1:displacement:-5.5:1,62,displacement,-5.5,12.49999828601283
system-3,system-3:displacement:-5.5:3,156,displacement,-5.5,17.499999999999993
system-7,system-7:displacement:6.5:8,116,displacement,6.5,28.50000000000001
system-3,system-3:displacement:-5.5:3,157,displacement,-5.5,17.499999999999993
system-7,system-7:displacement:-5.5:7,75,displacement,-5.5,28.49999998335433
system-1,system-1:displacement:-5.5:1,63,displacement,-5.5,12.499998800208981
system-3,system-3:displacement:-5.5:3,158,displacement,-5.5,17.499999999999993
system-1,system-1:displacement:-5.5:1,64,displacement,-5.5,12.499999160146288
system-3,system-3:displacement:-5.5:3,159,displacement,-5.5,17.499999999999993
system-7,system-7:displacement:-5.5:7,76,displacement,-5.5,28.49999998834803
system-3,system-3:displacement:-5.5:3,160,displacement,-5.5,17.499999999999993
system-1,system-1:displacement:-5.5:1,65,displacement,-5.5,12.499999412102401
system-7,system-7:displacement:-5.5:7,77,displacement,-5.5,28.499999991843623
system-1,system-1:displacement:-5.5:1,66,displacement,-5.5,12.499999588471681
system-7,system-7:displacement:-5.5:7,78,displacement,-5.5,28.499999994290537
system-7,system-7:displacement:-5.5:7,79,displacement,-5.5,28.49999999600338
system-1,system-1:displacement:-5.5:1,67,displacement,-5.5,12.499999711930176
system-1,system-1:displacement:-5.5:1,68,displacement,-5.5,12.499999798351123
system-7,system-7:displacement:-5.5:7,80,displacement,-5.5,28.499999997202362
system-1,system-1:displacement:-5.5:1,69,displacement,-5.5,12.499999858845786
system-1,system-1:displacement:-5.5:1,70,displacement,-5.5,12.499999901192052
system-1,system-1:displacement:-5.5:1,71,displacement,-5.5,12.499999930834434
system-1,system-1:displacement:-5.5:1,72,displacement,-5.5,12.499999951584105
system-1,system-1:displacement:-5.5:1,73,displacement,-5.5,12.499999966108874
system-1,system-1:displacement:-5.5:1,74,displacement,-5.5,12.49999997627621
system-1,system-1:displacement:-5.5:1,75,displacement,-5.5,12.499999983393348
system-1,system-1:displacement:-5.5:1,76,displacement,-5.5,12.499999988375343
system-1,system-1:displacement:-5.5:1,77,displacement,-5.5,12.49999999186274
system-1,system-1:displacement:-5.5:1,78,displacement,-5.5,12.49999999430392
system-1,system-1:displacement:-5.5:1,79,displacement,-5.5,12.499999996012743
system-1,system-1:displacement:-5.5:1,80,displacement,-5.5,12.49999999720892
system-1,system-1:displacement:-5.5:1,81,displacement,-5.5,12.499999998046246
system-1,system-1:displacement:-5.5:1,82,displacement,-5.5,12.499999998632372
system-1,system-1:displacement:-5.5:1,83,displacement,-5.5,12.499999999042661
system-1,system-1:displacement:-5.5:1,84,displacement,-5.5,12.499999999329862
system-1,system-1:displacement:-5.5:1,85,displacement,-5.5,12.499999999530903
system-1,system-1:displacement:-5.5:1,86,displacement,-5.5,12.499999999671633
system-1,system-1:displacement:-5.5:1,87,displacement,-5.5,12.499999999770143
system-1,system-1:displacement:-5.5:1,88,displacement,-5.5,12.499999999839101
system-1,system-1:displacement:-5.5:1,89,displacement,-5.5,12.499999999887372
system-1,system-1:displacement:-5.5:1,90,displacement,-5.5,12.49999999992116
system-1,system-1:displacement:-5.5:1,91,displacement,-5.5,12.499999999944812
system-1,system-1:displacement:-5.5:1,92,displacement,-5.5,12.499999999961368
system-1,system-1:displacement:-5.5:1,93,displacement,-5.5,12.499999999972957
system-1,system-1:displacement:-5.5:1,94,displacement,-5.5,12.49999999998107
system-1,system-1:displacement:-5.5:1,95,displacement,-5.5,12.499999999986748
system-1,system-1:displacement:-5.5:1,96,displacement,-5.5,12.499999999990724
system-1,system-1:displacement:-5.5:1,97,displacement,-5.5,12.499999999993506
system-1,system-1:displacement:-5.5:1,98,displacement,-5.5,12.499999999995454
system-1,system-1:displacement:-5.5:1,99,displacement,-5.5,12.499999999996819
system-1,system-1:displacement:-5.5:1,100,displacement,-5.5,12.499999999997774
system-1,system-1:displacement:-5.5:1,101,displacement,-5.5,12.499999999998442
system-1,system-1:displacement:-5.5:1,102,displacement,-5.5,12.49999999999891
system-1,system-1:displacement:-5.5:1,103,displacement,-5.5,12.499999999999236
system-1,system-1:displacement:-5.5:1,104,displacement,-5.5,12.499999999999467
system-1,system-1:displacement:-5.5:1,105,displacement,-5.5,12.499999999999627
system-1,system-1:displacement:-5.5:1,106,displacement,-5.5,12.499999999999737
system-1,system-1:displacement:-5.5:1,107,displacement,-5.5,12.499999999999815
system-1,system-1:displacement:-5.5:1,108,displacement,-5.5,12.49999999999987
system-1,system-1:displacement:-5.5:1,109,displacement,-5.5,12.49999999999991
system-1,system-1:displacement:-5.5:1,110,displacement,-5.5,12.499999999999938
system-1,system-1:displacement:-5.5:1,111,displacement,-5.5,12.499999999999957
system-1,system-1:displacement:-5.5:1,112,displacement,-5.5,12.49999999999997
system-1,system-1:displacement:-5.5:1,113,displacement,-5.5,12.499999999999979
system-1,system-1:displacement:-5.5:1,114,displacement,-5.5,12.499999999999986
system-1,system-1:displacement:-5.5:1,115,displacement,-5.5,12.49999999999999
system-1,system-1:displacement:-5.5:1,116,displacement,-5.5,12.499999999999993
system-1,system-1:displacement:-5.5:1,117,displacement,-5.5,12.499999999999995
system-1,system-1:displacement:-5.5:1,118,displacement,-5.5,12.499999999999996
system-1,system-1:displacement:-5.5:1,119,displacement,-5.5,12.499999999999996
system-1,system-1:displacement:-5.5:1,120,displacement,-5.5,12.499999999999996
system-1,system-1:displacement:-5.5:1,121,displacement,-5.5,12.499999999999996
system-1,system-1:displacement:-5.5:1,122,displacement,-5.5,12.499999999999996
system-1,system-1:displacement:-5.5:1,123,displacement,-5.5,12.499999999999996
system-1,system-1:displacement:-5.5:1,124,displacement,-5.5,12.499999999999996
system-1,system-1:displacement:-5.5:1,125,displacement,-5.5,12.499999999999996
system-1,system-1:displacement:-5.5:1,126,displacement,-5.5,12.499999999999996
system-1,system-1:displacement:-5.5:1,127,displacement,-5.5,12.499999999999996
system-1,system-1:displacement:-5.5:1,128,displacement,-5.5,12.499999999999996
system-1,system-1:displacement:-5.5:1,129,displacement,-5.5,12.499999999999996
system-1,system-1:displacement:-5.5:1,130,displacement,-5.5,12.499999999999996
system-1,system-1:displacement:-5.5:1,131,displacement,-5.5,12.499999999999996
system-1,system-1:displacement:-5.5:1,132,displacement,-5.5,12.499999999999996
system-1,system-1:displacement:6.5:2,93,displacement,6.5,12.500000000032022
system-1,system-1:displacement:-5.5:1,133,displacement,-5.5,12.499999999999996
system-1,system-1:displacement:6.5:2,94,displacement,6.5,12.500000000022416
system-1,system-1:displacement:-5.5:1,134,displacement,-5.5,12.499999999999996
system-1,system-1:displacement:6.5:2,95,displacement,6.5,12.50000000001569
system-1,system-1:displacement:-5.5:1,135,displacement,-5.5,12.499999999999996
system-1,system-1:displacement:-5.5:1,136,displacement,-5.5,12.499999999999996
system-1,system-1:displacement:6.5:2,96,displacement,6.5,12.500000000010983
system-1,system-1:displacement:-5.5:1,137,displacement,-5.5,12.499999999999996
system-1,system-1:displacement:-5.5:1,138,displacement,-5.5,12.499999999999996
system-1,system-1:displacement:-5.5:1,139,displacement,-5.5,12.499999999999996
system-1,system-1:displacement:-5.5:1,140,displacement,-5.5,12.499999999999996
system-1,system-1:displacement:-5.5:1,141,displacement,-5.5,12.499999999999996
system-1,system-1:displacement:-5.5:1,142,displacement,-5.5,12.499999999999996
system-1,system-1:displacement:-5.5:1,143,displacement,-5.5,12.499999999999996
system-1,system-1:displacement:-5.5:1,144,displacement,-5.5,12.499999999999996
system-1,system-1:displacement:-5.5:1,145,displacement,-5.5,12.499999999999996
system-1,system-1:displacement:-5.5:1,146,displacement,-5.5,12.499999999999996
system-1,system-1:displacement:-5.5:1,147,displacement,-5.5,12.499999999999996
system-1,system-1:displacement:-5.5:1,148,displacement,-5.5,12.499999999999996
system-1,system-1:displacement:-5.5:1,149,displacement,-5.5,12.499999999999996
system-1,system-1:displacement:-5.5:1,150,displacement,-5.5,12.499999999999996
system-1,system-1:displacement:-5.5:1,151,displacement,-5.5,12.499999999999996
system-1,system-1:displacement:-5.5:1,152,displacement,-5.5,12.499999999999996
system-1,system-1:displacement:-5.5:1,153,displacement,-5.5,12.499999999999996
system-3,system-3:displacement:6.5:4,91,displacement,6.5,17.500000000065317
system-3,system-3:displacement:6.5:4,92,displacement,6.5,17.500000000045723
system-3,system-3:displacement:6.5:4,93,displacement,6.5,17.500000000032003
system-3,system-3:displacement:6.5:4,94,displacement,6.5,17.500000000022403
system-3,system-3:displacement:6.5:4,95,displacement,6.5,17.50000000001568
system-3,system-3:displacement:6.5:4,96,displacement,6.5,17.500000000010978
system-3,system-3:displacement:6.5:4,97,displacement,6.5,17.500000000007688
system-5,system-5:displacement:-5.5:5,64,displacement,-5.5,22.499999158926524
system-5,system-5:displacement:-5.5:5,65,displacement,-5.5,22.499999411248567
system-3,system-3:displacement:6.5:4,98,displacement,6.5,17.500000000005382
system-5,system-5:displacement:-5.5:5,66,displacement,-5.5,22.499999587873997
system-5,system-5:displacement:6.5:6,38,displacement,6.5,22.510581440016125
system-3,system-3:displacement:6.5:4,99,displacement,6.5,17.500000000003766
system-5,system-5:displacement:-5.5:5,67,displacement,-5.5,22.499999711511798
system-5,system-5:displacement:-5.5:5,68,displacement,-5.5,22.499999798058255
system-5,system-5:displacement:6.5:6,39,displacement,6.5,22.50740700801129
system-3,system-3:displacement:6.5:4,100,displacement,6.5,17.500000000002636
system-5,system-5:displacement:-5.5:5,69,displacement,-5.5,22.499999858640777
system-3,system-3:displacement:6.5:4,101,displacement,6.5,17.500000000001847
system-5,system-5:displacement:6.5:6,40,displacement,6.5,22.5051849056079
system-5,system-5:displacement:-5.5:5,70,displacement,-5.5,22.499999901048543
system-3,system-3:displacement:6.5:4,102,displacement,6.5,17.500000000001293
system-3,system-3:displacement:6.5:4,103,displacement,6.5,17.500000000000906
system-5,system-5:displacement:6.5:6,41,displacement,6.5,22.50362943392553
system-5,system-5:displacement:-5.5:5,71,displacement,-5.5,22.49999993073398
system-3,system-3:displacement:6.5:4,104,displacement,6.5,17.500000000000632
system-5,system-5:displacement:6.5:6,42,displacement,6.5,22.50254060374787
system-3,system-3:displacement:6.5:4,105,displacement,6.5,17.50000000000044
system-5,system-5:displacement:-5.5:5,72,displacement,-5.5,22.49999995151379
system-5,system-5:displacement:6.5:6,43,displacement,6.5,22.50177842262351
system-3,system-3:displacement:6.5:4,106,displacement,6.5,17.50000000000031
system-5,system-5:displacement:6.5:6,44,displacement,6.5,22.501244895836457
system-5,system-5:displacement:-5.5:5,73,displacement,-5.5,22.499999966059654
system-3,system-3:displacement:6.5:4,107,displacement,6.5,17.500000000000217
system-5,system-5:displacement:6.5:6,45,displacement,6.5,22.50087142708552
system-3,system-3:displacement:6.5:4,108,displacement,6.5,17.500000000000153
system-5,system-5:displacement:-5.5:5,74,displacement,-5.5,22.49999997624176
system-5,system-5:displacement:6.5:6,46,displacement,6.5,22.500609998959867
system-3,system-3:displacement:6.5:4,109,displacement,6.5,17.500000000000107
system-5,system-5:displacement:-5.5:5,75,displacement,-5.5,22.499999983369236
system-5,system-5:displacement:6.5:6,47,displacement,6.5,22.50042699927191
system-3,system-3:displacement:6.5:4,110,displacement,6.5,17.50000000000007
system-5,system-5:displacement:-5.5:5,76,displacement,-5.5,22.499999988358464
system-5,system-5:displacement:6.5:6,48,displacement,6.5,22.500298899490335
system-3,system-3:displacement:6.5:4,111,displacement,6.5,17.50000000000005
system-5,system-5:displacement:-5.5:5,77,displacement,-5.5,22.499999991850924
system-5,system-5:displacement:6.5:6,49,displacement,6.5,22.500209229643236
system-3,system-3:displacement:6.5:4,112,displacement,6.5,17.500000000000036
system-5,system-5:displacement:-5.5:5,78,displacement,-5.5,22.499999994295646
system-3,system-3:displacement:6.5:4,113,displacement,6.5,17.50000000000003
system-3,system-3:displacement:6.5:4,114,displacement,6.5,17.50000000000002
system-5,system-5:displacement:-5.5:5,79,displacement,-5.5,22.499999996006952
system-5,system-5:displacement:6.5:6,50,displacement,6.5,22.500146460750265
system-3,system-3:displacement:6.5:4,115,displacement,6.5,17.500000000000014
system-5,system-5:displacement:6.5:6,51,displacement,6.5,22.500102522525182
system-5,system-5:displacement:-5.5:5,80,displacement,-5.5,22.499999997204867
system-3,system-3:displacement:6.5:4,116,displacement,6.5,17.50000000000001
system-5,system-5:displacement:-5.5:5,81,displacement,-5.5,22.499999998043407
system-5,system-5:displacement:6.5:6,52,displacement,6.5,22.50007176576763
system-3,system-3:displacement:6.5:4,117,displacement,6.5,17.500000000000007
system-7,system-7:displacement:6.5:8,117,displacement,6.5,28.500000000000007
system-5,system-5:displacement:-5.5:5,82,displacement,-5.5,22.499999998630386
system-5,system-5:displacement:6.5:6,53,displacement,6.5,22.50005023603734
system-7,system-7:displacement:6.5:8,118,displacement,6.5,28.500000000000007
system-3,system-3:displacement:6.5:4,118,displacement,6.5,17.500000000000007
system-3,system-3:displacement:6.5:4,119,displacement,6.5,17.500000000000007
system-5,system-5:displacement:-5.5:5,83,displacement,-5.5,22.499999999041272
system-5,system-5:displacement:6.5:6,54,displacement,6.5,22.500035165226137
system-7,system-7:displacement:6.5:8,119,displacement,6.5,28.500000000000007
system-7,system-7:displacement:6.5:8,120,displacement,6.5,28.500000000000007
system-3,system-3:displacement:6.5:4,120,displacement,6.5,17.500000000000007
system-5,system-5:displacement:-5.5:5,84,displacement,-5.5,22.499999999328892
system-5,system-5:displacement:6.5:6,55,displacement,6.5,22.500024615658297
system-5,system-5:displacement:-5.5:5,85,displacement,-5.5,22.499999999530225
system-5,system-5:displacement:6.5:6,56,displacement,6.5,22.500017230960808
system-5,system-5:displacement:-5.5:5,86,displacement,-5.5,22.49999999967116
system-5,system-5:displacement:6.5:6,57,displacement,6.5,22.500012061672564
system-5,system-5:displacement:-5.5:5,87,displacement,-5.5,22.499999999769813
system-7,system-7:displacement:-5.5:7,81,displacement,-5.5,28.499999998041652
system-5,system-5:displacement:6.5:6,58,displacement,6.5,22.500008443170795
system-7,system-7:displacement:-5.5:7,82,displacement,-5.5,28.499999998629157
system-5,system-5:displacement:-5.5:5,88,displacement,-5.5,22.49999999983887
system-5,system-5:displacement:6.5:6,59,displacement,6.5,22.500005910219556
system-7,system-7:displacement:-5.5:7,83,displacement,-5.5,28.499999999040412
system-5,system-5:displacement:-5.5:5,89,displacement,-5.5,22.49999999988721
system-5,system-5:displacement:6.5:6,60,displacement,6.5,22.500004137153688
system-5,system-5:displacement:-5.5:5,90,displacement,-5.5,22.499999999921044
system-7,system-7:displacement:-5.5:7,84,displacement,-5.5,28.49999999932829
system-5,system-5:displacement:6.5:6,61,displacement,6.5,22.50000289600758
system-5,system-5:displacement:-5.5:5,91,displacement,-5.5,22.49999999994473
system-7,system-7:displacement:-5.5:7,85,displacement,-5.5,28.499999999529805
system-5,system-5:displacement:6.5:6,62,displacement,6.5,22.500002027205305
system-5,system-5:displacement:-5.5:5,92,displacement,-5.5,22.49999999996131
system-7,system-7:displacement:-5.5:7,86,displacement,-5.5,28.499999999670862
system-5,system-5:displacement:6.5:6,63,displacement,6.5,22.500001419043713
system-5,system-5:displacement:-5.5:5,93,displacement,-5.5,22.499999999972914
system-7,system-7:displacement:-5.5:7,87,displacement,-5.5,28.499999999769603
system-5,system-5:displacement:6.5:6,64,displacement,6.5,22.500000993330598
system-5,system-5:displacement:-5.5:5,94,displacement,-5.5,22.49999999998104
system-7,system-7:displacement:-5.5:7,88,displacement,-5.5,28.499999999838725
system-5,system-5:displacement:6.5:6,65,displacement,6.5,22.50000069533142
system-7,system-7:displacement:-5.5:7,89,displacement,-5.5,28.49999999988711
system-5,system-5:displacement:-5.5:5,95,displacement,-5.5,22.499999999986727
system-5,system-5:displacement:6.5:6,66,displacement,6.5,22.50000048673199
system-7,system-7:displacement:-5.5:7,90,displacement,-5.5,28.499999999920977
system-5,system-5:displacement:-5.5:5,96,displacement,-5.5,22.49999999999071
system-5,system-5:displacement:6.5:6,67,displacement,6.5,22.500000340712393
system-7,system-7:displacement:-5.5:7,91,displacement,-5.5,28.499999999944684
system-5,system-5:displacement:6.5:6,68,displacement,6.5,22.500000238498675
system-5,system-5:displacement:-5.5:5,97,displacement,-5.5,22.4999999999935
system-7,system-7:displacement:-5.5:7,92,displacement,-5.5,28.499999999961275
system-5,system-5:displacement:6.5:6,69,displacement,6.5,22.500000166949075
system-7,system-7:displacement:-5.5:7,93,displacement,-5.5,28.499999999972893
system-5,system-5:displacement:-5.5:5,98,displacement,-5.5,22.499999999995453
system-5,system-5:displacement:6.5:6,70,displacement,6.5,22.500000116864353
system-7,system-7:displacement:-5.5:7,94,displacement,-5.5,28.49999999998103
system-5,system-5:displacement:-5.5:5,99,displacement,-5.5,22.499999999996817
system-5,system-5:displacement:6.5:6,71,displacement,6.5,22.500000081805045
system-7,system-7:displacement:-5.5:7,95,displacement,-5.5,28.49999999998672
system-5,system-5:displacement:-5.5:5,100,displacement,-5.5,22.499999999997772
system-7,system-7:displacement:-5.5:7,96,displacement,-5.5,28.499999999990706
system-5,system-5:displacement:6.5:6,72,displacement,6.5,22.50000005726353
system-5,system-5:displacement:-5.5:5,101,displacement,-5.5,22.49999999999844
system-5,system-5:displacement:6.5:6,73,displacement,6.5,22.50000004008447
system-7,system-7:displacement:-5.5:7,97,displacement,-5.5,28.499999999993495
system-5,system-5:displacement:-5.5:5,102,displacement,-5.5,22.49999999999891
system-5,system-5:displacement:6.5:6,74,displacement,6.5,22.500000028059127
system-5,system-5:displacement:-5.5:5,103,displacement,-5.5,22.499999999999236
system-5,system-5:displacement:6.5:6,75,displacement,6.5,22.50000001964139
system-5,system-5:displacement:-5.5:5,104,displacement,-5.5,22.499999999999467
system-7,system-7:displacement:-5.5:7,98,displacement,-5.5,28.49999999999545
system-5,system-5:displacement:-5.5:5,105,displacement,-5.5,22.49999999999963
system-5,system-5:displacement:6.5:6,76,displacement,6.5,22.500000013748974
system-7,system-7:displacement:-5.5:7,99,displacement,-5.5,28.499999999996813
system-5,system-5:displacement:-5.5:5,106,displacement,-5.5,22.49999999999974
system-5,system-5:displacement:6.5:6,77,displacement,6.5,22.50000000962428
system-7,system-7:displacement:-5.5:7,100,displacement,-5.5,28.49999999999777
system-5,system-5:displacement:-5.5:5,107,displacement,-5.5,22.49999999999982
system-5,system-5:displacement:-5.5:5,108,displacement,-5.5,22.499999999999876
system-5,system-5:displacement:6.5:6,78,displacement,6.5,22.500000006736997
system-7,system-7:displacement:-5.5:7,101,displacement,-5.5,28.499999999998437
system-5,system-5:displacement:-5.5:5,109,displacement,-5.5,22.499999999999915
system-5,system-5:displacement:6.5:6,79,displacement,6.5,22.500000004715897
system-7,system-7:displacement:-5.5:7,102,displacement,-5.5,28.499999999998906
system-5,system-5:displacement:-5.5:5,110,displacement,-5.5,22.49999999999994
system-5,system-5:displacement:6.5:6,80,displacement,6.5,22.50000000330113
system-5,system-5:displacement:-5.5:5,111,displacement,-5.5,22.499999999999957
system-7,system-7:displacement:-5.5:7,103,displacement,-5.5,28.499999999999233
system-5,system-5:displacement:6.5:6,81,displacement,6.5,22.50000000231079
system-7,system-7:displacement:-5.5:7,104,displacement,-5.5,28.499999999999464
system-5,system-5:displacement:-5.5:5,112,displacement,-5.5,22.49999999999997
system-7,system-7:displacement:-5.5:7,105,displacement,-5.5,28.499999999999627
system-5,system-5:displacement:6.5:6,82,displacement,6.5,22.50000000161755
system-5,system-5:displacement:-5.5:5,113,displacement,-5.5,22.49999999999998
system-7,system-7:displacement:-5.5:7,106,displacement,-5.5,28.499999999999737
system-5,system-5:displacement:-5.5:5,114,displacement,-5.5,22.499999999999986
system-5,system-5:displacement:6.5:6,83,displacement,6.5,22.500000001132285
system-7,system-7:displacement:-5.5:7,107,displacement,-5.5,28.499999999999815
system-5,system-5:displacement:-5.5:5,115,displacement,-5.5,22.49999999999999
system-7,system-7:displacement:-5.5:7,108,displacement,-5.5,28.499999999999872
system-5,system-5:displacement:6.5:6,84,displacement,6.5,22.500000000792596
system-5,system-5:displacement:-5.5:5,116,displacement,-5.5,22.499999999999993
system-5,system-5:displacement:6.5:6,85,displacement,6.5,22.500000000554817
system-7,system-7:displacement:-5.5:7,109,displacement,-5.5,28.49999999999991
system-5,system-5:displacement:-5.5:5,117,displacement,-5.5,22.499999999999993
system-7,system-7:displacement:-5.5:7,110,displacement,-5.5,28.499999999999936
system-5,system-5:displacement:-5.5:5,118,displacement,-5.5,22.499999999999993
system-5,system-5:displacement:6.5:6,86,displacement,6.5,22.500000000388372
system-7,system-7:displacement:-5.5:7,111,displacement,-5.5,28.499999999999957
system-5,system-5:displacement:-5.5:5,119,displacement,-5.5,22.499999999999993
system-5,system-5:displacement:6.5:6,87,displacement,6.5,22.50000000027186
system-7,system-7:displacement:-5.5:7,112,displacement,-5.5,28.49999999999997
system-5,system-5:displacement:-5.5:5,120,displacement,-5.5,22.499999999999993
system-7,system-7:displacement:-5.5:7,113,displacement,-5.5,28.49999999999998
system-5,system-5:displacement:6.5:6,88,displacement,6.5,22.500000000190305
system-5,system-5:displacement:-5.5:5,121,displacement,-5.5,22.499999999999993
system-7,system-7:displacement:-5.5:7,114,displacement,-5.5,28.499999999999986
system-5,system-5:displacement:6.5:6,89,displacement,6.5,22.500000000133213
system-5,system-5:displacement:-5.5:5,122,displacement,-5.5,22.499999999999993
system-7,system-7:displacement:-5.5:7,115,displacement,-5.5,28.49999999999999
system-5,system-5:displacement:-5.5:5,123,displacement,-5.5,22.499999999999993
system-7,system-7:displacement:-5.5:7,116,displacement,-5.5,28.499999999999993
system-5,system-5:displacement:6.5:6,90,displacement,6.5,22.500000000093248
system-7,system-7:displacement:-5.5:7,117,displacement,-5.5,28.499999999999993
system-5,system-5:displacement:-5.5:5,124,displacement,-5.5,22.499999999999993
system-5,system-5:displacement:6.5:6,91,displacement,6.5,22.500000000065274
system-7,system-7:displacement:-5.5:7,118,displacement,-5.5,28.499999999999993
system-5,system-5:displacement:-5.5:5,125,displacement,-5.5,22.499999999999993
system-5,system-5:displacement:6.5:6,92,displacement,6.5,22.50000000004569
system-7,system-7:displacement:-5.5:7,119,displacement,-5.5,28.499999999999993
system-5,system-5:displacement:-5.5:5,126,displacement,-5.5,22.499999999999993
system-7,system-7:displacement:-5.5:7,120,displacement,-5.5,28.499999999999993
system-5,system-5:displacement:6.5:6,93,displacement,6.5,22.500000000031985
system-5,system-5:displacement:-5.5:5,127,displacement,-5.5,22.499999999999993
system-7,system-7:displacement:-5.5:7,121,displacement,-5.5,28.499999999999993
system-5,system-5:displacement:6.5:6,94,displacement,6.5,22.50000000002239
system-5,system-5:displacement:-5.5:5,128,displacement,-5.5,22.499999999999993
system-5,system-5:displacement:-5.5:5,129,displacement,-5.5,22.499999999999993
system-7,system-7:displacement:-5.5:7,122,displacement,-5.5,28.499999999999993
system-5,system-5:displacement:6.5:6,95,displacement,6.5,22.500000000015675
system-5,system-5:displacement:-5.5:5,130,displacement,-5.5,22.499999999999993
system-7,system-7:displacement:-5.5:7,123,displacement,-5.5,28.499999999999993
system-5,system-5:displacement:6.5:6,96,displacement,6.5,22.50000000001097
system-5,system-5:displacement:-5.5:5,131,displacement,-5.5,22.499999999999993
system-7,system-7:displacement:-5.5:7,124,displacement,-5.5,28.499999999999993
system-5,system-5:displacement:6.5:6,97,displacement,6.5,22.50000000000768
system-5,system-5:displacement:-5.5:5,132,displacement,-5.5,22.499999999999993
system-7,system-7:displacement:-5.5:7,125,displacement,-5.5,28.499999999999993
system-5,system-5:displacement:-5.5:5,133,displacement,-5.5,22.499999999999993
system-7,system-7:displacement:-5.5:7,126,displacement,-5.5,28.499999999999993
system-5,system-5:displacement:-5.5:5,134,displacement,-5.5,22.499999999999993
system-7,system-7:displacement:-5.5:7,127,displacement,-5.5,28.499999999999993
system-5,system-5:displacement:6.5:6,98,displacement,6.5,22.50000000000538
system-7,system-7:displacement:-5.5:7,128,displacement,-5.5,28.499999999999993
system-5,system-5:displacement:-5.5:5,135,displacement,-5.5,22.499999999999993
system-5,system-5:displacement:-5.5:5,136,displacement,-5.5,22.499999999999993
system-5,system-5:displacement:6.5:6,99,displacement,6.5,22.500000000003766
system-7,system-7:displacement:-5.5:7,129,displacement,-5.5,28.499999999999993
system-5,system-5:displacement:-5.5:5,137,displacement,-5.5,22.499999999999993
system-5,system-5:displacement:6.5:6,100,displacement,6.5,22.500000000002636
system-7,system-7:displacement:-5.5:7,130,displacement,-5.5,28.499999999999993
system-5,system-5:displacement:-5.5:5,138,displacement,-5.5,22.499999999999993
system-5,system-5:displacement:6.5:6,101,displacement,6.5,22.500000000001847
system-7,system-7:displacement:-5.5:7,131,displacement,-5.5,28.499999999999993
system-5,system-5:displacement:-5.5:5,139,displacement,-5.5,22.499999999999993
system-7,system-7:displacement:-5.5:7,132,displacement,-5.5,28.499999999999993
system-1,system-1:displacement:6.5:2,97,displacement,6.5,12.500000000007688
system-5,system-5:displacement:6.5:6,102,displacement,6.5,22.500000000001293
system-5,system-5:displacement:-5.5:5,140,displacement,-5.5,22.499999999999993
system-5,system-5:displacement:-5.5:5,141,displacement,-5.5,22.499999999999993
system-5,system-5:displacement:6.5:6,103,displacement,6.5,22.500000000000906
system-7,system-7:displacement:-5.5:7,133,displacement,-5.5,28.499999999999993
system-5,system-5:displacement:-5.5:5,142,displacement,-5.5,22.499999999999993
system-1,system-1:displacement:6.5:2,98,displacement,6.5,12.500000000005382
system-5,system-5:displacement:6.5:6,104,displacement,6.5,22.500000000000632
system-5,system-5:displacement:-5.5:5,143,displacement,-5.5,22.499999999999993
system-7,system-7:displacement:-5.5:7,134,displacement,-5.5,28.499999999999993
system-1,system-1:displacement:6.5:2,99,displacement,6.5,12.500000000003766
system-5,system-5:displacement:-5.5:5,144,displacement,-5.5,22.499999999999993
system-7,system-7:displacement:-5.5:7,135,displacement,-5.5,28.499999999999993
system-5,system-5:displacement:6.5:6,105,displacement,6.5,22.50000000000044
system-1,system-1:displacement:6.5:2,100,displacement,6.5,12.500000000002636
system-5,system-5:displacement:-5.5:5,145,displacement,-5.5,22.499999999999993
system-1,system-1:displacement:6.5:2,101,displacement,6.5,12.500000000001846
system-5,system-5:displacement:6.5:6,106,displacement,6.5,22.50000000000031
system-7,system-7:displacement:-5.5:7,136,displacement,-5.5,28.499999999999993
system-5,system-5:displacement:-5.5:5,146,displacement,-5.5,22.499999999999993
system-1,system-1:displacement:6.5:2,102,displacement,6.5,12.500000000001291
system-5,system-5:displacement:6.5:6,107,displacement,6.5,22.500000000000217
system-7,system-7:displacement:-5.5:7,137,displacement,-5.5,28.499999999999993
system-1,system-1:displacement:6.5:2,103,displacement,6.5,12.500000000000904
system-5,system-5:displacement:-5.5:5,147,displacement,-5.5,22.499999999999993
system-5,system-5:displacement:6.5:6,108,displacement,6.5,22.500000000000153
system-7,system-7:displacement:-5.5:7,138,displacement,-5.5,28.499999999999993
system-1,system-1:displacement:6.5:2,104,displacement,6.5,12.500000000000634
system-5,system-5:displacement:-5.5:5,148,displacement,-5.5,22.499999999999993
system-5,system-5:displacement:6.5:6,109,displacement,6.5,22.500000000000107
system-1,system-1:displacement:6.5:2,105,displacement,6.5,12.500000000000444
system-7,system-7:displacement:-5.5:7,139,displacement,-5.5,28.499999999999993
system-5,system-5:displacement:-5.5:5,149,displacement,-5.5,22.499999999999993
system-5,system-5:displacement:6.5:6,110,displacement,6.5,22.50000000000007
system-1,system-1:displacement:6.5:2,106,displacement,6.5,12.500000000000313
system-7,system-7:displacement:-5.5:7,140,displacement,-5.5,28.499999999999993
system-5,system-5:displacement:-5.5:5,150,displacement,-5.5,22.499999999999993
system-1,system-1:displacement:6.5:2,107,displacement,6.5,12.500000000000218
system-5,system-5:displacement:6.5:6,111,displacement,6.5,22.50000000000005
system-5,system-5:displacement:-5.5:5,151,displacement,-5.5,22.499999999999993
system-1,system-1:displacement:6.5:2,108,displacement,6.5,12.500000000000153
system-5,system-5:displacement:6.5:6,112,displacement,6.5,22.500000000000036
system-7,system-7:displacement:-5.5:7,141,displacement,-5.5,28.499999999999993
system-5,system-5:displacement:-5.5:5,152,displacement,-5.5,22.499999999999993
system-5,system-5:displacement:6.5:6,113,displacement,6.5,22.50000000000003
system-7,system-7:displacement:-5.5:7,142,displacement,-5.5,28.499999999999993
system-1,system-1:displacement:6.5:2,109,displacement,6.5,12.500000000000107
system-5,system-5:displacement:-5.5:5,153,displacement,-5.5,22.499999999999993
system-1,system-1:displacement:6.5:2,110,displacement,6.5,12.500000000000075
system-5,system-5:displacement:6.5:6,114,displacement,6.5,22.50000000000002
system-5,system-5:displacement:-5.5:5,154,displacement,-5.5,22.499999999999993
system-7,system-7:displacement:-5.5:7,143,displacement,-5.5,28.499999999999993
system-1,system-1:displacement:-5.5:1,154,displacement,-5.5,12.499999999999996
system-5,system-5:displacement:6.5:6,115,displacement,6.5,22.500000000000014
system-5,system-5:displacement:-5.5:5,155,displacement,-5.5,22.499999999999993
system-7,system-7:displacement:-5.5:7,144,displacement,-5.5,28.499999999999993
system-1,system-1:displacement:6.5:2,111,displacement,6.5,12.500000000000053
system-5,system-5:displacement:6.5:6,116,displacement,6.5,22.50000000000001
system-1,system-1:displacement:-5.5:1,155,displacement,-5.5,12.499999999999996
system-5,system-5:displacement:-5.5:5,156,displacement,-5.5,22.499999999999993
system-1,system-1:displacement:6.5:2,112,displacement,6.5,12.500000000000036
system-7,system-7:displacement:-5.5:7,145,displacement,-5.5,28.499999999999993
system-5,system-5:displacement:-5.5:5,157,displacement,-5.5,22.499999999999993
system-1,system-1:displacement:-5.5:1,156,displacement,-5.5,12.499999999999996
system-5,system-5:displacement:6.5:6,117,displacement,6.5,22.500000000000007
system-1,system-1:displacement:6.5:2,113,displacement,6.5,12.500000000000025
system-7,system-7:displacement:-5.5:7,146,displacement,-5.5,28.499999999999993
system-5,system-5:displacement:-5.5:5,158,displacement,-5.5,22.499999999999993
system-1,system-1:displacement:-5.5:1,157,displacement,-5.5,12.499999999999996
system-1,system-1:displacement:6.5:2,114,displacement,6.5,12.500000000000018
system-7,system-7:displacement:-5.5:7,147,displacement,-5.5,28.499999999999993
system-5,system-5:displacement:6.5:6,118,displacement,6.5,22.500000000000007
system-5,system-5:displacement:-5.5:5,159,displacement,-5.5,22.499999999999993
system-1,system-1:displacement:6.5:2,115,displacement,6.5,12.500000000000014
system-5,system-5:displacement:6.5:6,119,displacement,6.5,22.500000000000007
system-1,system-1:displacement:6.5:2,116,displacement,6.5,12.50000000000001
system-7,system-7:displacement:-5.5:7,148,displacement,-5.5,28.499999999999993
system-5,system-5:displacement:-5.5:5,160,displacement,-5.5,22.499999999999993
system-1,system-1:displacement:6.5:2,117,displacement,6.5,12.500000000000007
system-5,system-5:displacement:6.5:6,120,displacement,6.5,22.500000000000007
system-7,system-7:displacement:-5.5:7,149,displacement,-5.5,28.499999999999993
system-5,system-5:displacement:6.5:6,121,displacement,6.5,22.500000000000007
system-1,system-1:displacement:6.5:2,118,displacement,6.5,12.500000000000005
system-7,system-7:displacement:-5.5:7,150,displacement,-5.5,28.499999999999993
system-1,system-1:displacement:6.5:2,119,displacement,6.5,12.500000000000004
system-5,system-5:displacement:6.5:6,122,displacement,6.5,22.500000000000007
system-7,system-7:displacement:-5.5:7,151,displacement,-5.5,28.499999999999993
system-1,system-1:displacement:6.5:2,120,displacement,6.5,12.500000000000004
system-5,system-5:displacement:6.5:6,123,displacement,6.5,22.500000000000007
system-7,system-7:displacement:-5.5:7,152,displacement,-5.5,28.499999999999993
system-5,system-5:displacement:6.5:6,124,displacement,6.5,22.500000000000007
system-1,system-1:displacement:6.5:2,121,displacement,6.5,12.500000000000004
system-7,system-7:displacement:-5.5:7,153,displacement,-5.5,28.499999999999993
system-5,system-5:displacement:6.5:6,125,displacement,6.5,22.500000000000007
system-7,system-7:displacement:-5.5:7,154,displacement,-5.5,28.499999999999993
system-1,system-1:displacement:6.5:2,122,displacement,6.5,12.500000000000004
system-5,system-5:displacement:6.5:6,126,displacement,6.5,22.500000000000007
system-7,system-7:displacement:-5.5:7,155,displacement,-5.5,28.499999999999993
system-1,system-1:displacement:6.5:2,123,displacement,6.5,12.500000000000004
system-7,system-7:displacement:-5.5:7,156,displacement,-5.5,28.499999999999993
system-5,system-5:displacement:6.5:6,127,displacement,6.5,22.500000000000007
system-1,system-1:displacement:6.5:2,124,displacement,6.5,12.500000000000004
system-5,system-5:displacement:6.5:6,128,displacement,6.5,22.500000000000007
system-1,system-1:displacement:6.5:2,125,displacement,6.5,12.500000000000004
system-7,system-7:displacement:-5.5:7,157,displacement,-5.5,28.499999999999993
system-5,system-5:displacement:6.5:6,129,displacement,6.5,22.500000000000007
system-7,system-7:displacement:-5.5:7,158,displacement,-5.5,28.499999999999993
system-5,system-5:displacement:6.5:6,130,displacement,6.5,22.500000000000007
system-1,system-1:displacement:6.5:2,126,displacement,6.5,12.500000000000004
system-7,system-7:displacement:-5.5:7,159,displacement,-5.5,28.499999999999993
system-5,system-5:displacement:6.5:6,131,displacement,6.5,22.500000000000007
system-1,system-1:displacement:6.5:2,127,displacement,6.5,12.500000000000004
system-5,system-5:displacement:6.5:6,132,displacement,6.5,22.500000000000007
system-7,system-7:displacement:-5.5:7,160,displacement,-5.5,28.499999999999993
system-5,system-5:displacement:6.5:6,133,displacement,6.5,22.500000000000007
system-1,system-1:displacement:6.5:2,128,displacement,6.5,12.500000000000004
system-1,system-1:displacement:6.5:2,129,displacement,6.5,12.500000000000004
system-5,system-5:displacement:6.5:6,134,displacement,6.5,22.500000000000007
system-1,system-1:displacement:6.5:2,130,displacement,6.5,12.500000000000004
system-5,system-5:displacement:6.5:6,135,displacement,6.5,22.500000000000007
system-1,system-1:displacement:6.5:2,131,displacement,6.5,12.500000000000004
system-5,system-5:displacement:6.5:6,136,displacement,6.5,22.500000000000007
system-1,system-1:displacement:6.5:2,132,displacement,6.5,12.500000000000004
system-5,system-5:displacement:6.5:6,137,displacement,6.5,22.500000000000007
system-1,system-1:displacement:6.5:2,133,displacement,6.5,12.500000000000004
system-5,system-5:displacement:6.5:6,138,displacement,6.5,22.500000000000007
system-1,system-1:displacement:6.5:2,134,displacement,6.5,12.500000000000004
system-5,system-5:displacement:6.5:6,139,displacement,6.5,22.500000000000007
system-1,system-1:displacement:6.5:2,135,displacement,6.5,12.500000000000004
system-5,system-5:displacement:6.5:6,140,displacement,6.5,22.500000000000007
system-1,system-1:displacement:6.5:2,136,displacement,6.5,12.500000000000004
system-5,system-5:displacement:6.5:6,141,displacement,6.5,22.500000000000007
system-1,system-1:displacement:6.5:2,137,displacement,6.5,12.500000000000004
system-5,system-5:displacement:6.5:6,142,displacement,6.5,22.500000000000007
system-1,system-1:displacement:6.5:2,138,displacement,6.5,12.500000000000004
system-5,system-5:displacement:6.5:6,143,displacement,6.5,22.500000000000007
system-1,system-1:displacement:6.5:2,139,displacement,6.5,12.500000000000004
system-5,system-5:displacement:6.5:6,144,displacement,6.5,22.500000000000007
system-1,system-1:displacement:6.5:2,140,displacement,6.5,12.500000000000004
system-5,system-5:displacement:6.5:6,145,displacement,6.5,22.500000000000007
system-5,system-5:displacement:6.5:6,146,displacement,6.5,22.500000000000007
system-1,system-1:displacement:6.5:2,141,displacement,6.5,12.500000000000004
system-5,system-5:displacement:6.5:6,147,displacement,6.5,22.500000000000007
system-1,system-1:displacement:6.5:2,142,displacement,6.5,12.500000000000004
system-1,system-1:displacement:6.5:2,143,displacement,6.5,12.500000000000004
system-5,system-5:displacement:6.5:6,148,displacement,6.5,22.500000000000007
system-1,system-1:displacement:6.5:2,144,displacement,6.5,12.500000000000004
system-5,system-5:displacement:6.5:6,149,displacement,6.5,22.500000000000007
system-1,system-1:displacement:6.5:2,145,displacement,6.5,12.500000000000004
system-5,system-5:displacement:6.5:6,150,displacement,6.5,22.500000000000007
system-1,system-1:displacement:6.5:2,146,displacement,6.5,12.500000000000004
system-5,system-5:displacement:6.5:6,151,displacement,6.5,22.500000000000007
system-1,system-1:displacement:6.5:2,147,displacement,6.5,12.500000000000004
system-1,system-1:displacement:6.5:2,148,displacement,6.5,12.500000000000004
system-5,system-5:displacement:6.5:6,152,displacement,6.5,22.500000000000007
system-1,system-1:displacement:6.5:2,149,displacement,6.5,12.500000000000004
system-5,system-5:displacement:6.5:6,153,displacement,6.5,22.500000000000007
system-1,system-1:displacement:6.5:2,150,displacement,6.5,12.500000000000004
system-5,system-5:displacement:6.5:6,154,displacement,6.5,22.500000000000007
system-5,system-5:displacement:6.5:6,155,displacement,6.5,22.500000000000007
system-5,system-5:displacement:6.5:6,156,displacement,6.5,22.500000000000007
system-5,system-5:displacement:6.5:6,157,displacement,6.5,22.500000000000007
system-5,system-5:displacement:6.5:6,158,displacement,6.5,22.500000000000007
system-5,system-5:displacement:6.5:6,159,displacement,6.5,22.500000000000007
system-5,system-5:displacement:6.5:6,160,displacement,6.5,22.500000000000007
system-7,system-7:displacement:6.5:8,121,displacement,6.5,28.500000000000007
system-3,system-3:displacement:6.5:4,121,displacement,6.5,17.500000000000007
system-7,system-7:displacement:6.5:8,122,displacement,6.5,28.500000000000007
system-3,system-3:displacement:6.5:4,122,displacement,6.5,17.500000000000007
system-7,system-7:displacement:6.5:8,123,displacement,6.5,28.500000000000007
system-3,system-3:displacement:6.5:4,123,displacement,6.5,17.500000000000007
system-7,system-7:displacement:6.5:8,124,displacement,6.5,28.500000000000007
system-3,system-3:displacement:6.5:4,124,displacement,6.5,17.500000000000007
system-1,system-1:displacement:-5.5:1,158,displacement,-5.5,12.499999999999996
system-1,system-1:displacement:-5.5:1,159,displacement,-5.5,12.499999999999996
system-1,system-1:displacement:6.5:2,151,displacement,6.5,12.500000000000004
system-1,system-1:displacement:6.5:2,152,displacement,6.5,12.500000000000004
system-7,system-7:displacement:6.5:8,125,displacement,6.5,28.500000000000007
system-3,system-3:displacement:6.5:4,125,displacement,6.5,17.500000000000007
system-3,system-3:displacement:6.5:4,126,displacement,6.5,17.500000000000007
system-7,system-7:displacement:6.5:8,126,displacement,6.5,28.500000000000007
system-3,system-3:displacement:6.5:4,127,displacement,6.5,17.500000000000007
system-7,system-7:displacement:6.5:8,127,displacement,6.5,28.500000000000007
system-3,system-3:displacement:6.5:4,128,displacement,6.5,17.500000000000007
system-7,system-7:displacement:6.5:8,128,displacement,6.5,28.500000000000007
system-3,system-3:displacement:6.5:4,129,displacement,6.5,17.500000000000007
system-7,system-7:displacement:6.5:8,129,displacement,6.5,28.500000000000007
system-3,system-3:displacement:6.5:4,130,displacement,6.5,17.500000000000007
system-7,system-7:displacement:6.5:8,130,displacement,6.5,28.500000000000007
system-3,system-3:displacement:6.5:4,131,displacement,6.5,17.500000000000007
system-7,system-7:displacement:6.5:8,131,displacement,6.5,28.500000000000007
system-3,system-3:displacement:6.5:4,132,displacement,6.5,17.500000000000007
system-7,system-7:displacement:6.5:8,132,displacement,6.5,28.500000000000007
system-3,system-3:displacement:6.5:4,133,displacement,6.5,17.500000000000007
system-7,system-7:displacement:6.5:8,133,displacement,6.5,28.500000000000007
system-3,system-3:displacement:6.5:4,134,displacement,6.5,17.500000000000007
system-7,system-7:displacement:6.5:8,134,displacement,6.5,28.500000000000007
system-3,system-3:displacement:6.5:4,135,displacement,6.5,17.500000000000007
system-7,system-7:displacement:6.5:8,135,displacement,6.5,28.500000000000007
system-3,system-3:displacement:6.5:4,136,displacement,6.5,17.500000000000007
system-7,system-7:displacement:6.5:8,136,displacement,6.5,28.500000000000007
system-3,system-3:displacement:6.5:4,137,displacement,6.5,17.500000000000007
system-7,system-7:displacement:6.5:8,137,displacement,6.5,28.500000000000007
system-3,system-3:displacement:6.5:4,138,displacement,6.5,17.500000000000007
system-7,system-7:displacement:6.5:8,138,displacement,6.5,28.500000000000007
system-3,system-3:displacement:6.5:4,139,displacement,6.5,17.500000000000007
system-3,system-3:displacement:6.5:4,140,displacement,6.5,17.500000000000007
system-7,system-7:displacement:6.5:8,139,displacement,6.5,28.500000000000007
system-3,system-3:displacement:6.5:4,141,displacement,6.5,17.500000000000007
system-7,system-7:displacement:6.5:8,140,displacement,6.5,28.500000000000007
system-7,system-7:displacement:6.5:8,141,displacement,6.5,28.500000000000007
system-7,system-7:displacement:6.5:8,142,displacement,6.5,28.500000000000007
system-7,system-7:displacement:6.5:8,143,displacement,6.5,28.500000000000007
system-7,system-7:displacement:6.5:8,144,displacement,6.5,28.500000000000007
system-7,system-7:displacement:6.5:8,145,displacement,6.5,28.500000000000007
system-7,system-7:displacement:6.5:8,146,displacement,6.5,28.500000000000007
system-7,system-7:displacement:6.5:8,147,displacement,6.5,28.500000000000007
system-7,system-7:displacement:6.5:8,148,displacement,6.5,28.500000000000007
system-3,system-3:displacement:6.5:4,142,displacement,6.5,17.500000000000007
system-3,system-3:displacement:6.5:4,143,displacement,6.5,17.500000000000007
system-3,system-3:displacement:6.5:4,144,displacement,6.5,17.500000000000007
system-7,system-7:displacement:6.5:8,149,displacement,6.5,28.500000000000007
system-3,system-3:displacement:6.5:4,145,displacement,6.5,17.500000000000007
system-7,system-7:displacement:6.5:8,150,displacement,6.5,28.500000000000007
system-3,system-3:displacement:6.5:4,146,displacement,6.5,17.500000000000007
system-7,system-7:displacement:6.5:8,151,displacement,6.5,28.500000000000007
system-7,system-7:displacement:6.5:8,152,displacement,6.5,28.500000000000007
system-3,system-3:displacement:6.5:4,147,displacement,6.5,17.500000000000007
system-7,system-7:displacement:6.5:8,153,displacement,6.5,28.500000000000007
system-3,system-3:displacement:6.5:4,148,displacement,6.5,17.500000000000007
system-7,system-7:displacement:6.5:8,154,displacement,6.5,28.500000000000007
system-3,system-3:displacement:6.5:4,149,displacement,6.5,17.500000000000007
system-7,system-7:displacement:6.5:8,155,displacement,6.5,28.500000000000007
system-3,system-3:displacement:6.5:4,150,displacement,6.5,17.500000000000007
system-3,system-3:displacement:6.5:4,151,displacement,6.5,17.500000000000007
system-7,system-7:displacement:6.5:8,156,displacement,6.5,28.500000000000007
system-7,system-7:displacement:6.5:8,157,displacement,6.5,28.500000000000007
system-3,system-3:displacement:6.5:4,152,displacement,6.5,17.500000000000007
system-7,system-7:displacement:6.5:8,158,displacement,6.5,28.500000000000007
system-3,system-3:displacement:6.5:4,153,displacement,6.5,17.500000000000007
system-3,system-3:displacement:6.5:4,154,displacement,6.5,17.500000000000007
system-7,system-7:displacement:6.5:8,159,displacement,6.5,28.500000000000007
system-3,system-3:displacement:6.5:4,155,displacement,6.5,17.500000000000007
system-7,system-7:displacement:6.5:8,160,displacement,6.5,28.500000000000007
system-3,system-3:displacement:6.5:4,156,displacement,6.5,17.500000000000007
system-3,system-3:displacement:6.5:4,157,displacement,6.5,17.500000000000007
system-3,system-3:displacement:6.5:4,158,displacement,6.5,17.500000000000007
system-3,system-3:displacement:6.5:4,159,displacement,6.5,17.500000000000007
system-3,system-3:displacement:6.5:4,160,displacement,6.5,17.500000000000007
system-1,system-1:displacement:-5.5:1,160,displacement,-5.5,12.499999999999996
system-1,system-1:displacement:6.5:2,153,displacement,6.5,12.500000000000004
system-1,system-1:displacement:6.5:2,154,displacement,6.5,12.500000000000004
system-1,system-1:displacement:6.5:2,155,displacement,6.5,12.500000000000004
system-1,system-1:displacement:6.5:2,156,displacement,6.5,12.500000000000004
system-1,system-1:displacement:6.5:2,157,displacement,6.5,12.500000000000004
system-1,system-1:displacement:6.5:2,158,displacement,6.5,12.500000000000004
system-1,system-1:displacement:6.5:2,159,displacement,6.5,12.500000000000004
system-1,system-1:displacement:6.5:2,160,displacement,6.5,12.500000000000004
system-7,system-7:load:-0.24:7,0,load,-0.24,20.0
system-1,system-1:load:-0.24:1,0,load,-0.24,20.0
system-3,system-3:load:0.13:4,0,load,0.13,20.0
system-3,system-3:load:-0.24:3,0,load,-0.24,20.0
system-7,system-7:load:0.13:8,0,load,0.13,20.0
system-1,system-1:load:0.13:2,0,load,0.13,20.0
system-5,system-5:load:0.13:6,0,load,0.13,20.0
system-5,system-5:load:-0.24:5,0,load,-0.24,20.0
system-3,system-3:load:0.13:4,1,load,0.13,19.25
system-1,system-1:load:-0.24:1,1,load,-0.24,17.75
system-7,system-7:load:-0.24:7,1,load,-0.24,22.425
system-3,system-3:load:-0.24:3,1,load,-0.24,19.25
system-5,system-5:load:-0.24:5,1,load,-0.24,20.75
system-7,system-7:load:0.13:8,1,load,0.13,22.425
system-5,system-5:load:0.13:6,1,load,0.13,20.75
system-3,system-3:load:0.13:4,2,load,0.13,18.725
system-1,system-1:load:0.13:2,1,load,0.13,17.75
system-7,system-7:load:-0.24:7,2,load,-0.24,24.247500000000002
system-3,system-3:load:-0.24:3,2,load,-0.24,18.725
system-1,system-1:load:-0.24:1,2,load,-0.24,16.175
system-7,system-7:load:0.13:8,2,load,0.13,24.247500000000002
system-5,system-5:load:-0.24:5,2,load,-0.24,21.275
system-3,system-3:load:0.13:4,3,load,0.13,18.3575
system-5,system-5:load:0.13:6,2,load,0.13,21.275
system-1,system-1:load:0.13:2,2,load,0.13,16.175
system-7,system-7:load:-0.24:7,3,load,-0.24,25.52325
system-3,system-3:load:-0.24:3,3,load,-0.24,18.3575
system-1,system-1:load:-0.24:1,3,load,-0.24,15.072500000000002
system-5,system-5:load:0.13:6,3,load,0.13,21.6425
system-7,system-7:load:0.13:8,3,load,0.13,25.52325
system-1,system-1:load:0.13:2,3,load,0.13,15.072500000000002
system-3,system-3:load:0.13:4,4,load,0.13,18.100250000000003
system-5,system-5:load:-0.24:5,3,load,-0.24,21.6425
system-3,system-3:load:-0.24:3,4,load,-0.24,18.100250000000003
system-1,system-1:load:-0.24:1,4,load,-0.24,14.30075
system-7,system-7:load:0.13:8,4,load,0.13,26.416275
system-1,system-1:load:0.13:2,4,load,0.13,14.30075
system-5,system-5:load:-0.24:5,4,load,-0.24,21.899749999999997
system-3,system-3:load:0.13:4,5,load,0.13,17.920175
system-5,system-5:load:0.13:6,4,load,0.13,21.899749999999997
system-1,system-1:load:-0.24:1,5,load,-0.24,13.760525000000001
system-3,system-3:load:-0.24:3,5,load,-0.24,17.920175
system-7,system-7:load:0.13:8,5,load,0.13,27.0413925
system-1,system-1:load:0.13:2,5,load,0.13,13.760525000000001
system-5,system-5:load:0.13:6,5,load,0.13,22.079825
system-3,system-3:load:0.13:4,6,load,0.13,17.7941225
system-5,system-5:load:-0.24:5,5,load,-0.24,22.079825
system-1,system-1:load:0.13:2,6,load,0.13,13.3823675
system-7,system-7:load:0.13:8,6,load,0.13,27.47897475
system-3,system-3:load:0.13:4,7,load,0.13,17.70588575
system-5,system-5:load:0.13:6,6,load,0.13,22.2058775
system-3,system-3:load:-0.24:3,6,load,-0.24,17.7941225
system-5,system-5:load:-0.24:5,6,load,-0.24,22.2058775
system-1,system-1:load:-0.24:1,6,load,-0.24,13.3823675
system-1,system-1:load:0.13:2,7,load,0.13,13.11765725
system-7,system-7:load:0.13:8,7,load,0.13,27.785282324999997
system-3,system-3:load:0.13:4,8,load,0.13,17.644120025
system-5,system-5:load:0.13:6,7,load,0.13,22.29411425
system-1,system-1:load:-0.24:1,7,load,-0.24,13.11765725
system-3,system-3:load:-0.24:3,7,load,-0.24,17.70588575
system-5,system-5:load:-0.24:5,7,load,-0.24,22.29411425
system-1,system-1:load:0.13:2,8,load,0.13,12.932360075
system-7,system-7:load:0.13:8,8,load,0.13,27.999697627499998
system-3,system-3:load:0.13:4,9,load,0.13,17.6008840175
system-5,system-5:load:0.13:6,8,load,0.13,22.355879975
system-3,system-3:load:-0.24:3,8,load,-0.24,17.644120025
system-1,system-1:load:-0.24:1,8,load,-0.24,12.932360075
system-5,system-5:load:-0.24:5,8,load,-0.24,22.355879975
system-7,system-7:load:0.13:8,9,load,0.13,28.149788339249998
system-1,system-1:load:0.13:2,9,load,0.13,12.802652052500001
system-3,system-3:load:0.13:4,10,load,0.13,17.570618812250004
system-3,system-3:load:-0.24:3,9,load,-0.24,17.6008840175
system-5,system-5:load:-0.24:5,9,load,-0.24,22.3991159825
system-1,system-1:load:-0.24:1,9,load,-0.24,12.802652052500001
system-7,system-7:load:0.13:8,10,load,0.13,28.254851837474998
system-3,system-3:load:0.13:4,11,load,0.13,17.549433168575003
system-3,system-3:load:-0.24:3,10,load,-0.24,17.570618812250004
system-5,system-5:load:-0.24:5,10,load,-0.24,22.429381187749996
system-3,system-3:load:0.13:4,12,load,0.13,17.534603218002502
system-1,system-1:load:-0.24:1,10,load,-0.24,12.71185643675
system-7,system-7:load:0.13:8,11,load,0.13,28.328396286232497
system-3,system-3:load:-0.24:3,11,load,-0.24,17.549433168575003
system-3,system-3:load:0.13:4,13,load,0.13,17.524222252601753
system-7,system-7:load:0.13:8,12,load,0.13,28.379877400362744
system-1,system-1:load:-0.24:1,11,load,-0.24,12.648299505725
system-5,system-5:load:-0.24:5,11,load,-0.24,22.450566831424997
system-3,system-3:load:-0.24:3,12,load,-0.24,17.534603218002502
system-3,system-3:load:0.13:4,14,load,0.13,17.516955576821225
system-1,system-1:load:-0.24:1,12,load,-0.24,12.603809654007499
system-5,system-5:load:-0.24:5,12,load,-0.24,22.465396781997498
system-3,system-3:load:-0.24:3,13,load,-0.24,17.524222252601753
system-7,system-7:load:0.13:8,13,load,0.13,28.41591418025392
system-3,system-3:load:0.13:4,15,load,0.13,17.511868903774854
system-5,system-5:load:-0.24:5,13,load,-0.24,22.475777747398247
system-1,system-1:load:-0.24:1,13,load,-0.24,12.57266675780525
system-7,system-7:load:0.13:8,14,load,0.13,28.441139926177744
system-3,system-3:load:-0.24:3,14,load,-0.24,17.516955576821225
system-3,system-3:load:0.13:4,16,load,0.13,17.5083082326424
system-1,system-1:load:-0.24:1,14,load,-0.24,12.550866730463675
system-5,system-5:load:-0.24:5,14,load,-0.24,22.483044423178775
system-3,system-3:load:0.13:4,17,load,0.13,17.50581576284968
system-3,system-3:load:-0.24:3,15,load,-0.24,17.511868903774854
system-7,system-7:load:0.13:8,15,load,0.13,28.45879794832442
system-1,system-1:load:-0.24:1,15,load,-0.24,12.535606711324572
system-5,system-5:load:-0.24:5,15,load,-0.24,22.488131096225146
system-3,system-3:load:0.13:4,18,load,0.13,17.504071033994776
system-7,system-7:load:0.13:8,16,load,0.13,28.471158563827096
system-3,system-3:load:-0.24:3,16,load,-0.24,17.5083082326424
system-1,system-1:load:-0.24:1,16,load,-0.24,12.5249246979272
system-7,system-7:load:0.13:8,17,load,0.13,28.47981099467897
system-5,system-5:load:-0.24:5,16,load,-0.24,22.4916917673576
system-3,system-3:load:0.13:4,19,load,0.13,17.502849723796345
system-3,system-3:load:-0.24:3,17,load,-0.24,17.50581576284968
system-1,system-1:load:-0.24:1,17,load,-0.24,12.51744728854904
system-5,system-5:load:-0.24:5,17,load,-0.24,22.49418423715032
system-3,system-3:load:0.13:4,20,load,0.13,17.501994806657443
system-3,system-3:load:-0.24:3,18,load,-0.24,17.504071033994776
system-7,system-7:load:0.13:8,18,load,0.13,28.485867696275278
system-1,system-1:load:-0.24:1,18,load,-0.24,12.51221310198433
system-5,system-5:load:-0.24:5,18,load,-0.24,22.495928966005224
system-3,system-3:load:0.13:4,21,load,0.13,17.63139636466021
system-7,system-7:load:0.13:8,19,load,0.13,28.490107387392694
system-1,system-1:load:-0.24:1,19,load,-0.24,12.508549171389031
system-3,system-3:load:-0.24:3,19,load,-0.24,17.502849723796345
system-3,system-3:load:0.13:4,22,load,0.13,17.721977455262145
system-7,system-7:load:0.13:8,20,load,0.13,28.493075171174883
system-3,system-3:load:-0.24:3,20,load,-0.24,17.501994806657443
system-1,system-1:load:-0.24:1,20,load,-0.24,12.505984419972322
system-5,system-5:load:-0.24:5,19,load,-0.24,22.497150276203655
system-3,system-3:load:0.13:4,23,load,0.13,17.7853842186835
system-7,system-7:load:0.13:8,21,load,0.13,28.62515261982242
system-3,system-3:load:-0.24:3,21,load,-0.24,17.26139636466021
system-5,system-5:load:-0.24:5,20,load,-0.24,22.498005193342557
system-3,system-3:load:-0.24:3,22,load,-0.24,17.092977455262147
system-1,system-1:load:-0.24:1,21,load,-0.24,12.264189093980624
system-7,system-7:load:0.13:8,22,load,0.13,28.717606833875692
system-3,system-3:load:0.13:4,24,load,0.13,17.82976895307845
system-5,system-5:load:-0.24:5,21,load,-0.24,22.258603635339792
system-1,system-1:load:-0.24:1,22,load,-0.24,12.094932365786436
system-3,system-3:load:0.13:4,25,load,0.13,17.860838267154914
system-7,system-7:load:0.13:8,23,load,0.13,28.782324783712983
system-3,system-3:load:-0.24:3,23,load,-0.24,16.975084218683506
system-5,system-5:load:-0.24:5,22,load,-0.24,22.091022544737854
system-1,system-1:load:-0.24:1,23,load,-0.24,11.976452656050505
system-3,system-3:load:0.13:4,26,load,0.13,17.88258678700844
system-3,system-3:load:-0.24:3,24,load,-0.24,16.892558953078456
system-5,system-5:load:-0.24:5,23,load,-0.24,21.9737157813165
system-7,system-7:load:0.13:8,24,load,0.13,28.827627348599087
system-1,system-1:load:-0.24:1,24,load,-0.24,11.893516859235353
system-3,system-3:load:0.13:4,27,load,0.13,17.897810750905908
system-3,system-3:load:-0.24:3,25,load,-0.24,16.834791267154923
system-7,system-7:load:0.13:8,25,load,0.13,28.859339144019362
system-3,system-3:load:0.13:4,28,load,0.13,17.908467525634137
system-5,system-5:load:-0.24:5,24,load,-0.24,21.89160104692155
system-1,system-1:load:-0.24:1,25,load,-0.24,11.835461801464746
system-3,system-3:load:-0.24:3,26,load,-0.24,16.794353887008448
system-3,system-3:load:0.13:4,29,load,0.13,17.915927267943896
system-7,system-7:load:0.13:8,26,load,0.13,28.881537400813553
system-3,system-3:load:-0.24:3,27,load,-0.24,16.766047720905913
system-5,system-5:load:-0.24:5,25,load,-0.24,21.834120732845086
system-1,system-1:load:-0.24:1,26,load,-0.24,11.794823261025321
system-7,system-7:load:0.13:8,27,load,0.13,28.897076180569485
system-3,system-3:load:0.13:4,30,load,0.13,17.921149087560725
system-1,system-1:load:-0.24:1,27,load,-0.24,11.766376282717724
system-5,system-5:load:-0.24:5,26,load,-0.24,21.793884512991564
system-3,system-3:load:-0.24:3,28,load,-0.24,16.74623340463414
system-3,system-3:load:0.13:4,31,load,0.13,17.92480436129251
system-7,system-7:load:0.13:8,28,load,0.13,28.907953326398637
system-1,system-1:load:-0.24:1,28,load,-0.24,11.746463397902406
system-3,system-3:load:-0.24:3,29,load,-0.24,16.7323633832439
system-3,system-3:load:0.13:4,32,load,0.13,17.927363052904756
system-5,system-5:load:-0.24:5,27,load,-0.24,21.765719159094097
system-1,system-1:load:-0.24:1,29,load,-0.24,11.732524378531684
system-3,system-3:load:-0.24:3,30,load,-0.24,16.722654368270735
system-1,system-1:load:-0.24:1,30,load,-0.24,11.722767064972178
system-3,system-3:load:0.13:4,33,load,0.13,17.92915413703333
system-5,system-5:load:-0.24:5,28,load,-0.24,21.746003411365873
system-3,system-3:load:-0.24:3,31,load,-0.24,16.715858057789514
system-3,system-3:load:0.13:4,34,load,0.13,17.930407895923327
system-1,system-1:load:-0.24:1,31,load,-0.24,11.715936945480523
system-5,system-5:load:-0.24:5,29,load,-0.24,21.73220238795611
system-3,system-3:load:-0.24:3,32,load,-0.24,16.71110064045266
system-3,system-3:load:0.13:4,35,load,0.13,17.93128552714633
system-1,system-1:load:-0.24:1,32,load,-0.24,11.711155861836367
system-5,system-5:load:-0.24:5,30,load,-0.24,21.72254167156928
system-3,system-3:load:-0.24:3,33,load,-0.24,16.707770448316865
system-3,system-3:load:0.13:4,36,load,0.13,17.93189986900243
system-5,system-5:load:-0.24:5,31,load,-0.24,21.715779170098497
system-1,system-1:load:-0.24:1,33,load,-0.24,11.707809103285458
system-3,system-3:load:-0.24:3,34,load,-0.24,16.705439313821806
system-3,system-3:load:0.13:4,37,load,0.13,17.9323299083017
system-1,system-1:load:-0.24:1,34,load,-0.24,11.70546637229982
system-5,system-5:load:-0.24:5,32,load,-0.24,21.71104541906895
system-3,system-3:load:-0.24:3,35,load,-0.24,16.703807519675262
system-3,system-3:load:0.13:4,38,load,0.13,17.93263093581119
system-1,system-1:load:-0.24:1,35,load,-0.24,11.703826460609873
system-5,system-5:load:-0.24:5,33,load,-0.24,21.707731793348266
system-3,system-3:load:-0.24:3,36,load,-0.24,16.702665263772683
system-3,system-3:load:0.13:4,39,load,0.13,17.932841655067833
system-1,system-1:load:-0.24:1,36,load,-0.24,11.702678522426911
system-5,system-5:load:-0.24:5,34,load,-0.24,21.705412255343784
system-3,system-3:load:-0.24:3,37,load,-0.24,16.70186568464088
system-7,system-7:load:-0.24:7,4,load,-0.24,26.416275
system-3,system-3:load:0.13:4,40,load,0.13,17.932989158547482
system-5,system-5:load:-0.24:5,35,load,-0.24,21.70378857874065
system-1,system-1:load:-0.24:1,37,load,-0.24,11.701874965698837
system-3,system-3:load:-0.24:3,38,load,-0.24,16.701305979248616
system-7,system-7:load:-0.24:7,5,load,-0.24,27.0413925
system-3,system-3:load:0.13:4,41,load,0.13,17.933092410983235
system-5,system-5:load:-0.24:5,36,load,-0.24,21.702652005118455
system-3,system-3:load:-0.24:3,39,load,-0.24,16.700914185474034
system-1,system-1:load:-0.24:1,38,load,-0.24,11.701312475989186
system-7,system-7:load:-0.24:7,6,load,-0.24,27.47897475
system-5,system-5:load:-0.24:5,37,load,-0.24,21.701856403582923
system-3,system-3:load:0.13:4,42,load,0.13,17.933164687688265
system-3,system-3:load:-0.24:3,40,load,-0.24,16.700639929831826
system-5,system-5:load:-0.24:5,38,load,-0.24,21.70129948250805
system-7,system-7:load:-0.24:7,7,load,-0.24,27.785282324999997
system-3,system-3:load:0.13:4,43,load,0.13,17.933215281381784
system-3,system-3:load:-0.24:3,41,load,-0.24,16.700447950882282
system-5,system-5:load:-0.24:5,39,load,-0.24,21.700909637755636
system-3,system-3:load:0.13:4,44,load,0.13,17.933250696967246
system-7,system-7:load:-0.24:7,8,load,-0.24,27.999697627499998
system-3,system-3:load:-0.24:3,42,load,-0.24,16.7003135656176
system-5,system-5:load:-0.24:5,40,load,-0.24,21.700636746428945
system-3,system-3:load:0.13:4,45,load,0.13,17.93327548787707
system-7,system-7:load:-0.24:7,9,load,-0.24,28.149788339249998
system-5,system-5:load:-0.24:5,41,load,-0.24,21.700445722500262
system-3,system-3:load:-0.24:3,43,load,-0.24,16.70021949593232
system-3,system-3:load:0.13:4,46,load,0.13,17.933292841513946
system-7,system-7:load:-0.24:7,10,load,-0.24,28.254851837474998
system-5,system-5:load:-0.24:5,42,load,-0.24,21.700312005750185
system-3,system-3:load:-0.24:3,44,load,-0.24,16.700153647152625
system-3,system-3:load:0.13:4,47,load,0.13,17.93330498905976
system-5,system-5:load:-0.24:5,43,load,-0.24,21.700218404025133
system-7,system-7:load:-0.24:7,11,load,-0.24,28.328396286232497
system-3,system-3:load:0.13:4,48,load,0.13,17.93331349234183
system-3,system-3:load:-0.24:3,45,load,-0.24,16.70010755300684
system-5,system-5:load:-0.24:5,44,load,-0.24,21.700152882817594
system-7,system-7:load:-0.24:7,12,load,-0.24,28.379877400362744
system-3,system-3:load:0.13:4,49,load,0.13,17.933319444639285
system-5,system-5:load:-0.24:5,45,load,-0.24,21.700107017972318
system-3,system-3:load:-0.24:3,46,load,-0.24,16.700075287104788
system-7,system-7:load:-0.24:7,13,load,-0.24,28.41591418025392
system-3,system-3:load:0.13:4,50,load,0.13,17.9333236112475
system-5,system-5:load:-0.24:5,46,load,-0.24,21.700074912580625
system-7,system-7:load:-0.24:7,14,load,-0.24,28.441139926177744
system-3,system-3:load:-0.24:3,47,load,-0.24,16.700052700973355
system-3,system-3:load:0.13:4,51,load,0.13,17.93332652787325
system-7,system-7:load:-0.24:7,15,load,-0.24,28.45879794832442
system-5,system-5:load:-0.24:5,47,load,-0.24,21.70005243880644
system-3,system-3:load:-0.24:3,48,load,-0.24,16.70003689068135
system-3,system-3:load:0.13:4,52,load,0.13,17.93332856951127
system-7,system-7:load:-0.24:7,16,load,-0.24,28.471158563827096
system-5,system-5:load:-0.24:5,48,load,-0.24,21.70003670716451
system-3,system-3:load:-0.24:3,49,load,-0.24,16.70002582347695
system-3,system-3:load:0.13:4,53,load,0.13,17.93332999865789
system-7,system-7:load:-0.24:7,17,load,-0.24,28.47981099467897
system-5,system-5:load:-0.24:5,49,load,-0.24,21.700025695015157
system-3,system-3:load:-0.24:3,50,load,-0.24,16.700018076433867
system-3,system-3:load:0.13:4,54,load,0.13,17.93333099906052
system-5,system-5:load:-0.24:5,50,load,-0.24,21.700017986510613
system-7,system-7:load:-0.24:7,18,load,-0.24,28.485867696275278
system-3,system-3:load:0.13:4,55,load,0.13,17.933331699342364
system-5,system-5:load:0.13:6,9,load,0.13,22.3991159825
system-5,system-5:load:-0.24:5,51,load,-0.24,21.700012590557428
system-7,system-7:load:-0.24:7,19,load,-0.24,28.490107387392694
system-3,system-3:load:-0.24:3,51,load,-0.24,16.70001265350371
system-1,system-1:load:0.13:2,10,load,0.13,12.71185643675
system-3,system-3:load:0.13:4,56,load,0.13,17.933332189539655
system-5,system-5:load:-0.24:5,52,load,-0.24,21.700008813390202
system-3,system-3:load:-0.24:3,52,load,-0.24,16.700008857452598
system-7,system-7:load:-0.24:7,20,load,-0.24,28.493075171174883
system-5,system-5:load:0.13:6,10,load,0.13,22.429381187749996
system-3,system-3:load:0.13:4,57,load,0.13,17.933332532677756
system-3,system-3:load:-0.24:3,53,load,-0.24,16.70000620021682
system-1,system-1:load:0.13:2,11,load,0.13,12.648299505725
system-5,system-5:load:-0.24:5,53,load,-0.24,21.700006169373143
system-5,system-5:load:0.13:6,11,load,0.13,22.450566831424997
system-3,system-3:load:0.13:4,58,load,0.13,17.93333277287443
system-3,system-3:load:-0.24:3,54,load,-0.24,16.700004340151775
system-7,system-7:load:-0.24:7,21,load,-0.24,28.25515261982242
system-5,system-5:load:0.13:6,12,load,0.13,22.465396781997498
system-1,system-1:load:0.13:2,12,load,0.13,12.603809654007499
system-5,system-5:load:-0.24:5,54,load,-0.24,21.700004318561202
system-3,system-3:load:0.13:4,59,load,0.13,17.9333329410121
system-7,system-7:load:-0.24:7,22,load,-0.24,28.088606833875694
system-3,system-3:load:-0.24:3,55,load,-0.24,16.700003038106242
system-5,system-5:load:-0.24:5,55,load,-0.24,21.700003022992846
system-5,system-5:load:0.13:6,13,load,0.13,22.475777747398247
system-3,system-3:load:0.13:4,60,load,0.13,17.93333305870847
system-1,system-1:load:0.13:2,13,load,0.13,12.57266675780525
system-7,system-7:load:-0.24:7,23,load,-0.24,27.972024783712985
system-3,system-3:load:-0.24:3,56,load,-0.24,16.70000212667437
system-5,system-5:load:-0.24:5,56,load,-0.24,21.700002116094993
system-3,system-3:load:0.13:4,61,load,0.13,17.93333314109593
system-1,system-1:load:0.13:2,14,load,0.13,12.550866730463675
system-5,system-5:load:0.13:6,14,load,0.13,22.483044423178775
system-5,system-5:load:-0.24:5,57,load,-0.24,21.700001481266497
system-7,system-7:load:-0.24:7,24,load,-0.24,27.890417348599094
system-3,system-3:load:-0.24:3,57,load,-0.24,16.70000148867206
system-3,system-3:load:0.13:4,62,load,0.13,17.933333198767148
system-1,system-1:load:0.13:2,15,load,0.13,12.535606711324572
system-3,system-3:load:0.13:4,63,load,0.13,17.933333239137003
system-3,system-3:load:-0.24:3,58,load,-0.24,16.700001042070447
system-1,system-1:load:0.13:2,16,load,0.13,12.5249246979272
system-3,system-3:load:0.13:4,64,load,0.13,17.933333267395902
system-5,system-5:load:-0.24:5,58,load,-0.24,21.70000103688655
system-3,system-3:load:-0.24:3,59,load,-0.24,16.70000072944931
system-7,system-7:load:-0.24:7,25,load,-0.24,27.833292144019364
system-1,system-1:load:0.13:2,17,load,0.13,12.51744728854904
system-3,system-3:load:-0.24:3,60,load,-0.24,16.70000051061452
system-5,system-5:load:-0.24:5,59,load,-0.24,21.700000725820587
system-3,system-3:load:0.13:4,65,load,0.13,17.93333328717713
system-7,system-7:load:-0.24:7,26,load,-0.24,27.793304500813555
system-1,system-1:load:0.13:2,18,load,0.13,12.51221310198433
system-3,system-3:load:0.13:4,66,load,0.13,17.93333330102399
system-7,system-7:load:-0.24:7,27,load,-0.24,27.765313150569494
system-3,system-3:load:-0.24:3,61,load,-0.24,16.700000357430167
system-5,system-5:load:-0.24:5,60,load,-0.24,21.700000508074414
system-1,system-1:load:0.13:2,19,load,0.13,12.508549171389031
system-3,system-3:load:0.13:4,67,load,0.13,17.93333331071679
system-7,system-7:load:-0.24:7,28,load,-0.24,27.745719205398647
system-1,system-1:load:0.13:2,20,load,0.13,12.505984419972322
system-3,system-3:load:-0.24:3,62,load,-0.24,16.700000250201118
system-7,system-7:load:-0.24:7,29,load,-0.24,27.732003443779057
system-3,system-3:load:0.13:4,68,load,0.13,17.933333317501752
system-5,system-5:load:-0.24:5,61,load,-0.24,21.700000355652094
system-1,system-1:load:0.13:2,21,load,0.13,12.634189093980625
system-3,system-3:load:-0.24:3,63,load,-0.24,16.700000175140786
system-3,system-3:load:0.13:4,69,load,0.13,17.933333322251226
system-3,system-3:load:-0.24:3,64,load,-0.24,16.700000122598553
system-3,system-3:load:0.13:4,70,load,0.13,17.933333325575855
system-7,system-7:load:-0.24:7,30,load,-0.24,27.72240241064534
system-5,system-5:load:-0.24:5,62,load,-0.24,21.700000248956467
system-1,system-1:load:0.13:2,22,load,0.13,12.723932365786439
system-3,system-3:load:0.13:4,71,load,0.13,17.933333327903096
system-3,system-3:load:-0.24:3,65,load,-0.24,16.70000008581899
system-7,system-7:load:-0.24:7,31,load,-0.24,27.715681687451738
system-5,system-5:load:-0.24:5,63,load,-0.24,21.700000174269526
system-7,system-7:load:-0.24:7,32,load,-0.24,27.71097718121622
system-5,system-5:load:-0.24:5,64,load,-0.24,21.70000012198867
system-3,system-3:load:-0.24:3,66,load,-0.24,16.700000060073293
system-1,system-1:load:0.13:2,23,load,0.13,12.786752656050508
system-7,system-7:load:-0.24:7,33,load,-0.24,27.707684026851354
system-1,system-1:load:0.13:2,24,load,0.13,12.830726859235355
system-7,system-7:load:-0.24:7,34,load,-0.24,27.70537881879595
system-3,system-3:load:-0.24:3,67,load,-0.24,16.700000042051308
system-1,system-1:load:0.13:2,25,load,0.13,12.86150880146475
system-5,system-5:load:-0.24:5,65,load,-0.24,21.70000008539207
system-7,system-7:load:-0.24:7,35,load,-0.24,27.703765173157166
system-1,system-1:load:0.13:2,26,load,0.13,12.883056161025324
system-5,system-5:load:-0.24:5,66,load,-0.24,21.70000005977445
system-5,system-5:load:-0.24:5,67,load,-0.24,21.700000041842117
system-3,system-3:load:-0.24:3,68,load,-0.24,16.700000029435916
system-1,system-1:load:0.13:2,27,load,0.13,12.898139312717728
system-7,system-7:load:-0.24:7,36,load,-0.24,27.702635621210018
system-5,system-5:load:-0.24:5,68,load,-0.24,21.700000029289484
system-3,system-3:load:-0.24:3,69,load,-0.24,16.700000020605145
system-1,system-1:load:0.13:2,28,load,0.13,12.90869751890241
system-3,system-3:load:-0.24:3,70,load,-0.24,16.700000014423605
system-5,system-5:load:-0.24:5,69,load,-0.24,21.70000002050264
system-1,system-1:load:0.13:2,29,load,0.13,12.916088263231687
system-7,system-7:load:-0.24:7,37,load,-0.24,27.701844934847013
system-3,system-3:load:-0.24:3,71,load,-0.24,16.700000010096524
system-1,system-1:load:0.13:2,30,load,0.13,12.921261784262182
system-7,system-7:load:-0.24:7,38,load,-0.24,27.70129145439291
system-3,system-3:load:-0.24:3,72,load,-0.24,16.70000000706757
system-5,system-5:load:-0.24:5,70,load,-0.24,21.700000014351847
system-1,system-1:load:0.13:2,31,load,0.13,12.924883248983528
system-7,system-7:load:-0.24:7,39,load,-0.24,27.70090401807504
system-3,system-3:load:-0.24:3,73,load,-0.24,16.7000000049473
system-5,system-5:load:-0.24:5,71,load,-0.24,21.700000010046296
system-1,system-1:load:0.13:2,32,load,0.13,12.92741827428847
system-7,system-7:load:-0.24:7,40,load,-0.24,27.70063281265253
system-3,system-3:load:-0.24:3,74,load,-0.24,16.70000000346311
system-1,system-1:load:0.13:2,33,load,0.13,12.92919279200193
system-5,system-5:load:-0.24:5,72,load,-0.24,21.700000007032408
system-7,system-7:load:-0.24:7,41,load,-0.24,27.700442968856773
system-3,system-3:load:-0.24:3,75,load,-0.24,16.70000000242418
system-5,system-5:load:-0.24:5,73,load,-0.24,21.70000000492269
system-1,system-1:load:0.13:2,34,load,0.13,12.930434954401353
system-3,system-3:load:-0.24:3,76,load,-0.24,16.700000001696928
system-7,system-7:load:-0.24:7,42,load,-0.24,27.700310078199742
system-7,system-7:load:0.13:8,29,load,0.13,28.915567328479042
system-5,system-5:load:-0.24:5,74,load,-0.24,21.700000003445886
system-7,system-7:load:-0.24:7,43,load,-0.24,27.70021705473982
system-3,system-3:load:-0.24:3,77,load,-0.24,16.70000000118785
system-5,system-5:load:-0.24:5,75,load,-0.24,21.70000000241212
system-7,system-7:load:0.13:8,30,load,0.13,28.92089712993533
system-1,system-1:load:0.13:2,35,load,0.13,12.931304468080947
system-3,system-3:load:-0.24:3,78,load,-0.24,16.700000000831498
system-7,system-7:load:0.13:8,31,load,0.13,28.924627990954733
system-7,system-7:load:-0.24:7,44,load,-0.24,27.700151938317873
system-3,system-3:load:-0.24:3,79,load,-0.24,16.70000000058205
system-5,system-5:load:-0.24:5,76,load,-0.24,21.700000001688487
system-1,system-1:load:0.13:2,36,load,0.13,12.931913127656664
system-7,system-7:load:-0.24:7,45,load,-0.24,27.700106356822513
system-5,system-5:load:-0.24:5,77,load,-0.24,21.700000001181944
system-1,system-1:load:0.13:2,37,load,0.13,12.932339189359665
system-7,system-7:load:-0.24:7,46,load,-0.24,27.70007444977576
system-5,system-5:load:-0.24:5,78,load,-0.24,21.700000000827362
system-1,system-1:load:0.13:2,38,load,0.13,12.932637432551765
system-7,system-7:load:-0.24:7,47,load,-0.24,27.700052114843032
system-5,system-5:load:-0.24:5,79,load,-0.24,21.700000000579156
system-1,system-1:load:0.13:2,39,load,0.13,12.932846202786235
system-7,system-7:load:-0.24:7,48,load,-0.24,27.700036480390125
system-5,system-5:load:-0.24:5,80,load,-0.24,21.70000000040541
system-7,system-7:load:-0.24:7,49,load,-0.24,27.70002553627309
system-5,system-5:load:-0.24:5,81,load,-0.24,21.70000000028379
system-1,system-1:load:0.13:2,40,load,0.13,12.932992341950365
system-7,system-7:load:-0.24:7,50,load,-0.24,27.700017875391165
system-5,system-5:load:-0.24:5,82,load,-0.24,21.700000000198653
system-1,system-1:load:0.13:2,41,load,0.13,12.933094639365256
system-7,system-7:load:-0.24:7,51,load,-0.24,27.700012512773817
system-1,system-1:load:0.13:2,42,load,0.13,12.933166247555679
system-7,system-7:load:-0.24:7,52,load,-0.24,27.700008758941674
system-1,system-1:load:0.13:2,43,load,0.13,12.933216373288976
system-7,system-7:load:-0.24:7,53,load,-0.24,27.700006131259173
system-7,system-7:load:-0.24:7,54,load,-0.24,27.700004291881424
system-7,system-7:load:-0.24:7,55,load,-0.24,27.700003004316997
system-7,system-7:load:-0.24:7,56,load,-0.24,27.700002103021898
system-7,system-7:load:-0.24:7,57,load,-0.24,27.70000147211533
system-1,system-1:load:-0.24:1,39,load,-0.24,11.700918733192431
system-7,system-7:load:-0.24:7,58,load,-0.24,27.70000103048073
system-1,system-1:load:-0.24:1,40,load,-0.24,11.700643113234701
system-7,system-7:load:-0.24:7,59,load,-0.24,27.70000072133651
system-1,system-1:load:-0.24:1,41,load,-0.24,11.700450179264289
system-7,system-7:load:-0.24:7,60,load,-0.24,27.70000050493556
system-1,system-1:load:-0.24:1,42,load,-0.24,11.700315125485002
system-1,system-1:load:-0.24:1,43,load,-0.24,11.700220587839501
system-1,system-1:load:-0.24:1,44,load,-0.24,11.70015441148765
system-1,system-1:load:-0.24:1,45,load,-0.24,11.700108088041354
system-1,system-1:load:-0.24:1,46,load,-0.24,11.700075661628947
system-1,system-1:load:-0.24:1,47,load,-0.24,11.700052963140264
system-1,system-1:load:-0.24:1,48,load,-0.24,11.700037074198184
system-1,system-1:load:-0.24:1,49,load,-0.24,11.700025951938727
system-5,system-5:load:0.13:6,15,load,0.13,22.488131096225146
system-5,system-5:load:0.13:6,16,load,0.13,22.4916917673576
system-5,system-5:load:0.13:6,17,load,0.13,22.49418423715032
system-5,system-5:load:0.13:6,18,load,0.13,22.495928966005224
system-5,system-5:load:0.13:6,19,load,0.13,22.497150276203655
system-5,system-5:load:0.13:6,20,load,0.13,22.498005193342557
system-5,system-5:load:0.13:6,21,load,0.13,22.62860363533979
system-5,system-5:load:0.13:6,22,load,0.13,22.72002254473785
system-5,system-5:load:0.13:6,23,load,0.13,22.784015781316494
system-5,system-5:load:0.13:6,24,load,0.13,22.828811046921544
system-5,system-5:load:0.13:6,25,load,0.13,22.86016773284508
system-5,system-5:load:0.13:6,26,load,0.13,22.882117412991555
system-5,system-5:load:0.13:6,27,load,0.13,22.897482189094088
system-5,system-5:load:0.13:6,28,load,0.13,22.90823753236586
system-5,system-5:load:0.13:6,29,load,0.13,22.9157662726561
system-5,system-5:load:0.13:6,30,load,0.13,22.921036390859268
system-5,system-5:load:0.13:6,31,load,0.13,22.924725473601484
system-5,system-5:load:0.13:6,32,load,0.13,22.927307831521038
system-3,system-3:load:0.13:4,72,load,0.13,17.933333329532164
system-5,system-5:load:0.13:6,33,load,0.13,22.929115482064727
system-3,system-3:load:0.13:4,73,load,0.13,17.933333330672514
system-5,system-5:load:0.13:6,34,load,0.13,22.930380837445306
system-5,system-5:load:0.13:6,35,load,0.13,22.93126658621171
system-3,system-3:load:0.13:4,74,load,0.13,17.93333333147076
system-3,system-3:load:0.13:4,75,load,0.13,17.93333333202953
system-5,system-5:load:0.13:6,36,load,0.13,22.931886610348197
system-3,system-3:load:0.13:4,76,load,0.13,17.93333333242067
system-5,system-5:load:0.13:6,37,load,0.13,22.932320627243737
system-3,system-3:load:0.13:4,77,load,0.13,17.933333332694467
system-5,system-5:load:0.13:6,38,load,0.13,22.932624439070615
system-3,system-3:load:0.13:4,78,load,0.13,17.933333332886125
system-5,system-5:load:0.13:6,39,load,0.13,22.93283710734943
system-3,system-3:load:0.13:4,79,load,0.13,17.933333333020286
system-5,system-5:load:0.13:6,40,load,0.13,22.932985975144604
system-3,system-3:load:0.13:4,80,load,0.13,17.9333333331142
system-5,system-5:load:0.13:6,41,load,0.13,22.933090182601223
system-3,system-3:load:0.13:4,81,load,0.13,17.933333333179934
system-3,system-3:load:0.13:4,82,load,0.13,17.933333333225953
system-3,system-3:load:0.13:4,83,load,0.13,17.933333333258165
system-5,system-5:load:0.13:6,42,load,0.13,22.933163127820855
system-3,system-3:load:0.13:4,84,load,0.13,17.933333333280714
system-5,system-5:load:0.13:6,43,load,0.13,22.9332141894746
system-3,system-3:load:0.13:4,85,load,0.13,17.9333333332965
system-3,system-3:load:0.13:4,86,load,0.13,17.933333333307548
system-5,system-5:load:0.13:6,44,load,0.13,22.933249932632222
system-3,system-3:load:0.13:4,87,load,0.13,17.933333333315282
system-5,system-5:load:0.13:6,45,load,0.13,22.933274952842556
system-3,system-3:load:0.13:4,88,load,0.13,17.933333333320693
system-5,system-5:load:0.13:6,46,load,0.13,22.93329246698979
system-3,system-3:load:0.13:4,89,load,0.13,17.933333333324484
system-5,system-5:load:0.13:6,47,load,0.13,22.933304726892853
system-3,system-3:load:0.13:4,90,load,0.13,17.933333333327138
system-5,system-5:load:0.13:6,48,load,0.13,22.933313308824996
system-3,system-3:load:0.13:4,91,load,0.13,17.933333333328996
system-5,system-5:load:0.13:6,49,load,0.13,22.933319316177496
system-3,system-3:load:0.13:4,92,load,0.13,17.9333333333303
system-5,system-5:load:0.13:6,50,load,0.13,22.933323521324244
system-3,system-3:load:0.13:4,93,load,0.13,17.93333333333121
system-5,system-5:load:0.13:6,51,load,0.13,22.93332646492697
system-3,system-3:load:0.13:4,94,load,0.13,17.933333333331845
system-5,system-5:load:0.13:6,52,load,0.13,22.933328525448875
system-3,system-3:load:0.13:4,95,load,0.13,17.93333333333229
system-5,system-5:load:0.13:6,53,load,0.13,22.933329967814213
system-3,system-3:load:0.13:4,96,load,0.13,17.9333333333326
system-5,system-5:load:0.13:6,54,load,0.13,22.933330977469947
system-3,system-3:load:0.13:4,97,load,0.13,17.933333333332822
system-5,system-5:load:0.13:6,55,load,0.13,22.93333168422896
system-3,system-3:load:0.13:4,98,load,0.13,17.933333333332975
system-5,system-5:load:0.13:6,56,load,0.13,22.93333217896027
system-7,system-7:load:0.13:8,32,load,0.13,28.92723959366831
system-3,system-3:load:0.13:4,99,load,0.13,17.933333333333085
system-5,system-5:load:0.13:6,57,load,0.13,22.93333252527219
system-7,system-7:load:0.13:8,33,load,0.13,28.929067715567815
system-3,system-3:load:-0.24:3,80,load,-0.24,16.70000000040744
system-5,system-5:load:0.13:6,58,load,0.13,22.93333276769053
system-3,system-3:load:-0.24:3,81,load,-0.24,16.700000000285208
system-7,system-7:load:0.13:8,34,load,0.13,28.93034740089747
system-5,system-5:load:0.13:6,59,load,0.13,22.93333293738337
system-3,system-3:load:-0.24:3,82,load,-0.24,16.700000000199648
system-7,system-7:load:0.13:8,35,load,0.13,28.93124318062823
system-5,system-5:load:0.13:6,60,load,0.13,22.933333056168358
system-7,system-7:load:0.13:8,36,load,0.13,28.93187022643976
system-3,system-3:load:-0.24:3,83,load,-0.24,16.700000000139752
system-5,system-5:load:0.13:6,61,load,0.13,22.93333313931785
system-7,system-7:load:0.13:8,37,load,0.13,28.93230915850783
system-3,system-3:load:0.13:4,100,load,0.13,17.93333333333316
system-3,system-3:load:-0.24:3,84,load,-0.24,16.700000000097827
system-5,system-5:load:0.13:6,62,load,0.13,22.933333197522494
system-3,system-3:load:0.13:4,101,load,0.13,17.933333333333213
system-7,system-7:load:0.13:8,38,load,0.13,28.93261641095548
system-3,system-3:load:-0.24:3,85,load,-0.24,16.700000000068478
system-7,system-7:load:0.13:8,39,load,0.13,28.932831487668835
system-3,system-3:load:0.13:4,102,load,0.13,17.93333333333325
system-5,system-5:load:0.13:6,63,load,0.13,22.933333238265742
system-3,system-3:load:0.13:4,103,load,0.13,17.933333333333273
system-3,system-3:load:-0.24:3,86,load,-0.24,16.700000000047933
system-7,system-7:load:0.13:8,40,load,0.13,28.932982041368184
system-5,system-5:load:-0.24:5,83,load,-0.24,21.700000000139056
system-3,system-3:load:0.13:4,104,load,0.13,17.93333333333329
system-3,system-3:load:-0.24:3,87,load,-0.24,16.700000000033555
system-5,system-5:load:0.13:6,64,load,0.13,22.93333326678602
system-7,system-7:load:0.13:8,41,load,0.13,28.93308742895773
system-3,system-3:load:0.13:4,105,load,0.13,17.9333333333333
system-5,system-5:load:-0.24:5,84,load,-0.24,21.70000000009734
system-3,system-3:load:-0.24:3,88,load,-0.24,16.70000000002349
system-3,system-3:load:0.13:4,106,load,0.13,17.933333333333312
system-1,system-1:load:0.13:2,44,load,0.13,12.933251461302284
system-7,system-7:load:0.13:8,42,load,0.13,28.93316120027041
system-3,system-3:load:-0.24:3,89,load,-0.24,16.700000000016445
system-5,system-5:load:-0.24:5,85,load,-0.24,21.70000000006814
system-5,system-5:load:0.13:6,65,load,0.13,22.933333286750212
system-7,system-7:load:-0.24:7,61,load,-0.24,27.700000353454893
system-3,system-3:load:0.13:4,107,load,0.13,17.93333333333332
system-3,system-3:load:-0.24:3,90,load,-0.24,16.700000000011514
system-7,system-7:load:0.13:8,43,load,0.13,28.933212840189285
system-1,system-1:load:0.13:2,45,load,0.13,12.933276022911599
system-3,system-3:load:0.13:4,108,load,0.13,17.933333333333323
system-3,system-3:load:0.13:4,109,load,0.13,17.933333333333326
system-3,system-3:load:-0.24:3,91,load,-0.24,16.70000000000806
system-7,system-7:load:0.13:8,44,load,0.13,28.933248988132497
system-5,system-5:load:-0.24:5,86,load,-0.24,21.700000000047698
system-1,system-1:load:0.13:2,46,load,0.13,12.93329321603812
system-5,system-5:load:0.13:6,66,load,0.13,22.93333330072515
system-7,system-7:load:-0.24:7,62,load,-0.24,27.700000247418426
system-3,system-3:load:0.13:4,110,load,0.13,17.93333333333333
system-7,system-7:load:0.13:8,45,load,0.13,28.933274291692744
system-3,system-3:load:-0.24:3,92,load,-0.24,16.700000000005645
system-1,system-1:load:0.13:2,47,load,0.13,12.933305251226683
system-3,system-3:load:0.13:4,111,load,0.13,17.933333333333326
system-5,system-5:load:-0.24:5,87,load,-0.24,21.70000000003339
system-3,system-3:load:-0.24:3,93,load,-0.24,16.700000000003953
system-7,system-7:load:-0.24:7,63,load,-0.24,27.700000173192898
system-1,system-1:load:0.13:2,48,load,0.13,12.933313675858678
system-3,system-3:load:0.13:4,112,load,0.13,17.93333333333333
system-5,system-5:load:-0.24:5,88,load,-0.24,21.700000000023376
system-7,system-7:load:0.13:8,46,load,0.13,28.93329200418492
system-3,system-3:load:0.13:4,113,load,0.13,17.933333333333326
system-3,system-3:load:-0.24:3,94,load,-0.24,16.70000000000277
system-7,system-7:load:-0.24:7,64,load,-0.24,27.700000121235032
system-1,system-1:load:0.13:2,49,load,0.13,12.933319573101075
system-5,system-5:load:-0.24:5,89,load,-0.24,21.700000000016363
system-7,system-7:load:0.13:8,47,load,0.13,28.933304402929444
system-3,system-3:load:0.13:4,114,load,0.13,17.93333333333333
system-1,system-1:load:-0.24:1,50,load,-0.24,11.70001816635711
system-1,system-1:load:0.13:2,50,load,0.13,12.933323701170753
system-3,system-3:load:-0.24:3,95,load,-0.24,16.70000000000194
system-7,system-7:load:-0.24:7,65,load,-0.24,27.700000084864524
system-7,system-7:load:0.13:8,48,load,0.13,28.933313082050606
system-5,system-5:load:-0.24:5,90,load,-0.24,21.700000000011457
system-1,system-1:load:-0.24:1,51,load,-0.24,11.700012716449976
system-3,system-3:load:0.13:4,115,load,0.13,17.933333333333326
system-7,system-7:load:0.13:8,49,load,0.13,28.933319157435424
system-1,system-1:load:0.13:2,51,load,0.13,12.933326590819528
system-3,system-3:load:-0.24:3,96,load,-0.24,16.70000000000136
system-7,system-7:load:-0.24:7,66,load,-0.24,27.700000059405166
system-5,system-5:load:-0.24:5,91,load,-0.24,21.70000000000802
system-7,system-7:load:0.13:8,50,load,0.13,28.933323410204796
system-3,system-3:load:0.13:4,116,load,0.13,17.93333333333333
system-3,system-3:load:-0.24:3,97,load,-0.24,16.70000000000095
system-1,system-1:load:-0.24:1,52,load,-0.24,11.700008901514982
system-7,system-7:load:0.13:8,51,load,0.13,28.933326387143357
system-1,system-1:load:0.13:2,52,load,0.13,12.933328613573671
system-3,system-3:load:0.13:4,117,load,0.13,17.933333333333326
system-3,system-3:load:-0.24:3,98,load,-0.24,16.700000000000667
system-5,system-5:load:-0.24:5,92,load,-0.24,21.700000000005616
system-7,system-7:load:-0.24:7,67,load,-0.24,27.700000041583618
system-7,system-7:load:0.13:8,52,load,0.13,28.93332847100035
system-7,system-7:load:0.13:8,53,load,0.13,28.933329929700246
system-1,system-1:load:0.13:2,53,load,0.13,12.93333002950157
system-7,system-7:load:0.13:8,54,load,0.13,28.93333095079017
system-3,system-3:load:0.13:4,118,load,0.13,17.93333333333333
system-1,system-1:load:-0.24:1,53,load,-0.24,11.700006231060486
system-5,system-5:load:-0.24:5,93,load,-0.24,21.700000000003932
system-3,system-3:load:-0.24:3,99,load,-0.24,16.70000000000047
system-7,system-7:load:0.13:8,55,load,0.13,28.933331665553116
system-7,system-7:load:-0.24:7,68,load,-0.24,27.700000029108534
system-7,system-7:load:0.13:8,56,load,0.13,28.93333216588718
system-3,system-3:load:0.13:4,119,load,0.13,17.933333333333326
system-1,system-1:load:-0.24:1,54,load,-0.24,11.70000436174234
system-1,system-1:load:0.13:2,54,load,0.13,12.933331020651101
system-3,system-3:load:-0.24:3,100,load,-0.24,16.70000000000033
system-7,system-7:load:0.13:8,57,load,0.13,28.933332516121023
system-5,system-5:load:-0.24:5,94,load,-0.24,21.700000000002756
system-3,system-3:load:-0.24:3,101,load,-0.24,16.700000000000234
system-1,system-1:load:0.13:2,55,load,0.13,12.933331714455772
system-7,system-7:load:0.13:8,58,load,0.13,28.933332761284714
system-3,system-3:load:0.13:4,120,load,0.13,17.93333333333333
system-1,system-1:load:-0.24:1,55,load,-0.24,11.700003053219637
system-5,system-5:load:-0.24:5,95,load,-0.24,21.70000000000193
system-3,system-3:load:-0.24:3,102,load,-0.24,16.700000000000166
system-7,system-7:load:0.13:8,59,load,0.13,28.933332932899297
system-3,system-3:load:0.13:4,121,load,0.13,17.933333333333326
system-1,system-1:load:0.13:2,56,load,0.13,12.933332200119041
system-1,system-1:load:-0.24:1,56,load,-0.24,11.700002137253746
system-3,system-3:load:-0.24:3,103,load,-0.24,16.70000000000012
system-5,system-5:load:-0.24:5,96,load,-0.24,21.70000000000135
system-7,system-7:load:0.13:8,60,load,0.13,28.933333053029504
system-3,system-3:load:0.13:4,122,load,0.13,17.93333333333333
system-1,system-1:load:-0.24:1,57,load,-0.24,11.700001496077622
system-1,system-1:load:0.13:2,57,load,0.13,12.933332540083331
system-7,system-7:load:0.13:8,61,load,0.13,28.933333137120652
system-3,system-3:load:0.13:4,123,load,0.13,17.933333333333326
system-5,system-5:load:-0.24:5,97,load,-0.24,21.700000000000944
system-7,system-7:load:0.13:8,62,load,0.13,28.933333195984453
system-3,system-3:load:0.13:4,124,load,0.13,17.93333333333333
system-1,system-1:load:0.13:2,58,load,0.13,12.933332778058334
system-1,system-1:load:-0.24:1,58,load,-0.24,11.700001047254334
system-3,system-3:load:0.13:4,125,load,0.13,17.933333333333326
system-7,system-7:load:0.13:8,63,load,0.13,28.933333237189114
system-3,system-3:load:0.13:4,126,load,0.13,17.93333333333333
system-1,system-1:load:0.13:2,59,load,0.13,12.933332944640835
system-7,system-7:load:0.13:8,64,load,0.13,28.933333266032378
system-5,system-5:load:-0.24:5,98,load,-0.24,21.700000000000664
system-7,system-7:load:0.13:8,65,load,0.13,28.933333286222663
system-3,system-3:load:0.13:4,127,load,0.13,17.933333333333326
system-1,system-1:load:0.13:2,60,load,0.13,12.933333061248584
system-7,system-7:load:0.13:8,66,load,0.13,28.933333300355862
system-1,system-1:load:-0.24:1,59,load,-0.24,11.700000733078035
system-1,system-1:load:0.13:2,61,load,0.13,12.93333314287401
system-7,system-7:load:0.13:8,67,load,0.13,28.9333333102491
system-5,system-5:load:-0.24:5,99,load,-0.24,21.70000000000047
system-1,system-1:load:-0.24:1,60,load,-0.24,11.700000513154624
system-5,system-5:load:-0.24:5,100,load,-0.24,21.70000000000033
system-1,system-1:load:-0.24:1,61,load,-0.24,11.700000359208238
system-5,system-5:load:-0.24:5,101,load,-0.24,21.700000000000234
system-1,system-1:load:-0.24:1,62,load,-0.24,11.700000251445765
system-5,system-5:load:-0.24:5,102,load,-0.24,21.700000000000166
system-5,system-5:load:-0.24:5,103,load,-0.24,21.70000000000012
system-1,system-1:load:-0.24:1,63,load,-0.24,11.700000176012034
system-5,system-5:load:-0.24:5,104,load,-0.24,21.700000000000088
system-1,system-1:load:-0.24:1,64,load,-0.24,11.700000123208424
system-5,system-5:load:-0.24:5,105,load,-0.24,21.700000000000063
system-5,system-5:load:-0.24:5,106,load,-0.24,21.700000000000045
system-1,system-1:load:-0.24:1,65,load,-0.24,11.700000086245897
system-5,system-5:load:-0.24:5,107,load,-0.24,21.700000000000035
system-1,system-1:load:-0.24:1,66,load,-0.24,11.700000060372128
system-5,system-5:load:-0.24:5,108,load,-0.24,21.700000000000028
system-1,system-1:load:-0.24:1,67,load,-0.24,11.70000004226049
system-5,system-5:load:-0.24:5,109,load,-0.24,21.70000000000002
system-5,system-5:load:-0.24:5,110,load,-0.24,21.700000000000017
system-1,system-1:load:-0.24:1,68,load,-0.24,11.700000029582341
system-5,system-5:load:-0.24:5,111,load,-0.24,21.700000000000014
system-1,system-1:load:-0.24:1,69,load,-0.24,11.70000002070764
system-5,system-5:load:-0.24:5,112,load,-0.24,21.70000000000001
system-5,system-5:load:-0.24:5,113,load,-0.24,21.700000000000006
system-1,system-1:load:-0.24:1,70,load,-0.24,11.700000014495346
system-5,system-5:load:-0.24:5,114,load,-0.24,21.700000000000006
system-1,system-1:load:-0.24:1,71,load,-0.24,11.700000010146743
system-5,system-5:load:-0.24:5,115,load,-0.24,21.700000000000006
system-1,system-1:load:-0.24:1,72,load,-0.24,11.70000000710272
system-5,system-5:load:-0.24:5,116,load,-0.24,21.700000000000006
system-5,system-5:load:-0.24:5,117,load,-0.24,21.700000000000006
system-1,system-1:load:-0.24:1,73,load,-0.24,11.700000004971903
system-5,system-5:load:-0.24:5,118,load,-0.24,21.700000000000006
system-1,system-1:load:-0.24:1,74,load,-0.24,11.700000003480332
system-5,system-5:load:-0.24:5,119,load,-0.24,21.700000000000006
system-5,system-5:load:-0.24:5,120,load,-0.24,21.700000000000006
system-1,system-1:load:-0.24:1,75,load,-0.24,11.700000002436232
system-5,system-5:load:-0.24:5,121,load,-0.24,21.700000000000006
system-5,system-5:load:-0.24:5,122,load,-0.24,21.700000000000006
system-1,system-1:load:-0.24:1,76,load,-0.24,11.700000001705362
system-5,system-5:load:-0.24:5,123,load,-0.24,21.700000000000006
system-5,system-5:load:-0.24:5,124,load,-0.24,21.700000000000006
system-1,system-1:load:-0.24:1,77,load,-0.24,11.700000001193754
system-5,system-5:load:-0.24:5,125,load,-0.24,21.700000000000006
system-1,system-1:load:-0.24:1,78,load,-0.24,11.700000000835628
system-5,system-5:load:-0.24:5,126,load,-0.24,21.700000000000006
system-5,system-5:load:-0.24:5,127,load,-0.24,21.700000000000006
system-5,system-5:load:-0.24:5,128,load,-0.24,21.700000000000006
system-5,system-5:load:-0.24:5,129,load,-0.24,21.700000000000006
system-5,system-5:load:-0.24:5,130,load,-0.24,21.700000000000006
system-5,system-5:load:-0.24:5,131,load,-0.24,21.700000000000006
system-5,system-5:load:-0.24:5,132,load,-0.24,21.700000000000006
system-5,system-5:load:-0.24:5,133,load,-0.24,21.700000000000006
system-5,system-5:load:-0.24:5,134,load,-0.24,21.700000000000006
system-5,system-5:load:-0.24:5,135,load,-0.24,21.700000000000006
system-5,system-5:load:-0.24:5,136,load,-0.24,21.700000000000006
system-5,system-5:load:-0.24:5,137,load,-0.24,21.700000000000006
system-5,system-5:load:-0.24:5,138,load,-0.24,21.700000000000006
system-5,system-5:load:-0.24:5,139,load,-0.24,21.700000000000006
system-5,system-5:load:-0.24:5,140,load,-0.24,21.700000000000006
system-5,system-5:load:-0.24:5,141,load,-0.24,21.700000000000006
system-5,system-5:load:-0.24:5,142,load,-0.24,21.700000000000006
system-5,system-5:load:-0.24:5,143,load,-0.24,21.700000000000006
system-5,system-5:load:-0.24:5,144,load,-0.24,21.700000000000006
system-5,system-5:load:-0.24:5,145,load,-0.24,21.700000000000006
system-5,system-5:load:-0.24:5,146,load,-0.24,21.700000000000006
system-5,system-5:load:-0.24:5,147,load,-0.24,21.700000000000006
system-5,system-5:load:-0.24:5,148,load,-0.24,21.700000000000006
system-5,system-5:load:-0.24:5,149,load,-0.24,21.700000000000006
system-5,system-5:load:-0.24:5,150,load,-0.24,21.700000000000006
system-5,system-5:load:-0.24:5,151,load,-0.24,21.700000000000006
system-5,system-5:load:-0.24:5,152,load,-0.24,21.700000000000006
system-5,system-5:load:-0.24:5,153,load,-0.24,21.700000000000006
system-5,system-5:load:-0.24:5,154,load,-0.24,21.700000000000006
system-5,system-5:load:-0.24:5,155,load,-0.24,21.700000000000006
system-5,system-5:load:-0.24:5,156,load,-0.24,21.700000000000006
system-5,system-5:load:-0.24:5,157,load,-0.24,21.700000000000006
system-5,system-5:load:-0.24:5,158,load,-0.24,21.700000000000006
system-5,system-5:load:-0.24:5,159,load,-0.24,21.700000000000006
system-5,system-5:load:-0.24:5,160,load,-0.24,21.700000000000006
system-5,system-5:load:0.13:6,67,load,0.13,22.933333310507603
system-5,system-5:load:0.13:6,68,load,0.13,22.93333331735532
system-5,system-5:load:0.13:6,69,load,0.13,22.933333322148723
system-5,system-5:load:0.13:6,70,load,0.13,22.933333325504105
system-5,system-5:load:0.13:6,71,load,0.13,22.93333332785287
system-5,system-5:load:0.13:6,72,load,0.13,22.933333329497007
system-5,system-5:load:0.13:6,73,load,0.13,22.933333330647905
system-5,system-5:load:0.13:6,74,load,0.13,22.93333333145353
system-5,system-5:load:0.13:6,75,load,0.13,22.93333333201747
system-5,system-5:load:0.13:6,76,load,0.13,22.93333333241223
system-5,system-5:load:0.13:6,77,load,0.13,22.93333333268856
system-5,system-5:load:0.13:6,78,load,0.13,22.93333333288199
system-5,system-5:load:0.13:6,79,load,0.13,22.933333333017394
system-7,system-7:load:-0.24:7,69,load,-0.24,27.700000020375974
system-5,system-5:load:0.13:6,80,load,0.13,22.933333333112177
system-7,system-7:load:-0.24:7,70,load,-0.24,27.700000014263185
system-5,system-5:load:0.13:6,81,load,0.13,22.933333333178524
system-7,system-7:load:-0.24:7,71,load,-0.24,27.700000009984233
system-5,system-5:load:0.13:6,82,load,0.13,22.933333333224965
system-3,system-3:load:-0.24:3,104,load,-0.24,16.700000000000088
system-7,system-7:load:-0.24:7,72,load,-0.24,27.700000006988965
system-5,system-5:load:0.13:6,83,load,0.13,22.933333333257476
system-7,system-7:load:-0.24:7,73,load,-0.24,27.700000004892278
system-5,system-5:load:0.13:6,84,load,0.13,22.93333333328023
system-7,system-7:load:-0.24:7,74,load,-0.24,27.7000000034246
system-5,system-5:load:0.13:6,85,load,0.13,22.93333333329616
system-7,system-7:load:-0.24:7,75,load,-0.24,27.70000000239722
system-5,system-5:load:0.13:6,86,load,0.13,22.933333333307313
system-7,system-7:load:-0.24:7,76,load,-0.24,27.700000001678056
system-5,system-5:load:0.13:6,87,load,0.13,22.93333333331512
system-5,system-5:load:0.13:6,88,load,0.13,22.933333333320583
system-3,system-3:load:-0.24:3,105,load,-0.24,16.700000000000063
system-7,system-7:load:-0.24:7,77,load,-0.24,27.70000000117464
system-3,system-3:load:0.13:4,128,load,0.13,17.93333333333333
system-5,system-5:load:0.13:6,89,load,0.13,22.93333333332441
system-3,system-3:load:-0.24:3,106,load,-0.24,16.700000000000045
system-3,system-3:load:0.13:4,129,load,0.13,17.933333333333326
system-7,system-7:load:-0.24:7,78,load,-0.24,27.70000000082225
system-3,system-3:load:-0.24:3,107,load,-0.24,16.700000000000035
system-7,system-7:load:0.13:8,68,load,0.13,28.93333331717437
system-1,system-1:load:0.13:2,62,load,0.13,12.933333200011807
system-3,system-3:load:0.13:4,130,load,0.13,17.93333333333333
system-5,system-5:load:0.13:6,90,load,0.13,22.933333333327084
system-3,system-3:load:-0.24:3,108,load,-0.24,16.700000000000028
system-3,system-3:load:0.13:4,131,load,0.13,17.933333333333326
system-7,system-7:load:-0.24:7,79,load,-0.24,27.700000000575574
system-7,system-7:load:0.13:8,69,load,0.13,28.933333322022058
system-3,system-3:load:-0.24:3,109,load,-0.24,16.70000000000002
system-3,system-3:load:0.13:4,132,load,0.13,17.93333333333333
system-7,system-7:load:0.13:8,70,load,0.13,28.933333325415436
system-7,system-7:load:-0.24:7,80,load,-0.24,27.700000000402905
system-5,system-5:load:0.13:6,91,load,0.13,22.933333333328957
system-1,system-1:load:0.13:2,63,load,0.13,12.933333240008265
system-3,system-3:load:-0.24:3,110,load,-0.24,16.700000000000017
system-3,system-3:load:0.13:4,133,load,0.13,17.933333333333326
system-7,system-7:load:0.13:8,71,load,0.13,28.933333327790805
system-7,system-7:load:-0.24:7,81,load,-0.24,27.700000000282035
system-5,system-5:load:0.13:6,92,load,0.13,22.933333333330268
system-3,system-3:load:0.13:4,134,load,0.13,17.93333333333333
system-7,system-7:load:0.13:8,72,load,0.13,28.933333329453564
system-3,system-3:load:-0.24:3,111,load,-0.24,16.700000000000014
system-1,system-1:load:0.13:2,64,load,0.13,12.933333268005786
system-3,system-3:load:0.13:4,135,load,0.13,17.933333333333326
system-7,system-7:load:-0.24:7,82,load,-0.24,27.700000000197427
system-1,system-1:load:0.13:2,65,load,0.13,12.933333287604052
system-3,system-3:load:0.13:4,136,load,0.13,17.93333333333333
system-7,system-7:load:0.13:8,73,load,0.13,28.933333330617494
system-3,system-3:load:0.13:4,137,load,0.13,17.933333333333326
system-3,system-3:load:-0.24:3,112,load,-0.24,16.70000000000001
system-7,system-7:load:-0.24:7,83,load,-0.24,27.7000000001382
system-7,system-7:load:0.13:8,74,load,0.13,28.93333333143224
system-3,system-3:load:0.13:4,138,load,0.13,17.93333333333333
system-5,system-5:load:0.13:6,93,load,0.13,22.933333333331188
system-1,system-1:load:0.13:2,66,load,0.13,12.933333301322838
system-3,system-3:load:-0.24:3,113,load,-0.24,16.700000000000006
system-7,system-7:load:0.13:8,75,load,0.13,28.93333333200257
system-3,system-3:load:0.13:4,139,load,0.13,17.933333333333326
system-3,system-3:load:-0.24:3,114,load,-0.24,16.700000000000006
system-7,system-7:load:-0.24:7,84,load,-0.24,27.70000000009674
system-1,system-1:load:0.13:2,67,load,0.13,12.933333310925986
system-7,system-7:load:0.13:8,76,load,0.13,28.933333332401798
system-3,system-3:load:0.13:4,140,load,0.13,17.93333333333333
system-3,system-3:load:-0.24:3,115,load,-0.24,16.700000000000006
system-5,system-5:load:0.13:6,94,load,0.13,22.93333333333183
system-7,system-7:load:0.13:8,77,load,0.13,28.933333332681258
system-7,system-7:load:-0.24:7,85,load,-0.24,27.70000000006772
system-3,system-3:load:-0.24:3,116,load,-0.24,16.700000000000006
system-1,system-1:load:0.13:2,68,load,0.13,12.933333317648191
system-3,system-3:load:0.13:4,141,load,0.13,17.933333333333326
system-7,system-7:load:0.13:8,78,load,0.13,28.93333333287688
system-3,system-3:load:-0.24:3,117,load,-0.24,16.700000000000006
system-5,system-5:load:0.13:6,95,load,0.13,22.933333333332282
system-3,system-3:load:0.13:4,142,load,0.13,17.93333333333333
system-7,system-7:load:-0.24:7,86,load,-0.24,27.700000000047407
system-1,system-1:load:0.13:2,69,load,0.13,12.933333322353734
system-7,system-7:load:0.13:8,79,load,0.13,28.933333333013813
system-3,system-3:load:-0.24:3,118,load,-0.24,16.700000000000006
system-3,system-3:load:0.13:4,143,load,0.13,17.933333333333326
system-7,system-7:load:0.13:8,80,load,0.13,28.93333333310967
system-3,system-3:load:0.13:4,144,load,0.13,17.93333333333333
system-1,system-1:load:0.13:2,70,load,0.13,12.933333325647615
system-3,system-3:load:-0.24:3,119,load,-0.24,16.700000000000006
system-3,system-3:load:0.13:4,145,load,0.13,17.933333333333326
system-7,system-7:load:-0.24:7,87,load,-0.24,27.700000000033185
system-5,system-5:load:0.13:6,96,load,0.13,22.933333333332595
system-7,system-7:load:0.13:8,81,load,0.13,28.933333333176765
system-3,system-3:load:-0.24:3,120,load,-0.24,16.700000000000006
system-3,system-3:load:0.13:4,146,load,0.13,17.93333333333333
system-7,system-7:load:0.13:8,82,load,0.13,28.933333333223736
system-3,system-3:load:-0.24:3,121,load,-0.24,16.700000000000006
system-1,system-1:load:0.13:2,71,load,0.13,12.933333327953331
system-5,system-5:load:0.13:6,97,load,0.13,22.933333333332815
system-3,system-3:load:0.13:4,147,load,0.13,17.933333333333326
system-1,system-1:load:-0.24:1,79,load,-0.24,11.70000000058494
system-7,system-7:load:-0.24:7,88,load,-0.24,27.70000000002323
system-3,system-3:load:0.13:4,148,load,0.13,17.93333333333333
system-7,system-7:load:0.13:8,83,load,0.13,28.933333333256616
system-1,system-1:load:0.13:2,72,load,0.13,12.933333329567331
system-3,system-3:load:-0.24:3,122,load,-0.24,16.700000000000006
system-5,system-5:load:0.13:6,98,load,0.13,22.93333333333297
system-7,system-7:load:0.13:8,84,load,0.13,28.93333333327963
system-3,system-3:load:0.13:4,149,load,0.13,17.933333333333326
system-1,system-1:load:-0.24:1,80,load,-0.24,11.700000000409458
system-7,system-7:load:-0.24:7,89,load,-0.24,27.700000000016264
system-3,system-3:load:-0.24:3,123,load,-0.24,16.700000000000006
system-1,system-1:load:0.13:2,73,load,0.13,12.933333330697131
system-7,system-7:load:0.13:8,85,load,0.13,28.93333333329574
system-3,system-3:load:0.13:4,150,load,0.13,17.93333333333333
system-3,system-3:load:-0.24:3,124,load,-0.24,16.700000000000006
system-5,system-5:load:0.13:6,99,load,0.13,22.93333333333308
system-1,system-1:load:-0.24:1,81,load,-0.24,11.70000000028662
system-7,system-7:load:0.13:8,86,load,0.13,28.93333333330702
system-1,system-1:load:0.13:2,74,load,0.13,12.933333331487992
system-7,system-7:load:-0.24:7,90,load,-0.24,27.700000000011386
system-3,system-3:load:-0.24:3,125,load,-0.24,16.700000000000006
system-3,system-3:load:0.13:4,151,load,0.13,17.933333333333326
system-7,system-7:load:0.13:8,87,load,0.13,28.933333333314913
system-1,system-1:load:-0.24:1,82,load,-0.24,11.700000000200633
system-3,system-3:load:-0.24:3,126,load,-0.24,16.700000000000006
system-1,system-1:load:0.13:2,75,load,0.13,12.933333332041595
system-5,system-5:load:0.13:6,100,load,0.13,22.933333333333156
system-7,system-7:load:0.13:8,88,load,0.13,28.933333333320437
system-3,system-3:load:0.13:4,152,load,0.13,17.93333333333333
system-1,system-1:load:-0.24:1,83,load,-0.24,11.700000000140443
system-7,system-7:load:0.13:8,89,load,0.13,28.933333333324306
system-7,system-7:load:-0.24:7,91,load,-0.24,27.70000000000797
system-5,system-5:load:0.13:6,101,load,0.13,22.93333333333321
system-3,system-3:load:-0.24:3,127,load,-0.24,16.700000000000006
system-7,system-7:load:0.13:8,90,load,0.13,28.933333333327017
system-1,system-1:load:-0.24:1,84,load,-0.24,11.70000000009831
system-7,system-7:load:-0.24:7,92,load,-0.24,27.70000000000558
system-3,system-3:load:0.13:4,153,load,0.13,17.933333333333326
system-7,system-7:load:0.13:8,91,load,0.13,28.93333333332891
system-1,system-1:load:0.13:2,76,load,0.13,12.933333332429116
system-5,system-5:load:0.13:6,102,load,0.13,22.933333333333245
system-1,system-1:load:-0.24:1,85,load,-0.24,11.700000000068817
system-3,system-3:load:0.13:4,154,load,0.13,17.93333333333333
system-7,system-7:load:0.13:8,92,load,0.13,28.933333333330236
system-7,system-7:load:-0.24:7,93,load,-0.24,27.700000000003907
system-1,system-1:load:0.13:2,77,load,0.13,12.933333332700382
system-3,system-3:load:0.13:4,155,load,0.13,17.933333333333326
system-5,system-5:load:0.13:6,103,load,0.13,22.93333333333327
system-1,system-1:load:-0.24:1,86,load,-0.24,11.70000000004817
system-7,system-7:load:0.13:8,93,load,0.13,28.933333333331163
system-7,system-7:load:-0.24:7,94,load,-0.24,27.700000000002735
system-1,system-1:load:0.13:2,78,load,0.13,12.93333333289027
system-5,system-5:load:0.13:6,104,load,0.13,22.933333333333287
system-7,system-7:load:-0.24:7,95,load,-0.24,27.700000000001918
system-1,system-1:load:0.13:2,79,load,0.13,12.933333333023189
system-7,system-7:load:0.13:8,94,load,0.13,28.933333333331813
system-1,system-1:load:-0.24:1,87,load,-0.24,11.70000000003372
system-5,system-5:load:0.13:6,105,load,0.13,22.933333333333298
system-1,system-1:load:0.13:2,80,load,0.13,12.933333333116233
system-7,system-7:load:0.13:8,95,load,0.13,28.933333333332268
system-7,system-7:load:-0.24:7,96,load,-0.24,27.700000000001342
system-1,system-1:load:-0.24:1,88,load,-0.24,11.700000000023604
system-5,system-5:load:0.13:6,106,load,0.13,22.93333333333331
system-7,system-7:load:0.13:8,96,load,0.13,28.933333333332584
system-1,system-1:load:0.13:2,81,load,0.13,12.933333333181364
system-1,system-1:load:-0.24:1,89,load,-0.24,11.700000000016521
system-7,system-7:load:-0.24:7,97,load,-0.24,27.70000000000094
system-5,system-5:load:0.13:6,107,load,0.13,22.933333333333316
system-5,system-5:load:0.13:6,108,load,0.13,22.93333333333332
system-1,system-1:load:0.13:2,82,load,0.13,12.933333333226955
system-7,system-7:load:-0.24:7,98,load,-0.24,27.70000000000066
system-7,system-7:load:0.13:8,97,load,0.13,28.933333333332808
system-1,system-1:load:-0.24:1,90,load,-0.24,11.700000000011563
system-1,system-1:load:0.13:2,83,load,0.13,12.933333333258869
system-7,system-7:load:0.13:8,98,load,0.13,28.933333333332964
system-5,system-5:load:0.13:6,109,load,0.13,22.933333333333323
system-1,system-1:load:-0.24:1,91,load,-0.24,11.700000000008094
system-1,system-1:load:0.13:2,84,load,0.13,12.93333333328121
system-5,system-5:load:0.13:6,110,load,0.13,22.933333333333326
system-7,system-7:load:0.13:8,99,load,0.13,28.933333333333074
system-7,system-7:load:-0.24:7,99,load,-0.24,27.700000000000465
system-5,system-5:load:0.13:6,111,load,0.13,22.93333333333333
system-7,system-7:load:0.13:8,100,load,0.13,28.93333333333315
system-1,system-1:load:-0.24:1,92,load,-0.24,11.700000000005666
system-7,system-7:load:-0.24:7,100,load,-0.24,27.700000000000326
system-1,system-1:load:0.13:2,85,load,0.13,12.933333333296847
system-5,system-5:load:0.13:6,112,load,0.13,22.933333333333326
system-7,system-7:load:0.13:8,101,load,0.13,28.933333333333202
system-5,system-5:load:0.13:6,113,load,0.13,22.93333333333333
system-7,system-7:load:-0.24:7,101,load,-0.24,27.70000000000023
system-1,system-1:load:-0.24:1,93,load,-0.24,11.700000000003966
system-1,system-1:load:0.13:2,86,load,0.13,12.933333333307795
system-7,system-7:load:0.13:8,102,load,0.13,28.93333333333324
system-5,system-5:load:0.13:6,114,load,0.13,22.933333333333326
system-1,system-1:load:0.13:2,87,load,0.13,12.933333333315458
system-1,system-1:load:-0.24:1,94,load,-0.24,11.700000000002776
system-5,system-5:load:0.13:6,115,load,0.13,22.93333333333333
system-7,system-7:load:-0.24:7,102,load,-0.24,27.700000000000163
system-7,system-7:load:0.13:8,103,load,0.13,28.93333333333327
system-1,system-1:load:-0.24:1,95,load,-0.24,11.700000000001943
system-5,system-5:load:0.13:6,116,load,0.13,22.933333333333326
system-1,system-1:load:0.13:2,88,load,0.13,12.933333333320821
system-7,system-7:load:-0.24:7,103,load,-0.24,27.700000000000117
system-7,system-7:load:0.13:8,104,load,0.13,28.933333333333287
system-5,system-5:load:0.13:6,117,load,0.13,22.93333333333333
system-1,system-1:load:0.13:2,89,load,0.13,12.933333333324574
system-1,system-1:load:-0.24:1,96,load,-0.24,11.70000000000136
system-7,system-7:load:0.13:8,105,load,0.13,28.933333333333298
system-7,system-7:load:-0.24:7,104,load,-0.24,27.700000000000085
system-5,system-5:load:0.13:6,118,load,0.13,22.933333333333326
system-1,system-1:load:0.13:2,90,load,0.13,12.933333333327202
system-1,system-1:load:-0.24:1,97,load,-0.24,11.700000000000951
system-7,system-7:load:-0.24:7,105,load,-0.24,27.70000000000006
system-5,system-5:load:0.13:6,119,load,0.13,22.93333333333333
system-7,system-7:load:0.13:8,106,load,0.13,28.93333333333331
system-1,system-1:load:-0.24:1,98,load,-0.24,11.700000000000665
system-5,system-5:load:0.13:6,120,load,0.13,22.933333333333326
system-1,system-1:load:0.13:2,91,load,0.13,12.933333333329044
system-7,system-7:load:-0.24:7,106,load,-0.24,27.700000000000042
system-7,system-7:load:0.13:8,107,load,0.13,28.933333333333316
system-5,system-5:load:0.13:6,121,load,0.13,22.93333333333333
system-7,system-7:load:0.13:8,108,load,0.13,28.93333333333332
system-1,system-1:load:0.13:2,92,load,0.13,12.933333333330332
system-1,system-1:load:-0.24:1,99,load,-0.24,11.700000000000466
system-7,system-7:load:0.13:8,109,load,0.13,28.933333333333323
system-5,system-5:load:0.13:6,122,load,0.13,22.933333333333326
system-1,system-1:load:-0.24:1,100,load,-0.24,11.700000000000326
system-7,system-7:load:0.13:8,110,load,0.13,28.933333333333326
system-1,system-1:load:0.13:2,93,load,0.13,12.933333333331232
system-5,system-5:load:0.13:6,123,load,0.13,22.93333333333333
system-7,system-7:load:0.13:8,111,load,0.13,28.93333333333333
system-7,system-7:load:-0.24:7,107,load,-0.24,27.70000000000003
system-1,system-1:load:-0.24:1,101,load,-0.24,11.700000000000228
system-5,system-5:load:0.13:6,124,load,0.13,22.933333333333326
system-1,system-1:load:0.13:2,94,load,0.13,12.933333333331863
system-7,system-7:load:0.13:8,112,load,0.13,28.933333333333326
system-7,system-7:load:-0.24:7,108,load,-0.24,27.700000000000024
system-1,system-1:load:-0.24:1,102,load,-0.24,11.70000000000016
system-5,system-5:load:0.13:6,125,load,0.13,22.93333333333333
system-1,system-1:load:0.13:2,95,load,0.13,12.933333333332305
system-7,system-7:load:0.13:8,113,load,0.13,28.93333333333333
system-7,system-7:load:-0.24:7,109,load,-0.24,27.70000000000002
system-5,system-5:load:0.13:6,126,load,0.13,22.933333333333326
system-1,system-1:load:-0.24:1,103,load,-0.24,11.700000000000111
system-7,system-7:load:0.13:8,114,load,0.13,28.933333333333326
system-1,system-1:load:0.13:2,96,load,0.13,12.933333333332614
system-7,system-7:load:-0.24:7,110,load,-0.24,27.700000000000017
system-1,system-1:load:-0.24:1,104,load,-0.24,11.700000000000077
system-5,system-5:load:0.13:6,127,load,0.13,22.93333333333333
system-7,system-7:load:0.13:8,115,load,0.13,28.93333333333333
system-1,system-1:load:-0.24:1,105,load,-0.24,11.700000000000054
system-7,system-7:load:0.13:8,116,load,0.13,28.933333333333326
system-1,system-1:load:0.13:2,97,load,0.13,12.93333333333283
system-7,system-7:load:-0.24:7,111,load,-0.24,27.700000000000014
system-1,system-1:load:-0.24:1,106,load,-0.24,11.700000000000038
system-7,system-7:load:0.13:8,117,load,0.13,28.93333333333333
system-5,system-5:load:0.13:6,128,load,0.13,22.933333333333326
system-1,system-1:load:0.13:2,98,load,0.13,12.933333333332982
system-1,system-1:load:-0.24:1,107,load,-0.24,11.700000000000026
system-7,system-7:load:-0.24:7,112,load,-0.24,27.70000000000001
system-5,system-5:load:0.13:6,129,load,0.13,22.93333333333333
system-1,system-1:load:-0.24:1,108,load,-0.24,11.700000000000019
system-7,system-7:load:0.13:8,118,load,0.13,28.933333333333326
system-5,system-5:load:0.13:6,130,load,0.13,22.933333333333326
system-1,system-1:load:0.13:2,99,load,0.13,12.933333333333088
system-1,system-1:load:-0.24:1,109,load,-0.24,11.700000000000014
system-7,system-7:load:-0.24:7,113,load,-0.24,27.700000000000006
system-5,system-5:load:0.13:6,131,load,0.13,22.93333333333333
system-7,system-7:load:0.13:8,119,load,0.13,28.93333333333333
system-1,system-1:load:-0.24:1,110,load,-0.24,11.700000000000008
system-7,system-7:load:-0.24:7,114,load,-0.24,27.700000000000006
system-7,system-7:load:0.13:8,120,load,0.13,28.933333333333326
system-5,system-5:load:0.13:6,132,load,0.13,22.933333333333326
system-1,system-1:load:0.13:2,100,load,0.13,12.933333333333163
system-1,system-1:load:-0.24:1,111,load,-0.24,11.700000000000005
system-7,system-7:load:-0.24:7,115,load,-0.24,27.700000000000006
system-5,system-5:load:0.13:6,133,load,0.13,22.93333333333333
system-7,system-7:load:0.13:8,121,load,0.13,28.93333333333333
system-1,system-1:load:-0.24:1,112,load,-0.24,11.700000000000003
system-7,system-7:load:-0.24:7,116,load,-0.24,27.700000000000006
system-5,system-5:load:0.13:6,134,load,0.13,22.933333333333326
system-1,system-1:load:0.13:2,101,load,0.13,12.933333333333215
system-7,system-7:load:0.13:8,122,load,0.13,28.933333333333326
system-7,system-7:load:-0.24:7,117,load,-0.24,27.700000000000006
system-1,system-1:load:-0.24:1,113,load,-0.24,11.700000000000001
system-5,system-5:load:0.13:6,135,load,0.13,22.93333333333333
system-1,system-1:load:0.13:2,102,load,0.13,12.93333333333325
system-7,system-7:load:0.13:8,123,load,0.13,28.93333333333333
system-7,system-7:load:-0.24:7,118,load,-0.24,27.700000000000006
system-1,system-1:load:-0.24:1,114,load,-0.24,11.7
system-7,system-7:load:0.13:8,124,load,0.13,28.933333333333326
system-5,system-5:load:0.13:6,136,load,0.13,22.933333333333326
system-1,system-1:load:0.13:2,103,load,0.13,12.933333333333275
system-7,system-7:load:-0.24:7,119,load,-0.24,27.700000000000006
system-7,system-7:load:0.13:8,125,load,0.13,28.93333333333333
system-5,system-5:load:0.13:6,137,load,0.13,22.93333333333333
system-1,system-1:load:-0.24:1,115,load,-0.24,11.699999999999998
system-7,system-7:load:0.13:8,126,load,0.13,28.933333333333326
system-7,system-7:load:-0.24:7,120,load,-0.24,27.700000000000006
system-1,system-1:load:0.13:2,104,load,0.13,12.933333333333294
system-5,system-5:load:0.13:6,138,load,0.13,22.933333333333326
system-1,system-1:load:-0.24:1,116,load,-0.24,11.7
system-7,system-7:load:-0.24:7,121,load,-0.24,27.700000000000006
system-1,system-1:load:0.13:2,105,load,0.13,12.933333333333307
system-1,system-1:load:-0.24:1,117,load,-0.24,11.699999999999998
system-5,system-5:load:0.13:6,139,load,0.13,22.93333333333333
system-1,system-1:load:0.13:2,106,load,0.13,12.933333333333316
system-7,system-7:load:-0.24:7,122,load,-0.24,27.700000000000006
system-1,system-1:load:-0.24:1,118,load,-0.24,11.7
system-7,system-7:load:0.13:8,127,load,0.13,28.93333333333333
system-1,system-1:load:0.13:2,107,load,0.13,12.933333333333321
system-7,system-7:load:-0.24:7,123,load,-0.24,27.700000000000006
system-5,system-5:load:0.13:6,140,load,0.13,22.933333333333326
system-1,system-1:load:0.13:2,108,load,0.13,12.933333333333325
system-7,system-7:load:0.13:8,128,load,0.13,28.933333333333326
system-7,system-7:load:-0.24:7,124,load,-0.24,27.700000000000006
system-5,system-5:load:0.13:6,141,load,0.13,22.93333333333333
system-1,system-1:load:-0.24:1,119,load,-0.24,11.699999999999998
system-1,system-1:load:0.13:2,109,load,0.13,12.933333333333328
system-7,system-7:load:0.13:8,129,load,0.13,28.93333333333333
system-5,system-5:load:0.13:6,142,load,0.13,22.933333333333326
system-1,system-1:load:-0.24:1,120,load,-0.24,11.7
system-1,system-1:load:0.13:2,110,load,0.13,12.93333333333333
system-7,system-7:load:0.13:8,130,load,0.13,28.933333333333326
system-5,system-5:load:0.13:6,143,load,0.13,22.93333333333333
system-1,system-1:load:-0.24:1,121,load,-0.24,11.699999999999998
system-1,system-1:load:0.13:2,111,load,0.13,12.933333333333332
system-5,system-5:load:0.13:6,144,load,0.13,22.933333333333326
system-1,system-1:load:-0.24:1,122,load,-0.24,11.7
system-7,system-7:load:0.13:8,131,load,0.13,28.93333333333333
system-5,system-5:load:0.13:6,145,load,0.13,22.93333333333333
system-1,system-1:load:0.13:2,112,load,0.13,12.933333333333334
system-1,system-1:load:-0.24:1,123,load,-0.24,11.699999999999998
system-7,system-7:load:0.13:8,132,load,0.13,28.933333333333326
system-5,system-5:load:0.13:6,146,load,0.13,22.933333333333326
system-1,system-1:load:0.13:2,113,load,0.13,12.933333333333335
system-1,system-1:load:-0.24:1,124,load,-0.24,11.7
system-7,system-7:load:0.13:8,133,load,0.13,28.93333333333333
system-1,system-1:load:0.13:2,114,load,0.13,12.933333333333335
system-5,system-5:load:0.13:6,147,load,0.13,22.93333333333333
system-1,system-1:load:-0.24:1,125,load,-0.24,11.699999999999998
system-1,system-1:load:0.13:2,115,load,0.13,12.933333333333335
system-1,system-1:load:-0.24:1,126,load,-0.24,11.7
system-1,system-1:load:0.13:2,116,load,0.13,12.933333333333335
system-1,system-1:load:-0.24:1,127,load,-0.24,11.699999999999998
system-1,system-1:load:0.13:2,117,load,0.13,12.933333333333335
system-1,system-1:load:-0.24:1,128,load,-0.24,11.7
system-1,system-1:load:0.13:2,118,load,0.13,12.933333333333335
system-1,system-1:load:-0.24:1,129,load,-0.24,11.699999999999998
system-1,system-1:load:0.13:2,119,load,0.13,12.933333333333335
system-1,system-1:load:-0.24:1,130,load,-0.24,11.7
system-1,system-1:load:0.13:2,120,load,0.13,12.933333333333335
system-1,system-1:load:-0.24:1,131,load,-0.24,11.699999999999998
system-1,system-1:load:0.13:2,121,load,0.13,12.933333333333335
system-1,system-1:load:-0.24:1,132,load,-0.24,11.7
system-1,system-1:load:0.13:2,122,load,0.13,12.933333333333335
system-1,system-1:load:-0.24:1,133,load,-0.24,11.699999999999998
system-1,system-1:load:0.13:2,123,load,0.13,12.933333333333335
system-3,system-3:load:-0.24:3,128,load,-0.24,16.700000000000006
system-3,system-3:load:-0.24:3,129,load,-0.24,16.700000000000006
system-3,system-3:load:-0.24:3,130,load,-0.24,16.700000000000006
system-3,system-3:load:-0.24:3,131,load,-0.24,16.700000000000006
system-3,system-3:load:-0.24:3,132,load,-0.24,16.700000000000006
system-3,system-3:load:0.13:4,156,load,0.13,17.93333333333333
system-3,system-3:load:-0.24:3,133,load,-0.24,16.700000000000006
system-3,system-3:load:0.13:4,157,load,0.13,17.933333333333326
system-3,system-3:load:-0.24:3,134,load,-0.24,16.700000000000006
system-3,system-3:load:0.13:4,158,load,0.13,17.93333333333333
system-3,system-3:load:-0.24:3,135,load,-0.24,16.700000000000006
system-3,system-3:load:0.13:4,159,load,0.13,17.933333333333326
system-3,system-3:load:-0.24:3,136,load,-0.24,16.700000000000006
system-3,system-3:load:0.13:4,160,load,0.13,17.93333333333333
system-3,system-3:load:-0.24:3,137,load,-0.24,16.700000000000006
system-3,system-3:load:-0.24:3,138,load,-0.24,16.700000000000006
system-3,system-3:load:-0.24:3,139,load,-0.24,16.700000000000006
system-3,system-3:load:-0.24:3,140,load,-0.24,16.700000000000006
system-3,system-3:load:-0.24:3,141,load,-0.24,16.700000000000006
system-3,system-3:load:-0.24:3,142,load,-0.24,16.700000000000006
system-3,system-3:load:-0.24:3,143,load,-0.24,16.700000000000006
system-3,system-3:load:-0.24:3,144,load,-0.24,16.700000000000006
system-3,system-3:load:-0.24:3,145,load,-0.24,16.700000000000006
system-3,system-3:load:-0.24:3,146,load,-0.24,16.700000000000006
system-3,system-3:load:-0.24:3,147,load,-0.24,16.700000000000006
system-3,system-3:load:-0.24:3,148,load,-0.24,16.700000000000006
system-3,system-3:load:-0.24:3,149,load,-0.24,16.700000000000006
system-3,system-3:load:-0.24:3,150,load,-0.24,16.700000000000006
system-3,system-3:load:-0.24:3,151,load,-0.24,16.700000000000006
system-3,system-3:load:-0.24:3,152,load,-0.24,16.700000000000006
system-3,system-3:load:-0.24:3,153,load,-0.24,16.700000000000006
system-3,system-3:load:-0.24:3,154,load,-0.24,16.700000000000006
system-3,system-3:load:-0.24:3,155,load,-0.24,16.700000000000006
system-3,system-3:load:-0.24:3,156,load,-0.24,16.700000000000006
system-3,system-3:load:-0.24:3,157,load,-0.24,16.700000000000006
system-3,system-3:load:-0.24:3,158,load,-0.24,16.700000000000006
system-3,system-3:load:-0.24:3,159,load,-0.24,16.700000000000006
system-3,system-3:load:-0.24:3,160,load,-0.24,16.700000000000006
system-7,system-7:load:-0.24:7,125,load,-0.24,27.700000000000006
system-7,system-7:load:-0.24:7,126,load,-0.24,27.700000000000006
system-7,system-7:load:-0.24:7,127,load,-0.24,27.700000000000006
system-7,system-7:load:-0.24:7,128,load,-0.24,27.700000000000006
system-7,system-7:load:-0.24:7,129,load,-0.24,27.700000000000006
system-7,system-7:load:-0.24:7,130,load,-0.24,27.700000000000006
system-7,system-7:load:-0.24:7,131,load,-0.24,27.700000000000006
system-7,system-7:load:0.13:8,134,load,0.13,28.933333333333326
system-7,system-7:load:-0.24:7,132,load,-0.24,27.700000000000006
system-5,system-5:load:0.13:6,148,load,0.13,22.933333333333326
system-7,system-7:load:0.13:8,135,load,0.13,28.93333333333333
system-7,system-7:load:-0.24:7,133,load,-0.24,27.700000000000006
system-1,system-1:load:0.13:2,124,load,0.13,12.933333333333335
system-1,system-1:load:-0.24:1,134,load,-0.24,11.7
system-7,system-7:load:0.13:8,136,load,0.13,28.933333333333326
system-7,system-7:load:0.13:8,137,load,0.13,28.93333333333333
system-1,system-1:load:-0.24:1,135,load,-0.24,11.699999999999998
system-7,system-7:load:-0.24:7,134,load,-0.24,27.700000000000006
system-7,system-7:load:0.13:8,138,load,0.13,28.933333333333326
system-5,system-5:load:0.13:6,149,load,0.13,22.93333333333333
system-1,system-1:load:0.13:2,125,load,0.13,12.933333333333335
system-7,system-7:load:0.13:8,139,load,0.13,28.93333333333333
system-1,system-1:load:-0.24:1,136,load,-0.24,11.7
system-7,system-7:load:-0.24:7,135,load,-0.24,27.700000000000006
system-7,system-7:load:0.13:8,140,load,0.13,28.933333333333326
system-5,system-5:load:0.13:6,150,load,0.13,22.933333333333326
system-1,system-1:load:0.13:2,126,load,0.13,12.933333333333335
system-1,system-1:load:-0.24:1,137,load,-0.24,11.699999999999998
system-7,system-7:load:0.13:8,141,load,0.13,28.93333333333333
system-7,system-7:load:-0.24:7,136,load,-0.24,27.700000000000006
system-7,system-7:load:0.13:8,142,load,0.13,28.933333333333326
system-7,system-7:load:0.13:8,143,load,0.13,28.93333333333333
system-7,system-7:load:0.13:8,144,load,0.13,28.933333333333326
system-1,system-1:load:-0.24:1,138,load,-0.24,11.7
system-5,system-5:load:0.13:6,151,load,0.13,22.93333333333333
system-7,system-7:load:0.13:8,145,load,0.13,28.93333333333333
system-7,system-7:load:0.13:8,146,load,0.13,28.933333333333326
system-1,system-1:load:0.13:2,127,load,0.13,12.933333333333335
system-1,system-1:load:-0.24:1,139,load,-0.24,11.699999999999998
system-7,system-7:load:0.13:8,147,load,0.13,28.93333333333333
system-7,system-7:load:-0.24:7,137,load,-0.24,27.700000000000006
system-5,system-5:load:0.13:6,152,load,0.13,22.933333333333326
system-7,system-7:load:0.13:8,148,load,0.13,28.933333333333326
system-7,system-7:load:0.13:8,149,load,0.13,28.93333333333333
system-1,system-1:load:-0.24:1,140,load,-0.24,11.7
system-1,system-1:load:0.13:2,128,load,0.13,12.933333333333335
system-7,system-7:load:0.13:8,150,load,0.13,28.933333333333326
system-5,system-5:load:0.13:6,153,load,0.13,22.93333333333333
system-7,system-7:load:-0.24:7,138,load,-0.24,27.700000000000006
system-1,system-1:load:-0.24:1,141,load,-0.24,11.699999999999998
system-7,system-7:load:0.13:8,151,load,0.13,28.93333333333333
system-7,system-7:load:0.13:8,152,load,0.13,28.933333333333326
system-1,system-1:load:0.13:2,129,load,0.13,12.933333333333335
system-7,system-7:load:0.13:8,153,load,0.13,28.93333333333333
system-5,system-5:load:0.13:6,154,load,0.13,22.933333333333326
system-1,system-1:load:-0.24:1,142,load,-0.24,11.7
system-7,system-7:load:-0.24:7,139,load,-0.24,27.700000000000006
system-7,system-7:load:0.13:8,154,load,0.13,28.933333333333326
system-1,system-1:load:-0.24:1,143,load,-0.24,11.699999999999998
system-1,system-1:load:0.13:2,130,load,0.13,12.933333333333335
system-5,system-5:load:0.13:6,155,load,0.13,22.93333333333333
system-7,system-7:load:0.13:8,155,load,0.13,28.93333333333333
system-7,system-7:load:-0.24:7,140,load,-0.24,27.700000000000006
system-7,system-7:load:0.13:8,156,load,0.13,28.933333333333326
system-1,system-1:load:-0.24:1,144,load,-0.24,11.7
system-7,system-7:load:0.13:8,157,load,0.13,28.93333333333333
system-1,system-1:load:0.13:2,131,load,0.13,12.933333333333335
system-5,system-5:load:0.13:6,156,load,0.13,22.933333333333326
system-7,system-7:load:0.13:8,158,load,0.13,28.933333333333326
system-1,system-1:load:-0.24:1,145,load,-0.24,11.699999999999998
system-7,system-7:load:-0.24:7,141,load,-0.24,27.700000000000006
system-7,system-7:load:0.13:8,159,load,0.13,28.93333333333333
system-5,system-5:load:0.13:6,157,load,0.13,22.93333333333333
system-1,system-1:load:0.13:2,132,load,0.13,12.933333333333335
system-7,system-7:load:0.13:8,160,load,0.13,28.933333333333326
system-1,system-1:load:-0.24:1,146,load,-0.24,11.7
system-7,system-7:load:-0.24:7,142,load,-0.24,27.700000000000006
system-5,system-5:load:0.13:6,158,load,0.13,22.933333333333326
system-1,system-1:load:0.13:2,133,load,0.13,12.933333333333335
system-1,system-1:load:-0.24:1,147,load,-0.24,11.699999999999998
system-7,system-7:load:-0.24:7,143,load,-0.24,27.700000000000006
system-5,system-5:load:0.13:6,159,load,0.13,22.93333333333333
system-1,system-1:load:0.13:2,134,load,0.13,12.933333333333335
system-7,system-7:load:-0.24:7,144,load,-0.24,27.700000000000006
system-1,system-1:load:-0.24:1,148,load,-0.24,11.7
system-5,system-5:load:0.13:6,160,load,0.13,22.933333333333326
system-1,system-1:load:0.13:2,135,load,0.13,12.933333333333335
system-7,system-7:load:-0.24:7,145,load,-0.24,27.700000000000006
system-1,system-1:load:0.13:2,136,load,0.13,12.933333333333335
system-1,system-1:load:-0.24:1,149,load,-0.24,11.699999999999998
system-7,system-7:load:-0.24:7,146,load,-0.24,27.700000000000006
system-1,system-1:load:0.13:2,137,load,0.13,12.933333333333335
system-7,system-7:load:-0.24:7,147,load,-0.24,27.700000000000006
system-1,system-1:load:-0.24:1,150,load,-0.24,11.7
system-1,system-1:load:0.13:2,138,load,0.13,12.933333333333335
system-7,system-7:load:-0.24:7,148,load,-0.24,27.700000000000006
system-1,system-1:load:-0.24:1,151,load,-0.24,11.699999999999998
system-1,system-1:load:0.13:2,139,load,0.13,12.933333333333335
system-7,system-7:load:-0.24:7,149,load,-0.24,27.700000000000006
system-1,system-1:load:-0.24:1,152,load,-0.24,11.7
system-1,system-1:load:0.13:2,140,load,0.13,12.933333333333335
system-7,system-7:load:-0.24:7,150,load,-0.24,27.700000000000006
system-1,system-1:load:-0.24:1,153,load,-0.24,11.699999999999998
system-1,system-1:load:0.13:2,141,load,0.13,12.933333333333335
system-1,system-1:load:-0.24:1,154,load,-0.24,11.7
system-7,system-7:load:-0.24:7,151,load,-0.24,27.700000000000006
system-1,system-1:load:0.13:2,142,load,0.13,12.933333333333335
system-1,system-1:load:-0.24:1,155,load,-0.24,11.699999999999998
system-7,system-7:load:-0.24:7,152,load,-0.24,27.700000000000006
system-1,system-1:load:-0.24:1,156,load,-0.24,11.7
system-1,system-1:load:0.13:2,143,load,0.13,12.933333333333335
system-7,system-7:load:-0.24:7,153,load,-0.24,27.700000000000006
system-1,system-1:load:0.13:2,144,load,0.13,12.933333333333335
system-7,system-7:load:-0.24:7,154,load,-0.24,27.700000000000006
system-1,system-1:load:-0.24:1,157,load,-0.24,11.699999999999998
system-7,system-7:load:-0.24:7,155,load,-0.24,27.700000000000006
system-1,system-1:load:0.13:2,145,load,0.13,12.933333333333335
system-1,system-1:load:-0.24:1,158,load,-0.24,11.7
system-7,system-7:load:-0.24:7,156,load,-0.24,27.700000000000006
system-1,system-1:load:-0.24:1,159,load,-0.24,11.699999999999998
system-1,system-1:load:0.13:2,146,load,0.13,12.933333333333335
system-7,system-7:load:-0.24:7,157,load,-0.24,27.700000000000006
system-1,system-1:load:0.13:2,147,load,0.13,12.933333333333335
system-7,system-7:load:-0.24:7,158,load,-0.24,27.700000000000006
system-1,system-1:load:0.13:2,148,load,0.13,12.933333333333335
system-1,system-1:load:-0.24:1,160,load,-0.24,11.7
system-7,system-7:load:-0.24:7,159,load,-0.24,27.700000000000006
system-1,system-1:load:0.13:2,149,load,0.13,12.933333333333335
system-7,system-7:load:-0.24:7,160,load,-0.24,27.700000000000006
system-1,system-1:load:0.13:2,150,load,0.13,12.933333333333335
system-1,system-1:load:0.13:2,151,load,0.13,12.933333333333335
system-1,system-1:load:0.13:2,152,load,0.13,12.933333333333335
system-1,system-1:load:0.13:2,153,load,0.13,12.933333333333335
system-1,system-1:load:0.13:2,154,load,0.13,12.933333333333335
system-1,system-1:load:0.13:2,155,load,0.13,12.933333333333335
system-1,system-1:load:0.13:2,156,load,0.13,12.933333333333335
system-1,system-1:load:0.13:2,157,load,0.13,12.933333333333335
system-1,system-1:load:0.13:2,158,load,0.13,12.933333333333335
system-1,system-1:load:0.13:2,159,load,0.13,12.933333333333335
system-1,system-1:load:0.13:2,160,load,0.13,12.933333333333335
system-7,system-7:displacement:6.5:8,0,displacement,6.5,20.0
system-5,system-5:displacement:-5.5:5,0,displacement,-5.5,20.0
system-5,system-5:displacement:6.5:6,0,displacement,6.5,20.0
system-1,system-1:displacement:6.5:2,0,displacement,6.5,20.0
system-3,system-3:displacement:6.5:4,0,displacement,6.5,20.0
system-1,system-1:displacement:-5.5:1,0,displacement,-5.5,20.0
system-7,system-7:displacement:-5.5:7,0,displacement,-5.5,20.0
system-3,system-3:displacement:-5.5:3,0,displacement,-5.5,20.0
system-7,system-7:displacement:6.5:8,1,displacement,6.5,20.425
system-5,system-5:displacement:6.5:6,1,displacement,6.5,20.125
system-1,system-1:displacement:6.5:2,1,displacement,6.5,19.625
system-5,system-5:displacement:-5.5:5,1,displacement,-5.5,20.125
system-1,system-1:displacement:-5.5:1,1,displacement,-5.5,19.625
system-3,system-3:displacement:6.5:4,1,displacement,6.5,19.875
system-7,system-7:displacement:-5.5:7,1,displacement,-5.5,20.425
system-3,system-3:displacement:-5.5:3,1,displacement,-5.5,19.875
system-7,system-7:displacement:6.5:8,2,displacement,6.5,20.82875
system-5,system-5:displacement:6.5:6,2,displacement,6.5,20.24375
system-5,system-5:displacement:-5.5:5,2,displacement,-5.5,20.24375
system-3,system-3:displacement:6.5:4,2,displacement,6.5,19.75625
system-1,system-1:displacement:6.5:2,2,displacement,6.5,19.26875
system-1,system-1:displacement:-5.5:1,2,displacement,-5.5,19.26875
system-3,system-3:displacement:-5.5:3,2,displacement,-5.5,19.75625
system-7,system-7:displacement:-5.5:7,2,displacement,-5.5,20.82875
system-7,system-7:displacement:6.5:8,3,displacement,6.5,21.2123125
system-5,system-5:displacement:6.5:6,3,displacement,6.5,20.3565625
system-3,system-3:displacement:6.5:4,3,displacement,6.5,19.6434375
system-1,system-1:displacement:-5.5:1,3,displacement,-5.5,18.9303125
system-7,system-7:displacement:-5.5:7,3,displacement,-5.5,21.2123125
system-3,system-3:displacement:-5.5:3,3,displacement,-5.5,19.6434375
system-7,system-7:displacement:6.5:8,4,displacement,6.5,21.576696875
system-5,system-5:displacement:6.5:6,4,displacement,6.5,20.463734374999998
system-3,system-3:displacement:6.5:4,4,displacement,6.5,19.536265625000002
system-1,system-1:displacement:-5.5:1,4,displacement,-5.5,18.608796875
system-7,system-7:displacement:-5.5:7,4,displacement,-5.5,21.576696875
system-3,system-3:displacement:-5.5:3,4,displacement,-5.5,19.536265625000002
system-5,system-5:displacement:6.5:6,5,displacement,6.5,20.565547656249997
system-7,system-7:displacement:6.5:8,5,displacement,6.5,21.92286203125
system-3,system-3:displacement:6.5:4,5,displacement,6.5,19.434452343750003
system-7,system-7:displacement:-5.5:7,5,displacement,-5.5,21.92286203125
system-1,system-1:displacement:-5.5:1,5,displacement,-5.5,18.30335703125
system-3,system-3:displacement:-5.5:3,5,displacement,-5.5,19.434452343750003
system-7,system-7:displacement:6.5:8,6,displacement,6.5,22.2517189296875
system-5,system-5:displacement:6.5:6,6,displacement,6.5,20.662270273437496
system-3,system-3:displacement:6.5:4,6,displacement,6.5,19.337729726562504
system-7,system-7:displacement:-5.5:7,6,displacement,-5.5,22.2517189296875
system-3,system-3:displacement:-5.5:3,6,displacement,-5.5,19.337729726562504
system-7,system-7:displacement:6.5:8,7,displacement,6.5,22.564132983203123
system-1,system-1:displacement:-5.5:1,6,displacement,-5.5,18.013189179687497
system-3,system-3:displacement:6.5:4,7,displacement,6.5,19.24584324023438
system-5,system-5:displacement:6.5:6,7,displacement,6.5,20.75415675976562
system-7,system-7:displacement:-5.5:7,7,displacement,-5.5,22.564132983203123
system-3,system-3:displacement:-5.5:3,7,displacement,-5.5,19.24584324023438
system-7,system-7:displacement:6.5:8,8,displacement,6.5,22.86092633404297
system-3,system-3:displacement:6.5:4,8,displacement,6.5,19.15855107822266
system-5,system-5:displacement:6.5:6,8,displacement,6.5,20.84144892177734
system-1,system-1:displacement:-5.5:1,7,displacement,-5.5,17.737529720703122
system-3,system-3:displacement:-5.5:3,8,displacement,-5.5,19.15855107822266
system-7,system-7:displacement:6.5:8,9,displacement,6.5,23.14288001734082
system-5,system-5:displacement:6.5:6,9,displacement,6.5,20.924376475688472
system-1,system-1:displacement:-5.5:1,8,displacement,-5.5,17.475653234667966
system-3,system-3:displacement:6.5:4,9,displacement,6.5,19.075623524311528
system-7,system-7:displacement:6.5:8,10,displacement,6.5,23.410736016473777
system-5,system-5:displacement:6.5:6,10,displacement,6.5,21.003157651904047
system-1,system-1:displacement:-5.5:1,9,displacement,-5.5,17.22687057293457
system-3,system-3:displacement:6.5:4,10,displacement,6.5,18.996842348095953
system-7,system-7:displacement:6.5:8,11,displacement,6.5,23.665199215650087
system-5,system-5:displacement:6.5:6,11,displacement,6.5,21.077999769308846
system-1,system-1:displacement:-5.5:1,10,displacement,-5.5,16.99052704428784
system-3,system-3:displacement:6.5:4,11,displacement,6.5,18.922000230691154
system-5,system-5:displacement:6.5:6,12,displacement,6.5,21.149099780843404
system-1,system-1:displacement:-5.5:1,11,displacement,-5.5,16.766000692073447
system-3,system-3:displacement:6.5:4,12,displacement,6.5,18.850900219156596
system-5,system-5:displacement:6.5:6,13,displacement,6.5,21.216644791801233
system-5,system-5:displacement:6.5:6,14,displacement,6.5,21.28081255221117
system-5,system-5:displacement:6.5:6,15,displacement,6.5,21.34177192460061
system-5,system-5:displacement:6.5:6,16,displacement,6.5,21.399683328370582
system-5,system-5:displacement:6.5:6,17,displacement,6.5,21.454699161952053
system-5,system-5:displacement:6.5:6,18,displacement,6.5,21.50696420385445
system-5,system-5:displacement:6.5:6,19,displacement,6.5,21.55661599366173
system-5,system-5:displacement:-5.5:5,3,displacement,-5.5,20.3565625
system-5,system-5:displacement:6.5:6,20,displacement,6.5,21.603785193978645
system-5,system-5:displacement:-5.5:5,4,displacement,-5.5,20.463734374999998
system-5,system-5:displacement:6.5:6,21,displacement,6.5,27.823595934279712
system-5,system-5:displacement:-5.5:5,5,displacement,-5.5,20.565547656249997
system-1,system-1:displacement:6.5:2,3,displacement,6.5,18.9303125
system-5,system-5:displacement:-5.5:5,6,displacement,-5.5,20.662270273437496
system-5,system-5:displacement:6.5:6,22,displacement,6.5,27.557416137565728
system-1,system-1:displacement:6.5:2,4,displacement,6.5,18.608796875
system-5,system-5:displacement:-5.5:5,7,displacement,-5.5,20.75415675976562
system-5,system-5:displacement:6.5:6,23,displacement,6.5,27.304545330687443
system-1,system-1:displacement:6.5:2,5,displacement,6.5,18.30335703125
system-5,system-5:displacement:6.5:6,24,displacement,6.5,27.06431806415307
system-5,system-5:displacement:-5.5:5,8,displacement,-5.5,20.84144892177734
system-1,system-1:displacement:6.5:2,6,displacement,6.5,18.013189179687497
system-5,system-5:displacement:-5.5:5,9,displacement,-5.5,20.924376475688472
system-5,system-5:displacement:6.5:6,25,displacement,6.5,26.836102160945416
system-1,system-1:displacement:6.5:2,7,displacement,6.5,17.737529720703122
system-5,system-5:displacement:-5.5:5,10,displacement,-5.5,21.003157651904047
system-5,system-5:displacement:6.5:6,26,displacement,6.5,26.619297052898144
system-1,system-1:displacement:6.5:2,8,displacement,6.5,17.475653234667966
system-5,system-5:displacement:-5.5:5,11,displacement,-5.5,21.077999769308846
system-5,system-5:displacement:6.5:6,27,displacement,6.5,26.413332200253237
system-1,system-1:displacement:6.5:2,9,displacement,6.5,17.22687057293457
system-5,system-5:displacement:6.5:6,28,displacement,6.5,26.217665590240575
system-5,system-5:displacement:-5.5:5,12,displacement,-5.5,21.149099780843404
system-5,system-5:displacement:-5.5:5,13,displacement,-5.5,21.216644791801233
system-5,system-5:displacement:6.5:6,29,displacement,6.5,26.031782310728545
system-1,system-1:displacement:6.5:2,10,displacement,6.5,16.99052704428784
system-5,system-5:displacement:-5.5:5,14,displacement,-5.5,21.28081255221117
system-1,system-1:displacement:6.5:2,11,displacement,6.5,16.766000692073447
system-5,system-5:displacement:6.5:6,30,displacement,6.5,25.85519319519212
system-5,system-5:displacement:-5.5:5,15,displacement,-5.5,21.34177192460061
system-1,system-1:displacement:6.5:2,12,displacement,6.5,16.552700657469774
system-5,system-5:displacement:-5.5:5,16,displacement,-5.5,21.399683328370582
system-5,system-5:displacement:6.5:6,31,displacement,6.5,25.68743353543251
system-1,system-1:displacement:6.5:2,13,displacement,6.5,16.350065624596287
system-5,system-5:displacement:-5.5:5,17,displacement,-5.5,21.454699161952053
system-1,system-1:displacement:6.5:2,14,displacement,6.5,16.15756234336647
system-5,system-5:displacement:6.5:6,32,displacement,6.5,25.528061858660884
system-5,system-5:displacement:-5.5:5,18,displacement,-5.5,21.50696420385445
system-1,system-1:displacement:6.5:2,15,displacement,6.5,15.974684226198148
system-1,system-1:displacement:6.5:2,16,displacement,6.5,15.80095001488824
system-5,system-5:displacement:-5.5:5,19,displacement,-5.5,21.55661599366173
system-5,system-5:displacement:6.5:6,33,displacement,6.5,25.37665876572784
system-1,system-1:displacement:6.5:2,17,displacement,6.5,15.635902514143828
system-5,system-5:displacement:-5.5:5,20,displacement,-5.5,21.603785193978645
system-5,system-5:displacement:6.5:6,34,displacement,6.5,25.23282582744145
system-1,system-1:displacement:6.5:2,18,displacement,6.5,15.479107388436637
system-5,system-5:displacement:6.5:6,35,displacement,6.5,25.096184536069376
system-1,system-1:displacement:6.5:2,19,displacement,6.5,15.330152019014804
system-5,system-5:displacement:-5.5:5,21,displacement,-5.5,16.423595934279714
system-5,system-5:displacement:6.5:6,36,displacement,6.5,24.966375309265906
system-1,system-1:displacement:6.5:2,20,displacement,6.5,15.188644418064063
system-5,system-5:displacement:-5.5:5,22,displacement,-5.5,16.72741613756573
system-5,system-5:displacement:6.5:6,37,displacement,6.5,24.84305654380261
system-1,system-1:displacement:6.5:2,21,displacement,6.5,21.229212197160862
system-5,system-5:displacement:6.5:6,38,displacement,6.5,24.72590371661248
system-1,system-1:displacement:6.5:2,22,displacement,6.5,20.79275158730282
system-5,system-5:displacement:6.5:6,39,displacement,6.5,24.614608530781855
system-1,system-1:displacement:6.5:2,23,displacement,6.5,20.37811400793768
system-5,system-5:displacement:6.5:6,40,displacement,6.5,24.50887810424276
system-1,system-1:displacement:6.5:2,24,displacement,6.5,19.984208307540793
system-5,system-5:displacement:6.5:6,41,displacement,6.5,24.408434199030623
system-1,system-1:displacement:6.5:2,25,displacement,6.5,19.609997892163754
system-5,system-5:displacement:6.5:6,42,displacement,6.5,24.313012489079092
system-1,system-1:displacement:6.5:2,26,displacement,6.5,19.254497997555568
system-5,system-5:displacement:6.5:6,43,displacement,6.5,24.22236186462514
system-1,system-1:displacement:6.5:2,27,displacement,6.5,18.91677309767779
system-5,system-5:displacement:6.5:6,44,displacement,6.5,24.136243771393882
system-1,system-1:displacement:6.5:2,28,displacement,6.5,18.5959344427939
system-5,system-5:displacement:6.5:6,45,displacement,6.5,24.05443158282419
system-1,system-1:displacement:6.5:2,29,displacement,6.5,18.291137720654206
system-5,system-5:displacement:6.5:6,46,displacement,6.5,23.97671000368298
system-1,system-1:displacement:6.5:2,30,displacement,6.5,18.001580834621496
system-1,system-1:displacement:6.5:2,31,displacement,6.5,17.72650179289042
system-5,system-5:displacement:6.5:6,47,displacement,6.5,23.902874503498833
system-5,system-5:displacement:6.5:6,48,displacement,6.5,23.832730778323892
system-1,system-1:displacement:6.5:2,32,displacement,6.5,17.4651767032459
system-1,system-1:displacement:6.5:2,33,displacement,6.5,17.216917868083602
system-5,system-5:displacement:6.5:6,49,displacement,6.5,23.766094239407696
system-1,system-1:displacement:6.5:2,34,displacement,6.5,16.981071974679423
system-5,system-5:displacement:6.5:6,50,displacement,6.5,23.70278952743731
system-5,system-5:displacement:6.5:6,51,displacement,6.5,23.642650051065445
system-1,system-1:displacement:6.5:2,35,displacement,6.5,16.757018375945453
system-5,system-5:displacement:6.5:6,52,displacement,6.5,23.585517548512172
system-1,system-1:displacement:6.5:2,36,displacement,6.5,16.54416745714818
system-5,system-5:displacement:6.5:6,53,displacement,6.5,23.531241671086562
system-1,system-1:displacement:6.5:2,37,displacement,6.5,16.34195908429077
system-5,system-5:displacement:6.5:6,54,displacement,6.5,23.479679587532235
system-1,system-1:displacement:6.5:2,38,displacement,6.5,16.149861130076232
system-5,system-5:displacement:6.5:6,55,displacement,6.5,23.430695608155624
system-1,system-1:displacement:6.5:2,39,displacement,6.5,15.96736807357242
system-5,system-5:displacement:6.5:6,56,displacement,6.5,23.38416082774784
system-1,system-1:displacement:6.5:2,40,displacement,6.5,15.793999669893799
system-5,system-5:displacement:6.5:6,57,displacement,6.5,23.33995278636045
system-1,system-1:displacement:6.5:2,41,displacement,6.5,15.629299686399108
system-5,system-5:displacement:6.5:6,58,displacement,6.5,23.297955147042426
system-1,system-1:displacement:6.5:2,42,displacement,6.5,15.472834702079153
system-5,system-5:displacement:6.5:6,59,displacement,6.5,23.258057389690304
system-7,system-7:displacement:-5.5:7,8,displacement,-5.5,22.86092633404297
system-1,system-1:displacement:6.5:2,43,displacement,6.5,15.324192966975195
system-5,system-5:displacement:6.5:6,60,displacement,6.5,23.22015452020579
system-1,system-1:displacement:6.5:2,44,displacement,6.5,15.182983318626436
system-5,system-5:displacement:6.5:6,61,displacement,6.5,23.1841467941955
system-7,system-7:displacement:-5.5:7,9,displacement,-5.5,23.14288001734082
system-5,system-5:displacement:6.5:6,62,displacement,6.5,23.149939454485725
system-1,system-1:displacement:6.5:2,45,displacement,6.5,15.048834152695115
system-7,system-7:displacement:-5.5:7,10,displacement,-5.5,23.410736016473777
system-1,system-1:displacement:6.5:2,46,displacement,6.5,14.92139244506036
system-5,system-5:displacement:6.5:6,63,displacement,6.5,23.11744248176144
system-7,system-7:displacement:-5.5:7,11,displacement,-5.5,23.665199215650087
system-1,system-1:displacement:6.5:2,47,displacement,6.5,14.800322822807342
system-5,system-5:displacement:6.5:6,64,displacement,6.5,23.086570357673367
system-7,system-7:displacement:-5.5:7,12,displacement,-5.5,23.906939254867584
system-1,system-1:displacement:6.5:2,48,displacement,6.5,14.685306681666974
system-5,system-5:displacement:6.5:6,65,displacement,6.5,23.057241839789697
system-7,system-7:displacement:-5.5:7,13,displacement,-5.5,24.136592292124206
system-5,system-5:displacement:6.5:6,66,displacement,6.5,23.029379747800213
system-7,system-7:displacement:-5.5:7,14,displacement,-5.5,24.354762677517996
system-1,system-1:displacement:6.5:2,49,displacement,6.5,14.576041347583626
system-5,system-5:displacement:6.5:6,67,displacement,6.5,23.002910760410202
system-5,system-5:displacement:6.5:6,68,displacement,6.5,22.977765222389692
system-7,system-7:displacement:-5.5:7,15,displacement,-5.5,24.562024543642096
system-1,system-1:displacement:6.5:2,50,displacement,6.5,14.472239280204445
system-5,system-5:displacement:6.5:6,69,displacement,6.5,22.953876961270208
system-1,system-1:displacement:6.5:2,51,displacement,6.5,14.373627316194222
system-7,system-7:displacement:-5.5:7,16,displacement,-5.5,24.758923316459992
system-5,system-5:displacement:6.5:6,70,displacement,6.5,22.931183113206696
system-1,system-1:displacement:6.5:2,52,displacement,6.5,14.27994595038451
system-7,system-7:displacement:-5.5:7,17,displacement,-5.5,24.945977150636992
system-5,system-5:displacement:6.5:6,71,displacement,6.5,22.909623957546362
system-3,system-3:displacement:-5.5:3,9,displacement,-5.5,19.075623524311528
system-1,system-1:displacement:6.5:2,53,displacement,6.5,14.190948652865284
system-7,system-7:displacement:-5.5:7,18,displacement,-5.5,25.123678293105144
system-5,system-5:displacement:6.5:6,72,displacement,6.5,22.889142759669046
system-1,system-1:displacement:6.5:2,54,displacement,6.5,14.10640122022202
system-7,system-7:displacement:-5.5:7,19,displacement,-5.5,25.292494378449888
system-3,system-3:displacement:-5.5:3,10,displacement,-5.5,18.996842348095953
system-5,system-5:displacement:6.5:6,73,displacement,6.5,22.869685621685594
system-1,system-1:displacement:6.5:2,55,displacement,6.5,14.02608115921092
system-3,system-3:displacement:-5.5:3,11,displacement,-5.5,18.922000230691154
system-7,system-7:displacement:-5.5:7,20,displacement,-5.5,25.452869659527394
system-5,system-5:displacement:6.5:6,74,displacement,6.5,22.851201340601314
system-1,system-1:displacement:6.5:2,56,displacement,6.5,13.949777101250374
system-3,system-3:displacement:-5.5:3,12,displacement,-5.5,18.850900219156596
system-5,system-5:displacement:6.5:6,75,displacement,6.5,22.83364127357125
system-1,system-1:displacement:6.5:2,57,displacement,6.5,13.877288246187856
system-5,system-5:displacement:6.5:6,76,displacement,6.5,22.816959209892687
system-7,system-7:displacement:-5.5:7,21,displacement,-5.5,20.380226176551023
system-3,system-3:displacement:-5.5:3,13,displacement,-5.5,18.783355208198767
system-5,system-5:displacement:6.5:6,77,displacement,6.5,22.80111124939805
system-1,system-1:displacement:6.5:2,58,displacement,6.5,13.808423833878463
system-7,system-7:displacement:-5.5:7,22,displacement,-5.5,20.786214867723473
system-3,system-3:displacement:-5.5:3,14,displacement,-5.5,18.71918744778883
system-5,system-5:displacement:6.5:6,78,displacement,6.5,22.786055686928147
system-1,system-1:displacement:6.5:2,59,displacement,6.5,13.743002642184539
system-7,system-7:displacement:-5.5:7,23,displacement,-5.5,21.1719041243373
system-5,system-5:displacement:6.5:6,79,displacement,6.5,22.77175290258174
system-3,system-3:displacement:-5.5:3,15,displacement,-5.5,18.65822807539939
system-1,system-1:displacement:6.5:2,60,displacement,6.5,13.680852510075312
system-7,system-7:displacement:6.5:8,12,displacement,6.5,23.906939254867584
system-7,system-7:displacement:-5.5:7,24,displacement,-5.5,21.538308918120435
system-5,system-5:displacement:6.5:6,80,displacement,6.5,22.758165257452653
system-3,system-3:displacement:-5.5:3,16,displacement,-5.5,18.600316671629418
system-1,system-1:displacement:6.5:2,61,displacement,6.5,13.621809884571546
system-7,system-7:displacement:6.5:8,13,displacement,6.5,24.136592292124206
system-5,system-5:displacement:6.5:6,81,displacement,6.5,22.74525699458002
system-3,system-3:displacement:-5.5:3,17,displacement,-5.5,18.545300838047947
system-7,system-7:displacement:-5.5:7,25,displacement,-5.5,21.886393472214415
system-7,system-7:displacement:6.5:8,14,displacement,6.5,24.354762677517996
system-1,system-1:displacement:6.5:2,62,displacement,6.5,13.565719390342968
system-1,system-1:displacement:-5.5:1,12,displacement,-5.5,16.552700657469774
system-3,system-3:displacement:-5.5:3,18,displacement,-5.5,18.49303579614555
system-7,system-7:displacement:-5.5:7,26,displacement,-5.5,22.217073798603693
system-3,system-3:displacement:6.5:4,13,displacement,6.5,18.783355208198767
system-5,system-5:displacement:6.5:6,82,displacement,6.5,22.73299414485102
system-1,system-1:displacement:6.5:2,63,displacement,6.5,13.51243342082582
system-7,system-7:displacement:6.5:8,15,displacement,6.5,24.562024543642096
system-3,system-3:displacement:-5.5:3,19,displacement,-5.5,18.44338400633827
system-5,system-5:displacement:6.5:6,83,displacement,6.5,22.72134443760847
system-7,system-7:displacement:-5.5:7,27,displacement,-5.5,22.53122010867351
system-3,system-3:displacement:6.5:4,14,displacement,6.5,18.71918744778883
system-1,system-1:displacement:6.5:2,64,displacement,6.5,13.461811749784529
system-1,system-1:displacement:-5.5:1,13,displacement,-5.5,16.350065624596287
system-5,system-5:displacement:6.5:6,84,displacement,6.5,22.710277215728045
system-7,system-7:displacement:6.5:8,16,displacement,6.5,24.758923316459992
system-3,system-3:displacement:-5.5:3,20,displacement,-5.5,18.396214806021355
system-7,system-7:displacement:-5.5:7,28,displacement,-5.5,22.829659103239834
system-3,system-3:displacement:6.5:4,15,displacement,6.5,18.65822807539939
system-1,system-1:displacement:6.5:2,65,displacement,6.5,13.413721162295301
system-5,system-5:displacement:6.5:6,85,displacement,6.5,22.69976335494164
system-7,system-7:displacement:6.5:8,17,displacement,6.5,24.945977150636992
system-1,system-1:displacement:-5.5:1,14,displacement,-5.5,16.15756234336647
system-3,system-3:displacement:6.5:4,16,displacement,6.5,18.600316671629418
system-3,system-3:displacement:-5.5:3,21,displacement,-5.5,13.126404065720287
system-1,system-1:displacement:6.5:2,66,displacement,6.5,13.368035104180537
system-5,system-5:displacement:6.5:6,86,displacement,6.5,22.68977518719456
system-7,system-7:displacement:-5.5:7,29,displacement,-5.5,23.11317614807784
system-7,system-7:displacement:6.5:8,18,displacement,6.5,25.123678293105144
system-3,system-3:displacement:6.5:4,17,displacement,6.5,18.545300838047947
system-1,system-1:displacement:-5.5:1,15,displacement,-5.5,15.974684226198148
system-3,system-3:displacement:-5.5:3,22,displacement,-5.5,13.345083862434272
system-1,system-1:displacement:6.5:2,67,displacement,6.5,13.32463334897151
system-5,system-5:displacement:6.5:6,87,displacement,6.5,22.680286427834833
system-7,system-7:displacement:6.5:8,19,displacement,6.5,25.292494378449888
system-1,system-1:displacement:-5.5:1,16,displacement,-5.5,15.80095001488824
system-5,system-5:displacement:6.5:6,88,displacement,6.5,22.67127210644309
system-7,system-7:displacement:-5.5:7,30,displacement,-5.5,23.38251734067395
system-3,system-3:displacement:6.5:4,18,displacement,6.5,18.49303579614555
system-7,system-7:displacement:6.5:8,20,displacement,6.5,25.452869659527394
system-1,system-1:displacement:6.5:2,68,displacement,6.5,13.283401681522934
system-5,system-5:displacement:6.5:6,89,displacement,6.5,22.662708501120935
system-1,system-1:displacement:-5.5:1,17,displacement,-5.5,15.635902514143828
system-3,system-3:displacement:-5.5:3,23,displacement,-5.5,13.552829669312558
system-7,system-7:displacement:-5.5:7,31,displacement,-5.5,23.63839147364025
system-3,system-3:displacement:6.5:4,19,displacement,6.5,18.44338400633827
system-5,system-5:displacement:6.5:6,90,displacement,6.5,22.65457307606489
system-1,system-1:displacement:6.5:2,69,displacement,6.5,13.244231597446786
system-5,system-5:displacement:6.5:6,91,displacement,6.5,22.646844422261644
system-3,system-3:displacement:6.5:4,20,displacement,6.5,18.396214806021355
system-7,system-7:displacement:-5.5:7,32,displacement,-5.5,23.88147189995824
system-1,system-1:displacement:6.5:2,70,displacement,6.5,13.207020017574447
system-1,system-1:displacement:-5.5:1,18,displacement,-5.5,15.479107388436637
system-3,system-3:displacement:-5.5:3,24,displacement,-5.5,13.75018818584693
system-1,system-1:displacement:6.5:2,71,displacement,6.5,13.171669016695724
system-5,system-5:displacement:6.5:6,92,displacement,6.5,22.639502201148563
system-7,system-7:displacement:-5.5:7,33,displacement,-5.5,24.112398304960326
system-7,system-7:displacement:6.5:8,21,displacement,6.5,31.780226176551025
system-3,system-3:displacement:6.5:4,21,displacement,6.5,24.526404065720286
system-3,system-3:displacement:-5.5:3,25,displacement,-5.5,13.937678776554584
system-1,system-1:displacement:6.5:2,72,displacement,6.5,13.138085565860937
system-1,system-1:displacement:-5.5:1,19,displacement,-5.5,15.330152019014804
system-7,system-7:displacement:-5.5:7,34,displacement,-5.5,24.33177838971231
system-5,system-5:displacement:6.5:6,93,displacement,6.5,22.632527091091134
system-3,system-3:displacement:6.5:4,22,displacement,6.5,24.17508386243427
system-1,system-1:displacement:6.5:2,73,displacement,6.5,13.10618128756789
system-7,system-7:displacement:6.5:8,22,displacement,6.5,31.616214867723475
system-1,system-1:displacement:-5.5:1,20,displacement,-5.5,15.188644418064063
system-7,system-7:displacement:-5.5:7,35,displacement,-5.5,24.540189470226693
system-3,system-3:displacement:-5.5:3,26,displacement,-5.5,14.115794837726854
system-5,system-5:displacement:6.5:6,94,displacement,6.5,22.62590073653658
system-1,system-1:displacement:6.5:2,74,displacement,6.5,13.075872223189496
system-7,system-7:displacement:6.5:8,23,displacement,6.5,31.460404124337302
system-3,system-3:displacement:6.5:4,23,displacement,6.5,23.841329669312557
system-7,system-7:displacement:-5.5:7,36,displacement,-5.5,24.73817999671536
system-3,system-3:displacement:-5.5:3,27,displacement,-5.5,14.285005095840512
system-1,system-1:displacement:6.5:2,75,displacement,6.5,13.04707861203002
system-5,system-5:displacement:6.5:6,95,displacement,6.5,22.61960569970975
system-7,system-7:displacement:6.5:8,24,displacement,6.5,31.312383918120435
system-1,system-1:displacement:-5.5:1,21,displacement,-5.5,9.82921219716086
system-7,system-7:displacement:-5.5:7,37,displacement,-5.5,24.92627099687959
system-5,system-5:displacement:6.5:6,96,displacement,6.5,22.613625414724265
system-1,system-1:displacement:6.5:2,76,displacement,6.5,13.019724681428519
system-1,system-1:displacement:-5.5:1,22,displacement,-5.5,9.962751587302817
system-5,system-5:displacement:6.5:6,97,displacement,6.5,22.60794414398805
system-1,system-1:displacement:6.5:2,77,displacement,6.5,12.993738447357092
system-1,system-1:displacement:-5.5:1,23,displacement,-5.5,10.089614007937676
system-1,system-1:displacement:6.5:2,78,displacement,6.5,12.969051524989238
system-5,system-5:displacement:6.5:6,98,displacement,6.5,22.60254693678865
system-1,system-1:displacement:-5.5:1,24,displacement,-5.5,10.210133307540792
system-1,system-1:displacement:6.5:2,79,displacement,6.5,12.945598948739777
system-5,system-5:displacement:6.5:6,99,displacement,6.5,22.597419589949215
system-1,system-1:displacement:-5.5:1,25,displacement,-5.5,10.324626642163752
system-1,system-1:displacement:6.5:2,80,displacement,6.5,12.923319001302788
system-5,system-5:displacement:6.5:6,100,displacement,6.5,22.592548610451754
system-1,system-1:displacement:6.5:2,81,displacement,6.5,12.902153051237649
system-1,system-1:displacement:-5.5:1,26,displacement,-5.5,10.433395310055564
system-5,system-5:displacement:6.5:6,101,displacement,6.5,22.587921179929165
system-1,system-1:displacement:6.5:2,82,displacement,6.5,12.882045398675766
system-5,system-5:displacement:6.5:6,102,displacement,6.5,22.583525120932705
system-1,system-1:displacement:-5.5:1,27,displacement,-5.5,10.536725544552786
system-1,system-1:displacement:6.5:2,83,displacement,6.5,12.862943128741978
system-5,system-5:displacement:6.5:6,103,displacement,6.5,22.57934886488607
system-1,system-1:displacement:-5.5:1,28,displacement,-5.5,10.634889267325146
system-5,system-5:displacement:6.5:6,104,displacement,6.5,22.57538142164177
system-1,system-1:displacement:6.5:2,84,displacement,6.5,12.84479597230488
system-1,system-1:displacement:-5.5:1,29,displacement,-5.5,10.72814480395889
system-5,system-5:displacement:6.5:6,105,displacement,6.5,22.57161235055968
system-1,system-1:displacement:6.5:2,85,displacement,6.5,12.827556173689636
system-5,system-5:displacement:6.5:6,106,displacement,6.5,22.568031733031695
system-1,system-1:displacement:-5.5:1,30,displacement,-5.5,10.816737563760945
system-1,system-1:displacement:6.5:2,86,displacement,6.5,12.811178365005155
system-5,system-5:displacement:6.5:6,107,displacement,6.5,22.56463014638011
system-5,system-5:displacement:-5.5:5,23,displacement,-5.5,17.016045330687444
system-1,system-1:displacement:-5.5:1,31,displacement,-5.5,10.900900685572898
system-1,system-1:displacement:6.5:2,87,displacement,6.5,12.795619446754896
system-5,system-5:displacement:-5.5:5,24,displacement,-5.5,17.29024306415307
system-5,system-5:displacement:6.5:6,108,displacement,6.5,22.561398639061107
system-1,system-1:displacement:-5.5:1,32,displacement,-5.5,10.980855651294252
system-1,system-1:displacement:6.5:2,88,displacement,6.5,12.780838474417152
system-5,system-5:displacement:-5.5:5,25,displacement,-5.5,17.55073091094542
system-5,system-5:displacement:6.5:6,109,displacement,6.5,22.55832870710805
system-1,system-1:displacement:-5.5:1,33,displacement,-5.5,11.05681286872954
system-1,system-1:displacement:6.5:2,89,displacement,6.5,12.766796550696295
system-5,system-5:displacement:-5.5:5,26,displacement,-5.5,17.798194365398146
system-5,system-5:displacement:6.5:6,110,displacement,6.5,22.555412271752648
system-1,system-1:displacement:6.5:2,90,displacement,6.5,12.75345672316148
system-5,system-5:displacement:6.5:6,111,displacement,6.5,22.552641658165015
system-1,system-1:displacement:-5.5:1,34,displacement,-5.5,11.128972225293063
system-5,system-5:displacement:-5.5:5,27,displacement,-5.5,18.033284647128237
system-1,system-1:displacement:6.5:2,91,displacement,6.5,12.740783887003406
system-1,system-1:displacement:-5.5:1,35,displacement,-5.5,11.19752361402841
system-5,system-5:displacement:6.5:6,112,displacement,6.5,22.550009575256766
system-5,system-5:displacement:-5.5:5,28,displacement,-5.5,18.256620414771824
system-1,system-1:displacement:6.5:2,92,displacement,6.5,12.728744692653237
system-5,system-5:displacement:6.5:6,113,displacement,6.5,22.54750909649393
system-5,system-5:displacement:-5.5:5,29,displacement,-5.5,18.468789394033234
system-1,system-1:displacement:-5.5:1,36,displacement,-5.5,11.26264743332699
system-1,system-1:displacement:6.5:2,93,displacement,6.5,12.717307458020574
system-5,system-5:displacement:6.5:6,114,displacement,6.5,22.54513364166923
system-5,system-5:displacement:-5.5:5,30,displacement,-5.5,18.67034992433157
system-1,system-1:displacement:-5.5:1,37,displacement,-5.5,11.324515061660641
system-5,system-5:displacement:6.5:6,115,displacement,6.5,22.54287695958577
system-5,system-5:displacement:-5.5:5,31,displacement,-5.5,18.861832428114994
system-1,system-1:displacement:6.5:2,94,displacement,6.5,12.706442085119546
system-1,system-1:displacement:-5.5:1,38,displacement,-5.5,11.38328930857761
system-5,system-5:displacement:6.5:6,116,displacement,6.5,22.54073311160648
system-1,system-1:displacement:6.5:2,95,displacement,6.5,12.69611998086357
system-5,system-5:displacement:-5.5:5,32,displacement,-5.5,19.043740806709245
system-5,system-5:displacement:6.5:6,117,displacement,6.5,22.53869645602616
system-1,system-1:displacement:6.5:2,96,displacement,6.5,12.68631398182039
system-1,system-1:displacement:-5.5:1,39,displacement,-5.5,11.43912484314873
system-5,system-5:displacement:-5.5:5,33,displacement,-5.5,19.21655376637378
system-5,system-5:displacement:6.5:6,118,displacement,6.5,22.536761633224852
system-5,system-5:displacement:6.5:6,119,displacement,6.5,22.534923551563608
system-1,system-1:displacement:6.5:2,97,displacement,6.5,12.676998282729372
system-1,system-1:displacement:-5.5:1,40,displacement,-5.5,11.492168600991292
system-5,system-5:displacement:-5.5:5,34,displacement,-5.5,19.380726078055094
system-5,system-5:displacement:6.5:6,120,displacement,6.5,22.533177373985428
system-1,system-1:displacement:6.5:2,98,displacement,6.5,12.668148368592902
system-1,system-1:displacement:-5.5:1,41,displacement,-5.5,11.542560170941726
system-5,system-5:displacement:-5.5:5,35,displacement,-5.5,19.53668977415234
system-5,system-5:displacement:6.5:6,121,displacement,6.5,22.531518505286158
system-1,system-1:displacement:6.5:2,99,displacement,6.5,12.659740950163258
system-1,system-1:displacement:-5.5:1,42,displacement,-5.5,11.59043216239464
system-5,system-5:displacement:-5.5:5,36,displacement,-5.5,19.684855285444723
system-5,system-5:displacement:6.5:6,122,displacement,6.5,22.52994258002185
system-1,system-1:displacement:6.5:2,100,displacement,6.5,12.651753902655095
system-1,system-1:displacement:-5.5:1,43,displacement,-5.5,11.635910554274908
system-5,system-5:displacement:6.5:6,123,displacement,6.5,22.528445451020758
system-5,system-5:displacement:-5.5:5,37,displacement,-5.5,19.825612521172488
system-1,system-1:displacement:6.5:2,101,displacement,6.5,12.64416620752234
system-5,system-5:displacement:6.5:6,124,displacement,6.5,22.52702317846972
system-1,system-1:displacement:-5.5:1,44,displacement,-5.5,11.679115026561162
system-5,system-5:displacement:-5.5:5,38,displacement,-5.5,19.959331895113863
system-5,system-5:displacement:6.5:6,125,displacement,6.5,22.52567201954623
system-1,system-1:displacement:6.5:2,102,displacement,6.5,12.636957897146225
system-1,system-1:displacement:-5.5:1,45,displacement,-5.5,11.720159275233103
system-1,system-1:displacement:6.5:2,103,displacement,6.5,12.630110002288914
system-5,system-5:displacement:6.5:6,126,displacement,6.5,22.52438841856892
system-5,system-5:displacement:-5.5:5,39,displacement,-5.5,20.08636530035817
system-1,system-1:displacement:-5.5:1,46,displacement,-5.5,11.759151311471447
system-1,system-1:displacement:6.5:2,104,displacement,6.5,12.623604502174468
system-5,system-5:displacement:6.5:6,127,displacement,6.5,22.52316899764047
system-5,system-5:displacement:-5.5:5,40,displacement,-5.5,20.207047035340263
system-1,system-1:displacement:-5.5:1,47,displacement,-5.5,11.796193745897874
system-1,system-1:displacement:6.5:2,105,displacement,6.5,12.617424277065744
system-5,system-5:displacement:-5.5:5,41,displacement,-5.5,20.32169468357325
system-5,system-5:displacement:6.5:6,128,displacement,6.5,22.52201054775845
system-1,system-1:displacement:-5.5:1,48,displacement,-5.5,11.83138405860298
system-1,system-1:displacement:6.5:2,106,displacement,6.5,12.611553063212456
system-5,system-5:displacement:-5.5:5,42,displacement,-5.5,20.430609949394587
system-5,system-5:displacement:6.5:6,129,displacement,6.5,22.520910020370525
system-1,system-1:displacement:6.5:2,107,displacement,6.5,12.605975410051833
system-1,system-1:displacement:-5.5:1,49,displacement,-5.5,11.864814855672831
system-5,system-5:displacement:6.5:6,130,displacement,6.5,22.519864519351998
system-1,system-1:displacement:6.5:2,108,displacement,6.5,12.600676639549242
system-5,system-5:displacement:-5.5:5,43,displacement,-5.5,20.534079451924857
system-5,system-5:displacement:6.5:6,131,displacement,6.5,22.518871293384397
system-1,system-1:displacement:6.5:2,109,displacement,6.5,12.59564280757178
system-5,system-5:displacement:-5.5:5,44,displacement,-5.5,20.632375479328616
system-1,system-1:displacement:-5.5:1,50,displacement,-5.5,11.896574112889189
system-1,system-1:displacement:6.5:2,110,displacement,6.5,12.59086066719319
system-5,system-5:displacement:6.5:6,132,displacement,6.5,22.517927728715176
system-5,system-5:displacement:-5.5:5,45,displacement,-5.5,20.725756705362183
system-1,system-1:displacement:6.5:2,111,displacement,6.5,12.58631763383353
system-5,system-5:displacement:6.5:6,133,displacement,6.5,22.517031342279417
system-1,system-1:displacement:-5.5:1,51,displacement,-5.5,11.926745407244729
system-1,system-1:displacement:6.5:2,112,displacement,6.5,12.582001752141855
system-5,system-5:displacement:-5.5:5,46,displacement,-5.5,20.814468870094075
system-5,system-5:displacement:6.5:6,134,displacement,6.5,22.516179775165448
system-1,system-1:displacement:-5.5:1,52,displacement,-5.5,11.955408136882493
system-1,system-1:displacement:6.5:2,113,displacement,6.5,12.577901664534762
system-5,system-5:displacement:-5.5:5,47,displacement,-5.5,20.89874542658937
system-5,system-5:displacement:6.5:6,135,displacement,6.5,22.515370786407175
system-5,system-5:displacement:-5.5:5,48,displacement,-5.5,20.9788081552599
system-5,system-5:displacement:6.5:6,136,displacement,6.5,22.514602247086817
system-1,system-1:displacement:-5.5:1,53,displacement,-5.5,11.982637730038368
system-1,system-1:displacement:6.5:2,114,displacement,6.5,12.574006581308025
system-1,system-1:displacement:6.5:2,115,displacement,6.5,12.570306252242624
system-5,system-5:displacement:-5.5:5,49,displacement,-5.5,21.054867747496907
system-5,system-5:displacement:6.5:6,137,displacement,6.5,22.513872134732477
system-1,system-1:displacement:-5.5:1,54,displacement,-5.5,12.00850584353645
system-1,system-1:displacement:6.5:2,116,displacement,6.5,12.566790939630492
system-5,system-5:displacement:6.5:6,138,displacement,6.5,22.51317852799585
system-1,system-1:displacement:6.5:2,117,displacement,6.5,12.563451392648966
system-1,system-1:displacement:-5.5:1,55,displacement,-5.5,12.033080551359626
system-5,system-5:displacement:6.5:6,139,displacement,6.5,22.512519601596058
system-5,system-5:displacement:-5.5:5,50,displacement,-5.5,21.12712436012206
system-1,system-1:displacement:6.5:2,118,displacement,6.5,12.560278823016517
system-5,system-5:displacement:6.5:6,140,displacement,6.5,22.511893621516254
system-1,system-1:displacement:-5.5:1,56,displacement,-5.5,12.056426523791645
system-1,system-1:displacement:6.5:2,119,displacement,6.5,12.557264881865692
system-5,system-5:displacement:-5.5:5,51,displacement,-5.5,21.19576814211596
system-5,system-5:displacement:6.5:6,141,displacement,6.5,22.51129894044044
system-1,system-1:displacement:-5.5:1,57,displacement,-5.5,12.078605197602062
system-1,system-1:displacement:6.5:2,120,displacement,6.5,12.554401637772408
system-5,system-5:displacement:-5.5:5,52,displacement,-5.5,21.26097973501016
system-1,system-1:displacement:6.5:2,121,displacement,6.5,12.551681555883787
system-5,system-5:displacement:6.5:6,142,displacement,6.5,22.51073399341842
system-1,system-1:displacement:-5.5:1,58,displacement,-5.5,12.099674937721959
system-1,system-1:displacement:6.5:2,122,displacement,6.5,12.549097478089598
system-5,system-5:displacement:-5.5:5,53,displacement,-5.5,21.32293074825965
system-5,system-5:displacement:6.5:6,143,displacement,6.5,22.5101972937475
system-1,system-1:displacement:6.5:2,123,displacement,6.5,12.546642604185118
system-5,system-5:displacement:-5.5:5,54,displacement,-5.5,21.381784210846668
system-5,system-5:displacement:6.5:6,144,displacement,6.5,22.509687429060126
system-1,system-1:displacement:-5.5:1,59,displacement,-5.5,12.11969119083586
system-1,system-1:displacement:6.5:2,124,displacement,6.5,12.544310473975862
system-5,system-5:displacement:-5.5:5,55,displacement,-5.5,21.437695000304334
system-5,system-5:displacement:6.5:6,145,displacement,6.5,22.50920305760712
system-1,system-1:displacement:6.5:2,125,displacement,6.5,12.54209495027707
system-1,system-1:displacement:-5.5:1,60,displacement,-5.5,12.138706631294067
system-5,system-5:displacement:-5.5:5,56,displacement,-5.5,21.49081025028912
system-5,system-5:displacement:6.5:6,146,displacement,6.5,22.508742904726763
system-1,system-1:displacement:-5.5:1,61,displacement,-5.5,12.156771299729364
system-1,system-1:displacement:6.5:2,126,displacement,6.5,12.539990202763217
system-5,system-5:displacement:-5.5:5,57,displacement,-5.5,21.541269737774662
system-5,system-5:displacement:6.5:6,147,displacement,6.5,22.508305759490426
system-1,system-1:displacement:6.5:2,127,displacement,6.5,12.537990692625057
system-1,system-1:displacement:-5.5:1,62,displacement,-5.5,12.173932734742896
system-5,system-5:displacement:6.5:6,148,displacement,6.5,22.507890471515903
system-5,system-5:displacement:-5.5:5,58,displacement,-5.5,21.58920625088593
system-1,system-1:displacement:6.5:2,128,displacement,6.5,12.536091157993804
system-5,system-5:displacement:6.5:6,149,displacement,6.5,22.507495947940107
system-1,system-1:displacement:-5.5:1,63,displacement,-5.5,12.190236098005752
system-5,system-5:displacement:-5.5:5,59,displacement,-5.5,21.634745938341634
system-1,system-1:displacement:6.5:2,129,displacement,6.5,12.534286600094113
system-5,system-5:displacement:6.5:6,150,displacement,6.5,22.507121150543103
system-1,system-1:displacement:6.5:2,130,displacement,6.5,12.532572270089407
system-5,system-5:displacement:-5.5:5,60,displacement,-5.5,21.67800864142455
system-1,system-1:displacement:-5.5:1,64,displacement,-5.5,12.205724293105463
system-5,system-5:displacement:6.5:6,151,displacement,6.5,22.506765093015947
system-1,system-1:displacement:6.5:2,131,displacement,6.5,12.530943656584936
system-1,system-1:displacement:-5.5:1,65,displacement,-5.5,12.22043807845019
system-5,system-5:displacement:-5.5:5,61,displacement,-5.5,21.719108209353323
system-5,system-5:displacement:6.5:6,152,displacement,6.5,22.50642683836515
system-1,system-1:displacement:6.5:2,132,displacement,6.5,12.529396473755689
system-5,system-5:displacement:-5.5:5,62,displacement,-5.5,21.758152798885657
system-1,system-1:displacement:-5.5:1,66,displacement,-5.5,12.23441617452768
system-5,system-5:displacement:6.5:6,153,displacement,6.5,22.506105496446892
system-1,system-1:displacement:6.5:2,133,displacement,6.5,12.527926650067904
system-5,system-5:displacement:-5.5:5,63,displacement,-5.5,21.795245158941373
system-5,system-5:displacement:6.5:6,154,displacement,6.5,22.505800221624547
system-1,system-1:displacement:-5.5:1,67,displacement,-5.5,12.247695365801297
system-1,system-1:displacement:6.5:2,134,displacement,6.5,12.526530317564509
system-5,system-5:displacement:6.5:6,155,displacement,6.5,22.50551021054332
system-1,system-1:displacement:6.5:2,135,displacement,6.5,12.525203801686283
system-1,system-1:displacement:-5.5:1,68,displacement,-5.5,12.260310597511232
system-5,system-5:displacement:6.5:6,156,displacement,6.5,22.505234700016153
system-5,system-5:displacement:-5.5:5,64,displacement,-5.5,21.830482900994305
system-1,system-1:displacement:6.5:2,136,displacement,6.5,12.523943611601968
system-1,system-1:displacement:-5.5:1,69,displacement,-5.5,12.272295067635671
system-1,system-1:displacement:6.5:2,137,displacement,6.5,12.52274643102187
system-5,system-5:displacement:6.5:6,157,displacement,6.5,22.504972965015344
system-5,system-5:displacement:-5.5:5,65,displacement,-5.5,21.86395875594459
system-1,system-1:displacement:6.5:2,138,displacement,6.5,12.521609109470777
system-1,system-1:displacement:-5.5:1,70,displacement,-5.5,12.283680314253887
system-5,system-5:displacement:6.5:6,158,displacement,6.5,22.504724316764577
system-1,system-1:displacement:6.5:2,139,displacement,6.5,12.52052865399724
system-1,system-1:displacement:-5.5:1,71,displacement,-5.5,12.294496298541192
system-5,system-5:displacement:6.5:6,159,displacement,6.5,22.50448810092635
system-5,system-5:displacement:-5.5:5,66,displacement,-5.5,21.895760818147362
system-1,system-1:displacement:6.5:2,140,displacement,6.5,12.519502221297378
system-5,system-5:displacement:6.5:6,160,displacement,6.5,22.50426369588003
system-1,system-1:displacement:6.5:2,141,displacement,6.5,12.518527110232508
system-1,system-1:displacement:-5.5:1,72,displacement,-5.5,12.304771483614132
system-5,system-5:displacement:-5.5:5,67,displacement,-5.5,21.925972777239995
system-1,system-1:displacement:6.5:2,142,displacement,6.5,12.517600754720883
system-1,system-1:displacement:-5.5:1,73,displacement,-5.5,12.314532909433426
system-5,system-5:displacement:-5.5:5,68,displacement,-5.5,21.954674138377996
system-1,system-1:displacement:6.5:2,143,displacement,6.5,12.516720716984839
system-1,system-1:displacement:-5.5:1,74,displacement,-5.5,12.323806263961755
system-5,system-5:displacement:-5.5:5,69,displacement,-5.5,21.981940431459098
system-1,system-1:displacement:6.5:2,144,displacement,6.5,12.515884681135597
system-5,system-5:displacement:-5.5:5,70,displacement,-5.5,22.007843409886142
system-1,system-1:displacement:-5.5:1,75,displacement,-5.5,12.332615950763667
system-1,system-1:displacement:6.5:2,145,displacement,6.5,12.515090447078817
system-5,system-5:displacement:-5.5:5,71,displacement,-5.5,22.032451239391836
system-1,system-1:displacement:-5.5:1,76,displacement,-5.5,12.340985153225484
system-1,system-1:displacement:6.5:2,146,displacement,6.5,12.514335924724877
system-5,system-5:displacement:-5.5:5,72,displacement,-5.5,22.055828677422245
system-1,system-1:displacement:-5.5:1,77,displacement,-5.5,12.34893589556421
system-1,system-1:displacement:6.5:2,147,displacement,6.5,12.513619128488633
system-1,system-1:displacement:6.5:2,148,displacement,6.5,12.512938172064201
system-5,system-5:displacement:-5.5:5,73,displacement,-5.5,22.078037243551133
system-1,system-1:displacement:-5.5:1,78,displacement,-5.5,12.356489100786
system-1,system-1:displacement:6.5:2,149,displacement,6.5,12.512291263460991
system-5,system-5:displacement:-5.5:5,74,displacement,-5.5,22.099135381373575
system-1,system-1:displacement:-5.5:1,79,displacement,-5.5,12.3636646457467
system-1,system-1:displacement:6.5:2,150,displacement,6.5,12.511676700287941
system-5,system-5:displacement:-5.5:5,75,displacement,-5.5,22.119178612304896
system-1,system-1:displacement:6.5:2,151,displacement,6.5,12.511092865273543
system-1,system-1:displacement:-5.5:1,80,displacement,-5.5,12.370481413459366
system-1,system-1:displacement:-5.5:1,81,displacement,-5.5,12.376957342786397
system-5,system-5:displacement:-5.5:5,76,displacement,-5.5,22.13821968168965
system-1,system-1:displacement:6.5:2,152,displacement,6.5,12.510538222009867
system-3,system-3:displacement:6.5:4,24,displacement,6.5,23.52426318584693
system-1,system-1:displacement:6.5:2,153,displacement,6.5,12.510011310909373
system-1,system-1:displacement:-5.5:1,82,displacement,-5.5,12.383109475647078
system-5,system-5:displacement:-5.5:5,77,displacement,-5.5,22.15630869760517
system-7,system-7:displacement:6.5:8,25,displacement,6.5,31.171764722214412
system-3,system-3:displacement:-5.5:3,28,displacement,-5.5,14.445754841048487
system-1,system-1:displacement:6.5:2,154,displacement,6.5,12.509510745363905
system-1,system-1:displacement:-5.5:1,83,displacement,-5.5,12.388954001864725
system-3,system-3:displacement:6.5:4,25,displacement,6.5,23.223050026554585
system-1,system-1:displacement:6.5:2,155,displacement,6.5,12.509035208095709
system-7,system-7:displacement:6.5:8,26,displacement,6.5,31.03817648610369
system-5,system-5:displacement:-5.5:5,78,displacement,-5.5,22.17349326272491
system-7,system-7:displacement:-5.5:7,38,displacement,-5.5,25.104957447035613
system-3,system-3:displacement:-5.5:3,29,displacement,-5.5,14.598467098996062
system-1,system-1:displacement:6.5:2,156,displacement,6.5,12.508583447690922
system-1,system-1:displacement:-5.5:1,84,displacement,-5.5,12.39450630177149
system-3,system-3:displacement:6.5:4,26,displacement,6.5,22.936897525226854
system-5,system-5:displacement:-5.5:5,79,displacement,-5.5,22.189818599588666
system-7,system-7:displacement:-5.5:7,39,displacement,-5.5,25.274709574683833
system-1,system-1:displacement:6.5:2,157,displacement,6.5,12.508154275306376
system-3,system-3:displacement:6.5:4,27,displacement,6.5,22.66505264896551
system-7,system-7:displacement:6.5:8,27,displacement,6.5,30.911267661798504
system-1,system-1:displacement:-5.5:1,85,displacement,-5.5,12.399780986682915
system-5,system-5:displacement:-5.5:5,80,displacement,-5.5,22.205327669609233
system-1,system-1:displacement:6.5:2,158,displacement,6.5,12.507746561541058
system-7,system-7:displacement:-5.5:7,40,displacement,-5.5,25.43597409594964
system-1,system-1:displacement:6.5:2,159,displacement,6.5,12.507359233464005
system-1,system-1:displacement:-5.5:1,86,displacement,-5.5,12.404791937348769
system-3,system-3:displacement:-5.5:3,30,displacement,-5.5,14.74354374404626
system-5,system-5:displacement:-5.5:5,81,displacement,-5.5,22.22006128612877
system-3,system-3:displacement:6.5:4,28,displacement,6.5,22.406800016517234
system-7,system-7:displacement:6.5:8,28,displacement,6.5,30.790704278708578
system-1,system-1:displacement:6.5:2,160,displacement,6.5,12.506991271790804
system-7,system-7:displacement:-5.5:7,41,displacement,-5.5,25.589175391152157
system-1,system-1:displacement:-5.5:1,87,displacement,-5.5,12.40955234048133
system-3,system-3:displacement:-5.5:3,31,displacement,-5.5,14.881366556843947
system-5,system-5:displacement:-5.5:5,82,displacement,-5.5,22.234058221822334
system-3,system-3:displacement:6.5:4,29,displacement,6.5,22.16146001569137
system-7,system-7:displacement:6.5:8,29,displacement,6.5,30.67616906477315
system-1,system-1:displacement:-5.5:1,88,displacement,-5.5,12.414074723457263
system-7,system-7:displacement:-5.5:7,42,displacement,-5.5,25.73471662159455
system-3,system-3:displacement:-5.5:3,32,displacement,-5.5,15.01229822900175
system-5,system-5:displacement:-5.5:5,83,displacement,-5.5,22.247355310731216
system-7,system-7:displacement:6.5:8,30,displacement,6.5,30.56736061153449
system-1,system-1:displacement:-5.5:1,89,displacement,-5.5,12.4183709872844
system-3,system-3:displacement:-5.5:3,33,displacement,-5.5,15.136683317551663
system-3,system-3:displacement:6.5:4,30,displacement,6.5,21.928387014906804
system-7,system-7:displacement:6.5:8,31,displacement,6.5,30.463992580957765
system-5,system-5:displacement:-5.5:5,84,displacement,-5.5,22.259987545194655
system-3,system-3:displacement:-5.5:3,34,displacement,-5.5,15.25484915167408
system-1,system-1:displacement:-5.5:1,90,displacement,-5.5,12.42245243792018
system-5,system-5:displacement:-5.5:5,85,displacement,-5.5,22.27198816793492
system-3,system-3:displacement:6.5:4,31,displacement,6.5,21.706967664161464
system-7,system-7:displacement:6.5:8,32,displacement,6.5,30.365792951909878
system-3,system-3:displacement:-5.5:3,35,displacement,-5.5,15.367106694090376
system-1,system-1:displacement:-5.5:1,91,displacement,-5.5,12.426329816024172
system-5,system-5:displacement:-5.5:5,86,displacement,-5.5,22.283388759538177
system-3,system-3:displacement:6.5:4,32,displacement,6.5,21.49661928095339
system-3,system-3:displacement:-5.5:3,36,displacement,-5.5,15.473751359385858
system-1,system-1:displacement:-5.5:1,92,displacement,-5.5,12.430013325222964
system-5,system-5:displacement:-5.5:5,87,displacement,-5.5,22.29421932156127
system-7,system-7:displacement:6.5:8,33,displacement,6.5,30.272503304314384
system-3,system-3:displacement:6.5:4,33,displacement,6.5,21.29678831690572
system-3,system-3:displacement:-5.5:3,37,displacement,-5.5,15.575063791416564
system-1,system-1:displacement:-5.5:1,93,displacement,-5.5,12.433512658961815
system-7,system-7:displacement:6.5:8,34,displacement,6.5,30.183878139098663
system-3,system-3:displacement:6.5:4,34,displacement,6.5,21.106948901060434
system-5,system-5:displacement:-5.5:5,88,displacement,-5.5,22.304508355483204
system-1,system-1:displacement:-5.5:1,94,displacement,-5.5,12.436837026013725
system-3,system-3:displacement:-5.5:3,38,displacement,-5.5,15.671310601845736
system-7,system-7:displacement:6.5:8,35,displacement,6.5,30.09968423214373
system-3,system-3:displacement:6.5:4,35,displacement,6.5,20.92660145600741
system-5,system-5:displacement:-5.5:5,89,displacement,-5.5,22.314282937709045
system-1,system-1:displacement:-5.5:1,95,displacement,-5.5,12.439995174713038
system-3,system-3:displacement:6.5:4,36,displacement,6.5,20.75527138320704
system-5,system-5:displacement:-5.5:5,90,displacement,-5.5,22.323568790823593
system-3,system-3:displacement:-5.5:3,39,displacement,-5.5,15.76274507175345
system-7,system-7:displacement:6.5:8,36,displacement,6.5,30.019700020536543
system-1,system-1:displacement:-5.5:1,96,displacement,-5.5,12.442995415977386
system-3,system-3:displacement:6.5:4,37,displacement,6.5,20.59250781404669
system-7,system-7:displacement:6.5:8,37,displacement,6.5,29.943715019509717
system-5,system-5:displacement:-5.5:5,91,displacement,-5.5,22.332390351282413
system-3,system-3:displacement:-5.5:3,40,displacement,-5.5,15.849607818165778
system-1,system-1:displacement:-5.5:1,97,displacement,-5.5,12.445845645178517
system-3,system-3:displacement:6.5:4,38,displacement,6.5,20.437882423344355
system-3,system-3:displacement:-5.5:3,41,displacement,-5.5,15.93212742725749
system-5,system-5:displacement:-5.5:5,92,displacement,-5.5,22.34077083371829
system-3,system-3:displacement:6.5:4,39,displacement,6.5,20.290988302177137
system-3,system-3:displacement:-5.5:3,42,displacement,-5.5,16.010521055894614
system-5,system-5:displacement:-5.5:5,93,displacement,-5.5,22.348732292032377
system-3,system-3:displacement:6.5:4,40,displacement,6.5,20.15143888706828
system-3,system-3:displacement:-5.5:3,43,displacement,-5.5,16.084995003099884
system-3,system-3:displacement:6.5:4,41,displacement,6.5,20.018866942714865
system-3,system-3:displacement:-5.5:3,44,displacement,-5.5,16.15574525294489
system-3,system-3:displacement:6.5:4,42,displacement,6.5,19.892923595579123
system-3,system-3:displacement:-5.5:3,45,displacement,-5.5,16.222957990297644
system-3,system-3:displacement:-5.5:3,46,displacement,-5.5,16.28681009078276
system-3,system-3:displacement:6.5:4,43,displacement,6.5,19.773277415800166
system-3,system-3:displacement:-5.5:3,47,displacement,-5.5,16.347469586243623
system-3,system-3:displacement:6.5:4,44,displacement,6.5,19.659613545010156
system-3,system-3:displacement:-5.5:3,48,displacement,-5.5,16.405096106931442
system-3,system-3:displacement:6.5:4,45,displacement,6.5,19.551632867759647
system-3,system-3:displacement:-5.5:3,49,displacement,-5.5,16.45984130158487
system-3,system-3:displacement:6.5:4,46,displacement,6.5,19.449051224371665
system-3,system-3:displacement:-5.5:3,50,displacement,-5.5,16.511849236505626
system-3,system-3:displacement:6.5:4,47,displacement,6.5,19.351598663153084
system-3,system-3:displacement:-5.5:3,51,displacement,-5.5,16.561256774680345
system-3,system-3:displacement:6.5:4,48,displacement,6.5,19.25901872999543
system-3,system-3:displacement:6.5:4,49,displacement,6.5,19.171067793495656
system-3,system-3:displacement:6.5:4,50,displacement,6.5,19.087514403820872
system-3,system-3:displacement:6.5:4,51,displacement,6.5,19.008138683629827
system-3,system-3:displacement:6.5:4,52,displacement,6.5,18.932731749448337
system-3,system-3:displacement:6.5:4,53,displacement,6.5,18.86109516197592
system-3,system-3:displacement:6.5:4,54,displacement,6.5,18.793040403877125
system-3,system-3:displacement:6.5:4,55,displacement,6.5,18.728388383683267
system-3,system-3:displacement:6.5:4,56,displacement,6.5,18.666968964499105
system-3,system-3:displacement:6.5:4,57,displacement,6.5,18.60862051627415
system-3,system-3:displacement:6.5:4,58,displacement,6.5,18.553189490460444
system-3,system-3:displacement:6.5:4,59,displacement,6.5,18.50053001593742
system-3,system-3:displacement:6.5:4,60,displacement,6.5,18.45050351514055
system-3,system-3:displacement:6.5:4,61,displacement,6.5,18.402978339383523
system-3,system-3:displacement:6.5:4,62,displacement,6.5,18.357829422414348
system-3,system-3:displacement:6.5:4,63,displacement,6.5,18.31493795129363
system-3,system-3:displacement:6.5:4,64,displacement,6.5,18.27419105372895
system-3,system-3:displacement:6.5:4,65,displacement,6.5,18.2354815010425
system-3,system-3:displacement:6.5:4,66,displacement,6.5,18.198707425990374
system-3,system-3:displacement:6.5:4,67,displacement,6.5,18.163772054690856
system-3,system-3:displacement:6.5:4,68,displacement,6.5,18.130583451956312
system-3,system-3:displacement:6.5:4,69,displacement,6.5,18.099054279358498
system-3,system-3:displacement:6.5:4,70,displacement,6.5,18.06910156539057
system-3,system-3:displacement:6.5:4,71,displacement,6.5,18.040646487121045
system-3,system-3:displacement:6.5:4,72,displacement,6.5,18.01361416276499
system-3,system-3:displacement:6.5:4,73,displacement,6.5,17.98793345462674
system-3,system-3:displacement:6.5:4,74,displacement,6.5,17.963536781895403
system-3,system-3:displacement:6.5:4,75,displacement,6.5,17.940359942800633
system-3,system-3:displacement:6.5:4,76,displacement,6.5,17.9183419456606
system-3,system-3:displacement:6.5:4,77,displacement,6.5,17.89742484837757
system-3,system-3:displacement:6.5:4,78,displacement,6.5,17.877553605958692
system-3,system-3:displacement:6.5:4,79,displacement,6.5,17.85867592566076
system-3,system-3:displacement:6.5:4,80,displacement,6.5,17.84074212937772
system-3,system-3:displacement:6.5:4,81,displacement,6.5,17.823705022908833
system-3,system-3:displacement:6.5:4,82,displacement,6.5,17.807519771763392
system-3,system-3:displacement:6.5:4,83,displacement,6.5,17.792143783175224
system-3,system-3:displacement:6.5:4,84,displacement,6.5,17.777536594016464
system-3,system-3:displacement:6.5:4,85,displacement,6.5,17.76365976431564
system-3,system-3:displacement:6.5:4,86,displacement,6.5,17.75047677609986
system-3,system-3:displacement:6.5:4,87,displacement,6.5,17.737952937294867
system-3,system-3:displacement:6.5:4,88,displacement,6.5,17.726055290430125
system-3,system-3:displacement:6.5:4,89,displacement,6.5,17.71475252590862
system-3,system-3:displacement:6.5:4,90,displacement,6.5,17.70401489961319
system-3,system-3:displacement:6.5:4,91,displacement,6.5,17.69381415463253
system-3,system-3:displacement:6.5:4,92,displacement,6.5,17.684123446900905
system-3,system-3:displacement:6.5:4,93,displacement,6.5,17.67491727455586
system-3,system-3:displacement:6.5:4,94,displacement,6.5,17.666171410828067
system-3,system-3:displacement:6.5:4,95,displacement,6.5,17.657862840286665
system-3,system-3:displacement:6.5:4,96,displacement,6.5,17.649969698272333
system-3,system-3:displacement:6.5:4,97,displacement,6.5,17.642471213358718
system-3,system-3:displacement:6.5:4,98,displacement,6.5,17.635347652690783
system-3,system-3:displacement:6.5:4,99,displacement,6.5,17.628580270056244
system-3,system-3:displacement:6.5:4,100,displacement,6.5,17.62215125655343
system-3,system-3:displacement:6.5:4,101,displacement,6.5,17.616043693725757
system-3,system-3:displacement:6.5:4,102,displacement,6.5,17.61024150903947
system-3,system-3:displacement:6.5:4,103,displacement,6.5,17.604729433587494
system-3,system-3:displacement:6.5:4,104,displacement,6.5,17.59949296190812
system-3,system-3:displacement:6.5:4,105,displacement,6.5,17.594518313812713
system-3,system-3:displacement:6.5:4,106,displacement,6.5,17.58979239812208
system-3,system-3:displacement:6.5:4,107,displacement,6.5,17.585302778215976
system-3,system-3:displacement:6.5:4,108,displacement,6.5,17.581037639305176
system-3,system-3:displacement:6.5:4,109,displacement,6.5,17.576985757339916
system-3,system-3:displacement:6.5:4,110,displacement,6.5,17.57313646947292
system-3,system-3:displacement:6.5:4,111,displacement,6.5,17.569479645999273
system-3,system-3:displacement:6.5:4,112,displacement,6.5,17.566005663699308
system-3,system-3:displacement:6.5:4,113,displacement,6.5,17.56270538051434
system-3,system-3:displacement:6.5:4,114,displacement,6.5,17.559570111488625
system-3,system-3:displacement:6.5:4,115,displacement,6.5,17.556591605914193
system-3,system-3:displacement:6.5:4,116,displacement,6.5,17.553762025618482
system-3,system-3:displacement:6.5:4,117,displacement,6.5,17.551073924337558
system-3,system-3:displacement:6.5:4,118,displacement,6.5,17.54852022812068
system-3,system-3:displacement:6.5:4,119,displacement,6.5,17.546094216714646
system-3,system-3:displacement:6.5:4,120,displacement,6.5,17.543789505878912
system-3,system-3:displacement:6.5:4,121,displacement,6.5,17.541600030584966
system-3,system-3:displacement:6.5:4,122,displacement,6.5,17.53952002905572
system-3,system-3:displacement:6.5:4,123,displacement,6.5,17.537544027602934
system-3,system-3:displacement:6.5:4,124,displacement,6.5,17.535666826222787
system-3,system-3:displacement:6.5:4,125,displacement,6.5,17.533883484911648
system-3,system-3:displacement:6.5:4,126,displacement,6.5,17.532189310666066
system-3,system-3:displacement:6.5:4,127,displacement,6.5,17.530579845132763
system-3,system-3:displacement:6.5:4,128,displacement,6.5,17.529050852876125
system-3,system-3:displacement:6.5:4,129,displacement,6.5,17.527598310232317
system-3,system-3:displacement:6.5:4,130,displacement,6.5,17.5262183947207
system-3,system-3:displacement:6.5:4,131,displacement,6.5,17.524907474984666
system-3,system-3:displacement:6.5:4,132,displacement,6.5,17.52366210123543
system-3,system-3:displacement:6.5:4,133,displacement,6.5,17.52247899617366
system-3,system-3:displacement:6.5:4,134,displacement,6.5,17.521355046364977
system-3,system-3:displacement:6.5:4,135,displacement,6.5,17.520287294046728
system-3,system-3:displacement:6.5:4,136,displacement,6.5,17.519272929344393
system-3,system-3:displacement:6.5:4,137,displacement,6.5,17.518309282877173
system-3,system-3:displacement:6.5:4,138,displacement,6.5,17.517393818733314
system-3,system-3:displacement:6.5:4,139,displacement,6.5,17.51652412779665
system-3,system-3:displacement:6.5:4,140,displacement,6.5,17.51569792140682
system-7,system-7:displacement:-5.5:7,43,displacement,-5.5,25.872980790514823
system-7,system-7:displacement:-5.5:7,44,displacement,-5.5,26.00433175098908
system-7,system-7:displacement:-5.5:7,45,displacement,-5.5,26.12911516343963
system-7,system-7:displacement:-5.5:7,46,displacement,-5.5,26.247659405267648
system-7,system-7:displacement:-5.5:7,47,displacement,-5.5,26.360276435004266
system-1,system-1:displacement:-5.5:1,98,displacement,-5.5,12.448553362919592
system-7,system-7:displacement:6.5:8,38,displacement,6.5,29.871529268534232
system-1,system-1:displacement:-5.5:1,99,displacement,-5.5,12.451125694773612
system-7,system-7:displacement:6.5:8,39,displacement,6.5,29.80295280510752
system-1,system-1:displacement:-5.5:1,100,displacement,-5.5,12.453569410034932
system-7,system-7:displacement:6.5:8,40,displacement,6.5,29.737805164852144
system-1,system-1:displacement:-5.5:1,101,displacement,-5.5,12.455890939533186
system-5,system-5:displacement:-5.5:5,94,displacement,-5.5,22.356295677430758
system-1,system-1:displacement:-5.5:1,102,displacement,-5.5,12.458096392556527
system-7,system-7:displacement:6.5:8,41,displacement,6.5,29.67591490660954
system-5,system-5:displacement:-5.5:5,95,displacement,-5.5,22.36348089355922
system-1,system-1:displacement:-5.5:1,103,displacement,-5.5,12.4601915729287
system-7,system-7:displacement:6.5:8,42,displacement,6.5,29.61711916127906
system-5,system-5:displacement:-5.5:5,96,displacement,-5.5,22.37030684888126
system-1,system-1:displacement:-5.5:1,104,displacement,-5.5,12.462181994282265
system-5,system-5:displacement:-5.5:5,97,displacement,-5.5,22.376791506437197
system-1,system-1:displacement:-5.5:1,105,displacement,-5.5,12.464072894568151
system-1,system-1:displacement:-5.5:1,106,displacement,-5.5,12.465869249839743
system-5,system-5:displacement:-5.5:5,98,displacement,-5.5,22.382951931115336
system-1,system-1:displacement:-5.5:1,107,displacement,-5.5,12.467575787347757
system-1,system-1:displacement:-5.5:1,108,displacement,-5.5,12.469196997980369
system-5,system-5:displacement:-5.5:5,99,displacement,-5.5,22.38880433455957
system-1,system-1:displacement:-5.5:1,109,displacement,-5.5,12.47073714808135
system-1,system-1:displacement:-5.5:1,110,displacement,-5.5,12.472200290677282
system-5,system-5:displacement:-5.5:5,100,displacement,-5.5,22.394364117831593
system-1,system-1:displacement:-5.5:1,111,displacement,-5.5,12.473590276143419
system-3,system-3:displacement:-5.5:3,52,displacement,-5.5,16.60819393594633
system-5,system-5:displacement:-5.5:5,101,displacement,-5.5,22.399645911940013
system-1,system-1:displacement:-5.5:1,112,displacement,-5.5,12.474910762336249
system-5,system-5:displacement:-5.5:5,102,displacement,-5.5,22.40466361634301
system-1,system-1:displacement:-5.5:1,113,displacement,-5.5,12.476165224219436
system-3,system-3:displacement:-5.5:3,53,displacement,-5.5,16.65278423914901
system-5,system-5:displacement:-5.5:5,103,displacement,-5.5,22.40943043552586
system-1,system-1:displacement:-5.5:1,114,displacement,-5.5,12.477356963008464
system-5,system-5:displacement:-5.5:5,104,displacement,-5.5,22.413958913749568
system-3,system-3:displacement:-5.5:3,54,displacement,-5.5,16.69514502719156
system-1,system-1:displacement:-5.5:1,115,displacement,-5.5,12.478489114858041
system-5,system-5:displacement:-5.5:5,105,displacement,-5.5,22.41826096806209
system-1,system-1:displacement:-5.5:1,116,displacement,-5.5,12.47956465911514
system-5,system-5:displacement:-5.5:5,106,displacement,-5.5,22.422347919658986
system-1,system-1:displacement:-5.5:1,117,displacement,-5.5,12.480586426159382
system-3,system-3:displacement:-5.5:3,55,displacement,-5.5,16.735387775831985
system-5,system-5:displacement:-5.5:5,107,displacement,-5.5,22.426230523676036
system-1,system-1:displacement:-5.5:1,118,displacement,-5.5,12.481557104851413
system-5,system-5:displacement:-5.5:5,108,displacement,-5.5,22.429918997492234
system-3,system-3:displacement:-5.5:3,56,displacement,-5.5,16.773618387040386
system-1,system-1:displacement:-5.5:1,119,displacement,-5.5,12.482479249608843
system-5,system-5:displacement:-5.5:5,109,displacement,-5.5,22.433423047617623
system-1,system-1:displacement:-5.5:1,120,displacement,-5.5,12.4833552871284
system-3,system-3:displacement:-5.5:3,57,displacement,-5.5,16.809937467688368
system-5,system-5:displacement:-5.5:5,110,displacement,-5.5,22.436751895236743
system-1,system-1:displacement:-5.5:1,121,displacement,-5.5,12.48418752277198
system-3,system-3:displacement:-5.5:3,58,displacement,-5.5,16.84444059430395
system-1,system-1:displacement:-5.5:1,122,displacement,-5.5,12.484978146633381
system-5,system-5:displacement:-5.5:5,111,displacement,-5.5,22.439914300474907
system-3,system-3:displacement:-5.5:3,59,displacement,-5.5,16.877218564588752
system-1,system-1:displacement:-5.5:1,123,displacement,-5.5,12.485729239301712
system-1,system-1:displacement:-5.5:1,124,displacement,-5.5,12.486442777336626
system-5,system-5:displacement:-5.5:5,112,displacement,-5.5,22.44291858545116
system-3,system-3:displacement:-5.5:3,60,displacement,-5.5,16.908357636359312
system-1,system-1:displacement:-5.5:1,125,displacement,-5.5,12.487120638469793
system-5,system-5:displacement:-5.5:5,113,displacement,-5.5,22.4457726561786
system-3,system-3:displacement:-5.5:3,61,displacement,-5.5,16.937939754541347
system-5,system-5:displacement:-5.5:5,114,displacement,-5.5,22.44848402336967
system-1,system-1:displacement:-5.5:1,126,displacement,-5.5,12.487764606546303
system-3,system-3:displacement:-5.5:3,62,displacement,-5.5,16.96604276681428
system-1,system-1:displacement:-5.5:1,127,displacement,-5.5,12.488376376218987
system-3,system-3:displacement:-5.5:3,63,displacement,-5.5,16.992740628473566
system-5,system-5:displacement:-5.5:5,115,displacement,-5.5,22.451059822201184
system-5,system-5:displacement:-5.5:5,116,displacement,-5.5,22.453506831091126
system-3,system-3:displacement:-5.5:3,64,displacement,-5.5,17.018103597049887
system-1,system-1:displacement:-5.5:1,128,displacement,-5.5,12.488957557408037
system-5,system-5:displacement:-5.5:5,117,displacement,-5.5,22.45583148953657
system-1,system-1:displacement:-5.5:1,129,displacement,-5.5,12.489509679537635
system-3,system-3:displacement:-5.5:3,65,displacement,-5.5,17.042198417197394
system-3,system-3:displacement:-5.5:3,66,displacement,-5.5,17.065088496337523
system-1,system-1:displacement:-5.5:1,130,displacement,-5.5,12.490034195560753
system-1,system-1:displacement:-5.5:1,131,displacement,-5.5,12.490532485782715
system-3,system-3:displacement:-5.5:3,67,displacement,-5.5,17.08683407152065
system-1,system-1:displacement:-5.5:1,132,displacement,-5.5,12.49100586149358
system-3,system-3:displacement:-5.5:3,68,displacement,-5.5,17.107492367944616
system-1,system-1:displacement:-5.5:1,133,displacement,-5.5,12.491455568418901
system-1,system-1:displacement:-5.5:1,134,displacement,-5.5,12.491882789997957
system-3,system-3:displacement:-5.5:3,69,displacement,-5.5,17.127117749547384
system-1,system-1:displacement:-5.5:1,135,displacement,-5.5,12.49228865049806
system-1,system-1:displacement:-5.5:1,136,displacement,-5.5,12.492674217973157
system-3,system-3:displacement:-5.5:3,70,displacement,-5.5,17.145761862070014
system-1,system-1:displacement:-5.5:1,137,displacement,-5.5,12.493040507074499
system-3,system-3:displacement:-5.5:3,71,displacement,-5.5,17.16347376896651
system-1,system-1:displacement:-5.5:1,138,displacement,-5.5,12.493388481720773
system-1,system-1:displacement:-5.5:1,139,displacement,-5.5,12.493719057634735
system-3,system-3:displacement:-5.5:3,72,displacement,-5.5,17.180300080518187
system-1,system-1:displacement:-5.5:1,140,displacement,-5.5,12.494033104752997
system-3,system-3:displacement:-5.5:3,73,displacement,-5.5,17.196285076492277
system-1,system-1:displacement:-5.5:1,141,displacement,-5.5,12.494331449515347
system-3,system-3:displacement:-5.5:3,74,displacement,-5.5,17.211470822667664
system-1,system-1:displacement:-5.5:1,142,displacement,-5.5,12.494614877039579
system-1,system-1:displacement:-5.5:1,143,displacement,-5.5,12.4948841331876
system-3,system-3:displacement:-5.5:3,75,displacement,-5.5,17.22589728153428
system-1,system-1:displacement:-5.5:1,144,displacement,-5.5,12.495139926528221
system-3,system-3:displacement:-5.5:3,76,displacement,-5.5,17.239602417457565
system-1,system-1:displacement:-5.5:1,145,displacement,-5.5,12.49538293020181
system-1,system-1:displacement:-5.5:1,146,displacement,-5.5,12.49561378369172
system-1,system-1:displacement:-5.5:1,147,displacement,-5.5,12.495833094507134
system-1,system-1:displacement:-5.5:1,148,displacement,-5.5,12.496041439781777
system-1,system-1:displacement:-5.5:1,149,displacement,-5.5,12.496239367792688
system-1,system-1:displacement:-5.5:1,150,displacement,-5.5,12.496427399403053
system-1,system-1:displacement:-5.5:1,151,displacement,-5.5,12.4966060294329
system-1,system-1:displacement:-5.5:1,152,displacement,-5.5,12.496775727961255
system-1,system-1:displacement:-5.5:1,153,displacement,-5.5,12.496936941563192
system-1,system-1:displacement:-5.5:1,154,displacement,-5.5,12.497090094485031
system-1,system-1:displacement:-5.5:1,155,displacement,-5.5,12.49723558976078
system-1,system-1:displacement:-5.5:1,156,displacement,-5.5,12.497373810272741
system-1,system-1:displacement:-5.5:1,157,displacement,-5.5,12.497505119759104
system-1,system-1:displacement:-5.5:1,158,displacement,-5.5,12.497629863771149
system-1,system-1:displacement:-5.5:1,159,displacement,-5.5,12.497748370582592
system-1,system-1:displacement:-5.5:1,160,displacement,-5.5,12.497860952053463
system-3,system-3:displacement:6.5:4,141,displacement,6.5,17.514913025336476
system-3,system-3:displacement:6.5:4,142,displacement,6.5,17.51416737406965
system-3,system-3:displacement:6.5:4,143,displacement,6.5,17.51345900536617
system-3,system-3:displacement:6.5:4,144,displacement,6.5,17.51278605509786
system-3,system-3:displacement:6.5:4,145,displacement,6.5,17.512146752342964
system-3,system-3:displacement:6.5:4,146,displacement,6.5,17.511539414725817
system-3,system-3:displacement:6.5:4,147,displacement,6.5,17.510962443989527
system-3,system-3:displacement:6.5:4,148,displacement,6.5,17.51041432179005
system-3,system-3:displacement:6.5:4,149,displacement,6.5,17.509893605700547
system-3,system-3:displacement:6.5:4,150,displacement,6.5,17.50939892541552
system-3,system-3:displacement:6.5:4,151,displacement,6.5,17.508928979144745
system-3,system-3:displacement:6.5:4,152,displacement,6.5,17.508482530187507
system-3,system-3:displacement:6.5:4,153,displacement,6.5,17.50805840367813
system-3,system-3:displacement:6.5:4,154,displacement,6.5,17.507655483494226
system-3,system-3:displacement:6.5:4,155,displacement,6.5,17.507272709319516
system-7,system-7:displacement:-5.5:7,48,displacement,-5.5,26.467262613254054
system-3,system-3:displacement:6.5:4,156,displacement,6.5,17.50690907385354
system-3,system-3:displacement:6.5:4,157,displacement,6.5,17.50656362016086
system-7,system-7:displacement:-5.5:7,49,displacement,-5.5,26.568899482591352
system-3,system-3:displacement:6.5:4,158,displacement,6.5,17.506235439152817
system-3,system-3:displacement:6.5:4,159,displacement,6.5,17.505923667195177
system-7,system-7:displacement:-5.5:7,50,displacement,-5.5,26.665454508461785
system-3,system-3:displacement:6.5:4,160,displacement,6.5,17.50562748383542
system-7,system-7:displacement:-5.5:7,51,displacement,-5.5,26.757181783038696
system-7,system-7:displacement:-5.5:7,52,displacement,-5.5,26.84432269388676
system-7,system-7:displacement:-5.5:7,53,displacement,-5.5,26.92710655919242
system-7,system-7:displacement:-5.5:7,54,displacement,-5.5,27.0057512312328
system-7,system-7:displacement:-5.5:7,55,displacement,-5.5,27.08046366967116
system-7,system-7:displacement:-5.5:7,56,displacement,-5.5,27.151440486187603
system-7,system-7:displacement:-5.5:7,57,displacement,-5.5,27.218868461878223
system-7,system-7:displacement:6.5:8,43,displacement,6.5,29.561263203215105
system-7,system-7:displacement:-5.5:7,58,displacement,-5.5,27.282925038784313
system-7,system-7:displacement:6.5:8,44,displacement,6.5,29.50820004305435
system-7,system-7:displacement:-5.5:7,59,displacement,-5.5,27.343778786845096
system-7,system-7:displacement:6.5:8,45,displacement,6.5,29.457790040901635
system-7,system-7:displacement:-5.5:7,60,displacement,-5.5,27.40158984750284
system-7,system-7:displacement:6.5:8,46,displacement,6.5,29.409900538856554
system-7,system-7:displacement:-5.5:7,61,displacement,-5.5,27.456510355127698
system-7,system-7:displacement:6.5:8,47,displacement,6.5,29.364405511913727
system-7,system-7:displacement:-5.5:7,62,displacement,-5.5,27.508684837371312
system-7,system-7:displacement:6.5:8,48,displacement,6.5,29.32118523631804
system-7,system-7:displacement:-5.5:7,63,displacement,-5.5,27.55825059550275
system-7,system-7:displacement:6.5:8,49,displacement,6.5,29.280125974502138
system-7,system-7:displacement:-5.5:7,64,displacement,-5.5,27.60533806572761
system-7,system-7:displacement:-5.5:7,65,displacement,-5.5,27.650071162441233
system-7,system-7:displacement:6.5:8,50,displacement,6.5,29.241119675777032
system-7,system-7:displacement:-5.5:7,66,displacement,-5.5,27.69256760431917
system-7,system-7:displacement:6.5:8,51,displacement,6.5,29.204063691988182
system-7,system-7:displacement:-5.5:7,67,displacement,-5.5,27.732939224103212
system-7,system-7:displacement:6.5:8,52,displacement,6.5,29.16886050738877
system-7,system-7:displacement:-5.5:7,68,displacement,-5.5,27.77129226289805
system-7,system-7:displacement:6.5:8,53,displacement,6.5,29.13541748201933
system-7,system-7:displacement:-5.5:7,69,displacement,-5.5,27.807727649753147
system-7,system-7:displacement:6.5:8,54,displacement,6.5,29.103646607918364
system-7,system-7:displacement:-5.5:7,70,displacement,-5.5,27.84234126726549
system-7,system-7:displacement:6.5:8,55,displacement,6.5,29.073464277522447
system-7,system-7:displacement:-5.5:7,71,displacement,-5.5,27.875224203902214
system-7,system-7:displacement:6.5:8,56,displacement,6.5,29.044791063646326
system-7,system-7:displacement:-5.5:7,72,displacement,-5.5,27.906462993707102
system-7,system-7:displacement:6.5:8,57,displacement,6.5,29.01755151046401
system-7,system-7:displacement:-5.5:7,73,displacement,-5.5,27.936139844021746
system-7,system-7:displacement:6.5:8,58,displacement,6.5,28.99167393494081
system-7,system-7:displacement:-5.5:7,74,displacement,-5.5,27.964332851820657
system-7,system-7:displacement:6.5:8,59,displacement,6.5,28.96709023819377
system-7,system-7:displacement:-5.5:7,75,displacement,-5.5,27.991116209229624
system-7,system-7:displacement:6.5:8,60,displacement,6.5,28.943735726284082
system-7,system-7:displacement:-5.5:7,76,displacement,-5.5,28.016560398768142
system-7,system-7:displacement:6.5:8,61,displacement,6.5,28.921548939969878
system-7,system-7:displacement:-5.5:7,77,displacement,-5.5,28.040732378829734
system-7,system-7:displacement:-5.5:7,78,displacement,-5.5,28.063695759888247
system-7,system-7:displacement:6.5:8,62,displacement,6.5,28.900471492971384
system-7,system-7:displacement:-5.5:7,79,displacement,-5.5,28.085510971893836
system-7,system-7:displacement:6.5:8,63,displacement,6.5,28.880447918322815
system-7,system-7:displacement:-5.5:7,80,displacement,-5.5,28.106235423299143
system-7,system-7:displacement:6.5:8,64,displacement,6.5,28.861425522406673
system-7,system-7:displacement:-5.5:7,81,displacement,-5.5,28.125923652134187
system-7,system-7:displacement:6.5:8,65,displacement,6.5,28.84335424628634
system-7,system-7:displacement:6.5:8,66,displacement,6.5,28.82618653397202
system-7,system-7:displacement:-5.5:7,82,displacement,-5.5,28.144627469527478
system-7,system-7:displacement:-5.5:7,83,displacement,-5.5,28.162396096051104
system-7,system-7:displacement:6.5:8,67,displacement,6.5,28.80987720727342
system-7,system-7:displacement:6.5:8,68,displacement,6.5,28.79438334690975
system-7,system-7:displacement:-5.5:7,84,displacement,-5.5,28.17927629124855
system-7,system-7:displacement:-5.5:7,85,displacement,-5.5,28.19531247668612
system-7,system-7:displacement:6.5:8,69,displacement,6.5,28.779664179564264
system-7,system-7:displacement:-5.5:7,86,displacement,-5.5,28.210546852851813
system-7,system-7:displacement:-5.5:7,87,displacement,-5.5,28.225019510209222
system-7,system-7:displacement:-5.5:7,88,displacement,-5.5,28.23876853469876
system-5,system-5:displacement:-5.5:5,118,displacement,-5.5,22.458039915059743
system-7,system-7:displacement:-5.5:7,89,displacement,-5.5,28.251830107963823
system-5,system-5:displacement:-5.5:5,119,displacement,-5.5,22.460137919306757
system-7,system-7:displacement:-5.5:7,90,displacement,-5.5,28.26423860256563
system-5,system-5:displacement:-5.5:5,120,displacement,-5.5,22.462131023341417
system-5,system-5:displacement:-5.5:5,121,displacement,-5.5,22.464024472174348
system-7,system-7:displacement:-5.5:7,91,displacement,-5.5,28.27602667243735
system-5,system-5:displacement:-5.5:5,122,displacement,-5.5,22.46582324856563
system-7,system-7:displacement:-5.5:7,92,displacement,-5.5,28.28722533881548
system-5,system-5:displacement:-5.5:5,123,displacement,-5.5,22.46753208613735
system-7,system-7:displacement:-5.5:7,93,displacement,-5.5,28.297864071874706
system-5,system-5:displacement:-5.5:5,124,displacement,-5.5,22.469155481830484
system-7,system-7:displacement:-5.5:7,94,displacement,-5.5,28.30797086828097
system-5,system-5:displacement:-5.5:5,125,displacement,-5.5,22.47069770773896
system-7,system-7:displacement:-5.5:7,95,displacement,-5.5,28.317572324866923
system-7,system-7:displacement:-5.5:7,96,displacement,-5.5,28.326693708623576
system-5,system-5:displacement:-5.5:5,126,displacement,-5.5,22.47216282235201
system-7,system-7:displacement:-5.5:7,97,displacement,-5.5,28.335359023192396
system-5,system-5:displacement:-5.5:5,127,displacement,-5.5,22.47355468123441
system-7,system-7:displacement:-5.5:7,98,displacement,-5.5,28.343591072032776
system-5,system-5:displacement:-5.5:5,128,displacement,-5.5,22.47487694717269
system-7,system-7:displacement:-5.5:7,99,displacement,-5.5,28.35141151843114
system-5,system-5:displacement:-5.5:5,129,displacement,-5.5,22.476133099814053
system-7,system-7:displacement:-5.5:7,100,displacement,-5.5,28.35884094250958
system-5,system-5:displacement:-5.5:5,130,displacement,-5.5,22.47732644482335
system-7,system-7:displacement:-5.5:7,101,displacement,-5.5,28.365898895384102
system-5,system-5:displacement:-5.5:5,131,displacement,-5.5,22.478460122582185
system-3,system-3:displacement:-5.5:3,77,displacement,-5.5,17.252622296584686
system-5,system-5:displacement:-5.5:5,132,displacement,-5.5,22.479537116453074
system-7,system-7:displacement:-5.5:7,102,displacement,-5.5,28.3726039506149
system-3,system-3:displacement:-5.5:3,78,displacement,-5.5,17.264991181755452
system-5,system-5:displacement:-5.5:5,133,displacement,-5.5,22.48056026063042
system-3,system-3:displacement:-5.5:3,79,displacement,-5.5,17.27674162266768
system-5,system-5:displacement:-5.5:5,134,displacement,-5.5,22.4815322475989
system-5,system-5:displacement:-5.5:5,135,displacement,-5.5,22.482455635218955
system-3,system-3:displacement:-5.5:3,80,displacement,-5.5,17.287904541534296
system-3,system-3:displacement:-5.5:3,81,displacement,-5.5,17.298509314457583
system-5,system-5:displacement:-5.5:5,136,displacement,-5.5,22.483332853458005
system-5,system-5:displacement:-5.5:5,137,displacement,-5.5,22.484166210785105
system-3,system-3:displacement:-5.5:3,82,displacement,-5.5,17.308583848734703
system-5,system-5:displacement:-5.5:5,138,displacement,-5.5,22.48495790024585
system-3,system-3:displacement:-5.5:3,83,displacement,-5.5,17.318154656297967
system-5,system-5:displacement:-5.5:5,139,displacement,-5.5,22.485710005233557
system-5,system-5:displacement:-5.5:5,140,displacement,-5.5,22.48642450497188
system-3,system-3:displacement:-5.5:3,84,displacement,-5.5,17.32724692348307
system-5,system-5:displacement:-5.5:5,141,displacement,-5.5,22.487103279723286
system-3,system-3:displacement:-5.5:3,85,displacement,-5.5,17.335884577308917
system-5,system-5:displacement:-5.5:5,142,displacement,-5.5,22.487748115737123
system-5,system-5:displacement:-5.5:5,143,displacement,-5.5,22.488360709950268
system-3,system-3:displacement:-5.5:3,86,displacement,-5.5,17.344090348443473
system-5,system-5:displacement:-5.5:5,144,displacement,-5.5,22.488942674452755
system-3,system-3:displacement:-5.5:3,87,displacement,-5.5,17.3518858310213
system-5,system-5:displacement:-5.5:5,145,displacement,-5.5,22.48949554073012
system-3,system-3:displacement:-5.5:3,88,displacement,-5.5,17.359291539470235
system-5,system-5:displacement:-5.5:5,146,displacement,-5.5,22.49002076369361
system-3,system-3:displacement:-5.5:3,89,displacement,-5.5,17.36632696249672
system-5,system-5:displacement:-5.5:5,147,displacement,-5.5,22.490519725508932
system-3,system-3:displacement:-5.5:3,90,displacement,-5.5,17.373010614371886
system-5,system-5:displacement:-5.5:5,148,displacement,-5.5,22.490993739233485
system-5,system-5:displacement:-5.5:5,149,displacement,-5.5,22.49144405227181
system-3,system-3:displacement:-5.5:3,91,displacement,-5.5,17.379360083653292
system-5,system-5:displacement:-5.5:5,150,displacement,-5.5,22.491871849658217
system-3,system-3:displacement:-5.5:3,92,displacement,-5.5,17.385392079470627
system-5,system-5:displacement:-5.5:5,151,displacement,-5.5,22.492278257175307
system-3,system-3:displacement:-5.5:3,93,displacement,-5.5,17.391122475497095
system-5,system-5:displacement:-5.5:5,152,displacement,-5.5,22.49266434431654
system-5,system-5:displacement:-5.5:5,153,displacement,-5.5,22.493031127100714
system-3,system-3:displacement:-5.5:3,94,displacement,-5.5,17.39656635172224
system-3,system-3:displacement:-5.5:3,95,displacement,-5.5,17.401738034136127
system-5,system-5:displacement:-5.5:5,154,displacement,-5.5,22.493379570745677
system-5,system-5:displacement:-5.5:5,155,displacement,-5.5,22.493710592208394
system-3,system-3:displacement:-5.5:3,96,displacement,-5.5,17.40665113242932
system-5,system-5:displacement:-5.5:5,156,displacement,-5.5,22.494025062597974
system-3,system-3:displacement:-5.5:3,97,displacement,-5.5,17.411318575807854
system-5,system-5:displacement:-5.5:5,157,displacement,-5.5,22.494323809468074
system-5,system-5:displacement:-5.5:5,158,displacement,-5.5,22.49460761899467
system-3,system-3:displacement:-5.5:3,98,displacement,-5.5,17.415752647017463
system-5,system-5:displacement:-5.5:5,159,displacement,-5.5,22.494877238044936
system-3,system-3:displacement:-5.5:3,99,displacement,-5.5,17.41996501466659
system-5,system-5:displacement:-5.5:5,160,displacement,-5.5,22.49513337614269
system-3,system-3:displacement:-5.5:3,100,displacement,-5.5,17.42396676393326
system-3,system-3:displacement:-5.5:3,101,displacement,-5.5,17.4277684257366
system-3,system-3:displacement:-5.5:3,102,displacement,-5.5,17.431380004449768
system-3,system-3:displacement:-5.5:3,103,displacement,-5.5,17.434811004227278
system-3,system-3:displacement:-5.5:3,104,displacement,-5.5,17.438070454015914
system-3,system-3:displacement:-5.5:3,105,displacement,-5.5,17.44116693131512
system-3,system-3:displacement:-5.5:3,106,displacement,-5.5,17.444108584749365
system-3,system-3:displacement:-5.5:3,107,displacement,-5.5,17.446903155511897
system-3,system-3:displacement:-5.5:3,108,displacement,-5.5,17.449557997736303
system-3,system-3:displacement:-5.5:3,109,displacement,-5.5,17.45208009784949
system-3,system-3:displacement:-5.5:3,110,displacement,-5.5,17.454476092957016
system-3,system-3:displacement:-5.5:3,111,displacement,-5.5,17.456752288309165
system-3,system-3:displacement:-5.5:3,112,displacement,-5.5,17.458914673893705
system-3,system-3:displacement:-5.5:3,113,displacement,-5.5,17.46096894019902
system-3,system-3:displacement:-5.5:3,114,displacement,-5.5,17.46292049318907
system-3,system-3:displacement:-5.5:3,115,displacement,-5.5,17.464774468529615
system-3,system-3:displacement:-5.5:3,116,displacement,-5.5,17.466535745103133
system-3,system-3:displacement:-5.5:3,117,displacement,-5.5,17.468208957847978
system-3,system-3:displacement:-5.5:3,118,displacement,-5.5,17.469798509955577
system-3,system-3:displacement:-5.5:3,119,displacement,-5.5,17.471308584457798
system-3,system-3:displacement:-5.5:3,120,displacement,-5.5,17.47274315523491
system-3,system-3:displacement:-5.5:3,121,displacement,-5.5,17.474105997473163
system-3,system-3:displacement:-5.5:3,122,displacement,-5.5,17.475400697599504
system-3,system-3:displacement:-5.5:3,123,displacement,-5.5,17.47663066271953
system-3,system-3:displacement:-5.5:3,124,displacement,-5.5,17.477799129583552
system-3,system-3:displacement:-5.5:3,125,displacement,-5.5,17.478909173104373
system-3,system-3:displacement:-5.5:3,126,displacement,-5.5,17.479963714449156
system-3,system-3:displacement:-5.5:3,127,displacement,-5.5,17.4809655287267
system-3,system-3:displacement:-5.5:3,128,displacement,-5.5,17.481917252290366
system-3,system-3:displacement:-5.5:3,129,displacement,-5.5,17.48282138967585
system-3,system-3:displacement:-5.5:3,130,displacement,-5.5,17.483680320192057
system-3,system-3:displacement:-5.5:3,131,displacement,-5.5,17.484496304182453
system-3,system-3:displacement:-5.5:3,132,displacement,-5.5,17.485271488973332
system-3,system-3:displacement:-5.5:3,133,displacement,-5.5,17.486007914524667
system-3,system-3:displacement:-5.5:3,134,displacement,-5.5,17.486707518798433
system-3,system-3:displacement:-5.5:3,135,displacement,-5.5,17.48737214285851
system-3,system-3:displacement:-5.5:3,136,displacement,-5.5,17.488003535715585
system-3,system-3:displacement:-5.5:3,137,displacement,-5.5,17.488603358929804
system-3,system-3:displacement:-5.5:3,138,displacement,-5.5,17.489173190983315
system-3,system-3:displacement:-5.5:3,139,displacement,-5.5,17.48971453143415
system-3,system-3:displacement:-5.5:3,140,displacement,-5.5,17.490228804862443
system-3,system-3:displacement:-5.5:3,141,displacement,-5.5,17.49071736461932
system-3,system-3:displacement:-5.5:3,142,displacement,-5.5,17.491181496388357
system-3,system-3:displacement:-5.5:3,143,displacement,-5.5,17.49162242156894
system-3,system-3:displacement:-5.5:3,144,displacement,-5.5,17.492041300490495
system-3,system-3:displacement:-5.5:3,145,displacement,-5.5,17.49243923546597
system-3,system-3:displacement:-5.5:3,146,displacement,-5.5,17.492817273692673
system-3,system-3:displacement:-5.5:3,147,displacement,-5.5,17.49317641000804
system-3,system-3:displacement:-5.5:3,148,displacement,-5.5,17.49351758950764
system-3,system-3:displacement:-5.5:3,149,displacement,-5.5,17.493841710032257
system-3,system-3:displacement:-5.5:3,150,displacement,-5.5,17.494149624530642
system-3,system-3:displacement:-5.5:3,151,displacement,-5.5,17.49444214330411
system-3,system-3:displacement:-5.5:3,152,displacement,-5.5,17.494720036138904
system-3,system-3:displacement:-5.5:3,153,displacement,-5.5,17.49498403433196
system-3,system-3:displacement:-5.5:3,154,displacement,-5.5,17.495234832615363
system-3,system-3:displacement:-5.5:3,155,displacement,-5.5,17.495473090984596
system-3,system-3:displacement:-5.5:3,156,displacement,-5.5,17.495699436435366
system-3,system-3:displacement:-5.5:3,157,displacement,-5.5,17.4959144646136
system-3,system-3:displacement:-5.5:3,158,displacement,-5.5,17.49611874138292
system-3,system-3:displacement:-5.5:3,159,displacement,-5.5,17.496312804313774
system-3,system-3:displacement:-5.5:3,160,displacement,-5.5,17.496497164098084
system-7,system-7:displacement:6.5:8,70,displacement,6.5,28.76568097058605
system-7,system-7:displacement:6.5:8,71,displacement,6.5,28.752396922056747
system-7,system-7:displacement:6.5:8,72,displacement,6.5,28.73977707595391
system-7,system-7:displacement:6.5:8,73,displacement,6.5,28.727788222156214
system-7,system-7:displacement:6.5:8,74,displacement,6.5,28.716398811048403
system-7,system-7:displacement:6.5:8,75,displacement,6.5,28.705578870495984
system-7,system-7:displacement:6.5:8,76,displacement,6.5,28.695299926971185
system-7,system-7:displacement:6.5:8,77,displacement,6.5,28.685534930622627
system-7,system-7:displacement:6.5:8,78,displacement,6.5,28.676258184091495
system-7,system-7:displacement:6.5:8,79,displacement,6.5,28.66744527488692
system-7,system-7:displacement:6.5:8,80,displacement,6.5,28.659073011142574
system-7,system-7:displacement:6.5:8,81,displacement,6.5,28.651119360585447
system-7,system-7:displacement:6.5:8,82,displacement,6.5,28.643563392556175
system-7,system-7:displacement:6.5:8,83,displacement,6.5,28.636385222928364
system-7,system-7:displacement:6.5:8,84,displacement,6.5,28.629565961781946
system-7,system-7:displacement:6.5:8,85,displacement,6.5,28.62308766369285
system-7,system-7:displacement:6.5:8,86,displacement,6.5,28.616933280508206
system-7,system-7:displacement:6.5:8,87,displacement,6.5,28.611086616482797
system-7,system-7:displacement:6.5:8,88,displacement,6.5,28.605532285658658
system-7,system-7:displacement:6.5:8,89,displacement,6.5,28.600255671375724
system-7,system-7:displacement:6.5:8,90,displacement,6.5,28.595242887806936
system-7,system-7:displacement:6.5:8,91,displacement,6.5,28.590480743416588
system-7,system-7:displacement:-5.5:7,103,displacement,-5.5,28.378973753084153
system-7,system-7:displacement:6.5:8,92,displacement,6.5,28.58595670624576
system-7,system-7:displacement:-5.5:7,104,displacement,-5.5,28.385025065429947
system-7,system-7:displacement:6.5:8,93,displacement,6.5,28.581658870933474
system-7,system-7:displacement:-5.5:7,105,displacement,-5.5,28.39077381215845
system-7,system-7:displacement:-5.5:7,106,displacement,-5.5,28.39623512155053
system-7,system-7:displacement:6.5:8,94,displacement,6.5,28.5775759273868
system-7,system-7:displacement:-5.5:7,107,displacement,-5.5,28.401423365473
system-7,system-7:displacement:6.5:8,95,displacement,6.5,28.57369713101746
system-7,system-7:displacement:-5.5:7,108,displacement,-5.5,28.40635219719935
system-7,system-7:displacement:6.5:8,96,displacement,6.5,28.57001227446659
system-7,system-7:displacement:-5.5:7,109,displacement,-5.5,28.411034587339383
system-7,system-7:displacement:-5.5:7,110,displacement,-5.5,28.415482857972414
system-7,system-7:displacement:6.5:8,97,displacement,6.5,28.56651166074326
system-7,system-7:displacement:-5.5:7,111,displacement,-5.5,28.419708715073792
system-7,system-7:displacement:-5.5:7,112,displacement,-5.5,28.423723279320104
system-7,system-7:displacement:6.5:8,98,displacement,6.5,28.563186077706096
system-7,system-7:displacement:-5.5:7,113,displacement,-5.5,28.4275371153541
system-7,system-7:displacement:6.5:8,99,displacement,6.5,28.56002677382079
system-7,system-7:displacement:-5.5:7,114,displacement,-5.5,28.431160259586395
system-7,system-7:displacement:-5.5:7,115,displacement,-5.5,28.434602246607074
system-7,system-7:displacement:6.5:8,100,displacement,6.5,28.557025435129752
system-7,system-7:displacement:-5.5:7,116,displacement,-5.5,28.43787213427672
system-7,system-7:displacement:6.5:8,101,displacement,6.5,28.554174163373265
system-7,system-7:displacement:-5.5:7,117,displacement,-5.5,28.440978527562883
system-7,system-7:displacement:6.5:8,102,displacement,6.5,28.551465455204603
system-7,system-7:displacement:-5.5:7,118,displacement,-5.5,28.44392960118474
system-7,system-7:displacement:6.5:8,103,displacement,6.5,28.548892182444373
system-7,system-7:displacement:-5.5:7,119,displacement,-5.5,28.4467331211255
system-7,system-7:displacement:-5.5:7,120,displacement,-5.5,28.449396465069224
system-7,system-7:displacement:6.5:8,104,displacement,6.5,28.546447573322155
system-7,system-7:displacement:-5.5:7,121,displacement,-5.5,28.451926641815763
system-7,system-7:displacement:6.5:8,105,displacement,6.5,28.544125194656047
system-7,system-7:displacement:-5.5:7,122,displacement,-5.5,28.454330309724977
system-7,system-7:displacement:6.5:8,106,displacement,6.5,28.541918934923245
system-7,system-7:displacement:-5.5:7,123,displacement,-5.5,28.456613794238727
system-7,system-7:displacement:6.5:8,107,displacement,6.5,28.539822988177082
system-7,system-7:displacement:-5.5:7,124,displacement,-5.5,28.45878310452679
system-7,system-7:displacement:6.5:8,108,displacement,6.5,28.537831838768227
system-7,system-7:displacement:-5.5:7,125,displacement,-5.5,28.46084394930045
system-7,system-7:displacement:6.5:8,109,displacement,6.5,28.535940246829817
system-7,system-7:displacement:-5.5:7,126,displacement,-5.5,28.46280175183543
system-7,system-7:displacement:6.5:8,110,displacement,6.5,28.534143234488326
system-7,system-7:displacement:-5.5:7,127,displacement,-5.5,28.464661664243657
system-7,system-7:displacement:6.5:8,111,displacement,6.5,28.53243607276391
system-7,system-7:displacement:-5.5:7,128,displacement,-5.5,28.466428581031472
system-7,system-7:displacement:-5.5:7,129,displacement,-5.5,28.4681071519799
system-7,system-7:displacement:-5.5:7,130,displacement,-5.5,28.469701794380907
system-7,system-7:displacement:6.5:8,112,displacement,6.5,28.530814269125717
system-7,system-7:displacement:6.5:8,113,displacement,6.5,28.52927355566943
system-7,system-7:displacement:-5.5:7,131,displacement,-5.5,28.47121670466186
system-7,system-7:displacement:6.5:8,114,displacement,6.5,28.527809877885957
system-7,system-7:displacement:-5.5:7,132,displacement,-5.5,28.472655869428767
system-7,system-7:displacement:-5.5:7,133,displacement,-5.5,28.47402307595733
system-7,system-7:displacement:6.5:8,115,displacement,6.5,28.52641938399166
system-7,system-7:displacement:-5.5:7,134,displacement,-5.5,28.475321922159463
system-7,system-7:displacement:6.5:8,116,displacement,6.5,28.525098414792076
system-7,system-7:displacement:-5.5:7,135,displacement,-5.5,28.476555826051488
system-7,system-7:displacement:6.5:8,117,displacement,6.5,28.52384349405247
system-7,system-7:displacement:-5.5:7,136,displacement,-5.5,28.477728034748914
system-7,system-7:displacement:6.5:8,118,displacement,6.5,28.522651319349848
system-7,system-7:displacement:-5.5:7,137,displacement,-5.5,28.47884163301147
system-7,system-7:displacement:6.5:8,119,displacement,6.5,28.521518753382356
system-7,system-7:displacement:-5.5:7,138,displacement,-5.5,28.479899551360898
system-7,system-7:displacement:6.5:8,120,displacement,6.5,28.52044281571324
system-7,system-7:displacement:-5.5:7,139,displacement,-5.5,28.480904573792852
system-7,system-7:displacement:6.5:8,121,displacement,6.5,28.519420674927577
system-7,system-7:displacement:-5.5:7,140,displacement,-5.5,28.48185934510321
system-7,system-7:displacement:6.5:8,122,displacement,6.5,28.5184496411812
system-7,system-7:displacement:-5.5:7,141,displacement,-5.5,28.48276637784805
system-7,system-7:displacement:6.5:8,123,displacement,6.5,28.51752715912214
system-7,system-7:displacement:-5.5:7,142,displacement,-5.5,28.48362805895565
system-7,system-7:displacement:6.5:8,124,displacement,6.5,28.516650801166033
system-7,system-7:displacement:-5.5:7,143,displacement,-5.5,28.484446656007865
system-7,system-7:displacement:6.5:8,125,displacement,6.5,28.515818261107732
system-7,system-7:displacement:-5.5:7,144,displacement,-5.5,28.485224323207472
system-7,system-7:displacement:-5.5:7,145,displacement,-5.5,28.485963107047098
system-7,system-7:displacement:6.5:8,126,displacement,6.5,28.515027348052346
system-7,system-7:displacement:-5.5:7,146,displacement,-5.5,28.486664951694742
system-7,system-7:displacement:6.5:8,127,displacement,6.5,28.514275980649728
system-7,system-7:displacement:-5.5:7,147,displacement,-5.5,28.487331704110005
system-7,system-7:displacement:6.5:8,128,displacement,6.5,28.513562181617242
system-7,system-7:displacement:-5.5:7,148,displacement,-5.5,28.487965118904505
system-7,system-7:displacement:6.5:8,129,displacement,6.5,28.51288407253638
system-7,system-7:displacement:-5.5:7,149,displacement,-5.5,28.48856686295928
system-7,system-7:displacement:6.5:8,130,displacement,6.5,28.51223986890956
system-7,system-7:displacement:-5.5:7,150,displacement,-5.5,28.489138519811316
system-7,system-7:displacement:-5.5:7,151,displacement,-5.5,28.48968159382075
system-7,system-7:displacement:6.5:8,131,displacement,6.5,28.511627875464082
system-7,system-7:displacement:-5.5:7,152,displacement,-5.5,28.490197514129715
system-7,system-7:displacement:-5.5:7,153,displacement,-5.5,28.49068763842323
system-7,system-7:displacement:-5.5:7,154,displacement,-5.5,28.491153256502066
system-7,system-7:displacement:-5.5:7,155,displacement,-5.5,28.491595593676962
system-7,system-7:displacement:6.5:8,132,displacement,6.5,28.51104648169088
system-7,system-7:displacement:-5.5:7,156,displacement,-5.5,28.492015813993113
system-7,system-7:displacement:-5.5:7,157,displacement,-5.5,28.492415023293457
system-7,system-7:displacement:-5.5:7,158,displacement,-5.5,28.492794272128783
system-7,system-7:displacement:6.5:8,133,displacement,6.5,28.510494157606335
system-7,system-7:displacement:-5.5:7,159,displacement,-5.5,28.493154558522345
system-7,system-7:displacement:6.5:8,134,displacement,6.5,28.509969449726018
system-7,system-7:displacement:-5.5:7,160,displacement,-5.5,28.49349683059623
system-7,system-7:displacement:6.5:8,135,displacement,6.5,28.50947097723972
system-7,system-7:displacement:6.5:8,136,displacement,6.5,28.508997428377732
system-7,system-7:displacement:6.5:8,137,displacement,6.5,28.508547556958845
system-7,system-7:displacement:6.5:8,138,displacement,6.5,28.508120179110904
system-7,system-7:displacement:6.5:8,139,displacement,6.5,28.50771417015536
system-7,system-7:displacement:6.5:8,140,displacement,6.5,28.507328461647592
system-7,system-7:displacement:6.5:8,141,displacement,6.5,28.506962038565213
system-7,system-7:displacement:6.5:8,142,displacement,6.5,28.506613936636953
system-7,system-7:displacement:6.5:8,143,displacement,6.5,28.506283239805104
system-7,system-7:displacement:6.5:8,144,displacement,6.5,28.50596907781485
system-7,system-7:displacement:6.5:8,145,displacement,6.5,28.505670623924107
system-7,system-7:displacement:6.5:8,146,displacement,6.5,28.5053870927279
system-7,system-7:displacement:6.5:8,147,displacement,6.5,28.505117738091506
system-7,system-7:displacement:6.5:8,148,displacement,6.5,28.50486185118693
system-7,system-7:displacement:6.5:8,149,displacement,6.5,28.504618758627583
system-7,system-7:displacement:6.5:8,150,displacement,6.5,28.504387820696202
system-7,system-7:displacement:6.5:8,151,displacement,6.5,28.50416842966139
system-7,system-7:displacement:6.5:8,152,displacement,6.5,28.50396000817832
system-7,system-7:displacement:6.5:8,153,displacement,6.5,28.503762007769406
system-7,system-7:displacement:6.5:8,154,displacement,6.5,28.503573907380936
system-7,system-7:displacement:6.5:8,155,displacement,6.5,28.50339521201189
system-7,system-7:displacement:6.5:8,156,displacement,6.5,28.503225451411293
system-7,system-7:displacement:6.5:8,157,displacement,6.5,28.503064178840727
system-7,system-7:displacement:6.5:8,158,displacement,6.5,28.50291096989869
system-7,system-7:displacement:6.5:8,159,displacement,6.5,28.502765421403755
system-7,system-7:displacement:6.5:8,160,displacement,6.5,28.502627150333566
system-5,system-5:load:-0.24:5,0,load,-0.24,20.0
system-7,system-7:load:0.13:8,0,load,0.13,20.0
system-3,system-3:load:-0.24:3,0,load,-0.24,20.0
system-5,system-5:load:0.13:6,0,load,0.13,20.0
system-7,system-7:load:-0.24:7,0,load,-0.24,20.0
system-1,system-1:load:0.13:2,0,load,0.13,20.0
system-3,system-3:load:0.13:4,0,load,0.13,20.0
system-1,system-1:load:-0.24:1,0,load,-0.24,20.0
system-5,system-5:load:0.13:6,1,load,0.13,20.125
system-5,system-5:load:-0.24:5,1,load,-0.24,20.125
system-3,system-3:load:-0.24:3,1,load,-0.24,19.875
system-3,system-3:load:0.13:4,1,load,0.13,19.875
system-1,system-1:load:0.13:2,1,load,0.13,19.625
system-1,system-1:load:-0.24:1,1,load,-0.24,19.625
system-7,system-7:load:-0.24:7,1,load,-0.24,20.425
system-5,system-5:load:0.13:6,2,load,0.13,20.24375
system-5,system-5:load:-0.24:5,2,load,-0.24,20.24375
system-1,system-1:load:0.13:2,2,load,0.13,19.26875
system-1,system-1:load:-0.24:1,2,load,-0.24,19.26875
system-3,system-3:load:-0.24:3,2,load,-0.24,19.75625
system-7,system-7:load:-0.24:7,2,load,-0.24,20.82875
system-5,system-5:load:0.13:6,3,load,0.13,20.3565625
system-5,system-5:load:-0.24:5,3,load,-0.24,20.3565625
system-1,system-1:load:0.13:2,3,load,0.13,18.9303125
system-7,system-7:load:-0.24:7,3,load,-0.24,21.2123125
system-1,system-1:load:-0.24:1,3,load,-0.24,18.9303125
system-3,system-3:load:-0.24:3,3,load,-0.24,19.6434375
system-5,system-5:load:-0.24:5,4,load,-0.24,20.463734374999998
system-7,system-7:load:-0.24:7,4,load,-0.24,21.576696875
system-3,system-3:load:-0.24:3,4,load,-0.24,19.536265625000002
system-5,system-5:load:-0.24:5,5,load,-0.24,20.565547656249997
system-7,system-7:load:-0.24:7,5,load,-0.24,21.92286203125
system-3,system-3:load:-0.24:3,5,load,-0.24,19.434452343750003
system-5,system-5:load:-0.24:5,6,load,-0.24,20.662270273437496
system-7,system-7:load:-0.24:7,6,load,-0.24,22.2517189296875
system-3,system-3:load:-0.24:3,6,load,-0.24,19.337729726562504
system-5,system-5:load:-0.24:5,7,load,-0.24,20.75415675976562
system-7,system-7:load:-0.24:7,7,load,-0.24,22.564132983203123
system-3,system-3:load:-0.24:3,7,load,-0.24,19.24584324023438
system-5,system-5:load:-0.24:5,8,load,-0.24,20.84144892177734
system-7,system-7:load:-0.24:7,8,load,-0.24,22.86092633404297
system-3,system-3:load:-0.24:3,8,load,-0.24,19.15855107822266
system-7,system-7:load:-0.24:7,9,load,-0.24,23.14288001734082
system-5,system-5:load:-0.24:5,9,load,-0.24,20.924376475688472
system-3,system-3:load:-0.24:3,9,load,-0.24,19.075623524311528
system-7,system-7:load:-0.24:7,10,load,-0.24,23.410736016473777
system-5,system-5:load:-0.24:5,10,load,-0.24,21.003157651904047
system-7,system-7:load:-0.24:7,11,load,-0.24,23.665199215650087
system-5,system-5:load:-0.24:5,11,load,-0.24,21.077999769308846
system-7,system-7:load:-0.24:7,12,load,-0.24,23.906939254867584
system-5,system-5:load:-0.24:5,12,load,-0.24,21.149099780843404
system-5,system-5:load:-0.24:5,13,load,-0.24,21.216644791801233
system-5,system-5:load:-0.24:5,14,load,-0.24,21.28081255221117
system-5,system-5:load:-0.24:5,15,load,-0.24,21.34177192460061
system-5,system-5:load:-0.24:5,16,load,-0.24,21.399683328370582
system-5,system-5:load:-0.24:5,17,load,-0.24,21.454699161952053
system-5,system-5:load:-0.24:5,18,load,-0.24,21.50696420385445
system-5,system-5:load:-0.24:5,19,load,-0.24,21.55661599366173
system-5,system-5:load:-0.24:5,20,load,-0.24,21.603785193978645
system-5,system-5:load:-0.24:5,21,load,-0.24,21.408595934279713
system-5,system-5:load:-0.24:5,22,load,-0.24,21.22316613756573
system-7,system-7:load:0.13:8,1,load,0.13,20.425
system-5,system-5:load:-0.24:5,23,load,-0.24,21.047007830687445
system-5,system-5:load:-0.24:5,24,load,-0.24,20.879657439153075
system-7,system-7:load:0.13:8,2,load,0.13,20.82875
system-5,system-5:load:-0.24:5,25,load,-0.24,20.720674567195424
system-7,system-7:load:0.13:8,3,load,0.13,21.2123125
system-5,system-5:load:-0.24:5,26,load,-0.24,20.569640838835653
system-3,system-3:load:0.13:4,2,load,0.13,19.75625
system-3,system-3:load:0.13:4,3,load,0.13,19.6434375
system-3,system-3:load:0.13:4,4,load,0.13,19.536265625000002
system-3,system-3:load:0.13:4,5,load,0.13,19.434452343750003
system-3,system-3:load:0.13:4,6,load,0.13,19.337729726562504
system-3,system-3:load:0.13:4,7,load,0.13,19.24584324023438
system-3,system-3:load:0.13:4,8,load,0.13,19.15855107822266
system-3,system-3:load:0.13:4,9,load,0.13,19.075623524311528
system-3,system-3:load:0.13:4,10,load,0.13,18.996842348095953
system-3,system-3:load:0.13:4,11,load,0.13,18.922000230691154
system-3,system-3:load:0.13:4,12,load,0.13,18.850900219156596
system-3,system-3:load:0.13:4,13,load,0.13,18.783355208198767
system-3,system-3:load:0.13:4,14,load,0.13,18.71918744778883
system-3,system-3:load:0.13:4,15,load,0.13,18.65822807539939
system-3,system-3:load:0.13:4,16,load,0.13,18.600316671629418
system-3,system-3:load:0.13:4,17,load,0.13,18.545300838047947
system-3,system-3:load:0.13:4,18,load,0.13,18.49303579614555
system-3,system-3:load:0.13:4,19,load,0.13,18.44338400633827
system-3,system-3:load:0.13:4,20,load,0.13,18.396214806021355
system-3,system-3:load:0.13:4,21,load,0.13,18.481404065720287
system-3,system-3:load:0.13:4,22,load,0.13,18.562333862434272
system-5,system-5:load:0.13:6,4,load,0.13,20.463734374999998
system-3,system-3:load:0.13:4,23,load,0.13,18.63921716931256
system-5,system-5:load:0.13:6,5,load,0.13,20.565547656249997
system-3,system-3:load:0.13:4,24,load,0.13,18.71225631084693
system-5,system-5:load:0.13:6,6,load,0.13,20.662270273437496
system-3,system-3:load:0.13:4,25,load,0.13,18.781643495304582
system-1,system-1:load:0.13:2,4,load,0.13,18.608796875
system-5,system-5:load:0.13:6,7,load,0.13,20.75415675976562
system-3,system-3:load:0.13:4,26,load,0.13,18.847561320539352
system-1,system-1:load:0.13:2,5,load,0.13,18.30335703125
system-5,system-5:load:0.13:6,8,load,0.13,20.84144892177734
system-3,system-3:load:0.13:4,27,load,0.13,18.910183254512383
system-1,system-1:load:0.13:2,6,load,0.13,18.013189179687497
system-3,system-3:load:0.13:4,28,load,0.13,18.96967409178676
system-5,system-5:load:0.13:6,9,load,0.13,20.924376475688472
system-1,system-1:load:-0.24:1,4,load,-0.24,18.608796875
system-1,system-1:load:0.13:2,7,load,0.13,17.737529720703122
system-5,system-5:load:0.13:6,10,load,0.13,21.003157651904047
system-1,system-1:load:-0.24:1,5,load,-0.24,18.30335703125
system-3,system-3:load:0.13:4,29,load,0.13,19.02619038719742
system-1,system-1:load:0.13:2,8,load,0.13,17.475653234667966
system-5,system-5:load:0.13:6,11,load,0.13,21.077999769308846
system-1,system-1:load:-0.24:1,6,load,-0.24,18.013189179687497
system-5,system-5:load:0.13:6,12,load,0.13,21.149099780843404
system-1,system-1:load:0.13:2,9,load,0.13,17.22687057293457
system-3,system-3:load:0.13:4,30,load,0.13,19.07988086783755
system-5,system-5:load:0.13:6,13,load,0.13,21.216644791801233
system-1,system-1:load:-0.24:1,7,load,-0.24,17.737529720703122
system-1,system-1:load:0.13:2,10,load,0.13,16.99052704428784
system-5,system-5:load:0.13:6,14,load,0.13,21.28081255221117
system-1,system-1:load:-0.24:1,8,load,-0.24,17.475653234667966
system-3,system-3:load:0.13:4,31,load,0.13,19.13088682444567
system-1,system-1:load:0.13:2,11,load,0.13,16.766000692073447
system-5,system-5:load:0.13:6,15,load,0.13,21.34177192460061
system-1,system-1:load:-0.24:1,9,load,-0.24,17.22687057293457
system-3,system-3:load:0.13:4,32,load,0.13,19.179342483223387
system-5,system-5:load:0.13:6,16,load,0.13,21.399683328370582
system-1,system-1:load:-0.24:1,10,load,-0.24,16.99052704428784
system-1,system-1:load:0.13:2,12,load,0.13,16.552700657469774
system-1,system-1:load:-0.24:1,11,load,-0.24,16.766000692073447
system-3,system-3:load:0.13:4,33,load,0.13,19.225375359062216
system-5,system-5:load:0.13:6,17,load,0.13,21.454699161952053
system-3,system-3:load:0.13:4,34,load,0.13,19.269106591109104
system-1,system-1:load:-0.24:1,12,load,-0.24,16.552700657469774
system-1,system-1:load:0.13:2,13,load,0.13,16.350065624596287
system-5,system-5:load:0.13:6,18,load,0.13,21.50696420385445
system-1,system-1:load:-0.24:1,13,load,-0.24,16.350065624596287
system-3,system-3:load:0.13:4,35,load,0.13,19.310651261553648
system-5,system-5:load:0.13:6,19,load,0.13,21.55661599366173
system-1,system-1:load:0.13:2,14,load,0.13,16.15756234336647
system-1,system-1:load:-0.24:1,14,load,-0.24,16.15756234336647
system-3,system-3:load:0.13:4,36,load,0.13,19.350118698475963
system-3,system-3:load:-0.24:3,10,load,-0.24,18.996842348095953
system-5,system-5:load:0.13:6,20,load,0.13,21.603785193978645
system-1,system-1:load:0.13:2,15,load,0.13,15.974684226198148
system-3,system-3:load:0.13:4,37,load,0.13,19.387612763552163
system-1,system-1:load:-0.24:1,15,load,-0.24,15.974684226198148
system-1,system-1:load:0.13:2,16,load,0.13,15.80095001488824
system-3,system-3:load:-0.24:3,11,load,-0.24,18.922000230691154
system-3,system-3:load:0.13:4,38,load,0.13,19.423232125374554
system-7,system-7:load:-0.24:7,13,load,-0.24,24.136592292124206
system-5,system-5:load:0.13:6,21,load,0.13,21.77859593427971
system-1,system-1:load:-0.24:1,16,load,-0.24,15.80095001488824
system-1,system-1:load:0.13:2,17,load,0.13,15.635902514143828
system-3,system-3:load:-0.24:3,12,load,-0.24,18.850900219156596
system-7,system-7:load:-0.24:7,14,load,-0.24,24.354762677517996
system-5,system-5:load:0.13:6,22,load,0.13,21.944666137565726
system-3,system-3:load:0.13:4,39,load,0.13,19.457070519105827
system-5,system-5:load:0.13:6,23,load,0.13,22.102432830687437
system-3,system-3:load:-0.24:3,13,load,-0.24,18.783355208198767
system-1,system-1:load:0.13:2,18,load,0.13,15.479107388436637
system-7,system-7:load:-0.24:7,15,load,-0.24,24.562024543642096
system-1,system-1:load:-0.24:1,17,load,-0.24,15.635902514143828
system-5,system-5:load:0.13:6,24,load,0.13,22.252311189153065
system-3,system-3:load:0.13:4,40,load,0.13,19.489216993150535
system-3,system-3:load:-0.24:3,14,load,-0.24,18.71918744778883
system-7,system-7:load:-0.24:7,16,load,-0.24,24.758923316459992
system-1,system-1:load:-0.24:1,18,load,-0.24,15.479107388436637
system-5,system-5:load:0.13:6,25,load,0.13,22.394695629695413
system-3,system-3:load:0.13:4,41,load,0.13,19.51975614349301
system-1,system-1:load:0.13:2,19,load,0.13,15.330152019014804
system-3,system-3:load:-0.24:3,15,load,-0.24,18.65822807539939
system-7,system-7:load:-0.24:7,17,load,-0.24,24.945977150636992
system-1,system-1:load:-0.24:1,19,load,-0.24,15.330152019014804
system-5,system-5:load:0.13:6,26,load,0.13,22.529960848210642
system-3,system-3:load:0.13:4,42,load,0.13,19.548768336318357
system-1,system-1:load:0.13:2,20,load,0.13,15.188644418064063
system-7,system-7:load:-0.24:7,18,load,-0.24,25.123678293105144
system-5,system-5:load:0.13:6,27,load,0.13,22.65846280580011
system-1,system-1:load:-0.24:1,20,load,-0.24,15.188644418064063
system-3,system-3:load:-0.24:3,16,load,-0.24,18.600316671629418
system-3,system-3:load:0.13:4,43,load,0.13,19.576329919502438
system-7,system-7:load:-0.24:7,19,load,-0.24,25.292494378449888
system-5,system-5:load:0.13:6,28,load,0.13,22.7805396655101
system-1,system-1:load:0.13:2,21,load,0.13,15.18421219716086
system-1,system-1:load:-0.24:1,21,load,-0.24,14.81421219716086
system-5,system-5:load:0.13:6,29,load,0.13,22.896512682234594
system-3,system-3:load:-0.24:3,17,load,-0.24,18.545300838047947
system-3,system-3:load:0.13:4,44,load,0.13,19.602513423527316
system-1,system-1:load:0.13:2,22,load,0.13,15.180001587302819
system-7,system-7:load:-0.24:7,20,load,-0.24,25.452869659527394
system-1,system-1:load:-0.24:1,22,load,-0.24,14.458501587302816
system-3,system-3:load:0.13:4,45,load,0.13,19.62738775235095
system-5,system-5:load:0.13:6,30,load,0.13,23.006687048122863
system-3,system-3:load:-0.24:3,18,load,-0.24,18.49303579614555
system-1,system-1:load:0.13:2,23,load,0.13,15.176001507937679
system-7,system-7:load:-0.24:7,21,load,-0.24,25.365226176551026
system-5,system-5:load:0.13:6,31,load,0.13,23.111352695716718
system-1,system-1:load:-0.24:1,23,load,-0.24,14.120576507937676
system-3,system-3:load:0.13:4,46,load,0.13,19.6510183647334
system-3,system-3:load:-0.24:3,19,load,-0.24,18.44338400633827
system-7,system-7:load:-0.24:7,22,load,-0.24,25.281964867723477
system-5,system-5:load:0.13:6,32,load,0.13,23.21078506093088
system-1,system-1:load:0.13:2,24,load,0.13,15.172201432540795
system-1,system-1:load:-0.24:1,24,load,-0.24,13.799547682540792
system-7,system-7:load:-0.24:7,23,load,-0.24,25.202866624337304
system-3,system-3:load:-0.24:3,20,load,-0.24,18.396214806021355
system-5,system-5:load:0.13:6,33,load,0.13,23.305245807884337
system-1,system-1:load:0.13:2,25,load,0.13,15.168591360913757
system-3,system-3:load:0.13:4,47,load,0.13,19.67346744649673
system-1,system-1:load:-0.24:1,25,load,-0.24,13.494570298413752
system-5,system-5:load:0.13:6,34,load,0.13,23.394983517490118
system-1,system-1:load:0.13:2,26,load,0.13,15.16516179286807
system-7,system-7:load:-0.24:7,24,load,-0.24,25.12772329312044
system-7,system-7:load:0.13:8,4,load,0.13,21.576696875
system-3,system-3:load:-0.24:3,21,load,-0.24,18.11140406572029
system-5,system-5:load:-0.24:5,27,load,-0.24,20.426158796893873
system-3,system-3:load:0.13:4,48,load,0.13,19.69479407417189
system-5,system-5:load:0.13:6,35,load,0.13,23.48023434161561
system-1,system-1:load:-0.24:1,26,load,-0.24,13.204841783493064
system-1,system-1:load:0.13:2,27,load,0.13,15.161903703224667
system-3,system-3:load:-0.24:3,22,load,-0.24,17.840833862434277
system-7,system-7:load:-0.24:7,25,load,-0.24,25.05633712846442
system-5,system-5:load:-0.24:5,28,load,-0.24,20.28985085704918
system-7,system-7:load:0.13:8,5,load,0.13,21.92286203125
system-1,system-1:load:-0.24:1,27,load,-0.24,12.92959969431841
system-5,system-5:load:0.13:6,36,load,0.13,23.561222624534828
system-3,system-3:load:0.13:4,49,load,0.13,19.715054370463296
system-1,system-1:load:0.13:2,28,load,0.13,15.158808518063434
system-3,system-3:load:-0.24:3,23,load,-0.24,17.583792169312563
system-7,system-7:load:0.13:8,6,load,0.13,22.2517189296875
system-7,system-7:load:-0.24:7,26,load,-0.24,24.9885202720412
system-1,system-1:load:-0.24:1,28,load,-0.24,12.66811970960249
system-5,system-5:load:0.13:6,37,load,0.13,23.638161493308086
system-3,system-3:load:0.13:4,50,load,0.13,19.73430165194013
system-5,system-5:load:-0.24:5,29,load,-0.24,20.160358314196724
system-3,system-3:load:-0.24:3,24,load,-0.24,17.339602560846938
system-7,system-7:load:0.13:8,7,load,0.13,22.564132983203123
system-1,system-1:load:0.13:2,29,load,0.13,15.155868092160263
system-5,system-5:load:0.13:6,38,load,0.13,23.71125341864268
system-3,system-3:load:-0.24:3,25,load,-0.24,17.107622432804593
system-1,system-1:load:-0.24:1,29,load,-0.24,12.419713724122365
system-7,system-7:load:-0.24:7,27,load,-0.24,24.92409425843914
system-7,system-7:load:0.13:8,8,load,0.13,22.86092633404297
system-3,system-3:load:0.13:4,51,load,0.13,19.752586569343123
system-5,system-5:load:-0.24:5,30,load,-0.24,20.03734039848689
system-1,system-1:load:0.13:2,30,load,0.13,15.153074687552252
system-1,system-1:load:-0.24:1,30,load,-0.24,12.183728037916246
system-5,system-5:load:0.13:6,39,load,0.13,23.780690747710544
system-7,system-7:load:0.13:8,9,load,0.13,23.14288001734082
system-7,system-7:load:-0.24:7,28,load,-0.24,24.862889545517184
system-5,system-5:load:0.13:6,40,load,0.13,23.846656210325015
system-3,system-3:load:0.13:4,52,load,0.13,19.769957240875964
system-3,system-3:load:-0.24:3,26,load,-0.24,16.887241311164367
system-1,system-1:load:-0.24:1,31,load,-0.24,11.959541636020434
system-5,system-5:load:-0.24:5,31,load,-0.24,19.920473378562548
system-1,system-1:load:0.13:2,31,load,0.13,15.15042095317464
system-7,system-7:load:0.13:8,10,load,0.13,23.410736016473777
system-7,system-7:load:-0.24:7,29,load,-0.24,24.804745068241328
system-5,system-5:load:0.13:6,41,load,0.13,23.909323399808763
system-3,system-3:load:0.13:4,53,load,0.13,19.786459378832166
system-1,system-1:load:0.13:2,32,load,0.13,15.147899905515908
system-3,system-3:load:-0.24:3,27,load,-0.24,16.67787924560615
system-7,system-7:load:-0.24:7,30,load,-0.24,24.74950781482926
system-5,system-5:load:0.13:6,42,load,0.13,23.968857229818322
system-7,system-7:load:0.13:8,11,load,0.13,23.665199215650087
system-1,system-1:load:-0.24:1,32,load,-0.24,11.746564554219413
system-5,system-5:load:-0.24:5,32,load,-0.24,19.80944970963442
system-3,system-3:load:0.13:4,54,load,0.13,19.802136409890558
system-3,system-3:load:-0.24:3,28,load,-0.24,16.478985283325844
system-7,system-7:load:-0.24:7,31,load,-0.24,24.6970324240878
system-1,system-1:load:-0.24:1,33,load,-0.24,11.544236326508441
system-5,system-5:load:0.13:6,43,load,0.13,24.025414368327404
system-1,system-1:load:0.13:2,33,load,0.13,15.145504910240113
system-5,system-5:load:-0.24:5,33,load,-0.24,19.703977224152702
system-3,system-3:load:0.13:4,55,load,0.13,19.81702958939603
system-7,system-7:load:0.13:8,12,load,0.13,23.906939254867584
system-7,system-7:load:-0.24:7,32,load,-0.24,24.647180802883412
system-3,system-3:load:-0.24:3,29,load,-0.24,16.290036019159555
system-5,system-5:load:-0.24:5,34,load,-0.24,19.603778362945068
system-3,system-3:load:0.13:4,56,load,0.13,19.831178109926228
system-5,system-5:load:0.13:6,44,load,0.13,24.079143649911032
system-1,system-1:load:0.13:2,34,load,0.13,15.143229664728109
system-1,system-1:load:-0.24:1,34,load,-0.24,11.35202451018302
system-7,system-7:load:-0.24:7,33,load,-0.24,24.599821762739243
system-5,system-5:load:-0.24:5,35,load,-0.24,19.508589444797817
system-7,system-7:load:0.13:8,13,load,0.13,24.136592292124206
system-3,system-3:load:0.13:4,57,load,0.13,19.844619204429915
system-5,system-5:load:0.13:6,45,load,0.13,24.13018646741548
system-3,system-3:load:-0.24:3,30,load,-0.24,16.11053421820158
system-1,system-1:load:0.13:2,35,load,0.13,15.141068181491704
system-3,system-3:load:0.13:4,58,load,0.13,19.85738824420842
system-7,system-7:load:0.13:8,14,load,0.13,24.354762677517996
system-7,system-7:load:-0.24:7,34,load,-0.24,24.554830674602282
system-5,system-5:load:-0.24:5,36,load,-0.24,19.418159972557927
system-3,system-3:load:-0.24:3,31,load,-0.24,15.940007507291499
system-5,system-5:load:0.13:6,46,load,0.13,24.178677144044705
system-1,system-1:load:0.13:2,36,load,0.13,15.13901477241712
system-7,system-7:load:0.13:8,15,load,0.13,24.562024543642096
system-7,system-7:load:-0.24:7,35,load,-0.24,24.51208914087217
system-5,system-5:load:0.13:6,47,load,0.13,24.224743286842468
system-3,system-3:load:-0.24:3,32,load,-0.24,15.778007131926925
system-5,system-5:load:-0.24:5,37,load,-0.24,19.33225197393003
system-1,system-1:load:0.13:2,37,load,0.13,15.137064033796264
system-7,system-7:load:0.13:8,16,load,0.13,24.758923316459992
system-5,system-5:load:0.13:6,48,load,0.13,24.268506122500344
system-3,system-3:load:-0.24:3,33,load,-0.24,15.624106775330578
system-7,system-7:load:-0.24:7,36,load,-0.24,24.471484683828564
system-5,system-5:load:-0.24:5,38,load,-0.24,19.250639375233533
system-5,system-5:load:0.13:6,49,load,0.13,24.310080816375326
system-7,system-7:load:0.13:8,17,load,0.13,24.945977150636992
system-7,system-7:load:-0.24:7,37,load,-0.24,24.432910449637138
system-3,system-3:load:-0.24:3,34,load,-0.24,15.477901436564048
system-5,system-5:load:-0.24:5,39,load,-0.24,19.173107406471857
system-7,system-7:load:0.13:8,18,load,0.13,25.123678293105144
system-7,system-7:load:-0.24:7,38,load,-0.24,24.396264927155283
system-3,system-3:load:-0.24:3,35,load,-0.24,15.339006364735846
system-5,system-5:load:-0.24:5,40,load,-0.24,19.099452036148264
system-7,system-7:load:0.13:8,19,load,0.13,25.292494378449888
system-3,system-3:load:-0.24:3,36,load,-0.24,15.207056046499053
system-7,system-7:load:0.13:8,20,load,0.13,25.452869659527394
system-5,system-5:load:-0.24:5,41,load,-0.24,19.029479434340853
system-7,system-7:load:-0.24:7,39,load,-0.24,24.36145168079752
system-3,system-3:load:-0.24:3,37,load,-0.24,15.0817032441741
system-7,system-7:load:-0.24:7,40,load,-0.24,24.328379096757644
system-5,system-5:load:-0.24:5,42,load,-0.24,18.963005462623812
system-3,system-3:load:-0.24:3,38,load,-0.24,14.962618081965395
system-7,system-7:load:0.13:8,21,load,0.13,25.735226176551024
system-7,system-7:load:-0.24:7,41,load,-0.24,24.29696014191976
system-3,system-3:load:-0.24:3,39,load,-0.24,14.849487177867125
system-7,system-7:load:0.13:8,22,load,0.13,26.003464867723473
system-3,system-3:load:-0.24:3,40,load,-0.24,14.74201281897377
system-7,system-7:load:-0.24:7,42,load,-0.24,24.267112134823776
system-7,system-7:load:0.13:8,23,load,0.13,26.2582916243373
system-7,system-7:load:-0.24:7,43,load,-0.24,24.23875652808259
system-7,system-7:load:-0.24:7,44,load,-0.24,24.21181870167846
system-7,system-7:load:0.13:8,24,load,0.13,26.500377043120434
system-7,system-7:load:0.13:8,25,load,0.13,26.73035819096441
system-7,system-7:load:-0.24:7,45,load,-0.24,24.186227766594538
system-7,system-7:load:0.13:8,26,load,0.13,26.94884028141619
system-7,system-7:load:-0.24:7,46,load,-0.24,24.161916378264813
system-7,system-7:load:0.13:8,27,load,0.13,27.156398267345377
system-7,system-7:load:-0.24:7,47,load,-0.24,24.138820559351576
system-7,system-7:load:0.13:8,28,load,0.13,27.353578353978108
system-7,system-7:load:-0.24:7,48,load,-0.24,24.116879531383997
system-7,system-7:load:0.13:8,29,load,0.13,27.5408994362792
system-7,system-7:load:-0.24:7,49,load,-0.24,24.096035554814797
system-7,system-7:load:0.13:8,30,load,0.13,27.718854464465238
system-7,system-7:load:-0.24:7,50,load,-0.24,24.07623377707406
system-7,system-7:load:0.13:8,31,load,0.13,27.887911741241975
system-7,system-7:load:-0.24:7,51,load,-0.24,24.057422088220356
system-7,system-7:load:0.13:8,32,load,0.13,28.048516154179875
system-7,system-7:load:-0.24:7,52,load,-0.24,24.039550983809338
system-7,system-7:load:0.13:8,33,load,0.13,28.20109034647088
system-7,system-7:load:-0.24:7,53,load,-0.24,24.022573434618874
system-7,system-7:load:0.13:8,34,load,0.13,28.346035829147336
system-7,system-7:load:-0.24:7,54,load,-0.24,24.00644476288793
system-7,system-7:load:0.13:8,35,load,0.13,28.483734037689967
system-7,system-7:load:-0.24:7,55,load,-0.24,23.991122524743535
system-7,system-7:load:0.13:8,36,load,0.13,28.61454733580547
system-7,system-7:load:-0.24:7,56,load,-0.24,23.97656639850636
system-7,system-7:load:-0.24:7,57,load,-0.24,23.962738078581044
system-7,system-7:load:-0.24:7,58,load,-0.24,23.949601174651992
system-7,system-7:load:-0.24:7,59,load,-0.24,23.937121115919393
system-7,system-7:load:-0.24:7,60,load,-0.24,23.925265060123426
system-7,system-7:load:-0.24:7,61,load,-0.24,23.914001807117256
system-7,system-7:load:-0.24:7,62,load,-0.24,23.903301716761394
system-7,system-7:load:-0.24:7,63,load,-0.24,23.893136630923326
system-7,system-7:load:-0.24:7,64,load,-0.24,23.883479799377163
system-7,system-7:load:-0.24:7,65,load,-0.24,23.874305809408305
system-7,system-7:load:-0.24:7,66,load,-0.24,23.865590518937893
system-7,system-7:load:-0.24:7,67,load,-0.24,23.857310992991
system-7,system-7:load:-0.24:7,68,load,-0.24,23.849445443341452
system-7,system-7:load:-0.24:7,69,load,-0.24,23.84197317117438
system-7,system-7:load:-0.24:7,70,load,-0.24,23.834874512615663
system-7,system-7:load:-0.24:7,71,load,-0.24,23.828130786984882
system-7,system-7:load:-0.24:7,72,load,-0.24,23.82172424763564
system-7,system-7:load:-0.24:7,73,load,-0.24,23.81563803525386
system-7,system-7:load:-0.24:7,74,load,-0.24,23.809856133491166
system-7,system-7:load:-0.24:7,75,load,-0.24,23.80436332681661
system-7,system-7:load:-0.24:7,76,load,-0.24,23.79914516047578
system-7,system-7:load:-0.24:7,77,load,-0.24,23.794187902451995
system-7,system-7:load:-0.24:7,78,load,-0.24,23.789478507329395
system-7,system-7:load:-0.24:7,79,load,-0.24,23.785004581962927
system-7,system-7:load:-0.24:7,80,load,-0.24,23.780754352864783
system-7,system-7:load:-0.24:7,81,load,-0.24,23.776716635221543
system-7,system-7:load:-0.24:7,82,load,-0.24,23.772880803460467
system-7,system-7:load:-0.24:7,83,load,-0.24,23.769236763287445
system-7,system-7:load:-0.24:7,84,load,-0.24,23.765774925123075
system-7,system-7:load:-0.24:7,85,load,-0.24,23.762486178866922
system-7,system-7:load:-0.24:7,86,load,-0.24,23.759361869923577
system-1,system-1:load:-0.24:1,35,load,-0.24,11.169423284673869
system-1,system-1:load:-0.24:1,36,load,-0.24,10.995952120440174
system-3,system-3:load:0.13:4,59,load,0.13,19.869518831997997
system-1,system-1:load:-0.24:1,37,load,-0.24,10.831154514418165
system-3,system-3:load:0.13:4,60,load,0.13,19.881042890398096
system-1,system-1:load:-0.24:1,38,load,-0.24,10.674596788697256
system-3,system-3:load:0.13:4,61,load,0.13,19.89199074587819
system-1,system-1:load:-0.24:1,39,load,-0.24,10.525866949262394
system-1,system-1:load:-0.24:1,40,load,-0.24,10.384573601799273
system-3,system-3:load:0.13:4,62,load,0.13,19.90239120858428
system-1,system-1:load:-0.24:1,41,load,-0.24,10.25034492170931
system-3,system-3:load:0.13:4,63,load,0.13,19.912271648155066
system-1,system-1:load:-0.24:1,42,load,-0.24,10.122827675623844
system-3,system-3:load:0.13:4,64,load,0.13,19.921658065747312
system-1,system-1:load:-0.24:1,43,load,-0.24,10.00168629184265
system-3,system-3:load:0.13:4,65,load,0.13,19.930575162459945
system-1,system-1:load:-0.24:1,44,load,-0.24,9.886601977250518
system-3,system-3:load:0.13:4,66,load,0.13,19.939046404336946
system-1,system-1:load:-0.24:1,45,load,-0.24,9.77727187838799
system-1,system-1:load:0.13:2,38,load,0.13,15.135210832106452
system-3,system-3:load:0.13:4,67,load,0.13,19.947094084120096
system-1,system-1:load:-0.24:1,46,load,-0.24,9.673408284468591
system-5,system-5:load:0.13:6,50,load,0.13,24.34957677555656
system-1,system-1:load:0.13:2,39,load,0.13,15.13345029050113
system-1,system-1:load:-0.24:1,47,load,-0.24,9.574737870245162
system-5,system-5:load:0.13:6,51,load,0.13,24.38709793677873
system-3,system-3:load:0.13:4,68,load,0.13,19.95473937991409
system-1,system-1:load:-0.24:1,48,load,-0.24,9.481000976732904
system-1,system-1:load:0.13:2,40,load,0.13,15.131777775976074
system-3,system-3:load:0.13:4,69,load,0.13,19.962002410918387
system-1,system-1:load:-0.24:1,49,load,-0.24,9.391950927896259
system-5,system-5:load:0.13:6,52,load,0.13,24.422743039939792
system-1,system-1:load:0.13:2,41,load,0.13,15.13018888717727
system-1,system-1:load:-0.24:1,50,load,-0.24,9.307353381501446
system-3,system-3:load:0.13:4,70,load,0.13,19.968902290372466
system-5,system-5:load:-0.24:5,43,load,-0.24,18.899855189492623
system-1,system-1:load:-0.24:1,51,load,-0.24,9.226985712426375
system-5,system-5:load:-0.24:5,44,load,-0.24,18.839862430017995
system-5,system-5:load:0.13:6,53,load,0.13,24.456605887942803
system-1,system-1:load:-0.24:1,52,load,-0.24,9.150636426805056
system-1,system-1:load:0.13:2,42,load,0.13,15.128679442818408
system-3,system-3:load:-0.24:3,41,load,-0.24,14.639912178025082
system-5,system-5:load:-0.24:5,45,load,-0.24,18.782869308517096
system-3,system-3:load:0.13:4,71,load,0.13,19.97545717585384
system-5,system-5:load:0.13:6,54,load,0.13,24.48877559354566
system-1,system-1:load:-0.24:1,53,load,-0.24,9.078104605464803
system-5,system-5:load:-0.24:5,46,load,-0.24,18.728725843091244
system-3,system-3:load:0.13:4,72,load,0.13,19.98168431706115
system-5,system-5:load:-0.24:5,47,load,-0.24,18.677289550936685
system-1,system-1:load:-0.24:1,54,load,-0.24,9.009199375191564
system-1,system-1:load:0.13:2,43,load,0.13,15.127245470677488
system-5,system-5:load:0.13:6,55,load,0.13,24.519336813868378
system-3,system-3:load:-0.24:3,42,load,-0.24,14.542916569123827
system-3,system-3:load:0.13:4,73,load,0.13,19.98760010120809
system-5,system-5:load:-0.24:5,48,load,-0.24,18.628425073389852
system-1,system-1:load:-0.24:1,55,load,-0.24,8.943739406431986
system-1,system-1:load:0.13:2,44,load,0.13,15.125883197143615
system-5,system-5:load:0.13:6,56,load,0.13,24.548369973174957
system-3,system-3:load:-0.24:3,43,load,-0.24,14.450770740667636
system-5,system-5:load:-0.24:5,49,load,-0.24,18.582003819720363
system-3,system-3:load:0.13:4,74,load,0.13,19.993220096147684
system-1,system-1:load:-0.24:1,56,load,-0.24,8.881552436110386
system-1,system-1:load:0.13:2,45,load,0.13,15.124589037286436
system-5,system-5:load:0.13:6,57,load,0.13,24.57595147451621
system-3,system-3:load:-0.24:3,44,load,-0.24,14.363232203634254
system-1,system-1:load:-0.24:1,57,load,-0.24,8.822474814304867
system-1,system-1:load:0.13:2,46,load,0.13,15.123359585422115
system-5,system-5:load:-0.24:5,50,load,-0.24,18.537903628734345
system-3,system-3:load:-0.24:3,45,load,-0.24,14.28007059345254
system-1,system-1:load:-0.24:1,58,load,-0.24,8.766351073589624
system-5,system-5:load:0.13:6,58,load,0.13,24.602153900790398
system-1,system-1:load:0.13:2,47,load,0.13,15.12219160615101
system-5,system-5:load:-0.24:5,51,load,-0.24,18.49600844729763
system-1,system-1:load:0.13:2,48,load,0.13,15.12108202584346
system-1,system-1:load:-0.24:1,59,load,-0.24,8.713033519910143
system-5,system-5:load:0.13:6,59,load,0.13,24.627046205750876
system-5,system-5:load:-0.24:5,52,load,-0.24,18.45620802493275
system-1,system-1:load:0.13:2,49,load,0.13,15.120027924551287
system-1,system-1:load:-0.24:1,60,load,-0.24,8.662381843914636
system-5,system-5:load:0.13:6,60,load,0.13,24.65069389546333
system-5,system-5:load:-0.24:5,53,load,-0.24,18.418397623686115
system-1,system-1:load:0.13:2,50,load,0.13,15.119026528323724
system-5,system-5:load:0.13:6,61,load,0.13,24.67315920069016
system-5,system-5:load:-0.24:5,54,load,-0.24,18.38247774250181
system-1,system-1:load:-0.24:1,61,load,-0.24,8.614262751718904
system-1,system-1:load:0.13:2,51,load,0.13,15.118075201907539
system-5,system-5:load:0.13:6,62,load,0.13,24.69450124065565
system-5,system-5:load:-0.24:5,55,load,-0.24,18.348353855376722
system-1,system-1:load:-0.24:1,62,load,-0.24,8.568549614132959
system-1,system-1:load:0.13:2,52,load,0.13,15.117171441812163
system-5,system-5:load:-0.24:5,56,load,-0.24,18.315936162607887
system-1,system-1:load:-0.24:1,63,load,-0.24,8.52512213342631
system-5,system-5:load:0.13:6,63,load,0.13,24.714776178622866
system-1,system-1:load:0.13:2,53,load,0.13,15.116312869721556
system-5,system-5:load:-0.24:5,57,load,-0.24,18.285139354477494
system-1,system-1:load:-0.24:1,64,load,-0.24,8.483866026754994
system-5,system-5:load:0.13:6,64,load,0.13,24.734037369691723
system-1,system-1:load:0.13:2,54,load,0.13,15.11549722623548
system-5,system-5:load:-0.24:5,58,load,-0.24,18.25588238675362
system-1,system-1:load:-0.24:1,65,load,-0.24,8.444672725417243
system-7,system-7:load:0.13:8,37,load,0.13,28.738819969015193
system-1,system-1:load:0.13:2,55,load,0.13,15.114722364923706
system-5,system-5:load:-0.24:5,59,load,-0.24,18.228088267415938
system-1,system-1:load:-0.24:1,66,load,-0.24,8.407439089146381
system-7,system-7:load:0.13:8,38,load,0.13,28.85687897056443
system-1,system-1:load:0.13:2,56,load,0.13,15.113986246677522
system-5,system-5:load:-0.24:5,60,load,-0.24,18.201683854045143
system-1,system-1:load:-0.24:1,67,load,-0.24,8.372067134689061
system-1,system-1:load:0.13:2,57,load,0.13,15.113286934343646
system-7,system-7:load:0.13:8,39,load,0.13,28.96903502203621
system-5,system-5:load:-0.24:5,61,load,-0.24,18.176599661342888
system-1,system-1:load:-0.24:1,68,load,-0.24,8.338463777954608
system-1,system-1:load:0.13:2,58,load,0.13,15.112622587626465
system-7,system-7:load:0.13:8,40,load,0.13,29.0755832709344
system-5,system-5:load:-0.24:5,62,load,-0.24,18.152769678275746
system-1,system-1:load:-0.24:1,69,load,-0.24,8.306540589056878
system-7,system-7:load:0.13:8,41,load,0.13,29.176804107387678
system-1,system-1:load:0.13:2,59,load,0.13,15.111991458245143
system-1,system-1:load:-0.24:1,70,load,-0.24,8.276213559604034
system-5,system-5:load:-0.24:5,63,load,-0.24,18.13013119436196
system-7,system-7:load:0.13:8,42,load,0.13,29.272963902018294
system-1,system-1:load:0.13:2,60,load,0.13,15.111391885332887
system-1,system-1:load:-0.24:1,71,load,-0.24,8.247402881623833
system-5,system-5:load:-0.24:5,64,load,-0.24,18.108624634643864
system-7,system-7:load:0.13:8,43,load,0.13,29.364315706917377
system-1,system-1:load:0.13:2,61,load,0.13,15.110822291066244
system-1,system-1:load:-0.24:1,72,load,-0.24,8.22003273754264
system-7,system-7:load:0.13:8,44,load,0.13,29.451099921571508
system-1,system-1:load:0.13:2,62,load,0.13,15.110281176512933
system-1,system-1:load:-0.24:1,73,load,-0.24,8.194031100665509
system-5,system-5:load:-0.24:5,65,load,-0.24,18.08819340291167
system-7,system-7:load:0.13:8,45,load,0.13,29.533544925492933
system-1,system-1:load:0.13:2,63,load,0.13,15.109767117687287
system-1,system-1:load:-0.24:1,74,load,-0.24,8.169329545632232
system-5,system-5:load:-0.24:5,66,load,-0.24,18.06878373276609
system-1,system-1:load:0.13:2,64,load,0.13,15.109278761802925
system-1,system-1:load:-0.24:1,75,load,-0.24,8.14586306835062
system-7,system-7:load:0.13:8,46,load,0.13,29.611867679218285
system-1,system-1:load:0.13:2,65,load,0.13,15.108814823712779
system-5,system-5:load:-0.24:5,67,load,-0.24,18.050344546127786
system-7,system-7:load:0.13:8,47,load,0.13,29.68627429525737
system-1,system-1:load:-0.24:1,76,load,-0.24,8.123569914933089
system-1,system-1:load:0.13:2,66,load,0.13,15.10837408252714
system-7,system-7:load:0.13:8,48,load,0.13,29.7569605804945
system-5,system-5:load:-0.24:5,68,load,-0.24,18.032827318821397
system-1,system-1:load:-0.24:1,77,load,-0.24,8.102391419186434
system-7,system-7:load:0.13:8,49,load,0.13,29.824112551469774
system-1,system-1:load:0.13:2,67,load,0.13,15.107955378400783
system-5,system-5:load:-0.24:5,69,load,-0.24,18.016185952880328
system-1,system-1:load:-0.24:1,78,load,-0.24,8.082271848227112
system-7,system-7:load:0.13:8,50,load,0.13,29.887906923896285
system-1,system-1:load:0.13:2,68,load,0.13,15.107557609480745
system-1,system-1:load:-0.24:1,79,load,-0.24,8.063158255815756
system-5,system-5:load:-0.24:5,70,load,-0.24,18.000376655236312
system-7,system-7:load:0.13:8,51,load,0.13,29.94851157770147
system-1,system-1:load:-0.24:1,80,load,-0.24,8.045000343024968
system-1,system-1:load:0.13:2,69,load,0.13,15.107179729006708
system-5,system-5:load:-0.24:5,71,load,-0.24,17.985357822474498
system-7,system-7:load:0.13:8,52,load,0.13,30.006085998816395
system-5,system-5:load:-0.24:5,72,load,-0.24,17.971089931350775
system-1,system-1:load:0.13:2,70,load,0.13,15.106820742556373
system-7,system-7:load:0.13:8,53,load,0.13,30.060781698875576
system-1,system-1:load:0.13:2,71,load,0.13,15.106479705428555
system-7,system-7:load:0.13:8,54,load,0.13,30.112742613931797
system-5,system-5:load:-0.24:5,73,load,-0.24,17.95753543478324
system-1,system-1:load:0.13:2,72,load,0.13,15.106155720157128
system-7,system-7:load:0.13:8,55,load,0.13,30.162105483235205
system-5,system-5:load:-0.24:5,74,load,-0.24,17.944658663044077
system-1,system-1:load:0.13:2,73,load,0.13,15.105847934149272
system-7,system-7:load:0.13:8,56,load,0.13,30.209000209073444
system-1,system-1:load:0.13:2,74,load,0.13,15.10555553744181
system-7,system-7:load:0.13:8,57,load,0.13,30.25355019861977
system-1,system-1:load:0.13:2,75,load,0.13,15.10527776056972
system-7,system-7:load:0.13:8,58,load,0.13,30.29587268868878
system-1,system-1:load:0.13:2,76,load,0.13,15.105013872541235
system-7,system-7:load:0.13:8,59,load,0.13,30.33607905425434
system-1,system-1:load:0.13:2,77,load,0.13,15.104763178914174
system-7,system-7:load:0.13:8,60,load,0.13,30.374275101541624
system-1,system-1:load:0.13:2,78,load,0.13,15.104525019968467
system-7,system-7:load:0.13:8,61,load,0.13,30.41056134646454
system-1,system-1:load:0.13:2,79,load,0.13,15.104298768970045
system-7,system-7:load:0.13:8,62,load,0.13,30.445033279141313
system-1,system-1:load:0.13:2,80,load,0.13,15.104083830521544
system-7,system-7:load:0.13:8,63,load,0.13,30.477781615184245
system-1,system-1:load:0.13:2,81,load,0.13,15.103879638995467
system-7,system-7:load:0.13:8,64,load,0.13,30.508892534425033
system-1,system-1:load:0.13:2,82,load,0.13,15.103685657045695
system-7,system-7:load:0.13:8,65,load,0.13,30.53844790770378
system-1,system-1:load:0.13:2,83,load,0.13,15.10350137419341
system-7,system-7:load:0.13:8,66,load,0.13,30.56652551231859
system-1,system-1:load:0.13:2,84,load,0.13,15.10332630548374
system-7,system-7:load:0.13:8,67,load,0.13,30.59319923670266
system-1,system-1:load:0.13:2,85,load,0.13,15.103159990209555
system-7,system-7:load:0.13:8,68,load,0.13,30.618539274867526
system-7,system-7:load:-0.24:7,87,load,-0.24,23.756393776427398
system-1,system-1:load:0.13:2,86,load,0.13,15.103001990699077
system-7,system-7:load:0.13:8,69,load,0.13,30.64261231112415
system-1,system-1:load:0.13:2,87,load,0.13,15.102851891164125
system-7,system-7:load:-0.24:7,88,load,-0.24,23.75357408760603
system-7,system-7:load:0.13:8,70,load,0.13,30.66548169556794
system-7,system-7:load:-0.24:7,89,load,-0.24,23.75089538322573
system-7,system-7:load:0.13:8,71,load,0.13,30.687207610789542
system-1,system-1:load:0.13:2,88,load,0.13,15.10270929660592
system-7,system-7:load:-0.24:7,90,load,-0.24,23.748350614064442
system-7,system-7:load:0.13:8,72,load,0.13,30.707847230250064
system-7,system-7:load:-0.24:7,91,load,-0.24,23.745933083361223
system-7,system-7:load:0.13:8,73,load,0.13,30.72745486873756
system-1,system-1:load:0.13:2,89,load,0.13,15.102573831775624
system-7,system-7:load:0.13:8,74,load,0.13,30.74608212530068
system-1,system-1:load:0.13:2,90,load,0.13,15.102445140186843
system-7,system-7:load:-0.24:7,92,load,-0.24,23.743636429193163
system-7,system-7:load:0.13:8,75,load,0.13,30.763778019035644
system-1,system-1:load:0.13:2,91,load,0.13,15.102322883177502
system-7,system-7:load:-0.24:7,93,load,-0.24,23.741454607733505
system-1,system-1:load:0.13:2,92,load,0.13,15.102206739018628
system-7,system-7:load:0.13:8,76,load,0.13,30.78058911808386
system-7,system-7:load:-0.24:7,94,load,-0.24,23.739381877346833
system-1,system-1:load:0.13:2,93,load,0.13,15.102096402067698
system-7,system-7:load:0.13:8,77,load,0.13,30.796559662179664
system-1,system-1:load:0.13:2,94,load,0.13,15.101991581964313
system-7,system-7:load:-0.24:7,95,load,-0.24,23.737412783479492
system-7,system-7:load:0.13:8,78,load,0.13,30.81173167907068
system-1,system-1:load:0.13:2,95,load,0.13,15.101892002866098
system-7,system-7:load:0.13:8,79,load,0.13,30.826145095117145
system-7,system-7:load:-0.24:7,96,load,-0.24,23.73554214430552
system-1,system-1:load:0.13:2,96,load,0.13,15.101797402722793
system-7,system-7:load:0.13:8,80,load,0.13,30.839837840361287
system-1,system-1:load:0.13:2,97,load,0.13,15.101707532586655
system-7,system-7:load:-0.24:7,97,load,-0.24,23.733765037090244
system-7,system-7:load:0.13:8,81,load,0.13,30.852845948343223
system-1,system-1:load:0.13:2,98,load,0.13,15.101622155957322
system-7,system-7:load:0.13:8,82,load,0.13,30.86520365092606
system-7,system-7:load:-0.24:7,98,load,-0.24,23.732076785235733
system-1,system-1:load:0.13:2,99,load,0.13,15.101541048159458
system-7,system-7:load:0.13:8,83,load,0.13,30.876943468379753
system-7,system-7:load:-0.24:7,99,load,-0.24,23.730472945973947
system-7,system-7:load:0.13:8,84,load,0.13,30.888096294960764
system-7,system-7:load:-0.24:7,100,load,-0.24,23.72894929867525
system-1,system-1:load:0.13:2,100,load,0.13,15.101463995751486
system-7,system-7:load:0.13:8,85,load,0.13,30.898691480212726
system-1,system-1:load:0.13:2,101,load,0.13,15.101390795963912
system-7,system-7:load:-0.24:7,101,load,-0.24,23.72750183374149
system-7,system-7:load:0.13:8,86,load,0.13,30.90875690620209
system-1,system-1:load:0.13:2,102,load,0.13,15.101321256165717
system-7,system-7:load:0.13:8,87,load,0.13,30.918319060891985
system-7,system-7:load:-0.24:7,102,load,-0.24,23.726126742054415
system-1,system-1:load:0.13:2,103,load,0.13,15.101255193357431
system-7,system-7:load:0.13:8,88,load,0.13,30.927403107847386
system-1,system-1:load:0.13:2,104,load,0.13,15.10119243368956
system-7,system-7:load:-0.24:7,103,load,-0.24,23.724820404951696
system-7,system-7:load:0.13:8,89,load,0.13,30.936032952455015
system-1,system-1:load:0.13:2,105,load,0.13,15.101132812005083
system-7,system-7:load:-0.24:7,104,load,-0.24,23.723579384704113
system-1,system-1:load:0.13:2,106,load,0.13,15.10107617140483
system-7,system-7:load:-0.24:7,105,load,-0.24,23.722400415468908
system-7,system-7:load:0.13:8,90,load,0.13,30.944231304832265
system-1,system-1:load:0.13:2,107,load,0.13,15.10102236283459
system-7,system-7:load:-0.24:7,106,load,-0.24,23.721280394695462
system-7,system-7:load:0.13:8,91,load,0.13,30.95201973959065
system-1,system-1:load:0.13:2,108,load,0.13,15.100971244692861
system-7,system-7:load:-0.24:7,107,load,-0.24,23.72021637496069
system-1,system-1:load:0.13:2,109,load,0.13,15.100922682458219
system-7,system-7:load:-0.24:7,108,load,-0.24,23.719205556212657
system-7,system-7:load:0.13:8,92,load,0.13,30.959418752611118
system-1,system-1:load:0.13:2,110,load,0.13,15.10087654833531
system-7,system-7:load:-0.24:7,109,load,-0.24,23.718245278402026
system-7,system-7:load:0.13:8,93,load,0.13,30.96644781498056
system-1,system-1:load:0.13:2,111,load,0.13,15.100832720918545
system-7,system-7:load:-0.24:7,110,load,-0.24,23.717333014481927
system-7,system-7:load:0.13:8,94,load,0.13,30.973125424231533
system-1,system-1:load:0.13:2,112,load,0.13,15.100791084872618
system-7,system-7:load:-0.24:7,111,load,-0.24,23.71646636375783
system-1,system-1:load:0.13:2,113,load,0.13,15.100751530628989
system-7,system-7:load:-0.24:7,112,load,-0.24,23.71564304556994
system-7,system-7:load:0.13:8,95,load,0.13,30.979469153019956
system-1,system-1:load:0.13:2,114,load,0.13,15.10071395409754
system-7,system-7:load:-0.24:7,113,load,-0.24,23.714860893291444
system-7,system-7:load:0.13:8,96,load,0.13,30.985495695368957
system-1,system-1:load:0.13:2,115,load,0.13,15.100678256392664
system-7,system-7:load:-0.24:7,114,load,-0.24,23.714117848626874
system-7,system-7:load:0.13:8,97,load,0.13,30.991220910600507
system-1,system-1:load:0.13:2,116,load,0.13,15.100644343573032
system-7,system-7:load:-0.24:7,115,load,-0.24,23.713411956195532
system-7,system-7:load:0.13:8,98,load,0.13,30.99665986507048
system-7,system-7:load:-0.24:7,116,load,-0.24,23.712741358385756
system-1,system-1:load:0.13:2,117,load,0.13,15.100612126394381
system-7,system-7:load:-0.24:7,117,load,-0.24,23.71210429046647
system-1,system-1:load:0.13:2,118,load,0.13,15.100581520074662
system-7,system-7:load:0.13:8,99,load,0.13,31.001826871816956
system-1,system-1:load:0.13:2,119,load,0.13,15.10055244407093
system-1,system-1:load:0.13:2,120,load,0.13,15.100524821867385
system-7,system-7:load:0.13:8,100,load,0.13,31.006735528226105
system-1,system-1:load:0.13:2,121,load,0.13,15.100498580774017
system-7,system-7:load:0.13:8,101,load,0.13,31.0113987518148
system-1,system-1:load:0.13:2,122,load,0.13,15.100473651735317
system-7,system-7:load:0.13:8,102,load,0.13,31.015828814224058
system-1,system-1:load:0.13:2,123,load,0.13,15.100449969148553
system-7,system-7:load:0.13:8,103,load,0.13,31.020037373512853
system-1,system-1:load:0.13:2,124,load,0.13,15.100427470691125
system-1,system-1:load:0.13:2,125,load,0.13,15.10040609715657
system-7,system-7:load:0.13:8,104,load,0.13,31.024035504837208
system-7,system-7:load:0.13:8,105,load,0.13,31.027833729595347
system-1,system-1:load:0.13:2,126,load,0.13,15.100385792298743
system-7,system-7:load:0.13:8,106,load,0.13,31.03144204311558
system-1,system-1:load:0.13:2,127,load,0.13,15.100366502683807
system-7,system-7:load:0.13:8,107,load,0.13,31.034869940959798
system-1,system-1:load:0.13:2,128,load,0.13,15.100348177549618
system-7,system-7:load:0.13:8,108,load,0.13,31.038126443911807
system-1,system-1:load:0.13:2,129,load,0.13,15.100330768672137
system-7,system-7:load:0.13:8,109,load,0.13,31.041220121716215
system-1,system-1:load:0.13:2,130,load,0.13,15.100314230238531
system-7,system-7:load:0.13:8,110,load,0.13,31.044159115630404
system-1,system-1:load:0.13:2,131,load,0.13,15.100298518726605
system-7,system-7:load:0.13:8,111,load,0.13,31.04695115984888
system-1,system-1:load:0.13:2,132,load,0.13,15.100283592790277
system-7,system-7:load:0.13:8,112,load,0.13,31.049603601856436
system-1,system-1:load:0.13:2,133,load,0.13,15.100269413150764
system-7,system-7:load:0.13:8,113,load,0.13,31.052123421763614
system-1,system-1:load:0.13:2,134,load,0.13,15.100255942493227
system-1,system-1:load:0.13:2,135,load,0.13,15.100243145368566
system-7,system-7:load:0.13:8,114,load,0.13,31.05451725067543
system-7,system-7:load:0.13:8,115,load,0.13,31.056791388141658
system-1,system-1:load:0.13:2,136,load,0.13,15.100230988100138
system-7,system-7:load:0.13:8,116,load,0.13,31.058951818734574
system-1,system-1:load:0.13:2,137,load,0.13,15.100219438695133
system-1,system-1:load:0.13:2,138,load,0.13,15.100208466760376
system-7,system-7:load:0.13:8,117,load,0.13,31.061004227797845
system-1,system-1:load:0.13:2,139,load,0.13,15.100198043422358
system-7,system-7:load:0.13:8,118,load,0.13,31.062954016407954
system-1,system-1:load:0.13:2,140,load,0.13,15.100188141251241
system-7,system-7:load:0.13:8,119,load,0.13,31.064806315587553
system-1,system-1:load:0.13:2,141,load,0.13,15.10017873418868
system-7,system-7:load:0.13:8,120,load,0.13,31.066565999808173
system-1,system-1:load:0.13:2,142,load,0.13,15.100169797479246
system-7,system-7:load:0.13:8,121,load,0.13,31.068237699817765
system-1,system-1:load:0.13:2,143,load,0.13,15.100161307605285
system-7,system-7:load:0.13:8,122,load,0.13,31.069825814826874
system-1,system-1:load:0.13:2,144,load,0.13,15.100153242225021
system-7,system-7:load:0.13:8,123,load,0.13,31.07133452408553
system-1,system-1:load:0.13:2,145,load,0.13,15.100145580113772
system-7,system-7:load:0.13:8,124,load,0.13,31.07276779788125
system-1,system-1:load:0.13:2,146,load,0.13,15.100138301108084
system-7,system-7:load:0.13:8,125,load,0.13,31.074129407987186
system-1,system-1:load:0.13:2,147,load,0.13,15.10013138605268
system-7,system-7:load:0.13:8,126,load,0.13,31.075422937587827
system-1,system-1:load:0.13:2,148,load,0.13,15.100124816750048
system-3,system-3:load:0.13:4,75,load,0.13,19.9985590913403
system-1,system-1:load:0.13:2,149,load,0.13,15.100118575912546
system-7,system-7:load:0.13:8,127,load,0.13,31.076651790708436
system-1,system-1:load:0.13:2,150,load,0.13,15.10011264711692
system-7,system-7:load:0.13:8,128,load,0.13,31.077819201173014
system-3,system-3:load:0.13:4,76,load,0.13,20.003631136773286
system-1,system-1:load:0.13:2,151,load,0.13,15.100107014761074
system-7,system-7:load:0.13:8,129,load,0.13,31.07892824111436
system-3,system-3:load:0.13:4,77,load,0.13,20.00844957993462
system-1,system-1:load:0.13:2,152,load,0.13,15.10010166402302
system-7,system-7:load:0.13:8,130,load,0.13,31.079981829058642
system-3,system-3:load:0.13:4,78,load,0.13,20.013027100937887
system-3,system-3:load:-0.24:3,46,load,-0.24,14.201067063779913
system-1,system-1:load:0.13:2,153,load,0.13,15.10009658082187
system-7,system-7:load:0.13:8,131,load,0.13,31.08098273760571
system-3,system-3:load:0.13:4,79,load,0.13,20.01737574589099
system-1,system-1:load:0.13:2,154,load,0.13,15.100091751780777
system-3,system-3:load:-0.24:3,47,load,-0.24,14.126013710590916
system-1,system-1:load:0.13:2,155,load,0.13,15.10008716419174
system-3,system-3:load:0.13:4,80,load,0.13,20.02150695859644
system-3,system-3:load:-0.24:3,48,load,-0.24,14.05471302506137
system-1,system-1:load:0.13:2,156,load,0.13,15.100082805982153
system-3,system-3:load:0.13:4,81,load,0.13,20.02543161066662
system-1,system-1:load:0.13:2,157,load,0.13,15.100078665683046
system-3,system-3:load:-0.24:3,49,load,-0.24,13.986977373808301
system-1,system-1:load:0.13:2,158,load,0.13,15.100074732398895
system-3,system-3:load:0.13:4,82,load,0.13,20.029160030133287
system-3,system-3:load:-0.24:3,50,load,-0.24,13.922628505117887
system-1,system-1:load:0.13:2,159,load,0.13,15.100070995778951
system-3,system-3:load:0.13:4,83,load,0.13,20.032702028626623
system-1,system-1:load:0.13:2,160,load,0.13,15.100067445990005
system-3,system-3:load:-0.24:3,51,load,-0.24,13.861497079861993
system-3,system-3:load:0.13:4,84,load,0.13,20.03606692719529
system-3,system-3:load:-0.24:3,52,load,-0.24,13.803422225868893
system-3,system-3:load:0.13:4,85,load,0.13,20.039263580835524
system-5,system-5:load:0.13:6,65,load,0.13,24.752335501207135
system-3,system-3:load:0.13:4,86,load,0.13,20.042300401793746
system-3,system-3:load:-0.24:3,53,load,-0.24,13.748251114575448
system-3,system-3:load:-0.24:3,54,load,-0.24,13.695838558846676
system-5,system-5:load:0.13:6,66,load,0.13,24.769718726146777
system-3,system-3:load:0.13:4,87,load,0.13,20.04518538170406
system-3,system-3:load:0.13:4,88,load,0.13,20.047926112618853
system-3,system-3:load:-0.24:3,55,load,-0.24,13.646046630904342
system-5,system-5:load:0.13:6,67,load,0.13,24.78623278983944
system-3,system-3:load:0.13:4,89,load,0.13,20.05052980698791
system-3,system-3:load:-0.24:3,56,load,-0.24,13.598744299359124
system-5,system-5:load:0.13:6,68,load,0.13,24.801921150347464
system-3,system-3:load:-0.24:3,57,load,-0.24,13.553807084391167
system-3,system-3:load:0.13:4,90,load,0.13,20.053003316638513
system-5,system-5:load:0.13:6,69,load,0.13,24.81682509283009
system-3,system-3:load:-0.24:3,58,load,-0.24,13.511116730171608
system-5,system-5:load:0.13:6,70,load,0.13,24.830983838188583
system-3,system-3:load:0.13:4,91,load,0.13,20.055353150806585
system-3,system-3:load:-0.24:3,59,load,-0.24,13.470560893663027
system-3,system-3:load:0.13:4,92,load,0.13,20.057585493266256
system-5,system-5:load:0.13:6,71,load,0.13,24.844434646279154
system-3,system-3:load:-0.24:3,60,load,-0.24,13.432032848979876
system-3,system-3:load:0.13:4,93,load,0.13,20.05970621860294
system-5,system-5:load:0.13:6,72,load,0.13,24.857212913965196
system-3,system-3:load:-0.24:3,61,load,-0.24,13.395431206530882
system-3,system-3:load:0.13:4,94,load,0.13,20.061720907672793
system-5,system-5:load:0.13:6,73,load,0.13,24.869352268266933
system-3,system-3:load:-0.24:3,62,load,-0.24,13.360659646204338
system-3,system-3:load:0.13:4,95,load,0.13,20.063634862289152
system-5,system-5:load:0.13:6,74,load,0.13,24.880884654853585
system-3,system-3:load:-0.24:3,63,load,-0.24,13.32762666389412
system-3,system-3:load:0.13:4,96,load,0.13,20.065453119174695
system-5,system-5:load:0.13:6,75,load,0.13,24.891840422110903
system-3,system-3:load:-0.24:3,64,load,-0.24,13.296245330699414
system-3,system-3:load:0.13:4,97,load,0.13,20.06718046321596
system-5,system-5:load:0.13:6,76,load,0.13,24.902248401005355
system-3,system-3:load:-0.24:3,65,load,-0.24,13.266433064164442
system-3,system-3:load:0.13:4,98,load,0.13,20.06882144005516
system-5,system-5:load:0.13:6,77,load,0.13,24.912135980955085
system-3,system-3:load:-0.24:3,66,load,-0.24,13.23811141095622
system-5,system-5:load:0.13:6,78,load,0.13,24.92152918190733
system-3,system-3:load:0.13:4,99,load,0.13,20.0703803680524
system-5,system-5:load:0.13:6,79,load,0.13,24.930452722811964
system-3,system-3:load:-0.24:3,67,load,-0.24,13.21120584040841
system-3,system-3:load:0.13:4,100,load,0.13,20.07186134964978
system-3,system-3:load:-0.24:3,68,load,-0.24,13.185645548387988
system-3,system-3:load:0.13:4,101,load,0.13,20.07326828216729
system-5,system-5:load:0.13:6,80,load,0.13,24.938930086671366
system-3,system-3:load:-0.24:3,69,load,-0.24,13.16136327096859
system-3,system-3:load:0.13:4,102,load,0.13,20.074604868058927
system-5,system-5:load:0.13:6,81,load,0.13,24.946983582337797
system-3,system-3:load:-0.24:3,70,load,-0.24,13.13829510742016
system-3,system-3:load:0.13:4,103,load,0.13,20.07587462465598
system-5,system-5:load:0.13:6,82,load,0.13,24.954634403220908
system-3,system-3:load:0.13:4,104,load,0.13,20.07708089342318
system-3,system-3:load:-0.24:3,71,load,-0.24,13.11638035204915
system-3,system-3:load:0.13:4,105,load,0.13,20.07822684875202
system-5,system-5:load:0.13:6,83,load,0.13,24.96190268305986
system-3,system-3:load:0.13:4,106,load,0.13,20.07931550631442
system-3,system-3:load:-0.24:3,72,load,-0.24,13.095561334446693
system-5,system-5:load:0.13:6,84,load,0.13,24.968807548906867
system-3,system-3:load:0.13:4,107,load,0.13,20.080349730998698
system-3,system-3:load:-0.24:3,73,load,-0.24,13.075783267724358
system-3,system-3:load:0.13:4,108,load,0.13,20.081332244448763
system-5,system-5:load:0.13:6,85,load,0.13,24.97536717146152
system-3,system-3:load:0.13:4,109,load,0.13,20.082265632226324
system-3,system-3:load:-0.24:3,74,load,-0.24,13.05699410433814
system-5,system-5:load:0.13:6,86,load,0.13,24.981598812888443
system-3,system-3:load:0.13:4,110,load,0.13,20.083152350615006
system-3,system-3:load:-0.24:3,75,load,-0.24,13.039144399121232
system-3,system-3:load:0.13:4,111,load,0.13,20.083994733084253
system-5,system-5:load:0.13:6,87,load,0.13,24.98751887224402
system-1,system-1:load:-0.24:1,81,load,-0.24,8.02775032587372
system-3,system-3:load:-0.24:3,76,load,-0.24,13.02218717916517
system-3,system-3:load:0.13:4,112,load,0.13,20.08479499643004
system-5,system-5:load:0.13:6,88,load,0.13,24.99314292863182
system-1,system-1:load:-0.24:1,82,load,-0.24,8.011362809580033
system-3,system-3:load:0.13:4,113,load,0.13,20.08555524660854
system-5,system-5:load:0.13:6,89,load,0.13,24.998485782200227
system-3,system-3:load:-0.24:3,77,load,-0.24,13.006077820206912
system-3,system-3:load:0.13:4,114,load,0.13,20.08627748427811
system-1,system-1:load:-0.24:1,83,load,-0.24,7.995794669101031
system-5,system-5:load:0.13:6,90,load,0.13,25.003561493090213
system-3,system-3:load:-0.24:3,78,load,-0.24,12.990773929196566
system-3,system-3:load:0.13:4,115,load,0.13,20.086963610064203
system-1,system-1:load:-0.24:1,84,load,-0.24,7.981004935645979
system-5,system-5:load:0.13:6,91,load,0.13,25.008383418435702
system-3,system-3:load:0.13:4,116,load,0.13,20.08761542956099
system-3,system-3:load:-0.24:3,79,load,-0.24,12.976235232736737
system-1,system-1:load:-0.24:1,85,load,-0.24,7.96695468886368
system-3,system-3:load:0.13:4,117,load,0.13,20.08823465808294
system-5,system-5:load:-0.24:5,75,load,-0.24,17.932425729891875
system-5,system-5:load:0.13:6,92,load,0.13,25.012964247513917
system-3,system-3:load:-0.24:3,80,load,-0.24,12.9624234710999
system-3,system-3:load:0.13:4,118,load,0.13,20.088822925178793
system-1,system-1:load:-0.24:1,86,load,-0.24,7.953606954420495
system-5,system-5:load:0.13:6,93,load,0.13,25.01731603513822
system-3,system-3:load:-0.24:3,81,load,-0.24,12.949302297544905
system-3,system-3:load:0.13:4,119,load,0.13,20.08938177891985
system-5,system-5:load:-0.24:5,76,load,-0.24,17.920804443397284
system-1,system-1:load:-0.24:1,87,load,-0.24,7.94092660669947
system-5,system-5:load:0.13:6,94,load,0.13,25.021450233381305
system-3,system-3:load:0.13:4,120,load,0.13,20.089912689973858
system-3,system-3:load:-0.24:3,82,load,-0.24,12.93683718266766
system-1,system-1:load:-0.24:1,88,load,-0.24,7.928880276364497
system-3,system-3:load:0.13:4,121,load,0.13,20.090417055475164
system-5,system-5:load:-0.24:5,77,load,-0.24,17.90976422122742
system-5,system-5:load:0.13:6,95,load,0.13,25.02537772171224
system-3,system-3:load:0.13:4,122,load,0.13,20.090896202701405
system-3,system-3:load:-0.24:3,83,load,-0.24,12.924995323534276
system-5,system-5:load:-0.24:5,78,load,-0.24,17.89927601016605
system-1,system-1:load:-0.24:1,89,load,-0.24,7.917436262546271
system-5,system-5:load:0.13:6,96,load,0.13,25.029108835626626
system-3,system-3:load:0.13:4,123,load,0.13,20.091351392566335
system-3,system-3:load:-0.24:3,84,load,-0.24,12.913745557357561
system-5,system-5:load:-0.24:5,79,load,-0.24,17.88931220965775
system-1,system-1:load:-0.24:1,90,load,-0.24,7.906564449418957
system-3,system-3:load:0.13:4,124,load,0.13,20.091783822938016
system-5,system-5:load:0.13:6,97,load,0.13,25.032653393845294
system-5,system-5:load:-0.24:5,80,load,-0.24,17.879846599174865
system-3,system-3:load:-0.24:3,85,load,-0.24,12.903058279489683
system-1,system-1:load:-0.24:1,91,load,-0.24,7.896236226948009
system-3,system-3:load:0.13:4,125,load,0.13,20.092194631791113
system-5,system-5:load:0.13:6,98,load,0.13,25.03602072415303
system-5,system-5:load:-0.24:5,81,load,-0.24,17.870854269216125
system-1,system-1:load:-0.24:1,92,load,-0.24,7.886424415600608
system-3,system-3:load:-0.24:3,86,load,-0.24,12.892905365515198
system-3,system-3:load:0.13:4,126,load,0.13,20.092584900201555
system-1,system-1:load:-0.24:1,93,load,-0.24,7.877103194820577
system-5,system-5:load:-0.24:5,82,load,-0.24,17.86231155575532
system-5,system-5:load:0.13:6,99,load,0.13,25.039219687945376
system-3,system-3:load:0.13:4,127,load,0.13,20.092955655191474
system-3,system-3:load:-0.24:3,87,load,-0.24,12.883260097239438
system-1,system-1:load:-0.24:1,94,load,-0.24,7.868248035079548
system-5,system-5:load:-0.24:5,83,load,-0.24,17.854195977967553
system-5,system-5:load:0.13:6,100,load,0.13,25.042258703548107
system-3,system-3:load:0.13:4,128,load,0.13,20.0933078724319
system-1,system-1:load:-0.24:1,95,load,-0.24,7.85983563332557
system-3,system-3:load:-0.24:3,88,load,-0.24,12.874097092377466
system-5,system-5:load:0.13:6,101,load,0.13,25.045145768370702
system-3,system-3:load:0.13:4,129,load,0.13,20.093642478810306
system-5,system-5:load:-0.24:5,84,load,-0.24,17.846486179069178
system-1,system-1:load:-0.24:1,96,load,-0.24,7.851843851659291
system-3,system-3:load:-0.24:3,89,load,-0.24,12.865392237758593
system-5,system-5:load:0.13:6,102,load,0.13,25.047888479952167
system-5,system-5:load:-0.24:5,85,load,-0.24,17.83916187011572
system-3,system-3:load:0.13:4,130,load,0.13,20.09396035486979
system-3,system-3:load:-0.24:3,90,load,-0.24,12.857122625870664
system-5,system-5:load:0.13:6,103,load,0.13,25.05049405595456
system-3,system-3:load:0.13:4,131,load,0.13,20.0942623371263
system-5,system-5:load:-0.24:5,86,load,-0.24,17.832203776609937
system-3,system-3:load:-0.24:3,91,load,-0.24,12.849266494577131
system-5,system-5:load:0.13:6,104,load,0.13,25.05296935315683
system-3,system-3:load:0.13:4,132,load,0.13,20.094549220269982
system-5,system-5:load:-0.24:5,87,load,-0.24,17.82559358777944
system-5,system-5:load:0.13:6,105,load,0.13,25.055320885498986
system-3,system-3:load:-0.24:3,92,load,-0.24,12.841803169848275
system-3,system-3:load:0.13:4,133,load,0.13,20.094821759256483
system-5,system-5:load:0.13:6,106,load,0.13,25.057554841224036
system-5,system-5:load:-0.24:5,88,load,-0.24,17.81931390839047
system-3,system-3:load:-0.24:3,93,load,-0.24,12.834713011355861
system-3,system-3:load:0.13:4,134,load,0.13,20.09508067129366
system-5,system-5:load:0.13:6,107,load,0.13,25.059677099162833
system-3,system-3:load:-0.24:3,94,load,-0.24,12.827977360788068
system-3,system-3:load:0.13:4,135,load,0.13,20.095326637728974
system-5,system-5:load:0.13:6,108,load,0.13,25.06169324420469
system-3,system-3:load:0.13:4,136,load,0.13,20.095560305842525
system-5,system-5:load:0.13:6,109,load,0.13,25.063608581994455
system-3,system-3:load:-0.24:3,95,load,-0.24,12.821578492748666
system-5,system-5:load:0.13:6,110,load,0.13,25.065428152894732
system-3,system-3:load:0.13:4,137,load,0.13,20.0957822905504
system-3,system-3:load:-0.24:3,96,load,-0.24,12.815499568111232
system-3,system-3:load:0.13:4,138,load,0.13,20.09599317602288
system-3,system-3:load:-0.24:3,97,load,-0.24,12.80972458970567
system-5,system-5:load:0.13:6,111,load,0.13,25.067156745249996
system-3,system-3:load:0.13:4,139,load,0.13,20.096193517221735
system-3,system-3:load:-0.24:3,98,load,-0.24,12.804238360220387
system-3,system-3:load:0.13:4,140,load,0.13,20.096383841360648
system-5,system-5:load:0.13:6,112,load,0.13,25.068798907987496
system-3,system-3:load:0.13:4,141,load,0.13,20.096564649292613
system-5,system-5:load:0.13:6,113,load,0.13,25.07035896258812
system-3,system-3:load:0.13:4,142,load,0.13,20.09673641682798
system-5,system-5:load:0.13:6,114,load,0.13,25.071841014458712
system-3,system-3:load:0.13:4,143,load,0.13,20.09689959598658
system-5,system-5:load:0.13:6,115,load,0.13,25.073248963735775
system-3,system-3:load:0.13:4,144,load,0.13,20.09705461618725
system-5,system-5:load:0.13:6,116,load,0.13,25.074586515548987
system-3,system-3:load:0.13:4,145,load,0.13,20.09720188537789
system-5,system-5:load:0.13:6,117,load,0.13,25.075857189771536
system-3,system-3:load:0.13:4,146,load,0.13,20.09734179110899
system-3,system-3:load:0.13:4,147,load,0.13,20.09747470155354
system-5,system-5:load:0.13:6,118,load,0.13,25.07706433028296
system-3,system-3:load:0.13:4,148,load,0.13,20.097600966475863
system-5,system-5:load:0.13:6,119,load,0.13,25.07821111376881
system-3,system-3:load:0.13:4,149,load,0.13,20.097720918152067
system-5,system-5:load:0.13:6,120,load,0.13,25.079300558080366
system-3,system-3:load:0.13:4,150,load,0.13,20.097834872244462
system-5,system-5:load:0.13:6,121,load,0.13,25.080335530176345
system-3,system-3:load:0.13:4,151,load,0.13,20.097943128632238
system-5,system-5:load:0.13:6,122,load,0.13,25.081318753667528
system-3,system-3:load:0.13:4,152,load,0.13,20.098045972200627
system-5,system-5:load:0.13:6,123,load,0.13,25.082252815984152
system-3,system-3:load:0.13:4,153,load,0.13,20.098143673590595
system-5,system-5:load:0.13:6,124,load,0.13,25.083140175184944
system-3,system-3:load:0.13:4,154,load,0.13,20.098236489911063
system-5,system-5:load:0.13:6,125,load,0.13,25.083983166425696
system-3,system-3:load:0.13:4,155,load,0.13,20.098324665415507
system-5,system-5:load:0.13:6,126,load,0.13,25.08478400810441
system-3,system-3:load:0.13:4,156,load,0.13,20.09840843214473
system-5,system-5:load:0.13:6,127,load,0.13,25.08554480769919
system-3,system-3:load:0.13:4,157,load,0.13,20.09848801053749
system-5,system-5:load:0.13:6,128,load,0.13,25.08626756731423
system-3,system-3:load:0.13:4,158,load,0.13,20.098563610010615
system-5,system-5:load:0.13:6,129,load,0.13,25.086954188948518
system-3,system-3:load:0.13:4,159,load,0.13,20.098635429510082
system-5,system-5:load:0.13:6,130,load,0.13,25.08760647950109
system-3,system-3:load:0.13:4,160,load,0.13,20.098703658034577
system-5,system-5:load:0.13:6,131,load,0.13,25.088226155526034
system-5,system-5:load:0.13:6,132,load,0.13,25.08881484774973
system-5,system-5:load:0.13:6,133,load,0.13,25.089374105362243
system-5,system-5:load:0.13:6,134,load,0.13,25.08990540009413
system-5,system-5:load:0.13:6,135,load,0.13,25.09041013008942
system-5,system-5:load:0.13:6,136,load,0.13,25.09088962358495
system-5,system-5:load:0.13:6,137,load,0.13,25.0913451424057
system-5,system-5:load:0.13:6,138,load,0.13,25.091777885285413
system-5,system-5:load:0.13:6,139,load,0.13,25.092188991021143
system-5,system-5:load:0.13:6,140,load,0.13,25.092579541470084
system-5,system-5:load:0.13:6,141,load,0.13,25.092950564396578
system-5,system-5:load:0.13:6,142,load,0.13,25.09330303617675
system-5,system-5:load:0.13:6,143,load,0.13,25.09363788436791
system-5,system-5:load:0.13:6,144,load,0.13,25.093955990149514
system-5,system-5:load:0.13:6,145,load,0.13,25.094258190642037
system-5,system-5:load:0.13:6,146,load,0.13,25.094545281109934
system-5,system-5:load:0.13:6,147,load,0.13,25.094818017054436
system-5,system-5:load:0.13:6,148,load,0.13,25.095077116201715
system-5,system-5:load:0.13:6,149,load,0.13,25.095323260391627
system-5,system-5:load:0.13:6,150,load,0.13,25.095557097372044
system-5,system-5:load:0.13:6,151,load,0.13,25.09577924250344
system-5,system-5:load:0.13:6,152,load,0.13,25.095990280378267
system-5,system-5:load:0.13:6,153,load,0.13,25.096190766359353
system-5,system-5:load:0.13:6,154,load,0.13,25.096381228041384
system-5,system-5:load:0.13:6,155,load,0.13,25.096562166639313
system-5,system-5:load:0.13:6,156,load,0.13,25.096734058307344
system-5,system-5:load:0.13:6,157,load,0.13,25.096897355391977
system-5,system-5:load:0.13:6,158,load,0.13,25.097052487622378
system-7,system-7:load:-0.24:7,118,load,-0.24,23.71149907594315
system-5,system-5:load:0.13:6,159,load,0.13,25.097199863241258
system-7,system-7:load:-0.24:7,119,load,-0.24,23.710924122145993
system-5,system-5:load:0.13:6,160,load,0.13,25.097339870079193
system-7,system-7:load:-0.24:7,120,load,-0.24,23.710377916038695
system-7,system-7:load:-0.24:7,121,load,-0.24,23.709859020236763
system-7,system-7:load:-0.24:7,122,load,-0.24,23.709366069224927
system-7,system-7:load:-0.24:7,123,load,-0.24,23.708897765763684
system-7,system-7:load:-0.24:7,124,load,-0.24,23.7084528774755
system-7,system-7:load:-0.24:7,125,load,-0.24,23.70803023360173
system-7,system-7:load:-0.24:7,126,load,-0.24,23.707628721921644
system-7,system-7:load:-0.24:7,127,load,-0.24,23.707247285825563
system-7,system-7:load:-0.24:7,128,load,-0.24,23.706884921534286
system-7,system-7:load:-0.24:7,129,load,-0.24,23.706540675457575
system-7,system-7:load:-0.24:7,130,load,-0.24,23.7062136416847
system-7,system-7:load:-0.24:7,131,load,-0.24,23.705902959600465
system-7,system-7:load:-0.24:7,132,load,-0.24,23.705607811620443
system-7,system-7:load:-0.24:7,133,load,-0.24,23.70532742103942
system-7,system-7:load:-0.24:7,134,load,-0.24,23.705061049987453
system-7,system-7:load:-0.24:7,135,load,-0.24,23.704807997488082
system-7,system-7:load:-0.24:7,136,load,-0.24,23.70456759761368
system-7,system-7:load:-0.24:7,137,load,-0.24,23.704339217732997
system-7,system-7:load:-0.24:7,138,load,-0.24,23.70412225684635
system-7,system-7:load:-0.24:7,139,load,-0.24,23.703916144004033
system-7,system-7:load:-0.24:7,140,load,-0.24,23.703720336803833
system-7,system-7:load:-0.24:7,141,load,-0.24,23.703534319963644
system-7,system-7:load:-0.24:7,142,load,-0.24,23.703357603965465
system-7,system-7:load:-0.24:7,143,load,-0.24,23.703189723767192
system-7,system-7:load:-0.24:7,144,load,-0.24,23.703030237578833
system-7,system-7:load:0.13:8,132,load,0.13,31.08193360072542
system-7,system-7:load:-0.24:7,145,load,-0.24,23.702878725699893
system-7,system-7:load:0.13:8,133,load,0.13,31.08283692068915
system-7,system-7:load:-0.24:7,146,load,-0.24,23.7027347894149
system-7,system-7:load:0.13:8,134,load,0.13,31.083695074654692
system-7,system-7:load:-0.24:7,147,load,-0.24,23.702598049944157
system-7,system-7:load:0.13:8,135,load,0.13,31.084510320921957
system-7,system-7:load:-0.24:7,148,load,-0.24,23.70246814744695
system-7,system-7:load:0.13:8,136,load,0.13,31.085284804875858
system-7,system-7:load:-0.24:7,149,load,-0.24,23.702344740074604
system-7,system-7:load:0.13:8,137,load,0.13,31.086020564632065
system-7,system-7:load:-0.24:7,150,load,-0.24,23.702227503070876
system-7,system-7:load:0.13:8,138,load,0.13,31.086719536400462
system-7,system-7:load:-0.24:7,151,load,-0.24,23.702116127917336
system-7,system-7:load:0.13:8,139,load,0.13,31.087383559580438
system-7,system-7:load:-0.24:7,152,load,-0.24,23.70201032152147
system-7,system-7:load:0.13:8,140,load,0.13,31.088014381601415
system-7,system-7:load:-0.24:7,153,load,-0.24,23.7019098054454
system-7,system-7:load:0.13:8,141,load,0.13,31.088613662521343
system-7,system-7:load:-0.24:7,154,load,-0.24,23.70181431517313
system-7,system-7:load:0.13:8,142,load,0.13,31.089182979395275
system-7,system-7:load:-0.24:7,155,load,-0.24,23.701723599414475
system-7,system-7:load:0.13:8,143,load,0.13,31.08972383042551
system-7,system-7:load:-0.24:7,156,load,-0.24,23.701637419443752
system-7,system-7:load:0.13:8,144,load,0.13,31.09023763890423
system-7,system-7:load:-0.24:7,157,load,-0.24,23.701555548471568
system-7,system-7:load:0.13:8,145,load,0.13,31.090725756959017
system-7,system-7:load:-0.24:7,158,load,-0.24,23.70147777104799
system-7,system-7:load:0.13:8,146,load,0.13,31.091189469111065
system-7,system-7:load:-0.24:7,159,load,-0.24,23.701403882495594
system-7,system-7:load:0.13:8,147,load,0.13,31.09162999565551
system-7,system-7:load:-0.24:7,160,load,-0.24,23.701333688370816
system-7,system-7:load:0.13:8,148,load,0.13,31.09204849587273
system-7,system-7:load:0.13:8,149,load,0.13,31.092446071079095
system-7,system-7:load:0.13:8,150,load,0.13,31.09282376752514
system-7,system-7:load:0.13:8,151,load,0.13,31.09318257914888
system-7,system-7:load:0.13:8,152,load,0.13,31.093523450191437
system-7,system-7:load:0.13:8,153,load,0.13,31.093847277681864
system-7,system-7:load:0.13:8,154,load,0.13,31.09415491379777
system-7,system-7:load:0.13:8,155,load,0.13,31.09444716810788
system-7,system-7:load:0.13:8,156,load,0.13,31.094724809702484
system-7,system-7:load:0.13:8,157,load,0.13,31.09498856921736
system-7,system-7:load:0.13:8,158,load,0.13,31.09523914075649
system-7,system-7:load:0.13:8,159,load,0.13,31.095477183718664
system-7,system-7:load:0.13:8,160,load,0.13,31.09570332453273
system-1,system-1:load:-0.24:1,97,load,-0.24,7.844251659076326
system-1,system-1:load:-0.24:1,98,load,-0.24,7.83703907612251
system-1,system-1:load:-0.24:1,99,load,-0.24,7.830187122316385
system-1,system-1:load:-0.24:1,100,load,-0.24,7.823677766200566
system-5,system-5:load:-0.24:5,89,load,-0.24,17.813348212970947
system-1,system-1:load:-0.24:1,101,load,-0.24,7.817493877890538
system-5,system-5:load:-0.24:5,90,load,-0.24,17.807680802322402
system-1,system-1:load:-0.24:1,102,load,-0.24,7.81161918399601
system-5,system-5:load:-0.24:5,91,load,-0.24,17.802296762206282
system-1,system-1:load:-0.24:1,103,load,-0.24,7.806038224796209
system-1,system-1:load:-0.24:1,104,load,-0.24,7.800736313556399
system-5,system-5:load:-0.24:5,92,load,-0.24,17.79718192409597
system-1,system-1:load:-0.24:1,105,load,-0.24,7.795699497878578
system-5,system-5:load:-0.24:5,93,load,-0.24,17.792322827891173
system-1,system-1:load:-0.24:1,106,load,-0.24,7.790914522984648
system-5,system-5:load:-0.24:5,94,load,-0.24,17.787706686496616
system-1,system-1:load:-0.24:1,107,load,-0.24,7.786368796835415
system-5,system-5:load:-0.24:5,95,load,-0.24,17.783321352171786
system-1,system-1:load:-0.24:1,108,load,-0.24,7.7820503569936434
system-3,system-3:load:-0.24:3,99,load,-0.24,12.799026442209367
system-1,system-1:load:-0.24:1,109,load,-0.24,7.777947839143961
system-5,system-5:load:-0.24:5,96,load,-0.24,17.7791552845632
system-3,system-3:load:-0.24:3,100,load,-0.24,12.7940751200989
system-1,system-1:load:-0.24:1,110,load,-0.24,7.774050447186763
system-5,system-5:load:-0.24:5,97,load,-0.24,17.77519752033504
system-3,system-3:load:-0.24:3,101,load,-0.24,12.789371364093954
system-1,system-1:load:-0.24:1,111,load,-0.24,7.7703479248274245
system-3,system-3:load:-0.24:3,102,load,-0.24,12.784902795889256
system-5,system-5:load:-0.24:5,98,load,-0.24,17.77143764431829
system-1,system-1:load:-0.24:1,112,load,-0.24,7.766830528586054
system-3,system-3:load:-0.24:3,103,load,-0.24,12.780657656094792
system-1,system-1:load:-0.24:1,113,load,-0.24,7.763489002156751
system-5,system-5:load:-0.24:5,99,load,-0.24,17.767865762102378
system-3,system-3:load:-0.24:3,104,load,-0.24,12.776624773290052
system-1,system-1:load:-0.24:1,114,load,-0.24,7.7603145520489125
system-5,system-5:load:-0.24:5,100,load,-0.24,17.764472473997262
system-1,system-1:load:-0.24:1,115,load,-0.24,7.757298824446467
system-3,system-3:load:-0.24:3,105,load,-0.24,12.77279353462555
system-1,system-1:load:-0.24:1,116,load,-0.24,7.754433883224143
system-3,system-3:load:-0.24:3,106,load,-0.24,12.769153857894272
system-5,system-5:load:-0.24:5,101,load,-0.24,17.761248850297402
system-3,system-3:load:-0.24:3,107,load,-0.24,12.765696164999559
system-5,system-5:load:-0.24:5,102,load,-0.24,17.758186407782535
system-1,system-1:load:-0.24:1,117,load,-0.24,7.7517121890629355
system-5,system-5:load:-0.24:5,103,load,-0.24,17.75527708739341
system-3,system-3:load:-0.24:3,108,load,-0.24,12.762411356749581
system-1,system-1:load:-0.24:1,118,load,-0.24,7.749126579609788
system-3,system-3:load:-0.24:3,109,load,-0.24,12.759290788912102
system-5,system-5:load:-0.24:5,104,load,-0.24,17.75251323302374
system-1,system-1:load:-0.24:1,119,load,-0.24,7.746670250629299
system-3,system-3:load:-0.24:3,110,load,-0.24,12.756326249466497
system-5,system-5:load:-0.24:5,105,load,-0.24,17.749887571372557
system-1,system-1:load:-0.24:1,120,load,-0.24,7.744336738097833
system-3,system-3:load:-0.24:3,111,load,-0.24,12.753509936993172
system-5,system-5:load:-0.24:5,106,load,-0.24,17.74739319280393
system-1,system-1:load:-0.24:1,121,load,-0.24,7.742119901192941
system-3,system-3:load:-0.24:3,112,load,-0.24,12.750834440143514
system-5,system-5:load:-0.24:5,107,load,-0.24,17.745023533163735
system-1,system-1:load:-0.24:1,122,load,-0.24,7.740013906133294
system-3,system-3:load:-0.24:3,113,load,-0.24,12.748292718136337
system-5,system-5:load:-0.24:5,108,load,-0.24,17.74277235650555
system-1,system-1:load:-0.24:1,123,load,-0.24,7.7380132108266295
system-5,system-5:load:-0.24:5,109,load,-0.24,17.740633738680273
system-1,system-1:load:-0.24:1,124,load,-0.24,7.736112550285298
system-3,system-3:load:-0.24:3,114,load,-0.24,12.74587808222952
system-5,system-5:load:-0.24:5,110,load,-0.24,17.738602051746263
system-3,system-3:load:-0.24:3,115,load,-0.24,12.743584178118043
system-1,system-1:load:-0.24:1,125,load,-0.24,7.734306922771032
system-5,system-5:load:-0.24:5,111,load,-0.24,17.73667194915895
system-3,system-3:load:-0.24:3,116,load,-0.24,12.741404969212141
system-1,system-1:load:-0.24:1,126,load,-0.24,7.732591576632481
system-5,system-5:load:-0.24:5,112,load,-0.24,17.734838351701004
system-3,system-3:load:-0.24:3,117,load,-0.24,12.739334720751534
system-5,system-5:load:-0.24:5,113,load,-0.24,17.733096434115957
system-1,system-1:load:-0.24:1,127,load,-0.24,7.730961997800857
system-3,system-3:load:-0.24:3,118,load,-0.24,12.737367984713957
system-5,system-5:load:-0.24:5,114,load,-0.24,17.731441612410162
system-1,system-1:load:-0.24:1,128,load,-0.24,7.729413897910813
system-3,system-3:load:-0.24:3,119,load,-0.24,12.735499585478259
system-5,system-5:load:-0.24:5,115,load,-0.24,17.729869531789657
system-1,system-1:load:-0.24:1,129,load,-0.24,7.727943203015273
system-3,system-3:load:-0.24:3,120,load,-0.24,12.733724606204346
system-5,system-5:load:-0.24:5,116,load,-0.24,17.728376055200176
system-1,system-1:load:-0.24:1,130,load,-0.24,7.726546042864509
system-3,system-3:load:-0.24:3,121,load,-0.24,12.732038375894128
system-5,system-5:load:-0.24:5,117,load,-0.24,17.72695725244017
system-1,system-1:load:-0.24:1,131,load,-0.24,7.725218740721283
system-3,system-3:load:-0.24:3,122,load,-0.24,12.73043645709942
system-5,system-5:load:-0.24:5,118,load,-0.24,17.72560938981816
system-1,system-1:load:-0.24:1,132,load,-0.24,7.723957803685219
system-3,system-3:load:-0.24:3,123,load,-0.24,12.728914634244449
system-5,system-5:load:-0.24:5,119,load,-0.24,17.724328920327252
system-1,system-1:load:-0.24:1,133,load,-0.24,7.722759913500958
system-3,system-3:load:-0.24:3,124,load,-0.24,12.727468902532227
system-5,system-5:load:-0.24:5,120,load,-0.24,17.72311247431089
system-1,system-1:load:-0.24:1,134,load,-0.24,7.72162191782591
system-3,system-3:load:-0.24:3,125,load,-0.24,12.726095457405615
system-5,system-5:load:-0.24:5,121,load,-0.24,17.721956850595348
system-1,system-1:load:-0.24:1,135,load,-0.24,7.720540821934614
system-3,system-3:load:-0.24:3,126,load,-0.24,12.724790684535334
system-5,system-5:load:-0.24:5,122,load,-0.24,17.72085900806558
system-1,system-1:load:-0.24:1,136,load,-0.24,7.719513780837883
system-3,system-3:load:-0.24:3,127,load,-0.24,12.723551150308566
system-5,system-5:load:-0.24:5,123,load,-0.24,17.719816057662303
system-1,system-1:load:-0.24:1,137,load,-0.24,7.718538091795989
system-5,system-5:load:-0.24:5,124,load,-0.24,17.71882525477919
system-3,system-3:load:-0.24:3,128,load,-0.24,12.722373592793138
system-1,system-1:load:-0.24:1,138,load,-0.24,7.71761118720619
system-5,system-5:load:-0.24:5,125,load,-0.24,17.717883992040232
system-1,system-1:load:-0.24:1,139,load,-0.24,7.71673062784588
system-5,system-5:load:-0.24:5,126,load,-0.24,17.716989792438223
system-3,system-3:load:-0.24:3,129,load,-0.24,12.721254913153482
system-3,system-3:load:-0.24:3,130,load,-0.24,12.720192167495808
system-5,system-5:load:-0.24:5,127,load,-0.24,17.716140302816314
system-3,system-3:load:-0.24:3,131,load,-0.24,12.719182559121018
system-5,system-5:load:-0.24:5,128,load,-0.24,17.7153332876755
system-3,system-3:load:-0.24:3,132,load,-0.24,12.718223431164967
system-3,system-3:load:-0.24:3,133,load,-0.24,12.717312259606718
system-3,system-3:load:-0.24:3,134,load,-0.24,12.716446646626382
system-3,system-3:load:-0.24:3,135,load,-0.24,12.715624314295063
system-3,system-3:load:-0.24:3,136,load,-0.24,12.71484309858031
system-3,system-3:load:-0.24:3,137,load,-0.24,12.714100943651294
system-3,system-3:load:-0.24:3,138,load,-0.24,12.713395896468729
system-3,system-3:load:-0.24:3,139,load,-0.24,12.712726101645293
system-3,system-3:load:-0.24:3,140,load,-0.24,12.712089796563028
system-3,system-3:load:-0.24:3,141,load,-0.24,12.711485306734875
system-3,system-3:load:-0.24:3,142,load,-0.24,12.710911041398132
system-3,system-3:load:-0.24:3,143,load,-0.24,12.710365489328225
system-3,system-3:load:-0.24:3,144,load,-0.24,12.709847214861814
system-3,system-3:load:-0.24:3,145,load,-0.24,12.709354854118724
system-3,system-3:load:-0.24:3,146,load,-0.24,12.708887111412787
system-3,system-3:load:-0.24:3,147,load,-0.24,12.708442755842148
system-3,system-3:load:-0.24:3,148,load,-0.24,12.70802061805004
system-3,system-3:load:-0.24:3,149,load,-0.24,12.707619587147539
system-3,system-3:load:-0.24:3,150,load,-0.24,12.707238607790162
system-3,system-3:load:-0.24:3,151,load,-0.24,12.706876677400654
system-3,system-3:load:-0.24:3,152,load,-0.24,12.70653284353062
system-3,system-3:load:-0.24:3,153,load,-0.24,12.706206201354089
system-3,system-3:load:-0.24:3,154,load,-0.24,12.705895891286383
system-3,system-3:load:-0.24:3,155,load,-0.24,12.705601096722065
system-3,system-3:load:-0.24:3,156,load,-0.24,12.705321041885961
system-3,system-3:load:-0.24:3,157,load,-0.24,12.705054989791662
system-3,system-3:load:-0.24:3,158,load,-0.24,12.70480224030208
system-3,system-3:load:-0.24:3,159,load,-0.24,12.704562128286975
system-3,system-3:load:-0.24:3,160,load,-0.24,12.704334021872626
system-1,system-1:load:-0.24:1,140,load,-0.24,7.715894096453586
system-1,system-1:load:-0.24:1,141,load,-0.24,7.715099391630907
system-5,system-5:load:-0.24:5,129,load,-0.24,17.714566623291727
system-1,system-1:load:-0.24:1,142,load,-0.24,7.714344422049361
system-5,system-5:load:-0.24:5,130,load,-0.24,17.713838292127143
system-1,system-1:load:-0.24:1,143,load,-0.24,7.713627200946893
system-5,system-5:load:-0.24:5,131,load,-0.24,17.713146377520786
system-1,system-1:load:-0.24:1,144,load,-0.24,7.712945840899548
system-5,system-5:load:-0.24:5,132,load,-0.24,17.71248905864475
system-1,system-1:load:-0.24:1,145,load,-0.24,7.71229854885457
system-5,system-5:load:-0.24:5,133,load,-0.24,17.711864605712513
system-5,system-5:load:-0.24:5,134,load,-0.24,17.71127137542689
system-1,system-1:load:-0.24:1,146,load,-0.24,7.711683621411842
system-5,system-5:load:-0.24:5,135,load,-0.24,17.710707806655545
system-1,system-1:load:-0.24:1,147,load,-0.24,7.71109944034125
system-5,system-5:load:-0.24:5,136,load,-0.24,17.71017241632277
system-1,system-1:load:-0.24:1,148,load,-0.24,7.710544468324187
system-5,system-5:load:-0.24:5,137,load,-0.24,17.709663795506632
system-1,system-1:load:-0.24:1,149,load,-0.24,7.710017244907977
system-5,system-5:load:-0.24:5,138,load,-0.24,17.7091806057313
system-1,system-1:load:-0.24:1,150,load,-0.24,7.709516382662578
system-5,system-5:load:-0.24:5,139,load,-0.24,17.708721575444738
system-1,system-1:load:-0.24:1,151,load,-0.24,7.709040563529449
system-5,system-5:load:-0.24:5,140,load,-0.24,17.708285496672502
system-1,system-1:load:-0.24:1,152,load,-0.24,7.708588535352976
system-5,system-5:load:-0.24:5,141,load,-0.24,17.70787122183888
system-1,system-1:load:-0.24:1,153,load,-0.24,7.708159108585327
system-5,system-5:load:-0.24:5,142,load,-0.24,17.707477660746935
system-1,system-1:load:-0.24:1,154,load,-0.24,7.70775115315606
system-1,system-1:load:-0.24:1,155,load,-0.24,7.707363595498257
system-5,system-5:load:-0.24:5,143,load,-0.24,17.70710377770959
system-5,system-5:load:-0.24:5,144,load,-0.24,17.706748588824112
system-1,system-1:load:-0.24:1,156,load,-0.24,7.706995415723344
system-5,system-5:load:-0.24:5,145,load,-0.24,17.70641115938291
system-1,system-1:load:-0.24:1,157,load,-0.24,7.7066456449371765
system-5,system-5:load:-0.24:5,146,load,-0.24,17.706090601413766
system-1,system-1:load:-0.24:1,158,load,-0.24,7.7063133626903175
system-1,system-1:load:-0.24:1,159,load,-0.24,7.705997694555801
system-5,system-5:load:-0.24:5,147,load,-0.24,17.70578607134308
system-1,system-1:load:-0.24:1,160,load,-0.24,7.705697809828011
system-5,system-5:load:-0.24:5,148,load,-0.24,17.705496767775927
system-5,system-5:load:-0.24:5,149,load,-0.24,17.705221929387132
system-5,system-5:load:-0.24:5,150,load,-0.24,17.704960832917777
system-5,system-5:load:-0.24:5,151,load,-0.24,17.70471279127189
system-5,system-5:load:-0.24:5,152,load,-0.24,17.7044771517083
system-5,system-5:load:-0.24:5,153,load,-0.24,17.704253294122886
system-5,system-5:load:-0.24:5,154,load,-0.24,17.704040629416742
system-5,system-5:load:-0.24:5,155,load,-0.24,17.703838597945907
system-5,system-5:load:-0.24:5,156,load,-0.24,17.703646668048613
system-5,system-5:load:-0.24:5,157,load,-0.24,17.703464334646185
system-5,system-5:load:-0.24:5,158,load,-0.24,17.703291117913878
system-5,system-5:load:-0.24:5,159,load,-0.24,17.703126562018184
system-5,system-5:load:-0.24:5,160,load,-0.24,17.702970233917277
