run_id,phase,event,tick,steps,values_json,freeze_modes_json,boundary_norm,inversions_norm,sorted,quiescent
discovery:n12:seed101:index:t0:moveable:k1,pre_branch,setup,0,0,"[1, 11, 10, 8, 7, 4, 5, 9, 3, 2, 0, 6]","[""none"", ""none"", ""none"", ""none"", ""none"", ""none"", ""none"", ""none"", ""none"", ""none"", ""none"", ""none""]",0.6363636363636364,0.696969696969697,False,False
discovery:n12:seed101:index:t0:moveable:k1,post_branch,freeze-moveable,0,0,"[1, 11, 10, 8, 7, 4, 5, 9, 3, 2, 0, 6]","[""none"", ""none"", ""none"", ""none"", ""none"", ""moveable"", ""none"", ""none"", ""none"", ""none"", ""none"", ""none""]",0.6363636363636364,0.696969696969697,False,False
discovery:n12:seed101:index:t0:moveable:k1,post_branch,step,1,16,"[1, 10, 8, 11, 4, 5, 7, 3, 0, 9, 2, 6]","[""none"", ""none"", ""none"", ""none"", ""moveable"", ""none"", ""none"", ""none"", ""none"", ""none"", ""none"", ""none""]",0.45454545454545453,0.5909090909090909,False,False
discovery:n12:seed101:index:t0:moveable:k1,post_branch,step,2,29,"[1, 8, 10, 4, 5, 11, 3, 7, 0, 9, 2, 6]","[""none"", ""none"", ""none"", ""moveable"", ""none"", ""none"", ""none"", ""none"", ""none"", ""none"", ""none"", ""none""]",0.36363636363636365,0.5303030303030303,False,False
discovery:n12:seed101:index:t0:moveable:k1,post_branch,step,3,44,"[1, 8, 4, 5, 10, 3, 7, 11, 0, 2, 9, 6]","[""none"", ""none"", ""moveable"", ""none"", ""none"", ""none"", ""none"", ""none"", ""none"", ""none"", ""none"", ""none""]",0.36363636363636365,0.45454545454545453,False,False
discovery:n12:seed101:index:t0:moveable:k1,post_branch,step,4,56,"[1, 4, 8, 5, 10, 3, 7, 11, 0, 2, 6, 9]","[""none"", ""moveable"", ""none"", ""none"", ""none"", ""none"", ""none"", ""none"", ""none"", ""none"", ""none"", ""none""]",0.2727272727272727,0.42424242424242425,False,False
discovery:n12:seed101:index:t0:moveable:k1,post_branch,step,5,68,"[1, 4, 5, 8, 3, 10, 7, 11, 0, 2, 6, 9]","[""none"", ""moveable"", ""none"", ""none"", ""none"", ""none"", ""none"", ""none"", ""none"", ""none"", ""none"", ""none""]",0.2727272727272727,0.3939393939393939,False,False
discovery:n12:seed101:index:t0:moveable:k1,post_branch,step,6,82,"[1, 4, 5, 8, 3, 7, 0, 10, 2, 6, 11, 9]","[""none"", ""moveable"", ""none"", ""none"", ""none"", ""none"", ""none"", ""none"", ""none"", ""none"", ""none"", ""none""]",0.36363636363636365,0.3181818181818182,False,False
discovery:n12:seed101:index:t0:moveable:k1,post_branch,step,7,98,"[1, 4, 5, 3, 8, 0, 7, 2, 6, 9, 10, 11]","[""none"", ""moveable"", ""none"", ""none"", ""none"", ""none"", ""none"", ""none"", ""none"", ""none"", ""none"", ""none""]",0.2727272727272727,0.22727272727272727,False,False
discovery:n12:seed101:index:t0:moveable:k1,post_branch,step,8,113,"[1, 4, 3, 5, 0, 7, 2, 8, 6, 9, 10, 11]","[""none"", ""moveable"", ""none"", ""none"", ""none"", ""none"", ""none"", ""none"", ""none"", ""none"", ""none"", ""none""]",0.36363636363636365,0.16666666666666666,False,False
discovery:n12:seed101:index:t0:moveable:k1,post_branch,step,9,128,"[1, 3, 4, 0, 2, 5, 7, 8, 6, 9, 10, 11]","[""none"", ""none"", ""moveable"", ""none"", ""none"", ""none"", ""none"", ""none"", ""none"", ""none"", ""none"", ""none""]",0.18181818181818182,0.10606060606060606,False,False
discovery:n12:seed101:index:t0:moveable:k1,post_branch,step,10,141,"[1, 3, 0, 4, 2, 5, 7, 6, 8, 9, 10, 11]","[""none"", ""none"", ""none"", ""moveable"", ""none"", ""none"", ""none"", ""none"", ""none"", ""none"", ""none"", ""none""]",0.2727272727272727,0.07575757575757576,False,False
discovery:n12:seed101:index:t0:moveable:k1,post_branch,step,11,153,"[1, 3, 0, 2, 4, 5, 6, 7, 8, 9, 10, 11]","[""none"", ""none"", ""none"", ""none"", ""moveable"", ""none"", ""none"", ""none"", ""none"", ""none"", ""none"", ""none""]",0.09090909090909091,0.045454545454545456,False,False
discovery:n12:seed101:index:t0:moveable:k1,post_branch,step,12,166,"[1, 0, 2, 3, 4, 5, 6, 7, 8, 9, 10, 11]","[""none"", ""none"", ""none"", ""none"", ""moveable"", ""none"", ""none"", ""none"", ""none"", ""none"", ""none"", ""none""]",0.09090909090909091,0.015151515151515152,False,False
discovery:n12:seed101:index:t0:moveable:k1,post_branch,step,13,177,"[0, 1, 2, 3, 4, 5, 6, 7, 8, 9, 10, 11]","[""none"", ""none"", ""none"", ""none"", ""moveable"", ""none"", ""none"", ""none"", ""none"", ""none"", ""none"", ""none""]",0.0,0.0,True,True
discovery:n12:seed101:index:t0:moveable:k2,pre_branch,setup,0,0,"[1, 11, 10, 8, 7, 4, 5, 9, 3, 2, 0, 6]","[""none"", ""none"", ""none"", ""none"", ""none"", ""none"", ""none"", ""none"", ""none"", ""none"", ""none"", ""none""]",0.6363636363636364,0.696969696969697,False,False
discovery:n12:seed101:index:t0:moveable:k2,post_branch,freeze-moveable,0,0,"[1, 11, 10, 8, 7, 4, 5, 9, 3, 2, 0, 6]","[""none"", ""none"", ""none"", ""none"", ""moveable"", ""moveable"", ""none"", ""none"", ""none"", ""none"", ""none"", ""none""]",0.6363636363636364,0.696969696969697,False,False
discovery:n12:seed101:index:t0:moveable:k2,post_branch,step,1,12,"[1, 10, 8, 11, 7, 4, 5, 9, 2, 3, 0, 6]","[""none"", ""none"", ""none"", ""none"", ""moveable"", ""moveable"", ""none"", ""none"", ""none"", ""none"", ""none"", ""none""]",0.45454545454545453,0.6515151515151515,False,False
discovery:n12:seed101:index:t0:moveable:k2,post_branch,step,2,24,"[1, 10, 8, 7, 11, 4, 5, 9, 2, 0, 3, 6]","[""none"", ""none"", ""none"", ""moveable"", ""none"", ""moveable"", ""none"", ""none"", ""none"", ""none"", ""none"", ""none""]",0.45454545454545453,0.6212121212121212,False,False
discovery:n12:seed101:index:t0:moveable:k2,post_branch,step,3,38,"[1, 8, 10, 7, 4, 11, 5, 2, 0, 3, 9, 6]","[""none"", ""none"", ""none"", ""moveable"", ""moveable"", ""none"", ""none"", ""none"", ""none"", ""none"", ""none"", ""none""]",0.5454545454545454,0.5454545454545454,False,False
discovery:n12:seed101:index:t0:moveable:k2,post_branch,step,4,52,"[1, 8, 7, 10, 4, 11, 2, 0, 5, 3, 6, 9]","[""none"", ""none"", ""moveable"", ""none"", ""moveable"", ""none"", ""none"", ""none"", ""none"", ""none"", ""none"", ""none""]",0.45454545454545453,0.48484848484848486,False,False
discovery:n12:seed101:index:t0:moveable:k2,post_branch,step,5,64,"[1, 8, 7, 4, 10, 2, 11, 0, 3, 5, 6, 9]","[""none"", ""none"", ""moveable"", ""moveable"", ""none"", ""none"", ""none"", ""none"", ""none"", ""none"", ""none"", ""none""]",0.36363636363636365,0.4393939393939394,False,False
discovery:n12:seed101:index:t0:moveable:k2,post_branch,step,6,79,"[1, 7, 8, 2, 4, 0, 10, 3, 5, 11, 6, 9]","[""none"", ""moveable"", ""none"", ""none"", ""moveable"", ""none"", ""none"", ""none"", ""none"", ""none"", ""none"", ""none""]",0.36363636363636365,0.3333333333333333,False,False
discovery:n12:seed101:index:t0:moveable:k2,post_branch,step,7,94,"[1, 2, 7, 8, 0, 4, 10, 3, 5, 6, 9, 11]","[""none"", ""none"", ""moveable"", ""none"", ""none"", ""moveable"", ""none"", ""none"", ""none"", ""none"", ""none"", ""none""]",0.18181818181818182,0.25757575757575757,False,False
discovery:n12:seed101:index:t0:moveable:k2,post_branch,step,8,105,"[1, 2, 7, 0, 8, 4, 10, 3, 5, 6, 9, 11]","[""none"", ""none"", ""moveable"", ""none"", ""none"", ""moveable"", ""none"", ""none"", ""none"", ""none"", ""none"", ""none""]",0.2727272727272727,0.24242424242424243,False,False
discovery:n12:seed101:index:t0:moveable:k2,post_branch,step,9,117,"[1, 2, 0, 7, 8, 4, 3, 10, 5, 6, 9, 11]","[""none"", ""none"", ""none"", ""moveable"", ""none"", ""moveable"", ""none"", ""none"", ""none"", ""none"", ""none"", ""none""]",0.36363636363636365,0.21212121212121213,False,False
discovery:n12:seed101:index:t0:moveable:k2,post_branch,step,10,131,"[1, 0, 2, 7, 8, 3, 4, 5, 6, 9, 10, 11]","[""none"", ""none"", ""none"", ""moveable"", ""none"", ""none"", ""moveable"", ""none"", ""none"", ""none"", ""none"", ""none""]",0.18181818181818182,0.13636363636363635,False,False
discovery:n12:seed101:index:t0:moveable:k2,post_branch,step,11,142,"[0, 1, 2, 7, 3, 8, 4, 5, 6, 9, 10, 11]","[""none"", ""none"", ""none"", ""moveable"", ""none"", ""none"", ""moveable"", ""none"", ""none"", ""none"", ""none"", ""none""]",0.18181818181818182,0.10606060606060606,False,False
discovery:n12:seed101:index:t0:moveable:k2,post_branch,step,12,152,"[0, 1, 2, 3, 7, 8, 4, 5, 6, 9, 10, 11]","[""none"", ""none"", ""none"", ""none"", ""moveable"", ""none"", ""moveable"", ""none"", ""none"", ""none"", ""none"", ""none""]",0.09090909090909091,0.09090909090909091,False,False
discovery:n12:seed101:index:t0:moveable:k2,post_branch,step,13,162,"[0, 1, 2, 3, 7, 8, 4, 5, 6, 9, 10, 11]","[""none"", ""none"", ""none"", ""none"", ""moveable"", ""none"", ""moveable"", ""none"", ""none"", ""none"", ""none"", ""none""]",0.09090909090909091,0.09090909090909091,False,False
discovery:n12:seed101:index:t0:moveable:k2,post_branch,step,14,171,"[0, 1, 2, 3, 7, 8, 4, 5, 6, 9, 10, 11]","[""none"", ""none"", ""none"", ""none"", ""moveable"", ""none"", ""moveable"", ""none"", ""none"", ""none"", ""none"", ""none""]",0.09090909090909091,0.09090909090909091,False,False
discovery:n12:seed101:index:t0:moveable:k2,post_branch,step,15,180,"[0, 1, 2, 3, 7, 8, 4, 5, 6, 9, 10, 11]","[""none"", ""none"", ""none"", ""none"", ""moveable"", ""none"", ""moveable"", ""none"", ""none"", ""none"", ""none"", ""none""]",0.09090909090909091,0.09090909090909091,False,False
discovery:n12:seed101:index:t0:moveable:k2,post_branch,step,16,190,"[0, 1, 2, 3, 7, 4, 8, 5, 6, 9, 10, 11]","[""none"", ""none"", ""none"", ""none"", ""moveable"", ""moveable"", ""none"", ""none"", ""none"", ""none"", ""none"", ""none""]",0.18181818181818182,0.07575757575757576,False,False
discovery:n12:seed101:index:t0:moveable:k2,post_branch,step,17,201,"[0, 1, 2, 3, 7, 4, 5, 6, 8, 9, 10, 11]","[""none"", ""none"", ""none"", ""none"", ""moveable"", ""moveable"", ""none"", ""none"", ""none"", ""none"", ""none"", ""none""]",0.09090909090909091,0.045454545454545456,False,True
discovery:n12:seed101:index:t0:moveable:k3,pre_branch,setup,0,0,"[1, 11, 10, 8, 7, 4, 5, 9, 3, 2, 0, 6]","[""none"", ""none"", ""none"", ""none"", ""none"", ""none"", ""none"", ""none"", ""none"", ""none"", ""none"", ""none""]",0.6363636363636364,0.696969696969697,False,False
discovery:n12:seed101:index:t0:moveable:k3,post_branch,freeze-moveable,0,0,"[1, 11, 10, 8, 7, 4, 5, 9, 3, 2, 0, 6]","[""moveable"", ""none"", ""none"", ""moveable"", ""none"", ""none"", ""none"", ""none"", ""moveable"", ""none"", ""none"", ""none""]",0.6363636363636364,0.696969696969697,False,False
discovery:n12:seed101:index:t0:moveable:k3,post_branch,step,1,12,"[1, 11, 8, 7, 4, 10, 5, 9, 3, 0, 2, 6]","[""moveable"", ""none"", ""moveable"", ""none"", ""none"", ""none"", ""none"", ""none"", ""moveable"", ""none"", ""none"", ""none""]",0.5454545454545454,0.6363636363636364,False,False
discovery:n12:seed101:index:t0:moveable:k3,post_branch,step,2,25,"[1, 11, 4, 8, 7, 5, 10, 3, 0, 9, 2, 6]","[""moveable"", ""none"", ""none"", ""moveable"", ""none"", ""none"", ""none"", ""moveable"", ""none"", ""none"", ""none"", ""none""]",0.5454545454545454,0.5606060606060606,False,False
discovery:n12:seed101:index:t0:moveable:k3,post_branch,step,3,39,"[1, 4, 11, 8, 5, 7, 3, 10, 0, 2, 6, 9]","[""moveable"", ""none"", ""none"", ""moveable"", ""none"", ""none"", ""moveable"", ""none"", ""none"", ""none"", ""none"", ""none""]",0.36363636363636365,0.48484848484848486,False,False
discovery:n12:seed101:index:t0:moveable:k3,post_branch,step,4,50,"[1, 4, 11, 8, 5, 3, 7, 0, 2, 10, 6, 9]","[""moveable"", ""none"", ""none"", ""moveable"", ""none"", ""moveable"", ""none"", ""none"", ""none"", ""none"", ""none"", ""none""]",0.45454545454545453,0.4393939393939394,False,False
discovery:n12:seed101:index:t0:moveable:k3,post_branch,step,5,61,"[1, 4, 8, 11, 3, 5, 7, 0, 2, 6, 10, 9]","[""moveable"", ""none"", ""moveable"", ""none"", ""moveable"", ""none"", ""none"", ""none"", ""none"", ""none"", ""none"", ""none""]",0.2727272727272727,0.3939393939393939,False,False
discovery:n12:seed101:index:t0:moveable:k3,post_branch,step,6,74,"[1, 4, 8, 3, 5, 7, 11, 0, 2, 6, 9, 10]","[""moveable"", ""none"", ""moveable"", ""moveable"", ""none"", ""none"", ""none"", ""none"", ""none"", ""none"", ""none"", ""none""]",0.18181818181818182,0.3333333333333333,False,False
discovery:n12:seed101:index:t0:moveable:k3,post_branch,step,7,83,"[1, 4, 8, 3, 5, 7, 11, 0, 2, 6, 9, 10]","[""moveable"", ""none"", ""moveable"", ""moveable"", ""none"", ""none"", ""none"", ""none"", ""none"", ""none"", ""none"", ""none""]",0.18181818181818182,0.3333333333333333,False,False
discovery:n12:seed101:index:t0:moveable:k3,post_branch,step,8,94,"[1, 4, 8, 3, 5, 7, 0, 2, 6, 11, 9, 10]","[""moveable"", ""none"", ""moveable"", ""moveable"", ""none"", ""none"", ""none"", ""none"", ""none"", ""none"", ""none"", ""none""]",0.2727272727272727,0.2878787878787879,False,False
discovery:n12:seed101:index:t0:moveable:k3,post_branch,step,9,103,"[1, 4, 8, 3, 5, 7, 0, 2, 6, 9, 11, 10]","[""moveable"", ""none"", ""moveable"", ""moveable"", ""none"", ""none"", ""none"", ""none"", ""none"", ""none"", ""none"", ""none""]",0.2727272727272727,0.2727272727272727,False,False
discovery:n12:seed101:index:t0:moveable:k3,post_branch,step,10,113,"[1, 4, 8, 3, 5, 7, 0, 2, 6, 9, 10, 11]","[""moveable"", ""none"", ""moveable"", ""moveable"", ""none"", ""none"", ""none"", ""none"", ""none"", ""none"", ""none"", ""none""]",0.18181818181818182,0.25757575757575757,False,False
discovery:n12:seed101:index:t0:moveable:k3,post_branch,step,11,125,"[1, 4, 8, 3, 0, 5, 2, 7, 6, 9, 10, 11]","[""moveable"", ""none"", ""moveable"", ""moveable"", ""none"", ""none"", ""none"", ""none"", ""none"", ""none"", ""none"", ""none""]",0.36363636363636365,0.21212121212121213,False,False
discovery:n12:seed101:index:t0:moveable:k3,post_branch,step,12,136,"[1, 4, 8, 0, 3, 5, 2, 6, 7, 9, 10, 11]","[""moveable"", ""none"", ""moveable"", ""none"", ""moveable"", ""none"", ""none"", ""none"", ""none"", ""none"", ""none"", ""none""]",0.18181818181818182,0.18181818181818182,False,False
discovery:n12:seed101:index:t0:moveable:k3,post_branch,step,13,147,"[1, 4, 0, 8, 2, 3, 5, 6, 7, 9, 10, 11]","[""moveable"", ""none"", ""none"", ""moveable"", ""none"", ""moveable"", ""none"", ""none"", ""none"", ""none"", ""none"", ""none""]",0.18181818181818182,0.13636363636363635,False,False
discovery:n12:seed101:index:t0:moveable:k3,post_branch,step,14,157,"[1, 0, 4, 8, 2, 3, 5, 6, 7, 9, 10, 11]","[""moveable"", ""none"", ""none"", ""moveable"", ""none"", ""moveable"", ""none"", ""none"", ""none"", ""none"", ""none"", ""none""]",0.18181818181818182,0.12121212121212122,False,False
discovery:n12:seed101:index:t0:moveable:k3,post_branch,step,15,168,"[0, 1, 4, 2, 8, 3, 5, 6, 7, 9, 10, 11]","[""none"", ""moveable"", ""none"", ""none"", ""moveable"", ""moveable"", ""none"", ""none"", ""none"", ""none"", ""none"", ""none""]",0.18181818181818182,0.09090909090909091,False,False
discovery:n12:seed101:index:t0:moveable:k3,post_branch,step,16,177,"[0, 1, 2, 4, 8, 3, 5, 6, 7, 9, 10, 11]","[""none"", ""moveable"", ""none"", ""none"", ""moveable"", ""moveable"", ""none"", ""none"", ""none"", ""none"", ""none"", ""none""]",0.09090909090909091,0.07575757575757576,False,True
discovery:n12:seed101:index:t0:immovable:k1,pre_branch,setup,0,0,"[1, 11, 10, 8, 7, 4, 5, 9, 3, 2, 0, 6]","[""none"", ""none"", ""none"", ""none"", ""none"", ""none"", ""none"", ""none"", ""none"", ""none"", ""none"", ""none""]",0.6363636363636364,0.696969696969697,False,False
discovery:n12:seed101:index:t0:immovable:k1,post_branch,freeze-immovable,0,0,"[1, 11, 10, 8, 7, 4, 5, 9, 3, 2, 0, 6]","[""none"", ""none"", ""none"", ""none"", ""none"", ""immovable"", ""none"", ""none"", ""none"", ""none"", ""none"", ""none""]",0.6363636363636364,0.696969696969697,False,False
discovery:n12:seed101:index:t0:immovable:k1,post_branch,step,1,14,"[1, 10, 8, 11, 7, 4, 5, 3, 0, 9, 2, 6]","[""none"", ""none"", ""none"", ""none"", ""none"", ""immovable"", ""none"", ""none"", ""none"", ""none"", ""none"", ""none""]",0.5454545454545454,0.6212121212121212,False,False
discovery:n12:seed101:index:t0:immovable:k1,post_branch,step,2,27,"[1, 8, 7, 10, 11, 4, 3, 5, 0, 9, 2, 6]","[""none"", ""none"", ""none"", ""none"", ""none"", ""immovable"", ""none"", ""none"", ""none"", ""none"", ""none"", ""none""]",0.45454545454545453,0.5606060606060606,False,False
discovery:n12:seed101:index:t0:immovable:k1,post_branch,step,3,39,"[1, 7, 8, 10, 11, 4, 3, 5, 0, 2, 9, 6]","[""none"", ""none"", ""none"", ""none"", ""none"", ""immovable"", ""none"", ""none"", ""none"", ""none"", ""none"", ""none""]",0.36363636363636365,0.5303030303030303,False,False
discovery:n12:seed101:index:t0:immovable:k1,post_branch,step,4,50,"[1, 7, 8, 10, 11, 4, 3, 5, 0, 2, 6, 9]","[""none"", ""none"", ""none"", ""none"", ""none"", ""immovable"", ""none"", ""none"", ""none"", ""none"", ""none"", ""none""]",0.2727272727272727,0.5151515151515151,False,False
discovery:n12:seed101:index:t0:immovable:k1,post_branch,step,5,60,"[1, 7, 8, 10, 11, 4, 3, 5, 0, 2, 6, 9]","[""none"", ""none"", ""none"", ""none"", ""none"", ""immovable"", ""none"", ""none"", ""none"", ""none"", ""none"", ""none""]",0.2727272727272727,0.5151515151515151,False,False
discovery:n12:seed101:index:t0:immovable:k1,post_branch,step,6,72,"[1, 7, 8, 10, 11, 4, 0, 3, 2, 5, 6, 9]","[""none"", ""none"", ""none"", ""none"", ""none"", ""immovable"", ""none"", ""none"", ""none"", ""none"", ""none"", ""none""]",0.2727272727272727,0.4696969696969697,False,False
discovery:n12:seed101:index:t0:immovable:k1,post_branch,step,7,83,"[1, 7, 8, 10, 11, 4, 0, 2, 3, 5, 6, 9]","[""none"", ""none"", ""none"", ""none"", ""none"", ""immovable"", ""none"", ""none"", ""none"", ""none"", ""none"", ""none""]",0.18181818181818182,0.45454545454545453,False,True
discovery:n12:seed101:index:t0:immovable:k2,pre_branch,setup,0,0,"[1, 11, 10, 8, 7, 4, 5, 9, 3, 2, 0, 6]","[""none"", ""none"", ""none"", ""none"", ""none"", ""none"", ""none"", ""none"", ""none"", ""none"", ""none"", ""none""]",0.6363636363636364,0.696969696969697,False,False
discovery:n12:seed101:index:t0:immovable:k2,post_branch,freeze-immovable,0,0,"[1, 11, 10, 8, 7, 4, 5, 9, 3, 2, 0, 6]","[""none"", ""none"", ""none"", ""none"", ""immovable"", ""immovable"", ""none"", ""none"", ""none"", ""none"", ""none"", ""none""]",0.6363636363636364,0.696969696969697,False,False
discovery:n12:seed101:index:t0:immovable:k2,post_branch,step,1,12,"[1, 10, 8, 11, 7, 4, 5, 9, 2, 3, 0, 6]","[""none"", ""none"", ""none"", ""none"", ""immovable"", ""immovable"", ""none"", ""none"", ""none"", ""none"", ""none"", ""none""]",0.45454545454545453,0.6515151515151515,False,False
discovery:n12:seed101:index:t0:immovable:k2,post_branch,step,2,23,"[1, 10, 8, 11, 7, 4, 5, 9, 2, 0, 3, 6]","[""none"", ""none"", ""none"", ""none"", ""immovable"", ""immovable"", ""none"", ""none"", ""none"", ""none"", ""none"", ""none""]",0.45454545454545453,0.6363636363636364,False,False
discovery:n12:seed101:index:t0:immovable:k2,post_branch,step,3,36,"[1, 8, 10, 11, 7, 4, 5, 2, 0, 3, 9, 6]","[""none"", ""none"", ""none"", ""none"", ""immovable"", ""immovable"", ""none"", ""none"", ""none"", ""none"", ""none"", ""none""]",0.45454545454545453,0.5757575757575758,False,False
discovery:n12:seed101:index:t0:immovable:k2,post_branch,step,4,49,"[1, 8, 10, 11, 7, 4, 2, 0, 5, 3, 6, 9]","[""none"", ""none"", ""none"", ""none"", ""immovable"", ""immovable"", ""none"", ""none"", ""none"", ""none"", ""none"", ""none""]",0.45454545454545453,0.5303030303030303,False,False
discovery:n12:seed101:index:t0:immovable:k2,post_branch,step,5,60,"[1, 8, 10, 11, 7, 4, 0, 2, 3, 5, 6, 9]","[""none"", ""none"", ""none"", ""none"", ""immovable"", ""immovable"", ""none"", ""none"", ""none"", ""none"", ""none"", ""none""]",0.2727272727272727,0.5,False,True
discovery:n12:seed101:index:t0:immovable:k3,pre_branch,setup,0,0,"[1, 11, 10, 8, 7, 4, 5, 9, 3, 2, 0, 6]","[""none"", ""none"", ""none"", ""none"", ""none"", ""none"", ""none"", ""none"", ""none"", ""none"", ""none"", ""none""]",0.6363636363636364,0.696969696969697,False,False
discovery:n12:seed101:index:t0:immovable:k3,post_branch,freeze-immovable,0,0,"[1, 11, 10, 8, 7, 4, 5, 9, 3, 2, 0, 6]","[""immovable"", ""none"", ""none"", ""immovable"", ""none"", ""none"", ""none"", ""none"", ""immovable"", ""none"", ""none"", ""none""]",0.6363636363636364,0.696969696969697,False,False
discovery:n12:seed101:index:t0:immovable:k3,post_branch,step,1,10,"[1, 11, 10, 8, 4, 7, 5, 9, 3, 0, 2, 6]","[""immovable"", ""none"", ""none"", ""immovable"", ""none"", ""none"", ""none"", ""none"", ""immovable"", ""none"", ""none"", ""none""]",0.5454545454545454,0.6666666666666666,False,False
discovery:n12:seed101:index:t0:immovable:k3,post_branch,step,2,19,"[1, 11, 10, 8, 4, 5, 7, 9, 3, 0, 2, 6]","[""immovable"", ""none"", ""none"", ""immovable"", ""none"", ""none"", ""none"", ""none"", ""immovable"", ""none"", ""none"", ""none""]",0.45454545454545453,0.6515151515151515,False,False
discovery:n12:seed101:index:t0:immovable:k3,post_branch,step,3,29,"[1, 10, 11, 8, 4, 5, 7, 9, 3, 0, 2, 6]","[""immovable"", ""none"", ""none"", ""immovable"", ""none"", ""none"", ""none"", ""none"", ""immovable"", ""none"", ""none"", ""none""]",0.36363636363636365,0.6363636363636364,False,True
discovery:n12:seed101:index:t4:moveable:k1,pre_branch,setup,0,0,"[1, 11, 10, 8, 7, 4, 5, 9, 3, 2, 0, 6]","[""none"", ""none"", ""none"", ""none"", ""none"", ""none"", ""none"", ""none"", ""none"", ""none"", ""none"", ""none""]",0.6363636363636364,0.696969696969697,False,False
discovery:n12:seed101:index:t4:moveable:k1,pre_branch,step,1,17,"[1, 10, 8, 4, 11, 7, 5, 3, 2, 9, 0, 6]","[""none"", ""none"", ""none"", ""none"", ""none"", ""none"", ""none"", ""none"", ""none"", ""none"", ""none"", ""none""]",0.6363636363636364,0.6060606060606061,False,False
discovery:n12:seed101:index:t4:moveable:k1,pre_branch,step,2,34,"[1, 8, 4, 10, 7, 3, 11, 5, 2, 0, 9, 6]","[""none"", ""none"", ""none"", ""none"", ""none"", ""none"", ""none"", ""none"", ""none"", ""none"", ""none"", ""none""]",0.6363636363636364,0.5151515151515151,False,False
discovery:n12:seed101:index:t4:moveable:k1,pre_branch,step,3,52,"[1, 4, 8, 7, 10, 3, 5, 0, 11, 2, 6, 9]","[""none"", ""none"", ""none"", ""none"", ""none"", ""none"", ""none"", ""none"", ""none"", ""none"", ""none"", ""none""]",0.36363636363636365,0.42424242424242425,False,False
discovery:n12:seed101:index:t4:moveable:k1,pre_branch,step,4,68,"[1, 4, 7, 3, 8, 10, 0, 5, 2, 11, 6, 9]","[""none"", ""none"", ""none"", ""none"", ""none"", ""none"", ""none"", ""none"", ""none"", ""none"", ""none"", ""none""]",0.36363636363636365,0.3484848484848485,False,False
discovery:n12:seed101:index:t4:moveable:k1,post_branch,freeze-moveable,4,68,"[1, 4, 7, 3, 8, 10, 0, 5, 2, 11, 6, 9]","[""none"", ""none"", ""none"", ""none"", ""none"", ""none"", ""none"", ""none"", ""none"", ""none"", ""none"", ""moveable""]",0.36363636363636365,0.3484848484848485,False,False
discovery:n12:seed101:index:t4:moveable:k1,post_branch,step,5,79,"[1, 4, 7, 3, 8, 10, 0, 2, 5, 11, 6, 9]","[""none"", ""none"", ""none"", ""none"", ""none"", ""none"", ""none"", ""none"", ""none"", ""none"", ""none"", ""moveable""]",0.2727272727272727,0.3333333333333333,False,False
discovery:n12:seed101:index:t4:moveable:k1,post_branch,step,6,93,"[1, 3, 4, 7, 8, 10, 0, 2, 5, 6, 11, 9]","[""none"", ""none"", ""none"", ""none"", ""none"", ""none"", ""none"", ""none"", ""none"", ""none"", ""none"", ""moveable""]",0.18181818181818182,0.2878787878787879,False,False
discovery:n12:seed101:index:t4:moveable:k1,post_branch,step,7,107,"[1, 3, 4, 7, 0, 8, 10, 2, 5, 6, 9, 11]","[""none"", ""none"", ""none"", ""none"", ""none"", ""none"", ""none"", ""none"", ""none"", ""none"", ""moveable"", ""none""]",0.18181818181818182,0.24242424242424243,False,False
discovery:n12:seed101:index:t4:moveable:k1,post_branch,step,8,118,"[1, 3, 4, 0, 7, 8, 10, 2, 5, 6, 9, 11]","[""none"", ""none"", ""none"", ""none"", ""none"", ""none"", ""none"", ""none"", ""none"", ""none"", ""moveable"", ""none""]",0.18181818181818182,0.22727272727272727,False,False
discovery:n12:seed101:index:t4:moveable:k1,post_branch,step,9,128,"[1, 3, 4, 0, 7, 8, 10, 2, 5, 6, 9, 11]","[""none"", ""none"", ""none"", ""none"", ""none"", ""none"", ""none"", ""none"", ""none"", ""none"", ""moveable"", ""none""]",0.18181818181818182,0.22727272727272727,False,False
discovery:n12:seed101:index:t4:moveable:k1,post_branch,step,10,139,"[1, 3, 0, 4, 7, 8, 10, 2, 5, 6, 9, 11]","[""none"", ""none"", ""none"", ""none"", ""none"", ""none"", ""none"", ""none"", ""none"", ""none"", ""moveable"", ""none""]",0.18181818181818182,0.21212121212121213,False,False
discovery:n12:seed101:index:t4:moveable:k1,post_branch,step,11,151,"[1, 0, 3, 4, 7, 8, 2, 10, 5, 6, 9, 11]","[""none"", ""none"", ""none"", ""none"", ""none"", ""none"", ""none"", ""none"", ""none"", ""none"", ""moveable"", ""none""]",0.2727272727272727,0.18181818181818182,False,False
discovery:n12:seed101:index:t4:moveable:k1,post_branch,step,12,166,"[0, 1, 3, 4, 2, 7, 5, 8, 6, 10, 9, 11]","[""none"", ""none"", ""none"", ""none"", ""none"", ""none"", ""none"", ""none"", ""none"", ""none"", ""moveable"", ""none""]",0.36363636363636365,0.09090909090909091,False,False
discovery:n12:seed101:index:t4:moveable:k1,post_branch,step,13,182,"[0, 1, 3, 2, 4, 5, 6, 7, 8, 9, 10, 11]","[""none"", ""none"", ""none"", ""none"", ""none"", ""none"", ""none"", ""none"", ""none"", ""moveable"", ""none"", ""none""]",0.09090909090909091,0.015151515151515152,False,False
discovery:n12:seed101:index:t4:moveable:k1,post_branch,step,14,192,"[0, 1, 2, 3, 4, 5, 6, 7, 8, 9, 10, 11]","[""none"", ""none"", ""none"", ""none"", ""none"", ""none"", ""none"", ""none"", ""none"", ""moveable"", ""none"", ""none""]",0.0,0.0,True,True
discovery:n12:seed101:index:t4:moveable:k2,pre_branch,setup,0,0,"[1, 11, 10, 8, 7, 4, 5, 9, 3, 2, 0, 6]","[""none"", ""none"", ""none"", ""none"", ""none"", ""none"", ""none"", ""none"", ""none"", ""none"", ""none"", ""none""]",0.6363636363636364,0.696969696969697,False,False
discovery:n12:seed101:index:t4:moveable:k2,pre_branch,step,1,17,"[1, 10, 8, 4, 11, 7, 5, 3, 2, 9, 0, 6]","[""none"", ""none"", ""none"", ""none"", ""none"", ""none"", ""none"", ""none"", ""none"", ""none"", ""none"", ""none""]",0.6363636363636364,0.6060606060606061,False,False
discovery:n12:seed101:index:t4:moveable:k2,pre_branch,step,2,34,"[1, 8, 4, 10, 7, 3, 11, 5, 2, 0, 9, 6]","[""none"", ""none"", ""none"", ""none"", ""none"", ""none"", ""none"", ""none"", ""none"", ""none"", ""none"", ""none""]",0.6363636363636364,0.5151515151515151,False,False
discovery:n12:seed101:index:t4:moveable:k2,pre_branch,step,3,52,"[1, 4, 8, 7, 10, 3, 5, 0, 11, 2, 6, 9]","[""none"", ""none"", ""none"", ""none"", ""none"", ""none"", ""none"", ""none"", ""none"", ""none"", ""none"", ""none""]",0.36363636363636365,0.42424242424242425,False,False
discovery:n12:seed101:index:t4:moveable:k2,pre_branch,step,4,68,"[1, 4, 7, 3, 8, 10, 0, 5, 2, 11, 6, 9]","[""none"", ""none"", ""none"", ""none"", ""none"", ""none"", ""none"", ""none"", ""none"", ""none"", ""none"", ""none""]",0.36363636363636365,0.3484848484848485,False,False
discovery:n12:seed101:index:t4:moveable:k2,post_branch,freeze-moveable,4,68,"[1, 4, 7, 3, 8, 10, 0, 5, 2, 11, 6, 9]","[""moveable"", ""none"", ""none"", ""none"", ""none"", ""none"", ""moveable"", ""none"", ""none"", ""none"", ""none"", ""none""]",0.36363636363636365,0.3484848484848485,False,False
discovery:n12:seed101:index:t4:moveable:k2,post_branch,step,5,84,"[1, 3, 4, 7, 8, 0, 5, 10, 2, 6, 9, 11]","[""moveable"", ""none"", ""none"", ""none"", ""none"", ""moveable"", ""none"", ""none"", ""none"", ""none"", ""none"", ""none""]",0.18181818181818182,0.25757575757575757,False,False
discovery:n12:seed101:index:t4:moveable:k2,post_branch,step,6,97,"[1, 3, 4, 7, 0, 5, 8, 2, 10, 6, 9, 11]","[""moveable"", ""none"", ""none"", ""none"", ""moveable"", ""none"", ""none"", ""none"", ""none"", ""none"", ""none"", ""none""]",0.2727272727272727,0.21212121212121213,False,False
discovery:n12:seed101:index:t4:moveable:k2,post_branch,step,7,108,"[1, 3, 4, 0, 7, 5, 2, 8, 10, 6, 9, 11]","[""moveable"", ""none"", ""none"", ""moveable"", ""none"", ""none"", ""none"", ""none"", ""none"", ""none"", ""none"", ""none""]",0.36363636363636365,0.18181818181818182,False,False
discovery:n12:seed101:index:t4:moveable:k2,post_branch,step,8,121,"[1, 3, 4, 0, 5, 2, 7, 8, 6, 10, 9, 11]","[""moveable"", ""none"", ""none"", ""moveable"", ""none"", ""none"", ""none"", ""none"", ""none"", ""none"", ""none"", ""none""]",0.36363636363636365,0.13636363636363635,False,False
discovery:n12:seed101:index:t4:moveable:k2,post_branch,step,9,134,"[1, 3, 4, 0, 2, 5, 7, 6, 8, 9, 10, 11]","[""moveable"", ""none"", ""none"", ""moveable"", ""none"", ""none"", ""none"", ""none"", ""none"", ""none"", ""none"", ""none""]",0.18181818181818182,0.09090909090909091,False,False
discovery:n12:seed101:index:t4:moveable:k2,post_branch,step,10,147,"[1, 3, 0, 2, 4, 5, 6, 7, 8, 9, 10, 11]","[""moveable"", ""none"", ""moveable"", ""none"", ""none"", ""none"", ""none"", ""none"", ""none"", ""none"", ""none"", ""none""]",0.09090909090909091,0.045454545454545456,False,False
discovery:n12:seed101:index:t4:moveable:k2,post_branch,step,11,156,"[1, 3, 0, 2, 4, 5, 6, 7, 8, 9, 10, 11]","[""moveable"", ""none"", ""moveable"", ""none"", ""none"", ""none"", ""none"", ""none"", ""none"", ""none"", ""none"", ""none""]",0.09090909090909091,0.045454545454545456,False,False
discovery:n12:seed101:index:t4:moveable:k2,post_branch,step,12,166,"[1, 0, 3, 2, 4, 5, 6, 7, 8, 9, 10, 11]","[""moveable"", ""moveable"", ""none"", ""none"", ""none"", ""none"", ""none"", ""none"", ""none"", ""none"", ""none"", ""none""]",0.18181818181818182,0.030303030303030304,False,False
discovery:n12:seed101:index:t4:moveable:k2,post_branch,step,13,176,"[1, 0, 2, 3, 4, 5, 6, 7, 8, 9, 10, 11]","[""moveable"", ""moveable"", ""none"", ""none"", ""none"", ""none"", ""none"", ""none"", ""none"", ""none"", ""none"", ""none""]",0.09090909090909091,0.015151515151515152,False,True
discovery:n12:seed101:index:t4:moveable:k3,pre_branch,setup,0,0,"[1, 11, 10, 8, 7, 4, 5, 9, 3, 2, 0, 6]","[""none"", ""none"", ""none"", ""none"", ""none"", ""none"", ""none"", ""none"", ""none"", ""none"", ""none"", ""none""]",0.6363636363636364,0.696969696969697,False,False
discovery:n12:seed101:index:t4:moveable:k3,pre_branch,step,1,17,"[1, 10, 8, 4, 11, 7, 5, 3, 2, 9, 0, 6]","[""none"", ""none"", ""none"", ""none"", ""none"", ""none"", ""none"", ""none"", ""none"", ""none"", ""none"", ""none""]",0.6363636363636364,0.6060606060606061,False,False
discovery:n12:seed101:index:t4:moveable:k3,pre_branch,step,2,34,"[1, 8, 4, 10, 7, 3, 11, 5, 2, 0, 9, 6]","[""none"", ""none"", ""none"", ""none"", ""none"", ""none"", ""none"", ""none"", ""none"", ""none"", ""none"", ""none""]",0.6363636363636364,0.5151515151515151,False,False
discovery:n12:seed101:index:t4:moveable:k3,pre_branch,step,3,52,"[1, 4, 8, 7, 10, 3, 5, 0, 11, 2, 6, 9]","[""none"", ""none"", ""none"", ""none"", ""none"", ""none"", ""none"", ""none"", ""none"", ""none"", ""none"", ""none""]",0.36363636363636365,0.42424242424242425,False,False
discovery:n12:seed101:index:t4:moveable:k3,pre_branch,step,4,68,"[1, 4, 7, 3, 8, 10, 0, 5, 2, 11, 6, 9]","[""none"", ""none"", ""none"", ""none"", ""none"", ""none"", ""none"", ""none"", ""none"", ""none"", ""none"", ""none""]",0.36363636363636365,0.3484848484848485,False,False
discovery:n12:seed101:index:t4:moveable:k3,post_branch,freeze-moveable,4,68,"[1, 4, 7, 3, 8, 10, 0, 5, 2, 11, 6, 9]","[""none"", ""none"", ""none"", ""none"", ""moveable"", ""none"", ""none"", ""none"", ""none"", ""moveable"", ""moveable"", ""none""]",0.36363636363636365,0.3484848484848485,False,False
discovery:n12:seed101:index:t4:moveable:k3,post_branch,step,5,80,"[1, 4, 7, 3, 0, 8, 2, 10, 5, 11, 6, 9]","[""none"", ""none"", ""none"", ""none"", ""none"", ""moveable"", ""none"", ""none"", ""none"", ""moveable"", ""moveable"", ""none""]",0.45454545454545453,0.2878787878787879,False,False
discovery:n12:seed101:index:t4:moveable:k3,post_branch,step,6,90,"[1, 4, 3, 7, 0, 2, 8, 5, 10, 11, 6, 9]","[""none"", ""none"", ""none"", ""none"", ""none"", ""none"", ""moveable"", ""none"", ""none"", ""moveable"", ""moveable"", ""none""]",0.36363636363636365,0.24242424242424243,False,False
discovery:n12:seed101:index:t4:moveable:k3,post_branch,step,7,100,"[1, 3, 4, 7, 0, 2, 5, 8, 10, 11, 6, 9]","[""none"", ""none"", ""none"", ""none"", ""none"", ""none"", ""none"", ""moveable"", ""none"", ""moveable"", ""moveable"", ""none""]",0.18181818181818182,0.21212121212121213,False,False
discovery:n12:seed101:index:t4:moveable:k3,post_branch,step,8,110,"[1, 3, 4, 0, 7, 2, 5, 8, 10, 11, 6, 9]","[""none"", ""none"", ""none"", ""none"", ""none"", ""none"", ""none"", ""moveable"", ""none"", ""moveable"", ""moveable"", ""none""]",0.2727272727272727,0.19696969696969696,False,False
discovery:n12:seed101:index:t4:moveable:k3,post_branch,step,9,122,"[1, 0, 3, 2, 4, 7, 5, 8, 10, 11, 6, 9]","[""none"", ""none"", ""none"", ""none"", ""none"", ""none"", ""none"", ""moveable"", ""none"", ""moveable"", ""moveable"", ""none""]",0.36363636363636365,0.13636363636363635,False,False
discovery:n12:seed101:index:t4:moveable:k3,post_branch,step,10,132,"[0, 1, 2, 3, 4, 7, 5, 8, 10, 11, 6, 9]","[""none"", ""none"", ""none"", ""none"", ""none"", ""none"", ""none"", ""moveable"", ""none"", ""moveable"", ""moveable"", ""none""]",0.18181818181818182,0.10606060606060606,False,False
discovery:n12:seed101:index:t4:moveable:k3,post_branch,step,11,141,"[0, 1, 2, 3, 4, 5, 7, 8, 10, 11, 6, 9]","[""none"", ""none"", ""none"", ""none"", ""none"", ""none"", ""none"", ""moveable"", ""none"", ""moveable"", ""moveable"", ""none""]",0.09090909090909091,0.09090909090909091,False,True
discovery:n12:seed101:index:t4:immovable:k1,pre_branch,setup,0,0,"[1, 11, 10, 8, 7, 4, 5, 9, 3, 2, 0, 6]","[""none"", ""none"", ""none"", ""none"", ""none"", ""none"", ""none"", ""none"", ""none"", ""none"", ""none"", ""none""]",0.6363636363636364,0.696969696969697,False,False
discovery:n12:seed101:index:t4:immovable:k1,pre_branch,step,1,17,"[1, 10, 8, 4, 11, 7, 5, 3, 2, 9, 0, 6]","[""none"", ""none"", ""none"", ""none"", ""none"", ""none"", ""none"", ""none"", ""none"", ""none"", ""none"", ""none""]",0.6363636363636364,0.6060606060606061,False,False
discovery:n12:seed101:index:t4:immovable:k1,pre_branch,step,2,34,"[1, 8, 4, 10, 7, 3, 11, 5, 2, 0, 9, 6]","[""none"", ""none"", ""none"", ""none"", ""none"", ""none"", ""none"", ""none"", ""none"", ""none"", ""none"", ""none""]",0.6363636363636364,0.5151515151515151,False,False
discovery:n12:seed101:index:t4:immovable:k1,pre_branch,step,3,52,"[1, 4, 8, 7, 10, 3, 5, 0, 11, 2, 6, 9]","[""none"", ""none"", ""none"", ""none"", ""none"", ""none"", ""none"", ""none"", ""none"", ""none"", ""none"", ""none""]",0.36363636363636365,0.42424242424242425,False,False
discovery:n12:seed101:index:t4:immovable:k1,pre_branch,step,4,68,"[1, 4, 7, 3, 8, 10, 0, 5, 2, 11, 6, 9]","[""none"", ""none"", ""none"", ""none"", ""none"", ""none"", ""none"", ""none"", ""none"", ""none"", ""none"", ""none""]",0.36363636363636365,0.3484848484848485,False,False
discovery:n12:seed101:index:t4:immovable:k1,post_branch,freeze-immovable,4,68,"[1, 4, 7, 3, 8, 10, 0, 5, 2, 11, 6, 9]","[""none"", ""none"", ""none"", ""none"", ""none"", ""none"", ""none"", ""none"", ""none"", ""none"", ""none"", ""immovable""]",0.36363636363636365,0.3484848484848485,False,False
discovery:n12:seed101:index:t4:immovable:k1,post_branch,step,5,79,"[1, 4, 7, 3, 8, 10, 0, 2, 5, 11, 6, 9]","[""none"", ""none"", ""none"", ""none"", ""none"", ""none"", ""none"", ""none"", ""none"", ""none"", ""none"", ""immovable""]",0.2727272727272727,0.3333333333333333,False,False
discovery:n12:seed101:index:t4:immovable:k1,post_branch,step,6,93,"[1, 3, 4, 7, 8, 10, 0, 2, 5, 6, 11, 9]","[""none"", ""none"", ""none"", ""none"", ""none"", ""none"", ""none"", ""none"", ""none"", ""none"", ""none"", ""immovable""]",0.18181818181818182,0.2878787878787879,False,False
discovery:n12:seed101:index:t4:immovable:k1,post_branch,step,7,106,"[1, 3, 4, 7, 0, 8, 10, 2, 5, 6, 11, 9]","[""none"", ""none"", ""none"", ""none"", ""none"", ""none"", ""none"", ""none"", ""none"", ""none"", ""none"", ""immovable""]",0.2727272727272727,0.25757575757575757,False,False
discovery:n12:seed101:index:t4:immovable:k1,post_branch,step,8,118,"[1, 3, 4, 0, 7, 8, 10, 2, 5, 6, 11, 9]","[""none"", ""none"", ""none"", ""none"", ""none"", ""none"", ""none"", ""none"", ""none"", ""none"", ""none"", ""immovable""]",0.2727272727272727,0.24242424242424243,False,False
discovery:n12:seed101:index:t4:immovable:k1,post_branch,step,9,129,"[1, 3, 4, 0, 7, 8, 10, 2, 5, 6, 11, 9]","[""none"", ""none"", ""none"", ""none"", ""none"", ""none"", ""none"", ""none"", ""none"", ""none"", ""none"", ""immovable""]",0.2727272727272727,0.24242424242424243,False,False
discovery:n12:seed101:index:t4:immovable:k1,post_branch,step,10,140,"[1, 3, 0, 4, 7, 8, 10, 2, 5, 6, 11, 9]","[""none"", ""none"", ""none"", ""none"", ""none"", ""none"", ""none"", ""none"", ""none"", ""none"", ""none"", ""immovable""]",0.2727272727272727,0.22727272727272727,False,False
discovery:n12:seed101:index:t4:immovable:k1,post_branch,step,11,152,"[1, 0, 3, 4, 7, 8, 2, 10, 5, 6, 11, 9]","[""none"", ""none"", ""none"", ""none"", ""none"", ""none"", ""none"", ""none"", ""none"", ""none"", ""none"", ""immovable""]",0.36363636363636365,0.19696969696969696,False,False
discovery:n12:seed101:index:t4:immovable:k1,post_branch,step,12,168,"[0, 1, 3, 4, 2, 7, 5, 8, 6, 10, 11, 9]","[""none"", ""none"", ""none"", ""none"", ""none"", ""none"", ""none"", ""none"", ""none"", ""none"", ""none"", ""immovable""]",0.36363636363636365,0.10606060606060606,False,False
discovery:n12:seed101:index:t4:immovable:k1,post_branch,step,13,183,"[0, 1, 3, 2, 4, 5, 6, 7, 8, 10, 11, 9]","[""none"", ""none"", ""none"", ""none"", ""none"", ""none"", ""none"", ""none"", ""none"", ""none"", ""none"", ""immovable""]",0.18181818181818182,0.045454545454545456,False,False
discovery:n12:seed101:index:t4:immovable:k1,post_branch,step,14,194,"[0, 1, 2, 3, 4, 5, 6, 7, 8, 10, 11, 9]","[""none"", ""none"", ""none"", ""none"", ""none"", ""none"", ""none"", ""none"", ""none"", ""none"", ""none"", ""immovable""]",0.09090909090909091,0.030303030303030304,False,True
discovery:n12:seed101:index:t4:immovable:k2,pre_branch,setup,0,0,"[1, 11, 10, 8, 7, 4, 5, 9, 3, 2, 0, 6]","[""none"", ""none"", ""none"", ""none"", ""none"", ""none"", ""none"", ""none"", ""none"", ""none"", ""none"", ""none""]",0.6363636363636364,0.696969696969697,False,False
discovery:n12:seed101:index:t4:immovable:k2,pre_branch,step,1,17,"[1, 10, 8, 4, 11, 7, 5, 3, 2, 9, 0, 6]","[""none"", ""none"", ""none"", ""none"", ""none"", ""none"", ""none"", ""none"", ""none"", ""none"", ""none"", ""none""]",0.6363636363636364,0.6060606060606061,False,False
discovery:n12:seed101:index:t4:immovable:k2,pre_branch,step,2,34,"[1, 8, 4, 10, 7, 3, 11, 5, 2, 0, 9, 6]","[""none"", ""none"", ""none"", ""none"", ""none"", ""none"", ""none"", ""none"", ""none"", ""none"", ""none"", ""none""]",0.6363636363636364,0.5151515151515151,False,False
discovery:n12:seed101:index:t4:immovable:k2,pre_branch,step,3,52,"[1, 4, 8, 7, 10, 3, 5, 0, 11, 2, 6, 9]","[""none"", ""none"", ""none"", ""none"", ""none"", ""none"", ""none"", ""none"", ""none"", ""none"", ""none"", ""none""]",0.36363636363636365,0.42424242424242425,False,False
discovery:n12:seed101:index:t4:immovable:k2,pre_branch,step,4,68,"[1, 4, 7, 3, 8, 10, 0, 5, 2, 11, 6, 9]","[""none"", ""none"", ""none"", ""none"", ""none"", ""none"", ""none"", ""none"", ""none"", ""none"", ""none"", ""none""]",0.36363636363636365,0.3484848484848485,False,False
discovery:n12:seed101:index:t4:immovable:k2,post_branch,freeze-immovable,4,68,"[1, 4, 7, 3, 8, 10, 0, 5, 2, 11, 6, 9]","[""immovable"", ""none"", ""none"", ""none"", ""none"", ""none"", ""immovable"", ""none"", ""none"", ""none"", ""none"", ""none""]",0.36363636363636365,0.3484848484848485,False,False
discovery:n12:seed101:index:t4:immovable:k2,post_branch,step,5,82,"[1, 3, 4, 7, 8, 10, 0, 5, 2, 6, 9, 11]","[""immovable"", ""none"", ""none"", ""none"", ""none"", ""none"", ""immovable"", ""none"", ""none"", ""none"", ""none"", ""none""]",0.18181818181818182,0.2878787878787879,False,False
discovery:n12:seed101:index:t4:immovable:k2,post_branch,step,6,93,"[1, 3, 4, 7, 8, 10, 0, 2, 5, 6, 9, 11]","[""immovable"", ""none"", ""none"", ""none"", ""none"", ""none"", ""immovable"", ""none"", ""none"", ""none"", ""none"", ""none""]",0.09090909090909091,0.2727272727272727,False,True
discovery:n12:seed101:index:t4:immovable:k3,pre_branch,setup,0,0,"[1, 11, 10, 8, 7, 4, 5, 9, 3, 2, 0, 6]","[""none"", ""none"", ""none"", ""none"", ""none"", ""none"", ""none"", ""none"", ""none"", ""none"", ""none"", ""none""]",0.6363636363636364,0.696969696969697,False,False
discovery:n12:seed101:index:t4:immovable:k3,pre_branch,step,1,17,"[1, 10, 8, 4, 11, 7, 5, 3, 2, 9, 0, 6]","[""none"", ""none"", ""none"", ""none"", ""none"", ""none"", ""none"", ""none"", ""none"", ""none"", ""none"", ""none""]",0.6363636363636364,0.6060606060606061,False,False
discovery:n12:seed101:index:t4:immovable:k3,pre_branch,step,2,34,"[1, 8, 4, 10, 7, 3, 11, 5, 2, 0, 9, 6]","[""none"", ""none"", ""none"", ""none"", ""none"", ""none"", ""none"", ""none"", ""none"", ""none"", ""none"", ""none""]",0.6363636363636364,0.5151515151515151,False,False
discovery:n12:seed101:index:t4:immovable:k3,pre_branch,step,3,52,"[1, 4, 8, 7, 10, 3, 5, 0, 11, 2, 6, 9]","[""none"", ""none"", ""none"", ""none"", ""none"", ""none"", ""none"", ""none"", ""none"", ""none"", ""none"", ""none""]",0.36363636363636365,0.42424242424242425,False,False
discovery:n12:seed101:index:t4:immovable:k3,pre_branch,step,4,68,"[1, 4, 7, 3, 8, 10, 0, 5, 2, 11, 6, 9]","[""none"", ""none"", ""none"", ""none"", ""none"", ""none"", ""none"", ""none"", ""none"", ""none"", ""none"", ""none""]",0.36363636363636365,0.3484848484848485,False,False
discovery:n12:seed101:index:t4:immovable:k3,post_branch,freeze-immovable,4,68,"[1, 4, 7, 3, 8, 10, 0, 5, 2, 11, 6, 9]","[""none"", ""none"", ""none"", ""none"", ""immovable"", ""none"", ""none"", ""none"", ""none"", ""immovable"", ""immovable"", ""none""]",0.36363636363636365,0.3484848484848485,False,False
discovery:n12:seed101:index:t4:immovable:k3,post_branch,step,5,79,"[1, 4, 7, 3, 8, 0, 2, 10, 5, 11, 6, 9]","[""none"", ""none"", ""none"", ""none"", ""immovable"", ""none"", ""none"", ""none"", ""none"", ""immovable"", ""immovable"", ""none""]",0.36363636363636365,0.30303030303030304,False,False
discovery:n12:seed101:index:t4:immovable:k3,post_branch,step,6,88,"[1, 4, 3, 7, 8, 0, 2, 5, 10, 11, 6, 9]","[""none"", ""none"", ""none"", ""none"", ""immovable"", ""none"", ""none"", ""none"", ""none"", ""immovable"", ""immovable"", ""none""]",0.2727272727272727,0.2727272727272727,False,False
discovery:n12:seed101:index:t4:immovable:k3,post_branch,step,7,97,"[1, 3, 4, 7, 8, 0, 2, 5, 10, 11, 6, 9]","[""none"", ""none"", ""none"", ""none"", ""immovable"", ""none"", ""none"", ""none"", ""none"", ""immovable"", ""immovable"", ""none""]",0.18181818181818182,0.25757575757575757,False,True
discovery:n12:seed101:shuffled:t0:moveable:k1,pre_branch,setup,0,0,"[1, 11, 10, 8, 7, 4, 5, 9, 3, 2, 0, 6]","[""none"", ""none"", ""none"", ""none"", ""none"", ""none"", ""none"", ""none"", ""none"", ""none"", ""none"", ""none""]",0.6363636363636364,0.696969696969697,False,False
discovery:n12:seed101:shuffled:t0:moveable:k1,post_branch,freeze-moveable,0,0,"[1, 11, 10, 8, 7, 4, 5, 9, 3, 2, 0, 6]","[""none"", ""none"", ""none"", ""none"", ""none"", ""moveable"", ""none"", ""none"", ""none"", ""none"", ""none"", ""none""]",0.6363636363636364,0.696969696969697,False,False
discovery:n12:seed101:shuffled:t0:moveable:k1,post_branch,step,1,16,"[1, 10, 8, 11, 4, 7, 3, 5, 9, 0, 2, 6]","[""none"", ""none"", ""none"", ""none"", ""moveable"", ""none"", ""none"", ""none"", ""none"", ""none"", ""none"", ""none""]",0.36363636363636365,0.6060606060606061,False,False
discovery:n12:seed101:shuffled:t0:moveable:k1,post_branch,step,2,27,"[1, 8, 10, 11, 4, 7, 3, 5, 0, 9, 2, 6]","[""none"", ""none"", ""none"", ""none"", ""moveable"", ""none"", ""none"", ""none"", ""none"", ""none"", ""none"", ""none""]",0.36363636363636365,0.5757575757575758,False,False
discovery:n12:seed101:shuffled:t0:moveable:k1,post_branch,step,3,38,"[1, 8, 10, 11, 4, 7, 0, 3, 5, 9, 2, 6]","[""none"", ""none"", ""none"", ""none"", ""moveable"", ""none"", ""none"", ""none"", ""none"", ""none"", ""none"", ""none""]",0.2727272727272727,0.5454545454545454,False,False
discovery:n12:seed101:shuffled:t0:moveable:k1,post_branch,step,4,52,"[1, 8, 10, 4, 11, 0, 3, 7, 5, 2, 9, 6]","[""none"", ""none"", ""none"", ""moveable"", ""none"", ""none"", ""none"", ""none"", ""none"", ""none"", ""none"", ""none""]",0.45454545454545453,0.48484848484848486,False,False
discovery:n12:seed101:shuffled:t0:moveable:k1,post_branch,step,5,66,"[1, 8, 10, 4, 11, 0, 3, 2, 7, 5, 6, 9]","[""none"", ""none"", ""none"", ""moveable"", ""none"", ""none"", ""none"", ""none"", ""none"", ""none"", ""none"", ""none""]",0.36363636363636365,0.4393939393939394,False,False
discovery:n12:seed101:shuffled:t0:moveable:k1,post_branch,step,6,81,"[1, 8, 10, 4, 0, 2, 11, 3, 5, 7, 6, 9]","[""none"", ""none"", ""none"", ""moveable"", ""none"", ""none"", ""none"", ""none"", ""none"", ""none"", ""none"", ""none""]",0.36363636363636365,0.3787878787878788,False,False
discovery:n12:seed101:shuffled:t0:moveable:k1,post_branch,step,7,95,"[1, 8, 4, 0, 10, 2, 3, 11, 5, 6, 7, 9]","[""none"", ""none"", ""moveable"", ""none"", ""none"", ""none"", ""none"", ""none"", ""none"", ""none"", ""none"", ""none""]",0.36363636363636365,0.3181818181818182,False,False
discovery:n12:seed101:shuffled:t0:moveable:k1,post_branch,step,8,108,"[1, 4, 0, 8, 2, 10, 3, 11, 5, 6, 7, 9]","[""none"", ""moveable"", ""none"", ""none"", ""none"", ""none"", ""none"", ""none"", ""none"", ""none"", ""none"", ""none""]",0.36363636363636365,0.2727272727272727,False,False
discovery:n12:seed101:shuffled:t0:moveable:k1,post_branch,step,9,120,"[1, 4, 0, 2, 8, 10, 3, 5, 11, 6, 7, 9]","[""none"", ""moveable"", ""none"", ""none"", ""none"", ""none"", ""none"", ""none"", ""none"", ""none"", ""none"", ""none""]",0.2727272727272727,0.24242424242424243,False,False
discovery:n12:seed101:shuffled:t0:moveable:k1,post_branch,step,10,132,"[1, 0, 4, 2, 3, 8, 10, 5, 11, 6, 7, 9]","[""none"", ""none"", ""moveable"", ""none"", ""none"", ""none"", ""none"", ""none"", ""none"", ""none"", ""none"", ""none""]",0.36363636363636365,0.19696969696969696,False,False
discovery:n12:seed101:shuffled:t0:moveable:k1,post_branch,step,11,145,"[1, 0, 2, 4, 3, 8, 10, 5, 6, 7, 9, 11]","[""none"", ""none"", ""none"", ""moveable"", ""none"", ""none"", ""none"", ""none"", ""none"", ""none"", ""none"", ""none""]",0.2727272727272727,0.13636363636363635,False,False
discovery:n12:seed101:shuffled:t0:moveable:k1,post_branch,step,12,156,"[0, 1, 2, 4, 3, 8, 10, 5, 6, 7, 9, 11]","[""none"", ""none"", ""none"", ""moveable"", ""none"", ""none"", ""none"", ""none"", ""none"", ""none"", ""none"", ""none""]",0.18181818181818182,0.12121212121212122,False,False
discovery:n12:seed101:shuffled:t0:moveable:k1,post_branch,step,13,171,"[0, 1, 2, 3, 4, 5, 8, 6, 10, 7, 9, 11]","[""none"", ""none"", ""none"", ""none"", ""moveable"", ""none"", ""none"", ""none"", ""none"", ""none"", ""none"", ""none""]",0.18181818181818182,0.06060606060606061,False,False
discovery:n12:seed101:shuffled:t0:moveable:k1,post_branch,step,14,183,"[0, 1, 2, 3, 4, 5, 6, 8, 7, 9, 10, 11]","[""none"", ""none"", ""none"", ""none"", ""moveable"", ""none"", ""none"", ""none"", ""none"", ""none"", ""none"", ""none""]",0.09090909090909091,0.015151515151515152,False,False
discovery:n12:seed101:shuffled:t0:moveable:k1,post_branch,step,15,194,"[0, 1, 2, 3, 4, 5, 6, 8, 7, 9, 10, 11]","[""none"", ""none"", ""none"", ""none"", ""moveable"", ""none"", ""none"", ""none"", ""none"", ""none"", ""none"", ""none""]",0.09090909090909091,0.015151515151515152,False,False
discovery:n12:seed101:shuffled:t0:moveable:k1,post_branch,step,16,206,"[0, 1, 2, 3, 4, 5, 6, 7, 8, 9, 10, 11]","[""none"", ""none"", ""none"", ""none"", ""moveable"", ""none"", ""none"", ""none"", ""none"", ""none"", ""none"", ""none""]",0.0,0.0,True,True
discovery:n12:seed101:shuffled:t0:moveable:k2,pre_branch,setup,0,0,"[1, 11, 10, 8, 7, 4, 5, 9, 3, 2, 0, 6]","[""none"", ""none"", ""none"", ""none"", ""none"", ""none"", ""none"", ""none"", ""none"", ""none"", ""none"", ""none""]",0.6363636363636364,0.696969696969697,False,False
discovery:n12:seed101:shuffled:t0:moveable:k2,post_branch,freeze-moveable,0,0,"[1, 11, 10, 8, 7, 4, 5, 9, 3, 2, 0, 6]","[""none"", ""none"", ""none"", ""none"", ""moveable"", ""moveable"", ""none"", ""none"", ""none"", ""none"", ""none"", ""none""]",0.6363636363636364,0.696969696969697,False,False
discovery:n12:seed101:shuffled:t0:moveable:k2,post_branch,step,1,14,"[1, 8, 10, 11, 7, 4, 5, 3, 9, 0, 2, 6]","[""none"", ""none"", ""none"", ""none"", ""moveable"", ""moveable"", ""none"", ""none"", ""none"", ""none"", ""none"", ""none""]",0.36363636363636365,0.6212121212121212,False,False
discovery:n12:seed101:shuffled:t0:moveable:k2,post_branch,step,2,25,"[1, 8, 10, 11, 7, 4, 3, 5, 0, 9, 2, 6]","[""none"", ""none"", ""none"", ""none"", ""moveable"", ""moveable"", ""none"", ""none"", ""none"", ""none"", ""none"", ""none""]",0.45454545454545453,0.5909090909090909,False,False
discovery:n12:seed101:shuffled:t0:moveable:k2,post_branch,step,3,36,"[1, 8, 10, 11, 7, 3, 4, 0, 5, 9, 2, 6]","[""none"", ""none"", ""none"", ""none"", ""moveable"", ""none"", ""moveable"", ""none"", ""none"", ""none"", ""none"", ""none""]",0.36363636363636365,0.5606060606060606,False,False
discovery:n12:seed101:shuffled:t0:moveable:k2,post_branch,step,4,49,"[1, 8, 10, 11, 3, 7, 4, 0, 2, 5, 6, 9]","[""none"", ""none"", ""none"", ""none"", ""none"", ""moveable"", ""moveable"", ""none"", ""none"", ""none"", ""none"", ""none""]",0.2727272727272727,0.5,False,False
discovery:n12:seed101:shuffled:t0:moveable:k2,post_branch,step,5,61,"[1, 8, 3, 10, 11, 7, 0, 4, 2, 5, 6, 9]","[""none"", ""none"", ""none"", ""none"", ""none"", ""moveable"", ""none"", ""moveable"", ""none"", ""none"", ""none"", ""none""]",0.36363636363636365,0.45454545454545453,False,False
discovery:n12:seed101:shuffled:t0:moveable:k2,post_branch,step,6,70,"[1, 8, 3, 10, 11, 7, 0, 4, 2, 5, 6, 9]","[""none"", ""none"", ""none"", ""none"", ""none"", ""moveable"", ""none"", ""moveable"", ""none"", ""none"", ""none"", ""none""]",0.36363636363636365,0.45454545454545453,False,False
discovery:n12:seed101:shuffled:t0:moveable:k2,post_branch,step,7,80,"[1, 3, 8, 10, 11, 0, 7, 4, 2, 5, 6, 9]","[""none"", ""none"", ""none"", ""none"", ""none"", ""none"", ""moveable"", ""moveable"", ""none"", ""none"", ""none"", ""none""]",0.2727272727272727,0.42424242424242425,False,False
discovery:n12:seed101:shuffled:t0:moveable:k2,post_branch,step,8,92,"[1, 0, 3, 8, 10, 11, 7, 4, 2, 5, 6, 9]","[""none"", ""none"", ""none"", ""none"", ""none"", ""none"", ""moveable"", ""moveable"", ""none"", ""none"", ""none"", ""none""]",0.36363636363636365,0.36363636363636365,False,False
discovery:n12:seed101:shuffled:t0:moveable:k2,post_branch,step,9,102,"[0, 1, 3, 8, 10, 11, 7, 2, 4, 5, 6, 9]","[""none"", ""none"", ""none"", ""none"", ""none"", ""none"", ""moveable"", ""none"", ""moveable"", ""none"", ""none"", ""none""]",0.18181818181818182,0.3333333333333333,False,False
discovery:n12:seed101:shuffled:t0:moveable:k2,post_branch,step,10,112,"[0, 1, 3, 8, 10, 11, 2, 7, 4, 5, 6, 9]","[""none"", ""none"", ""none"", ""none"", ""none"", ""none"", ""none"", ""moveable"", ""moveable"", ""none"", ""none"", ""none""]",0.18181818181818182,0.3181818181818182,False,False
discovery:n12:seed101:shuffled:t0:moveable:k2,post_branch,step,11,123,"[0, 1, 3, 8, 2, 10, 7, 11, 4, 5, 6, 9]","[""none"", ""none"", ""none"", ""none"", ""none"", ""none"", ""moveable"", ""none"", ""moveable"", ""none"", ""none"", ""none""]",0.2727272727272727,0.2727272727272727,False,False
discovery:n12:seed101:shuffled:t0:moveable:k2,post_branch,step,12,135,"[0, 1, 2, 3, 8, 10, 7, 11, 4, 5, 6, 9]","[""none"", ""none"", ""none"", ""none"", ""none"", ""none"", ""moveable"", ""none"", ""moveable"", ""none"", ""none"", ""none""]",0.18181818181818182,0.24242424242424243,False,False
discovery:n12:seed101:shuffled:t0:moveable:k2,post_branch,step,13,146,"[0, 1, 2, 3, 7, 8, 10, 11, 4, 5, 6, 9]","[""none"", ""none"", ""none"", ""none"", ""moveable"", ""none"", ""none"", ""none"", ""moveable"", ""none"", ""none"", ""none""]",0.09090909090909091,0.21212121212121213,False,False
discovery:n12:seed101:shuffled:t0:moveable:k2,post_branch,step,14,154,"[0, 1, 2, 3, 7, 8, 10, 11, 4, 5, 6, 9]","[""none"", ""none"", ""none"", ""none"", ""moveable"", ""none"", ""none"", ""none"", ""moveable"", ""none"", ""none"", ""none""]",0.09090909090909091,0.21212121212121213,False,False
discovery:n12:seed101:shuffled:t0:moveable:k2,post_branch,step,15,163,"[0, 1, 2, 3, 7, 8, 10, 11, 4, 5, 6, 9]","[""none"", ""none"", ""none"", ""none"", ""moveable"", ""none"", ""none"", ""none"", ""moveable"", ""none"", ""none"", ""none""]",0.09090909090909091,0.21212121212121213,False,False
discovery:n12:seed101:shuffled:t0:moveable:k2,post_branch,step,16,174,"[0, 1, 2, 3, 7, 8, 10, 4, 5, 11, 6, 9]","[""none"", ""none"", ""none"", ""none"", ""moveable"", ""none"", ""none"", ""moveable"", ""none"", ""none"", ""none"", ""none""]",0.18181818181818182,0.18181818181818182,False,False
discovery:n12:seed101:shuffled:t0:moveable:k2,post_branch,step,17,185,"[0, 1, 2, 3, 7, 8, 10, 4, 5, 6, 9, 11]","[""none"", ""none"", ""none"", ""none"", ""moveable"", ""none"", ""none"", ""moveable"", ""none"", ""none"", ""none"", ""none""]",0.09090909090909091,0.15151515151515152,False,False
discovery:n12:seed101:shuffled:t0:moveable:k2,post_branch,step,18,194,"[0, 1, 2, 3, 7, 8, 4, 10, 5, 6, 9, 11]","[""none"", ""none"", ""none"", ""none"", ""moveable"", ""none"", ""moveable"", ""none"", ""none"", ""none"", ""none"", ""none""]",0.18181818181818182,0.13636363636363635,False,False
discovery:n12:seed101:shuffled:t0:moveable:k2,post_branch,step,19,206,"[0, 1, 2, 3, 7, 4, 8, 5, 6, 10, 9, 11]","[""none"", ""none"", ""none"", ""none"", ""moveable"", ""moveable"", ""none"", ""none"", ""none"", ""none"", ""none"", ""none""]",0.2727272727272727,0.09090909090909091,False,False
discovery:n12:seed101:shuffled:t0:moveable:k2,post_branch,step,20,217,"[0, 1, 2, 3, 7, 4, 5, 8, 6, 9, 10, 11]","[""none"", ""none"", ""none"", ""none"", ""moveable"", ""moveable"", ""none"", ""none"", ""none"", ""none"", ""none"", ""none""]",0.18181818181818182,0.06060606060606061,False,False
discovery:n12:seed101:shuffled:t0:moveable:k2,post_branch,step,21,225,"[0, 1, 2, 3, 7, 4, 5, 8, 6, 9, 10, 11]","[""none"", ""none"", ""none"", ""none"", ""moveable"", ""moveable"", ""none"", ""none"", ""none"", ""none"", ""none"", ""none""]",0.18181818181818182,0.06060606060606061,False,False
discovery:n12:seed101:shuffled:t0:moveable:k2,post_branch,step,22,234,"[0, 1, 2, 3, 7, 4, 5, 8, 6, 9, 10, 11]","[""none"", ""none"", ""none"", ""none"", ""moveable"", ""moveable"", ""none"", ""none"", ""none"", ""none"", ""none"", ""none""]",0.18181818181818182,0.06060606060606061,False,False
discovery:n12:seed101:shuffled:t0:moveable:k2,post_branch,step,23,245,"[0, 1, 2, 3, 7, 4, 5, 6, 8, 9, 10, 11]","[""none"", ""none"", ""none"", ""none"", ""moveable"", ""moveable"", ""none"", ""none"", ""none"", ""none"", ""none"", ""none""]",0.09090909090909091,0.045454545454545456,False,True
discovery:n12:seed101:shuffled:t0:moveable:k3,pre_branch,setup,0,0,"[1, 11, 10, 8, 7, 4, 5, 9, 3, 2, 0, 6]","[""none"", ""none"", ""none"", ""none"", ""none"", ""none"", ""none"", ""none"", ""none"", ""none"", ""none"", ""none""]",0.6363636363636364,0.696969696969697,False,False
discovery:n12:seed101:shuffled:t0:moveable:k3,post_branch,freeze-moveable,0,0,"[1, 11, 10, 8, 7, 4, 5, 9, 3, 2, 0, 6]","[""moveable"", ""none"", ""none"", ""moveable"", ""none"", ""none"", ""none"", ""none"", ""moveable"", ""none"", ""none"", ""none""]",0.6363636363636364,0.696969696969697,False,False
discovery:n12:seed101:shuffled:t0:moveable:k3,post_branch,step,1,13,"[1, 10, 8, 11, 4, 7, 5, 3, 9, 0, 2, 6]","[""moveable"", ""none"", ""moveable"", ""none"", ""none"", ""none"", ""none"", ""moveable"", ""none"", ""none"", ""none"", ""none""]",0.45454545454545453,0.6212121212121212,False,False
discovery:n12:seed101:shuffled:t0:moveable:k3,post_branch,step,2,24,"[1, 10, 8, 11, 4, 5, 7, 3, 0, 9, 2, 6]","[""moveable"", ""none"", ""moveable"", ""none"", ""none"", ""none"", ""none"", ""moveable"", ""none"", ""none"", ""none"", ""none""]",0.45454545454545453,0.5909090909090909,False,False
discovery:n12:seed101:shuffled:t0:moveable:k3,post_branch,step,3,38,"[1, 10, 8, 4, 11, 3, 5, 7, 0, 2, 6, 9]","[""moveable"", ""none"", ""moveable"", ""none"", ""none"", ""moveable"", ""none"", ""none"", ""none"", ""none"", ""none"", ""none""]",0.36363636363636365,0.5151515151515151,False,False
discovery:n12:seed101:shuffled:t0:moveable:k3,post_branch,step,4,47,"[1, 10, 4, 8, 11, 3, 5, 7, 0, 2, 6, 9]","[""moveable"", ""none"", ""none"", ""moveable"", ""none"", ""moveable"", ""none"", ""none"", ""none"", ""none"", ""none"", ""none""]",0.2727272727272727,0.5,False,False
discovery:n12:seed101:shuffled:t0:moveable:k3,post_branch,step,5,58,"[1, 4, 8, 10, 3, 11, 5, 7, 0, 2, 6, 9]","[""moveable"", ""none"", ""moveable"", ""none"", ""moveable"", ""none"", ""none"", ""none"", ""none"", ""none"", ""none"", ""none""]",0.2727272727272727,0.45454545454545453,False,False
discovery:n12:seed101:shuffled:t0:moveable:k3,post_branch,step,6,69,"[1, 4, 8, 10, 3, 5, 11, 0, 2, 7, 6, 9]","[""moveable"", ""none"", ""moveable"", ""none"", ""moveable"", ""none"", ""none"", ""none"", ""none"", ""none"", ""none"", ""none""]",0.2727272727272727,0.4090909090909091,False,False
discovery:n12:seed101:shuffled:t0:moveable:k3,post_branch,step,7,82,"[1, 4, 8, 3, 10, 0, 5, 2, 11, 6, 7, 9]","[""moveable"", ""none"", ""moveable"", ""moveable"", ""none"", ""none"", ""none"", ""none"", ""none"", ""none"", ""none"", ""none""]",0.36363636363636365,0.3333333333333333,False,False
discovery:n12:seed101:shuffled:t0:moveable:k3,post_branch,step,8,94,"[1, 4, 8, 0, 3, 10, 5, 2, 6, 11, 7, 9]","[""moveable"", ""none"", ""moveable"", ""none"", ""moveable"", ""none"", ""none"", ""none"", ""none"", ""none"", ""none"", ""none""]",0.36363636363636365,0.2878787878787879,False,False
discovery:n12:seed101:shuffled:t0:moveable:k3,post_branch,step,9,107,"[1, 4, 8, 0, 3, 5, 2, 10, 6, 7, 9, 11]","[""moveable"", ""none"", ""moveable"", ""none"", ""moveable"", ""none"", ""none"", ""none"", ""none"", ""none"", ""none"", ""none""]",0.2727272727272727,0.22727272727272727,False,False
discovery:n12:seed101:shuffled:t0:moveable:k3,post_branch,step,10,119,"[1, 4, 0, 8, 3, 2, 5, 6, 10, 7, 9, 11]","[""moveable"", ""none"", ""none"", ""moveable"", ""moveable"", ""none"", ""none"", ""none"", ""none"", ""none"", ""none"", ""none""]",0.36363636363636365,0.18181818181818182,False,False
discovery:n12:seed101:shuffled:t0:moveable:k3,post_branch,step,11,130,"[1, 4, 0, 8, 2, 3, 5, 6, 7, 9, 10, 11]","[""moveable"", ""none"", ""none"", ""moveable"", ""none"", ""moveable"", ""none"", ""none"", ""none"", ""none"", ""none"", ""none""]",0.18181818181818182,0.13636363636363635,False,False
discovery:n12:seed101:shuffled:t0:moveable:k3,post_branch,step,12,141,"[1, 0, 4, 2, 8, 3, 5, 6, 7, 9, 10, 11]","[""moveable"", ""none"", ""none"", ""none"", ""moveable"", ""moveable"", ""none"", ""none"", ""none"", ""none"", ""none"", ""none""]",0.2727272727272727,0.10606060606060606,False,False
discovery:n12:seed101:shuffled:t0:moveable:k3,post_branch,step,13,151,"[0, 1, 2, 4, 8, 3, 5, 6, 7, 9, 10, 11]","[""none"", ""moveable"", ""none"", ""none"", ""moveable"", ""moveable"", ""none"", ""none"", ""none"", ""none"", ""none"", ""none""]",0.09090909090909091,0.07575757575757576,False,True
discovery:n12:seed101:shuffled:t0:immovable:k1,pre_branch,setup,0,0,"[1, 11, 10, 8, 7, 4, 5, 9, 3, 2, 0, 6]","[""none"", ""none"", ""none"", ""none"", ""none"", ""none"", ""none"", ""none"", ""none"", ""none"", ""none"", ""none""]",0.6363636363636364,0.696969696969697,False,False
discovery:n12:seed101:shuffled:t0:immovable:k1,post_branch,freeze-immovable,0,0,"[1, 11, 10, 8, 7, 4, 5, 9, 3, 2, 0, 6]","[""none"", ""none"", ""none"", ""none"", ""none"", ""immovable"", ""none"", ""none"", ""none"", ""none"", ""none"", ""none""]",0.6363636363636364,0.696969696969697,False,False
discovery:n12:seed101:shuffled:t0:immovable:k1,post_branch,step,1,15,"[1, 10, 8, 11, 7, 4, 3, 5, 9, 0, 2, 6]","[""none"", ""none"", ""none"", ""none"", ""none"", ""immovable"", ""none"", ""none"", ""none"", ""none"", ""none"", ""none""]",0.45454545454545453,0.6212121212121212,False,False
discovery:n12:seed101:shuffled:t0:immovable:k1,post_branch,step,2,27,"[1, 8, 10, 7, 11, 4, 3, 5, 0, 9, 2, 6]","[""none"", ""none"", ""none"", ""none"", ""none"", ""immovable"", ""none"", ""none"", ""none"", ""none"", ""none"", ""none""]",0.45454545454545453,0.5757575757575758,False,False
discovery:n12:seed101:shuffled:t0:immovable:k1,post_branch,step,3,39,"[1, 8, 7, 10, 11, 4, 0, 3, 5, 9, 2, 6]","[""none"", ""none"", ""none"", ""none"", ""none"", ""immovable"", ""none"", ""none"", ""none"", ""none"", ""none"", ""none""]",0.36363636363636365,0.5303030303030303,False,False
discovery:n12:seed101:shuffled:t0:immovable:k1,post_branch,step,4,51,"[1, 7, 8, 10, 11, 4, 0, 3, 5, 2, 9, 6]","[""none"", ""none"", ""none"", ""none"", ""none"", ""immovable"", ""none"", ""none"", ""none"", ""none"", ""none"", ""none""]",0.36363636363636365,0.5,False,False
discovery:n12:seed101:shuffled:t0:immovable:k1,post_branch,step,5,65,"[1, 7, 8, 10, 11, 4, 0, 2, 3, 5, 6, 9]","[""none"", ""none"", ""none"", ""none"", ""none"", ""immovable"", ""none"", ""none"", ""none"", ""none"", ""none"", ""none""]",0.18181818181818182,0.45454545454545453,False,True
discovery:n12:seed101:shuffled:t0:immovable:k2,pre_branch,setup,0,0,"[1, 11, 10, 8, 7, 4, 5, 9, 3, 2, 0, 6]","[""none"", ""none"", ""none"", ""none"", ""none"", ""none"", ""none"", ""none"", ""none"", ""none"", ""none"", ""none""]",0.6363636363636364,0.696969696969697,False,False
discovery:n12:seed101:shuffled:t0:immovable:k2,post_branch,freeze-immovable,0,0,"[1, 11, 10, 8, 7, 4, 5, 9, 3, 2, 0, 6]","[""none"", ""none"", ""none"", ""none"", ""immovable"", ""immovable"", ""none"", ""none"", ""none"", ""none"", ""none"", ""none""]",0.6363636363636364,0.696969696969697,False,False
discovery:n12:seed101:shuffled:t0:immovable:k2,post_branch,step,1,14,"[1, 8, 10, 11, 7, 4, 5, 3, 9, 0, 2, 6]","[""none"", ""none"", ""none"", ""none"", ""immovable"", ""immovable"", ""none"", ""none"", ""none"", ""none"", ""none"", ""none""]",0.36363636363636365,0.6212121212121212,False,False
discovery:n12:seed101:shuffled:t0:immovable:k2,post_branch,step,2,25,"[1, 8, 10, 11, 7, 4, 3, 5, 0, 9, 2, 6]","[""none"", ""none"", ""none"", ""none"", ""immovable"", ""immovable"", ""none"", ""none"", ""none"", ""none"", ""none"", ""none""]",0.45454545454545453,0.5909090909090909,False,False
discovery:n12:seed101:shuffled:t0:immovable:k2,post_branch,step,3,35,"[1, 8, 10, 11, 7, 4, 3, 0, 5, 9, 2, 6]","[""none"", ""none"", ""none"", ""none"", ""immovable"", ""immovable"", ""none"", ""none"", ""none"", ""none"", ""none"", ""none""]",0.45454545454545453,0.5757575757575758,False,False
discovery:n12:seed101:shuffled:t0:immovable:k2,post_branch,step,4,47,"[1, 8, 10, 11, 7, 4, 3, 0, 2, 5, 6, 9]","[""none"", ""none"", ""none"", ""none"", ""immovable"", ""immovable"", ""none"", ""none"", ""none"", ""none"", ""none"", ""none""]",0.36363636363636365,0.5303030303030303,False,False
discovery:n12:seed101:shuffled:t0:immovable:k2,post_branch,step,5,58,"[1, 8, 10, 11, 7, 4, 0, 2, 3, 5, 6, 9]","[""none"", ""none"", ""none"", ""none"", ""immovable"", ""immovable"", ""none"", ""none"", ""none"", ""none"", ""none"", ""none""]",0.2727272727272727,0.5,False,True
discovery:n12:seed101:shuffled:t0:immovable:k3,pre_branch,setup,0,0,"[1, 11, 10, 8, 7, 4, 5, 9, 3, 2, 0, 6]","[""none"", ""none"", ""none"", ""none"", ""none"", ""none"", ""none"", ""none"", ""none"", ""none"", ""none"", ""none""]",0.6363636363636364,0.696969696969697,False,False
discovery:n12:seed101:shuffled:t0:immovable:k3,post_branch,freeze-immovable,0,0,"[1, 11, 10, 8, 7, 4, 5, 9, 3, 2, 0, 6]","[""immovable"", ""none"", ""none"", ""immovable"", ""none"", ""none"", ""none"", ""none"", ""immovable"", ""none"", ""none"", ""none""]",0.6363636363636364,0.696969696969697,False,False
discovery:n12:seed101:shuffled:t0:immovable:k3,post_branch,step,1,11,"[1, 10, 11, 8, 4, 7, 5, 9, 3, 0, 2, 6]","[""immovable"", ""none"", ""none"", ""immovable"", ""none"", ""none"", ""none"", ""none"", ""immovable"", ""none"", ""none"", ""none""]",0.45454545454545453,0.6515151515151515,False,False
discovery:n12:seed101:shuffled:t0:immovable:k3,post_branch,step,2,21,"[1, 10, 11, 8, 4, 5, 7, 9, 3, 0, 2, 6]","[""immovable"", ""none"", ""none"", ""immovable"", ""none"", ""none"", ""none"", ""none"", ""immovable"", ""none"", ""none"", ""none""]",0.36363636363636365,0.6363636363636364,False,True
discovery:n12:seed101:shuffled:t4:moveable:k1,pre_branch,setup,0,0,"[1, 11, 10, 8, 7, 4, 5, 9, 3, 2, 0, 6]","[""none"", ""none"", ""none"", ""none"", ""none"", ""none"", ""none"", ""none"", ""none"", ""none"", ""none"", ""none""]",0.6363636363636364,0.696969696969697,False,False
discovery:n12:seed101:shuffled:t4:moveable:k1,pre_branch,step,1,18,"[1, 8, 10, 4, 11, 7, 5, 3, 9, 0, 2, 6]","[""none"", ""none"", ""none"", ""none"", ""none"", ""none"", ""none"", ""none"", ""none"", ""none"", ""none"", ""none""]",0.45454545454545453,0.5909090909090909,False,False
discovery:n12:seed101:shuffled:t4:moveable:k1,pre_branch,step,2,32,"[1, 8, 4, 10, 7, 5, 11, 3, 9, 0, 2, 6]","[""none"", ""none"", ""none"", ""none"", ""none"", ""none"", ""none"", ""none"", ""none"", ""none"", ""none"", ""none""]",0.45454545454545453,0.5454545454545454,False,False
discovery:n12:seed101:shuffled:t4:moveable:k1,pre_branch,step,3,49,"[1, 4, 8, 10, 5, 7, 11, 3, 0, 2, 6, 9]","[""none"", ""none"", ""none"", ""none"", ""none"", ""none"", ""none"", ""none"", ""none"", ""none"", ""none"", ""none""]",0.2727272727272727,0.4696969696969697,False,False
discovery:n12:seed101:shuffled:t4:moveable:k1,pre_branch,step,4,66,"[1, 4, 5, 8, 7, 10, 0, 11, 2, 3, 6, 9]","[""none"", ""none"", ""none"", ""none"", ""none"", ""none"", ""none"", ""none"", ""none"", ""none"", ""none"", ""none""]",0.2727272727272727,0.3787878787878788,False,False
discovery:n12:seed101:shuffled:t4:moveable:k1,post_branch,freeze-moveable,4,66,"[1, 4, 5, 8, 7, 10, 0, 11, 2, 3, 6, 9]","[""none"", ""none"", ""none"", ""none"", ""none"", ""none"", ""none"", ""none"", ""none"", ""none"", ""none"", ""moveable""]",0.2727272727272727,0.3787878787878788,False,False
discovery:n12:seed101:shuffled:t4:moveable:k1,post_branch,step,5,79,"[1, 4, 5, 8, 7, 0, 10, 2, 3, 11, 6, 9]","[""none"", ""none"", ""none"", ""none"", ""none"", ""none"", ""none"", ""none"", ""none"", ""none"", ""none"", ""moveable""]",0.36363636363636365,0.3333333333333333,False,False
discovery:n12:seed101:shuffled:t4:moveable:k1,post_branch,step,6,93,"[1, 4, 5, 7, 8, 0, 2, 10, 3, 6, 11, 9]","[""none"", ""none"", ""none"", ""none"", ""none"", ""none"", ""none"", ""none"", ""none"", ""none"", ""none"", ""moveable""]",0.2727272727272727,0.2878787878787879,False,False
discovery:n12:seed101:shuffled:t4:moveable:k1,post_branch,step,7,110,"[1, 0, 4, 5, 7, 8, 2, 3, 10, 6, 9, 11]","[""none"", ""none"", ""none"", ""none"", ""none"", ""none"", ""none"", ""none"", ""none"", ""none"", ""moveable"", ""none""]",0.2727272727272727,0.19696969696969696,False,False
discovery:n12:seed101:shuffled:t4:moveable:k1,post_branch,step,8,123,"[0, 1, 4, 5, 7, 2, 8, 3, 6, 10, 9, 11]","[""none"", ""none"", ""none"", ""none"", ""none"", ""none"", ""none"", ""none"", ""none"", ""none"", ""moveable"", ""none""]",0.2727272727272727,0.15151515151515152,False,False
discovery:n12:seed101:shuffled:t4:moveable:k1,post_branch,step,9,136,"[0, 1, 4, 5, 7, 2, 3, 6, 8, 9, 10, 11]","[""none"", ""none"", ""none"", ""none"", ""none"", ""none"", ""none"", ""none"", ""none"", ""moveable"", ""none"", ""none""]",0.09090909090909091,0.10606060606060606,False,False
discovery:n12:seed101:shuffled:t4:moveable:k1,post_branch,step,10,149,"[0, 1, 4, 5, 2, 3, 6, 7, 8, 9, 10, 11]","[""none"", ""none"", ""none"", ""none"", ""none"", ""none"", ""none"", ""none"", ""none"", ""moveable"", ""none"", ""none""]",0.09090909090909091,0.06060606060606061,False,False
discovery:n12:seed101:shuffled:t4:moveable:k1,post_branch,step,11,160,"[0, 1, 4, 2, 5, 3, 6, 7, 8, 9, 10, 11]","[""none"", ""none"", ""none"", ""none"", ""none"", ""none"", ""none"", ""none"", ""none"", ""moveable"", ""none"", ""none""]",0.18181818181818182,0.045454545454545456,False,False
discovery:n12:seed101:shuffled:t4:moveable:k1,post_branch,step,12,171,"[0, 1, 2, 4, 5, 3, 6, 7, 8, 9, 10, 11]","[""none"", ""none"", ""none"", ""none"", ""none"", ""none"", ""none"", ""none"", ""none"", ""moveable"", ""none"", ""none""]",0.09090909090909091,0.030303030303030304,False,False
discovery:n12:seed101:shuffled:t4:moveable:k1,post_branch,step,13,181,"[0, 1, 2, 4, 5, 3, 6, 7, 8, 9, 10, 11]","[""none"", ""none"", ""none"", ""none"", ""none"", ""none"", ""none"", ""none"", ""none"", ""moveable"", ""none"", ""none""]",0.09090909090909091,0.030303030303030304,False,False
discovery:n12:seed101:shuffled:t4:moveable:k1,post_branch,step,14,192,"[0, 1, 2, 4, 5, 3, 6, 7, 8, 9, 10, 11]","[""none"", ""none"", ""none"", ""none"", ""none"", ""none"", ""none"", ""none"", ""none"", ""moveable"", ""none"", ""none""]",0.09090909090909091,0.030303030303030304,False,False
discovery:n12:seed101:shuffled:t4:moveable:k1,post_branch,step,15,204,"[0, 1, 2, 3, 4, 5, 6, 7, 8, 9, 10, 11]","[""none"", ""none"", ""none"", ""none"", ""none"", ""none"", ""none"", ""none"", ""none"", ""moveable"", ""none"", ""none""]",0.0,0.0,True,True
discovery:n12:seed101:shuffled:t4:moveable:k2,pre_branch,setup,0,0,"[1, 11, 10, 8, 7, 4, 5, 9, 3, 2, 0, 6]","[""none"", ""none"", ""none"", ""none"", ""none"", ""none"", ""none"", ""none"", ""none"", ""none"", ""none"", ""none""]",0.6363636363636364,0.696969696969697,False,False
discovery:n12:seed101:shuffled:t4:moveable:k2,pre_branch,step,1,18,"[1, 8, 10, 4, 11, 7, 5, 3, 9, 0, 2, 6]","[""none"", ""none"", ""none"", ""none"", ""none"", ""none"", ""none"", ""none"", ""none"", ""none"", ""none"", ""none""]",0.45454545454545453,0.5909090909090909,False,False
discovery:n12:seed101:shuffled:t4:moveable:k2,pre_branch,step,2,32,"[1, 8, 4, 10, 7, 5, 11, 3, 9, 0, 2, 6]","[""none"", ""none"", ""none"", ""none"", ""none"", ""none"", ""none"", ""none"", ""none"", ""none"", ""none"", ""none""]",0.45454545454545453,0.5454545454545454,False,False
discovery:n12:seed101:shuffled:t4:moveable:k2,pre_branch,step,3,49,"[1, 4, 8, 10, 5, 7, 11, 3, 0, 2, 6, 9]","[""none"", ""none"", ""none"", ""none"", ""none"", ""none"", ""none"", ""none"", ""none"", ""none"", ""none"", ""none""]",0.2727272727272727,0.4696969696969697,False,False
discovery:n12:seed101:shuffled:t4:moveable:k2,pre_branch,step,4,66,"[1, 4, 5, 8, 7, 10, 0, 11, 2, 3, 6, 9]","[""none"", ""none"", ""none"", ""none"", ""none"", ""none"", ""none"", ""none"", ""none"", ""none"", ""none"", ""none""]",0.2727272727272727,0.3787878787878788,False,False
discovery:n12:seed101:shuffled:t4:moveable:k2,post_branch,freeze-moveable,4,66,"[1, 4, 5, 8, 7, 10, 0, 11, 2, 3, 6, 9]","[""moveable"", ""none"", ""none"", ""none"", ""none"", ""none"", ""moveable"", ""none"", ""none"", ""none"", ""none"", ""none""]",0.2727272727272727,0.3787878787878788,False,False
discovery:n12:seed101:shuffled:t4:moveable:k2,post_branch,step,5,79,"[1, 4, 5, 7, 8, 0, 10, 2, 11, 3, 6, 9]","[""moveable"", ""none"", ""none"", ""none"", ""none"", ""moveable"", ""none"", ""none"", ""none"", ""none"", ""none"", ""none""]",0.2727272727272727,0.3333333333333333,False,False
discovery:n12:seed101:shuffled:t4:moveable:k2,post_branch,step,6,90,"[1, 4, 5, 7, 8, 0, 10, 2, 3, 6, 11, 9]","[""moveable"", ""none"", ""none"", ""none"", ""none"", ""moveable"", ""none"", ""none"", ""none"", ""none"", ""none"", ""none""]",0.2727272727272727,0.30303030303030304,False,False
discovery:n12:seed101:shuffled:t4:moveable:k2,post_branch,step,7,102,"[1, 4, 5, 7, 8, 0, 2, 10, 3, 6, 9, 11]","[""moveable"", ""none"", ""none"", ""none"", ""none"", ""moveable"", ""none"", ""none"", ""none"", ""none"", ""none"", ""none""]",0.18181818181818182,0.2727272727272727,False,False
discovery:n12:seed101:shuffled:t4:moveable:k2,post_branch,step,8,112,"[1, 4, 5, 7, 8, 0, 2, 10, 3, 6, 9, 11]","[""moveable"", ""none"", ""none"", ""none"", ""none"", ""moveable"", ""none"", ""none"", ""none"", ""none"", ""none"", ""none""]",0.18181818181818182,0.2727272727272727,False,False
discovery:n12:seed101:shuffled:t4:moveable:k2,post_branch,step,9,121,"[1, 4, 5, 7, 8, 0, 2, 10, 3, 6, 9, 11]","[""moveable"", ""none"", ""none"", ""none"", ""none"", ""moveable"", ""none"", ""none"", ""none"", ""none"", ""none"", ""none""]",0.18181818181818182,0.2727272727272727,False,False
discovery:n12:seed101:shuffled:t4:moveable:k2,post_branch,step,10,134,"[1, 4, 5, 7, 0, 8, 2, 3, 6, 10, 9, 11]","[""moveable"", ""none"", ""none"", ""none"", ""moveable"", ""none"", ""none"", ""none"", ""none"", ""none"", ""none"", ""none""]",0.2727272727272727,0.22727272727272727,False,False
discovery:n12:seed101:shuffled:t4:moveable:k2,post_branch,step,11,146,"[1, 4, 5, 7, 0, 2, 3, 8, 6, 9, 10, 11]","[""moveable"", ""none"", ""none"", ""none"", ""moveable"", ""none"", ""none"", ""none"", ""none"", ""none"", ""none"", ""none""]",0.18181818181818182,0.18181818181818182,False,False
discovery:n12:seed101:shuffled:t4:moveable:k2,post_branch,step,12,158,"[1, 4, 5, 0, 7, 2, 3, 6, 8, 9, 10, 11]","[""moveable"", ""none"", ""none"", ""moveable"", ""none"", ""none"", ""none"", ""none"", ""none"", ""none"", ""none"", ""none""]",0.18181818181818182,0.15151515151515152,False,False
discovery:n12:seed101:shuffled:t4:moveable:k2,post_branch,step,13,167,"[1, 4, 5, 0, 7, 2, 3, 6, 8, 9, 10, 11]","[""moveable"", ""none"", ""none"", ""moveable"", ""none"", ""none"", ""none"", ""none"", ""none"", ""none"", ""none"", ""none""]",0.18181818181818182,0.15151515151515152,False,False
discovery:n12:seed101:shuffled:t4:moveable:k2,post_branch,step,14,180,"[1, 0, 4, 5, 2, 7, 3, 6, 8, 9, 10, 11]","[""moveable"", ""moveable"", ""none"", ""none"", ""none"", ""none"", ""none"", ""none"", ""none"", ""none"", ""none"", ""none""]",0.2727272727272727,0.10606060606060606,False,False
discovery:n12:seed101:shuffled:t4:moveable:k2,post_branch,step,15,192,"[1, 0, 4, 2, 5, 3, 7, 6, 8, 9, 10, 11]","[""moveable"", ""moveable"", ""none"", ""none"", ""none"", ""none"", ""none"", ""none"", ""none"", ""none"", ""none"", ""none""]",0.36363636363636365,0.07575757575757576,False,False
discovery:n12:seed101:shuffled:t4:moveable:k2,post_branch,step,16,203,"[1, 0, 4, 2, 3, 5, 6, 7, 8, 9, 10, 11]","[""moveable"", ""moveable"", ""none"", ""none"", ""none"", ""none"", ""none"", ""none"", ""none"", ""none"", ""none"", ""none""]",0.18181818181818182,0.045454545454545456,False,False
discovery:n12:seed101:shuffled:t4:moveable:k2,post_branch,step,17,213,"[1, 0, 2, 4, 3, 5, 6, 7, 8, 9, 10, 11]","[""moveable"", ""moveable"", ""none"", ""none"", ""none"", ""none"", ""none"", ""none"", ""none"", ""none"", ""none"", ""none""]",0.18181818181818182,0.030303030303030304,False,False
discovery:n12:seed101:shuffled:t4:moveable:k2,post_branch,step,18,222,"[1, 0, 2, 4, 3, 5, 6, 7, 8, 9, 10, 11]","[""moveable"", ""moveable"", ""none"", ""none"", ""none"", ""none"", ""none"", ""none"", ""none"", ""none"", ""none"", ""none""]",0.18181818181818182,0.030303030303030304,False,False
discovery:n12:seed101:shuffled:t4:moveable:k2,post_branch,step,19,233,"[1, 0, 2, 3, 4, 5, 6, 7, 8, 9, 10, 11]","[""moveable"", ""moveable"", ""none"", ""none"", ""none"", ""none"", ""none"", ""none"", ""none"", ""none"", ""none"", ""none""]",0.09090909090909091,0.015151515151515152,False,True
discovery:n12:seed101:shuffled:t4:moveable:k3,pre_branch,setup,0,0,"[1, 11, 10, 8, 7, 4, 5, 9, 3, 2, 0, 6]","[""none"", ""none"", ""none"", ""none"", ""none"", ""none"", ""none"", ""none"", ""none"", ""none"", ""none"", ""none""]",0.6363636363636364,0.696969696969697,False,False
discovery:n12:seed101:shuffled:t4:moveable:k3,pre_branch,step,1,18,"[1, 8, 10, 4, 11, 7, 5, 3, 9, 0, 2, 6]","[""none"", ""none"", ""none"", ""none"", ""none"", ""none"", ""none"", ""none"", ""none"", ""none"", ""none"", ""none""]",0.45454545454545453,0.5909090909090909,False,False
discovery:n12:seed101:shuffled:t4:moveable:k3,pre_branch,step,2,32,"[1, 8, 4, 10, 7, 5, 11, 3, 9, 0, 2, 6]","[""none"", ""none"", ""none"", ""none"", ""none"", ""none"", ""none"", ""none"", ""none"", ""none"", ""none"", ""none""]",0.45454545454545453,0.5454545454545454,False,False
discovery:n12:seed101:shuffled:t4:moveable:k3,pre_branch,step,3,49,"[1, 4, 8, 10, 5, 7, 11, 3, 0, 2, 6, 9]","[""none"", ""none"", ""none"", ""none"", ""none"", ""none"", ""none"", ""none"", ""none"", ""none"", ""none"", ""none""]",0.2727272727272727,0.4696969696969697,False,False
discovery:n12:seed101:shuffled:t4:moveable:k3,pre_branch,step,4,66,"[1, 4, 5, 8, 7, 10, 0, 11, 2, 3, 6, 9]","[""none"", ""none"", ""none"", ""none"", ""none"", ""none"", ""none"", ""none"", ""none"", ""none"", ""none"", ""none""]",0.2727272727272727,0.3787878787878788,False,False
discovery:n12:seed101:shuffled:t4:moveable:k3,post_branch,freeze-moveable,4,66,"[1, 4, 5, 8, 7, 10, 0, 11, 2, 3, 6, 9]","[""none"", ""none"", ""none"", ""none"", ""moveable"", ""none"", ""none"", ""none"", ""none"", ""moveable"", ""moveable"", ""none""]",0.2727272727272727,0.3787878787878788,False,False
discovery:n12:seed101:shuffled:t4:moveable:k3,post_branch,step,5,78,"[1, 4, 5, 7, 8, 0, 10, 2, 11, 3, 6, 9]","[""none"", ""none"", ""none"", ""moveable"", ""none"", ""none"", ""none"", ""none"", ""none"", ""moveable"", ""moveable"", ""none""]",0.2727272727272727,0.3333333333333333,False,False
discovery:n12:seed101:shuffled:t4:moveable:k3,post_branch,step,6,89,"[1, 4, 5, 7, 0, 8, 10, 2, 3, 11, 6, 9]","[""none"", ""none"", ""none"", ""moveable"", ""none"", ""none"", ""none"", ""none"", ""moveable"", ""none"", ""moveable"", ""none""]",0.2727272727272727,0.30303030303030304,False,False
discovery:n12:seed101:shuffled:t4:moveable:k3,post_branch,step,7,99,"[1, 4, 5, 7, 0, 2, 8, 10, 3, 6, 11, 9]","[""none"", ""none"", ""none"", ""moveable"", ""none"", ""none"", ""none"", ""none"", ""moveable"", ""moveable"", ""none"", ""none""]",0.2727272727272727,0.25757575757575757,False,False
discovery:n12:seed101:shuffled:t4:moveable:k3,post_branch,step,8,111,"[1, 0, 4, 5, 7, 2, 3, 8, 10, 6, 11, 9]","[""none"", ""none"", ""none"", ""none"", ""moveable"", ""none"", ""moveable"", ""none"", ""none"", ""moveable"", ""none"", ""none""]",0.36363636363636365,0.18181818181818182,False,False
discovery:n12:seed101:shuffled:t4:moveable:k3,post_branch,step,9,123,"[0, 1, 4, 5, 2, 7, 3, 8, 10, 6, 9, 11]","[""none"", ""none"", ""none"", ""none"", ""none"", ""moveable"", ""moveable"", ""none"", ""none"", ""moveable"", ""none"", ""none""]",0.2727272727272727,0.13636363636363635,False,False
discovery:n12:seed101:shuffled:t4:moveable:k3,post_branch,step,10,131,"[0, 1, 4, 2, 5, 7, 3, 8, 10, 6, 9, 11]","[""none"", ""none"", ""none"", ""none"", ""none"", ""moveable"", ""moveable"", ""none"", ""none"", ""moveable"", ""none"", ""none""]",0.2727272727272727,0.12121212121212122,False,False
discovery:n12:seed101:shuffled:t4:moveable:k3,post_branch,step,11,141,"[0, 1, 2, 4, 5, 7, 3, 8, 6, 10, 9, 11]","[""none"", ""none"", ""none"", ""none"", ""none"", ""moveable"", ""moveable"", ""none"", ""moveable"", ""none"", ""none"", ""none""]",0.2727272727272727,0.09090909090909091,False,False
discovery:n12:seed101:shuffled:t4:moveable:k3,post_branch,step,12,150,"[0, 1, 2, 4, 5, 7, 3, 8, 6, 10, 9, 11]","[""none"", ""none"", ""none"", ""none"", ""none"", ""moveable"", ""moveable"", ""none"", ""moveable"", ""none"", ""none"", ""none""]",0.2727272727272727,0.09090909090909091,False,False
discovery:n12:seed101:shuffled:t4:moveable:k3,post_branch,step,13,159,"[0, 1, 2, 4, 5, 7, 3, 8, 6, 9, 10, 11]","[""none"", ""none"", ""none"", ""none"", ""none"", ""moveable"", ""moveable"", ""none"", ""moveable"", ""none"", ""none"", ""none""]",0.18181818181818182,0.07575757575757576,False,False
discovery:n12:seed101:shuffled:t4:moveable:k3,post_branch,step,14,168,"[0, 1, 2, 4, 5, 7, 3, 6, 8, 9, 10, 11]","[""none"", ""none"", ""none"", ""none"", ""none"", ""moveable"", ""moveable"", ""moveable"", ""none"", ""none"", ""none"", ""none""]",0.09090909090909091,0.06060606060606061,False,True
discovery:n12:seed101:shuffled:t4:immovable:k1,pre_branch,setup,0,0,"[1, 11, 10, 8, 7, 4, 5, 9, 3, 2, 0, 6]","[""none"", ""none"", ""none"", ""none"", ""none"", ""none"", ""none"", ""none"", ""none"", ""none"", ""none"", ""none""]",0.6363636363636364,0.696969696969697,False,False
discovery:n12:seed101:shuffled:t4:immovable:k1,pre_branch,step,1,18,"[1, 8, 10, 4, 11, 7, 5, 3, 9, 0, 2, 6]","[""none"", ""none"", ""none"", ""none"", ""none"", ""none"", ""none"", ""none"", ""none"", ""none"", ""none"", ""none""]",0.45454545454545453,0.5909090909090909,False,False
discovery:n12:seed101:shuffled:t4:immovable:k1,pre_branch,step,2,32,"[1, 8, 4, 10, 7, 5, 11, 3, 9, 0, 2, 6]","[""none"", ""none"", ""none"", ""none"", ""none"", ""none"", ""none"", ""none"", ""none"", ""none"", ""none"", ""none""]",0.45454545454545453,0.5454545454545454,False,False
discovery:n12:seed101:shuffled:t4:immovable:k1,pre_branch,step,3,49,"[1, 4, 8, 10, 5, 7, 11, 3, 0, 2, 6, 9]","[""none"", ""none"", ""none"", ""none"", ""none"", ""none"", ""none"", ""none"", ""none"", ""none"", ""none"", ""none""]",0.2727272727272727,0.4696969696969697,False,False
discovery:n12:seed101:shuffled:t4:immovable:k1,pre_branch,step,4,66,"[1, 4, 5, 8, 7, 10, 0, 11, 2, 3, 6, 9]","[""none"", ""none"", ""none"", ""none"", ""none"", ""none"", ""none"", ""none"", ""none"", ""none"", ""none"", ""none""]",0.2727272727272727,0.3787878787878788,False,False
discovery:n12:seed101:shuffled:t4:immovable:k1,post_branch,freeze-immovable,4,66,"[1, 4, 5, 8, 7, 10, 0, 11, 2, 3, 6, 9]","[""none"", ""none"", ""none"", ""none"", ""none"", ""none"", ""none"", ""none"", ""none"", ""none"", ""none"", ""immovable""]",0.2727272727272727,0.3787878787878788,False,False
discovery:n12:seed101:shuffled:t4:immovable:k1,post_branch,step,5,79,"[1, 4, 5, 8, 7, 0, 10, 2, 3, 11, 6, 9]","[""none"", ""none"", ""none"", ""none"", ""none"", ""none"", ""none"", ""none"", ""none"", ""none"", ""none"", ""immovable""]",0.36363636363636365,0.3333333333333333,False,False
discovery:n12:seed101:shuffled:t4:immovable:k1,post_branch,step,6,93,"[1, 4, 5, 7, 8, 0, 2, 10, 3, 6, 11, 9]","[""none"", ""none"", ""none"", ""none"", ""none"", ""none"", ""none"", ""none"", ""none"", ""none"", ""none"", ""immovable""]",0.2727272727272727,0.2878787878787879,False,False
discovery:n12:seed101:shuffled:t4:immovable:k1,post_branch,step,7,109,"[1, 0, 4, 5, 7, 8, 2, 3, 10, 6, 11, 9]","[""none"", ""none"", ""none"", ""none"", ""none"", ""none"", ""none"", ""none"", ""none"", ""none"", ""none"", ""immovable""]",0.36363636363636365,0.21212121212121213,False,False
discovery:n12:seed101:shuffled:t4:immovable:k1,post_branch,step,8,122,"[0, 1, 4, 5, 7, 2, 8, 3, 6, 10, 11, 9]","[""none"", ""none"", ""none"", ""none"", ""none"", ""none"", ""none"", ""none"", ""none"", ""none"", ""none"", ""immovable""]",0.2727272727272727,0.16666666666666666,False,False
discovery:n12:seed101:shuffled:t4:immovable:k1,post_branch,step,9,134,"[0, 1, 4, 5, 7, 2, 3, 6, 8, 10, 11, 9]","[""none"", ""none"", ""none"", ""none"", ""none"", ""none"", ""none"", ""none"", ""none"", ""none"", ""none"", ""immovable""]",0.18181818181818182,0.13636363636363635,False,False
discovery:n12:seed101:shuffled:t4:immovable:k1,post_branch,step,10,148,"[0, 1, 4, 5, 2, 3, 6, 7, 8, 10, 11, 9]","[""none"", ""none"", ""none"", ""none"", ""none"", ""none"", ""none"", ""none"", ""none"", ""none"", ""none"", ""immovable""]",0.18181818181818182,0.09090909090909091,False,False
discovery:n12:seed101:shuffled:t4:immovable:k1,post_branch,step,11,159,"[0, 1, 4, 2, 5, 3, 6, 7, 8, 10, 11, 9]","[""none"", ""none"", ""none"", ""none"", ""none"", ""none"", ""none"", ""none"", ""none"", ""none"", ""none"", ""immovable""]",0.2727272727272727,0.07575757575757576,False,False
discovery:n12:seed101:shuffled:t4:immovable:k1,post_branch,step,12,171,"[0, 1, 2, 4, 5, 3, 6, 7, 8, 10, 11, 9]","[""none"", ""none"", ""none"", ""none"", ""none"", ""none"", ""none"", ""none"", ""none"", ""none"", ""none"", ""immovable""]",0.18181818181818182,0.06060606060606061,False,False
discovery:n12:seed101:shuffled:t4:immovable:k1,post_branch,step,13,181,"[0, 1, 2, 4, 5, 3, 6, 7, 8, 10, 11, 9]","[""none"", ""none"", ""none"", ""none"", ""none"", ""none"", ""none"", ""none"", ""none"", ""none"", ""none"", ""immovable""]",0.18181818181818182,0.06060606060606061,False,False
discovery:n12:seed101:shuffled:t4:immovable:k1,post_branch,step,14,192,"[0, 1, 2, 4, 5, 3, 6, 7, 8, 10, 11, 9]","[""none"", ""none"", ""none"", ""none"", ""none"", ""none"", ""none"", ""none"", ""none"", ""none"", ""none"", ""immovable""]",0.18181818181818182,0.06060606060606061,False,False
discovery:n12:seed101:shuffled:t4:immovable:k1,post_branch,step,15,205,"[0, 1, 2, 3, 4, 5, 6, 7, 8, 10, 11, 9]","[""none"", ""none"", ""none"", ""none"", ""none"", ""none"", ""none"", ""none"", ""none"", ""none"", ""none"", ""immovable""]",0.09090909090909091,0.030303030303030304,False,True
discovery:n12:seed101:shuffled:t4:immovable:k2,pre_branch,setup,0,0,"[1, 11, 10, 8, 7, 4, 5, 9, 3, 2, 0, 6]","[""none"", ""none"", ""none"", ""none"", ""none"", ""none"", ""none"", ""none"", ""none"", ""none"", ""none"", ""none""]",0.6363636363636364,0.696969696969697,False,False
discovery:n12:seed101:shuffled:t4:immovable:k2,pre_branch,step,1,18,"[1, 8, 10, 4, 11, 7, 5, 3, 9, 0, 2, 6]","[""none"", ""none"", ""none"", ""none"", ""none"", ""none"", ""none"", ""none"", ""none"", ""none"", ""none"", ""none""]",0.45454545454545453,0.5909090909090909,False,False
discovery:n12:seed101:shuffled:t4:immovable:k2,pre_branch,step,2,32,"[1, 8, 4, 10, 7, 5, 11, 3, 9, 0, 2, 6]","[""none"", ""none"", ""none"", ""none"", ""none"", ""none"", ""none"", ""none"", ""none"", ""none"", ""none"", ""none""]",0.45454545454545453,0.5454545454545454,False,False
discovery:n12:seed101:shuffled:t4:immovable:k2,pre_branch,step,3,49,"[1, 4, 8, 10, 5, 7, 11, 3, 0, 2, 6, 9]","[""none"", ""none"", ""none"", ""none"", ""none"", ""none"", ""none"", ""none"", ""none"", ""none"", ""none"", ""none""]",0.2727272727272727,0.4696969696969697,False,False
discovery:n12:seed101:shuffled:t4:immovable:k2,pre_branch,step,4,66,"[1, 4, 5, 8, 7, 10, 0, 11, 2, 3, 6, 9]","[""none"", ""none"", ""none"", ""none"", ""none"", ""none"", ""none"", ""none"", ""none"", ""none"", ""none"", ""none""]",0.2727272727272727,0.3787878787878788,False,False
discovery:n12:seed101:shuffled:t4:immovable:k2,post_branch,freeze-immovable,4,66,"[1, 4, 5, 8, 7, 10, 0, 11, 2, 3, 6, 9]","[""immovable"", ""none"", ""none"", ""none"", ""none"", ""none"", ""immovable"", ""none"", ""none"", ""none"", ""none"", ""none""]",0.2727272727272727,0.3787878787878788,False,False
discovery:n12:seed101:shuffled:t4:immovable:k2,post_branch,step,5,78,"[1, 4, 5, 7, 8, 10, 0, 2, 11, 3, 6, 9]","[""immovable"", ""none"", ""none"", ""none"", ""none"", ""none"", ""immovable"", ""none"", ""none"", ""none"", ""none"", ""none""]",0.18181818181818182,0.3484848484848485,False,False
discovery:n12:seed101:shuffled:t4:immovable:k2,post_branch,step,6,89,"[1, 4, 5, 7, 8, 10, 0, 2, 3, 6, 11, 9]","[""immovable"", ""none"", ""none"", ""none"", ""none"", ""none"", ""immovable"", ""none"", ""none"", ""none"", ""none"", ""none""]",0.18181818181818182,0.3181818181818182,False,False
discovery:n12:seed101:shuffled:t4:immovable:k2,post_branch,step,7,100,"[1, 4, 5, 7, 8, 10, 0, 2, 3, 6, 9, 11]","[""immovable"", ""none"", ""none"", ""none"", ""none"", ""none"", ""immovable"", ""none"", ""none"", ""none"", ""none"", ""none""]",0.09090909090909091,0.30303030303030304,False,True
discovery:n12:seed101:shuffled:t4:immovable:k3,pre_branch,setup,0,0,"[1, 11, 10, 8, 7, 4, 5, 9, 3, 2, 0, 6]","[""none"", ""none"", ""none"", ""none"", ""none"", ""none"", ""none"", ""none"", ""none"", ""none"", ""none"", ""none""]",0.6363636363636364,0.696969696969697,False,False
discovery:n12:seed101:shuffled:t4:immovable:k3,pre_branch,step,1,18,"[1, 8, 10, 4, 11, 7, 5, 3, 9, 0, 2, 6]","[""none"", ""none"", ""none"", ""none"", ""none"", ""none"", ""none"", ""none"", ""none"", ""none"", ""none"", ""none""]",0.45454545454545453,0.5909090909090909,False,False
discovery:n12:seed101:shuffled:t4:immovable:k3,pre_branch,step,2,32,"[1, 8, 4, 10, 7, 5, 11, 3, 9, 0, 2, 6]","[""none"", ""none"", ""none"", ""none"", ""none"", ""none"", ""none"", ""none"", ""none"", ""none"", ""none"", ""none""]",0.45454545454545453,0.5454545454545454,False,False
discovery:n12:seed101:shuffled:t4:immovable:k3,pre_branch,step,3,49,"[1, 4, 8, 10, 5, 7, 11, 3, 0, 2, 6, 9]","[""none"", ""none"", ""none"", ""none"", ""none"", ""none"", ""none"", ""none"", ""none"", ""none"", ""none"", ""none""]",0.2727272727272727,0.4696969696969697,False,False
discovery:n12:seed101:shuffled:t4:immovable:k3,pre_branch,step,4,66,"[1, 4, 5, 8, 7, 10, 0, 11, 2, 3, 6, 9]","[""none"", ""none"", ""none"", ""none"", ""none"", ""none"", ""none"", ""none"", ""none"", ""none"", ""none"", ""none""]",0.2727272727272727,0.3787878787878788,False,False
discovery:n12:seed101:shuffled:t4:immovable:k3,post_branch,freeze-immovable,4,66,"[1, 4, 5, 8, 7, 10, 0, 11, 2, 3, 6, 9]","[""none"", ""none"", ""none"", ""none"", ""immovable"", ""none"", ""none"", ""none"", ""none"", ""immovable"", ""immovable"", ""none""]",0.2727272727272727,0.3787878787878788,False,False
discovery:n12:seed101:shuffled:t4:immovable:k3,post_branch,step,5,77,"[1, 4, 5, 8, 7, 0, 10, 2, 11, 3, 6, 9]","[""none"", ""none"", ""none"", ""none"", ""immovable"", ""none"", ""none"", ""none"", ""none"", ""immovable"", ""immovable"", ""none""]",0.36363636363636365,0.3484848484848485,False,False
discovery:n12:seed101:shuffled:t4:immovable:k3,post_branch,step,6,86,"[1, 4, 5, 8, 7, 0, 10, 2, 11, 3, 6, 9]","[""none"", ""none"", ""none"", ""none"", ""immovable"", ""none"", ""none"", ""none"", ""none"", ""immovable"", ""immovable"", ""none""]",0.36363636363636365,0.3484848484848485,False,False
discovery:n12:seed101:shuffled:t4:immovable:k3,post_branch,step,7,94,"[1, 4, 5, 8, 7, 0, 2, 10, 11, 3, 6, 9]","[""none"", ""none"", ""none"", ""none"", ""immovable"", ""none"", ""none"", ""none"", ""none"", ""immovable"", ""immovable"", ""none""]",0.2727272727272727,0.3333333333333333,False,True
discovery:n12:seed102:index:t0:moveable:k1,pre_branch,setup,0,0,"[10, 6, 7, 8, 5, 2, 3, 9, 11, 1, 4, 0]","[""none"", ""none"", ""none"", ""none"", ""none"", ""none"", ""none"", ""none"", ""none"", ""none"", ""none"", ""none""]",0.45454545454545453,0.6818181818181818,False,False
discovery:n12:seed102:index:t0:moveable:k1,post_branch,freeze-moveable,0,0,"[10, 6, 7, 8, 5, 2, 3, 9, 11, 1, 4, 0]","[""none"", ""none"", ""none"", ""none"", ""none"", ""none"", ""none"", ""moveable"", ""none"", ""none"", ""none"", ""none""]",0.45454545454545453,0.6818181818181818,False,False
discovery:n12:seed102:index:t0:moveable:k1,post_branch,step,1,13,"[6, 10, 7, 5, 8, 2, 3, 9, 11, 1, 0, 4]","[""none"", ""none"", ""none"", ""none"", ""none"", ""none"", ""none"", ""moveable"", ""none"", ""none"", ""none"", ""none""]",0.45454545454545453,0.6363636363636364,False,False
discovery:n12:seed102:index:t0:moveable:k1,post_branch,step,2,27,"[6, 7, 10, 5, 2, 3, 8, 9, 1, 11, 0, 4]","[""none"", ""none"", ""none"", ""none"", ""none"", ""none"", ""none"", ""moveable"", ""none"", ""none"", ""none"", ""none""]",0.36363636363636365,0.5757575757575758,False,False
discovery:n12:seed102:index:t0:moveable:k1,post_branch,step,3,45,"[6, 5, 7, 2, 3, 10, 8, 9, 0, 1, 4, 11]","[""none"", ""none"", ""none"", ""none"", ""none"", ""none"", ""none"", ""moveable"", ""none"", ""none"", ""none"", ""none""]",0.36363636363636365,0.4696969696969697,False,False
discovery:n12:seed102:index:t0:moveable:k1,post_branch,step,4,58,"[6, 2, 5, 7, 3, 8, 10, 0, 9, 1, 4, 11]","[""none"", ""none"", ""none"", ""none"", ""none"", ""none"", ""none"", ""none"", ""moveable"", ""none"", ""none"", ""none""]",0.36363636363636365,0.4090909090909091,False,False
discovery:n12:seed102:index:t0:moveable:k1,post_branch,step,5,73,"[2, 5, 6, 7, 3, 0, 8, 10, 1, 4, 9, 11]","[""none"", ""none"", ""none"", ""none"", ""none"", ""none"", ""none"", ""none"", ""none"", ""none"", ""moveable"", ""none""]",0.2727272727272727,0.3181818181818182,False,False
discovery:n12:seed102:index:t0:moveable:k1,post_branch,step,6,87,"[2, 5, 6, 3, 0, 7, 1, 8, 4, 10, 9, 11]","[""none"", ""none"", ""none"", ""none"", ""none"", ""none"", ""none"", ""none"", ""none"", ""none"", ""moveable"", ""none""]",0.45454545454545453,0.24242424242424243,False,False
discovery:n12:seed102:index:t0:moveable:k1,post_branch,step,7,100,"[2, 5, 6, 0, 3, 1, 7, 4, 8, 10, 9, 11]","[""none"", ""none"", ""none"", ""none"", ""none"", ""none"", ""none"", ""none"", ""none"", ""none"", ""moveable"", ""none""]",0.36363636363636365,0.19696969696969696,False,False
discovery:n12:seed102:index:t0:moveable:k1,post_branch,step,8,114,"[2, 5, 0, 6, 1, 3, 4, 7, 8, 9, 10, 11]","[""none"", ""none"", ""none"", ""none"", ""none"", ""none"", ""none"", ""none"", ""none"", ""moveable"", ""none"", ""none""]",0.18181818181818182,0.13636363636363635,False,False
discovery:n12:seed102:index:t0:moveable:k1,post_branch,step,9,126,"[2, 0, 5, 1, 3, 6, 4, 7, 8, 9, 10, 11]","[""none"", ""none"", ""none"", ""none"", ""none"", ""none"", ""none"", ""none"", ""none"", ""moveable"", ""none"", ""none""]",0.2727272727272727,0.09090909090909091,False,False
discovery:n12:seed102:index:t0:moveable:k1,post_branch,step,10,137,"[0, 2, 1, 5, 3, 6, 4, 7, 8, 9, 10, 11]","[""none"", ""none"", ""none"", ""none"", ""none"", ""none"", ""none"", ""none"", ""none"", ""moveable"", ""none"", ""none""]",0.2727272727272727,0.06060606060606061,False,False
discovery:n12:seed102:index:t0:moveable:k1,post_branch,step,11,151,"[0, 1, 2, 3, 5, 4, 6, 7, 8, 9, 10, 11]","[""none"", ""none"", ""none"", ""none"", ""none"", ""none"", ""none"", ""none"", ""none"", ""moveable"", ""none"", ""none""]",0.09090909090909091,0.015151515151515152,False,False
discovery:n12:seed102:index:t0:moveable:k1,post_branch,step,12,162,"[0, 1, 2, 3, 4, 5, 6, 7, 8, 9, 10, 11]","[""none"", ""none"", ""none"", ""none"", ""none"", ""none"", ""none"", ""none"", ""none"", ""moveable"", ""none"", ""none""]",0.0,0.0,True,True
discovery:n12:seed102:index:t0:moveable:k2,pre_branch,setup,0,0,"[10, 6, 7, 8, 5, 2, 3, 9, 11, 1, 4, 0]","[""none"", ""none"", ""none"", ""none"", ""none"", ""none"", ""none"", ""none"", ""none"", ""none"", ""none"", ""none""]",0.45454545454545453,0.6818181818181818,False,False
discovery:n12:seed102:index:t0:moveable:k2,post_branch,freeze-moveable,0,0,"[10, 6, 7, 8, 5, 2, 3, 9, 11, 1, 4, 0]","[""none"", ""none"", ""none"", ""none"", ""none"", ""none"", ""moveable"", ""none"", ""none"", ""none"", ""moveable"", ""none""]",0.45454545454545453,0.6818181818181818,False,False
discovery:n12:seed102:index:t0:moveable:k2,post_branch,step,1,12,"[6, 10, 7, 5, 8, 2, 3, 9, 11, 1, 0, 4]","[""none"", ""none"", ""none"", ""none"", ""none"", ""none"", ""moveable"", ""none"", ""none"", ""none"", ""none"", ""moveable""]",0.45454545454545453,0.6363636363636364,False,False
discovery:n12:seed102:index:t0:moveable:k2,post_branch,step,2,26,"[6, 7, 5, 10, 2, 8, 3, 9, 1, 0, 11, 4]","[""none"", ""none"", ""none"", ""none"", ""none"", ""none"", ""moveable"", ""none"", ""none"", ""none"", ""none"", ""moveable""]",0.5454545454545454,0.5606060606060606,False,False
discovery:n12:seed102:index:t0:moveable:k2,post_branch,step,3,38,"[6, 7, 5, 10, 2, 8, 3, 1, 9, 0, 4, 11]","[""none"", ""none"", ""none"", ""none"", ""none"", ""none"", ""moveable"", ""none"", ""none"", ""none"", ""moveable"", ""none""]",0.45454545454545453,0.5303030303030303,False,False
discovery:n12:seed102:index:t0:moveable:k2,post_branch,step,4,52,"[6, 5, 7, 10, 2, 3, 1, 8, 0, 9, 4, 11]","[""none"", ""none"", ""none"", ""none"", ""none"", ""moveable"", ""none"", ""none"", ""none"", ""none"", ""moveable"", ""none""]",0.45454545454545453,0.4696969696969697,False,False
discovery:n12:seed102:index:t0:moveable:k2,post_branch,step,5,66,"[6, 5, 2, 7, 10, 1, 3, 0, 8, 4, 9, 11]","[""none"", ""none"", ""none"", ""none"", ""none"", ""none"", ""moveable"", ""none"", ""none"", ""moveable"", ""none"", ""none""]",0.45454545454545453,0.3939393939393939,False,False
discovery:n12:seed102:index:t0:moveable:k2,post_branch,step,6,80,"[5, 2, 6, 1, 7, 10, 0, 3, 8, 4, 9, 11]","[""none"", ""none"", ""none"", ""none"", ""none"", ""none"", ""none"", ""moveable"", ""none"", ""moveable"", ""none"", ""none""]",0.36363636363636365,0.3181818181818182,False,False
discovery:n12:seed102:index:t0:moveable:k2,post_branch,step,7,92,"[2, 1, 5, 6, 7, 0, 10, 3, 8, 4, 9, 11]","[""none"", ""none"", ""none"", ""none"", ""none"", ""none"", ""none"", ""moveable"", ""none"", ""moveable"", ""none"", ""none""]",0.36363636363636365,0.25757575757575757,False,False
discovery:n12:seed102:index:t0:moveable:k2,post_branch,step,8,105,"[1, 2, 5, 0, 6, 7, 3, 10, 4, 8, 9, 11]","[""none"", ""none"", ""none"", ""none"", ""none"", ""none"", ""moveable"", ""none"", ""moveable"", ""none"", ""none"", ""none""]",0.2727272727272727,0.18181818181818182,False,False
discovery:n12:seed102:index:t0:moveable:k2,post_branch,step,9,117,"[1, 2, 0, 5, 6, 3, 7, 4, 10, 8, 9, 11]","[""none"", ""none"", ""none"", ""none"", ""none"", ""moveable"", ""none"", ""moveable"", ""none"", ""none"", ""none"", ""none""]",0.36363636363636365,0.13636363636363635,False,False
discovery:n12:seed102:index:t0:moveable:k2,post_branch,step,10,131,"[1, 0, 2, 5, 3, 6, 4, 7, 8, 10, 9, 11]","[""none"", ""none"", ""none"", ""none"", ""moveable"", ""none"", ""moveable"", ""none"", ""none"", ""none"", ""none"", ""none""]",0.36363636363636365,0.07575757575757576,False,False
discovery:n12:seed102:index:t0:moveable:k2,post_branch,step,11,141,"[1, 0, 2, 3, 5, 6, 4, 7, 8, 9, 10, 11]","[""none"", ""none"", ""none"", ""moveable"", ""none"", ""none"", ""moveable"", ""none"", ""none"", ""none"", ""none"", ""none""]",0.18181818181818182,0.045454545454545456,False,False
discovery:n12:seed102:index:t0:moveable:k2,post_branch,step,12,151,"[0, 1, 2, 3, 5, 6, 4, 7, 8, 9, 10, 11]","[""none"", ""none"", ""none"", ""moveable"", ""none"", ""none"", ""moveable"", ""none"", ""none"", ""none"", ""none"", ""none""]",0.09090909090909091,0.030303030303030304,False,False
discovery:n12:seed102:index:t0:moveable:k2,post_branch,step,13,159,"[0, 1, 2, 3, 5, 6, 4, 7, 8, 9, 10, 11]","[""none"", ""none"", ""none"", ""moveable"", ""none"", ""none"", ""moveable"", ""none"", ""none"", ""none"", ""none"", ""none""]",0.09090909090909091,0.030303030303030304,False,False
discovery:n12:seed102:index:t0:moveable:k2,post_branch,step,14,168,"[0, 1, 2, 3, 5, 4, 6, 7, 8, 9, 10, 11]","[""none"", ""none"", ""none"", ""moveable"", ""none"", ""moveable"", ""none"", ""none"", ""none"", ""none"", ""none"", ""none""]",0.09090909090909091,0.015151515151515152,False,False
discovery:n12:seed102:index:t0:moveable:k2,post_branch,step,15,178,"[0, 1, 2, 3, 5, 4, 6, 7, 8, 9, 10, 11]","[""none"", ""none"", ""none"", ""moveable"", ""none"", ""moveable"", ""none"", ""none"", ""none"", ""none"", ""none"", ""none""]",0.09090909090909091,0.015151515151515152,False,False
discovery:n12:seed102:index:t0:moveable:k2,post_branch,step,16,187,"[0, 1, 2, 3, 5, 4, 6, 7, 8, 9, 10, 11]","[""none"", ""none"", ""none"", ""moveable"", ""none"", ""moveable"", ""none"", ""none"", ""none"", ""none"", ""none"", ""none""]",0.09090909090909091,0.015151515151515152,False,False
discovery:n12:seed102:index:t0:moveable:k2,post_branch,step,17,195,"[0, 1, 2, 3, 5, 4, 6, 7, 8, 9, 10, 11]","[""none"", ""none"", ""none"", ""moveable"", ""none"", ""moveable"", ""none"", ""none"", ""none"", ""none"", ""none"", ""none""]",0.09090909090909091,0.015151515151515152,False,False
discovery:n12:seed102:index:t0:moveable:k2,post_branch,step,18,204,"[0, 1, 2, 3, 5, 4, 6, 7, 8, 9, 10, 11]","[""none"", ""none"", ""none"", ""moveable"", ""none"", ""moveable"", ""none"", ""none"", ""none"", ""none"", ""none"", ""none""]",0.09090909090909091,0.015151515151515152,False,False
discovery:n12:seed102:index:t0:moveable:k2,post_branch,step,19,214,"[0, 1, 2, 3, 5, 4, 6, 7, 8, 9, 10, 11]","[""none"", ""none"", ""none"", ""moveable"", ""none"", ""moveable"", ""none"", ""none"", ""none"", ""none"", ""none"", ""none""]",0.09090909090909091,0.015151515151515152,False,False
discovery:n12:seed102:index:t0:moveable:k2,post_branch,step,20,222,"[0, 1, 2, 3, 5, 4, 6, 7, 8, 9, 10, 11]","[""none"", ""none"", ""none"", ""moveable"", ""none"", ""moveable"", ""none"", ""none"", ""none"", ""none"", ""none"", ""none""]",0.09090909090909091,0.015151515151515152,False,False
discovery:n12:seed102:index:t0:moveable:k2,post_branch,step,21,232,"[0, 1, 2, 3, 4, 5, 6, 7, 8, 9, 10, 11]","[""none"", ""none"", ""none"", ""moveable"", ""moveable"", ""none"", ""none"", ""none"", ""none"", ""none"", ""none"", ""none""]",0.0,0.0,True,True
discovery:n12:seed102:index:t0:moveable:k3,pre_branch,setup,0,0,"[10, 6, 7, 8, 5, 2, 3, 9, 11, 1, 4, 0]","[""none"", ""none"", ""none"", ""none"", ""none"", ""none"", ""none"", ""none"", ""none"", ""none"", ""none"", ""none""]",0.45454545454545453,0.6818181818181818,False,False
discovery:n12:seed102:index:t0:moveable:k3,post_branch,freeze-moveable,0,0,"[10, 6, 7, 8, 5, 2, 3, 9, 11, 1, 4, 0]","[""moveable"", ""none"", ""none"", ""none"", ""none"", ""none"", ""none"", ""none"", ""none"", ""moveable"", ""moveable"", ""none""]",0.45454545454545453,0.6818181818181818,False,False
discovery:n12:seed102:index:t0:moveable:k3,post_branch,step,1,11,"[10, 6, 5, 7, 2, 8, 3, 9, 11, 1, 4, 0]","[""moveable"", ""none"", ""none"", ""none"", ""none"", ""none"", ""none"", ""none"", ""none"", ""moveable"", ""moveable"", ""none""]",0.5454545454545454,0.6363636363636364,False,False
discovery:n12:seed102:index:t0:moveable:k3,post_branch,step,2,27,"[6, 5, 7, 2, 8, 10, 3, 9, 1, 11, 0, 4]","[""none"", ""none"", ""none"", ""none"", ""none"", ""moveable"", ""none"", ""none"", ""moveable"", ""none"", ""none"", ""moveable""]",0.45454545454545453,0.5303030303030303,False,False
discovery:n12:seed102:index:t0:moveable:k3,post_branch,step,3,41,"[5, 2, 6, 7, 8, 3, 10, 1, 9, 0, 11, 4]","[""none"", ""none"", ""none"", ""none"", ""none"", ""none"", ""moveable"", ""moveable"", ""none"", ""none"", ""none"", ""moveable""]",0.45454545454545453,0.4393939393939394,False,False
discovery:n12:seed102:index:t0:moveable:k3,post_branch,step,4,51,"[5, 2, 6, 7, 3, 8, 10, 1, 9, 0, 4, 11]","[""none"", ""none"", ""none"", ""none"", ""none"", ""none"", ""moveable"", ""moveable"", ""none"", ""none"", ""moveable"", ""none""]",0.36363636363636365,0.4090909090909091,False,False
discovery:n12:seed102:index:t0:moveable:k3,post_branch,step,5,60,"[5, 2, 6, 3, 7, 8, 10, 1, 9, 0, 4, 11]","[""none"", ""none"", ""none"", ""none"", ""none"", ""none"", ""moveable"", ""moveable"", ""none"", ""none"", ""moveable"", ""none""]",0.36363636363636365,0.3939393939393939,False,False
discovery:n12:seed102:index:t0:moveable:k3,post_branch,step,6,70,"[2, 5, 6, 3, 7, 8, 10, 1, 0, 9, 4, 11]","[""none"", ""none"", ""none"", ""none"", ""none"", ""none"", ""moveable"", ""moveable"", ""none"", ""none"", ""moveable"", ""none""]",0.36363636363636365,0.36363636363636365,False,False
discovery:n12:seed102:index:t0:moveable:k3,post_branch,step,7,80,"[2, 5, 3, 6, 7, 8, 10, 0, 1, 9, 4, 11]","[""none"", ""none"", ""none"", ""none"", ""none"", ""none"", ""moveable"", ""none"", ""moveable"", ""none"", ""moveable"", ""none""]",0.2727272727272727,0.3333333333333333,False,False
discovery:n12:seed102:index:t0:moveable:k3,post_branch,step,8,89,"[2, 5, 3, 6, 7, 8, 10, 0, 1, 4, 9, 11]","[""none"", ""none"", ""none"", ""none"", ""none"", ""none"", ""moveable"", ""none"", ""moveable"", ""moveable"", ""none"", ""none""]",0.18181818181818182,0.3181818181818182,False,False
discovery:n12:seed102:index:t0:moveable:k3,post_branch,step,9,97,"[2, 3, 5, 6, 7, 8, 10, 0, 1, 4, 9, 11]","[""none"", ""none"", ""none"", ""none"", ""none"", ""none"", ""moveable"", ""none"", ""moveable"", ""moveable"", ""none"", ""none""]",0.09090909090909091,0.30303030303030304,False,False
discovery:n12:seed102:index:t0:moveable:k3,post_branch,step,10,105,"[2, 3, 5, 6, 7, 8, 10, 0, 1, 4, 9, 11]","[""none"", ""none"", ""none"", ""none"", ""none"", ""none"", ""moveable"", ""none"", ""moveable"", ""moveable"", ""none"", ""none""]",0.09090909090909091,0.30303030303030304,False,False
discovery:n12:seed102:index:t0:moveable:k3,post_branch,step,11,114,"[2, 3, 5, 6, 7, 8, 0, 10, 1, 4, 9, 11]","[""none"", ""none"", ""none"", ""none"", ""none"", ""none"", ""none"", ""moveable"", ""moveable"", ""moveable"", ""none"", ""none""]",0.18181818181818182,0.2878787878787879,False,False
discovery:n12:seed102:index:t0:moveable:k3,post_branch,step,12,122,"[2, 3, 5, 6, 7, 8, 0, 10, 1, 4, 9, 11]","[""none"", ""none"", ""none"", ""none"", ""none"", ""none"", ""none"", ""moveable"", ""moveable"", ""moveable"", ""none"", ""none""]",0.18181818181818182,0.2878787878787879,False,False
discovery:n12:seed102:index:t0:moveable:k3,post_branch,step,13,131,"[2, 3, 5, 6, 7, 0, 8, 10, 1, 4, 9, 11]","[""none"", ""none"", ""none"", ""none"", ""none"", ""none"", ""none"", ""moveable"", ""moveable"", ""moveable"", ""none"", ""none""]",0.18181818181818182,0.2727272727272727,False,False
discovery:n12:seed102:index:t0:moveable:k3,post_branch,step,14,140,"[2, 3, 5, 0, 6, 7, 8, 10, 1, 4, 9, 11]","[""none"", ""none"", ""none"", ""none"", ""none"", ""none"", ""none"", ""moveable"", ""moveable"", ""moveable"", ""none"", ""none""]",0.18181818181818182,0.24242424242424243,False,False
discovery:n12:seed102:index:t0:moveable:k3,post_branch,step,15,149,"[2, 3, 0, 5, 6, 7, 8, 10, 1, 4, 9, 11]","[""none"", ""none"", ""none"", ""none"", ""none"", ""none"", ""none"", ""moveable"", ""moveable"", ""moveable"", ""none"", ""none""]",0.18181818181818182,0.22727272727272727,False,False
discovery:n12:seed102:index:t0:moveable:k3,post_branch,step,16,158,"[2, 3, 0, 5, 6, 7, 8, 10, 1, 4, 9, 11]","[""none"", ""none"", ""none"", ""none"", ""none"", ""none"", ""none"", ""moveable"", ""moveable"", ""moveable"", ""none"", ""none""]",0.18181818181818182,0.22727272727272727,False,False
discovery:n12:seed102:index:t0:moveable:k3,post_branch,step,17,168,"[0, 2, 3, 5, 6, 7, 8, 10, 1, 4, 9, 11]","[""none"", ""none"", ""none"", ""none"", ""none"", ""none"", ""none"", ""moveable"", ""moveable"", ""moveable"", ""none"", ""none""]",0.09090909090909091,0.19696969696969696,False,True
discovery:n12:seed102:index:t0:immovable:k1,pre_branch,setup,0,0,"[10, 6, 7, 8, 5, 2, 3, 9, 11, 1, 4, 0]","[""none"", ""none"", ""none"", ""none"", ""none"", ""none"", ""none"", ""none"", ""none"", ""none"", ""none"", ""none""]",0.45454545454545453,0.6818181818181818,False,False
discovery:n12:seed102:index:t0:immovable:k1,post_branch,freeze-immovable,0,0,"[10, 6, 7, 8, 5, 2, 3, 9, 11, 1, 4, 0]","[""none"", ""none"", ""none"", ""none"", ""none"", ""none"", ""none"", ""immovable"", ""none"", ""none"", ""none"", ""none""]",0.45454545454545453,0.6818181818181818,False,False
discovery:n12:seed102:index:t0:immovable:k1,post_branch,step,1,13,"[6, 10, 7, 5, 8, 2, 3, 9, 11, 1, 0, 4]","[""none"", ""none"", ""none"", ""none"", ""none"", ""none"", ""none"", ""immovable"", ""none"", ""none"", ""none"", ""none""]",0.45454545454545453,0.6363636363636364,False,False
discovery:n12:seed102:index:t0:immovable:k1,post_branch,step,2,27,"[6, 7, 10, 5, 2, 3, 8, 9, 1, 11, 0, 4]","[""none"", ""none"", ""none"", ""none"", ""none"", ""none"", ""none"", ""immovable"", ""none"", ""none"", ""none"", ""none""]",0.36363636363636365,0.5757575757575758,False,False
discovery:n12:seed102:index:t0:immovable:k1,post_branch,step,3,45,"[6, 5, 7, 2, 3, 10, 8, 9, 0, 1, 4, 11]","[""none"", ""none"", ""none"", ""none"", ""none"", ""none"", ""none"", ""immovable"", ""none"", ""none"", ""none"", ""none""]",0.36363636363636365,0.4696969696969697,False,False
discovery:n12:seed102:index:t0:immovable:k1,post_branch,step,4,57,"[6, 2, 5, 7, 3, 8, 10, 9, 0, 1, 4, 11]","[""none"", ""none"", ""none"", ""none"", ""none"", ""none"", ""none"", ""immovable"", ""none"", ""none"", ""none"", ""none""]",0.36363636363636365,0.42424242424242425,False,False
discovery:n12:seed102:index:t0:immovable:k1,post_branch,step,5,68,"[2, 5, 6, 7, 3, 8, 10, 9, 0, 1, 4, 11]","[""none"", ""none"", ""none"", ""none"", ""none"", ""none"", ""none"", ""immovable"", ""none"", ""none"", ""none"", ""none""]",0.2727272727272727,0.3939393939393939,False,False
discovery:n12:seed102:index:t0:immovable:k1,post_branch,step,6,78,"[2, 5, 6, 3, 7, 8, 10, 9, 0, 1, 4, 11]","[""none"", ""none"", ""none"", ""none"", ""none"", ""none"", ""none"", ""immovable"", ""none"", ""none"", ""none"", ""none""]",0.2727272727272727,0.3787878787878788,False,False
discovery:n12:seed102:index:t0:immovable:k1,post_branch,step,7,88,"[2, 5, 6, 3, 7, 8, 10, 9, 0, 1, 4, 11]","[""none"", ""none"", ""none"", ""none"", ""none"", ""none"", ""none"", ""immovable"", ""none"", ""none"", ""none"", ""none""]",0.2727272727272727,0.3787878787878788,False,False
discovery:n12:seed102:index:t0:immovable:k1,post_branch,step,8,99,"[2, 5, 3, 6, 7, 8, 10, 9, 0, 1, 4, 11]","[""none"", ""none"", ""none"", ""none"", ""none"", ""none"", ""none"", ""immovable"", ""none"", ""none"", ""none"", ""none""]",0.2727272727272727,0.36363636363636365,False,False
discovery:n12:seed102:index:t0:immovable:k1,post_branch,step,9,109,"[2, 3, 5, 6, 7, 8, 10, 9, 0, 1, 4, 11]","[""none"", ""none"", ""none"", ""none"", ""none"", ""none"", ""none"", ""immovable"", ""none"", ""none"", ""none"", ""none""]",0.18181818181818182,0.3484848484848485,False,True
discovery:n12:seed102:index:t0:immovable:k2,pre_branch,setup,0,0,"[10, 6, 7, 8, 5, 2, 3, 9, 11, 1, 4, 0]","[""none"", ""none"", ""none"", ""none"", ""none"", ""none"", ""none"", ""none"", ""none"", ""none"", ""none"", ""none""]",0.45454545454545453,0.6818181818181818,False,False
discovery:n12:seed102:index:t0:immovable:k2,post_branch,freeze-immovable,0,0,"[10, 6, 7, 8, 5, 2, 3, 9, 11, 1, 4, 0]","[""none"", ""none"", ""none"", ""none"", ""none"", ""none"", ""immovable"", ""none"", ""none"", ""none"", ""immovable"", ""none""]",0.45454545454545453,0.6818181818181818,False,False
discovery:n12:seed102:index:t0:immovable:k2,post_branch,step,1,11,"[6, 10, 7, 5, 8, 2, 3, 9, 11, 1, 4, 0]","[""none"", ""none"", ""none"", ""none"", ""none"", ""none"", ""immovable"", ""none"", ""none"", ""none"", ""immovable"", ""none""]",0.45454545454545453,0.6515151515151515,False,False
discovery:n12:seed102:index:t0:immovable:k2,post_branch,step,2,24,"[6, 7, 5, 10, 2, 8, 3, 9, 1, 11, 4, 0]","[""none"", ""none"", ""none"", ""none"", ""none"", ""none"", ""immovable"", ""none"", ""none"", ""none"", ""immovable"", ""none""]",0.5454545454545454,0.5909090909090909,False,False
discovery:n12:seed102:index:t0:immovable:k2,post_branch,step,3,34,"[6, 7, 5, 10, 2, 8, 3, 1, 9, 11, 4, 0]","[""none"", ""none"", ""none"", ""none"", ""none"", ""none"", ""immovable"", ""none"", ""none"", ""none"", ""immovable"", ""none""]",0.5454545454545454,0.5757575757575758,False,False
discovery:n12:seed102:index:t0:immovable:k2,post_branch,step,4,45,"[6, 5, 7, 10, 2, 8, 3, 1, 9, 11, 4, 0]","[""none"", ""none"", ""none"", ""none"", ""none"", ""none"", ""immovable"", ""none"", ""none"", ""none"", ""immovable"", ""none""]",0.5454545454545454,0.5606060606060606,False,False
discovery:n12:seed102:index:t0:immovable:k2,post_branch,step,5,57,"[6, 5, 2, 7, 8, 10, 3, 1, 9, 11, 4, 0]","[""none"", ""none"", ""none"", ""none"", ""none"", ""none"", ""immovable"", ""none"", ""none"", ""none"", ""immovable"", ""none""]",0.5454545454545454,0.5151515151515151,False,False
discovery:n12:seed102:index:t0:immovable:k2,post_branch,step,6,68,"[5, 2, 6, 7, 8, 10, 3, 1, 9, 11, 4, 0]","[""none"", ""none"", ""none"", ""none"", ""none"", ""none"", ""immovable"", ""none"", ""none"", ""none"", ""immovable"", ""none""]",0.45454545454545453,0.48484848484848486,False,False
discovery:n12:seed102:index:t0:immovable:k2,post_branch,step,7,77,"[2, 5, 6, 7, 8, 10, 3, 1, 9, 11, 4, 0]","[""none"", ""none"", ""none"", ""none"", ""none"", ""none"", ""immovable"", ""none"", ""none"", ""none"", ""immovable"", ""none""]",0.36363636363636365,0.4696969696969697,False,True
discovery:n12:seed102:index:t0:immovable:k3,pre_branch,setup,0,0,"[10, 6, 7, 8, 5, 2, 3, 9, 11, 1, 4, 0]","[""none"", ""none"", ""none"", ""none"", ""none"", ""none"", ""none"", ""none"", ""none"", ""none"", ""none"", ""none""]",0.45454545454545453,0.6818181818181818,False,False
discovery:n12:seed102:index:t0:immovable:k3,post_branch,freeze-immovable,0,0,"[10, 6, 7, 8, 5, 2, 3, 9, 11, 1, 4, 0]","[""immovable"", ""none"", ""none"", ""none"", ""none"", ""none"", ""none"", ""none"", ""none"", ""immovable"", ""immovable"", ""none""]",0.45454545454545453,0.6818181818181818,False,False
discovery:n12:seed102:index:t0:immovable:k3,post_branch,step,1,11,"[10, 6, 5, 7, 2, 8, 3, 9, 11, 1, 4, 0]","[""immovable"", ""none"", ""none"", ""none"", ""none"", ""none"", ""none"", ""none"", ""none"", ""immovable"", ""immovable"", ""none""]",0.5454545454545454,0.6363636363636364,False,False
discovery:n12:seed102:index:t0:immovable:k3,post_branch,step,2,22,"[10, 5, 6, 2, 7, 8, 3, 9, 11, 1, 4, 0]","[""immovable"", ""none"", ""none"", ""none"", ""none"", ""none"", ""none"", ""none"", ""none"", ""immovable"", ""immovable"", ""none""]",0.45454545454545453,0.6060606060606061,False,False
discovery:n12:seed102:index:t0:immovable:k3,post_branch,step,3,33,"[10, 5, 6, 2, 3, 7, 8, 9, 11, 1, 4, 0]","[""immovable"", ""none"", ""none"", ""none"", ""none"", ""none"", ""none"", ""none"", ""none"", ""immovable"", ""immovable"", ""none""]",0.36363636363636365,0.5757575757575758,False,False
discovery:n12:seed102:index:t0:immovable:k3,post_branch,step,4,42,"[10, 5, 2, 6, 3, 7, 8, 9, 11, 1, 4, 0]","[""immovable"", ""none"", ""none"", ""none"", ""none"", ""none"", ""none"", ""none"", ""none"", ""immovable"", ""immovable"", ""none""]",0.45454545454545453,0.5606060606060606,False,False
discovery:n12:seed102:index:t0:immovable:k3,post_branch,step,5,52,"[10, 5, 2, 3, 6, 7, 8, 9, 11, 1, 4, 0]","[""immovable"", ""none"", ""none"", ""none"", ""none"", ""none"", ""none"", ""none"", ""none"", ""immovable"", ""immovable"", ""none""]",0.36363636363636365,0.5454545454545454,False,False
discovery:n12:seed102:index:t0:immovable:k3,post_branch,step,6,63,"[10, 2, 3, 5, 6, 7, 8, 9, 11, 1, 4, 0]","[""immovable"", ""none"", ""none"", ""none"", ""none"", ""none"", ""none"", ""none"", ""none"", ""immovable"", ""immovable"", ""none""]",0.2727272727272727,0.5151515151515151,False,True
discovery:n12:seed102:index:t4:moveable:k1,pre_branch,setup,0,0,"[10, 6, 7, 8, 5, 2, 3, 9, 11, 1, 4, 0]","[""none"", ""none"", ""none"", ""none"", ""none"", ""none"", ""none"", ""none"", ""none"", ""none"", ""none"", ""none""]",0.45454545454545453,0.6818181818181818,False,False
discovery:n12:seed102:index:t4:moveable:k1,pre_branch,step,1,17,"[6, 10, 7, 5, 8, 2, 3, 1, 9, 4, 0, 11]","[""none"", ""none"", ""none"", ""none"", ""none"", ""none"", ""none"", ""none"", ""none"", ""none"", ""none"", ""none""]",0.5454545454545454,0.5909090909090909,False,False
discovery:n12:seed102:index:t4:moveable:k1,pre_branch,step,2,35,"[6, 10, 5, 2, 7, 3, 1, 4, 8, 9, 0, 11]","[""none"", ""none"", ""none"", ""none"", ""none"", ""none"", ""none"", ""none"", ""none"", ""none"", ""none"", ""none""]",0.45454545454545453,0.48484848484848486,False,False
discovery:n12:seed102:index:t4:moveable:k1,pre_branch,step,3,49,"[6, 5, 2, 10, 3, 7, 1, 4, 8, 9, 0, 11]","[""none"", ""none"", ""none"", ""none"", ""none"", ""none"", ""none"", ""none"", ""none"", ""none"", ""none"", ""none""]",0.45454545454545453,0.4393939393939394,False,False
discovery:n12:seed102:index:t4:moveable:k1,pre_branch,step,4,65,"[6, 2, 5, 3, 1, 10, 7, 4, 8, 0, 9, 11]","[""none"", ""none"", ""none"", ""none"", ""none"", ""none"", ""none"", ""none"", ""none"", ""none"", ""none"", ""none""]",0.5454545454545454,0.36363636363636365,False,False
discovery:n12:seed102:index:t4:moveable:k1,post_branch,freeze-moveable,4,65,"[6, 2, 5, 3, 1, 10, 7, 4, 8, 0, 9, 11]","[""none"", ""none"", ""none"", ""moveable"", ""none"", ""none"", ""none"", ""none"", ""none"", ""none"", ""none"", ""none""]",0.5454545454545454,0.36363636363636365,False,False
discovery:n12:seed102:index:t4:moveable:k1,post_branch,step,5,80,"[2, 6, 3, 1, 5, 7, 10, 4, 0, 8, 9, 11]","[""none"", ""none"", ""moveable"", ""none"", ""none"", ""none"", ""none"", ""none"", ""none"", ""none"", ""none"", ""none""]",0.36363636363636365,0.2878787878787879,False,False
discovery:n12:seed102:index:t4:moveable:k1,post_branch,step,6,91,"[2, 6, 1, 3, 5, 7, 10, 0, 4, 8, 9, 11]","[""none"", ""none"", ""none"", ""moveable"", ""none"", ""none"", ""none"", ""none"", ""none"", ""none"", ""none"", ""none""]",0.18181818181818182,0.25757575757575757,False,False
discovery:n12:seed102:index:t4:moveable:k1,post_branch,step,7,102,"[2, 1, 6, 3, 5, 7, 10, 0, 4, 8, 9, 11]","[""none"", ""none"", ""none"", ""moveable"", ""none"", ""none"", ""none"", ""none"", ""none"", ""none"", ""none"", ""none""]",0.2727272727272727,0.24242424242424243,False,False
discovery:n12:seed102:index:t4:moveable:k1,post_branch,step,8,116,"[1, 2, 3, 6, 5, 7, 0, 4, 10, 8, 9, 11]","[""none"", ""none"", ""moveable"", ""none"", ""none"", ""none"", ""none"", ""none"", ""none"", ""none"", ""none"", ""none""]",0.2727272727272727,0.18181818181818182,False,False
discovery:n12:seed102:index:t4:moveable:k1,post_branch,step,9,129,"[1, 2, 3, 5, 6, 0, 7, 4, 8, 10, 9, 11]","[""none"", ""none"", ""moveable"", ""none"", ""none"", ""none"", ""none"", ""none"", ""none"", ""none"", ""none"", ""none""]",0.2727272727272727,0.13636363636363635,False,False
discovery:n12:seed102:index:t4:moveable:k1,post_branch,step,10,142,"[1, 2, 3, 5, 0, 6, 7, 4, 8, 9, 10, 11]","[""none"", ""none"", ""moveable"", ""none"", ""none"", ""none"", ""none"", ""none"", ""none"", ""none"", ""none"", ""none""]",0.18181818181818182,0.10606060606060606,False,False
discovery:n12:seed102:index:t4:moveable:k1,post_branch,step,11,155,"[1, 2, 3, 0, 5, 4, 6, 7, 8, 9, 10, 11]","[""none"", ""none"", ""moveable"", ""none"", ""none"", ""none"", ""none"", ""none"", ""none"", ""none"", ""none"", ""none""]",0.18181818181818182,0.06060606060606061,False,False
discovery:n12:seed102:index:t4:moveable:k1,post_branch,step,12,167,"[1, 2, 0, 3, 4, 5, 6, 7, 8, 9, 10, 11]","[""none"", ""none"", ""none"", ""moveable"", ""none"", ""none"", ""none"", ""none"", ""none"", ""none"", ""none"", ""none""]",0.09090909090909091,0.030303030303030304,False,False
discovery:n12:seed102:index:t4:moveable:k1,post_branch,step,13,178,"[1, 0, 2, 3, 4, 5, 6, 7, 8, 9, 10, 11]","[""none"", ""none"", ""none"", ""moveable"", ""none"", ""none"", ""none"", ""none"", ""none"", ""none"", ""none"", ""none""]",0.09090909090909091,0.015151515151515152,False,False
discovery:n12:seed102:index:t4:moveable:k1,post_branch,step,14,189,"[0, 1, 2, 3, 4, 5, 6, 7, 8, 9, 10, 11]","[""none"", ""none"", ""none"", ""moveable"", ""none"", ""none"", ""none"", ""none"", ""none"", ""none"", ""none"", ""none""]",0.0,0.0,True,True
discovery:n12:seed102:index:t4:moveable:k2,pre_branch,setup,0,0,"[10, 6, 7, 8, 5, 2, 3, 9, 11, 1, 4, 0]","[""none"", ""none"", ""none"", ""none"", ""none"", ""none"", ""none"", ""none"", ""none"", ""none"", ""none"", ""none""]",0.45454545454545453,0.6818181818181818,False,False
discovery:n12:seed102:index:t4:moveable:k2,pre_branch,step,1,17,"[6, 10, 7, 5, 8, 2, 3, 1, 9, 4, 0, 11]","[""none"", ""none"", ""none"", ""none"", ""none"", ""none"", ""none"", ""none"", ""none"", ""none"", ""none"", ""none""]",0.5454545454545454,0.5909090909090909,False,False
discovery:n12:seed102:index:t4:moveable:k2,pre_branch,step,2,35,"[6, 10, 5, 2, 7, 3, 1, 4, 8, 9, 0, 11]","[""none"", ""none"", ""none"", ""none"", ""none"", ""none"", ""none"", ""none"", ""none"", ""none"", ""none"", ""none""]",0.45454545454545453,0.48484848484848486,False,False
discovery:n12:seed102:index:t4:moveable:k2,pre_branch,step,3,49,"[6, 5, 2, 10, 3, 7, 1, 4, 8, 9, 0, 11]","[""none"", ""none"", ""none"", ""none"", ""none"", ""none"", ""none"", ""none"", ""none"", ""none"", ""none"", ""none""]",0.45454545454545453,0.4393939393939394,False,False
discovery:n12:seed102:index:t4:moveable:k2,pre_branch,step,4,65,"[6, 2, 5, 3, 1, 10, 7, 4, 8, 0, 9, 11]","[""none"", ""none"", ""none"", ""none"", ""none"", ""none"", ""none"", ""none"", ""none"", ""none"", ""none"", ""none""]",0.5454545454545454,0.36363636363636365,False,False
discovery:n12:seed102:index:t4:moveable:k2,post_branch,freeze-moveable,4,65,"[6, 2, 5, 3, 1, 10, 7, 4, 8, 0, 9, 11]","[""none"", ""none"", ""moveable"", ""none"", ""none"", ""moveable"", ""none"", ""none"", ""none"", ""none"", ""none"", ""none""]",0.5454545454545454,0.36363636363636365,False,False
discovery:n12:seed102:index:t4:moveable:k2,post_branch,step,5,81,"[2, 6, 1, 5, 3, 7, 4, 0, 10, 8, 9, 11]","[""none"", ""none"", ""none"", ""moveable"", ""none"", ""none"", ""none"", ""none"", ""moveable"", ""none"", ""none"", ""none""]",0.45454545454545453,0.25757575757575757,False,False
discovery:n12:seed102:index:t4:moveable:k2,post_branch,step,6,95,"[2, 1, 6, 3, 4, 5, 0, 7, 10, 8, 9, 11]","[""none"", ""none"", ""none"", ""none"", ""none"", ""moveable"", ""none"", ""none"", ""moveable"", ""none"", ""none"", ""none""]",0.36363636363636365,0.18181818181818182,False,False
discovery:n12:seed102:index:t4:moveable:k2,post_branch,step,7,106,"[2, 1, 3, 4, 6, 5, 0, 7, 8, 10, 9, 11]","[""none"", ""none"", ""none"", ""none"", ""none"", ""moveable"", ""none"", ""none"", ""none"", ""moveable"", ""none"", ""none""]",0.36363636363636365,0.13636363636363635,False,False
discovery:n12:seed102:index:t4:moveable:k2,post_branch,step,8,117,"[1, 2, 3, 4, 5, 6, 0, 7, 8, 10, 9, 11]","[""none"", ""none"", ""none"", ""none"", ""moveable"", ""none"", ""none"", ""none"", ""none"", ""moveable"", ""none"", ""none""]",0.18181818181818182,0.10606060606060606,False,False
discovery:n12:seed102:index:t4:moveable:k2,post_branch,step,9,129,"[1, 2, 3, 4, 0, 5, 6, 7, 8, 9, 10, 11]","[""none"", ""none"", ""none"", ""none"", ""none"", ""moveable"", ""none"", ""none"", ""none"", ""none"", ""moveable"", ""none""]",0.09090909090909091,0.06060606060606061,False,False
discovery:n12:seed102:index:t4:moveable:k2,post_branch,step,10,140,"[1, 2, 3, 0, 4, 5, 6, 7, 8, 9, 10, 11]","[""none"", ""none"", ""none"", ""none"", ""none"", ""moveable"", ""none"", ""none"", ""none"", ""none"", ""moveable"", ""none""]",0.09090909090909091,0.045454545454545456,False,False
discovery:n12:seed102:index:t4:moveable:k2,post_branch,step,11,150,"[1, 2, 0, 3, 4, 5, 6, 7, 8, 9, 10, 11]","[""none"", ""none"", ""none"", ""none"", ""none"", ""moveable"", ""none"", ""none"", ""none"", ""none"", ""moveable"", ""none""]",0.09090909090909091,0.030303030303030304,False,False
discovery:n12:seed102:index:t4:moveable:k2,post_branch,step,12,161,"[0, 1, 2, 3, 4, 5, 6, 7, 8, 9, 10, 11]","[""none"", ""none"", ""none"", ""none"", ""none"", ""moveable"", ""none"", ""none"", ""none"", ""none"", ""moveable"", ""none""]",0.0,0.0,True,True
discovery:n12:seed102:index:t4:moveable:k3,pre_branch,setup,0,0,"[10, 6, 7, 8, 5, 2, 3, 9, 11, 1, 4, 0]","[""none"", ""none"", ""none"", ""none"", ""none"", ""none"", ""none"", ""none"", ""none"", ""none"", ""none"", ""none""]",0.45454545454545453,0.6818181818181818,False,False
discovery:n12:seed102:index:t4:moveable:k3,pre_branch,step,1,17,"[6, 10, 7, 5, 8, 2, 3, 1, 9, 4, 0, 11]","[""none"", ""none"", ""none"", ""none"", ""none"", ""none"", ""none"", ""none"", ""none"", ""none"", ""none"", ""none""]",0.5454545454545454,0.5909090909090909,False,False
discovery:n12:seed102:index:t4:moveable:k3,pre_branch,step,2,35,"[6, 10, 5, 2, 7, 3, 1, 4, 8, 9, 0, 11]","[""none"", ""none"", ""none"", ""none"", ""none"", ""none"", ""none"", ""none"", ""none"", ""none"", ""none"", ""none""]",0.45454545454545453,0.48484848484848486,False,False
discovery:n12:seed102:index:t4:moveable:k3,pre_branch,step,3,49,"[6, 5, 2, 10, 3, 7, 1, 4, 8, 9, 0, 11]","[""none"", ""none"", ""none"", ""none"", ""none"", ""none"", ""none"", ""none"", ""none"", ""none"", ""none"", ""none""]",0.45454545454545453,0.4393939393939394,False,False
discovery:n12:seed102:index:t4:moveable:k3,pre_branch,step,4,65,"[6, 2, 5, 3, 1, 10, 7, 4, 8, 0, 9, 11]","[""none"", ""none"", ""none"", ""none"", ""none"", ""none"", ""none"", ""none"", ""none"", ""none"", ""none"", ""none""]",0.5454545454545454,0.36363636363636365,False,False
discovery:n12:seed102:index:t4:moveable:k3,post_branch,freeze-moveable,4,65,"[6, 2, 5, 3, 1, 10, 7, 4, 8, 0, 9, 11]","[""moveable"", ""moveable"", ""none"", ""none"", ""none"", ""none"", ""none"", ""none"", ""none"", ""none"", ""moveable"", ""none""]",0.5454545454545454,0.36363636363636365,False,False
discovery:n12:seed102:index:t4:moveable:k3,post_branch,step,5,79,"[6, 2, 3, 5, 1, 7, 4, 0, 10, 8, 9, 11]","[""moveable"", ""moveable"", ""none"", ""none"", ""none"", ""none"", ""none"", ""none"", ""none"", ""none"", ""moveable"", ""none""]",0.45454545454545453,0.2878787878787879,False,False
discovery:n12:seed102:index:t4:moveable:k3,post_branch,step,6,90,"[6, 2, 3, 1, 5, 4, 7, 0, 8, 10, 9, 11]","[""moveable"", ""moveable"", ""none"", ""none"", ""none"", ""none"", ""none"", ""none"", ""none"", ""none"", ""moveable"", ""none""]",0.45454545454545453,0.24242424242424243,False,False
discovery:n12:seed102:index:t4:moveable:k3,post_branch,step,7,103,"[6, 1, 2, 3, 5, 0, 4, 7, 8, 9, 10, 11]","[""moveable"", ""none"", ""moveable"", ""none"", ""none"", ""none"", ""none"", ""none"", ""none"", ""moveable"", ""none"", ""none""]",0.18181818181818182,0.16666666666666666,False,False
discovery:n12:seed102:index:t4:moveable:k3,post_branch,step,8,113,"[1, 6, 2, 3, 0, 5, 4, 7, 8, 9, 10, 11]","[""none"", ""moveable"", ""moveable"", ""none"", ""none"", ""none"", ""none"", ""none"", ""none"", ""moveable"", ""none"", ""none""]",0.2727272727272727,0.13636363636363635,False,False
discovery:n12:seed102:index:t4:moveable:k3,post_branch,step,9,123,"[1, 6, 2, 0, 3, 4, 5, 7, 8, 9, 10, 11]","[""none"", ""moveable"", ""moveable"", ""none"", ""none"", ""none"", ""none"", ""none"", ""none"", ""moveable"", ""none"", ""none""]",0.18181818181818182,0.10606060606060606,False,False
discovery:n12:seed102:index:t4:moveable:k3,post_branch,step,10,130,"[1, 6, 2, 0, 3, 4, 5, 7, 8, 9, 10, 11]","[""none"", ""moveable"", ""moveable"", ""none"", ""none"", ""none"", ""none"", ""none"", ""none"", ""moveable"", ""none"", ""none""]",0.18181818181818182,0.10606060606060606,False,False
discovery:n12:seed102:index:t4:moveable:k3,post_branch,step,11,138,"[1, 6, 2, 0, 3, 4, 5, 7, 8, 9, 10, 11]","[""none"", ""moveable"", ""moveable"", ""none"", ""none"", ""none"", ""none"", ""none"", ""none"", ""moveable"", ""none"", ""none""]",0.18181818181818182,0.10606060606060606,False,False
discovery:n12:seed102:index:t4:moveable:k3,post_branch,step,12,146,"[1, 6, 2, 0, 3, 4, 5, 7, 8, 9, 10, 11]","[""none"", ""moveable"", ""moveable"", ""none"", ""none"", ""none"", ""none"", ""none"", ""none"", ""moveable"", ""none"", ""none""]",0.18181818181818182,0.10606060606060606,False,False
discovery:n12:seed102:index:t4:moveable:k3,post_branch,step,13,153,"[1, 6, 2, 0, 3, 4, 5, 7, 8, 9, 10, 11]","[""none"", ""moveable"", ""moveable"", ""none"", ""none"", ""none"", ""none"", ""none"", ""none"", ""moveable"", ""none"", ""none""]",0.18181818181818182,0.10606060606060606,False,False
discovery:n12:seed102:index:t4:moveable:k3,post_branch,step,14,162,"[1, 6, 0, 2, 3, 4, 5, 7, 8, 9, 10, 11]","[""none"", ""moveable"", ""none"", ""moveable"", ""none"", ""none"", ""none"", ""none"", ""none"", ""moveable"", ""none"", ""none""]",0.09090909090909091,0.09090909090909091,False,False
discovery:n12:seed102:index:t4:moveable:k3,post_branch,step,15,171,"[1, 6, 0, 2, 3, 4, 5, 7, 8, 9, 10, 11]","[""none"", ""moveable"", ""none"", ""moveable"", ""none"", ""none"", ""none"", ""none"", ""none"", ""moveable"", ""none"", ""none""]",0.09090909090909091,0.09090909090909091,False,False
discovery:n12:seed102:index:t4:moveable:k3,post_branch,step,16,180,"[1, 0, 6, 2, 3, 4, 5, 7, 8, 9, 10, 11]","[""none"", ""none"", ""moveable"", ""moveable"", ""none"", ""none"", ""none"", ""none"", ""none"", ""moveable"", ""none"", ""none""]",0.18181818181818182,0.07575757575757576,False,False
discovery:n12:seed102:index:t4:moveable:k3,post_branch,step,17,188,"[0, 1, 6, 2, 3, 4, 5, 7, 8, 9, 10, 11]","[""none"", ""none"", ""moveable"", ""moveable"", ""none"", ""none"", ""none"", ""none"", ""none"", ""moveable"", ""none"", ""none""]",0.09090909090909091,0.06060606060606061,False,True
discovery:n12:seed102:index:t4:immovable:k1,pre_branch,setup,0,0,"[10, 6, 7, 8, 5, 2, 3, 9, 11, 1, 4, 0]","[""none"", ""none"", ""none"", ""none"", ""none"", ""none"", ""none"", ""none"", ""none"", ""none"", ""none"", ""none""]",0.45454545454545453,0.6818181818181818,False,False
discovery:n12:seed102:index:t4:immovable:k1,pre_branch,step,1,17,"[6, 10, 7, 5, 8, 2, 3, 1, 9, 4, 0, 11]","[""none"", ""none"", ""none"", ""none"", ""none"", ""none"", ""none"", ""none"", ""none"", ""none"", ""none"", ""none""]",0.5454545454545454,0.5909090909090909,False,False
discovery:n12:seed102:index:t4:immovable:k1,pre_branch,step,2,35,"[6, 10, 5, 2, 7, 3, 1, 4, 8, 9, 0, 11]","[""none"", ""none"", ""none"", ""none"", ""none"", ""none"", ""none"", ""none"", ""none"", ""none"", ""none"", ""none""]",0.45454545454545453,0.48484848484848486,False,False
discovery:n12:seed102:index:t4:immovable:k1,pre_branch,step,3,49,"[6, 5, 2, 10, 3, 7, 1, 4, 8, 9, 0, 11]","[""none"", ""none"", ""none"", ""none"", ""none"", ""none"", ""none"", ""none"", ""none"", ""none"", ""none"", ""none""]",0.45454545454545453,0.4393939393939394,False,False
discovery:n12:seed102:index:t4:immovable:k1,pre_branch,step,4,65,"[6, 2, 5, 3, 1, 10, 7, 4, 8, 0, 9, 11]","[""none"", ""none"", ""none"", ""none"", ""none"", ""none"", ""none"", ""none"", ""none"", ""none"", ""none"", ""none""]",0.5454545454545454,0.36363636363636365,False,False
discovery:n12:seed102:index:t4:immovable:k1,post_branch,freeze-immovable,4,65,"[6, 2, 5, 3, 1, 10, 7, 4, 8, 0, 9, 11]","[""none"", ""none"", ""none"", ""immovable"", ""none"", ""none"", ""none"", ""none"", ""none"", ""none"", ""none"", ""none""]",0.5454545454545454,0.36363636363636365,False,False
discovery:n12:seed102:index:t4:immovable:k1,post_branch,step,5,78,"[2, 6, 5, 3, 1, 7, 10, 4, 0, 8, 9, 11]","[""none"", ""none"", ""none"", ""immovable"", ""none"", ""none"", ""none"", ""none"", ""none"", ""none"", ""none"", ""none""]",0.45454545454545453,0.3181818181818182,False,False
discovery:n12:seed102:index:t4:immovable:k1,post_branch,step,6,89,"[2, 5, 6, 3, 1, 7, 10, 0, 4, 8, 9, 11]","[""none"", ""none"", ""none"", ""immovable"", ""none"", ""none"", ""none"", ""none"", ""none"", ""none"", ""none"", ""none""]",0.2727272727272727,0.2878787878787879,False,False
discovery:n12:seed102:index:t4:immovable:k1,post_branch,step,7,99,"[2, 5, 6, 3, 1, 7, 10, 0, 4, 8, 9, 11]","[""none"", ""none"", ""none"", ""immovable"", ""none"", ""none"", ""none"", ""none"", ""none"", ""none"", ""none"", ""none""]",0.2727272727272727,0.2878787878787879,False,False
discovery:n12:seed102:index:t4:immovable:k1,post_branch,step,8,111,"[2, 5, 6, 3, 1, 7, 0, 4, 10, 8, 9, 11]","[""none"", ""none"", ""none"", ""immovable"", ""none"", ""none"", ""none"", ""none"", ""none"", ""none"", ""none"", ""none""]",0.36363636363636365,0.25757575757575757,False,False
discovery:n12:seed102:index:t4:immovable:k1,post_branch,step,9,123,"[2, 5, 6, 3, 1, 0, 7, 4, 8, 10, 9, 11]","[""none"", ""none"", ""none"", ""immovable"", ""none"", ""none"", ""none"", ""none"", ""none"", ""none"", ""none"", ""none""]",0.45454545454545453,0.22727272727272727,False,False
discovery:n12:seed102:index:t4:immovable:k1,post_branch,step,10,136,"[2, 5, 6, 3, 0, 1, 7, 4, 8, 9, 10, 11]","[""none"", ""none"", ""none"", ""immovable"", ""none"", ""none"", ""none"", ""none"", ""none"", ""none"", ""none"", ""none""]",0.2727272727272727,0.19696969696969696,False,False
discovery:n12:seed102:index:t4:immovable:k1,post_branch,step,11,147,"[2, 5, 6, 3, 0, 1, 4, 7, 8, 9, 10, 11]","[""none"", ""none"", ""none"", ""immovable"", ""none"", ""none"", ""none"", ""none"", ""none"", ""none"", ""none"", ""none""]",0.18181818181818182,0.18181818181818182,False,True
discovery:n12:seed102:index:t4:immovable:k2,pre_branch,setup,0,0,"[10, 6, 7, 8, 5, 2, 3, 9, 11, 1, 4, 0]","[""none"", ""none"", ""none"", ""none"", ""none"", ""none"", ""none"", ""none"", ""none"", ""none"", ""none"", ""none""]",0.45454545454545453,0.6818181818181818,False,False
discovery:n12:seed102:index:t4:immovable:k2,pre_branch,step,1,17,"[6, 10, 7, 5, 8, 2, 3, 1, 9, 4, 0, 11]","[""none"", ""none"", ""none"", ""none"", ""none"", ""none"", ""none"", ""none"", ""none"", ""none"", ""none"", ""none""]",0.5454545454545454,0.5909090909090909,False,False
discovery:n12:seed102:index:t4:immovable:k2,pre_branch,step,2,35,"[6, 10, 5, 2, 7, 3, 1, 4, 8, 9, 0, 11]","[""none"", ""none"", ""none"", ""none"", ""none"", ""none"", ""none"", ""none"", ""none"", ""none"", ""none"", ""none""]",0.45454545454545453,0.48484848484848486,False,False
discovery:n12:seed102:index:t4:immovable:k2,pre_branch,step,3,49,"[6, 5, 2, 10, 3, 7, 1, 4, 8, 9, 0, 11]","[""none"", ""none"", ""none"", ""none"", ""none"", ""none"", ""none"", ""none"", ""none"", ""none"", ""none"", ""none""]",0.45454545454545453,0.4393939393939394,False,False
discovery:n12:seed102:index:t4:immovable:k2,pre_branch,step,4,65,"[6, 2, 5, 3, 1, 10, 7, 4, 8, 0, 9, 11]","[""none"", ""none"", ""none"", ""none"", ""none"", ""none"", ""none"", ""none"", ""none"", ""none"", ""none"", ""none""]",0.5454545454545454,0.36363636363636365,False,False
discovery:n12:seed102:index:t4:immovable:k2,post_branch,freeze-immovable,4,65,"[6, 2, 5, 3, 1, 10, 7, 4, 8, 0, 9, 11]","[""none"", ""none"", ""immovable"", ""none"", ""none"", ""immovable"", ""none"", ""none"", ""none"", ""none"", ""none"", ""none""]",0.5454545454545454,0.36363636363636365,False,False
discovery:n12:seed102:index:t4:immovable:k2,post_branch,step,5,79,"[2, 6, 5, 1, 3, 10, 4, 0, 7, 8, 9, 11]","[""none"", ""none"", ""immovable"", ""none"", ""none"", ""immovable"", ""none"", ""none"", ""none"", ""none"", ""none"", ""none""]",0.36363636363636365,0.2878787878787879,False,False
discovery:n12:seed102:index:t4:immovable:k2,post_branch,step,6,89,"[2, 6, 5, 1, 3, 10, 0, 4, 7, 8, 9, 11]","[""none"", ""none"", ""immovable"", ""none"", ""none"", ""immovable"", ""none"", ""none"", ""none"", ""none"", ""none"", ""none""]",0.2727272727272727,0.2727272727272727,False,True
discovery:n12:seed102:index:t4:immovable:k3,pre_branch,setup,0,0,"[10, 6, 7, 8, 5, 2, 3, 9, 11, 1, 4, 0]","[""none"", ""none"", ""none"", ""none"", ""none"", ""none"", ""none"", ""none"", ""none"", ""none"", ""none"", ""none""]",0.45454545454545453,0.6818181818181818,False,False
discovery:n12:seed102:index:t4:immovable:k3,pre_branch,step,1,17,"[6, 10, 7, 5, 8, 2, 3, 1, 9, 4, 0, 11]","[""none"", ""none"", ""none"", ""none"", ""none"", ""none"", ""none"", ""none"", ""none"", ""none"", ""none"", ""none""]",0.5454545454545454,0.5909090909090909,False,False
discovery:n12:seed102:index:t4:immovable:k3,pre_branch,step,2,35,"[6, 10, 5, 2, 7, 3, 1, 4, 8, 9, 0, 11]","[""none"", ""none"", ""none"", ""none"", ""none"", ""none"", ""none"", ""none"", ""none"", ""none"", ""none"", ""none""]",0.45454545454545453,0.48484848484848486,False,False
discovery:n12:seed102:index:t4:immovable:k3,pre_branch,step,3,49,"[6, 5, 2, 10, 3, 7, 1, 4, 8, 9, 0, 11]","[""none"", ""none"", ""none"", ""none"", ""none"", ""none"", ""none"", ""none"", ""none"", ""none"", ""none"", ""none""]",0.45454545454545453,0.4393939393939394,False,False
discovery:n12:seed102:index:t4:immovable:k3,pre_branch,step,4,65,"[6, 2, 5, 3, 1, 10, 7, 4, 8, 0, 9, 11]","[""none"", ""none"", ""none"", ""none"", ""none"", ""none"", ""none"", ""none"", ""none"", ""none"", ""none"", ""none""]",0.5454545454545454,0.36363636363636365,False,False
discovery:n12:seed102:index:t4:immovable:k3,post_branch,freeze-immovable,4,65,"[6, 2, 5, 3, 1, 10, 7, 4, 8, 0, 9, 11]","[""immovable"", ""immovable"", ""none"", ""none"", ""none"", ""none"", ""none"", ""none"", ""none"", ""none"", ""immovable"", ""none""]",0.5454545454545454,0.36363636363636365,False,False
discovery:n12:seed102:index:t4:immovable:k3,post_branch,step,5,79,"[6, 2, 3, 5, 1, 7, 4, 0, 10, 8, 9, 11]","[""immovable"", ""immovable"", ""none"", ""none"", ""none"", ""none"", ""none"", ""none"", ""none"", ""none"", ""immovable"", ""none""]",0.45454545454545453,0.2878787878787879,False,False
discovery:n12:seed102:index:t4:immovable:k3,post_branch,step,6,90,"[6, 2, 3, 1, 5, 4, 7, 0, 8, 10, 9, 11]","[""immovable"", ""immovable"", ""none"", ""none"", ""none"", ""none"", ""none"", ""none"", ""none"", ""none"", ""immovable"", ""none""]",0.45454545454545453,0.24242424242424243,False,False
discovery:n12:seed102:index:t4:immovable:k3,post_branch,step,7,101,"[6, 2, 1, 3, 5, 0, 4, 7, 8, 10, 9, 11]","[""immovable"", ""immovable"", ""none"", ""none"", ""none"", ""none"", ""none"", ""none"", ""none"", ""none"", ""immovable"", ""none""]",0.36363636363636365,0.19696969696969696,False,False
discovery:n12:seed102:index:t4:immovable:k3,post_branch,step,8,110,"[6, 2, 1, 3, 0, 5, 4, 7, 8, 10, 9, 11]","[""immovable"", ""immovable"", ""none"", ""none"", ""none"", ""none"", ""none"", ""none"", ""none"", ""none"", ""immovable"", ""none""]",0.45454545454545453,0.18181818181818182,False,False
discovery:n12:seed102:index:t4:immovable:k3,post_branch,step,9,120,"[6, 2, 1, 0, 3, 4, 5, 7, 8, 10, 9, 11]","[""immovable"", ""immovable"", ""none"", ""none"", ""none"", ""none"", ""none"", ""none"", ""none"", ""none"", ""immovable"", ""none""]",0.36363636363636365,0.15151515151515152,False,False
discovery:n12:seed102:index:t4:immovable:k3,post_branch,step,10,128,"[6, 2, 1, 0, 3, 4, 5, 7, 8, 10, 9, 11]","[""immovable"", ""immovable"", ""none"", ""none"", ""none"", ""none"", ""none"", ""none"", ""none"", ""none"", ""immovable"", ""none""]",0.36363636363636365,0.15151515151515152,False,False
discovery:n12:seed102:index:t4:immovable:k3,post_branch,step,11,137,"[6, 2, 0, 1, 3, 4, 5, 7, 8, 10, 9, 11]","[""immovable"", ""immovable"", ""none"", ""none"", ""none"", ""none"", ""none"", ""none"", ""none"", ""none"", ""immovable"", ""none""]",0.2727272727272727,0.13636363636363635,False,True
discovery:n12:seed102:shuffled:t0:moveable:k1,pre_branch,setup,0,0,"[10, 6, 7, 8, 5, 2, 3, 9, 11, 1, 4, 0]","[""none"", ""none"", ""none"", ""none"", ""none"", ""none"", ""none"", ""none"", ""none"", ""none"", ""none"", ""none""]",0.45454545454545453,0.6818181818181818,False,False
discovery:n12:seed102:shuffled:t0:moveable:k1,post_branch,freeze-moveable,0,0,"[10, 6, 7, 8, 5, 2, 3, 9, 11, 1, 4, 0]","[""none"", ""none"", ""none"", ""none"", ""none"", ""none"", ""none"", ""moveable"", ""none"", ""none"", ""none"", ""none""]",0.45454545454545453,0.6818181818181818,False,False
discovery:n12:seed102:shuffled:t0:moveable:k1,post_branch,step,1,14,"[10, 6, 5, 7, 2, 8, 3, 9, 11, 0, 1, 4]","[""none"", ""none"", ""none"", ""none"", ""none"", ""none"", ""none"", ""moveable"", ""none"", ""none"", ""none"", ""none""]",0.45454545454545453,0.6060606060606061,False,False
discovery:n12:seed102:shuffled:t0:moveable:k1,post_branch,step,2,30,"[5, 10, 6, 2, 7, 8, 3, 9, 0, 1, 11, 4]","[""none"", ""none"", ""none"", ""none"", ""none"", ""none"", ""none"", ""moveable"", ""none"", ""none"", ""none"", ""none""]",0.45454545454545453,0.5303030303030303,False,False
discovery:n12:seed102:shuffled:t0:moveable:k1,post_branch,step,3,45,"[5, 6, 2, 10, 7, 8, 3, 0, 1, 9, 4, 11]","[""none"", ""none"", ""none"", ""none"", ""none"", ""none"", ""none"", ""none"", ""none"", ""moveable"", ""none"", ""none""]",0.45454545454545453,0.45454545454545453,False,False
discovery:n12:seed102:shuffled:t0:moveable:k1,post_branch,step,4,60,"[5, 2, 6, 7, 10, 3, 0, 1, 8, 4, 9, 11]","[""none"", ""none"", ""none"", ""none"", ""none"", ""none"", ""none"", ""none"", ""none"", ""none"", ""moveable"", ""none""]",0.36363636363636365,0.36363636363636365,False,False
discovery:n12:seed102:shuffled:t0:moveable:k1,post_branch,step,5,71,"[5, 2, 6, 7, 3, 10, 0, 1, 4, 8, 9, 11]","[""none"", ""none"", ""none"", ""none"", ""none"", ""none"", ""none"", ""none"", ""none"", ""none"", ""moveable"", ""none""]",0.2727272727272727,0.3333333333333333,False,False
discovery:n12:seed102:shuffled:t0:moveable:k1,post_branch,step,6,86,"[2, 5, 6, 3, 7, 0, 1, 10, 4, 8, 9, 11]","[""none"", ""none"", ""none"", ""none"", ""none"", ""none"", ""none"", ""none"", ""none"", ""none"", ""moveable"", ""none""]",0.2727272727272727,0.2727272727272727,False,False
discovery:n12:seed102:shuffled:t0:moveable:k1,post_branch,step,7,101,"[2, 5, 3, 6, 0, 1, 7, 4, 10, 8, 9, 11]","[""none"", ""none"", ""none"", ""none"", ""none"", ""none"", ""none"", ""none"", ""none"", ""none"", ""moveable"", ""none""]",0.36363636363636365,0.21212121212121213,False,False
discovery:n12:seed102:shuffled:t0:moveable:k1,post_branch,step,8,117,"[2, 3, 5, 0, 1, 6, 4, 7, 8, 10, 9, 11]","[""none"", ""none"", ""none"", ""none"", ""none"", ""none"", ""none"", ""none"", ""none"", ""none"", ""moveable"", ""none""]",0.2727272727272727,0.13636363636363635,False,False
discovery:n12:seed102:shuffled:t0:moveable:k1,post_branch,step,9,128,"[2, 3, 0, 5, 1, 6, 4, 7, 8, 10, 9, 11]","[""none"", ""none"", ""none"", ""none"", ""none"", ""none"", ""none"", ""none"", ""none"", ""none"", ""moveable"", ""none""]",0.36363636363636365,0.12121212121212122,False,False
discovery:n12:seed102:shuffled:t0:moveable:k1,post_branch,step,10,142,"[2, 3, 0, 1, 4, 5, 6, 7, 8, 9, 10, 11]","[""none"", ""none"", ""none"", ""none"", ""none"", ""none"", ""none"", ""none"", ""none"", ""moveable"", ""none"", ""none""]",0.09090909090909091,0.06060606060606061,False,False
discovery:n12:seed102:shuffled:t0:moveable:k1,post_branch,step,11,151,"[2, 3, 0, 1, 4, 5, 6, 7, 8, 9, 10, 11]","[""none"", ""none"", ""none"", ""none"", ""none"", ""none"", ""none"", ""none"", ""none"", ""moveable"", ""none"", ""none""]",0.09090909090909091,0.06060606060606061,False,False
discovery:n12:seed102:shuffled:t0:moveable:k1,post_branch,step,12,160,"[2, 3, 0, 1, 4, 5, 6, 7, 8, 9, 10, 11]","[""none"", ""none"", ""none"", ""none"", ""none"", ""none"", ""none"", ""none"", ""none"", ""moveable"", ""none"", ""none""]",0.09090909090909091,0.06060606060606061,False,False
discovery:n12:seed102:shuffled:t0:moveable:k1,post_branch,step,13,171,"[2, 0, 1, 3, 4, 5, 6, 7, 8, 9, 10, 11]","[""none"", ""none"", ""none"", ""none"", ""none"", ""none"", ""none"", ""none"", ""none"", ""moveable"", ""none"", ""none""]",0.09090909090909091,0.030303030303030304,False,False
discovery:n12:seed102:shuffled:t0:moveable:k1,post_branch,step,14,183,"[0, 1, 2, 3, 4, 5, 6, 7, 8, 9, 10, 11]","[""none"", ""none"", ""none"", ""none"", ""none"", ""none"", ""none"", ""none"", ""none"", ""moveable"", ""none"", ""none""]",0.0,0.0,True,True
discovery:n12:seed102:shuffled:t0:moveable:k2,pre_branch,setup,0,0,"[10, 6, 7, 8, 5, 2, 3, 9, 11, 1, 4, 0]","[""none"", ""none"", ""none"", ""none"", ""none"", ""none"", ""none"", ""none"", ""none"", ""none"", ""none"", ""none""]",0.45454545454545453,0.6818181818181818,False,False
discovery:n12:seed102:shuffled:t0:moveable:k2,post_branch,freeze-moveable,0,0,"[10, 6, 7, 8, 5, 2, 3, 9, 11, 1, 4, 0]","[""none"", ""none"", ""none"", ""none"", ""none"", ""none"", ""moveable"", ""none"", ""none"", ""none"", ""moveable"", ""none""]",0.45454545454545453,0.6818181818181818,False,False
discovery:n12:seed102:shuffled:t0:moveable:k2,post_branch,step,1,16,"[6, 10, 5, 2, 7, 8, 3, 9, 11, 0, 1, 4]","[""none"", ""none"", ""none"", ""none"", ""none"", ""none"", ""moveable"", ""none"", ""none"", ""none"", ""none"", ""moveable""]",0.36363636363636365,0.5757575757575758,False,False
discovery:n12:seed102:shuffled:t0:moveable:k2,post_branch,step,2,30,"[6, 10, 2, 5, 3, 7, 8, 9, 0, 11, 1, 4]","[""none"", ""none"", ""none"", ""none"", ""moveable"", ""none"", ""none"", ""none"", ""none"", ""none"", ""none"", ""moveable""]",0.36363636363636365,0.5151515151515151,False,False
discovery:n12:seed102:shuffled:t0:moveable:k2,post_branch,step,3,44,"[6, 2, 10, 5, 3, 7, 0, 8, 1, 9, 11, 4]","[""none"", ""none"", ""none"", ""none"", ""moveable"", ""none"", ""none"", ""none"", ""none"", ""none"", ""none"", ""moveable""]",0.5454545454545454,0.4393939393939394,False,False
discovery:n12:seed102:shuffled:t0:moveable:k2,post_branch,step,4,59,"[2, 5, 6, 10, 0, 3, 7, 8, 1, 9, 11, 4]","[""none"", ""none"", ""none"", ""none"", ""none"", ""moveable"", ""none"", ""none"", ""none"", ""none"", ""none"", ""moveable""]",0.2727272727272727,0.36363636363636365,False,False
discovery:n12:seed102:shuffled:t0:moveable:k2,post_branch,step,5,75,"[2, 5, 0, 6, 10, 3, 7, 1, 4, 8, 9, 11]","[""none"", ""none"", ""none"", ""none"", ""none"", ""moveable"", ""none"", ""none"", ""moveable"", ""none"", ""none"", ""none""]",0.2727272727272727,0.2727272727272727,False,False
discovery:n12:seed102:shuffled:t0:moveable:k2,post_branch,step,6,86,"[2, 0, 5, 6, 10, 3, 7, 1, 4, 8, 9, 11]","[""none"", ""none"", ""none"", ""none"", ""none"", ""moveable"", ""none"", ""none"", ""moveable"", ""none"", ""none"", ""none""]",0.2727272727272727,0.25757575757575757,False,False
discovery:n12:seed102:shuffled:t0:moveable:k2,post_branch,step,7,98,"[0, 2, 5, 6, 3, 7, 10, 1, 4, 8, 9, 11]","[""none"", ""none"", ""none"", ""none"", ""moveable"", ""none"", ""none"", ""none"", ""moveable"", ""none"", ""none"", ""none""]",0.18181818181818182,0.21212121212121213,False,False
discovery:n12:seed102:shuffled:t0:moveable:k2,post_branch,step,8,108,"[0, 2, 5, 6, 3, 7, 1, 10, 4, 8, 9, 11]","[""none"", ""none"", ""none"", ""none"", ""moveable"", ""none"", ""none"", ""none"", ""moveable"", ""none"", ""none"", ""none""]",0.2727272727272727,0.19696969696969696,False,False
discovery:n12:seed102:shuffled:t0:moveable:k2,post_branch,step,9,121,"[0, 2, 5, 6, 3, 1, 7, 4, 8, 9, 10, 11]","[""none"", ""none"", ""none"", ""none"", ""moveable"", ""none"", ""none"", ""moveable"", ""none"", ""none"", ""none"", ""none""]",0.2727272727272727,0.13636363636363635,False,False
discovery:n12:seed102:shuffled:t0:moveable:k2,post_branch,step,10,132,"[0, 2, 5, 6, 1, 3, 4, 7, 8, 9, 10, 11]","[""none"", ""none"", ""none"", ""none"", ""none"", ""moveable"", ""moveable"", ""none"", ""none"", ""none"", ""none"", ""none""]",0.09090909090909091,0.10606060606060606,False,False
discovery:n12:seed102:shuffled:t0:moveable:k2,post_branch,step,11,142,"[0, 2, 5, 1, 6, 3, 4, 7, 8, 9, 10, 11]","[""none"", ""none"", ""none"", ""none"", ""none"", ""moveable"", ""moveable"", ""none"", ""none"", ""none"", ""none"", ""none""]",0.18181818181818182,0.09090909090909091,False,False
discovery:n12:seed102:shuffled:t0:moveable:k2,post_branch,step,12,151,"[0, 2, 1, 5, 6, 3, 4, 7, 8, 9, 10, 11]","[""none"", ""none"", ""none"", ""none"", ""none"", ""moveable"", ""moveable"", ""none"", ""none"", ""none"", ""none"", ""none""]",0.18181818181818182,0.07575757575757576,False,False
discovery:n12:seed102:shuffled:t0:moveable:k2,post_branch,step,13,161,"[0, 1, 2, 5, 6, 3, 4, 7, 8, 9, 10, 11]","[""none"", ""none"", ""none"", ""none"", ""none"", ""moveable"", ""moveable"", ""none"", ""none"", ""none"", ""none"", ""none""]",0.09090909090909091,0.06060606060606061,False,False
discovery:n12:seed102:shuffled:t0:moveable:k2,post_branch,step,14,170,"[0, 1, 2, 5, 6, 3, 4, 7, 8, 9, 10, 11]","[""none"", ""none"", ""none"", ""none"", ""none"", ""moveable"", ""moveable"", ""none"", ""none"", ""none"", ""none"", ""none""]",0.09090909090909091,0.06060606060606061,False,False
discovery:n12:seed102:shuffled:t0:moveable:k2,post_branch,step,15,179,"[0, 1, 2, 5, 6, 3, 4, 7, 8, 9, 10, 11]","[""none"", ""none"", ""none"", ""none"", ""none"", ""moveable"", ""moveable"", ""none"", ""none"", ""none"", ""none"", ""none""]",0.09090909090909091,0.06060606060606061,False,False
discovery:n12:seed102:shuffled:t0:moveable:k2,post_branch,step,16,188,"[0, 1, 2, 5, 3, 6, 4, 7, 8, 9, 10, 11]","[""none"", ""none"", ""none"", ""none"", ""moveable"", ""none"", ""moveable"", ""none"", ""none"", ""none"", ""none"", ""none""]",0.18181818181818182,0.045454545454545456,False,False
discovery:n12:seed102:shuffled:t0:moveable:k2,post_branch,step,17,198,"[0, 1, 2, 3, 5, 6, 4, 7, 8, 9, 10, 11]","[""none"", ""none"", ""none"", ""moveable"", ""none"", ""none"", ""moveable"", ""none"", ""none"", ""none"", ""none"", ""none""]",0.09090909090909091,0.030303030303030304,False,False
discovery:n12:seed102:shuffled:t0:moveable:k2,post_branch,step,18,207,"[0, 1, 2, 3, 5, 6, 4, 7, 8, 9, 10, 11]","[""none"", ""none"", ""none"", ""moveable"", ""none"", ""none"", ""moveable"", ""none"", ""none"", ""none"", ""none"", ""none""]",0.09090909090909091,0.030303030303030304,False,False
discovery:n12:seed102:shuffled:t0:moveable:k2,post_branch,step,19,215,"[0, 1, 2, 3, 5, 6, 4, 7, 8, 9, 10, 11]","[""none"", ""none"", ""none"", ""moveable"", ""none"", ""none"", ""moveable"", ""none"", ""none"", ""none"", ""none"", ""none""]",0.09090909090909091,0.030303030303030304,False,False
discovery:n12:seed102:shuffled:t0:moveable:k2,post_branch,step,20,224,"[0, 1, 2, 3, 5, 6, 4, 7, 8, 9, 10, 11]","[""none"", ""none"", ""none"", ""moveable"", ""none"", ""none"", ""moveable"", ""none"", ""none"", ""none"", ""none"", ""none""]",0.09090909090909091,0.030303030303030304,False,False
discovery:n12:seed102:shuffled:t0:moveable:k2,post_branch,step,21,233,"[0, 1, 2, 3, 5, 4, 6, 7, 8, 9, 10, 11]","[""none"", ""none"", ""none"", ""moveable"", ""none"", ""moveable"", ""none"", ""none"", ""none"", ""none"", ""none"", ""none""]",0.09090909090909091,0.015151515151515152,False,False
discovery:n12:seed102:shuffled:t0:moveable:k2,post_branch,step,22,243,"[0, 1, 2, 3, 4, 5, 6, 7, 8, 9, 10, 11]","[""none"", ""none"", ""none"", ""moveable"", ""moveable"", ""none"", ""none"", ""none"", ""none"", ""none"", ""none"", ""none""]",0.0,0.0,True,True
discovery:n12:seed102:shuffled:t0:moveable:k3,pre_branch,setup,0,0,"[10, 6, 7, 8, 5, 2, 3, 9, 11, 1, 4, 0]","[""none"", ""none"", ""none"", ""none"", ""none"", ""none"", ""none"", ""none"", ""none"", ""none"", ""none"", ""none""]",0.45454545454545453,0.6818181818181818,False,False
discovery:n12:seed102:shuffled:t0:moveable:k3,post_branch,freeze-moveable,0,0,"[10, 6, 7, 8, 5, 2, 3, 9, 11, 1, 4, 0]","[""moveable"", ""none"", ""none"", ""none"", ""none"", ""none"", ""none"", ""none"", ""none"", ""moveable"", ""moveable"", ""none""]",0.45454545454545453,0.6818181818181818,False,False
discovery:n12:seed102:shuffled:t0:moveable:k3,post_branch,step,1,13,"[10, 6, 5, 7, 2, 8, 3, 9, 11, 1, 0, 4]","[""moveable"", ""none"", ""none"", ""none"", ""none"", ""none"", ""none"", ""none"", ""none"", ""moveable"", ""none"", ""moveable""]",0.5454545454545454,0.6212121212121212,False,False
discovery:n12:seed102:shuffled:t0:moveable:k3,post_branch,step,2,24,"[10, 5, 6, 7, 2, 3, 8, 9, 11, 1, 0, 4]","[""moveable"", ""none"", ""none"", ""none"", ""none"", ""none"", ""none"", ""none"", ""none"", ""moveable"", ""none"", ""moveable""]",0.36363636363636365,0.5909090909090909,False,False
discovery:n12:seed102:shuffled:t0:moveable:k3,post_branch,step,3,36,"[10, 5, 6, 2, 3, 7, 8, 9, 11, 0, 1, 4]","[""moveable"", ""none"", ""none"", ""none"", ""none"", ""none"", ""none"", ""none"", ""none"", ""none"", ""moveable"", ""moveable""]",0.2727272727272727,0.5454545454545454,False,False
discovery:n12:seed102:shuffled:t0:moveable:k3,post_branch,step,4,48,"[10, 5, 2, 6, 3, 7, 8, 9, 0, 1, 11, 4]","[""moveable"", ""none"", ""none"", ""none"", ""none"", ""none"", ""none"", ""none"", ""none"", ""moveable"", ""none"", ""moveable""]",0.45454545454545453,0.5,False,False
discovery:n12:seed102:shuffled:t0:moveable:k3,post_branch,step,5,60,"[10, 2, 5, 3, 6, 7, 8, 9, 0, 1, 4, 11]","[""moveable"", ""none"", ""none"", ""none"", ""none"", ""none"", ""none"", ""none"", ""none"", ""moveable"", ""moveable"", ""none""]",0.2727272727272727,0.45454545454545453,False,False
discovery:n12:seed102:shuffled:t0:moveable:k3,post_branch,step,6,71,"[10, 2, 3, 5, 6, 7, 8, 0, 9, 1, 4, 11]","[""moveable"", ""none"", ""none"", ""none"", ""none"", ""none"", ""none"", ""none"", ""none"", ""moveable"", ""moveable"", ""none""]",0.2727272727272727,0.42424242424242425,False,False
discovery:n12:seed102:shuffled:t0:moveable:k3,post_branch,step,7,85,"[10, 2, 3, 0, 5, 6, 7, 8, 1, 9, 4, 11]","[""moveable"", ""none"", ""none"", ""none"", ""none"", ""none"", ""none"", ""none"", ""moveable"", ""none"", ""moveable"", ""none""]",0.36363636363636365,0.3484848484848485,False,False
discovery:n12:seed102:shuffled:t0:moveable:k3,post_branch,step,8,97,"[2, 10, 0, 3, 5, 6, 1, 7, 8, 9, 4, 11]","[""none"", ""moveable"", ""none"", ""none"", ""none"", ""none"", ""moveable"", ""none"", ""none"", ""none"", ""moveable"", ""none""]",0.2727272727272727,0.2878787878787879,False,False
discovery:n12:seed102:shuffled:t0:moveable:k3,post_branch,step,9,107,"[2, 0, 10, 3, 5, 1, 6, 7, 8, 9, 4, 11]","[""none"", ""none"", ""moveable"", ""none"", ""none"", ""moveable"", ""none"", ""none"", ""none"", ""none"", ""moveable"", ""none""]",0.36363636363636365,0.25757575757575757,False,False
discovery:n12:seed102:shuffled:t0:moveable:k3,post_branch,step,10,118,"[0, 2, 3, 10, 1, 5, 6, 7, 8, 9, 4, 11]","[""none"", ""none"", ""none"", ""moveable"", ""moveable"", ""none"", ""none"", ""none"", ""none"", ""none"", ""moveable"", ""none""]",0.18181818181818182,0.21212121212121213,False,False
discovery:n12:seed102:shuffled:t0:moveable:k3,post_branch,step,11,126,"[0, 2, 3, 10, 1, 5, 6, 7, 8, 4, 9, 11]","[""none"", ""none"", ""none"", ""moveable"", ""moveable"", ""none"", ""none"", ""none"", ""none"", ""moveable"", ""none"", ""none""]",0.18181818181818182,0.19696969696969696,False,False
discovery:n12:seed102:shuffled:t0:moveable:k3,post_branch,step,12,135,"[0, 2, 3, 10, 1, 5, 6, 7, 4, 8, 9, 11]","[""none"", ""none"", ""none"", ""moveable"", ""moveable"", ""none"", ""none"", ""none"", ""moveable"", ""none"", ""none"", ""none""]",0.18181818181818182,0.18181818181818182,False,False
discovery:n12:seed102:shuffled:t0:moveable:k3,post_branch,step,13,143,"[0, 2, 3, 10, 1, 5, 6, 4, 7, 8, 9, 11]","[""none"", ""none"", ""none"", ""moveable"", ""moveable"", ""none"", ""none"", ""moveable"", ""none"", ""none"", ""none"", ""none""]",0.18181818181818182,0.16666666666666666,False,False
discovery:n12:seed102:shuffled:t0:moveable:k3,post_branch,step,14,154,"[0, 2, 3, 10, 1, 4, 5, 6, 7, 8, 9, 11]","[""none"", ""none"", ""none"", ""moveable"", ""moveable"", ""moveable"", ""none"", ""none"", ""none"", ""none"", ""none"", ""none""]",0.09090909090909091,0.13636363636363635,False,True
discovery:n12:seed102:shuffled:t0:immovable:k1,pre_branch,setup,0,0,"[10, 6, 7, 8, 5, 2, 3, 9, 11, 1, 4, 0]","[""none"", ""none"", ""none"", ""none"", ""none"", ""none"", ""none"", ""none"", ""none"", ""none"", ""none"", ""none""]",0.45454545454545453,0.6818181818181818,False,False
discovery:n12:seed102:shuffled:t0:immovable:k1,post_branch,freeze-immovable,0,0,"[10, 6, 7, 8, 5, 2, 3, 9, 11, 1, 4, 0]","[""none"", ""none"", ""none"", ""none"", ""none"", ""none"", ""none"", ""immovable"", ""none"", ""none"", ""none"", ""none""]",0.45454545454545453,0.6818181818181818,False,False
discovery:n12:seed102:shuffled:t0:immovable:k1,post_branch,step,1,14,"[10, 6, 5, 7, 2, 8, 3, 9, 11, 0, 1, 4]","[""none"", ""none"", ""none"", ""none"", ""none"", ""none"", ""none"", ""immovable"", ""none"", ""none"", ""none"", ""none""]",0.45454545454545453,0.6060606060606061,False,False
discovery:n12:seed102:shuffled:t0:immovable:k1,post_branch,step,2,30,"[5, 10, 6, 2, 7, 8, 3, 9, 0, 1, 11, 4]","[""none"", ""none"", ""none"", ""none"", ""none"", ""none"", ""none"", ""immovable"", ""none"", ""none"", ""none"", ""none""]",0.45454545454545453,0.5303030303030303,False,False
discovery:n12:seed102:shuffled:t0:immovable:k1,post_branch,step,3,43,"[5, 6, 2, 10, 7, 8, 3, 9, 0, 1, 4, 11]","[""none"", ""none"", ""none"", ""none"", ""none"", ""none"", ""none"", ""immovable"", ""none"", ""none"", ""none"", ""none""]",0.36363636363636365,0.48484848484848486,False,False
discovery:n12:seed102:shuffled:t0:immovable:k1,post_branch,step,4,55,"[5, 2, 6, 7, 10, 3, 8, 9, 0, 1, 4, 11]","[""none"", ""none"", ""none"", ""none"", ""none"", ""none"", ""none"", ""immovable"", ""none"", ""none"", ""none"", ""none""]",0.2727272727272727,0.4393939393939394,False,False
discovery:n12:seed102:shuffled:t0:immovable:k1,post_branch,step,5,65,"[5, 2, 6, 7, 3, 10, 8, 9, 0, 1, 4, 11]","[""none"", ""none"", ""none"", ""none"", ""none"", ""none"", ""none"", ""immovable"", ""none"", ""none"", ""none"", ""none""]",0.36363636363636365,0.42424242424242425,False,False
discovery:n12:seed102:shuffled:t0:immovable:k1,post_branch,step,6,78,"[2, 5, 6, 3, 7, 10, 8, 9, 0, 1, 4, 11]","[""none"", ""none"", ""none"", ""none"", ""none"", ""none"", ""none"", ""immovable"", ""none"", ""none"", ""none"", ""none""]",0.2727272727272727,0.3939393939393939,False,False
discovery:n12:seed102:shuffled:t0:immovable:k1,post_branch,step,7,91,"[2, 5, 3, 6, 7, 8, 10, 9, 0, 1, 4, 11]","[""none"", ""none"", ""none"", ""none"", ""none"", ""none"", ""none"", ""immovable"", ""none"", ""none"", ""none"", ""none""]",0.2727272727272727,0.36363636363636365,False,False
discovery:n12:seed102:shuffled:t0:immovable:k1,post_branch,step,8,103,"[2, 3, 5, 6, 7, 8, 10, 9, 0, 1, 4, 11]","[""none"", ""none"", ""none"", ""none"", ""none"", ""none"", ""none"", ""immovable"", ""none"", ""none"", ""none"", ""none""]",0.18181818181818182,0.3484848484848485,False,True
discovery:n12:seed102:shuffled:t0:immovable:k2,pre_branch,setup,0,0,"[10, 6, 7, 8, 5, 2, 3, 9, 11, 1, 4, 0]","[""none"", ""none"", ""none"", ""none"", ""none"", ""none"", ""none"", ""none"", ""none"", ""none"", ""none"", ""none""]",0.45454545454545453,0.6818181818181818,False,False
discovery:n12:seed102:shuffled:t0:immovable:k2,post_branch,freeze-immovable,0,0,"[10, 6, 7, 8, 5, 2, 3, 9, 11, 1, 4, 0]","[""none"", ""none"", ""none"", ""none"", ""none"", ""none"", ""immovable"", ""none"", ""none"", ""none"", ""immovable"", ""none""]",0.45454545454545453,0.6818181818181818,False,False
discovery:n12:seed102:shuffled:t0:immovable:k2,post_branch,step,1,14,"[6, 10, 5, 2, 7, 8, 3, 9, 11, 1, 4, 0]","[""none"", ""none"", ""none"", ""none"", ""none"", ""none"", ""immovable"", ""none"", ""none"", ""none"", ""immovable"", ""none""]",0.45454545454545453,0.6060606060606061,False,False
discovery:n12:seed102:shuffled:t0:immovable:k2,post_branch,step,2,26,"[6, 10, 2, 5, 7, 8, 3, 9, 1, 11, 4, 0]","[""none"", ""none"", ""none"", ""none"", ""none"", ""none"", ""immovable"", ""none"", ""none"", ""none"", ""immovable"", ""none""]",0.45454545454545453,0.5757575757575758,False,False
discovery:n12:seed102:shuffled:t0:immovable:k2,post_branch,step,3,37,"[6, 2, 10, 5, 7, 8, 3, 1, 9, 11, 4, 0]","[""none"", ""none"", ""none"", ""none"", ""none"", ""none"", ""immovable"", ""none"", ""none"", ""none"", ""immovable"", ""none""]",0.5454545454545454,0.5454545454545454,False,False
discovery:n12:seed102:shuffled:t0:immovable:k2,post_branch,step,4,50,"[2, 5, 6, 10, 7, 8, 3, 1, 9, 11, 4, 0]","[""none"", ""none"", ""none"", ""none"", ""none"", ""none"", ""immovable"", ""none"", ""none"", ""none"", ""immovable"", ""none""]",0.45454545454545453,0.5,False,False
discovery:n12:seed102:shuffled:t0:immovable:k2,post_branch,step,5,60,"[2, 5, 6, 7, 10, 8, 3, 1, 9, 11, 4, 0]","[""none"", ""none"", ""none"", ""none"", ""none"", ""none"", ""immovable"", ""none"", ""none"", ""none"", ""immovable"", ""none""]",0.45454545454545453,0.48484848484848486,False,False
discovery:n12:seed102:shuffled:t0:immovable:k2,post_branch,step,6,70,"[2, 5, 6, 7, 8, 10, 3, 1, 9, 11, 4, 0]","[""none"", ""none"", ""none"", ""none"", ""none"", ""none"", ""immovable"", ""none"", ""none"", ""none"", ""immovable"", ""none""]",0.36363636363636365,0.4696969696969697,False,True
discovery:n12:seed102:shuffled:t0:immovable:k3,pre_branch,setup,0,0,"[10, 6, 7, 8, 5, 2, 3, 9, 11, 1, 4, 0]","[""none"", ""none"", ""none"", ""none"", ""none"", ""none"", ""none"", ""none"", ""none"", ""none"", ""none"", ""none""]",0.45454545454545453,0.6818181818181818,False,False
discovery:n12:seed102:shuffled:t0:immovable:k3,post_branch,freeze-immovable,0,0,"[10, 6, 7, 8, 5, 2, 3, 9, 11, 1, 4, 0]","[""immovable"", ""none"", ""none"", ""none"", ""none"", ""none"", ""none"", ""none"", ""none"", ""immovable"", ""immovable"", ""none""]",0.45454545454545453,0.6818181818181818,False,False
discovery:n12:seed102:shuffled:t0:immovable:k3,post_branch,step,1,12,"[10, 6, 5, 7, 2, 8, 3, 9, 11, 1, 4, 0]","[""immovable"", ""none"", ""none"", ""none"", ""none"", ""none"", ""none"", ""none"", ""none"", ""immovable"", ""immovable"", ""none""]",0.5454545454545454,0.6363636363636364,False,False
discovery:n12:seed102:shuffled:t0:immovable:k3,post_branch,step,2,22,"[10, 5, 6, 7, 2, 3, 8, 9, 11, 1, 4, 0]","[""immovable"", ""none"", ""none"", ""none"", ""none"", ""none"", ""none"", ""none"", ""none"", ""immovable"", ""immovable"", ""none""]",0.36363636363636365,0.6060606060606061,False,False
discovery:n12:seed102:shuffled:t0:immovable:k3,post_branch,step,3,33,"[10, 5, 6, 2, 3, 7, 8, 9, 11, 1, 4, 0]","[""immovable"", ""none"", ""none"", ""none"", ""none"", ""none"", ""none"", ""none"", ""none"", ""immovable"", ""immovable"", ""none""]",0.36363636363636365,0.5757575757575758,False,False
discovery:n12:seed102:shuffled:t0:immovable:k3,post_branch,step,4,43,"[10, 5, 2, 6, 3, 7, 8, 9, 11, 1, 4, 0]","[""immovable"", ""none"", ""none"", ""none"", ""none"", ""none"", ""none"", ""none"", ""none"", ""immovable"", ""immovable"", ""none""]",0.45454545454545453,0.5606060606060606,False,False
discovery:n12:seed102:shuffled:t0:immovable:k3,post_branch,step,5,53,"[10, 2, 5, 3, 6, 7, 8, 9, 11, 1, 4, 0]","[""immovable"", ""none"", ""none"", ""none"", ""none"", ""none"", ""none"", ""none"", ""none"", ""immovable"", ""immovable"", ""none""]",0.36363636363636365,0.5303030303030303,False,False
discovery:n12:seed102:shuffled:t0:immovable:k3,post_branch,step,6,63,"[10, 2, 3, 5, 6, 7, 8, 9, 11, 1, 4, 0]","[""immovable"", ""none"", ""none"", ""none"", ""none"", ""none"", ""none"", ""none"", ""none"", ""immovable"", ""immovable"", ""none""]",0.2727272727272727,0.5151515151515151,False,True
discovery:n12:seed102:shuffled:t4:moveable:k1,pre_branch,setup,0,0,"[10, 6, 7, 8, 5, 2, 3, 9, 11, 1, 4, 0]","[""none"", ""none"", ""none"", ""none"", ""none"", ""none"", ""none"", ""none"", ""none"", ""none"", ""none"", ""none""]",0.45454545454545453,0.6818181818181818,False,False
discovery:n12:seed102:shuffled:t4:moveable:k1,pre_branch,step,1,15,"[6, 10, 5, 7, 8, 2, 3, 9, 11, 0, 1, 4]","[""none"", ""none"", ""none"", ""none"", ""none"", ""none"", ""none"", ""none"", ""none"", ""none"", ""none"", ""none""]",0.2727272727272727,0.6060606060606061,False,False
discovery:n12:seed102:shuffled:t4:moveable:k1,pre_branch,step,2,32,"[6, 5, 7, 10, 2, 8, 3, 0, 9, 11, 1, 4]","[""none"", ""none"", ""none"", ""none"", ""none"", ""none"", ""none"", ""none"", ""none"", ""none"", ""none"", ""none""]",0.45454545454545453,0.5303030303030303,False,False
discovery:n12:seed102:shuffled:t4:moveable:k1,pre_branch,step,3,49,"[5, 6, 2, 7, 10, 3, 8, 0, 9, 1, 11, 4]","[""none"", ""none"", ""none"", ""none"", ""none"", ""none"", ""none"", ""none"", ""none"", ""none"", ""none"", ""none""]",0.45454545454545453,0.45454545454545453,False,False
discovery:n12:seed102:shuffled:t4:moveable:k1,pre_branch,step,4,63,"[5, 6, 2, 7, 0, 10, 3, 8, 9, 1, 4, 11]","[""none"", ""none"", ""none"", ""none"", ""none"", ""none"", ""none"", ""none"", ""none"", ""none"", ""none"", ""none""]",0.36363636363636365,0.3939393939393939,False,False
discovery:n12:seed102:shuffled:t4:moveable:k1,post_branch,freeze-moveable,4,63,"[5, 6, 2, 7, 0, 10, 3, 8, 9, 1, 4, 11]","[""none"", ""none"", ""none"", ""moveable"", ""none"", ""none"", ""none"", ""none"", ""none"", ""none"", ""none"", ""none""]",0.36363636363636365,0.3939393939393939,False,False
discovery:n12:seed102:shuffled:t4:moveable:k1,post_branch,step,5,74,"[5, 6, 2, 7, 0, 3, 10, 8, 9, 1, 4, 11]","[""none"", ""none"", ""none"", ""moveable"", ""none"", ""none"", ""none"", ""none"", ""none"", ""none"", ""none"", ""none""]",0.36363636363636365,0.3787878787878788,False,False
discovery:n12:seed102:shuffled:t4:moveable:k1,post_branch,step,6,86,"[5, 2, 6, 7, 0, 3, 10, 8, 1, 9, 4, 11]","[""none"", ""none"", ""none"", ""moveable"", ""none"", ""none"", ""none"", ""none"", ""none"", ""none"", ""none"", ""none""]",0.45454545454545453,0.3484848484848485,False,False
discovery:n12:seed102:shuffled:t4:moveable:k1,post_branch,step,7,99,"[5, 2, 6, 7, 0, 3, 8, 1, 10, 4, 9, 11]","[""none"", ""none"", ""none"", ""moveable"", ""none"", ""none"", ""none"", ""none"", ""none"", ""none"", ""none"", ""none""]",0.36363636363636365,0.30303030303030304,False,False
discovery:n12:seed102:shuffled:t4:moveable:k1,post_branch,step,8,109,"[5, 2, 6, 7, 0, 3, 8, 1, 4, 10, 9, 11]","[""none"", ""none"", ""none"", ""moveable"", ""none"", ""none"", ""none"", ""none"", ""none"", ""none"", ""none"", ""none""]",0.36363636363636365,0.2878787878787879,False,False
discovery:n12:seed102:shuffled:t4:moveable:k1,post_branch,step,9,124,"[2, 5, 6, 7, 0, 1, 3, 4, 8, 9, 10, 11]","[""none"", ""none"", ""none"", ""moveable"", ""none"", ""none"", ""none"", ""none"", ""none"", ""none"", ""none"", ""none""]",0.09090909090909091,0.21212121212121213,False,False
discovery:n12:seed102:shuffled:t4:moveable:k1,post_branch,step,10,135,"[2, 5, 6, 7, 0, 1, 3, 4, 8, 9, 10, 11]","[""none"", ""none"", ""none"", ""moveable"", ""none"", ""none"", ""none"", ""none"", ""none"", ""none"", ""none"", ""none""]",0.09090909090909091,0.21212121212121213,False,False
discovery:n12:seed102:shuffled:t4:moveable:k1,post_branch,step,11,146,"[2, 5, 6, 7, 0, 1, 3, 4, 8, 9, 10, 11]","[""none"", ""none"", ""none"", ""moveable"", ""none"", ""none"", ""none"", ""none"", ""none"", ""none"", ""none"", ""none""]",0.09090909090909091,0.21212121212121213,False,False
discovery:n12:seed102:shuffled:t4:moveable:k1,post_branch,step,12,156,"[2, 5, 6, 0, 7, 1, 3, 4, 8, 9, 10, 11]","[""none"", ""none"", ""none"", ""none"", ""moveable"", ""none"", ""none"", ""none"", ""none"", ""none"", ""none"", ""none""]",0.18181818181818182,0.19696969696969696,False,False
discovery:n12:seed102:shuffled:t4:moveable:k1,post_branch,step,13,169,"[2, 5, 0, 6, 1, 7, 3, 4, 8, 9, 10, 11]","[""none"", ""none"", ""none"", ""none"", ""none"", ""moveable"", ""none"", ""none"", ""none"", ""none"", ""none"", ""none""]",0.2727272727272727,0.16666666666666666,False,False
discovery:n12:seed102:shuffled:t4:moveable:k1,post_branch,step,14,181,"[0, 2, 5, 6, 1, 7, 3, 4, 8, 9, 10, 11]","[""none"", ""none"", ""none"", ""none"", ""none"", ""moveable"", ""none"", ""none"", ""none"", ""none"", ""none"", ""none""]",0.18181818181818182,0.13636363636363635,False,False
discovery:n12:seed102:shuffled:t4:moveable:k1,post_branch,step,15,192,"[0, 2, 5, 1, 6, 7, 3, 4, 8, 9, 10, 11]","[""none"", ""none"", ""none"", ""none"", ""none"", ""moveable"", ""none"", ""none"", ""none"", ""none"", ""none"", ""none""]",0.18181818181818182,0.12121212121212122,False,False
discovery:n12:seed102:shuffled:t4:moveable:k1,post_branch,step,16,203,"[0, 2, 1, 5, 6, 3, 7, 4, 8, 9, 10, 11]","[""none"", ""none"", ""none"", ""none"", ""none"", ""none"", ""moveable"", ""none"", ""none"", ""none"", ""none"", ""none""]",0.2727272727272727,0.09090909090909091,False,False
discovery:n12:seed102:shuffled:t4:moveable:k1,post_branch,step,17,216,"[0, 1, 2, 5, 3, 6, 7, 4, 8, 9, 10, 11]","[""none"", ""none"", ""none"", ""none"", ""none"", ""none"", ""moveable"", ""none"", ""none"", ""none"", ""none"", ""none""]",0.18181818181818182,0.06060606060606061,False,False
discovery:n12:seed102:shuffled:t4:moveable:k1,post_branch,step,18,227,"[0, 1, 2, 3, 5, 6, 7, 4, 8, 9, 10, 11]","[""none"", ""none"", ""none"", ""none"", ""none"", ""none"", ""moveable"", ""none"", ""none"", ""none"", ""none"", ""none""]",0.09090909090909091,0.045454545454545456,False,False
discovery:n12:seed102:shuffled:t4:moveable:k1,post_branch,step,19,238,"[0, 1, 2, 3, 5, 6, 4, 7, 8, 9, 10, 11]","[""none"", ""none"", ""none"", ""none"", ""none"", ""none"", ""none"", ""moveable"", ""none"", ""none"", ""none"", ""none""]",0.09090909090909091,0.030303030303030304,False,False
discovery:n12:seed102:shuffled:t4:moveable:k1,post_branch,step,20,249,"[0, 1, 2, 3, 5, 4, 6, 7, 8, 9, 10, 11]","[""none"", ""none"", ""none"", ""none"", ""none"", ""none"", ""none"", ""moveable"", ""none"", ""none"", ""none"", ""none""]",0.09090909090909091,0.015151515151515152,False,False
discovery:n12:seed102:shuffled:t4:moveable:k1,post_branch,step,21,259,"[0, 1, 2, 3, 4, 5, 6, 7, 8, 9, 10, 11]","[""none"", ""none"", ""none"", ""none"", ""none"", ""none"", ""none"", ""moveable"", ""none"", ""none"", ""none"", ""none""]",0.0,0.0,True,True
discovery:n12:seed102:shuffled:t4:moveable:k2,pre_branch,setup,0,0,"[10, 6, 7, 8, 5, 2, 3, 9, 11, 1, 4, 0]","[""none"", ""none"", ""none"", ""none"", ""none"", ""none"", ""none"", ""none"", ""none"", ""none"", ""none"", ""none""]",0.45454545454545453,0.6818181818181818,False,False
discovery:n12:seed102:shuffled:t4:moveable:k2,pre_branch,step,1,15,"[6, 10, 5, 7, 8, 2, 3, 9, 11, 0, 1, 4]","[""none"", ""none"", ""none"", ""none"", ""none"", ""none"", ""none"", ""none"", ""none"", ""none"", ""none"", ""none""]",0.2727272727272727,0.6060606060606061,False,False
discovery:n12:seed102:shuffled:t4:moveable:k2,pre_branch,step,2,32,"[6, 5, 7, 10, 2, 8, 3, 0, 9, 11, 1, 4]","[""none"", ""none"", ""none"", ""none"", ""none"", ""none"", ""none"", ""none"", ""none"", ""none"", ""none"", ""none""]",0.45454545454545453,0.5303030303030303,False,False
discovery:n12:seed102:shuffled:t4:moveable:k2,pre_branch,step,3,49,"[5, 6, 2, 7, 10, 3, 8, 0, 9, 1, 11, 4]","[""none"", ""none"", ""none"", ""none"", ""none"", ""none"", ""none"", ""none"", ""none"", ""none"", ""none"", ""none""]",0.45454545454545453,0.45454545454545453,False,False
discovery:n12:seed102:shuffled:t4:moveable:k2,pre_branch,step,4,63,"[5, 6, 2, 7, 0, 10, 3, 8, 9, 1, 4, 11]","[""none"", ""none"", ""none"", ""none"", ""none"", ""none"", ""none"", ""none"", ""none"", ""none"", ""none"", ""none""]",0.36363636363636365,0.3939393939393939,False,False
discovery:n12:seed102:shuffled:t4:moveable:k2,post_branch,freeze-moveable,4,63,"[5, 6, 2, 7, 0, 10, 3, 8, 9, 1, 4, 11]","[""none"", ""none"", ""moveable"", ""none"", ""none"", ""moveable"", ""none"", ""none"", ""none"", ""none"", ""none"", ""none""]",0.36363636363636365,0.3939393939393939,False,False
discovery:n12:seed102:shuffled:t4:moveable:k2,post_branch,step,5,75,"[5, 6, 2, 0, 7, 10, 3, 1, 8, 9, 4, 11]","[""none"", ""none"", ""moveable"", ""none"", ""none"", ""moveable"", ""none"", ""none"", ""none"", ""none"", ""none"", ""none""]",0.45454545454545453,0.3484848484848485,False,False
discovery:n12:seed102:shuffled:t4:moveable:k2,post_branch,step,6,87,"[5, 6, 2, 0, 7, 3, 10, 1, 4, 8, 9, 11]","[""none"", ""none"", ""moveable"", ""none"", ""none"", ""none"", ""moveable"", ""none"", ""none"", ""none"", ""none"", ""none""]",0.36363636363636365,0.30303030303030304,False,False
discovery:n12:seed102:shuffled:t4:moveable:k2,post_branch,step,7,98,"[5, 0, 6, 2, 3, 7, 10, 1, 4, 8, 9, 11]","[""none"", ""none"", ""none"", ""moveable"", ""none"", ""none"", ""moveable"", ""none"", ""none"", ""none"", ""none"", ""none""]",0.2727272727272727,0.25757575757575757,False,False
discovery:n12:seed102:shuffled:t4:moveable:k2,post_branch,step,8,107,"[5, 0, 2, 6, 3, 7, 10, 1, 4, 8, 9, 11]","[""none"", ""none"", ""moveable"", ""none"", ""none"", ""none"", ""moveable"", ""none"", ""none"", ""none"", ""none"", ""none""]",0.2727272727272727,0.24242424242424243,False,False
discovery:n12:seed102:shuffled:t4:moveable:k2,post_branch,step,9,119,"[0, 5, 2, 3, 6, 7, 1, 10, 4, 8, 9, 11]","[""none"", ""none"", ""moveable"", ""none"", ""none"", ""none"", ""none"", ""moveable"", ""none"", ""none"", ""none"", ""none""]",0.2727272727272727,0.19696969696969696,False,False
discovery:n12:seed102:shuffled:t4:moveable:k2,post_branch,step,10,132,"[0, 2, 5, 3, 6, 1, 7, 4, 10, 8, 9, 11]","[""none"", ""moveable"", ""none"", ""none"", ""none"", ""none"", ""none"", ""none"", ""moveable"", ""none"", ""none"", ""none""]",0.36363636363636365,0.15151515151515152,False,False
discovery:n12:seed102:shuffled:t4:moveable:k2,post_branch,step,11,143,"[0, 2, 3, 5, 1, 6, 4, 7, 10, 8, 9, 11]","[""none"", ""moveable"", ""none"", ""none"", ""none"", ""none"", ""none"", ""none"", ""moveable"", ""none"", ""none"", ""none""]",0.2727272727272727,0.10606060606060606,False,False
discovery:n12:seed102:shuffled:t4:moveable:k2,post_branch,step,12,156,"[0, 2, 3, 1, 5, 4, 6, 7, 8, 10, 9, 11]","[""none"", ""moveable"", ""none"", ""none"", ""none"", ""none"", ""none"", ""none"", ""none"", ""moveable"", ""none"", ""none""]",0.2727272727272727,0.06060606060606061,False,False
discovery:n12:seed102:shuffled:t4:moveable:k2,post_branch,step,13,169,"[0, 2, 1, 3, 4, 5, 6, 7, 8, 9, 10, 11]","[""none"", ""moveable"", ""none"", ""none"", ""none"", ""none"", ""none"", ""none"", ""none"", ""none"", ""moveable"", ""none""]",0.09090909090909091,0.015151515151515152,False,False
discovery:n12:seed102:shuffled:t4:moveable:k2,post_branch,step,14,179,"[0, 2, 1, 3, 4, 5, 6, 7, 8, 9, 10, 11]","[""none"", ""moveable"", ""none"", ""none"", ""none"", ""none"", ""none"", ""none"", ""none"", ""none"", ""moveable"", ""none""]",0.09090909090909091,0.015151515151515152,False,False
discovery:n12:seed102:shuffled:t4:moveable:k2,post_branch,step,15,188,"[0, 2, 1, 3, 4, 5, 6, 7, 8, 9, 10, 11]","[""none"", ""moveable"", ""none"", ""none"", ""none"", ""none"", ""none"", ""none"", ""none"", ""none"", ""moveable"", ""none""]",0.09090909090909091,0.015151515151515152,False,False
discovery:n12:seed102:shuffled:t4:moveable:k2,post_branch,step,16,197,"[0, 2, 1, 3, 4, 5, 6, 7, 8, 9, 10, 11]","[""none"", ""moveable"", ""none"", ""none"", ""none"", ""none"", ""none"", ""none"", ""none"", ""none"", ""moveable"", ""none""]",0.09090909090909091,0.015151515151515152,False,False
discovery:n12:seed102:shuffled:t4:moveable:k2,post_branch,step,17,206,"[0, 1, 2, 3, 4, 5, 6, 7, 8, 9, 10, 11]","[""none"", ""none"", ""moveable"", ""none"", ""none"", ""none"", ""none"", ""none"", ""none"", ""none"", ""moveable"", ""none""]",0.0,0.0,True,True
discovery:n12:seed102:shuffled:t4:moveable:k3,pre_branch,setup,0,0,"[10, 6, 7, 8, 5, 2, 3, 9, 11, 1, 4, 0]","[""none"", ""none"", ""none"", ""none"", ""none"", ""none"", ""none"", ""none"", ""none"", ""none"", ""none"", ""none""]",0.45454545454545453,0.6818181818181818,False,False
discovery:n12:seed102:shuffled:t4:moveable:k3,pre_branch,step,1,15,"[6, 10, 5, 7, 8, 2, 3, 9, 11, 0, 1, 4]","[""none"", ""none"", ""none"", ""none"", ""none"", ""none"", ""none"", ""none"", ""none"", ""none"", ""none"", ""none""]",0.2727272727272727,0.6060606060606061,False,False
discovery:n12:seed102:shuffled:t4:moveable:k3,pre_branch,step,2,32,"[6, 5, 7, 10, 2, 8, 3, 0, 9, 11, 1, 4]","[""none"", ""none"", ""none"", ""none"", ""none"", ""none"", ""none"", ""none"", ""none"", ""none"", ""none"", ""none""]",0.45454545454545453,0.5303030303030303,False,False
discovery:n12:seed102:shuffled:t4:moveable:k3,pre_branch,step,3,49,"[5, 6, 2, 7, 10, 3, 8, 0, 9, 1, 11, 4]","[""none"", ""none"", ""none"", ""none"", ""none"", ""none"", ""none"", ""none"", ""none"", ""none"", ""none"", ""none""]",0.45454545454545453,0.45454545454545453,False,False
discovery:n12:seed102:shuffled:t4:moveable:k3,pre_branch,step,4,63,"[5, 6, 2, 7, 0, 10, 3, 8, 9, 1, 4, 11]","[""none"", ""none"", ""none"", ""none"", ""none"", ""none"", ""none"", ""none"", ""none"", ""none"", ""none"", ""none""]",0.36363636363636365,0.3939393939393939,False,False
discovery:n12:seed102:shuffled:t4:moveable:k3,post_branch,freeze-moveable,4,63,"[5, 6, 2, 7, 0, 10, 3, 8, 9, 1, 4, 11]","[""moveable"", ""moveable"", ""none"", ""none"", ""none"", ""none"", ""none"", ""none"", ""none"", ""none"", ""moveable"", ""none""]",0.36363636363636365,0.3939393939393939,False,False
discovery:n12:seed102:shuffled:t4:moveable:k3,post_branch,step,5,73,"[5, 6, 2, 0, 7, 10, 3, 8, 1, 9, 4, 11]","[""moveable"", ""moveable"", ""none"", ""none"", ""none"", ""none"", ""none"", ""none"", ""none"", ""none"", ""moveable"", ""none""]",0.45454545454545453,0.36363636363636365,False,False
discovery:n12:seed102:shuffled:t4:moveable:k3,post_branch,step,6,85,"[5, 6, 0, 2, 7, 3, 10, 1, 8, 9, 4, 11]","[""moveable"", ""moveable"", ""none"", ""none"", ""none"", ""none"", ""none"", ""none"", ""none"", ""none"", ""moveable"", ""none""]",0.36363636363636365,0.3181818181818182,False,False
discovery:n12:seed102:shuffled:t4:moveable:k3,post_branch,step,7,97,"[5, 0, 6, 2, 7, 1, 3, 10, 8, 9, 4, 11]","[""moveable"", ""none"", ""moveable"", ""none"", ""none"", ""none"", ""none"", ""none"", ""none"", ""none"", ""moveable"", ""none""]",0.45454545454545453,0.2727272727272727,False,False
discovery:n12:seed102:shuffled:t4:moveable:k3,post_branch,step,8,111,"[0, 5, 6, 2, 1, 3, 7, 8, 10, 4, 9, 11]","[""none"", ""moveable"", ""moveable"", ""none"", ""none"", ""none"", ""none"", ""none"", ""none"", ""moveable"", ""none"", ""none""]",0.2727272727272727,0.19696969696969696,False,False
discovery:n12:seed102:shuffled:t4:moveable:k3,post_branch,step,9,119,"[0, 5, 6, 1, 2, 3, 7, 8, 10, 4, 9, 11]","[""none"", ""moveable"", ""moveable"", ""none"", ""none"", ""none"", ""none"", ""none"", ""none"", ""moveable"", ""none"", ""none""]",0.18181818181818182,0.18181818181818182,False,False
discovery:n12:seed102:shuffled:t4:moveable:k3,post_branch,step,10,130,"[0, 5, 6, 1, 2, 3, 7, 4, 8, 9, 10, 11]","[""none"", ""moveable"", ""moveable"", ""none"", ""none"", ""none"", ""none"", ""moveable"", ""none"", ""none"", ""none"", ""none""]",0.18181818181818182,0.13636363636363635,False,False
discovery:n12:seed102:shuffled:t4:moveable:k3,post_branch,step,11,142,"[0, 5, 1, 2, 6, 3, 4, 7, 8, 9, 10, 11]","[""none"", ""moveable"", ""none"", ""none"", ""moveable"", ""none"", ""moveable"", ""none"", ""none"", ""none"", ""none"", ""none""]",0.18181818181818182,0.09090909090909091,False,False
discovery:n12:seed102:shuffled:t4:moveable:k3,post_branch,step,12,151,"[0, 5, 1, 2, 6, 3, 4, 7, 8, 9, 10, 11]","[""none"", ""moveable"", ""none"", ""none"", ""moveable"", ""none"", ""moveable"", ""none"", ""none"", ""none"", ""none"", ""none""]",0.18181818181818182,0.09090909090909091,False,False
discovery:n12:seed102:shuffled:t4:moveable:k3,post_branch,step,13,160,"[0, 1, 5, 2, 6, 3, 4, 7, 8, 9, 10, 11]","[""none"", ""none"", ""moveable"", ""none"", ""moveable"", ""none"", ""moveable"", ""none"", ""none"", ""none"", ""none"", ""none""]",0.18181818181818182,0.07575757575757576,False,False
discovery:n12:seed102:shuffled:t4:moveable:k3,post_branch,step,14,169,"[0, 1, 5, 2, 3, 6, 4, 7, 8, 9, 10, 11]","[""none"", ""none"", ""moveable"", ""none"", ""none"", ""moveable"", ""moveable"", ""none"", ""none"", ""none"", ""none"", ""none""]",0.18181818181818182,0.06060606060606061,False,False
discovery:n12:seed102:shuffled:t4:moveable:k3,post_branch,step,15,177,"[0, 1, 5, 2, 3, 6, 4, 7, 8, 9, 10, 11]","[""none"", ""none"", ""moveable"", ""none"", ""none"", ""moveable"", ""moveable"", ""none"", ""none"", ""none"", ""none"", ""none""]",0.18181818181818182,0.06060606060606061,False,False
discovery:n12:seed102:shuffled:t4:moveable:k3,post_branch,step,16,186,"[0, 1, 5, 2, 3, 6, 4, 7, 8, 9, 10, 11]","[""none"", ""none"", ""moveable"", ""none"", ""none"", ""moveable"", ""moveable"", ""none"", ""none"", ""none"", ""none"", ""none""]",0.18181818181818182,0.06060606060606061,False,False
discovery:n12:seed102:shuffled:t4:moveable:k3,post_branch,step,17,196,"[0, 1, 2, 5, 3, 6, 4, 7, 8, 9, 10, 11]","[""none"", ""none"", ""none"", ""moveable"", ""none"", ""moveable"", ""moveable"", ""none"", ""none"", ""none"", ""none"", ""none""]",0.18181818181818182,0.045454545454545456,False,False
discovery:n12:seed102:shuffled:t4:moveable:k3,post_branch,step,18,204,"[0, 1, 2, 5, 3, 6, 4, 7, 8, 9, 10, 11]","[""none"", ""none"", ""none"", ""moveable"", ""none"", ""moveable"", ""moveable"", ""none"", ""none"", ""none"", ""none"", ""none""]",0.18181818181818182,0.045454545454545456,False,False
discovery:n12:seed102:shuffled:t4:moveable:k3,post_branch,step,19,213,"[0, 1, 2, 3, 5, 6, 4, 7, 8, 9, 10, 11]","[""none"", ""none"", ""none"", ""none"", ""moveable"", ""moveable"", ""moveable"", ""none"", ""none"", ""none"", ""none"", ""none""]",0.09090909090909091,0.030303030303030304,False,True
discovery:n12:seed102:shuffled:t4:immovable:k1,pre_branch,setup,0,0,"[10, 6, 7, 8, 5, 2, 3, 9, 11, 1, 4, 0]","[""none"", ""none"", ""none"", ""none"", ""none"", ""none"", ""none"", ""none"", ""none"", ""none"", ""none"", ""none""]",0.45454545454545453,0.6818181818181818,False,False
discovery:n12:seed102:shuffled:t4:immovable:k1,pre_branch,step,1,15,"[6, 10, 5, 7, 8, 2, 3, 9, 11, 0, 1, 4]","[""none"", ""none"", ""none"", ""none"", ""none"", ""none"", ""none"", ""none"", ""none"", ""none"", ""none"", ""none""]",0.2727272727272727,0.6060606060606061,False,False
discovery:n12:seed102:shuffled:t4:immovable:k1,pre_branch,step,2,32,"[6, 5, 7, 10, 2, 8, 3, 0, 9, 11, 1, 4]","[""none"", ""none"", ""none"", ""none"", ""none"", ""none"", ""none"", ""none"", ""none"", ""none"", ""none"", ""none""]",0.45454545454545453,0.5303030303030303,False,False
discovery:n12:seed102:shuffled:t4:immovable:k1,pre_branch,step,3,49,"[5, 6, 2, 7, 10, 3, 8, 0, 9, 1, 11, 4]","[""none"", ""none"", ""none"", ""none"", ""none"", ""none"", ""none"", ""none"", ""none"", ""none"", ""none"", ""none""]",0.45454545454545453,0.45454545454545453,False,False
discovery:n12:seed102:shuffled:t4:immovable:k1,pre_branch,step,4,63,"[5, 6, 2, 7, 0, 10, 3, 8, 9, 1, 4, 11]","[""none"", ""none"", ""none"", ""none"", ""none"", ""none"", ""none"", ""none"", ""none"", ""none"", ""none"", ""none""]",0.36363636363636365,0.3939393939393939,False,False
discovery:n12:seed102:shuffled:t4:immovable:k1,post_branch,freeze-immovable,4,63,"[5, 6, 2, 7, 0, 10, 3, 8, 9, 1, 4, 11]","[""none"", ""none"", ""none"", ""immovable"", ""none"", ""none"", ""none"", ""none"", ""none"", ""none"", ""none"", ""none""]",0.36363636363636365,0.3939393939393939,False,False
discovery:n12:seed102:shuffled:t4:immovable:k1,post_branch,step,5,74,"[5, 6, 2, 7, 0, 3, 10, 8, 9, 1, 4, 11]","[""none"", ""none"", ""none"", ""immovable"", ""none"", ""none"", ""none"", ""none"", ""none"", ""none"", ""none"", ""none""]",0.36363636363636365,0.3787878787878788,False,False
discovery:n12:seed102:shuffled:t4:immovable:k1,post_branch,step,6,86,"[5, 2, 6, 7, 0, 3, 10, 8, 1, 9, 4, 11]","[""none"", ""none"", ""none"", ""immovable"", ""none"", ""none"", ""none"", ""none"", ""none"", ""none"", ""none"", ""none""]",0.45454545454545453,0.3484848484848485,False,False
discovery:n12:seed102:shuffled:t4:immovable:k1,post_branch,step,7,99,"[5, 2, 6, 7, 0, 3, 8, 1, 10, 4, 9, 11]","[""none"", ""none"", ""none"", ""immovable"", ""none"", ""none"", ""none"", ""none"", ""none"", ""none"", ""none"", ""none""]",0.36363636363636365,0.30303030303030304,False,False
discovery:n12:seed102:shuffled:t4:immovable:k1,post_branch,step,8,109,"[5, 2, 6, 7, 0, 3, 8, 1, 4, 10, 9, 11]","[""none"", ""none"", ""none"", ""immovable"", ""none"", ""none"", ""none"", ""none"", ""none"", ""none"", ""none"", ""none""]",0.36363636363636365,0.2878787878787879,False,False
discovery:n12:seed102:shuffled:t4:immovable:k1,post_branch,step,9,124,"[2, 5, 6, 7, 0, 1, 3, 4, 8, 9, 10, 11]","[""none"", ""none"", ""none"", ""immovable"", ""none"", ""none"", ""none"", ""none"", ""none"", ""none"", ""none"", ""none""]",0.09090909090909091,0.21212121212121213,False,True
discovery:n12:seed102:shuffled:t4:immovable:k2,pre_branch,setup,0,0,"[10, 6, 7, 8, 5, 2, 3, 9, 11, 1, 4, 0]","[""none"", ""none"", ""none"", ""none"", ""none"", ""none"", ""none"", ""none"", ""none"", ""none"", ""none"", ""none""]",0.45454545454545453,0.6818181818181818,False,False
discovery:n12:seed102:shuffled:t4:immovable:k2,pre_branch,step,1,15,"[6, 10, 5, 7, 8, 2, 3, 9, 11, 0, 1, 4]","[""none"", ""none"", ""none"", ""none"", ""none"", ""none"", ""none"", ""none"", ""none"", ""none"", ""none"", ""none""]",0.2727272727272727,0.6060606060606061,False,False
discovery:n12:seed102:shuffled:t4:immovable:k2,pre_branch,step,2,32,"[6, 5, 7, 10, 2, 8, 3, 0, 9, 11, 1, 4]","[""none"", ""none"", ""none"", ""none"", ""none"", ""none"", ""none"", ""none"", ""none"", ""none"", ""none"", ""none""]",0.45454545454545453,0.5303030303030303,False,False
discovery:n12:seed102:shuffled:t4:immovable:k2,pre_branch,step,3,49,"[5, 6, 2, 7, 10, 3, 8, 0, 9, 1, 11, 4]","[""none"", ""none"", ""none"", ""none"", ""none"", ""none"", ""none"", ""none"", ""none"", ""none"", ""none"", ""none""]",0.45454545454545453,0.45454545454545453,False,False
discovery:n12:seed102:shuffled:t4:immovable:k2,pre_branch,step,4,63,"[5, 6, 2, 7, 0, 10, 3, 8, 9, 1, 4, 11]","[""none"", ""none"", ""none"", ""none"", ""none"", ""none"", ""none"", ""none"", ""none"", ""none"", ""none"", ""none""]",0.36363636363636365,0.3939393939393939,False,False
discovery:n12:seed102:shuffled:t4:immovable:k2,post_branch,freeze-immovable,4,63,"[5, 6, 2, 7, 0, 10, 3, 8, 9, 1, 4, 11]","[""none"", ""none"", ""immovable"", ""none"", ""none"", ""immovable"", ""none"", ""none"", ""none"", ""none"", ""none"", ""none""]",0.36363636363636365,0.3939393939393939,False,False
discovery:n12:seed102:shuffled:t4:immovable:k2,post_branch,step,5,75,"[5, 6, 2, 0, 7, 10, 3, 1, 8, 9, 4, 11]","[""none"", ""none"", ""immovable"", ""none"", ""none"", ""immovable"", ""none"", ""none"", ""none"", ""none"", ""none"", ""none""]",0.45454545454545453,0.3484848484848485,False,False
discovery:n12:seed102:shuffled:t4:immovable:k2,post_branch,step,6,86,"[5, 6, 2, 0, 7, 10, 3, 1, 4, 8, 9, 11]","[""none"", ""none"", ""immovable"", ""none"", ""none"", ""immovable"", ""none"", ""none"", ""none"", ""none"", ""none"", ""none""]",0.36363636363636365,0.3181818181818182,False,False
discovery:n12:seed102:shuffled:t4:immovable:k2,post_branch,step,7,94,"[5, 6, 2, 0, 7, 10, 3, 1, 4, 8, 9, 11]","[""none"", ""none"", ""immovable"", ""none"", ""none"", ""immovable"", ""none"", ""none"", ""none"", ""none"", ""none"", ""none""]",0.36363636363636365,0.3181818181818182,False,False
discovery:n12:seed102:shuffled:t4:immovable:k2,post_branch,step,8,102,"[5, 6, 2, 0, 7, 10, 3, 1, 4, 8, 9, 11]","[""none"", ""none"", ""immovable"", ""none"", ""none"", ""immovable"", ""none"", ""none"", ""none"", ""none"", ""none"", ""none""]",0.36363636363636365,0.3181818181818182,False,False
discovery:n12:seed102:shuffled:t4:immovable:k2,post_branch,step,9,112,"[5, 6, 2, 0, 7, 10, 1, 3, 4, 8, 9, 11]","[""none"", ""none"", ""immovable"", ""none"", ""none"", ""immovable"", ""none"", ""none"", ""none"", ""none"", ""none"", ""none""]",0.2727272727272727,0.30303030303030304,False,True
discovery:n12:seed102:shuffled:t4:immovable:k3,pre_branch,setup,0,0,"[10, 6, 7, 8, 5, 2, 3, 9, 11, 1, 4, 0]","[""none"", ""none"", ""none"", ""none"", ""none"", ""none"", ""none"", ""none"", ""none"", ""none"", ""none"", ""none""]",0.45454545454545453,0.6818181818181818,False,False
discovery:n12:seed102:shuffled:t4:immovable:k3,pre_branch,step,1,15,"[6, 10, 5, 7, 8, 2, 3, 9, 11, 0, 1, 4]","[""none"", ""none"", ""none"", ""none"", ""none"", ""none"", ""none"", ""none"", ""none"", ""none"", ""none"", ""none""]",0.2727272727272727,0.6060606060606061,False,False
discovery:n12:seed102:shuffled:t4:immovable:k3,pre_branch,step,2,32,"[6, 5, 7, 10, 2, 8, 3, 0, 9, 11, 1, 4]","[""none"", ""none"", ""none"", ""none"", ""none"", ""none"", ""none"", ""none"", ""none"", ""none"", ""none"", ""none""]",0.45454545454545453,0.5303030303030303,False,False
discovery:n12:seed102:shuffled:t4:immovable:k3,pre_branch,step,3,49,"[5, 6, 2, 7, 10, 3, 8, 0, 9, 1, 11, 4]","[""none"", ""none"", ""none"", ""none"", ""none"", ""none"", ""none"", ""none"", ""none"", ""none"", ""none"", ""none""]",0.45454545454545453,0.45454545454545453,False,False
discovery:n12:seed102:shuffled:t4:immovable:k3,pre_branch,step,4,63,"[5, 6, 2, 7, 0, 10, 3, 8, 9, 1, 4, 11]","[""none"", ""none"", ""none"", ""none"", ""none"", ""none"", ""none"", ""none"", ""none"", ""none"", ""none"", ""none""]",0.36363636363636365,0.3939393939393939,False,False
discovery:n12:seed102:shuffled:t4:immovable:k3,post_branch,freeze-immovable,4,63,"[5, 6, 2, 7, 0, 10, 3, 8, 9, 1, 4, 11]","[""immovable"", ""immovable"", ""none"", ""none"", ""none"", ""none"", ""none"", ""none"", ""none"", ""none"", ""immovable"", ""none""]",0.36363636363636365,0.3939393939393939,False,False
discovery:n12:seed102:shuffled:t4:immovable:k3,post_branch,step,5,73,"[5, 6, 2, 0, 7, 10, 3, 8, 1, 9, 4, 11]","[""immovable"", ""immovable"", ""none"", ""none"", ""none"", ""none"", ""none"", ""none"", ""none"", ""none"", ""immovable"", ""none""]",0.45454545454545453,0.36363636363636365,False,False
discovery:n12:seed102:shuffled:t4:immovable:k3,post_branch,step,6,85,"[5, 6, 0, 2, 7, 3, 10, 1, 8, 9, 4, 11]","[""immovable"", ""immovable"", ""none"", ""none"", ""none"", ""none"", ""none"", ""none"", ""none"", ""none"", ""immovable"", ""none""]",0.36363636363636365,0.3181818181818182,False,False
discovery:n12:seed102:shuffled:t4:immovable:k3,post_branch,step,7,96,"[5, 6, 0, 2, 7, 1, 3, 10, 8, 9, 4, 11]","[""immovable"", ""immovable"", ""none"", ""none"", ""none"", ""none"", ""none"", ""none"", ""none"", ""none"", ""immovable"", ""none""]",0.36363636363636365,0.2878787878787879,False,False
discovery:n12:seed102:shuffled:t4:immovable:k3,post_branch,step,8,108,"[5, 6, 0, 2, 1, 3, 7, 8, 10, 9, 4, 11]","[""immovable"", ""immovable"", ""none"", ""none"", ""none"", ""none"", ""none"", ""none"", ""none"", ""none"", ""immovable"", ""none""]",0.36363636363636365,0.24242424242424243,False,False
discovery:n12:seed102:shuffled:t4:immovable:k3,post_branch,step,9,118,"[5, 6, 0, 1, 2, 3, 7, 8, 9, 10, 4, 11]","[""immovable"", ""immovable"", ""none"", ""none"", ""none"", ""none"", ""none"", ""none"", ""none"", ""none"", ""immovable"", ""none""]",0.18181818181818182,0.21212121212121213,False,True
discovery:n12:seed103:index:t0:moveable:k1,pre_branch,setup,0,0,"[7, 8, 9, 3, 6, 0, 10, 5, 11, 2, 4, 1]","[""none"", ""none"", ""none"", ""none"", ""none"", ""none"", ""none"", ""none"", ""none"", ""none"", ""none"", ""none""]",0.45454545454545453,0.6212121212121212,False,False
discovery:n12:seed103:index:t0:moveable:k1,post_branch,freeze-moveable,0,0,"[7, 8, 9, 3, 6, 0, 10, 5, 11, 2, 4, 1]","[""none"", ""none"", ""none"", ""none"", ""none"", ""none"", ""none"", ""moveable"", ""none"", ""none"", ""none"", ""none""]",0.45454545454545453,0.6212121212121212,False,False
discovery:n12:seed103:index:t0:moveable:k1,post_branch,step,1,15,"[7, 8, 3, 9, 0, 6, 10, 5, 2, 4, 1, 11]","[""none"", ""none"", ""none"", ""none"", ""none"", ""none"", ""none"", ""moveable"", ""none"", ""none"", ""none"", ""none""]",0.45454545454545453,0.5454545454545454,False,False
discovery:n12:seed103:index:t0:moveable:k1,post_branch,step,2,27,"[7, 3, 8, 9, 0, 6, 5, 10, 2, 4, 1, 11]","[""none"", ""none"", ""none"", ""none"", ""none"", ""none"", ""moveable"", ""none"", ""none"", ""none"", ""none"", ""none""]",0.45454545454545453,0.5151515151515151,False,False
discovery:n12:seed103:index:t0:moveable:k1,post_branch,step,3,43,"[3, 7, 8, 0, 6, 9, 5, 2, 4, 1, 10, 11]","[""none"", ""none"", ""none"", ""none"", ""none"", ""none"", ""moveable"", ""none"", ""none"", ""none"", ""none"", ""none""]",0.36363636363636365,0.42424242424242425,False,False
discovery:n12:seed103:index:t0:moveable:k1,post_branch,step,4,58,"[3, 7, 0, 6, 8, 9, 2, 4, 1, 5, 10, 11]","[""none"", ""none"", ""none"", ""none"", ""none"", ""none"", ""none"", ""none"", ""none"", ""moveable"", ""none"", ""none""]",0.2727272727272727,0.3484848484848485,False,False
discovery:n12:seed103:index:t0:moveable:k1,post_branch,step,5,73,"[3, 0, 7, 6, 2, 8, 4, 9, 1, 5, 10, 11]","[""none"", ""none"", ""none"", ""none"", ""none"", ""none"", ""none"", ""none"", ""none"", ""moveable"", ""none"", ""none""]",0.45454545454545453,0.2878787878787879,False,False
discovery:n12:seed103:index:t0:moveable:k1,post_branch,step,6,88,"[0, 3, 6, 7, 2, 4, 1, 8, 9, 5, 10, 11]","[""none"", ""none"", ""none"", ""none"", ""none"", ""none"", ""none"", ""none"", ""none"", ""moveable"", ""none"", ""none""]",0.2727272727272727,0.21212121212121213,False,False
discovery:n12:seed103:index:t0:moveable:k1,post_branch,step,7,103,"[0, 3, 6, 2, 4, 1, 7, 8, 5, 9, 10, 11]","[""none"", ""none"", ""none"", ""none"", ""none"", ""none"", ""none"", ""none"", ""moveable"", ""none"", ""none"", ""none""]",0.2727272727272727,0.15151515151515152,False,False
discovery:n12:seed103:index:t0:moveable:k1,post_branch,step,8,116,"[0, 3, 2, 4, 1, 6, 7, 8, 5, 9, 10, 11]","[""none"", ""none"", ""none"", ""none"", ""none"", ""none"", ""none"", ""none"", ""moveable"", ""none"", ""none"", ""none""]",0.2727272727272727,0.10606060606060606,False,False
discovery:n12:seed103:index:t0:moveable:k1,post_branch,step,9,128,"[0, 3, 1, 2, 4, 6, 7, 8, 5, 9, 10, 11]","[""none"", ""none"", ""none"", ""none"", ""none"", ""none"", ""none"", ""none"", ""moveable"", ""none"", ""none"", ""none""]",0.18181818181818182,0.07575757575757576,False,False
discovery:n12:seed103:index:t0:moveable:k1,post_branch,step,10,139,"[0, 3, 1, 2, 4, 6, 7, 5, 8, 9, 10, 11]","[""none"", ""none"", ""none"", ""none"", ""none"", ""none"", ""none"", ""moveable"", ""none"", ""none"", ""none"", ""none""]",0.18181818181818182,0.06060606060606061,False,False
discovery:n12:seed103:index:t0:moveable:k1,post_branch,step,11,148,"[0, 3, 1, 2, 4, 6, 7, 5, 8, 9, 10, 11]","[""none"", ""none"", ""none"", ""none"", ""none"", ""none"", ""none"", ""moveable"", ""none"", ""none"", ""none"", ""none""]",0.18181818181818182,0.06060606060606061,False,False
discovery:n12:seed103:index:t0:moveable:k1,post_branch,step,12,160,"[0, 1, 2, 3, 4, 6, 5, 7, 8, 9, 10, 11]","[""none"", ""none"", ""none"", ""none"", ""none"", ""none"", ""moveable"", ""none"", ""none"", ""none"", ""none"", ""none""]",0.09090909090909091,0.015151515151515152,False,False
discovery:n12:seed103:index:t0:moveable:k1,post_branch,step,13,171,"[0, 1, 2, 3, 4, 6, 5, 7, 8, 9, 10, 11]","[""none"", ""none"", ""none"", ""none"", ""none"", ""none"", ""moveable"", ""none"", ""none"", ""none"", ""none"", ""none""]",0.09090909090909091,0.015151515151515152,False,False
discovery:n12:seed103:index:t0:moveable:k1,post_branch,step,14,182,"[0, 1, 2, 3, 4, 5, 6, 7, 8, 9, 10, 11]","[""none"", ""none"", ""none"", ""none"", ""none"", ""moveable"", ""none"", ""none"", ""none"", ""none"", ""none"", ""none""]",0.0,0.0,True,True
discovery:n12:seed103:index:t0:moveable:k2,pre_branch,setup,0,0,"[7, 8, 9, 3, 6, 0, 10, 5, 11, 2, 4, 1]","[""none"", ""none"", ""none"", ""none"", ""none"", ""none"", ""none"", ""none"", ""none"", ""none"", ""none"", ""none""]",0.45454545454545453,0.6212121212121212,False,False
discovery:n12:seed103:index:t0:moveable:k2,post_branch,freeze-moveable,0,0,"[7, 8, 9, 3, 6, 0, 10, 5, 11, 2, 4, 1]","[""none"", ""none"", ""none"", ""none"", ""none"", ""moveable"", ""none"", ""none"", ""moveable"", ""none"", ""none"", ""none""]",0.45454545454545453,0.6212121212121212,False,False
discovery:n12:seed103:index:t0:moveable:k2,post_branch,step,1,15,"[7, 8, 3, 9, 0, 5, 6, 10, 11, 1, 2, 4]","[""none"", ""none"", ""none"", ""none"", ""moveable"", ""none"", ""none"", ""none"", ""moveable"", ""none"", ""none"", ""none""]",0.2727272727272727,0.5303030303030303,False,False
discovery:n12:seed103:index:t0:moveable:k2,post_branch,step,2,27,"[7, 3, 8, 0, 5, 9, 6, 10, 11, 1, 2, 4]","[""none"", ""none"", ""none"", ""moveable"", ""none"", ""none"", ""none"", ""none"", ""moveable"", ""none"", ""none"", ""none""]",0.36363636363636365,0.48484848484848486,False,False
discovery:n12:seed103:index:t0:moveable:k2,post_branch,step,3,39,"[3, 7, 8, 0, 5, 6, 9, 10, 1, 11, 2, 4]","[""none"", ""none"", ""none"", ""moveable"", ""none"", ""none"", ""none"", ""none"", ""none"", ""moveable"", ""none"", ""none""]",0.2727272727272727,0.4393939393939394,False,False
discovery:n12:seed103:index:t0:moveable:k2,post_branch,step,4,52,"[3, 7, 8, 0, 5, 6, 1, 9, 10, 2, 4, 11]","[""none"", ""none"", ""none"", ""moveable"", ""none"", ""none"", ""none"", ""none"", ""none"", ""none"", ""none"", ""moveable""]",0.2727272727272727,0.3787878787878788,False,False
discovery:n12:seed103:index:t0:moveable:k2,post_branch,step,5,65,"[3, 7, 0, 8, 5, 1, 6, 2, 9, 10, 4, 11]","[""none"", ""none"", ""moveable"", ""none"", ""none"", ""none"", ""none"", ""none"", ""none"", ""none"", ""none"", ""moveable""]",0.45454545454545453,0.3181818181818182,False,False
discovery:n12:seed103:index:t0:moveable:k2,post_branch,step,6,78,"[3, 7, 0, 5, 1, 6, 2, 8, 9, 10, 4, 11]","[""none"", ""none"", ""moveable"", ""none"", ""none"", ""none"", ""none"", ""none"", ""none"", ""none"", ""none"", ""moveable""]",0.36363636363636365,0.25757575757575757,False,False
discovery:n12:seed103:index:t0:moveable:k2,post_branch,step,7,92,"[3, 7, 0, 1, 2, 5, 6, 8, 4, 9, 10, 11]","[""none"", ""none"", ""moveable"", ""none"", ""none"", ""none"", ""none"", ""none"", ""none"", ""none"", ""none"", ""moveable""]",0.18181818181818182,0.18181818181818182,False,False
discovery:n12:seed103:index:t0:moveable:k2,post_branch,step,8,102,"[3, 7, 0, 1, 2, 5, 6, 4, 8, 9, 10, 11]","[""none"", ""none"", ""moveable"", ""none"", ""none"", ""none"", ""none"", ""none"", ""none"", ""none"", ""none"", ""moveable""]",0.18181818181818182,0.16666666666666666,False,False
discovery:n12:seed103:index:t0:moveable:k2,post_branch,step,9,113,"[3, 7, 0, 1, 2, 5, 4, 6, 8, 9, 10, 11]","[""none"", ""none"", ""moveable"", ""none"", ""none"", ""none"", ""none"", ""none"", ""none"", ""none"", ""none"", ""moveable""]",0.18181818181818182,0.15151515151515152,False,False
discovery:n12:seed103:index:t0:moveable:k2,post_branch,step,10,126,"[3, 0, 1, 7, 2, 4, 5, 6, 8, 9, 10, 11]","[""none"", ""moveable"", ""none"", ""none"", ""none"", ""none"", ""none"", ""none"", ""none"", ""none"", ""none"", ""moveable""]",0.18181818181818182,0.10606060606060606,False,False
discovery:n12:seed103:index:t0:moveable:k2,post_branch,step,11,137,"[3, 0, 1, 2, 4, 7, 5, 6, 8, 9, 10, 11]","[""none"", ""moveable"", ""none"", ""none"", ""none"", ""none"", ""none"", ""none"", ""none"", ""none"", ""none"", ""moveable""]",0.18181818181818182,0.07575757575757576,False,False
discovery:n12:seed103:index:t0:moveable:k2,post_branch,step,12,146,"[3, 0, 1, 2, 4, 7, 5, 6, 8, 9, 10, 11]","[""none"", ""moveable"", ""none"", ""none"", ""none"", ""none"", ""none"", ""none"", ""none"", ""none"", ""none"", ""moveable""]",0.18181818181818182,0.07575757575757576,False,False
discovery:n12:seed103:index:t0:moveable:k2,post_branch,step,13,161,"[0, 1, 2, 3, 4, 5, 6, 7, 8, 9, 10, 11]","[""moveable"", ""none"", ""none"", ""none"", ""none"", ""none"", ""none"", ""none"", ""none"", ""none"", ""none"", ""moveable""]",0.0,0.0,True,True
discovery:n12:seed103:index:t0:moveable:k3,pre_branch,setup,0,0,"[7, 8, 9, 3, 6, 0, 10, 5, 11, 2, 4, 1]","[""none"", ""none"", ""none"", ""none"", ""none"", ""none"", ""none"", ""none"", ""none"", ""none"", ""none"", ""none""]",0.45454545454545453,0.6212121212121212,False,False
discovery:n12:seed103:index:t0:moveable:k3,post_branch,freeze-moveable,0,0,"[7, 8, 9, 3, 6, 0, 10, 5, 11, 2, 4, 1]","[""none"", ""moveable"", ""none"", ""none"", ""none"", ""moveable"", ""moveable"", ""none"", ""none"", ""none"", ""none"", ""none""]",0.45454545454545453,0.6212121212121212,False,False
discovery:n12:seed103:index:t0:moveable:k3,post_branch,step,1,14,"[7, 3, 8, 6, 9, 0, 10, 2, 5, 11, 1, 4]","[""none"", ""none"", ""moveable"", ""none"", ""none"", ""moveable"", ""moveable"", ""none"", ""none"", ""none"", ""none"", ""none""]",0.45454545454545453,0.5303030303030303,False,False
discovery:n12:seed103:index:t0:moveable:k3,post_branch,step,2,24,"[3, 7, 8, 6, 0, 9, 10, 2, 5, 1, 11, 4]","[""none"", ""none"", ""moveable"", ""none"", ""moveable"", ""none"", ""moveable"", ""none"", ""none"", ""none"", ""none"", ""none""]",0.45454545454545453,0.48484848484848486,False,False
discovery:n12:seed103:index:t0:moveable:k3,post_branch,step,3,37,"[3, 7, 8, 0, 6, 9, 2, 5, 10, 1, 4, 11]","[""none"", ""none"", ""moveable"", ""moveable"", ""none"", ""none"", ""none"", ""none"", ""moveable"", ""none"", ""none"", ""none""]",0.2727272727272727,0.42424242424242425,False,False
discovery:n12:seed103:index:t0:moveable:k3,post_branch,step,4,46,"[3, 7, 8, 0, 6, 2, 5, 9, 10, 1, 4, 11]","[""none"", ""none"", ""moveable"", ""moveable"", ""none"", ""none"", ""none"", ""none"", ""moveable"", ""none"", ""none"", ""none""]",0.2727272727272727,0.3939393939393939,False,False
discovery:n12:seed103:index:t0:moveable:k3,post_branch,step,5,56,"[3, 7, 8, 0, 2, 5, 6, 9, 10, 1, 4, 11]","[""none"", ""none"", ""moveable"", ""moveable"", ""none"", ""none"", ""none"", ""none"", ""moveable"", ""none"", ""none"", ""none""]",0.18181818181818182,0.36363636363636365,False,False
discovery:n12:seed103:index:t0:moveable:k3,post_branch,step,6,65,"[3, 7, 8, 0, 2, 5, 6, 9, 1, 10, 4, 11]","[""none"", ""none"", ""moveable"", ""moveable"", ""none"", ""none"", ""none"", ""none"", ""none"", ""moveable"", ""none"", ""none""]",0.2727272727272727,0.3484848484848485,False,False
discovery:n12:seed103:index:t0:moveable:k3,post_branch,step,7,75,"[3, 7, 8, 0, 2, 5, 1, 6, 9, 4, 10, 11]","[""none"", ""none"", ""moveable"", ""moveable"", ""none"", ""none"", ""none"", ""none"", ""none"", ""none"", ""moveable"", ""none""]",0.2727272727272727,0.30303030303030304,False,False
discovery:n12:seed103:index:t0:moveable:k3,post_branch,step,8,85,"[3, 7, 8, 0, 2, 1, 5, 6, 4, 9, 10, 11]","[""none"", ""none"", ""moveable"", ""moveable"", ""none"", ""none"", ""none"", ""none"", ""none"", ""none"", ""moveable"", ""none""]",0.2727272727272727,0.2727272727272727,False,False
discovery:n12:seed103:index:t0:moveable:k3,post_branch,step,9,93,"[3, 7, 8, 0, 1, 2, 5, 6, 4, 9, 10, 11]","[""none"", ""none"", ""moveable"", ""moveable"", ""none"", ""none"", ""none"", ""none"", ""none"", ""none"", ""moveable"", ""none""]",0.18181818181818182,0.25757575757575757,False,False
discovery:n12:seed103:index:t0:moveable:k3,post_branch,step,10,102,"[3, 7, 8, 0, 1, 2, 5, 4, 6, 9, 10, 11]","[""none"", ""none"", ""moveable"", ""moveable"", ""none"", ""none"", ""none"", ""none"", ""none"", ""none"", ""moveable"", ""none""]",0.18181818181818182,0.24242424242424243,False,False
discovery:n12:seed103:index:t0:moveable:k3,post_branch,step,11,111,"[3, 7, 8, 0, 1, 2, 4, 5, 6, 9, 10, 11]","[""none"", ""none"", ""moveable"", ""moveable"", ""none"", ""none"", ""none"", ""none"", ""none"", ""none"", ""moveable"", ""none""]",0.09090909090909091,0.22727272727272727,False,True
discovery:n12:seed103:index:t0:immovable:k1,pre_branch,setup,0,0,"[7, 8, 9, 3, 6, 0, 10, 5, 11, 2, 4, 1]","[""none"", ""none"", ""none"", ""none"", ""none"", ""none"", ""none"", ""none"", ""none"", ""none"", ""none"", ""none""]",0.45454545454545453,0.6212121212121212,False,False
discovery:n12:seed103:index:t0:immovable:k1,post_branch,freeze-immovable,0,0,"[7, 8, 9, 3, 6, 0, 10, 5, 11, 2, 4, 1]","[""none"", ""none"", ""none"", ""none"", ""none"", ""none"", ""none"", ""immovable"", ""none"", ""none"", ""none"", ""none""]",0.45454545454545453,0.6212121212121212,False,False
discovery:n12:seed103:index:t0:immovable:k1,post_branch,step,1,15,"[7, 8, 3, 9, 0, 6, 10, 5, 2, 4, 1, 11]","[""none"", ""none"", ""none"", ""none"", ""none"", ""none"", ""none"", ""immovable"", ""none"", ""none"", ""none"", ""none""]",0.45454545454545453,0.5454545454545454,False,False
discovery:n12:seed103:index:t0:immovable:k1,post_branch,step,2,26,"[7, 3, 8, 9, 0, 6, 10, 5, 2, 4, 1, 11]","[""none"", ""none"", ""none"", ""none"", ""none"", ""none"", ""none"", ""immovable"", ""none"", ""none"", ""none"", ""none""]",0.45454545454545453,0.5303030303030303,False,False
discovery:n12:seed103:index:t0:immovable:k1,post_branch,step,3,40,"[3, 7, 8, 0, 6, 9, 10, 5, 2, 1, 4, 11]","[""none"", ""none"", ""none"", ""none"", ""none"", ""none"", ""none"", ""immovable"", ""none"", ""none"", ""none"", ""none""]",0.36363636363636365,0.4696969696969697,False,False
discovery:n12:seed103:index:t0:immovable:k1,post_branch,step,4,53,"[3, 7, 0, 6, 8, 9, 10, 5, 1, 2, 4, 11]","[""none"", ""none"", ""none"", ""none"", ""none"", ""none"", ""none"", ""immovable"", ""none"", ""none"", ""none"", ""none""]",0.2727272727272727,0.42424242424242425,False,False
discovery:n12:seed103:index:t0:immovable:k1,post_branch,step,5,65,"[3, 0, 7, 6, 8, 9, 10, 5, 1, 2, 4, 11]","[""none"", ""none"", ""none"", ""none"", ""none"", ""none"", ""none"", ""immovable"", ""none"", ""none"", ""none"", ""none""]",0.36363636363636365,0.4090909090909091,False,False
discovery:n12:seed103:index:t0:immovable:k1,post_branch,step,6,77,"[0, 3, 6, 7, 8, 9, 10, 5, 1, 2, 4, 11]","[""none"", ""none"", ""none"", ""none"", ""none"", ""none"", ""none"", ""immovable"", ""none"", ""none"", ""none"", ""none""]",0.18181818181818182,0.3787878787878788,False,True
discovery:n12:seed103:index:t0:immovable:k2,pre_branch,setup,0,0,"[7, 8, 9, 3, 6, 0, 10, 5, 11, 2, 4, 1]","[""none"", ""none"", ""none"", ""none"", ""none"", ""none"", ""none"", ""none"", ""none"", ""none"", ""none"", ""none""]",0.45454545454545453,0.6212121212121212,False,False
discovery:n12:seed103:index:t0:immovable:k2,post_branch,freeze-immovable,0,0,"[7, 8, 9, 3, 6, 0, 10, 5, 11, 2, 4, 1]","[""none"", ""none"", ""none"", ""none"", ""none"", ""immovable"", ""none"", ""none"", ""immovable"", ""none"", ""none"", ""none""]",0.45454545454545453,0.6212121212121212,False,False
discovery:n12:seed103:index:t0:immovable:k2,post_branch,step,1,13,"[7, 8, 3, 9, 6, 0, 5, 10, 11, 1, 2, 4]","[""none"", ""none"", ""none"", ""none"", ""none"", ""immovable"", ""none"", ""none"", ""immovable"", ""none"", ""none"", ""none""]",0.36363636363636365,0.5606060606060606,False,False
discovery:n12:seed103:index:t0:immovable:k2,post_branch,step,2,25,"[7, 3, 6, 8, 9, 0, 5, 10, 11, 1, 2, 4]","[""none"", ""none"", ""none"", ""none"", ""none"", ""immovable"", ""none"", ""none"", ""immovable"", ""none"", ""none"", ""none""]",0.2727272727272727,0.5151515151515151,False,False
discovery:n12:seed103:index:t0:immovable:k2,post_branch,step,3,36,"[3, 6, 7, 8, 9, 0, 5, 10, 11, 1, 2, 4]","[""none"", ""none"", ""none"", ""none"", ""none"", ""immovable"", ""none"", ""none"", ""immovable"", ""none"", ""none"", ""none""]",0.18181818181818182,0.48484848484848486,False,True
discovery:n12:seed103:index:t0:immovable:k3,pre_branch,setup,0,0,"[7, 8, 9, 3, 6, 0, 10, 5, 11, 2, 4, 1]","[""none"", ""none"", ""none"", ""none"", ""none"", ""none"", ""none"", ""none"", ""none"", ""none"", ""none"", ""none""]",0.45454545454545453,0.6212121212121212,False,False
discovery:n12:seed103:index:t0:immovable:k3,post_branch,freeze-immovable,0,0,"[7, 8, 9, 3, 6, 0, 10, 5, 11, 2, 4, 1]","[""none"", ""immovable"", ""none"", ""none"", ""none"", ""immovable"", ""immovable"", ""none"", ""none"", ""none"", ""none"", ""none""]",0.45454545454545453,0.6212121212121212,False,False
discovery:n12:seed103:index:t0:immovable:k3,post_branch,step,1,13,"[7, 8, 3, 6, 9, 0, 10, 2, 5, 11, 1, 4]","[""none"", ""immovable"", ""none"", ""none"", ""none"", ""immovable"", ""immovable"", ""none"", ""none"", ""none"", ""none"", ""none""]",0.36363636363636365,0.5454545454545454,False,False
discovery:n12:seed103:index:t0:immovable:k3,post_branch,step,2,21,"[7, 8, 3, 6, 9, 0, 10, 2, 5, 1, 11, 4]","[""none"", ""immovable"", ""none"", ""none"", ""none"", ""immovable"", ""immovable"", ""none"", ""none"", ""none"", ""none"", ""none""]",0.45454545454545453,0.5303030303030303,False,False
discovery:n12:seed103:index:t0:immovable:k3,post_branch,step,3,31,"[7, 8, 3, 6, 9, 0, 10, 2, 5, 1, 4, 11]","[""none"", ""immovable"", ""none"", ""none"", ""none"", ""immovable"", ""immovable"", ""none"", ""none"", ""none"", ""none"", ""none""]",0.36363636363636365,0.5151515151515151,False,False
discovery:n12:seed103:index:t0:immovable:k3,post_branch,step,4,38,"[7, 8, 3, 6, 9, 0, 10, 2, 5, 1, 4, 11]","[""none"", ""immovable"", ""none"", ""none"", ""none"", ""immovable"", ""immovable"", ""none"", ""none"", ""none"", ""none"", ""none""]",0.36363636363636365,0.5151515151515151,False,False
discovery:n12:seed103:index:t0:immovable:k3,post_branch,step,5,46,"[7, 8, 3, 6, 9, 0, 10, 2, 5, 1, 4, 11]","[""none"", ""immovable"", ""none"", ""none"", ""none"", ""immovable"", ""immovable"", ""none"", ""none"", ""none"", ""none"", ""none""]",0.36363636363636365,0.5151515151515151,False,False
discovery:n12:seed103:index:t0:immovable:k3,post_branch,step,6,55,"[7, 8, 3, 6, 9, 0, 10, 2, 1, 5, 4, 11]","[""none"", ""immovable"", ""none"", ""none"", ""none"", ""immovable"", ""immovable"", ""none"", ""none"", ""none"", ""none"", ""none""]",0.45454545454545453,0.5,False,False
discovery:n12:seed103:index:t0:immovable:k3,post_branch,step,7,63,"[7, 8, 3, 6, 9, 0, 10, 2, 1, 4, 5, 11]","[""none"", ""immovable"", ""none"", ""none"", ""none"", ""immovable"", ""immovable"", ""none"", ""none"", ""none"", ""none"", ""none""]",0.36363636363636365,0.48484848484848486,False,False
discovery:n12:seed103:index:t0:immovable:k3,post_branch,step,8,72,"[7, 8, 3, 6, 9, 0, 10, 1, 2, 4, 5, 11]","[""none"", ""immovable"", ""none"", ""none"", ""none"", ""immovable"", ""immovable"", ""none"", ""none"", ""none"", ""none"", ""none""]",0.2727272727272727,0.4696969696969697,False,True
discovery:n12:seed103:index:t4:moveable:k1,pre_branch,setup,0,0,"[7, 8, 9, 3, 6, 0, 10, 5, 11, 2, 4, 1]","[""none"", ""none"", ""none"", ""none"", ""none"", ""none"", ""none"", ""none"", ""none"", ""none"", ""none"", ""none""]",0.45454545454545453,0.6212121212121212,False,False
discovery:n12:seed103:index:t4:moveable:k1,pre_branch,step,1,15,"[7, 8, 3, 9, 0, 6, 10, 2, 5, 4, 11, 1]","[""none"", ""none"", ""none"", ""none"", ""none"", ""none"", ""none"", ""none"", ""none"", ""none"", ""none"", ""none""]",0.45454545454545453,0.5454545454545454,False,False
discovery:n12:seed103:index:t4:moveable:k1,pre_branch,step,2,34,"[3, 7, 8, 0, 9, 2, 6, 10, 4, 5, 1, 11]","[""none"", ""none"", ""none"", ""none"", ""none"", ""none"", ""none"", ""none"", ""none"", ""none"", ""none"", ""none""]",0.36363636363636365,0.4393939393939394,False,False
discovery:n12:seed103:index:t4:moveable:k1,pre_branch,step,3,50,"[3, 7, 0, 8, 2, 6, 9, 4, 10, 1, 5, 11]","[""none"", ""none"", ""none"", ""none"", ""none"", ""none"", ""none"", ""none"", ""none"", ""none"", ""none"", ""none""]",0.36363636363636365,0.36363636363636365,False,False
discovery:n12:seed103:index:t4:moveable:k1,pre_branch,step,4,66,"[3, 0, 7, 2, 6, 8, 4, 9, 1, 10, 5, 11]","[""none"", ""none"", ""none"", ""none"", ""none"", ""none"", ""none"", ""none"", ""none"", ""none"", ""none"", ""none""]",0.45454545454545453,0.2878787878787879,False,False
discovery:n12:seed103:index:t4:moveable:k1,post_branch,freeze-moveable,4,66,"[3, 0, 7, 2, 6, 8, 4, 9, 1, 10, 5, 11]","[""none"", ""none"", ""none"", ""none"", ""none"", ""none"", ""none"", ""none"", ""none"", ""moveable"", ""none"", ""none""]",0.45454545454545453,0.2878787878787879,False,False
discovery:n12:seed103:index:t4:moveable:k1,post_branch,step,5,81,"[3, 0, 2, 7, 4, 6, 8, 1, 9, 5, 10, 11]","[""none"", ""none"", ""none"", ""none"", ""none"", ""none"", ""none"", ""none"", ""none"", ""none"", ""moveable"", ""none""]",0.36363636363636365,0.21212121212121213,False,False
discovery:n12:seed103:index:t4:moveable:k1,post_branch,step,6,95,"[0, 2, 3, 4, 7, 6, 8, 1, 5, 9, 10, 11]","[""none"", ""none"", ""none"", ""none"", ""none"", ""none"", ""none"", ""none"", ""none"", ""none"", ""moveable"", ""none""]",0.18181818181818182,0.15151515151515152,False,False
discovery:n12:seed103:index:t4:moveable:k1,post_branch,step,7,106,"[0, 2, 3, 4, 6, 7, 1, 8, 5, 9, 10, 11]","[""none"", ""none"", ""none"", ""none"", ""none"", ""none"", ""none"", ""none"", ""none"", ""none"", ""moveable"", ""none""]",0.18181818181818182,0.12121212121212122,False,False
discovery:n12:seed103:index:t4:moveable:k1,post_branch,step,8,118,"[0, 2, 3, 4, 6, 1, 5, 7, 8, 9, 10, 11]","[""none"", ""none"", ""none"", ""none"", ""none"", ""none"", ""none"", ""none"", ""none"", ""none"", ""moveable"", ""none""]",0.09090909090909091,0.07575757575757576,False,False
discovery:n12:seed103:index:t4:moveable:k1,post_branch,step,9,128,"[0, 2, 3, 4, 1, 6, 5, 7, 8, 9, 10, 11]","[""none"", ""none"", ""none"", ""none"", ""none"", ""none"", ""none"", ""none"", ""none"", ""none"", ""moveable"", ""none""]",0.18181818181818182,0.06060606060606061,False,False
discovery:n12:seed103:index:t4:moveable:k1,post_branch,step,10,138,"[0, 2, 3, 1, 4, 6, 5, 7, 8, 9, 10, 11]","[""none"", ""none"", ""none"", ""none"", ""none"", ""none"", ""none"", ""none"", ""none"", ""none"", ""moveable"", ""none""]",0.18181818181818182,0.045454545454545456,False,False
discovery:n12:seed103:index:t4:moveable:k1,post_branch,step,11,149,"[0, 2, 3, 1, 4, 5, 6, 7, 8, 9, 10, 11]","[""none"", ""none"", ""none"", ""none"", ""none"", ""none"", ""none"", ""none"", ""none"", ""none"", ""moveable"", ""none""]",0.09090909090909091,0.030303030303030304,False,False
discovery:n12:seed103:index:t4:moveable:k1,post_branch,step,12,159,"[0, 2, 1, 3, 4, 5, 6, 7, 8, 9, 10, 11]","[""none"", ""none"", ""none"", ""none"", ""none"", ""none"", ""none"", ""none"", ""none"", ""none"", ""moveable"", ""none""]",0.09090909090909091,0.015151515151515152,False,False
discovery:n12:seed103:index:t4:moveable:k1,post_branch,step,13,171,"[0, 1, 2, 3, 4, 5, 6, 7, 8, 9, 10, 11]","[""none"", ""none"", ""none"", ""none"", ""none"", ""none"", ""none"", ""none"", ""none"", ""none"", ""moveable"", ""none""]",0.0,0.0,True,True
discovery:n12:seed103:index:t4:moveable:k2,pre_branch,setup,0,0,"[7, 8, 9, 3, 6, 0, 10, 5, 11, 2, 4, 1]","[""none"", ""none"", ""none"", ""none"", ""none"", ""none"", ""none"", ""none"", ""none"", ""none"", ""none"", ""none""]",0.45454545454545453,0.6212121212121212,False,False
discovery:n12:seed103:index:t4:moveable:k2,pre_branch,step,1,15,"[7, 8, 3, 9, 0, 6, 10, 2, 5, 4, 11, 1]","[""none"", ""none"", ""none"", ""none"", ""none"", ""none"", ""none"", ""none"", ""none"", ""none"", ""none"", ""none""]",0.45454545454545453,0.5454545454545454,False,False
discovery:n12:seed103:index:t4:moveable:k2,pre_branch,step,2,34,"[3, 7, 8, 0, 9, 2, 6, 10, 4, 5, 1, 11]","[""none"", ""none"", ""none"", ""none"", ""none"", ""none"", ""none"", ""none"", ""none"", ""none"", ""none"", ""none""]",0.36363636363636365,0.4393939393939394,False,False
discovery:n12:seed103:index:t4:moveable:k2,pre_branch,step,3,50,"[3, 7, 0, 8, 2, 6, 9, 4, 10, 1, 5, 11]","[""none"", ""none"", ""none"", ""none"", ""none"", ""none"", ""none"", ""none"", ""none"", ""none"", ""none"", ""none""]",0.36363636363636365,0.36363636363636365,False,False
discovery:n12:seed103:index:t4:moveable:k2,pre_branch,step,4,66,"[3, 0, 7, 2, 6, 8, 4, 9, 1, 10, 5, 11]","[""none"", ""none"", ""none"", ""none"", ""none"", ""none"", ""none"", ""none"", ""none"", ""none"", ""none"", ""none""]",0.45454545454545453,0.2878787878787879,False,False
discovery:n12:seed103:index:t4:moveable:k2,post_branch,freeze-moveable,4,66,"[3, 0, 7, 2, 6, 8, 4, 9, 1, 10, 5, 11]","[""none"", ""none"", ""none"", ""none"", ""moveable"", ""none"", ""moveable"", ""none"", ""none"", ""none"", ""none"", ""none""]",0.45454545454545453,0.2878787878787879,False,False
discovery:n12:seed103:index:t4:moveable:k2,post_branch,step,5,80,"[3, 0, 2, 7, 6, 4, 1, 8, 9, 5, 10, 11]","[""none"", ""none"", ""none"", ""none"", ""moveable"", ""moveable"", ""none"", ""none"", ""none"", ""none"", ""none"", ""none""]",0.45454545454545453,0.21212121212121213,False,False
discovery:n12:seed103:index:t4:moveable:k2,post_branch,step,6,90,"[3, 0, 2, 7, 6, 4, 1, 5, 8, 9, 10, 11]","[""none"", ""none"", ""none"", ""none"", ""moveable"", ""moveable"", ""none"", ""none"", ""none"", ""none"", ""none"", ""none""]",0.36363636363636365,0.18181818181818182,False,False
discovery:n12:seed103:index:t4:moveable:k2,post_branch,step,7,102,"[0, 2, 3, 7, 6, 1, 4, 5, 8, 9, 10, 11]","[""none"", ""none"", ""none"", ""none"", ""moveable"", ""none"", ""moveable"", ""none"", ""none"", ""none"", ""none"", ""none""]",0.18181818181818182,0.13636363636363635,False,False
discovery:n12:seed103:index:t4:moveable:k2,post_branch,step,8,113,"[0, 2, 3, 7, 1, 6, 4, 5, 8, 9, 10, 11]","[""none"", ""none"", ""none"", ""none"", ""none"", ""moveable"", ""moveable"", ""none"", ""none"", ""none"", ""none"", ""none""]",0.18181818181818182,0.12121212121212122,False,False
discovery:n12:seed103:index:t4:moveable:k2,post_branch,step,9,125,"[0, 2, 1, 3, 7, 6, 4, 5, 8, 9, 10, 11]","[""none"", ""none"", ""none"", ""none"", ""none"", ""moveable"", ""moveable"", ""none"", ""none"", ""none"", ""none"", ""none""]",0.2727272727272727,0.09090909090909091,False,False
discovery:n12:seed103:index:t4:moveable:k2,post_branch,step,10,136,"[0, 1, 2, 3, 6, 7, 4, 5, 8, 9, 10, 11]","[""none"", ""none"", ""none"", ""none"", ""moveable"", ""none"", ""moveable"", ""none"", ""none"", ""none"", ""none"", ""none""]",0.09090909090909091,0.06060606060606061,False,False
discovery:n12:seed103:index:t4:moveable:k2,post_branch,step,11,145,"[0, 1, 2, 3, 6, 4, 7, 5, 8, 9, 10, 11]","[""none"", ""none"", ""none"", ""none"", ""moveable"", ""moveable"", ""none"", ""none"", ""none"", ""none"", ""none"", ""none""]",0.18181818181818182,0.045454545454545456,False,False
discovery:n12:seed103:index:t4:moveable:k2,post_branch,step,12,154,"[0, 1, 2, 3, 6, 4, 5, 7, 8, 9, 10, 11]","[""none"", ""none"", ""none"", ""none"", ""moveable"", ""moveable"", ""none"", ""none"", ""none"", ""none"", ""none"", ""none""]",0.09090909090909091,0.030303030303030304,False,True
discovery:n12:seed103:index:t4:moveable:k3,pre_branch,setup,0,0,"[7, 8, 9, 3, 6, 0, 10, 5, 11, 2, 4, 1]","[""none"", ""none"", ""none"", ""none"", ""none"", ""none"", ""none"", ""none"", ""none"", ""none"", ""none"", ""none""]",0.45454545454545453,0.6212121212121212,False,False
discovery:n12:seed103:index:t4:moveable:k3,pre_branch,step,1,15,"[7, 8, 3, 9, 0, 6, 10, 2, 5, 4, 11, 1]","[""none"", ""none"", ""none"", ""none"", ""none"", ""none"", ""none"", ""none"", ""none"", ""none"", ""none"", ""none""]",0.45454545454545453,0.5454545454545454,False,False
discovery:n12:seed103:index:t4:moveable:k3,pre_branch,step,2,34,"[3, 7, 8, 0, 9, 2, 6, 10, 4, 5, 1, 11]","[""none"", ""none"", ""none"", ""none"", ""none"", ""none"", ""none"", ""none"", ""none"", ""none"", ""none"", ""none""]",0.36363636363636365,0.4393939393939394,False,False
discovery:n12:seed103:index:t4:moveable:k3,pre_branch,step,3,50,"[3, 7, 0, 8, 2, 6, 9, 4, 10, 1, 5, 11]","[""none"", ""none"", ""none"", ""none"", ""none"", ""none"", ""none"", ""none"", ""none"", ""none"", ""none"", ""none""]",0.36363636363636365,0.36363636363636365,False,False
discovery:n12:seed103:index:t4:moveable:k3,pre_branch,step,4,66,"[3, 0, 7, 2, 6, 8, 4, 9, 1, 10, 5, 11]","[""none"", ""none"", ""none"", ""none"", ""none"", ""none"", ""none"", ""none"", ""none"", ""none"", ""none"", ""none""]",0.45454545454545453,0.2878787878787879,False,False
discovery:n12:seed103:index:t4:moveable:k3,post_branch,freeze-moveable,4,66,"[3, 0, 7, 2, 6, 8, 4, 9, 1, 10, 5, 11]","[""moveable"", ""none"", ""none"", ""none"", ""none"", ""none"", ""none"", ""none"", ""moveable"", ""none"", ""moveable"", ""none""]",0.45454545454545453,0.2878787878787879,False,False
discovery:n12:seed103:index:t4:moveable:k3,post_branch,step,5,80,"[0, 2, 3, 6, 7, 4, 8, 9, 1, 10, 5, 11]","[""none"", ""none"", ""moveable"", ""none"", ""none"", ""none"", ""none"", ""none"", ""moveable"", ""none"", ""moveable"", ""none""]",0.2727272727272727,0.21212121212121213,False,False
discovery:n12:seed103:index:t4:moveable:k3,post_branch,step,6,90,"[0, 2, 3, 6, 4, 7, 8, 9, 1, 5, 10, 11]","[""none"", ""none"", ""moveable"", ""none"", ""none"", ""none"", ""none"", ""none"", ""moveable"", ""moveable"", ""none"", ""none""]",0.18181818181818182,0.18181818181818182,False,False
discovery:n12:seed103:index:t4:moveable:k3,post_branch,step,7,99,"[0, 2, 3, 4, 6, 7, 8, 9, 1, 5, 10, 11]","[""none"", ""none"", ""moveable"", ""none"", ""none"", ""none"", ""none"", ""none"", ""moveable"", ""moveable"", ""none"", ""none""]",0.09090909090909091,0.16666666666666666,False,False
discovery:n12:seed103:index:t4:moveable:k3,post_branch,step,8,107,"[0, 2, 3, 4, 6, 7, 8, 9, 1, 5, 10, 11]","[""none"", ""none"", ""moveable"", ""none"", ""none"", ""none"", ""none"", ""none"", ""moveable"", ""moveable"", ""none"", ""none""]",0.09090909090909091,0.16666666666666666,False,False
discovery:n12:seed103:index:t4:moveable:k3,post_branch,step,9,116,"[0, 2, 3, 4, 6, 7, 8, 1, 9, 5, 10, 11]","[""none"", ""none"", ""moveable"", ""none"", ""none"", ""none"", ""none"", ""moveable"", ""none"", ""moveable"", ""none"", ""none""]",0.18181818181818182,0.15151515151515152,False,False
discovery:n12:seed103:index:t4:moveable:k3,post_branch,step,10,126,"[0, 2, 3, 4, 6, 7, 1, 8, 5, 9, 10, 11]","[""none"", ""none"", ""moveable"", ""none"", ""none"", ""none"", ""moveable"", ""none"", ""moveable"", ""none"", ""none"", ""none""]",0.18181818181818182,0.12121212121212122,False,False
discovery:n12:seed103:index:t4:moveable:k3,post_branch,step,11,137,"[0, 2, 3, 4, 6, 1, 7, 5, 8, 9, 10, 11]","[""none"", ""none"", ""moveable"", ""none"", ""none"", ""moveable"", ""none"", ""moveable"", ""none"", ""none"", ""none"", ""none""]",0.18181818181818182,0.09090909090909091,False,False
discovery:n12:seed103:index:t4:moveable:k3,post_branch,step,12,145,"[0, 2, 3, 4, 6, 1, 5, 7, 8, 9, 10, 11]","[""none"", ""none"", ""moveable"", ""none"", ""none"", ""moveable"", ""moveable"", ""none"", ""none"", ""none"", ""none"", ""none""]",0.09090909090909091,0.07575757575757576,False,False
discovery:n12:seed103:index:t4:moveable:k3,post_branch,step,13,153,"[0, 2, 3, 4, 6, 1, 5, 7, 8, 9, 10, 11]","[""none"", ""none"", ""moveable"", ""none"", ""none"", ""moveable"", ""moveable"", ""none"", ""none"", ""none"", ""none"", ""none""]",0.09090909090909091,0.07575757575757576,False,False
discovery:n12:seed103:index:t4:moveable:k3,post_branch,step,14,163,"[0, 2, 3, 4, 1, 6, 5, 7, 8, 9, 10, 11]","[""none"", ""none"", ""moveable"", ""none"", ""moveable"", ""none"", ""moveable"", ""none"", ""none"", ""none"", ""none"", ""none""]",0.18181818181818182,0.06060606060606061,False,False
discovery:n12:seed103:index:t4:moveable:k3,post_branch,step,15,173,"[0, 2, 3, 1, 4, 5, 6, 7, 8, 9, 10, 11]","[""none"", ""none"", ""moveable"", ""moveable"", ""none"", ""moveable"", ""none"", ""none"", ""none"", ""none"", ""none"", ""none""]",0.09090909090909091,0.030303030303030304,False,True
discovery:n12:seed103:index:t4:immovable:k1,pre_branch,setup,0,0,"[7, 8, 9, 3, 6, 0, 10, 5, 11, 2, 4, 1]","[""none"", ""none"", ""none"", ""none"", ""none"", ""none"", ""none"", ""none"", ""none"", ""none"", ""none"", ""none""]",0.45454545454545453,0.6212121212121212,False,False
discovery:n12:seed103:index:t4:immovable:k1,pre_branch,step,1,15,"[7, 8, 3, 9, 0, 6, 10, 2, 5, 4, 11, 1]","[""none"", ""none"", ""none"", ""none"", ""none"", ""none"", ""none"", ""none"", ""none"", ""none"", ""none"", ""none""]",0.45454545454545453,0.5454545454545454,False,False
discovery:n12:seed103:index:t4:immovable:k1,pre_branch,step,2,34,"[3, 7, 8, 0, 9, 2, 6, 10, 4, 5, 1, 11]","[""none"", ""none"", ""none"", ""none"", ""none"", ""none"", ""none"", ""none"", ""none"", ""none"", ""none"", ""none""]",0.36363636363636365,0.4393939393939394,False,False
discovery:n12:seed103:index:t4:immovable:k1,pre_branch,step,3,50,"[3, 7, 0, 8, 2, 6, 9, 4, 10, 1, 5, 11]","[""none"", ""none"", ""none"", ""none"", ""none"", ""none"", ""none"", ""none"", ""none"", ""none"", ""none"", ""none""]",0.36363636363636365,0.36363636363636365,False,False
discovery:n12:seed103:index:t4:immovable:k1,pre_branch,step,4,66,"[3, 0, 7, 2, 6, 8, 4, 9, 1, 10, 5, 11]","[""none"", ""none"", ""none"", ""none"", ""none"", ""none"", ""none"", ""none"", ""none"", ""none"", ""none"", ""none""]",0.45454545454545453,0.2878787878787879,False,False
discovery:n12:seed103:index:t4:immovable:k1,post_branch,freeze-immovable,4,66,"[3, 0, 7, 2, 6, 8, 4, 9, 1, 10, 5, 11]","[""none"", ""none"", ""none"", ""none"", ""none"", ""none"", ""none"", ""none"", ""none"", ""immovable"", ""none"", ""none""]",0.45454545454545453,0.2878787878787879,False,False
discovery:n12:seed103:index:t4:immovable:k1,post_branch,step,5,80,"[3, 0, 2, 7, 4, 6, 8, 1, 9, 10, 5, 11]","[""none"", ""none"", ""none"", ""none"", ""none"", ""none"", ""none"", ""none"", ""none"", ""immovable"", ""none"", ""none""]",0.36363636363636365,0.22727272727272727,False,False
discovery:n12:seed103:index:t4:immovable:k1,post_branch,step,6,93,"[0, 2, 3, 4, 7, 6, 8, 1, 9, 10, 5, 11]","[""none"", ""none"", ""none"", ""none"", ""none"", ""none"", ""none"", ""none"", ""none"", ""immovable"", ""none"", ""none""]",0.2727272727272727,0.18181818181818182,False,False
discovery:n12:seed103:index:t4:immovable:k1,post_branch,step,7,104,"[0, 2, 3, 4, 6, 7, 1, 8, 9, 10, 5, 11]","[""none"", ""none"", ""none"", ""none"", ""none"", ""none"", ""none"", ""none"", ""none"", ""immovable"", ""none"", ""none""]",0.18181818181818182,0.15151515151515152,False,False
discovery:n12:seed103:index:t4:immovable:k1,post_branch,step,8,114,"[0, 2, 3, 4, 6, 1, 7, 8, 9, 10, 5, 11]","[""none"", ""none"", ""none"", ""none"", ""none"", ""none"", ""none"", ""none"", ""none"", ""immovable"", ""none"", ""none""]",0.18181818181818182,0.13636363636363635,False,False
discovery:n12:seed103:index:t4:immovable:k1,post_branch,step,9,124,"[0, 2, 3, 4, 1, 6, 7, 8, 9, 10, 5, 11]","[""none"", ""none"", ""none"", ""none"", ""none"", ""none"", ""none"", ""none"", ""none"", ""immovable"", ""none"", ""none""]",0.18181818181818182,0.12121212121212122,False,False
discovery:n12:seed103:index:t4:immovable:k1,post_branch,step,10,134,"[0, 2, 3, 1, 4, 6, 7, 8, 9, 10, 5, 11]","[""none"", ""none"", ""none"", ""none"", ""none"", ""none"", ""none"", ""none"", ""none"", ""immovable"", ""none"", ""none""]",0.18181818181818182,0.10606060606060606,False,False
discovery:n12:seed103:index:t4:immovable:k1,post_branch,step,11,144,"[0, 2, 3, 1, 4, 6, 7, 8, 9, 10, 5, 11]","[""none"", ""none"", ""none"", ""none"", ""none"", ""none"", ""none"", ""none"", ""none"", ""immovable"", ""none"", ""none""]",0.18181818181818182,0.10606060606060606,False,False
discovery:n12:seed103:index:t4:immovable:k1,post_branch,step,12,154,"[0, 2, 1, 3, 4, 6, 7, 8, 9, 10, 5, 11]","[""none"", ""none"", ""none"", ""none"", ""none"", ""none"", ""none"", ""none"", ""none"", ""immovable"", ""none"", ""none""]",0.18181818181818182,0.09090909090909091,False,False
discovery:n12:seed103:index:t4:immovable:k1,post_branch,step,13,166,"[0, 1, 2, 3, 4, 6, 7, 8, 9, 10, 5, 11]","[""none"", ""none"", ""none"", ""none"", ""none"", ""none"", ""none"", ""none"", ""none"", ""immovable"", ""none"", ""none""]",0.09090909090909091,0.07575757575757576,False,True
discovery:n12:seed103:index:t4:immovable:k2,pre_branch,setup,0,0,"[7, 8, 9, 3, 6, 0, 10, 5, 11, 2, 4, 1]","[""none"", ""none"", ""none"", ""none"", ""none"", ""none"", ""none"", ""none"", ""none"", ""none"", ""none"", ""none""]",0.45454545454545453,0.6212121212121212,False,False
discovery:n12:seed103:index:t4:immovable:k2,pre_branch,step,1,15,"[7, 8, 3, 9, 0, 6, 10, 2, 5, 4, 11, 1]","[""none"", ""none"", ""none"", ""none"", ""none"", ""none"", ""none"", ""none"", ""none"", ""none"", ""none"", ""none""]",0.45454545454545453,0.5454545454545454,False,False
discovery:n12:seed103:index:t4:immovable:k2,pre_branch,step,2,34,"[3, 7, 8, 0, 9, 2, 6, 10, 4, 5, 1, 11]","[""none"", ""none"", ""none"", ""none"", ""none"", ""none"", ""none"", ""none"", ""none"", ""none"", ""none"", ""none""]",0.36363636363636365,0.4393939393939394,False,False
discovery:n12:seed103:index:t4:immovable:k2,pre_branch,step,3,50,"[3, 7, 0, 8, 2, 6, 9, 4, 10, 1, 5, 11]","[""none"", ""none"", ""none"", ""none"", ""none"", ""none"", ""none"", ""none"", ""none"", ""none"", ""none"", ""none""]",0.36363636363636365,0.36363636363636365,False,False
discovery:n12:seed103:index:t4:immovable:k2,pre_branch,step,4,66,"[3, 0, 7, 2, 6, 8, 4, 9, 1, 10, 5, 11]","[""none"", ""none"", ""none"", ""none"", ""none"", ""none"", ""none"", ""none"", ""none"", ""none"", ""none"", ""none""]",0.45454545454545453,0.2878787878787879,False,False
discovery:n12:seed103:index:t4:immovable:k2,post_branch,freeze-immovable,4,66,"[3, 0, 7, 2, 6, 8, 4, 9, 1, 10, 5, 11]","[""none"", ""none"", ""none"", ""none"", ""immovable"", ""none"", ""immovable"", ""none"", ""none"", ""none"", ""none"", ""none""]",0.45454545454545453,0.2878787878787879,False,False
discovery:n12:seed103:index:t4:immovable:k2,post_branch,step,5,78,"[3, 0, 2, 7, 6, 8, 4, 1, 9, 5, 10, 11]","[""none"", ""none"", ""none"", ""none"", ""immovable"", ""none"", ""immovable"", ""none"", ""none"", ""none"", ""none"", ""none""]",0.45454545454545453,0.24242424242424243,False,False
discovery:n12:seed103:index:t4:immovable:k2,post_branch,step,6,87,"[3, 0, 2, 7, 6, 8, 4, 1, 5, 9, 10, 11]","[""none"", ""none"", ""none"", ""none"", ""immovable"", ""none"", ""immovable"", ""none"", ""none"", ""none"", ""none"", ""none""]",0.36363636363636365,0.22727272727272727,False,False
discovery:n12:seed103:index:t4:immovable:k2,post_branch,step,7,98,"[0, 2, 3, 7, 6, 8, 4, 1, 5, 9, 10, 11]","[""none"", ""none"", ""none"", ""none"", ""immovable"", ""none"", ""immovable"", ""none"", ""none"", ""none"", ""none"", ""none""]",0.2727272727272727,0.19696969696969696,False,True
discovery:n12:seed103:index:t4:immovable:k3,pre_branch,setup,0,0,"[7, 8, 9, 3, 6, 0, 10, 5, 11, 2, 4, 1]","[""none"", ""none"", ""none"", ""none"", ""none"", ""none"", ""none"", ""none"", ""none"", ""none"", ""none"", ""none""]",0.45454545454545453,0.6212121212121212,False,False
discovery:n12:seed103:index:t4:immovable:k3,pre_branch,step,1,15,"[7, 8, 3, 9, 0, 6, 10, 2, 5, 4, 11, 1]","[""none"", ""none"", ""none"", ""none"", ""none"", ""none"", ""none"", ""none"", ""none"", ""none"", ""none"", ""none""]",0.45454545454545453,0.5454545454545454,False,False
discovery:n12:seed103:index:t4:immovable:k3,pre_branch,step,2,34,"[3, 7, 8, 0, 9, 2, 6, 10, 4, 5, 1, 11]","[""none"", ""none"", ""none"", ""none"", ""none"", ""none"", ""none"", ""none"", ""none"", ""none"", ""none"", ""none""]",0.36363636363636365,0.4393939393939394,False,False
discovery:n12:seed103:index:t4:immovable:k3,pre_branch,step,3,50,"[3, 7, 0, 8, 2, 6, 9, 4, 10, 1, 5, 11]","[""none"", ""none"", ""none"", ""none"", ""none"", ""none"", ""none"", ""none"", ""none"", ""none"", ""none"", ""none""]",0.36363636363636365,0.36363636363636365,False,False
discovery:n12:seed103:index:t4:immovable:k3,pre_branch,step,4,66,"[3, 0, 7, 2, 6, 8, 4, 9, 1, 10, 5, 11]","[""none"", ""none"", ""none"", ""none"", ""none"", ""none"", ""none"", ""none"", ""none"", ""none"", ""none"", ""none""]",0.45454545454545453,0.2878787878787879,False,False
discovery:n12:seed103:index:t4:immovable:k3,post_branch,freeze-immovable,4,66,"[3, 0, 7, 2, 6, 8, 4, 9, 1, 10, 5, 11]","[""immovable"", ""none"", ""none"", ""none"", ""none"", ""none"", ""none"", ""none"", ""immovable"", ""none"", ""immovable"", ""none""]",0.45454545454545453,0.2878787878787879,False,False
discovery:n12:seed103:index:t4:immovable:k3,post_branch,step,5,78,"[3, 0, 2, 6, 7, 4, 8, 9, 1, 10, 5, 11]","[""immovable"", ""none"", ""none"", ""none"", ""none"", ""none"", ""none"", ""none"", ""immovable"", ""none"", ""immovable"", ""none""]",0.36363636363636365,0.24242424242424243,False,False
discovery:n12:seed103:index:t4:immovable:k3,post_branch,step,6,88,"[3, 0, 2, 6, 4, 7, 8, 9, 1, 10, 5, 11]","[""immovable"", ""none"", ""none"", ""none"", ""none"", ""none"", ""none"", ""none"", ""immovable"", ""none"", ""immovable"", ""none""]",0.36363636363636365,0.22727272727272727,False,False
discovery:n12:seed103:index:t4:immovable:k3,post_branch,step,7,97,"[3, 0, 2, 4, 6, 7, 8, 9, 1, 10, 5, 11]","[""immovable"", ""none"", ""none"", ""none"", ""none"", ""none"", ""none"", ""none"", ""immovable"", ""none"", ""immovable"", ""none""]",0.2727272727272727,0.21212121212121213,False,True
discovery:n12:seed103:shuffled:t0:moveable:k1,pre_branch,setup,0,0,"[7, 8, 9, 3, 6, 0, 10, 5, 11, 2, 4, 1]","[""none"", ""none"", ""none"", ""none"", ""none"", ""none"", ""none"", ""none"", ""none"", ""none"", ""none"", ""none""]",0.45454545454545453,0.6212121212121212,False,False
discovery:n12:seed103:shuffled:t0:moveable:k1,post_branch,freeze-moveable,0,0,"[7, 8, 9, 3, 6, 0, 10, 5, 11, 2, 4, 1]","[""none"", ""none"", ""none"", ""none"", ""none"", ""none"", ""none"", ""moveable"", ""none"", ""none"", ""none"", ""none""]",0.45454545454545453,0.6212121212121212,False,False
discovery:n12:seed103:shuffled:t0:moveable:k1,post_branch,step,1,17,"[7, 8, 3, 9, 0, 6, 5, 10, 2, 1, 11, 4]","[""none"", ""none"", ""none"", ""none"", ""none"", ""none"", ""moveable"", ""none"", ""none"", ""none"", ""none"", ""none""]",0.5454545454545454,0.5303030303030303,False,False
discovery:n12:seed103:shuffled:t0:moveable:k1,post_branch,step,2,32,"[7, 8, 0, 3, 6, 9, 5, 10, 1, 2, 4, 11]","[""none"", ""none"", ""none"", ""none"", ""none"", ""none"", ""moveable"", ""none"", ""none"", ""none"", ""none"", ""none""]",0.2727272727272727,0.45454545454545453,False,False
discovery:n12:seed103:shuffled:t0:moveable:k1,post_branch,step,3,44,"[7, 0, 8, 3, 6, 9, 5, 1, 10, 2, 4, 11]","[""none"", ""none"", ""none"", ""none"", ""none"", ""none"", ""moveable"", ""none"", ""none"", ""none"", ""none"", ""none""]",0.45454545454545453,0.42424242424242425,False,False
discovery:n12:seed103:shuffled:t0:moveable:k1,post_branch,step,4,59,"[0, 3, 7, 6, 8, 5, 9, 1, 10, 2, 4, 11]","[""none"", ""none"", ""none"", ""none"", ""none"", ""moveable"", ""none"", ""none"", ""none"", ""none"", ""none"", ""none""]",0.36363636363636365,0.3484848484848485,False,False
discovery:n12:seed103:shuffled:t0:moveable:k1,post_branch,step,5,71,"[0, 3, 6, 7, 8, 5, 9, 1, 2, 10, 4, 11]","[""none"", ""none"", ""none"", ""none"", ""none"", ""moveable"", ""none"", ""none"", ""none"", ""none"", ""none"", ""none""]",0.2727272727272727,0.3181818181818182,False,False
discovery:n12:seed103:shuffled:t0:moveable:k1,post_branch,step,6,86,"[0, 3, 6, 7, 5, 8, 1, 2, 9, 4, 10, 11]","[""none"", ""none"", ""none"", ""none"", ""moveable"", ""none"", ""none"", ""none"", ""none"", ""none"", ""none"", ""none""]",0.2727272727272727,0.25757575757575757,False,False
discovery:n12:seed103:shuffled:t0:moveable:k1,post_branch,step,7,98,"[0, 3, 6, 7, 5, 1, 8, 2, 9, 4, 10, 11]","[""none"", ""none"", ""none"", ""none"", ""moveable"", ""none"", ""none"", ""none"", ""none"", ""none"", ""none"", ""none""]",0.36363636363636365,0.24242424242424243,False,False
discovery:n12:seed103:shuffled:t0:moveable:k1,post_branch,step,8,107,"[0, 3, 6, 7, 5, 1, 8, 2, 9, 4, 10, 11]","[""none"", ""none"", ""none"", ""none"", ""moveable"", ""none"", ""none"", ""none"", ""none"", ""none"", ""none"", ""none""]",0.36363636363636365,0.24242424242424243,False,False
discovery:n12:seed103:shuffled:t0:moveable:k1,post_branch,step,9,123,"[0, 3, 5, 6, 7, 1, 2, 4, 8, 9, 10, 11]","[""none"", ""none"", ""moveable"", ""none"", ""none"", ""none"", ""none"", ""none"", ""none"", ""none"", ""none"", ""none""]",0.09090909090909091,0.16666666666666666,False,False
discovery:n12:seed103:shuffled:t0:moveable:k1,post_branch,step,10,136,"[0, 3, 5, 1, 6, 2, 7, 4, 8, 9, 10, 11]","[""none"", ""none"", ""moveable"", ""none"", ""none"", ""none"", ""none"", ""none"", ""none"", ""none"", ""none"", ""none""]",0.2727272727272727,0.12121212121212122,False,False
discovery:n12:seed103:shuffled:t0:moveable:k1,post_branch,step,11,147,"[0, 3, 5, 1, 2, 6, 7, 4, 8, 9, 10, 11]","[""none"", ""none"", ""moveable"", ""none"", ""none"", ""none"", ""none"", ""none"", ""none"", ""none"", ""none"", ""none""]",0.18181818181818182,0.10606060606060606,False,False
discovery:n12:seed103:shuffled:t0:moveable:k1,post_branch,step,12,158,"[0, 3, 1, 5, 2, 6, 4, 7, 8, 9, 10, 11]","[""none"", ""none"", ""none"", ""moveable"", ""none"", ""none"", ""none"", ""none"", ""none"", ""none"", ""none"", ""none""]",0.2727272727272727,0.07575757575757576,False,False
discovery:n12:seed103:shuffled:t0:moveable:k1,post_branch,step,13,171,"[0, 1, 3, 2, 5, 4, 6, 7, 8, 9, 10, 11]","[""none"", ""none"", ""none"", ""none"", ""moveable"", ""none"", ""none"", ""none"", ""none"", ""none"", ""none"", ""none""]",0.18181818181818182,0.030303030303030304,False,False
discovery:n12:seed103:shuffled:t0:moveable:k1,post_branch,step,14,183,"[0, 1, 2, 3, 4, 5, 6, 7, 8, 9, 10, 11]","[""none"", ""none"", ""none"", ""none"", ""none"", ""moveable"", ""none"", ""none"", ""none"", ""none"", ""none"", ""none""]",0.0,0.0,True,True
discovery:n12:seed103:shuffled:t0:moveable:k2,pre_branch,setup,0,0,"[7, 8, 9, 3, 6, 0, 10, 5, 11, 2, 4, 1]","[""none"", ""none"", ""none"", ""none"", ""none"", ""none"", ""none"", ""none"", ""none"", ""none"", ""none"", ""none""]",0.45454545454545453,0.6212121212121212,False,False
discovery:n12:seed103:shuffled:t0:moveable:k2,post_branch,freeze-moveable,0,0,"[7, 8, 9, 3, 6, 0, 10, 5, 11, 2, 4, 1]","[""none"", ""none"", ""none"", ""none"", ""none"", ""moveable"", ""none"", ""none"", ""moveable"", ""none"", ""none"", ""none""]",0.45454545454545453,0.6212121212121212,False,False
discovery:n12:seed103:shuffled:t0:moveable:k2,post_branch,step,1,15,"[7, 8, 3, 9, 6, 0, 5, 10, 2, 1, 11, 4]","[""none"", ""none"", ""none"", ""none"", ""none"", ""moveable"", ""none"", ""none"", ""none"", ""none"", ""moveable"", ""none""]",0.5454545454545454,0.5454545454545454,False,False
discovery:n12:seed103:shuffled:t0:moveable:k2,post_branch,step,2,28,"[7, 8, 3, 6, 9, 0, 2, 5, 10, 1, 4, 11]","[""none"", ""none"", ""none"", ""none"", ""none"", ""moveable"", ""none"", ""none"", ""none"", ""none"", ""none"", ""moveable""]",0.2727272727272727,0.48484848484848486,False,False
discovery:n12:seed103:shuffled:t0:moveable:k2,post_branch,step,3,41,"[3, 7, 8, 6, 9, 0, 2, 5, 1, 10, 4, 11]","[""none"", ""none"", ""none"", ""none"", ""none"", ""moveable"", ""none"", ""none"", ""none"", ""none"", ""none"", ""moveable""]",0.36363636363636365,0.4393939393939394,False,False
discovery:n12:seed103:shuffled:t0:moveable:k2,post_branch,step,4,52,"[3, 7, 6, 8, 9, 0, 2, 1, 5, 10, 4, 11]","[""none"", ""none"", ""none"", ""none"", ""none"", ""moveable"", ""none"", ""none"", ""none"", ""none"", ""none"", ""moveable""]",0.36363636363636365,0.4090909090909091,False,False
discovery:n12:seed103:shuffled:t0:moveable:k2,post_branch,step,5,66,"[3, 6, 7, 8, 0, 1, 9, 2, 5, 4, 10, 11]","[""none"", ""none"", ""none"", ""none"", ""moveable"", ""none"", ""none"", ""none"", ""none"", ""none"", ""none"", ""moveable""]",0.2727272727272727,0.3333333333333333,False,False
discovery:n12:seed103:shuffled:t0:moveable:k2,post_branch,step,6,77,"[3, 6, 7, 0, 8, 1, 9, 2, 5, 4, 10, 11]","[""none"", ""none"", ""none"", ""moveable"", ""none"", ""none"", ""none"", ""none"", ""none"", ""none"", ""none"", ""moveable""]",0.36363636363636365,0.3181818181818182,False,False
discovery:n12:seed103:shuffled:t0:moveable:k2,post_branch,step,7,89,"[3, 6, 7, 0, 1, 8, 2, 9, 4, 5, 10, 11]","[""none"", ""none"", ""none"", ""moveable"", ""none"", ""none"", ""none"", ""none"", ""none"", ""none"", ""none"", ""moveable""]",0.2727272727272727,0.2727272727272727,False,False
discovery:n12:seed103:shuffled:t0:moveable:k2,post_branch,step,8,100,"[3, 6, 7, 0, 1, 2, 8, 9, 4, 5, 10, 11]","[""none"", ""none"", ""none"", ""moveable"", ""none"", ""none"", ""none"", ""none"", ""none"", ""none"", ""none"", ""moveable""]",0.18181818181818182,0.25757575757575757,False,False
discovery:n12:seed103:shuffled:t0:moveable:k2,post_branch,step,9,113,"[3, 6, 0, 7, 1, 2, 4, 8, 9, 5, 10, 11]","[""none"", ""none"", ""moveable"", ""none"", ""none"", ""none"", ""none"", ""none"", ""none"", ""none"", ""none"", ""moveable""]",0.2727272727272727,0.21212121212121213,False,False
discovery:n12:seed103:shuffled:t0:moveable:k2,post_branch,step,10,126,"[3, 6, 0, 1, 7, 2, 4, 5, 8, 9, 10, 11]","[""none"", ""none"", ""moveable"", ""none"", ""none"", ""none"", ""none"", ""none"", ""none"", ""none"", ""none"", ""moveable""]",0.18181818181818182,0.16666666666666666,False,False
discovery:n12:seed103:shuffled:t0:moveable:k2,post_branch,step,11,137,"[3, 6, 0, 1, 2, 4, 7, 5, 8, 9, 10, 11]","[""none"", ""none"", ""moveable"", ""none"", ""none"", ""none"", ""none"", ""none"", ""none"", ""none"", ""none"", ""moveable""]",0.18181818181818182,0.13636363636363635,False,False
discovery:n12:seed103:shuffled:t0:moveable:k2,post_branch,step,12,149,"[3, 0, 1, 6, 2, 4, 5, 7, 8, 9, 10, 11]","[""none"", ""moveable"", ""none"", ""none"", ""none"", ""none"", ""none"", ""none"", ""none"", ""none"", ""none"", ""moveable""]",0.18181818181818182,0.09090909090909091,False,False
discovery:n12:seed103:shuffled:t0:moveable:k2,post_branch,step,13,159,"[3, 0, 1, 2, 6, 4, 5, 7, 8, 9, 10, 11]","[""none"", ""moveable"", ""none"", ""none"", ""none"", ""none"", ""none"", ""none"", ""none"", ""none"", ""none"", ""moveable""]",0.18181818181818182,0.07575757575757576,False,False
discovery:n12:seed103:shuffled:t0:moveable:k2,post_branch,step,14,168,"[3, 0, 1, 2, 6, 4, 5, 7, 8, 9, 10, 11]","[""none"", ""moveable"", ""none"", ""none"", ""none"", ""none"", ""none"", ""none"", ""none"", ""none"", ""none"", ""moveable""]",0.18181818181818182,0.07575757575757576,False,False
discovery:n12:seed103:shuffled:t0:moveable:k2,post_branch,step,15,182,"[0, 1, 3, 2, 4, 5, 6, 7, 8, 9, 10, 11]","[""moveable"", ""none"", ""none"", ""none"", ""none"", ""none"", ""none"", ""none"", ""none"", ""none"", ""none"", ""moveable""]",0.09090909090909091,0.015151515151515152,False,False
discovery:n12:seed103:shuffled:t0:moveable:k2,post_branch,step,16,192,"[0, 1, 3, 2, 4, 5, 6, 7, 8, 9, 10, 11]","[""moveable"", ""none"", ""none"", ""none"", ""none"", ""none"", ""none"", ""none"", ""none"", ""none"", ""none"", ""moveable""]",0.09090909090909091,0.015151515151515152,False,False
discovery:n12:seed103:shuffled:t0:moveable:k2,post_branch,step,17,202,"[0, 1, 3, 2, 4, 5, 6, 7, 8, 9, 10, 11]","[""moveable"", ""none"", ""none"", ""none"", ""none"", ""none"", ""none"", ""none"", ""none"", ""none"", ""none"", ""moveable""]",0.09090909090909091,0.015151515151515152,False,False
discovery:n12:seed103:shuffled:t0:moveable:k2,post_branch,step,18,212,"[0, 1, 3, 2, 4, 5, 6, 7, 8, 9, 10, 11]","[""moveable"", ""none"", ""none"", ""none"", ""none"", ""none"", ""none"", ""none"", ""none"", ""none"", ""none"", ""moveable""]",0.09090909090909091,0.015151515151515152,False,False
discovery:n12:seed103:shuffled:t0:moveable:k2,post_branch,step,19,222,"[0, 1, 3, 2, 4, 5, 6, 7, 8, 9, 10, 11]","[""moveable"", ""none"", ""none"", ""none"", ""none"", ""none"", ""none"", ""none"", ""none"", ""none"", ""none"", ""moveable""]",0.09090909090909091,0.015151515151515152,False,False
discovery:n12:seed103:shuffled:t0:moveable:k2,post_branch,step,20,233,"[0, 1, 2, 3, 4, 5, 6, 7, 8, 9, 10, 11]","[""moveable"", ""none"", ""none"", ""none"", ""none"", ""none"", ""none"", ""none"", ""none"", ""none"", ""none"", ""moveable""]",0.0,0.0,True,True
discovery:n12:seed103:shuffled:t0:moveable:k3,pre_branch,setup,0,0,"[7, 8, 9, 3, 6, 0, 10, 5, 11, 2, 4, 1]","[""none"", ""none"", ""none"", ""none"", ""none"", ""none"", ""none"", ""none"", ""none"", ""none"", ""none"", ""none""]",0.45454545454545453,0.6212121212121212,False,False
discovery:n12:seed103:shuffled:t0:moveable:k3,post_branch,freeze-moveable,0,0,"[7, 8, 9, 3, 6, 0, 10, 5, 11, 2, 4, 1]","[""none"", ""moveable"", ""none"", ""none"", ""none"", ""moveable"", ""moveable"", ""none"", ""none"", ""none"", ""none"", ""none""]",0.45454545454545453,0.6212121212121212,False,False
discovery:n12:seed103:shuffled:t0:moveable:k3,post_branch,step,1,13,"[7, 8, 3, 9, 6, 0, 5, 10, 11, 1, 2, 4]","[""none"", ""moveable"", ""none"", ""none"", ""none"", ""moveable"", ""none"", ""moveable"", ""none"", ""none"", ""none"", ""none""]",0.36363636363636365,0.5606060606060606,False,False
discovery:n12:seed103:shuffled:t0:moveable:k3,post_branch,step,2,24,"[7, 3, 8, 6, 9, 0, 5, 10, 1, 11, 2, 4]","[""none"", ""none"", ""moveable"", ""none"", ""none"", ""moveable"", ""none"", ""moveable"", ""none"", ""none"", ""none"", ""none""]",0.45454545454545453,0.5151515151515151,False,False
discovery:n12:seed103:shuffled:t0:moveable:k3,post_branch,step,3,33,"[7, 3, 6, 8, 9, 0, 5, 10, 1, 11, 2, 4]","[""none"", ""none"", ""none"", ""moveable"", ""none"", ""moveable"", ""none"", ""moveable"", ""none"", ""none"", ""none"", ""none""]",0.36363636363636365,0.5,False,False
discovery:n12:seed103:shuffled:t0:moveable:k3,post_branch,step,4,44,"[3, 7, 6, 8, 9, 0, 5, 1, 10, 2, 11, 4]","[""none"", ""none"", ""none"", ""moveable"", ""none"", ""moveable"", ""none"", ""none"", ""moveable"", ""none"", ""none"", ""none""]",0.45454545454545453,0.45454545454545453,False,False
discovery:n12:seed103:shuffled:t0:moveable:k3,post_branch,step,5,57,"[3, 6, 7, 8, 9, 0, 1, 5, 2, 10, 4, 11]","[""none"", ""none"", ""none"", ""moveable"", ""none"", ""moveable"", ""none"", ""none"", ""none"", ""moveable"", ""none"", ""none""]",0.2727272727272727,0.3939393939393939,False,False
discovery:n12:seed103:shuffled:t0:moveable:k3,post_branch,step,6,66,"[3, 6, 7, 8, 9, 0, 1, 2, 5, 4, 10, 11]","[""none"", ""none"", ""none"", ""moveable"", ""none"", ""moveable"", ""none"", ""none"", ""none"", ""none"", ""moveable"", ""none""]",0.18181818181818182,0.36363636363636365,False,False
discovery:n12:seed103:shuffled:t0:moveable:k3,post_branch,step,7,76,"[3, 6, 7, 8, 9, 0, 1, 2, 4, 5, 10, 11]","[""none"", ""none"", ""none"", ""moveable"", ""none"", ""moveable"", ""none"", ""none"", ""none"", ""none"", ""moveable"", ""none""]",0.09090909090909091,0.3484848484848485,False,False
discovery:n12:seed103:shuffled:t0:moveable:k3,post_branch,step,8,85,"[3, 6, 7, 8, 9, 0, 1, 2, 4, 5, 10, 11]","[""none"", ""none"", ""none"", ""moveable"", ""none"", ""moveable"", ""none"", ""none"", ""none"", ""none"", ""moveable"", ""none""]",0.09090909090909091,0.3484848484848485,False,False
discovery:n12:seed103:shuffled:t0:moveable:k3,post_branch,step,9,93,"[3, 6, 7, 8, 9, 0, 1, 2, 4, 5, 10, 11]","[""none"", ""none"", ""none"", ""moveable"", ""none"", ""moveable"", ""none"", ""none"", ""none"", ""none"", ""moveable"", ""none""]",0.09090909090909091,0.3484848484848485,False,False
discovery:n12:seed103:shuffled:t0:moveable:k3,post_branch,step,10,100,"[3, 6, 7, 8, 9, 0, 1, 2, 4, 5, 10, 11]","[""none"", ""none"", ""none"", ""moveable"", ""none"", ""moveable"", ""none"", ""none"", ""none"", ""none"", ""moveable"", ""none""]",0.09090909090909091,0.3484848484848485,False,False
discovery:n12:seed103:shuffled:t0:moveable:k3,post_branch,step,11,108,"[3, 6, 7, 8, 9, 0, 1, 2, 4, 5, 10, 11]","[""none"", ""none"", ""none"", ""moveable"", ""none"", ""moveable"", ""none"", ""none"", ""none"", ""none"", ""moveable"", ""none""]",0.09090909090909091,0.3484848484848485,False,False
discovery:n12:seed103:shuffled:t0:moveable:k3,post_branch,step,12,117,"[3, 6, 7, 8, 9, 0, 1, 2, 4, 5, 10, 11]","[""none"", ""none"", ""none"", ""moveable"", ""none"", ""moveable"", ""none"", ""none"", ""none"", ""none"", ""moveable"", ""none""]",0.09090909090909091,0.3484848484848485,False,False
discovery:n12:seed103:shuffled:t0:moveable:k3,post_branch,step,13,126,"[3, 6, 7, 8, 0, 9, 1, 2, 4, 5, 10, 11]","[""none"", ""none"", ""none"", ""moveable"", ""moveable"", ""none"", ""none"", ""none"", ""none"", ""none"", ""moveable"", ""none""]",0.18181818181818182,0.3333333333333333,False,False
discovery:n12:seed103:shuffled:t0:moveable:k3,post_branch,step,14,138,"[3, 6, 7, 8, 0, 1, 2, 4, 9, 5, 10, 11]","[""none"", ""none"", ""none"", ""moveable"", ""moveable"", ""none"", ""none"", ""none"", ""none"", ""none"", ""moveable"", ""none""]",0.18181818181818182,0.2878787878787879,False,False
discovery:n12:seed103:shuffled:t0:moveable:k3,post_branch,step,15,148,"[3, 6, 7, 8, 0, 1, 2, 4, 5, 9, 10, 11]","[""none"", ""none"", ""none"", ""moveable"", ""moveable"", ""none"", ""none"", ""none"", ""none"", ""none"", ""moveable"", ""none""]",0.09090909090909091,0.2727272727272727,False,True
discovery:n12:seed103:shuffled:t0:immovable:k1,pre_branch,setup,0,0,"[7, 8, 9, 3, 6, 0, 10, 5, 11, 2, 4, 1]","[""none"", ""none"", ""none"", ""none"", ""none"", ""none"", ""none"", ""none"", ""none"", ""none"", ""none"", ""none""]",0.45454545454545453,0.6212121212121212,False,False
discovery:n12:seed103:shuffled:t0:immovable:k1,post_branch,freeze-immovable,0,0,"[7, 8, 9, 3, 6, 0, 10, 5, 11, 2, 4, 1]","[""none"", ""none"", ""none"", ""none"", ""none"", ""none"", ""none"", ""immovable"", ""none"", ""none"", ""none"", ""none""]",0.45454545454545453,0.6212121212121212,False,False
discovery:n12:seed103:shuffled:t0:immovable:k1,post_branch,step,1,16,"[7, 8, 3, 9, 0, 6, 10, 5, 2, 1, 11, 4]","[""none"", ""none"", ""none"", ""none"", ""none"", ""none"", ""none"", ""immovable"", ""none"", ""none"", ""none"", ""none""]",0.5454545454545454,0.5454545454545454,False,False
discovery:n12:seed103:shuffled:t0:immovable:k1,post_branch,step,2,31,"[7, 8, 0, 3, 6, 9, 10, 5, 1, 2, 4, 11]","[""none"", ""none"", ""none"", ""none"", ""none"", ""none"", ""none"", ""immovable"", ""none"", ""none"", ""none"", ""none""]",0.2727272727272727,0.4696969696969697,False,False
discovery:n12:seed103:shuffled:t0:immovable:k1,post_branch,step,3,42,"[7, 0, 8, 3, 6, 9, 10, 5, 1, 2, 4, 11]","[""none"", ""none"", ""none"", ""none"", ""none"", ""none"", ""none"", ""immovable"", ""none"", ""none"", ""none"", ""none""]",0.36363636363636365,0.45454545454545453,False,False
discovery:n12:seed103:shuffled:t0:immovable:k1,post_branch,step,4,56,"[0, 3, 7, 6, 8, 9, 10, 5, 1, 2, 4, 11]","[""none"", ""none"", ""none"", ""none"", ""none"", ""none"", ""none"", ""immovable"", ""none"", ""none"", ""none"", ""none""]",0.2727272727272727,0.3939393939393939,False,False
discovery:n12:seed103:shuffled:t0:immovable:k1,post_branch,step,5,67,"[0, 3, 6, 7, 8, 9, 10, 5, 1, 2, 4, 11]","[""none"", ""none"", ""none"", ""none"", ""none"", ""none"", ""none"", ""immovable"", ""none"", ""none"", ""none"", ""none""]",0.18181818181818182,0.3787878787878788,False,True
discovery:n12:seed103:shuffled:t0:immovable:k2,pre_branch,setup,0,0,"[7, 8, 9, 3, 6, 0, 10, 5, 11, 2, 4, 1]","[""none"", ""none"", ""none"", ""none"", ""none"", ""none"", ""none"", ""none"", ""none"", ""none"", ""none"", ""none""]",0.45454545454545453,0.6212121212121212,False,False
discovery:n12:seed103:shuffled:t0:immovable:k2,post_branch,freeze-immovable,0,0,"[7, 8, 9, 3, 6, 0, 10, 5, 11, 2, 4, 1]","[""none"", ""none"", ""none"", ""none"", ""none"", ""immovable"", ""none"", ""none"", ""immovable"", ""none"", ""none"", ""none""]",0.45454545454545453,0.6212121212121212,False,False
discovery:n12:seed103:shuffled:t0:immovable:k2,post_branch,step,1,14,"[7, 8, 3, 9, 6, 0, 5, 10, 11, 1, 2, 4]","[""none"", ""none"", ""none"", ""none"", ""none"", ""immovable"", ""none"", ""none"", ""immovable"", ""none"", ""none"", ""none""]",0.36363636363636365,0.5606060606060606,False,False
discovery:n12:seed103:shuffled:t0:immovable:k2,post_branch,step,2,24,"[7, 8, 3, 6, 9, 0, 5, 10, 11, 1, 2, 4]","[""none"", ""none"", ""none"", ""none"", ""none"", ""immovable"", ""none"", ""none"", ""immovable"", ""none"", ""none"", ""none""]",0.2727272727272727,0.5454545454545454,False,False
discovery:n12:seed103:shuffled:t0:immovable:k2,post_branch,step,3,36,"[3, 7, 8, 6, 9, 0, 5, 10, 11, 1, 2, 4]","[""none"", ""none"", ""none"", ""none"", ""none"", ""immovable"", ""none"", ""none"", ""immovable"", ""none"", ""none"", ""none""]",0.2727272727272727,0.5151515151515151,False,False
discovery:n12:seed103:shuffled:t0:immovable:k2,post_branch,step,4,45,"[3, 7, 6, 8, 9, 0, 5, 10, 11, 1, 2, 4]","[""none"", ""none"", ""none"", ""none"", ""none"", ""immovable"", ""none"", ""none"", ""immovable"", ""none"", ""none"", ""none""]",0.2727272727272727,0.5,False,False
discovery:n12:seed103:shuffled:t0:immovable:k2,post_branch,step,5,54,"[3, 6, 7, 8, 9, 0, 5, 10, 11, 1, 2, 4]","[""none"", ""none"", ""none"", ""none"", ""none"", ""immovable"", ""none"", ""none"", ""immovable"", ""none"", ""none"", ""none""]",0.18181818181818182,0.48484848484848486,False,True
discovery:n12:seed103:shuffled:t0:immovable:k3,pre_branch,setup,0,0,"[7, 8, 9, 3, 6, 0, 10, 5, 11, 2, 4, 1]","[""none"", ""none"", ""none"", ""none"", ""none"", ""none"", ""none"", ""none"", ""none"", ""none"", ""none"", ""none""]",0.45454545454545453,0.6212121212121212,False,False
discovery:n12:seed103:shuffled:t0:immovable:k3,post_branch,freeze-immovable,0,0,"[7, 8, 9, 3, 6, 0, 10, 5, 11, 2, 4, 1]","[""none"", ""immovable"", ""none"", ""none"", ""none"", ""immovable"", ""immovable"", ""none"", ""none"", ""none"", ""none"", ""none""]",0.45454545454545453,0.6212121212121212,False,False
discovery:n12:seed103:shuffled:t0:immovable:k3,post_branch,step,1,12,"[7, 8, 3, 9, 6, 0, 10, 5, 11, 1, 2, 4]","[""none"", ""immovable"", ""none"", ""none"", ""none"", ""immovable"", ""immovable"", ""none"", ""none"", ""none"", ""none"", ""none""]",0.45454545454545453,0.5757575757575758,False,False
discovery:n12:seed103:shuffled:t0:immovable:k3,post_branch,step,2,22,"[7, 8, 3, 6, 9, 0, 10, 5, 1, 11, 2, 4]","[""none"", ""immovable"", ""none"", ""none"", ""none"", ""immovable"", ""immovable"", ""none"", ""none"", ""none"", ""none"", ""none""]",0.45454545454545453,0.5454545454545454,False,False
discovery:n12:seed103:shuffled:t0:immovable:k3,post_branch,step,3,31,"[7, 8, 3, 6, 9, 0, 10, 1, 5, 11, 2, 4]","[""none"", ""immovable"", ""none"", ""none"", ""none"", ""immovable"", ""immovable"", ""none"", ""none"", ""none"", ""none"", ""none""]",0.36363636363636365,0.5303030303030303,False,False
discovery:n12:seed103:shuffled:t0:immovable:k3,post_branch,step,4,40,"[7, 8, 3, 6, 9, 0, 10, 1, 5, 2, 11, 4]","[""none"", ""immovable"", ""none"", ""none"", ""none"", ""immovable"", ""immovable"", ""none"", ""none"", ""none"", ""none"", ""none""]",0.45454545454545453,0.5151515151515151,False,False
discovery:n12:seed103:shuffled:t0:immovable:k3,post_branch,step,5,51,"[7, 8, 3, 6, 9, 0, 10, 1, 2, 5, 4, 11]","[""none"", ""immovable"", ""none"", ""none"", ""none"", ""immovable"", ""immovable"", ""none"", ""none"", ""none"", ""none"", ""none""]",0.36363636363636365,0.48484848484848486,False,False
discovery:n12:seed103:shuffled:t0:immovable:k3,post_branch,step,6,59,"[7, 8, 3, 6, 9, 0, 10, 1, 2, 4, 5, 11]","[""none"", ""immovable"", ""none"", ""none"", ""none"", ""immovable"", ""immovable"", ""none"", ""none"", ""none"", ""none"", ""none""]",0.2727272727272727,0.4696969696969697,False,True
discovery:n12:seed103:shuffled:t4:moveable:k1,pre_branch,setup,0,0,"[7, 8, 9, 3, 6, 0, 10, 5, 11, 2, 4, 1]","[""none"", ""none"", ""none"", ""none"", ""none"", ""none"", ""none"", ""none"", ""none"", ""none"", ""none"", ""none""]",0.45454545454545453,0.6212121212121212,False,False
discovery:n12:seed103:shuffled:t4:moveable:k1,pre_branch,step,1,19,"[7, 8, 3, 9, 0, 5, 6, 10, 2, 1, 11, 4]","[""none"", ""none"", ""none"", ""none"", ""none"", ""none"", ""none"", ""none"", ""none"", ""none"", ""none"", ""none""]",0.45454545454545453,0.5151515151515151,False,False
discovery:n12:seed103:shuffled:t4:moveable:k1,pre_branch,step,2,34,"[7, 3, 8, 0, 5, 6, 9, 10, 1, 2, 11, 4]","[""none"", ""none"", ""none"", ""none"", ""none"", ""none"", ""none"", ""none"", ""none"", ""none"", ""none"", ""none""]",0.36363636363636365,0.4393939393939394,False,False
discovery:n12:seed103:shuffled:t4:moveable:k1,pre_branch,step,3,50,"[3, 7, 0, 8, 5, 6, 1, 9, 10, 2, 4, 11]","[""none"", ""none"", ""none"", ""none"", ""none"", ""none"", ""none"", ""none"", ""none"", ""none"", ""none"", ""none""]",0.36363636363636365,0.36363636363636365,False,False
discovery:n12:seed103:shuffled:t4:moveable:k1,pre_branch,step,4,65,"[3, 7, 0, 5, 6, 8, 1, 9, 2, 4, 10, 11]","[""none"", ""none"", ""none"", ""none"", ""none"", ""none"", ""none"", ""none"", ""none"", ""none"", ""none"", ""none""]",0.2727272727272727,0.30303030303030304,False,False
discovery:n12:seed103:shuffled:t4:moveable:k1,post_branch,freeze-moveable,4,65,"[3, 7, 0, 5, 6, 8, 1, 9, 2, 4, 10, 11]","[""none"", ""none"", ""none"", ""none"", ""none"", ""none"", ""none"", ""none"", ""none"", ""moveable"", ""none"", ""none""]",0.2727272727272727,0.30303030303030304,False,False
discovery:n12:seed103:shuffled:t4:moveable:k1,post_branch,step,5,78,"[3, 0, 5, 7, 6, 1, 8, 2, 9, 4, 10, 11]","[""none"", ""none"", ""none"", ""none"", ""none"", ""none"", ""none"", ""none"", ""none"", ""moveable"", ""none"", ""none""]",0.45454545454545453,0.24242424242424243,False,False
discovery:n12:seed103:shuffled:t4:moveable:k1,post_branch,step,6,92,"[0, 3, 5, 6, 1, 7, 8, 2, 9, 4, 10, 11]","[""none"", ""none"", ""none"", ""none"", ""none"", ""none"", ""none"", ""none"", ""none"", ""moveable"", ""none"", ""none""]",0.2727272727272727,0.19696969696969696,False,False
discovery:n12:seed103:shuffled:t4:moveable:k1,post_branch,step,7,104,"[0, 3, 5, 1, 6, 7, 8, 2, 9, 4, 10, 11]","[""none"", ""none"", ""none"", ""none"", ""none"", ""none"", ""none"", ""none"", ""none"", ""moveable"", ""none"", ""none""]",0.2727272727272727,0.18181818181818182,False,False
discovery:n12:seed103:shuffled:t4:moveable:k1,post_branch,step,8,115,"[0, 1, 3, 5, 6, 7, 8, 2, 9, 4, 10, 11]","[""none"", ""none"", ""none"", ""none"", ""none"", ""none"", ""none"", ""none"", ""none"", ""moveable"", ""none"", ""none""]",0.18181818181818182,0.15151515151515152,False,False
discovery:n12:seed103:shuffled:t4:moveable:k1,post_branch,step,9,127,"[0, 1, 3, 5, 6, 7, 2, 8, 9, 4, 10, 11]","[""none"", ""none"", ""none"", ""none"", ""none"", ""none"", ""none"", ""none"", ""none"", ""moveable"", ""none"", ""none""]",0.18181818181818182,0.13636363636363635,False,False
discovery:n12:seed103:shuffled:t4:moveable:k1,post_branch,step,10,138,"[0, 1, 3, 5, 6, 7, 2, 8, 4, 9, 10, 11]","[""none"", ""none"", ""none"", ""none"", ""none"", ""none"", ""none"", ""none"", ""moveable"", ""none"", ""none"", ""none""]",0.18181818181818182,0.12121212121212122,False,False
discovery:n12:seed103:shuffled:t4:moveable:k1,post_branch,step,11,149,"[0, 1, 3, 5, 6, 2, 7, 8, 4, 9, 10, 11]","[""none"", ""none"", ""none"", ""none"", ""none"", ""none"", ""none"", ""none"", ""moveable"", ""none"", ""none"", ""none""]",0.18181818181818182,0.10606060606060606,False,False
discovery:n12:seed103:shuffled:t4:moveable:k1,post_branch,step,12,159,"[0, 1, 3, 5, 2, 6, 7, 8, 4, 9, 10, 11]","[""none"", ""none"", ""none"", ""none"", ""none"", ""none"", ""none"", ""none"", ""moveable"", ""none"", ""none"", ""none""]",0.18181818181818182,0.09090909090909091,False,False
discovery:n12:seed103:shuffled:t4:moveable:k1,post_branch,step,13,171,"[0, 1, 2, 3, 5, 6, 7, 8, 4, 9, 10, 11]","[""none"", ""none"", ""none"", ""none"", ""none"", ""none"", ""none"", ""none"", ""moveable"", ""none"", ""none"", ""none""]",0.09090909090909091,0.06060606060606061,False,False
discovery:n12:seed103:shuffled:t4:moveable:k1,post_branch,step,14,181,"[0, 1, 2, 3, 5, 6, 7, 8, 4, 9, 10, 11]","[""none"", ""none"", ""none"", ""none"", ""none"", ""none"", ""none"", ""none"", ""moveable"", ""none"", ""none"", ""none""]",0.09090909090909091,0.06060606060606061,False,False
discovery:n12:seed103:shuffled:t4:moveable:k1,post_branch,step,15,193,"[0, 1, 2, 3, 5, 6, 7, 4, 8, 9, 10, 11]","[""none"", ""none"", ""none"", ""none"", ""none"", ""none"", ""none"", ""moveable"", ""none"", ""none"", ""none"", ""none""]",0.09090909090909091,0.045454545454545456,False,False
discovery:n12:seed103:shuffled:t4:moveable:k1,post_branch,step,16,204,"[0, 1, 2, 3, 5, 6, 4, 7, 8, 9, 10, 11]","[""none"", ""none"", ""none"", ""none"", ""none"", ""none"", ""moveable"", ""none"", ""none"", ""none"", ""none"", ""none""]",0.09090909090909091,0.030303030303030304,False,False
discovery:n12:seed103:shuffled:t4:moveable:k1,post_branch,step,17,213,"[0, 1, 2, 3, 5, 6, 4, 7, 8, 9, 10, 11]","[""none"", ""none"", ""none"", ""none"", ""none"", ""none"", ""moveable"", ""none"", ""none"", ""none"", ""none"", ""none""]",0.09090909090909091,0.030303030303030304,False,False
discovery:n12:seed103:shuffled:t4:moveable:k1,post_branch,step,18,224,"[0, 1, 2, 3, 5, 4, 6, 7, 8, 9, 10, 11]","[""none"", ""none"", ""none"", ""none"", ""none"", ""moveable"", ""none"", ""none"", ""none"", ""none"", ""none"", ""none""]",0.09090909090909091,0.015151515151515152,False,False
discovery:n12:seed103:shuffled:t4:moveable:k1,post_branch,step,19,234,"[0, 1, 2, 3, 5, 4, 6, 7, 8, 9, 10, 11]","[""none"", ""none"", ""none"", ""none"", ""none"", ""moveable"", ""none"", ""none"", ""none"", ""none"", ""none"", ""none""]",0.09090909090909091,0.015151515151515152,False,False
discovery:n12:seed103:shuffled:t4:moveable:k1,post_branch,step,20,245,"[0, 1, 2, 3, 5, 4, 6, 7, 8, 9, 10, 11]","[""none"", ""none"", ""none"", ""none"", ""none"", ""moveable"", ""none"", ""none"", ""none"", ""none"", ""none"", ""none""]",0.09090909090909091,0.015151515151515152,False,False
discovery:n12:seed103:shuffled:t4:moveable:k1,post_branch,step,21,256,"[0, 1, 2, 3, 4, 5, 6, 7, 8, 9, 10, 11]","[""none"", ""none"", ""none"", ""none"", ""moveable"", ""none"", ""none"", ""none"", ""none"", ""none"", ""none"", ""none""]",0.0,0.0,True,True
discovery:n12:seed103:shuffled:t4:moveable:k2,pre_branch,setup,0,0,"[7, 8, 9, 3, 6, 0, 10, 5, 11, 2, 4, 1]","[""none"", ""none"", ""none"", ""none"", ""none"", ""none"", ""none"", ""none"", ""none"", ""none"", ""none"", ""none""]",0.45454545454545453,0.6212121212121212,False,False
discovery:n12:seed103:shuffled:t4:moveable:k2,pre_branch,step,1,19,"[7, 8, 3, 9, 0, 5, 6, 10, 2, 1, 11, 4]","[""none"", ""none"", ""none"", ""none"", ""none"", ""none"", ""none"", ""none"", ""none"", ""none"", ""none"", ""none""]",0.45454545454545453,0.5151515151515151,False,False
discovery:n12:seed103:shuffled:t4:moveable:k2,pre_branch,step,2,34,"[7, 3, 8, 0, 5, 6, 9, 10, 1, 2, 11, 4]","[""none"", ""none"", ""none"", ""none"", ""none"", ""none"", ""none"", ""none"", ""none"", ""none"", ""none"", ""none""]",0.36363636363636365,0.4393939393939394,False,False
discovery:n12:seed103:shuffled:t4:moveable:k2,pre_branch,step,3,50,"[3, 7, 0, 8, 5, 6, 1, 9, 10, 2, 4, 11]","[""none"", ""none"", ""none"", ""none"", ""none"", ""none"", ""none"", ""none"", ""none"", ""none"", ""none"", ""none""]",0.36363636363636365,0.36363636363636365,False,False
discovery:n12:seed103:shuffled:t4:moveable:k2,pre_branch,step,4,65,"[3, 7, 0, 5, 6, 8, 1, 9, 2, 4, 10, 11]","[""none"", ""none"", ""none"", ""none"", ""none"", ""none"", ""none"", ""none"", ""none"", ""none"", ""none"", ""none""]",0.2727272727272727,0.30303030303030304,False,False
discovery:n12:seed103:shuffled:t4:moveable:k2,post_branch,freeze-moveable,4,65,"[3, 7, 0, 5, 6, 8, 1, 9, 2, 4, 10, 11]","[""none"", ""none"", ""none"", ""none"", ""moveable"", ""none"", ""moveable"", ""none"", ""none"", ""none"", ""none"", ""none""]",0.2727272727272727,0.30303030303030304,False,False
discovery:n12:seed103:shuffled:t4:moveable:k2,post_branch,step,5,76,"[3, 0, 5, 7, 6, 8, 1, 9, 2, 4, 10, 11]","[""none"", ""none"", ""none"", ""none"", ""moveable"", ""none"", ""moveable"", ""none"", ""none"", ""none"", ""none"", ""none""]",0.36363636363636365,0.2727272727272727,False,False
discovery:n12:seed103:shuffled:t4:moveable:k2,post_branch,step,6,89,"[0, 3, 5, 6, 7, 8, 1, 2, 4, 9, 10, 11]","[""none"", ""none"", ""none"", ""moveable"", ""none"", ""none"", ""moveable"", ""none"", ""none"", ""none"", ""none"", ""none""]",0.09090909090909091,0.21212121212121213,False,False
discovery:n12:seed103:shuffled:t4:moveable:k2,post_branch,step,7,99,"[0, 3, 5, 6, 7, 8, 1, 2, 4, 9, 10, 11]","[""none"", ""none"", ""none"", ""moveable"", ""none"", ""none"", ""moveable"", ""none"", ""none"", ""none"", ""none"", ""none""]",0.09090909090909091,0.21212121212121213,False,False
discovery:n12:seed103:shuffled:t4:moveable:k2,post_branch,step,8,108,"[0, 3, 5, 6, 7, 8, 1, 2, 4, 9, 10, 11]","[""none"", ""none"", ""none"", ""moveable"", ""none"", ""none"", ""moveable"", ""none"", ""none"", ""none"", ""none"", ""none""]",0.09090909090909091,0.21212121212121213,False,False
discovery:n12:seed103:shuffled:t4:moveable:k2,post_branch,step,9,117,"[0, 3, 5, 6, 7, 1, 8, 2, 4, 9, 10, 11]","[""none"", ""none"", ""none"", ""moveable"", ""none"", ""moveable"", ""none"", ""none"", ""none"", ""none"", ""none"", ""none""]",0.18181818181818182,0.19696969696969696,False,False
discovery:n12:seed103:shuffled:t4:moveable:k2,post_branch,step,10,128,"[0, 3, 5, 6, 7, 1, 2, 8, 4, 9, 10, 11]","[""none"", ""none"", ""none"", ""moveable"", ""none"", ""moveable"", ""none"", ""none"", ""none"", ""none"", ""none"", ""none""]",0.18181818181818182,0.18181818181818182,False,False
discovery:n12:seed103:shuffled:t4:moveable:k2,post_branch,step,11,138,"[0, 3, 5, 6, 1, 7, 2, 8, 4, 9, 10, 11]","[""none"", ""none"", ""none"", ""moveable"", ""moveable"", ""none"", ""none"", ""none"", ""none"", ""none"", ""none"", ""none""]",0.2727272727272727,0.16666666666666666,False,False
discovery:n12:seed103:shuffled:t4:moveable:k2,post_branch,step,12,149,"[0, 3, 5, 6, 1, 2, 7, 4, 8, 9, 10, 11]","[""none"", ""none"", ""none"", ""moveable"", ""moveable"", ""none"", ""none"", ""none"", ""none"", ""none"", ""none"", ""none""]",0.18181818181818182,0.13636363636363635,False,False
discovery:n12:seed103:shuffled:t4:moveable:k2,post_branch,step,13,159,"[0, 3, 5, 6, 1, 2, 4, 7, 8, 9, 10, 11]","[""none"", ""none"", ""none"", ""moveable"", ""moveable"", ""none"", ""none"", ""none"", ""none"", ""none"", ""none"", ""none""]",0.09090909090909091,0.12121212121212122,False,True
discovery:n12:seed103:shuffled:t4:moveable:k3,pre_branch,setup,0,0,"[7, 8, 9, 3, 6, 0, 10, 5, 11, 2, 4, 1]","[""none"", ""none"", ""none"", ""none"", ""none"", ""none"", ""none"", ""none"", ""none"", ""none"", ""none"", ""none""]",0.45454545454545453,0.6212121212121212,False,False
discovery:n12:seed103:shuffled:t4:moveable:k3,pre_branch,step,1,19,"[7, 8, 3, 9, 0, 5, 6, 10, 2, 1, 11, 4]","[""none"", ""none"", ""none"", ""none"", ""none"", ""none"", ""none"", ""none"", ""none"", ""none"", ""none"", ""none""]",0.45454545454545453,0.5151515151515151,False,False
discovery:n12:seed103:shuffled:t4:moveable:k3,pre_branch,step,2,34,"[7, 3, 8, 0, 5, 6, 9, 10, 1, 2, 11, 4]","[""none"", ""none"", ""none"", ""none"", ""none"", ""none"", ""none"", ""none"", ""none"", ""none"", ""none"", ""none""]",0.36363636363636365,0.4393939393939394,False,False
discovery:n12:seed103:shuffled:t4:moveable:k3,pre_branch,step,3,50,"[3, 7, 0, 8, 5, 6, 1, 9, 10, 2, 4, 11]","[""none"", ""none"", ""none"", ""none"", ""none"", ""none"", ""none"", ""none"", ""none"", ""none"", ""none"", ""none""]",0.36363636363636365,0.36363636363636365,False,False
discovery:n12:seed103:shuffled:t4:moveable:k3,pre_branch,step,4,65,"[3, 7, 0, 5, 6, 8, 1, 9, 2, 4, 10, 11]","[""none"", ""none"", ""none"", ""none"", ""none"", ""none"", ""none"", ""none"", ""none"", ""none"", ""none"", ""none""]",0.2727272727272727,0.30303030303030304,False,False
discovery:n12:seed103:shuffled:t4:moveable:k3,post_branch,freeze-moveable,4,65,"[3, 7, 0, 5, 6, 8, 1, 9, 2, 4, 10, 11]","[""moveable"", ""none"", ""none"", ""none"", ""none"", ""none"", ""none"", ""none"", ""moveable"", ""none"", ""moveable"", ""none""]",0.2727272727272727,0.30303030303030304,False,False
discovery:n12:seed103:shuffled:t4:moveable:k3,post_branch,step,5,78,"[3, 0, 5, 7, 1, 6, 8, 9, 2, 4, 10, 11]","[""moveable"", ""none"", ""none"", ""none"", ""none"", ""none"", ""none"", ""none"", ""moveable"", ""none"", ""moveable"", ""none""]",0.2727272727272727,0.24242424242424243,False,False
discovery:n12:seed103:shuffled:t4:moveable:k3,post_branch,step,6,90,"[3, 0, 1, 5, 6, 7, 8, 2, 9, 4, 10, 11]","[""moveable"", ""none"", ""none"", ""none"", ""none"", ""none"", ""none"", ""moveable"", ""none"", ""none"", ""moveable"", ""none""]",0.2727272727272727,0.18181818181818182,False,False
discovery:n12:seed103:shuffled:t4:moveable:k3,post_branch,step,7,100,"[3, 0, 1, 5, 6, 7, 8, 2, 4, 9, 10, 11]","[""moveable"", ""none"", ""none"", ""none"", ""none"", ""none"", ""none"", ""moveable"", ""none"", ""none"", ""moveable"", ""none""]",0.18181818181818182,0.16666666666666666,False,False
discovery:n12:seed103:shuffled:t4:moveable:k3,post_branch,step,8,109,"[3, 0, 1, 5, 6, 7, 2, 8, 4, 9, 10, 11]","[""moveable"", ""none"", ""none"", ""none"", ""none"", ""none"", ""moveable"", ""none"", ""none"", ""none"", ""moveable"", ""none""]",0.2727272727272727,0.15151515151515152,False,False
discovery:n12:seed103:shuffled:t4:moveable:k3,post_branch,step,9,120,"[0, 3, 1, 5, 2, 6, 7, 8, 4, 9, 10, 11]","[""none"", ""moveable"", ""none"", ""none"", ""moveable"", ""none"", ""none"", ""none"", ""none"", ""none"", ""moveable"", ""none""]",0.2727272727272727,0.10606060606060606,False,False
discovery:n12:seed103:shuffled:t4:moveable:k3,post_branch,step,10,131,"[0, 1, 3, 2, 5, 6, 7, 4, 8, 9, 10, 11]","[""none"", ""none"", ""moveable"", ""moveable"", ""none"", ""none"", ""none"", ""none"", ""none"", ""none"", ""moveable"", ""none""]",0.18181818181818182,0.06060606060606061,False,False
discovery:n12:seed103:shuffled:t4:moveable:k3,post_branch,step,11,140,"[0, 1, 3, 2, 5, 4, 6, 7, 8, 9, 10, 11]","[""none"", ""none"", ""moveable"", ""moveable"", ""none"", ""none"", ""none"", ""none"", ""none"", ""none"", ""moveable"", ""none""]",0.18181818181818182,0.030303030303030304,False,False
discovery:n12:seed103:shuffled:t4:moveable:k3,post_branch,step,12,150,"[0, 1, 3, 2, 4, 5, 6, 7, 8, 9, 10, 11]","[""none"", ""none"", ""moveable"", ""moveable"", ""none"", ""none"", ""none"", ""none"", ""none"", ""none"", ""moveable"", ""none""]",0.09090909090909091,0.015151515151515152,False,True
discovery:n12:seed103:shuffled:t4:immovable:k1,pre_branch,setup,0,0,"[7, 8, 9, 3, 6, 0, 10, 5, 11, 2, 4, 1]","[""none"", ""none"", ""none"", ""none"", ""none"", ""none"", ""none"", ""none"", ""none"", ""none"", ""none"", ""none""]",0.45454545454545453,0.6212121212121212,False,False
discovery:n12:seed103:shuffled:t4:immovable:k1,pre_branch,step,1,19,"[7, 8, 3, 9, 0, 5, 6, 10, 2, 1, 11, 4]","[""none"", ""none"", ""none"", ""none"", ""none"", ""none"", ""none"", ""none"", ""none"", ""none"", ""none"", ""none""]",0.45454545454545453,0.5151515151515151,False,False
discovery:n12:seed103:shuffled:t4:immovable:k1,pre_branch,step,2,34,"[7, 3, 8, 0, 5, 6, 9, 10, 1, 2, 11, 4]","[""none"", ""none"", ""none"", ""none"", ""none"", ""none"", ""none"", ""none"", ""none"", ""none"", ""none"", ""none""]",0.36363636363636365,0.4393939393939394,False,False
discovery:n12:seed103:shuffled:t4:immovable:k1,pre_branch,step,3,50,"[3, 7, 0, 8, 5, 6, 1, 9, 10, 2, 4, 11]","[""none"", ""none"", ""none"", ""none"", ""none"", ""none"", ""none"", ""none"", ""none"", ""none"", ""none"", ""none""]",0.36363636363636365,0.36363636363636365,False,False
discovery:n12:seed103:shuffled:t4:immovable:k1,pre_branch,step,4,65,"[3, 7, 0, 5, 6, 8, 1, 9, 2, 4, 10, 11]","[""none"", ""none"", ""none"", ""none"", ""none"", ""none"", ""none"", ""none"", ""none"", ""none"", ""none"", ""none""]",0.2727272727272727,0.30303030303030304,False,False
discovery:n12:seed103:shuffled:t4:immovable:k1,post_branch,freeze-immovable,4,65,"[3, 7, 0, 5, 6, 8, 1, 9, 2, 4, 10, 11]","[""none"", ""none"", ""none"", ""none"", ""none"", ""none"", ""none"", ""none"", ""none"", ""immovable"", ""none"", ""none""]",0.2727272727272727,0.30303030303030304,False,False
discovery:n12:seed103:shuffled:t4:immovable:k1,post_branch,step,5,78,"[3, 0, 5, 7, 6, 1, 8, 2, 9, 4, 10, 11]","[""none"", ""none"", ""none"", ""none"", ""none"", ""none"", ""none"", ""none"", ""none"", ""immovable"", ""none"", ""none""]",0.45454545454545453,0.24242424242424243,False,False
discovery:n12:seed103:shuffled:t4:immovable:k1,post_branch,step,6,92,"[0, 3, 5, 6, 1, 7, 8, 2, 9, 4, 10, 11]","[""none"", ""none"", ""none"", ""none"", ""none"", ""none"", ""none"", ""none"", ""none"", ""immovable"", ""none"", ""none""]",0.2727272727272727,0.19696969696969696,False,False
discovery:n12:seed103:shuffled:t4:immovable:k1,post_branch,step,7,104,"[0, 3, 5, 1, 6, 7, 8, 2, 9, 4, 10, 11]","[""none"", ""none"", ""none"", ""none"", ""none"", ""none"", ""none"", ""none"", ""none"", ""immovable"", ""none"", ""none""]",0.2727272727272727,0.18181818181818182,False,False
discovery:n12:seed103:shuffled:t4:immovable:k1,post_branch,step,8,115,"[0, 1, 3, 5, 6, 7, 8, 2, 9, 4, 10, 11]","[""none"", ""none"", ""none"", ""none"", ""none"", ""none"", ""none"", ""none"", ""none"", ""immovable"", ""none"", ""none""]",0.18181818181818182,0.15151515151515152,False,False
discovery:n12:seed103:shuffled:t4:immovable:k1,post_branch,step,9,127,"[0, 1, 3, 5, 6, 7, 2, 8, 9, 4, 10, 11]","[""none"", ""none"", ""none"", ""none"", ""none"", ""none"", ""none"", ""none"", ""none"", ""immovable"", ""none"", ""none""]",0.18181818181818182,0.13636363636363635,False,False
discovery:n12:seed103:shuffled:t4:immovable:k1,post_branch,step,10,137,"[0, 1, 3, 5, 6, 7, 2, 8, 9, 4, 10, 11]","[""none"", ""none"", ""none"", ""none"", ""none"", ""none"", ""none"", ""none"", ""none"", ""immovable"", ""none"", ""none""]",0.18181818181818182,0.13636363636363635,False,False
discovery:n12:seed103:shuffled:t4:immovable:k1,post_branch,step,11,148,"[0, 1, 3, 5, 6, 2, 7, 8, 9, 4, 10, 11]","[""none"", ""none"", ""none"", ""none"", ""none"", ""none"", ""none"", ""none"", ""none"", ""immovable"", ""none"", ""none""]",0.18181818181818182,0.12121212121212122,False,False
discovery:n12:seed103:shuffled:t4:immovable:k1,post_branch,step,12,158,"[0, 1, 3, 5, 2, 6, 7, 8, 9, 4, 10, 11]","[""none"", ""none"", ""none"", ""none"", ""none"", ""none"", ""none"", ""none"", ""none"", ""immovable"", ""none"", ""none""]",0.18181818181818182,0.10606060606060606,False,False
discovery:n12:seed103:shuffled:t4:immovable:k1,post_branch,step,13,170,"[0, 1, 2, 3, 5, 6, 7, 8, 9, 4, 10, 11]","[""none"", ""none"", ""none"", ""none"", ""none"", ""none"", ""none"", ""none"", ""none"", ""immovable"", ""none"", ""none""]",0.09090909090909091,0.07575757575757576,False,True
discovery:n12:seed103:shuffled:t4:immovable:k2,pre_branch,setup,0,0,"[7, 8, 9, 3, 6, 0, 10, 5, 11, 2, 4, 1]","[""none"", ""none"", ""none"", ""none"", ""none"", ""none"", ""none"", ""none"", ""none"", ""none"", ""none"", ""none""]",0.45454545454545453,0.6212121212121212,False,False
discovery:n12:seed103:shuffled:t4:immovable:k2,pre_branch,step,1,19,"[7, 8, 3, 9, 0, 5, 6, 10, 2, 1, 11, 4]","[""none"", ""none"", ""none"", ""none"", ""none"", ""none"", ""none"", ""none"", ""none"", ""none"", ""none"", ""none""]",0.45454545454545453,0.5151515151515151,False,False
discovery:n12:seed103:shuffled:t4:immovable:k2,pre_branch,step,2,34,"[7, 3, 8, 0, 5, 6, 9, 10, 1, 2, 11, 4]","[""none"", ""none"", ""none"", ""none"", ""none"", ""none"", ""none"", ""none"", ""none"", ""none"", ""none"", ""none""]",0.36363636363636365,0.4393939393939394,False,False
discovery:n12:seed103:shuffled:t4:immovable:k2,pre_branch,step,3,50,"[3, 7, 0, 8, 5, 6, 1, 9, 10, 2, 4, 11]","[""none"", ""none"", ""none"", ""none"", ""none"", ""none"", ""none"", ""none"", ""none"", ""none"", ""none"", ""none""]",0.36363636363636365,0.36363636363636365,False,False
discovery:n12:seed103:shuffled:t4:immovable:k2,pre_branch,step,4,65,"[3, 7, 0, 5, 6, 8, 1, 9, 2, 4, 10, 11]","[""none"", ""none"", ""none"", ""none"", ""none"", ""none"", ""none"", ""none"", ""none"", ""none"", ""none"", ""none""]",0.2727272727272727,0.30303030303030304,False,False
discovery:n12:seed103:shuffled:t4:immovable:k2,post_branch,freeze-immovable,4,65,"[3, 7, 0, 5, 6, 8, 1, 9, 2, 4, 10, 11]","[""none"", ""none"", ""none"", ""none"", ""immovable"", ""none"", ""immovable"", ""none"", ""none"", ""none"", ""none"", ""none""]",0.2727272727272727,0.30303030303030304,False,False
discovery:n12:seed103:shuffled:t4:immovable:k2,post_branch,step,5,76,"[3, 0, 5, 7, 6, 8, 1, 9, 2, 4, 10, 11]","[""none"", ""none"", ""none"", ""none"", ""immovable"", ""none"", ""immovable"", ""none"", ""none"", ""none"", ""none"", ""none""]",0.36363636363636365,0.2727272727272727,False,False
discovery:n12:seed103:shuffled:t4:immovable:k2,post_branch,step,6,88,"[0, 3, 5, 7, 6, 8, 1, 2, 4, 9, 10, 11]","[""none"", ""none"", ""none"", ""none"", ""immovable"", ""none"", ""immovable"", ""none"", ""none"", ""none"", ""none"", ""none""]",0.18181818181818182,0.22727272727272727,False,True
discovery:n12:seed103:shuffled:t4:immovable:k3,pre_branch,setup,0,0,"[7, 8, 9, 3, 6, 0, 10, 5, 11, 2, 4, 1]","[""none"", ""none"", ""none"", ""none"", ""none"", ""none"", ""none"", ""none"", ""none"", ""none"", ""none"", ""none""]",0.45454545454545453,0.6212121212121212,False,False
discovery:n12:seed103:shuffled:t4:immovable:k3,pre_branch,step,1,19,"[7, 8, 3, 9, 0, 5, 6, 10, 2, 1, 11, 4]","[""none"", ""none"", ""none"", ""none"", ""none"", ""none"", ""none"", ""none"", ""none"", ""none"", ""none"", ""none""]",0.45454545454545453,0.5151515151515151,False,False
discovery:n12:seed103:shuffled:t4:immovable:k3,pre_branch,step,2,34,"[7, 3, 8, 0, 5, 6, 9, 10, 1, 2, 11, 4]","[""none"", ""none"", ""none"", ""none"", ""none"", ""none"", ""none"", ""none"", ""none"", ""none"", ""none"", ""none""]",0.36363636363636365,0.4393939393939394,False,False
discovery:n12:seed103:shuffled:t4:immovable:k3,pre_branch,step,3,50,"[3, 7, 0, 8, 5, 6, 1, 9, 10, 2, 4, 11]","[""none"", ""none"", ""none"", ""none"", ""none"", ""none"", ""none"", ""none"", ""none"", ""none"", ""none"", ""none""]",0.36363636363636365,0.36363636363636365,False,False
discovery:n12:seed103:shuffled:t4:immovable:k3,pre_branch,step,4,65,"[3, 7, 0, 5, 6, 8, 1, 9, 2, 4, 10, 11]","[""none"", ""none"", ""none"", ""none"", ""none"", ""none"", ""none"", ""none"", ""none"", ""none"", ""none"", ""none""]",0.2727272727272727,0.30303030303030304,False,False
discovery:n12:seed103:shuffled:t4:immovable:k3,post_branch,freeze-immovable,4,65,"[3, 7, 0, 5, 6, 8, 1, 9, 2, 4, 10, 11]","[""immovable"", ""none"", ""none"", ""none"", ""none"", ""none"", ""none"", ""none"", ""immovable"", ""none"", ""immovable"", ""none""]",0.2727272727272727,0.30303030303030304,False,False
discovery:n12:seed103:shuffled:t4:immovable:k3,post_branch,step,5,78,"[3, 0, 5, 7, 1, 6, 8, 9, 2, 4, 10, 11]","[""immovable"", ""none"", ""none"", ""none"", ""none"", ""none"", ""none"", ""none"", ""immovable"", ""none"", ""immovable"", ""none""]",0.2727272727272727,0.24242424242424243,False,False
discovery:n12:seed103:shuffled:t4:immovable:k3,post_branch,step,6,89,"[3, 0, 1, 5, 6, 7, 8, 9, 2, 4, 10, 11]","[""immovable"", ""none"", ""none"", ""none"", ""none"", ""none"", ""none"", ""none"", ""immovable"", ""none"", ""immovable"", ""none""]",0.18181818181818182,0.19696969696969696,False,True
discovery:n12:seed104:index:t0:moveable:k1,pre_branch,setup,0,0,"[0, 6, 1, 4, 11, 5, 7, 8, 3, 9, 10, 2]","[""none"", ""none"", ""none"", ""none"", ""none"", ""none"", ""none"", ""none"", ""none"", ""none"", ""none"", ""none""]",0.36363636363636365,0.3484848484848485,False,False
discovery:n12:seed104:index:t0:moveable:k1,post_branch,freeze-moveable,0,0,"[0, 6, 1, 4, 11, 5, 7, 8, 3, 9, 10, 2]","[""none"", ""none"", ""none"", ""none"", ""none"", ""none"", ""none"", ""none"", ""none"", ""moveable"", ""none"", ""none""]",0.36363636363636365,0.3484848484848485,False,False
discovery:n12:seed104:index:t0:moveable:k1,post_branch,step,1,13,"[0, 1, 6, 4, 5, 7, 11, 3, 8, 9, 10, 2]","[""none"", ""none"", ""none"", ""none"", ""none"", ""none"", ""none"", ""none"", ""none"", ""moveable"", ""none"", ""none""]",0.2727272727272727,0.2878787878787879,False,False
discovery:n12:seed104:index:t0:moveable:k1,post_branch,step,2,29,"[0, 1, 4, 5, 6, 3, 7, 8, 11, 9, 2, 10]","[""none"", ""none"", ""none"", ""none"", ""none"", ""none"", ""none"", ""none"", ""none"", ""moveable"", ""none"", ""none""]",0.2727272727272727,0.19696969696969696,False,False
discovery:n12:seed104:index:t0:moveable:k1,post_branch,step,3,42,"[0, 1, 4, 3, 5, 6, 7, 8, 9, 11, 2, 10]","[""none"", ""none"", ""none"", ""none"", ""none"", ""none"", ""none"", ""none"", ""moveable"", ""none"", ""none"", ""none""]",0.18181818181818182,0.15151515151515152,False,False
discovery:n12:seed104:index:t0:moveable:k1,post_branch,step,4,56,"[0, 1, 3, 4, 5, 6, 7, 8, 9, 2, 10, 11]","[""none"", ""none"", ""none"", ""none"", ""none"", ""none"", ""none"", ""none"", ""moveable"", ""none"", ""none"", ""none""]",0.09090909090909091,0.10606060606060606,False,False
discovery:n12:seed104:index:t0:moveable:k1,post_branch,step,5,67,"[0, 1, 3, 4, 5, 6, 7, 8, 9, 2, 10, 11]","[""none"", ""none"", ""none"", ""none"", ""none"", ""none"", ""none"", ""none"", ""moveable"", ""none"", ""none"", ""none""]",0.09090909090909091,0.10606060606060606,False,False
discovery:n12:seed104:index:t0:moveable:k1,post_branch,step,6,78,"[0, 1, 3, 4, 5, 6, 7, 8, 9, 2, 10, 11]","[""none"", ""none"", ""none"", ""none"", ""none"", ""none"", ""none"", ""none"", ""moveable"", ""none"", ""none"", ""none""]",0.09090909090909091,0.10606060606060606,False,False
discovery:n12:seed104:index:t0:moveable:k1,post_branch,step,7,88,"[0, 1, 3, 4, 5, 6, 7, 8, 2, 9, 10, 11]","[""none"", ""none"", ""none"", ""none"", ""none"", ""none"", ""none"", ""none"", ""none"", ""moveable"", ""none"", ""none""]",0.09090909090909091,0.09090909090909091,False,False
discovery:n12:seed104:index:t0:moveable:k1,post_branch,step,8,100,"[0, 1, 3, 4, 5, 6, 7, 2, 8, 9, 10, 11]","[""none"", ""none"", ""none"", ""none"", ""none"", ""none"", ""none"", ""none"", ""none"", ""moveable"", ""none"", ""none""]",0.09090909090909091,0.07575757575757576,False,False
discovery:n12:seed104:index:t0:moveable:k1,post_branch,step,9,112,"[0, 1, 3, 4, 5, 6, 2, 7, 8, 9, 10, 11]","[""none"", ""none"", ""none"", ""none"", ""none"", ""none"", ""none"", ""none"", ""none"", ""moveable"", ""none"", ""none""]",0.09090909090909091,0.06060606060606061,False,False
discovery:n12:seed104:index:t0:moveable:k1,post_branch,step,10,123,"[0, 1, 3, 4, 5, 6, 2, 7, 8, 9, 10, 11]","[""none"", ""none"", ""none"", ""none"", ""none"", ""none"", ""none"", ""none"", ""none"", ""moveable"", ""none"", ""none""]",0.09090909090909091,0.06060606060606061,False,False
discovery:n12:seed104:index:t0:moveable:k1,post_branch,step,11,133,"[0, 1, 3, 4, 5, 2, 6, 7, 8, 9, 10, 11]","[""none"", ""none"", ""none"", ""none"", ""none"", ""none"", ""none"", ""none"", ""none"", ""moveable"", ""none"", ""none""]",0.09090909090909091,0.045454545454545456,False,False
discovery:n12:seed104:index:t0:moveable:k1,post_branch,step,12,142,"[0, 1, 3, 4, 5, 2, 6, 7, 8, 9, 10, 11]","[""none"", ""none"", ""none"", ""none"", ""none"", ""none"", ""none"", ""none"", ""none"", ""moveable"", ""none"", ""none""]",0.09090909090909091,0.045454545454545456,False,False
discovery:n12:seed104:index:t0:moveable:k1,post_branch,step,13,151,"[0, 1, 3, 4, 5, 2, 6, 7, 8, 9, 10, 11]","[""none"", ""none"", ""none"", ""none"", ""none"", ""none"", ""none"", ""none"", ""none"", ""moveable"", ""none"", ""none""]",0.09090909090909091,0.045454545454545456,False,False
discovery:n12:seed104:index:t0:moveable:k1,post_branch,step,14,160,"[0, 1, 3, 4, 5, 2, 6, 7, 8, 9, 10, 11]","[""none"", ""none"", ""none"", ""none"", ""none"", ""none"", ""none"", ""none"", ""none"", ""moveable"", ""none"", ""none""]",0.09090909090909091,0.045454545454545456,False,False
discovery:n12:seed104:index:t0:moveable:k1,post_branch,step,15,171,"[0, 1, 3, 2, 4, 5, 6, 7, 8, 9, 10, 11]","[""none"", ""none"", ""none"", ""none"", ""none"", ""none"", ""none"", ""none"", ""none"", ""moveable"", ""none"", ""none""]",0.09090909090909091,0.015151515151515152,False,False
discovery:n12:seed104:index:t0:moveable:k1,post_branch,step,16,181,"[0, 1, 2, 3, 4, 5, 6, 7, 8, 9, 10, 11]","[""none"", ""none"", ""none"", ""none"", ""none"", ""none"", ""none"", ""none"", ""none"", ""moveable"", ""none"", ""none""]",0.0,0.0,True,True
discovery:n12:seed104:index:t0:moveable:k2,pre_branch,setup,0,0,"[0, 6, 1, 4, 11, 5, 7, 8, 3, 9, 10, 2]","[""none"", ""none"", ""none"", ""none"", ""none"", ""none"", ""none"", ""none"", ""none"", ""none"", ""none"", ""none""]",0.36363636363636365,0.3484848484848485,False,False
discovery:n12:seed104:index:t0:moveable:k2,post_branch,freeze-moveable,0,0,"[0, 6, 1, 4, 11, 5, 7, 8, 3, 9, 10, 2]","[""none"", ""none"", ""none"", ""none"", ""none"", ""none"", ""moveable"", ""none"", ""none"", ""none"", ""none"", ""moveable""]",0.36363636363636365,0.3484848484848485,False,False
discovery:n12:seed104:index:t0:moveable:k2,post_branch,step,1,11,"[0, 1, 6, 4, 5, 11, 7, 8, 3, 9, 10, 2]","[""none"", ""none"", ""none"", ""none"", ""none"", ""none"", ""moveable"", ""none"", ""none"", ""none"", ""none"", ""moveable""]",0.36363636363636365,0.3181818181818182,False,False
discovery:n12:seed104:index:t0:moveable:k2,post_branch,step,2,24,"[0, 1, 4, 5, 6, 11, 7, 3, 8, 9, 10, 2]","[""none"", ""none"", ""none"", ""none"", ""none"", ""none"", ""moveable"", ""none"", ""none"", ""none"", ""none"", ""moveable""]",0.2727272727272727,0.2727272727272727,False,False
discovery:n12:seed104:index:t0:moveable:k2,post_branch,step,3,34,"[0, 1, 4, 5, 6, 11, 7, 3, 8, 9, 10, 2]","[""none"", ""none"", ""none"", ""none"", ""none"", ""none"", ""moveable"", ""none"", ""none"", ""none"", ""none"", ""moveable""]",0.2727272727272727,0.2727272727272727,False,False
discovery:n12:seed104:index:t0:moveable:k2,post_branch,step,4,46,"[0, 1, 4, 5, 6, 7, 3, 11, 8, 9, 10, 2]","[""none"", ""none"", ""none"", ""none"", ""none"", ""moveable"", ""none"", ""none"", ""none"", ""none"", ""none"", ""moveable""]",0.2727272727272727,0.24242424242424243,False,False
discovery:n12:seed104:index:t0:moveable:k2,post_branch,step,5,58,"[0, 1, 4, 5, 6, 3, 7, 8, 11, 9, 2, 10]","[""none"", ""none"", ""none"", ""none"", ""none"", ""none"", ""moveable"", ""none"", ""none"", ""none"", ""moveable"", ""none""]",0.2727272727272727,0.19696969696969696,False,False
discovery:n12:seed104:index:t0:moveable:k2,post_branch,step,6,68,"[0, 1, 4, 5, 6, 3, 7, 8, 9, 11, 2, 10]","[""none"", ""none"", ""none"", ""none"", ""none"", ""none"", ""moveable"", ""none"", ""none"", ""none"", ""moveable"", ""none""]",0.18181818181818182,0.18181818181818182,False,False
discovery:n12:seed104:index:t0:moveable:k2,post_branch,step,7,78,"[0, 1, 4, 5, 3, 6, 7, 8, 9, 11, 2, 10]","[""none"", ""none"", ""none"", ""none"", ""none"", ""none"", ""moveable"", ""none"", ""none"", ""none"", ""moveable"", ""none""]",0.18181818181818182,0.16666666666666666,False,False
discovery:n12:seed104:index:t0:moveable:k2,post_branch,step,8,91,"[0, 1, 3, 4, 5, 6, 7, 8, 9, 2, 10, 11]","[""none"", ""none"", ""none"", ""none"", ""none"", ""none"", ""moveable"", ""none"", ""none"", ""moveable"", ""none"", ""none""]",0.09090909090909091,0.10606060606060606,False,False
discovery:n12:seed104:index:t0:moveable:k2,post_branch,step,9,100,"[0, 1, 3, 4, 5, 6, 7, 8, 9, 2, 10, 11]","[""none"", ""none"", ""none"", ""none"", ""none"", ""none"", ""moveable"", ""none"", ""none"", ""moveable"", ""none"", ""none""]",0.09090909090909091,0.10606060606060606,False,False
discovery:n12:seed104:index:t0:moveable:k2,post_branch,step,10,110,"[0, 1, 3, 4, 5, 6, 7, 8, 2, 9, 10, 11]","[""none"", ""none"", ""none"", ""none"", ""none"", ""none"", ""moveable"", ""none"", ""moveable"", ""none"", ""none"", ""none""]",0.09090909090909091,0.09090909090909091,False,False
discovery:n12:seed104:index:t0:moveable:k2,post_branch,step,11,121,"[0, 1, 3, 4, 5, 6, 7, 2, 8, 9, 10, 11]","[""none"", ""none"", ""none"", ""none"", ""none"", ""none"", ""moveable"", ""moveable"", ""none"", ""none"", ""none"", ""none""]",0.09090909090909091,0.07575757575757576,False,True
discovery:n12:seed104:index:t0:moveable:k3,pre_branch,setup,0,0,"[0, 6, 1, 4, 11, 5, 7, 8, 3, 9, 10, 2]","[""none"", ""none"", ""none"", ""none"", ""none"", ""none"", ""none"", ""none"", ""none"", ""none"", ""none"", ""none""]",0.36363636363636365,0.3484848484848485,False,False
discovery:n12:seed104:index:t0:moveable:k3,post_branch,freeze-moveable,0,0,"[0, 6, 1, 4, 11, 5, 7, 8, 3, 9, 10, 2]","[""moveable"", ""none"", ""none"", ""none"", ""none"", ""none"", ""none"", ""none"", ""moveable"", ""moveable"", ""none"", ""none""]",0.36363636363636365,0.3484848484848485,False,False
discovery:n12:seed104:index:t0:moveable:k3,post_branch,step,1,15,"[0, 1, 4, 6, 5, 7, 8, 11, 3, 9, 2, 10]","[""moveable"", ""none"", ""none"", ""none"", ""none"", ""none"", ""none"", ""none"", ""moveable"", ""moveable"", ""none"", ""none""]",0.2727272727272727,0.25757575757575757,False,False
discovery:n12:seed104:index:t0:moveable:k3,post_branch,step,2,23,"[0, 1, 4, 6, 5, 7, 8, 11, 3, 9, 2, 10]","[""moveable"", ""none"", ""none"", ""none"", ""none"", ""none"", ""none"", ""none"", ""moveable"", ""moveable"", ""none"", ""none""]",0.2727272727272727,0.25757575757575757,False,False
discovery:n12:seed104:index:t0:moveable:k3,post_branch,step,3,34,"[0, 1, 4, 5, 6, 7, 8, 3, 11, 2, 9, 10]","[""moveable"", ""none"", ""none"", ""none"", ""none"", ""none"", ""none"", ""moveable"", ""none"", ""none"", ""moveable"", ""none""]",0.18181818181818182,0.21212121212121213,False,False
discovery:n12:seed104:index:t0:moveable:k3,post_branch,step,4,44,"[0, 1, 4, 5, 6, 7, 8, 2, 3, 11, 9, 10]","[""moveable"", ""none"", ""none"", ""none"", ""none"", ""none"", ""none"", ""none"", ""moveable"", ""none"", ""moveable"", ""none""]",0.18181818181818182,0.18181818181818182,False,False
discovery:n12:seed104:index:t0:moveable:k3,post_branch,step,5,53,"[0, 1, 4, 5, 6, 7, 2, 8, 3, 11, 9, 10]","[""moveable"", ""none"", ""none"", ""none"", ""none"", ""none"", ""none"", ""none"", ""moveable"", ""none"", ""moveable"", ""none""]",0.2727272727272727,0.16666666666666666,False,False
discovery:n12:seed104:index:t0:moveable:k3,post_branch,step,6,65,"[0, 1, 4, 5, 2, 6, 7, 3, 8, 9, 11, 10]","[""moveable"", ""none"", ""none"", ""none"", ""none"", ""none"", ""none"", ""moveable"", ""none"", ""moveable"", ""none"", ""none""]",0.2727272727272727,0.10606060606060606,False,False
discovery:n12:seed104:index:t0:moveable:k3,post_branch,step,7,77,"[0, 1, 2, 4, 5, 6, 7, 3, 8, 9, 10, 11]","[""moveable"", ""none"", ""none"", ""none"", ""none"", ""none"", ""none"", ""moveable"", ""none"", ""moveable"", ""none"", ""none""]",0.09090909090909091,0.06060606060606061,False,False
discovery:n12:seed104:index:t0:moveable:k3,post_branch,step,8,86,"[0, 1, 2, 4, 5, 6, 7, 3, 8, 9, 10, 11]","[""moveable"", ""none"", ""none"", ""none"", ""none"", ""none"", ""none"", ""moveable"", ""none"", ""moveable"", ""none"", ""none""]",0.09090909090909091,0.06060606060606061,False,False
discovery:n12:seed104:index:t0:moveable:k3,post_branch,step,9,96,"[0, 1, 2, 4, 5, 6, 3, 7, 8, 9, 10, 11]","[""moveable"", ""none"", ""none"", ""none"", ""none"", ""none"", ""moveable"", ""none"", ""none"", ""moveable"", ""none"", ""none""]",0.09090909090909091,0.045454545454545456,False,False
discovery:n12:seed104:index:t0:moveable:k3,post_branch,step,10,105,"[0, 1, 2, 4, 5, 6, 3, 7, 8, 9, 10, 11]","[""moveable"", ""none"", ""none"", ""none"", ""none"", ""none"", ""moveable"", ""none"", ""none"", ""moveable"", ""none"", ""none""]",0.09090909090909091,0.045454545454545456,False,False
discovery:n12:seed104:index:t0:moveable:k3,post_branch,step,11,115,"[0, 1, 2, 4, 5, 3, 6, 7, 8, 9, 10, 11]","[""moveable"", ""none"", ""none"", ""none"", ""none"", ""moveable"", ""none"", ""none"", ""none"", ""moveable"", ""none"", ""none""]",0.09090909090909091,0.030303030303030304,False,False
discovery:n12:seed104:index:t0:moveable:k3,post_branch,step,12,123,"[0, 1, 2, 4, 5, 3, 6, 7, 8, 9, 10, 11]","[""moveable"", ""none"", ""none"", ""none"", ""none"", ""moveable"", ""none"", ""none"", ""none"", ""moveable"", ""none"", ""none""]",0.09090909090909091,0.030303030303030304,False,False
discovery:n12:seed104:index:t0:moveable:k3,post_branch,step,13,132,"[0, 1, 2, 4, 3, 5, 6, 7, 8, 9, 10, 11]","[""moveable"", ""none"", ""none"", ""none"", ""moveable"", ""none"", ""none"", ""none"", ""none"", ""moveable"", ""none"", ""none""]",0.09090909090909091,0.015151515151515152,False,False
discovery:n12:seed104:index:t0:moveable:k3,post_branch,step,14,141,"[0, 1, 2, 4, 3, 5, 6, 7, 8, 9, 10, 11]","[""moveable"", ""none"", ""none"", ""none"", ""moveable"", ""none"", ""none"", ""none"", ""none"", ""moveable"", ""none"", ""none""]",0.09090909090909091,0.015151515151515152,False,False
discovery:n12:seed104:index:t0:moveable:k3,post_branch,step,15,149,"[0, 1, 2, 4, 3, 5, 6, 7, 8, 9, 10, 11]","[""moveable"", ""none"", ""none"", ""none"", ""moveable"", ""none"", ""none"", ""none"", ""none"", ""moveable"", ""none"", ""none""]",0.09090909090909091,0.015151515151515152,False,False
discovery:n12:seed104:index:t0:moveable:k3,post_branch,step,16,159,"[0, 1, 2, 3, 4, 5, 6, 7, 8, 9, 10, 11]","[""moveable"", ""none"", ""none"", ""moveable"", ""none"", ""none"", ""none"", ""none"", ""none"", ""moveable"", ""none"", ""none""]",0.0,0.0,True,True
discovery:n12:seed104:index:t0:immovable:k1,pre_branch,setup,0,0,"[0, 6, 1, 4, 11, 5, 7, 8, 3, 9, 10, 2]","[""none"", ""none"", ""none"", ""none"", ""none"", ""none"", ""none"", ""none"", ""none"", ""none"", ""none"", ""none""]",0.36363636363636365,0.3484848484848485,False,False
discovery:n12:seed104:index:t0:immovable:k1,post_branch,freeze-immovable,0,0,"[0, 6, 1, 4, 11, 5, 7, 8, 3, 9, 10, 2]","[""none"", ""none"", ""none"", ""none"", ""none"", ""none"", ""none"", ""none"", ""none"", ""immovable"", ""none"", ""none""]",0.36363636363636365,0.3484848484848485,False,False
discovery:n12:seed104:index:t0:immovable:k1,post_branch,step,1,13,"[0, 1, 6, 4, 5, 7, 11, 3, 8, 9, 10, 2]","[""none"", ""none"", ""none"", ""none"", ""none"", ""none"", ""none"", ""none"", ""none"", ""immovable"", ""none"", ""none""]",0.2727272727272727,0.2878787878787879,False,False
discovery:n12:seed104:index:t0:immovable:k1,post_branch,step,2,29,"[0, 1, 4, 5, 6, 3, 7, 8, 11, 9, 2, 10]","[""none"", ""none"", ""none"", ""none"", ""none"", ""none"", ""none"", ""none"", ""none"", ""immovable"", ""none"", ""none""]",0.2727272727272727,0.19696969696969696,False,False
discovery:n12:seed104:index:t0:immovable:k1,post_branch,step,3,41,"[0, 1, 4, 3, 5, 6, 7, 8, 11, 9, 2, 10]","[""none"", ""none"", ""none"", ""none"", ""none"", ""none"", ""none"", ""none"", ""none"", ""immovable"", ""none"", ""none""]",0.2727272727272727,0.16666666666666666,False,False
discovery:n12:seed104:index:t0:immovable:k1,post_branch,step,4,53,"[0, 1, 3, 4, 5, 6, 7, 8, 11, 9, 2, 10]","[""none"", ""none"", ""none"", ""none"", ""none"", ""none"", ""none"", ""none"", ""none"", ""immovable"", ""none"", ""none""]",0.18181818181818182,0.15151515151515152,False,True
discovery:n12:seed104:index:t0:immovable:k2,pre_branch,setup,0,0,"[0, 6, 1, 4, 11, 5, 7, 8, 3, 9, 10, 2]","[""none"", ""none"", ""none"", ""none"", ""none"", ""none"", ""none"", ""none"", ""none"", ""none"", ""none"", ""none""]",0.36363636363636365,0.3484848484848485,False,False
discovery:n12:seed104:index:t0:immovable:k2,post_branch,freeze-immovable,0,0,"[0, 6, 1, 4, 11, 5, 7, 8, 3, 9, 10, 2]","[""none"", ""none"", ""none"", ""none"", ""none"", ""none"", ""immovable"", ""none"", ""none"", ""none"", ""none"", ""immovable""]",0.36363636363636365,0.3484848484848485,False,False
discovery:n12:seed104:index:t0:immovable:k2,post_branch,step,1,11,"[0, 1, 6, 4, 5, 11, 7, 8, 3, 9, 10, 2]","[""none"", ""none"", ""none"", ""none"", ""none"", ""none"", ""immovable"", ""none"", ""none"", ""none"", ""none"", ""immovable""]",0.36363636363636365,0.3181818181818182,False,False
discovery:n12:seed104:index:t0:immovable:k2,post_branch,step,2,24,"[0, 1, 4, 5, 6, 11, 7, 3, 8, 9, 10, 2]","[""none"", ""none"", ""none"", ""none"", ""none"", ""none"", ""immovable"", ""none"", ""none"", ""none"", ""none"", ""immovable""]",0.2727272727272727,0.2727272727272727,False,True
discovery:n12:seed104:index:t0:immovable:k3,pre_branch,setup,0,0,"[0, 6, 1, 4, 11, 5, 7, 8, 3, 9, 10, 2]","[""none"", ""none"", ""none"", ""none"", ""none"", ""none"", ""none"", ""none"", ""none"", ""none"", ""none"", ""none""]",0.36363636363636365,0.3484848484848485,False,False
discovery:n12:seed104:index:t0:immovable:k3,post_branch,freeze-immovable,0,0,"[0, 6, 1, 4, 11, 5, 7, 8, 3, 9, 10, 2]","[""immovable"", ""none"", ""none"", ""none"", ""none"", ""none"", ""none"", ""none"", ""immovable"", ""immovable"", ""none"", ""none""]",0.36363636363636365,0.3484848484848485,False,False
discovery:n12:seed104:index:t0:immovable:k3,post_branch,step,1,15,"[0, 1, 4, 6, 5, 7, 8, 11, 3, 9, 2, 10]","[""immovable"", ""none"", ""none"", ""none"", ""none"", ""none"", ""none"", ""none"", ""immovable"", ""immovable"", ""none"", ""none""]",0.2727272727272727,0.25757575757575757,False,False
discovery:n12:seed104:index:t0:immovable:k3,post_branch,step,2,23,"[0, 1, 4, 6, 5, 7, 8, 11, 3, 9, 2, 10]","[""immovable"", ""none"", ""none"", ""none"", ""none"", ""none"", ""none"", ""none"", ""immovable"", ""immovable"", ""none"", ""none""]",0.2727272727272727,0.25757575757575757,False,False
discovery:n12:seed104:index:t0:immovable:k3,post_branch,step,3,32,"[0, 1, 4, 5, 6, 7, 8, 11, 3, 9, 2, 10]","[""immovable"", ""none"", ""none"", ""none"", ""none"", ""none"", ""none"", ""none"", ""immovable"", ""immovable"", ""none"", ""none""]",0.18181818181818182,0.24242424242424243,False,True
discovery:n12:seed104:index:t4:moveable:k1,pre_branch,setup,0,0,"[0, 6, 1, 4, 11, 5, 7, 8, 3, 9, 10, 2]","[""none"", ""none"", ""none"", ""none"", ""none"", ""none"", ""none"", ""none"", ""none"", ""none"", ""none"", ""none""]",0.36363636363636365,0.3484848484848485,False,False
discovery:n12:seed104:index:t4:moveable:k1,pre_branch,step,1,17,"[0, 1, 6, 4, 5, 7, 11, 3, 8, 2, 9, 10]","[""none"", ""none"", ""none"", ""none"", ""none"", ""none"", ""none"", ""none"", ""none"", ""none"", ""none"", ""none""]",0.2727272727272727,0.25757575757575757,False,False
discovery:n12:seed104:index:t4:moveable:k1,pre_branch,step,2,31,"[0, 1, 4, 6, 5, 7, 3, 11, 2, 8, 9, 10]","[""none"", ""none"", ""none"", ""none"", ""none"", ""none"", ""none"", ""none"", ""none"", ""none"", ""none"", ""none""]",0.2727272727272727,0.21212121212121213,False,False
discovery:n12:seed104:index:t4:moveable:k1,pre_branch,step,3,45,"[0, 1, 4, 5, 6, 7, 2, 3, 11, 8, 9, 10]","[""none"", ""none"", ""none"", ""none"", ""none"", ""none"", ""none"", ""none"", ""none"", ""none"", ""none"", ""none""]",0.18181818181818182,0.16666666666666666,False,False
discovery:n12:seed104:index:t4:moveable:k1,pre_branch,step,4,58,"[0, 1, 4, 5, 6, 2, 3, 7, 8, 11, 9, 10]","[""none"", ""none"", ""none"", ""none"", ""none"", ""none"", ""none"", ""none"", ""none"", ""none"", ""none"", ""none""]",0.18181818181818182,0.12121212121212122,False,False
discovery:n12:seed104:index:t4:moveable:k1,post_branch,freeze-moveable,4,58,"[0, 1, 4, 5, 6, 2, 3, 7, 8, 11, 9, 10]","[""none"", ""none"", ""none"", ""none"", ""none"", ""none"", ""none"", ""none"", ""none"", ""none"", ""moveable"", ""none""]",0.18181818181818182,0.12121212121212122,False,False
discovery:n12:seed104:index:t4:moveable:k1,post_branch,step,5,71,"[0, 1, 4, 5, 2, 3, 6, 7, 8, 11, 9, 10]","[""none"", ""none"", ""none"", ""none"", ""none"", ""none"", ""none"", ""none"", ""none"", ""none"", ""moveable"", ""none""]",0.18181818181818182,0.09090909090909091,False,False
discovery:n12:seed104:index:t4:moveable:k1,post_branch,step,6,81,"[0, 1, 4, 5, 2, 3, 6, 7, 8, 11, 9, 10]","[""none"", ""none"", ""none"", ""none"", ""none"", ""none"", ""none"", ""none"", ""none"", ""none"", ""moveable"", ""none""]",0.18181818181818182,0.09090909090909091,False,False
discovery:n12:seed104:index:t4:moveable:k1,post_branch,step,7,93,"[0, 1, 2, 4, 5, 3, 6, 7, 8, 11, 9, 10]","[""none"", ""none"", ""none"", ""none"", ""none"", ""none"", ""none"", ""none"", ""none"", ""none"", ""moveable"", ""none""]",0.18181818181818182,0.06060606060606061,False,False
discovery:n12:seed104:index:t4:moveable:k1,post_branch,step,8,104,"[0, 1, 2, 4, 3, 5, 6, 7, 8, 9, 11, 10]","[""none"", ""none"", ""none"", ""none"", ""none"", ""none"", ""none"", ""none"", ""none"", ""moveable"", ""none"", ""none""]",0.18181818181818182,0.030303030303030304,False,False
discovery:n12:seed104:index:t4:moveable:k1,post_branch,step,9,117,"[0, 1, 2, 3, 4, 5, 6, 7, 8, 9, 10, 11]","[""none"", ""none"", ""none"", ""none"", ""none"", ""none"", ""none"", ""none"", ""none"", ""moveable"", ""none"", ""none""]",0.0,0.0,True,True
discovery:n12:seed104:index:t4:moveable:k2,pre_branch,setup,0,0,"[0, 6, 1, 4, 11, 5, 7, 8, 3, 9, 10, 2]","[""none"", ""none"", ""none"", ""none"", ""none"", ""none"", ""none"", ""none"", ""none"", ""none"", ""none"", ""none""]",0.36363636363636365,0.3484848484848485,False,False
discovery:n12:seed104:index:t4:moveable:k2,pre_branch,step,1,17,"[0, 1, 6, 4, 5, 7, 11, 3, 8, 2, 9, 10]","[""none"", ""none"", ""none"", ""none"", ""none"", ""none"", ""none"", ""none"", ""none"", ""none"", ""none"", ""none""]",0.2727272727272727,0.25757575757575757,False,False
discovery:n12:seed104:index:t4:moveable:k2,pre_branch,step,2,31,"[0, 1, 4, 6, 5, 7, 3, 11, 2, 8, 9, 10]","[""none"", ""none"", ""none"", ""none"", ""none"", ""none"", ""none"", ""none"", ""none"", ""none"", ""none"", ""none""]",0.2727272727272727,0.21212121212121213,False,False
discovery:n12:seed104:index:t4:moveable:k2,pre_branch,step,3,45,"[0, 1, 4, 5, 6, 7, 2, 3, 11, 8, 9, 10]","[""none"", ""none"", ""none"", ""none"", ""none"", ""none"", ""none"", ""none"", ""none"", ""none"", ""none"", ""none""]",0.18181818181818182,0.16666666666666666,False,False
discovery:n12:seed104:index:t4:moveable:k2,pre_branch,step,4,58,"[0, 1, 4, 5, 6, 2, 3, 7, 8, 11, 9, 10]","[""none"", ""none"", ""none"", ""none"", ""none"", ""none"", ""none"", ""none"", ""none"", ""none"", ""none"", ""none""]",0.18181818181818182,0.12121212121212122,False,False
discovery:n12:seed104:index:t4:moveable:k2,post_branch,freeze-moveable,4,58,"[0, 1, 4, 5, 6, 2, 3, 7, 8, 11, 9, 10]","[""none"", ""moveable"", ""none"", ""none"", ""none"", ""none"", ""none"", ""none"", ""none"", ""none"", ""none"", ""moveable""]",0.18181818181818182,0.12121212121212122,False,False
discovery:n12:seed104:index:t4:moveable:k2,post_branch,step,5,70,"[0, 1, 4, 5, 2, 6, 3, 7, 8, 9, 11, 10]","[""none"", ""moveable"", ""none"", ""none"", ""none"", ""none"", ""none"", ""none"", ""none"", ""none"", ""none"", ""moveable""]",0.2727272727272727,0.09090909090909091,False,False
discovery:n12:seed104:index:t4:moveable:k2,post_branch,step,6,80,"[0, 1, 4, 2, 5, 6, 3, 7, 8, 9, 11, 10]","[""none"", ""moveable"", ""none"", ""none"", ""none"", ""none"", ""none"", ""none"", ""none"", ""none"", ""none"", ""moveable""]",0.2727272727272727,0.07575757575757576,False,False
discovery:n12:seed104:index:t4:moveable:k2,post_branch,step,7,91,"[0, 1, 2, 4, 5, 6, 3, 7, 8, 9, 10, 11]","[""none"", ""moveable"", ""none"", ""none"", ""none"", ""none"", ""none"", ""none"", ""none"", ""none"", ""moveable"", ""none""]",0.09090909090909091,0.045454545454545456,False,False
discovery:n12:seed104:index:t4:moveable:k2,post_branch,step,8,101,"[0, 1, 2, 4, 5, 6, 3, 7, 8, 9, 10, 11]","[""none"", ""moveable"", ""none"", ""none"", ""none"", ""none"", ""none"", ""none"", ""none"", ""none"", ""moveable"", ""none""]",0.09090909090909091,0.045454545454545456,False,False
discovery:n12:seed104:index:t4:moveable:k2,post_branch,step,9,111,"[0, 1, 2, 4, 5, 3, 6, 7, 8, 9, 10, 11]","[""none"", ""moveable"", ""none"", ""none"", ""none"", ""none"", ""none"", ""none"", ""none"", ""none"", ""moveable"", ""none""]",0.09090909090909091,0.030303030303030304,False,False
discovery:n12:seed104:index:t4:moveable:k2,post_branch,step,10,121,"[0, 1, 2, 3, 4, 5, 6, 7, 8, 9, 10, 11]","[""none"", ""moveable"", ""none"", ""none"", ""none"", ""none"", ""none"", ""none"", ""none"", ""none"", ""moveable"", ""none""]",0.0,0.0,True,True
discovery:n12:seed104:index:t4:moveable:k3,pre_branch,setup,0,0,"[0, 6, 1, 4, 11, 5, 7, 8, 3, 9, 10, 2]","[""none"", ""none"", ""none"", ""none"", ""none"", ""none"", ""none"", ""none"", ""none"", ""none"", ""none"", ""none""]",0.36363636363636365,0.3484848484848485,False,False
discovery:n12:seed104:index:t4:moveable:k3,pre_branch,step,1,17,"[0, 1, 6, 4, 5, 7, 11, 3, 8, 2, 9, 10]","[""none"", ""none"", ""none"", ""none"", ""none"", ""none"", ""none"", ""none"", ""none"", ""none"", ""none"", ""none""]",0.2727272727272727,0.25757575757575757,False,False
discovery:n12:seed104:index:t4:moveable:k3,pre_branch,step,2,31,"[0, 1, 4, 6, 5, 7, 3, 11, 2, 8, 9, 10]","[""none"", ""none"", ""none"", ""none"", ""none"", ""none"", ""none"", ""none"", ""none"", ""none"", ""none"", ""none""]",0.2727272727272727,0.21212121212121213,False,False
discovery:n12:seed104:index:t4:moveable:k3,pre_branch,step,3,45,"[0, 1, 4, 5, 6, 7, 2, 3, 11, 8, 9, 10]","[""none"", ""none"", ""none"", ""none"", ""none"", ""none"", ""none"", ""none"", ""none"", ""none"", ""none"", ""none""]",0.18181818181818182,0.16666666666666666,False,False
discovery:n12:seed104:index:t4:moveable:k3,pre_branch,step,4,58,"[0, 1, 4, 5, 6, 2, 3, 7, 8, 11, 9, 10]","[""none"", ""none"", ""none"", ""none"", ""none"", ""none"", ""none"", ""none"", ""none"", ""none"", ""none"", ""none""]",0.18181818181818182,0.12121212121212122,False,False
discovery:n12:seed104:index:t4:moveable:k3,post_branch,freeze-moveable,4,58,"[0, 1, 4, 5, 6, 2, 3, 7, 8, 11, 9, 10]","[""moveable"", ""none"", ""none"", ""moveable"", ""none"", ""none"", ""none"", ""none"", ""none"", ""none"", ""moveable"", ""none""]",0.18181818181818182,0.12121212121212122,False,False
discovery:n12:seed104:index:t4:moveable:k3,post_branch,step,5,67,"[0, 1, 4, 5, 6, 2, 3, 7, 8, 9, 11, 10]","[""moveable"", ""none"", ""none"", ""moveable"", ""none"", ""none"", ""none"", ""none"", ""none"", ""moveable"", ""none"", ""none""]",0.18181818181818182,0.10606060606060606,False,False
discovery:n12:seed104:index:t4:moveable:k3,post_branch,step,6,79,"[0, 1, 4, 5, 2, 3, 6, 7, 8, 9, 10, 11]","[""moveable"", ""none"", ""none"", ""moveable"", ""none"", ""none"", ""none"", ""none"", ""none"", ""moveable"", ""none"", ""none""]",0.09090909090909091,0.06060606060606061,False,False
discovery:n12:seed104:index:t4:moveable:k3,post_branch,step,7,90,"[0, 1, 4, 2, 3, 5, 6, 7, 8, 9, 10, 11]","[""moveable"", ""none"", ""none"", ""none"", ""none"", ""moveable"", ""none"", ""none"", ""none"", ""moveable"", ""none"", ""none""]",0.09090909090909091,0.030303030303030304,False,False
discovery:n12:seed104:index:t4:moveable:k3,post_branch,step,8,99,"[0, 1, 2, 4, 3, 5, 6, 7, 8, 9, 10, 11]","[""moveable"", ""none"", ""none"", ""none"", ""none"", ""moveable"", ""none"", ""none"", ""none"", ""moveable"", ""none"", ""none""]",0.09090909090909091,0.015151515151515152,False,False
discovery:n12:seed104:index:t4:moveable:k3,post_branch,step,9,108,"[0, 1, 2, 3, 4, 5, 6, 7, 8, 9, 10, 11]","[""moveable"", ""none"", ""none"", ""none"", ""none"", ""moveable"", ""none"", ""none"", ""none"", ""moveable"", ""none"", ""none""]",0.0,0.0,True,True
discovery:n12:seed104:index:t4:immovable:k1,pre_branch,setup,0,0,"[0, 6, 1, 4, 11, 5, 7, 8, 3, 9, 10, 2]","[""none"", ""none"", ""none"", ""none"", ""none"", ""none"", ""none"", ""none"", ""none"", ""none"", ""none"", ""none""]",0.36363636363636365,0.3484848484848485,False,False
discovery:n12:seed104:index:t4:immovable:k1,pre_branch,step,1,17,"[0, 1, 6, 4, 5, 7, 11, 3, 8, 2, 9, 10]","[""none"", ""none"", ""none"", ""none"", ""none"", ""none"", ""none"", ""none"", ""none"", ""none"", ""none"", ""none""]",0.2727272727272727,0.25757575757575757,False,False
discovery:n12:seed104:index:t4:immovable:k1,pre_branch,step,2,31,"[0, 1, 4, 6, 5, 7, 3, 11, 2, 8, 9, 10]","[""none"", ""none"", ""none"", ""none"", ""none"", ""none"", ""none"", ""none"", ""none"", ""none"", ""none"", ""none""]",0.2727272727272727,0.21212121212121213,False,False
discovery:n12:seed104:index:t4:immovable:k1,pre_branch,step,3,45,"[0, 1, 4, 5, 6, 7, 2, 3, 11, 8, 9, 10]","[""none"", ""none"", ""none"", ""none"", ""none"", ""none"", ""none"", ""none"", ""none"", ""none"", ""none"", ""none""]",0.18181818181818182,0.16666666666666666,False,False
discovery:n12:seed104:index:t4:immovable:k1,pre_branch,step,4,58,"[0, 1, 4, 5, 6, 2, 3, 7, 8, 11, 9, 10]","[""none"", ""none"", ""none"", ""none"", ""none"", ""none"", ""none"", ""none"", ""none"", ""none"", ""none"", ""none""]",0.18181818181818182,0.12121212121212122,False,False
discovery:n12:seed104:index:t4:immovable:k1,post_branch,freeze-immovable,4,58,"[0, 1, 4, 5, 6, 2, 3, 7, 8, 11, 9, 10]","[""none"", ""none"", ""none"", ""none"", ""none"", ""none"", ""none"", ""none"", ""none"", ""none"", ""immovable"", ""none""]",0.18181818181818182,0.12121212121212122,False,False
discovery:n12:seed104:index:t4:immovable:k1,post_branch,step,5,71,"[0, 1, 4, 5, 2, 3, 6, 7, 8, 11, 9, 10]","[""none"", ""none"", ""none"", ""none"", ""none"", ""none"", ""none"", ""none"", ""none"", ""none"", ""immovable"", ""none""]",0.18181818181818182,0.09090909090909091,False,False
discovery:n12:seed104:index:t4:immovable:k1,post_branch,step,6,81,"[0, 1, 4, 5, 2, 3, 6, 7, 8, 11, 9, 10]","[""none"", ""none"", ""none"", ""none"", ""none"", ""none"", ""none"", ""none"", ""none"", ""none"", ""immovable"", ""none""]",0.18181818181818182,0.09090909090909091,False,False
discovery:n12:seed104:index:t4:immovable:k1,post_branch,step,7,93,"[0, 1, 2, 4, 5, 3, 6, 7, 8, 11, 9, 10]","[""none"", ""none"", ""none"", ""none"", ""none"", ""none"", ""none"", ""none"", ""none"", ""none"", ""immovable"", ""none""]",0.18181818181818182,0.06060606060606061,False,False
discovery:n12:seed104:index:t4:immovable:k1,post_branch,step,8,103,"[0, 1, 2, 4, 3, 5, 6, 7, 8, 11, 9, 10]","[""none"", ""none"", ""none"", ""none"", ""none"", ""none"", ""none"", ""none"", ""none"", ""none"", ""immovable"", ""none""]",0.18181818181818182,0.045454545454545456,False,False
discovery:n12:seed104:index:t4:immovable:k1,post_branch,step,9,115,"[0, 1, 2, 3, 4, 5, 6, 7, 8, 11, 9, 10]","[""none"", ""none"", ""none"", ""none"", ""none"", ""none"", ""none"", ""none"", ""none"", ""none"", ""immovable"", ""none""]",0.09090909090909091,0.030303030303030304,False,True
discovery:n12:seed104:index:t4:immovable:k2,pre_branch,setup,0,0,"[0, 6, 1, 4, 11, 5, 7, 8, 3, 9, 10, 2]","[""none"", ""none"", ""none"", ""none"", ""none"", ""none"", ""none"", ""none"", ""none"", ""none"", ""none"", ""none""]",0.36363636363636365,0.3484848484848485,False,False
discovery:n12:seed104:index:t4:immovable:k2,pre_branch,step,1,17,"[0, 1, 6, 4, 5, 7, 11, 3, 8, 2, 9, 10]","[""none"", ""none"", ""none"", ""none"", ""none"", ""none"", ""none"", ""none"", ""none"", ""none"", ""none"", ""none""]",0.2727272727272727,0.25757575757575757,False,False
discovery:n12:seed104:index:t4:immovable:k2,pre_branch,step,2,31,"[0, 1, 4, 6, 5, 7, 3, 11, 2, 8, 9, 10]","[""none"", ""none"", ""none"", ""none"", ""none"", ""none"", ""none"", ""none"", ""none"", ""none"", ""none"", ""none""]",0.2727272727272727,0.21212121212121213,False,False
discovery:n12:seed104:index:t4:immovable:k2,pre_branch,step,3,45,"[0, 1, 4, 5, 6, 7, 2, 3, 11, 8, 9, 10]","[""none"", ""none"", ""none"", ""none"", ""none"", ""none"", ""none"", ""none"", ""none"", ""none"", ""none"", ""none""]",0.18181818181818182,0.16666666666666666,False,False
discovery:n12:seed104:index:t4:immovable:k2,pre_branch,step,4,58,"[0, 1, 4, 5, 6, 2, 3, 7, 8, 11, 9, 10]","[""none"", ""none"", ""none"", ""none"", ""none"", ""none"", ""none"", ""none"", ""none"", ""none"", ""none"", ""none""]",0.18181818181818182,0.12121212121212122,False,False
discovery:n12:seed104:index:t4:immovable:k2,post_branch,freeze-immovable,4,58,"[0, 1, 4, 5, 6, 2, 3, 7, 8, 11, 9, 10]","[""none"", ""immovable"", ""none"", ""none"", ""none"", ""none"", ""none"", ""none"", ""none"", ""none"", ""none"", ""immovable""]",0.18181818181818182,0.12121212121212122,False,False
discovery:n12:seed104:index:t4:immovable:k2,post_branch,step,5,70,"[0, 1, 4, 5, 2, 6, 3, 7, 8, 9, 11, 10]","[""none"", ""immovable"", ""none"", ""none"", ""none"", ""none"", ""none"", ""none"", ""none"", ""none"", ""none"", ""immovable""]",0.2727272727272727,0.09090909090909091,False,False
discovery:n12:seed104:index:t4:immovable:k2,post_branch,step,6,80,"[0, 1, 4, 2, 5, 6, 3, 7, 8, 9, 11, 10]","[""none"", ""immovable"", ""none"", ""none"", ""none"", ""none"", ""none"", ""none"", ""none"", ""none"", ""none"", ""immovable""]",0.2727272727272727,0.07575757575757576,False,False
discovery:n12:seed104:index:t4:immovable:k2,post_branch,step,7,90,"[0, 1, 2, 4, 5, 6, 3, 7, 8, 9, 11, 10]","[""none"", ""immovable"", ""none"", ""none"", ""none"", ""none"", ""none"", ""none"", ""none"", ""none"", ""none"", ""immovable""]",0.18181818181818182,0.06060606060606061,False,False
discovery:n12:seed104:index:t4:immovable:k2,post_branch,step,8,100,"[0, 1, 2, 4, 5, 6, 3, 7, 8, 9, 11, 10]","[""none"", ""immovable"", ""none"", ""none"", ""none"", ""none"", ""none"", ""none"", ""none"", ""none"", ""none"", ""immovable""]",0.18181818181818182,0.06060606060606061,False,False
discovery:n12:seed104:index:t4:immovable:k2,post_branch,step,9,111,"[0, 1, 2, 4, 5, 3, 6, 7, 8, 9, 11, 10]","[""none"", ""immovable"", ""none"", ""none"", ""none"", ""none"", ""none"", ""none"", ""none"", ""none"", ""none"", ""immovable""]",0.18181818181818182,0.045454545454545456,False,False
discovery:n12:seed104:index:t4:immovable:k2,post_branch,step,10,122,"[0, 1, 2, 3, 4, 5, 6, 7, 8, 9, 11, 10]","[""none"", ""immovable"", ""none"", ""none"", ""none"", ""none"", ""none"", ""none"", ""none"", ""none"", ""none"", ""immovable""]",0.09090909090909091,0.015151515151515152,False,True
discovery:n12:seed104:index:t4:immovable:k3,pre_branch,setup,0,0,"[0, 6, 1, 4, 11, 5, 7, 8, 3, 9, 10, 2]","[""none"", ""none"", ""none"", ""none"", ""none"", ""none"", ""none"", ""none"", ""none"", ""none"", ""none"", ""none""]",0.36363636363636365,0.3484848484848485,False,False
discovery:n12:seed104:index:t4:immovable:k3,pre_branch,step,1,17,"[0, 1, 6, 4, 5, 7, 11, 3, 8, 2, 9, 10]","[""none"", ""none"", ""none"", ""none"", ""none"", ""none"", ""none"", ""none"", ""none"", ""none"", ""none"", ""none""]",0.2727272727272727,0.25757575757575757,False,False
discovery:n12:seed104:index:t4:immovable:k3,pre_branch,step,2,31,"[0, 1, 4, 6, 5, 7, 3, 11, 2, 8, 9, 10]","[""none"", ""none"", ""none"", ""none"", ""none"", ""none"", ""none"", ""none"", ""none"", ""none"", ""none"", ""none""]",0.2727272727272727,0.21212121212121213,False,False
discovery:n12:seed104:index:t4:immovable:k3,pre_branch,step,3,45,"[0, 1, 4, 5, 6, 7, 2, 3, 11, 8, 9, 10]","[""none"", ""none"", ""none"", ""none"", ""none"", ""none"", ""none"", ""none"", ""none"", ""none"", ""none"", ""none""]",0.18181818181818182,0.16666666666666666,False,False
discovery:n12:seed104:index:t4:immovable:k3,pre_branch,step,4,58,"[0, 1, 4, 5, 6, 2, 3, 7, 8, 11, 9, 10]","[""none"", ""none"", ""none"", ""none"", ""none"", ""none"", ""none"", ""none"", ""none"", ""none"", ""none"", ""none""]",0.18181818181818182,0.12121212121212122,False,False
discovery:n12:seed104:index:t4:immovable:k3,post_branch,freeze-immovable,4,58,"[0, 1, 4, 5, 6, 2, 3, 7, 8, 11, 9, 10]","[""immovable"", ""none"", ""none"", ""immovable"", ""none"", ""none"", ""none"", ""none"", ""none"", ""none"", ""immovable"", ""none""]",0.18181818181818182,0.12121212121212122,False,False
discovery:n12:seed104:index:t4:immovable:k3,post_branch,step,5,66,"[0, 1, 4, 5, 6, 2, 3, 7, 8, 11, 9, 10]","[""immovable"", ""none"", ""none"", ""immovable"", ""none"", ""none"", ""none"", ""none"", ""none"", ""none"", ""immovable"", ""none""]",0.18181818181818182,0.12121212121212122,False,False
discovery:n12:seed104:index:t4:immovable:k3,post_branch,step,6,77,"[0, 1, 4, 5, 2, 3, 6, 7, 8, 11, 9, 10]","[""immovable"", ""none"", ""none"", ""immovable"", ""none"", ""none"", ""none"", ""none"", ""none"", ""none"", ""immovable"", ""none""]",0.18181818181818182,0.09090909090909091,False,True
discovery:n12:seed104:shuffled:t0:moveable:k1,pre_branch,setup,0,0,"[0, 6, 1, 4, 11, 5, 7, 8, 3, 9, 10, 2]","[""none"", ""none"", ""none"", ""none"", ""none"", ""none"", ""none"", ""none"", ""none"", ""none"", ""none"", ""none""]",0.36363636363636365,0.3484848484848485,False,False
discovery:n12:seed104:shuffled:t0:moveable:k1,post_branch,freeze-moveable,0,0,"[0, 6, 1, 4, 11, 5, 7, 8, 3, 9, 10, 2]","[""none"", ""none"", ""none"", ""none"", ""none"", ""none"", ""none"", ""none"", ""none"", ""moveable"", ""none"", ""none""]",0.36363636363636365,0.3484848484848485,False,False
discovery:n12:seed104:shuffled:t0:moveable:k1,post_branch,step,1,15,"[0, 1, 4, 6, 5, 11, 3, 7, 8, 9, 2, 10]","[""none"", ""none"", ""none"", ""none"", ""none"", ""none"", ""none"", ""none"", ""none"", ""moveable"", ""none"", ""none""]",0.2727272727272727,0.25757575757575757,False,False
discovery:n12:seed104:shuffled:t0:moveable:k1,post_branch,step,2,29,"[0, 1, 4, 5, 6, 3, 7, 11, 2, 8, 9, 10]","[""none"", ""none"", ""none"", ""none"", ""none"", ""none"", ""none"", ""none"", ""none"", ""none"", ""moveable"", ""none""]",0.18181818181818182,0.18181818181818182,False,False
discovery:n12:seed104:shuffled:t0:moveable:k1,post_branch,step,3,45,"[0, 1, 4, 5, 2, 3, 6, 7, 11, 8, 9, 10]","[""none"", ""none"", ""none"", ""none"", ""none"", ""none"", ""none"", ""none"", ""none"", ""none"", ""moveable"", ""none""]",0.18181818181818182,0.10606060606060606,False,False
discovery:n12:seed104:shuffled:t0:moveable:k1,post_branch,step,4,56,"[0, 1, 4, 2, 3, 5, 6, 7, 11, 8, 9, 10]","[""none"", ""none"", ""none"", ""none"", ""none"", ""none"", ""none"", ""none"", ""none"", ""none"", ""moveable"", ""none""]",0.18181818181818182,0.07575757575757576,False,False
discovery:n12:seed104:shuffled:t0:moveable:k1,post_branch,step,5,69,"[0, 1, 2, 3, 4, 5, 6, 7, 8, 11, 9, 10]","[""none"", ""none"", ""none"", ""none"", ""none"", ""none"", ""none"", ""none"", ""none"", ""none"", ""moveable"", ""none""]",0.09090909090909091,0.030303030303030304,False,False
discovery:n12:seed104:shuffled:t0:moveable:k1,post_branch,step,6,80,"[0, 1, 2, 3, 4, 5, 6, 7, 8, 9, 11, 10]","[""none"", ""none"", ""none"", ""none"", ""none"", ""none"", ""none"", ""none"", ""none"", ""moveable"", ""none"", ""none""]",0.09090909090909091,0.015151515151515152,False,False
discovery:n12:seed104:shuffled:t0:moveable:k1,post_branch,step,7,90,"[0, 1, 2, 3, 4, 5, 6, 7, 8, 9, 10, 11]","[""none"", ""none"", ""none"", ""none"", ""none"", ""none"", ""none"", ""none"", ""none"", ""moveable"", ""none"", ""none""]",0.0,0.0,True,True
discovery:n12:seed104:shuffled:t0:moveable:k2,pre_branch,setup,0,0,"[0, 6, 1, 4, 11, 5, 7, 8, 3, 9, 10, 2]","[""none"", ""none"", ""none"", ""none"", ""none"", ""none"", ""none"", ""none"", ""none"", ""none"", ""none"", ""none""]",0.36363636363636365,0.3484848484848485,False,False
discovery:n12:seed104:shuffled:t0:moveable:k2,post_branch,freeze-moveable,0,0,"[0, 6, 1, 4, 11, 5, 7, 8, 3, 9, 10, 2]","[""none"", ""none"", ""none"", ""none"", ""none"", ""none"", ""moveable"", ""none"", ""none"", ""none"", ""none"", ""moveable""]",0.36363636363636365,0.3484848484848485,False,False
discovery:n12:seed104:shuffled:t0:moveable:k2,post_branch,step,1,11,"[0, 6, 1, 4, 5, 11, 7, 8, 3, 9, 2, 10]","[""none"", ""none"", ""none"", ""none"", ""none"", ""none"", ""moveable"", ""none"", ""none"", ""none"", ""moveable"", ""none""]",0.36363636363636365,0.3181818181818182,False,False
discovery:n12:seed104:shuffled:t0:moveable:k2,post_branch,step,2,23,"[0, 1, 4, 6, 5, 11, 7, 3, 8, 9, 2, 10]","[""none"", ""none"", ""none"", ""none"", ""none"", ""none"", ""moveable"", ""none"", ""none"", ""none"", ""moveable"", ""none""]",0.36363636363636365,0.2727272727272727,False,False
discovery:n12:seed104:shuffled:t0:moveable:k2,post_branch,step,3,35,"[0, 1, 4, 5, 6, 7, 11, 3, 2, 8, 9, 10]","[""none"", ""none"", ""none"", ""none"", ""none"", ""moveable"", ""none"", ""none"", ""moveable"", ""none"", ""none"", ""none""]",0.18181818181818182,0.21212121212121213,False,False
discovery:n12:seed104:shuffled:t0:moveable:k2,post_branch,step,4,46,"[0, 1, 4, 5, 6, 7, 3, 11, 2, 8, 9, 10]","[""none"", ""none"", ""none"", ""none"", ""none"", ""moveable"", ""none"", ""none"", ""moveable"", ""none"", ""none"", ""none""]",0.18181818181818182,0.19696969696969696,False,False
discovery:n12:seed104:shuffled:t0:moveable:k2,post_branch,step,5,57,"[0, 1, 4, 5, 6, 3, 7, 2, 11, 8, 9, 10]","[""none"", ""none"", ""none"", ""none"", ""none"", ""none"", ""moveable"", ""moveable"", ""none"", ""none"", ""none"", ""none""]",0.2727272727272727,0.16666666666666666,False,False
discovery:n12:seed104:shuffled:t0:moveable:k2,post_branch,step,6,71,"[0, 1, 4, 5, 3, 6, 7, 2, 8, 9, 10, 11]","[""none"", ""none"", ""none"", ""none"", ""none"", ""none"", ""moveable"", ""moveable"", ""none"", ""none"", ""none"", ""none""]",0.18181818181818182,0.10606060606060606,False,False
discovery:n12:seed104:shuffled:t0:moveable:k2,post_branch,step,7,79,"[0, 1, 4, 5, 3, 6, 7, 2, 8, 9, 10, 11]","[""none"", ""none"", ""none"", ""none"", ""none"", ""none"", ""moveable"", ""moveable"", ""none"", ""none"", ""none"", ""none""]",0.18181818181818182,0.10606060606060606,False,False
discovery:n12:seed104:shuffled:t0:moveable:k2,post_branch,step,8,91,"[0, 1, 3, 4, 5, 6, 7, 2, 8, 9, 10, 11]","[""none"", ""none"", ""none"", ""none"", ""none"", ""none"", ""moveable"", ""moveable"", ""none"", ""none"", ""none"", ""none""]",0.09090909090909091,0.07575757575757576,False,True
discovery:n12:seed104:shuffled:t0:moveable:k3,pre_branch,setup,0,0,"[0, 6, 1, 4, 11, 5, 7, 8, 3, 9, 10, 2]","[""none"", ""none"", ""none"", ""none"", ""none"", ""none"", ""none"", ""none"", ""none"", ""none"", ""none"", ""none""]",0.36363636363636365,0.3484848484848485,False,False
discovery:n12:seed104:shuffled:t0:moveable:k3,post_branch,freeze-moveable,0,0,"[0, 6, 1, 4, 11, 5, 7, 8, 3, 9, 10, 2]","[""moveable"", ""none"", ""none"", ""none"", ""none"", ""none"", ""none"", ""none"", ""moveable"", ""moveable"", ""none"", ""none""]",0.36363636363636365,0.3484848484848485,False,False
discovery:n12:seed104:shuffled:t0:moveable:k3,post_branch,step,1,12,"[0, 6, 1, 4, 5, 7, 11, 3, 8, 9, 2, 10]","[""moveable"", ""none"", ""none"", ""none"", ""none"", ""none"", ""none"", ""moveable"", ""none"", ""moveable"", ""none"", ""none""]",0.2727272727272727,0.2878787878787879,False,False
discovery:n12:seed104:shuffled:t0:moveable:k3,post_branch,step,2,22,"[0, 6, 1, 4, 5, 7, 3, 11, 8, 9, 2, 10]","[""moveable"", ""none"", ""none"", ""none"", ""none"", ""none"", ""moveable"", ""none"", ""none"", ""moveable"", ""none"", ""none""]",0.36363636363636365,0.2727272727272727,False,False
discovery:n12:seed104:shuffled:t0:moveable:k3,post_branch,step,3,36,"[0, 1, 4, 6, 3, 5, 7, 8, 11, 9, 2, 10]","[""moveable"", ""none"", ""none"", ""none"", ""moveable"", ""none"", ""none"", ""none"", ""none"", ""moveable"", ""none"", ""none""]",0.2727272727272727,0.19696969696969696,False,False
discovery:n12:seed104:shuffled:t0:moveable:k3,post_branch,step,4,45,"[0, 1, 4, 6, 3, 5, 7, 8, 11, 9, 2, 10]","[""moveable"", ""none"", ""none"", ""none"", ""moveable"", ""none"", ""none"", ""none"", ""none"", ""moveable"", ""none"", ""none""]",0.2727272727272727,0.19696969696969696,False,False
discovery:n12:seed104:shuffled:t0:moveable:k3,post_branch,step,5,57,"[0, 1, 3, 4, 6, 5, 7, 8, 11, 2, 9, 10]","[""moveable"", ""none"", ""moveable"", ""none"", ""none"", ""none"", ""none"", ""none"", ""none"", ""none"", ""moveable"", ""none""]",0.18181818181818182,0.15151515151515152,False,False
discovery:n12:seed104:shuffled:t0:moveable:k3,post_branch,step,6,68,"[0, 1, 3, 4, 5, 6, 7, 8, 2, 11, 9, 10]","[""moveable"", ""none"", ""moveable"", ""none"", ""none"", ""none"", ""none"", ""none"", ""none"", ""none"", ""moveable"", ""none""]",0.18181818181818182,0.12121212121212122,False,False
discovery:n12:seed104:shuffled:t0:moveable:k3,post_branch,step,7,78,"[0, 1, 3, 4, 5, 6, 2, 7, 8, 11, 9, 10]","[""moveable"", ""none"", ""moveable"", ""none"", ""none"", ""none"", ""none"", ""none"", ""none"", ""none"", ""moveable"", ""none""]",0.18181818181818182,0.09090909090909091,False,False
discovery:n12:seed104:shuffled:t0:moveable:k3,post_branch,step,8,88,"[0, 1, 3, 4, 5, 2, 6, 7, 8, 9, 11, 10]","[""moveable"", ""none"", ""moveable"", ""none"", ""none"", ""none"", ""none"", ""none"", ""none"", ""moveable"", ""none"", ""none""]",0.18181818181818182,0.06060606060606061,False,False
discovery:n12:seed104:shuffled:t0:moveable:k3,post_branch,step,9,99,"[0, 1, 3, 2, 4, 5, 6, 7, 8, 9, 10, 11]","[""moveable"", ""none"", ""moveable"", ""none"", ""none"", ""none"", ""none"", ""none"", ""none"", ""moveable"", ""none"", ""none""]",0.09090909090909091,0.015151515151515152,False,False
discovery:n12:seed104:shuffled:t0:moveable:k3,post_branch,step,10,108,"[0, 1, 2, 3, 4, 5, 6, 7, 8, 9, 10, 11]","[""moveable"", ""none"", ""none"", ""moveable"", ""none"", ""none"", ""none"", ""none"", ""none"", ""moveable"", ""none"", ""none""]",0.0,0.0,True,True
discovery:n12:seed104:shuffled:t0:immovable:k1,pre_branch,setup,0,0,"[0, 6, 1, 4, 11, 5, 7, 8, 3, 9, 10, 2]","[""none"", ""none"", ""none"", ""none"", ""none"", ""none"", ""none"", ""none"", ""none"", ""none"", ""none"", ""none""]",0.36363636363636365,0.3484848484848485,False,False
discovery:n12:seed104:shuffled:t0:immovable:k1,post_branch,freeze-immovable,0,0,"[0, 6, 1, 4, 11, 5, 7, 8, 3, 9, 10, 2]","[""none"", ""none"", ""none"", ""none"", ""none"", ""none"", ""none"", ""none"", ""none"", ""immovable"", ""none"", ""none""]",0.36363636363636365,0.3484848484848485,False,False
discovery:n12:seed104:shuffled:t0:immovable:k1,post_branch,step,1,15,"[0, 1, 4, 6, 5, 11, 3, 7, 8, 9, 2, 10]","[""none"", ""none"", ""none"", ""none"", ""none"", ""none"", ""none"", ""none"", ""none"", ""immovable"", ""none"", ""none""]",0.2727272727272727,0.25757575757575757,False,False
discovery:n12:seed104:shuffled:t0:immovable:k1,post_branch,step,2,27,"[0, 1, 4, 5, 6, 3, 7, 11, 8, 9, 2, 10]","[""none"", ""none"", ""none"", ""none"", ""none"", ""none"", ""none"", ""none"", ""none"", ""immovable"", ""none"", ""none""]",0.2727272727272727,0.21212121212121213,False,False
discovery:n12:seed104:shuffled:t0:immovable:k1,post_branch,step,3,40,"[0, 1, 4, 5, 3, 6, 7, 8, 11, 9, 2, 10]","[""none"", ""none"", ""none"", ""none"", ""none"", ""none"", ""none"", ""none"", ""none"", ""immovable"", ""none"", ""none""]",0.2727272727272727,0.18181818181818182,False,False
discovery:n12:seed104:shuffled:t0:immovable:k1,post_branch,step,4,50,"[0, 1, 4, 3, 5, 6, 7, 8, 11, 9, 2, 10]","[""none"", ""none"", ""none"", ""none"", ""none"", ""none"", ""none"", ""none"", ""none"", ""immovable"", ""none"", ""none""]",0.2727272727272727,0.16666666666666666,False,False
discovery:n12:seed104:shuffled:t0:immovable:k1,post_branch,step,5,61,"[0, 1, 3, 4, 5, 6, 7, 8, 11, 9, 2, 10]","[""none"", ""none"", ""none"", ""none"", ""none"", ""none"", ""none"", ""none"", ""none"", ""immovable"", ""none"", ""none""]",0.18181818181818182,0.15151515151515152,False,True
discovery:n12:seed104:shuffled:t0:immovable:k2,pre_branch,setup,0,0,"[0, 6, 1, 4, 11, 5, 7, 8, 3, 9, 10, 2]","[""none"", ""none"", ""none"", ""none"", ""none"", ""none"", ""none"", ""none"", ""none"", ""none"", ""none"", ""none""]",0.36363636363636365,0.3484848484848485,False,False
discovery:n12:seed104:shuffled:t0:immovable:k2,post_branch,freeze-immovable,0,0,"[0, 6, 1, 4, 11, 5, 7, 8, 3, 9, 10, 2]","[""none"", ""none"", ""none"", ""none"", ""none"", ""none"", ""immovable"", ""none"", ""none"", ""none"", ""none"", ""immovable""]",0.36363636363636365,0.3484848484848485,False,False
discovery:n12:seed104:shuffled:t0:immovable:k2,post_branch,step,1,10,"[0, 6, 1, 4, 5, 11, 7, 8, 3, 9, 10, 2]","[""none"", ""none"", ""none"", ""none"", ""none"", ""none"", ""immovable"", ""none"", ""none"", ""none"", ""none"", ""immovable""]",0.36363636363636365,0.3333333333333333,False,False
discovery:n12:seed104:shuffled:t0:immovable:k2,post_branch,step,2,23,"[0, 1, 4, 6, 5, 11, 7, 3, 8, 9, 10, 2]","[""none"", ""none"", ""none"", ""none"", ""none"", ""none"", ""immovable"", ""none"", ""none"", ""none"", ""none"", ""immovable""]",0.36363636363636365,0.2878787878787879,False,False
discovery:n12:seed104:shuffled:t0:immovable:k2,post_branch,step,3,33,"[0, 1, 4, 5, 6, 11, 7, 3, 8, 9, 10, 2]","[""none"", ""none"", ""none"", ""none"", ""none"", ""none"", ""immovable"", ""none"", ""none"", ""none"", ""none"", ""immovable""]",0.2727272727272727,0.2727272727272727,False,True
discovery:n12:seed104:shuffled:t0:immovable:k3,pre_branch,setup,0,0,"[0, 6, 1, 4, 11, 5, 7, 8, 3, 9, 10, 2]","[""none"", ""none"", ""none"", ""none"", ""none"", ""none"", ""none"", ""none"", ""none"", ""none"", ""none"", ""none""]",0.36363636363636365,0.3484848484848485,False,False
discovery:n12:seed104:shuffled:t0:immovable:k3,post_branch,freeze-immovable,0,0,"[0, 6, 1, 4, 11, 5, 7, 8, 3, 9, 10, 2]","[""immovable"", ""none"", ""none"", ""none"", ""none"", ""none"", ""none"", ""none"", ""immovable"", ""immovable"", ""none"", ""none""]",0.36363636363636365,0.3484848484848485,False,False
discovery:n12:seed104:shuffled:t0:immovable:k3,post_branch,step,1,11,"[0, 6, 1, 4, 5, 7, 11, 8, 3, 9, 2, 10]","[""immovable"", ""none"", ""none"", ""none"", ""none"", ""none"", ""none"", ""none"", ""immovable"", ""immovable"", ""none"", ""none""]",0.36363636363636365,0.30303030303030304,False,False
discovery:n12:seed104:shuffled:t0:immovable:k3,post_branch,step,2,21,"[0, 6, 1, 4, 5, 7, 8, 11, 3, 9, 2, 10]","[""immovable"", ""none"", ""none"", ""none"", ""none"", ""none"", ""none"", ""none"", ""immovable"", ""immovable"", ""none"", ""none""]",0.2727272727272727,0.2878787878787879,False,False
discovery:n12:seed104:shuffled:t0:immovable:k3,post_branch,step,3,32,"[0, 1, 4, 6, 5, 7, 8, 11, 3, 9, 2, 10]","[""immovable"", ""none"", ""none"", ""none"", ""none"", ""none"", ""none"", ""none"", ""immovable"", ""immovable"", ""none"", ""none""]",0.2727272727272727,0.25757575757575757,False,False
discovery:n12:seed104:shuffled:t0:immovable:k3,post_branch,step,4,42,"[0, 1, 4, 5, 6, 7, 8, 11, 3, 9, 2, 10]","[""immovable"", ""none"", ""none"", ""none"", ""none"", ""none"", ""none"", ""none"", ""immovable"", ""immovable"", ""none"", ""none""]",0.18181818181818182,0.24242424242424243,False,True
discovery:n12:seed104:shuffled:t4:moveable:k1,pre_branch,setup,0,0,"[0, 6, 1, 4, 11, 5, 7, 8, 3, 9, 10, 2]","[""none"", ""none"", ""none"", ""none"", ""none"", ""none"", ""none"", ""none"", ""none"", ""none"", ""none"", ""none""]",0.36363636363636365,0.3484848484848485,False,False
discovery:n12:seed104:shuffled:t4:moveable:k1,pre_branch,step,1,13,"[0, 6, 1, 4, 11, 5, 7, 8, 3, 9, 2, 10]","[""none"", ""none"", ""none"", ""none"", ""none"", ""none"", ""none"", ""none"", ""none"", ""none"", ""none"", ""none""]",0.36363636363636365,0.3333333333333333,False,False
discovery:n12:seed104:shuffled:t4:moveable:k1,pre_branch,step,2,30,"[0, 1, 6, 4, 5, 11, 7, 3, 2, 8, 9, 10]","[""none"", ""none"", ""none"", ""none"", ""none"", ""none"", ""none"", ""none"", ""none"", ""none"", ""none"", ""none""]",0.36363636363636365,0.25757575757575757,False,False
discovery:n12:seed104:shuffled:t4:moveable:k1,pre_branch,step,3,44,"[0, 1, 4, 6, 5, 7, 3, 11, 2, 8, 9, 10]","[""none"", ""none"", ""none"", ""none"", ""none"", ""none"", ""none"", ""none"", ""none"", ""none"", ""none"", ""none""]",0.2727272727272727,0.21212121212121213,False,False
discovery:n12:seed104:shuffled:t4:moveable:k1,pre_branch,step,4,59,"[0, 1, 4, 6, 5, 7, 2, 3, 8, 11, 9, 10]","[""none"", ""none"", ""none"", ""none"", ""none"", ""none"", ""none"", ""none"", ""none"", ""none"", ""none"", ""none""]",0.2727272727272727,0.16666666666666666,False,False
discovery:n12:seed104:shuffled:t4:moveable:k1,post_branch,freeze-moveable,4,59,"[0, 1, 4, 6, 5, 7, 2, 3, 8, 11, 9, 10]","[""none"", ""none"", ""none"", ""none"", ""none"", ""none"", ""none"", ""none"", ""none"", ""none"", ""moveable"", ""none""]",0.2727272727272727,0.16666666666666666,False,False
discovery:n12:seed104:shuffled:t4:moveable:k1,post_branch,step,5,71,"[0, 1, 4, 5, 6, 2, 7, 3, 8, 11, 9, 10]","[""none"", ""none"", ""none"", ""none"", ""none"", ""none"", ""none"", ""none"", ""none"", ""none"", ""moveable"", ""none""]",0.2727272727272727,0.13636363636363635,False,False
discovery:n12:seed104:shuffled:t4:moveable:k1,post_branch,step,6,84,"[0, 1, 4, 5, 6, 2, 3, 7, 8, 9, 10, 11]","[""none"", ""none"", ""none"", ""none"", ""none"", ""none"", ""none"", ""none"", ""none"", ""moveable"", ""none"", ""none""]",0.09090909090909091,0.09090909090909091,False,False
discovery:n12:seed104:shuffled:t4:moveable:k1,post_branch,step,7,96,"[0, 1, 4, 2, 5, 6, 3, 7, 8, 9, 10, 11]","[""none"", ""none"", ""none"", ""none"", ""none"", ""none"", ""none"", ""none"", ""none"", ""moveable"", ""none"", ""none""]",0.18181818181818182,0.06060606060606061,False,False
discovery:n12:seed104:shuffled:t4:moveable:k1,post_branch,step,8,109,"[0, 1, 2, 4, 3, 5, 6, 7, 8, 9, 10, 11]","[""none"", ""none"", ""none"", ""none"", ""none"", ""none"", ""none"", ""none"", ""none"", ""moveable"", ""none"", ""none""]",0.09090909090909091,0.015151515151515152,False,False
discovery:n12:seed104:shuffled:t4:moveable:k1,post_branch,step,9,119,"[0, 1, 2, 3, 4, 5, 6, 7, 8, 9, 10, 11]","[""none"", ""none"", ""none"", ""none"", ""none"", ""none"", ""none"", ""none"", ""none"", ""moveable"", ""none"", ""none""]",0.0,0.0,True,True
discovery:n12:seed104:shuffled:t4:moveable:k2,pre_branch,setup,0,0,"[0, 6, 1, 4, 11, 5, 7, 8, 3, 9, 10, 2]","[""none"", ""none"", ""none"", ""none"", ""none"", ""none"", ""none"", ""none"", ""none"", ""none"", ""none"", ""none""]",0.36363636363636365,0.3484848484848485,False,False
discovery:n12:seed104:shuffled:t4:moveable:k2,pre_branch,step,1,13,"[0, 6, 1, 4, 11, 5, 7, 8, 3, 9, 2, 10]","[""none"", ""none"", ""none"", ""none"", ""none"", ""none"", ""none"", ""none"", ""none"", ""none"", ""none"", ""none""]",0.36363636363636365,0.3333333333333333,False,False
discovery:n12:seed104:shuffled:t4:moveable:k2,pre_branch,step,2,30,"[0, 1, 6, 4, 5, 11, 7, 3, 2, 8, 9, 10]","[""none"", ""none"", ""none"", ""none"", ""none"", ""none"", ""none"", ""none"", ""none"", ""none"", ""none"", ""none""]",0.36363636363636365,0.25757575757575757,False,False
discovery:n12:seed104:shuffled:t4:moveable:k2,pre_branch,step,3,44,"[0, 1, 4, 6, 5, 7, 3, 11, 2, 8, 9, 10]","[""none"", ""none"", ""none"", ""none"", ""none"", ""none"", ""none"", ""none"", ""none"", ""none"", ""none"", ""none""]",0.2727272727272727,0.21212121212121213,False,False
discovery:n12:seed104:shuffled:t4:moveable:k2,pre_branch,step,4,59,"[0, 1, 4, 6, 5, 7, 2, 3, 8, 11, 9, 10]","[""none"", ""none"", ""none"", ""none"", ""none"", ""none"", ""none"", ""none"", ""none"", ""none"", ""none"", ""none""]",0.2727272727272727,0.16666666666666666,False,False
discovery:n12:seed104:shuffled:t4:moveable:k2,post_branch,freeze-moveable,4,59,"[0, 1, 4, 6, 5, 7, 2, 3, 8, 11, 9, 10]","[""none"", ""moveable"", ""none"", ""none"", ""none"", ""none"", ""none"", ""none"", ""none"", ""none"", ""none"", ""moveable""]",0.2727272727272727,0.16666666666666666,False,False
discovery:n12:seed104:shuffled:t4:moveable:k2,post_branch,step,5,72,"[0, 1, 4, 5, 2, 6, 7, 3, 8, 9, 11, 10]","[""none"", ""moveable"", ""none"", ""none"", ""none"", ""none"", ""none"", ""none"", ""none"", ""none"", ""none"", ""moveable""]",0.2727272727272727,0.10606060606060606,False,False
discovery:n12:seed104:shuffled:t4:moveable:k2,post_branch,step,6,85,"[0, 1, 2, 4, 5, 6, 3, 7, 8, 9, 11, 10]","[""none"", ""moveable"", ""none"", ""none"", ""none"", ""none"", ""none"", ""none"", ""none"", ""none"", ""none"", ""moveable""]",0.18181818181818182,0.06060606060606061,False,False
discovery:n12:seed104:shuffled:t4:moveable:k2,post_branch,step,7,97,"[0, 1, 2, 4, 3, 5, 6, 7, 8, 9, 11, 10]","[""none"", ""moveable"", ""none"", ""none"", ""none"", ""none"", ""none"", ""none"", ""none"", ""none"", ""none"", ""moveable""]",0.18181818181818182,0.030303030303030304,False,False
discovery:n12:seed104:shuffled:t4:moveable:k2,post_branch,step,8,106,"[0, 1, 2, 4, 3, 5, 6, 7, 8, 9, 11, 10]","[""none"", ""moveable"", ""none"", ""none"", ""none"", ""none"", ""none"", ""none"", ""none"", ""none"", ""none"", ""moveable""]",0.18181818181818182,0.030303030303030304,False,False
discovery:n12:seed104:shuffled:t4:moveable:k2,post_branch,step,9,117,"[0, 1, 2, 3, 4, 5, 6, 7, 8, 9, 10, 11]","[""none"", ""moveable"", ""none"", ""none"", ""none"", ""none"", ""none"", ""none"", ""none"", ""none"", ""moveable"", ""none""]",0.0,0.0,True,True
discovery:n12:seed104:shuffled:t4:moveable:k3,pre_branch,setup,0,0,"[0, 6, 1, 4, 11, 5, 7, 8, 3, 9, 10, 2]","[""none"", ""none"", ""none"", ""none"", ""none"", ""none"", ""none"", ""none"", ""none"", ""none"", ""none"", ""none""]",0.36363636363636365,0.3484848484848485,False,False
discovery:n12:seed104:shuffled:t4:moveable:k3,pre_branch,step,1,13,"[0, 6, 1, 4, 11, 5, 7, 8, 3, 9, 2, 10]","[""none"", ""none"", ""none"", ""none"", ""none"", ""none"", ""none"", ""none"", ""none"", ""none"", ""none"", ""none""]",0.36363636363636365,0.3333333333333333,False,False
discovery:n12:seed104:shuffled:t4:moveable:k3,pre_branch,step,2,30,"[0, 1, 6, 4, 5, 11, 7, 3, 2, 8, 9, 10]","[""none"", ""none"", ""none"", ""none"", ""none"", ""none"", ""none"", ""none"", ""none"", ""none"", ""none"", ""none""]",0.36363636363636365,0.25757575757575757,False,False
discovery:n12:seed104:shuffled:t4:moveable:k3,pre_branch,step,3,44,"[0, 1, 4, 6, 5, 7, 3, 11, 2, 8, 9, 10]","[""none"", ""none"", ""none"", ""none"", ""none"", ""none"", ""none"", ""none"", ""none"", ""none"", ""none"", ""none""]",0.2727272727272727,0.21212121212121213,False,False
discovery:n12:seed104:shuffled:t4:moveable:k3,pre_branch,step,4,59,"[0, 1, 4, 6, 5, 7, 2, 3, 8, 11, 9, 10]","[""none"", ""none"", ""none"", ""none"", ""none"", ""none"", ""none"", ""none"", ""none"", ""none"", ""none"", ""none""]",0.2727272727272727,0.16666666666666666,False,False
discovery:n12:seed104:shuffled:t4:moveable:k3,post_branch,freeze-moveable,4,59,"[0, 1, 4, 6, 5, 7, 2, 3, 8, 11, 9, 10]","[""moveable"", ""none"", ""none"", ""moveable"", ""none"", ""none"", ""none"", ""none"", ""none"", ""none"", ""moveable"", ""none""]",0.2727272727272727,0.16666666666666666,False,False
discovery:n12:seed104:shuffled:t4:moveable:k3,post_branch,step,5,69,"[0, 1, 4, 5, 6, 2, 7, 3, 8, 11, 9, 10]","[""moveable"", ""none"", ""none"", ""none"", ""moveable"", ""none"", ""none"", ""none"", ""none"", ""none"", ""moveable"", ""none""]",0.2727272727272727,0.13636363636363635,False,False
discovery:n12:seed104:shuffled:t4:moveable:k3,post_branch,step,6,78,"[0, 1, 4, 5, 2, 6, 7, 3, 8, 11, 9, 10]","[""moveable"", ""none"", ""none"", ""none"", ""none"", ""moveable"", ""none"", ""none"", ""none"", ""none"", ""moveable"", ""none""]",0.2727272727272727,0.12121212121212122,False,False
discovery:n12:seed104:shuffled:t4:moveable:k3,post_branch,step,7,90,"[0, 1, 4, 2, 5, 6, 3, 7, 8, 9, 11, 10]","[""moveable"", ""none"", ""none"", ""none"", ""none"", ""moveable"", ""none"", ""none"", ""none"", ""moveable"", ""none"", ""none""]",0.2727272727272727,0.07575757575757576,False,False
discovery:n12:seed104:shuffled:t4:moveable:k3,post_branch,step,8,98,"[0, 1, 4, 2, 5, 6, 3, 7, 8, 9, 11, 10]","[""moveable"", ""none"", ""none"", ""none"", ""none"", ""moveable"", ""none"", ""none"", ""none"", ""moveable"", ""none"", ""none""]",0.2727272727272727,0.07575757575757576,False,False
discovery:n12:seed104:shuffled:t4:moveable:k3,post_branch,step,9,109,"[0, 1, 2, 4, 5, 3, 6, 7, 8, 9, 10, 11]","[""moveable"", ""none"", ""none"", ""none"", ""none"", ""none"", ""moveable"", ""none"", ""none"", ""moveable"", ""none"", ""none""]",0.09090909090909091,0.030303030303030304,False,False
discovery:n12:seed104:shuffled:t4:moveable:k3,post_branch,step,10,118,"[0, 1, 2, 4, 3, 5, 6, 7, 8, 9, 10, 11]","[""moveable"", ""none"", ""none"", ""none"", ""none"", ""none"", ""moveable"", ""none"", ""none"", ""moveable"", ""none"", ""none""]",0.09090909090909091,0.015151515151515152,False,False
discovery:n12:seed104:shuffled:t4:moveable:k3,post_branch,step,11,128,"[0, 1, 2, 3, 4, 5, 6, 7, 8, 9, 10, 11]","[""moveable"", ""none"", ""none"", ""none"", ""none"", ""none"", ""moveable"", ""none"", ""none"", ""moveable"", ""none"", ""none""]",0.0,0.0,True,True
discovery:n12:seed104:shuffled:t4:immovable:k1,pre_branch,setup,0,0,"[0, 6, 1, 4, 11, 5, 7, 8, 3, 9, 10, 2]","[""none"", ""none"", ""none"", ""none"", ""none"", ""none"", ""none"", ""none"", ""none"", ""none"", ""none"", ""none""]",0.36363636363636365,0.3484848484848485,False,False
discovery:n12:seed104:shuffled:t4:immovable:k1,pre_branch,step,1,13,"[0, 6, 1, 4, 11, 5, 7, 8, 3, 9, 2, 10]","[""none"", ""none"", ""none"", ""none"", ""none"", ""none"", ""none"", ""none"", ""none"", ""none"", ""none"", ""none""]",0.36363636363636365,0.3333333333333333,False,False
discovery:n12:seed104:shuffled:t4:immovable:k1,pre_branch,step,2,30,"[0, 1, 6, 4, 5, 11, 7, 3, 2, 8, 9, 10]","[""none"", ""none"", ""none"", ""none"", ""none"", ""none"", ""none"", ""none"", ""none"", ""none"", ""none"", ""none""]",0.36363636363636365,0.25757575757575757,False,False
discovery:n12:seed104:shuffled:t4:immovable:k1,pre_branch,step,3,44,"[0, 1, 4, 6, 5, 7, 3, 11, 2, 8, 9, 10]","[""none"", ""none"", ""none"", ""none"", ""none"", ""none"", ""none"", ""none"", ""none"", ""none"", ""none"", ""none""]",0.2727272727272727,0.21212121212121213,False,False
discovery:n12:seed104:shuffled:t4:immovable:k1,pre_branch,step,4,59,"[0, 1, 4, 6, 5, 7, 2, 3, 8, 11, 9, 10]","[""none"", ""none"", ""none"", ""none"", ""none"", ""none"", ""none"", ""none"", ""none"", ""none"", ""none"", ""none""]",0.2727272727272727,0.16666666666666666,False,False
discovery:n12:seed104:shuffled:t4:immovable:k1,post_branch,freeze-immovable,4,59,"[0, 1, 4, 6, 5, 7, 2, 3, 8, 11, 9, 10]","[""none"", ""none"", ""none"", ""none"", ""none"", ""none"", ""none"", ""none"", ""none"", ""none"", ""immovable"", ""none""]",0.2727272727272727,0.16666666666666666,False,False
discovery:n12:seed104:shuffled:t4:immovable:k1,post_branch,step,5,71,"[0, 1, 4, 5, 6, 2, 7, 3, 8, 11, 9, 10]","[""none"", ""none"", ""none"", ""none"", ""none"", ""none"", ""none"", ""none"", ""none"", ""none"", ""immovable"", ""none""]",0.2727272727272727,0.13636363636363635,False,False
discovery:n12:seed104:shuffled:t4:immovable:k1,post_branch,step,6,82,"[0, 1, 4, 5, 6, 2, 3, 7, 8, 11, 9, 10]","[""none"", ""none"", ""none"", ""none"", ""none"", ""none"", ""none"", ""none"", ""none"", ""none"", ""immovable"", ""none""]",0.18181818181818182,0.12121212121212122,False,False
discovery:n12:seed104:shuffled:t4:immovable:k1,post_branch,step,7,94,"[0, 1, 4, 2, 5, 6, 3, 7, 8, 11, 9, 10]","[""none"", ""none"", ""none"", ""none"", ""none"", ""none"", ""none"", ""none"", ""none"", ""none"", ""immovable"", ""none""]",0.2727272727272727,0.09090909090909091,False,False
discovery:n12:seed104:shuffled:t4:immovable:k1,post_branch,step,8,107,"[0, 1, 2, 4, 3, 5, 6, 7, 8, 11, 9, 10]","[""none"", ""none"", ""none"", ""none"", ""none"", ""none"", ""none"", ""none"", ""none"", ""none"", ""immovable"", ""none""]",0.18181818181818182,0.045454545454545456,False,False
discovery:n12:seed104:shuffled:t4:immovable:k1,post_branch,step,9,117,"[0, 1, 2, 3, 4, 5, 6, 7, 8, 11, 9, 10]","[""none"", ""none"", ""none"", ""none"", ""none"", ""none"", ""none"", ""none"", ""none"", ""none"", ""immovable"", ""none""]",0.09090909090909091,0.030303030303030304,False,True
discovery:n12:seed104:shuffled:t4:immovable:k2,pre_branch,setup,0,0,"[0, 6, 1, 4, 11, 5, 7, 8, 3, 9, 10, 2]","[""none"", ""none"", ""none"", ""none"", ""none"", ""none"", ""none"", ""none"", ""none"", ""none"", ""none"", ""none""]",0.36363636363636365,0.3484848484848485,False,False
discovery:n12:seed104:shuffled:t4:immovable:k2,pre_branch,step,1,13,"[0, 6, 1, 4, 11, 5, 7, 8, 3, 9, 2, 10]","[""none"", ""none"", ""none"", ""none"", ""none"", ""none"", ""none"", ""none"", ""none"", ""none"", ""none"", ""none""]",0.36363636363636365,0.3333333333333333,False,False
discovery:n12:seed104:shuffled:t4:immovable:k2,pre_branch,step,2,30,"[0, 1, 6, 4, 5, 11, 7, 3, 2, 8, 9, 10]","[""none"", ""none"", ""none"", ""none"", ""none"", ""none"", ""none"", ""none"", ""none"", ""none"", ""none"", ""none""]",0.36363636363636365,0.25757575757575757,False,False
discovery:n12:seed104:shuffled:t4:immovable:k2,pre_branch,step,3,44,"[0, 1, 4, 6, 5, 7, 3, 11, 2, 8, 9, 10]","[""none"", ""none"", ""none"", ""none"", ""none"", ""none"", ""none"", ""none"", ""none"", ""none"", ""none"", ""none""]",0.2727272727272727,0.21212121212121213,False,False
discovery:n12:seed104:shuffled:t4:immovable:k2,pre_branch,step,4,59,"[0, 1, 4, 6, 5, 7, 2, 3, 8, 11, 9, 10]","[""none"", ""none"", ""none"", ""none"", ""none"", ""none"", ""none"", ""none"", ""none"", ""none"", ""none"", ""none""]",0.2727272727272727,0.16666666666666666,False,False
discovery:n12:seed104:shuffled:t4:immovable:k2,post_branch,freeze-immovable,4,59,"[0, 1, 4, 6, 5, 7, 2, 3, 8, 11, 9, 10]","[""none"", ""immovable"", ""none"", ""none"", ""none"", ""none"", ""none"", ""none"", ""none"", ""none"", ""none"", ""immovable""]",0.2727272727272727,0.16666666666666666,False,False
discovery:n12:seed104:shuffled:t4:immovable:k2,post_branch,step,5,72,"[0, 1, 4, 5, 2, 6, 7, 3, 8, 9, 11, 10]","[""none"", ""immovable"", ""none"", ""none"", ""none"", ""none"", ""none"", ""none"", ""none"", ""none"", ""none"", ""immovable""]",0.2727272727272727,0.10606060606060606,False,False
discovery:n12:seed104:shuffled:t4:immovable:k2,post_branch,step,6,85,"[0, 1, 2, 4, 5, 6, 3, 7, 8, 9, 11, 10]","[""none"", ""immovable"", ""none"", ""none"", ""none"", ""none"", ""none"", ""none"", ""none"", ""none"", ""none"", ""immovable""]",0.18181818181818182,0.06060606060606061,False,False
discovery:n12:seed104:shuffled:t4:immovable:k2,post_branch,step,7,97,"[0, 1, 2, 4, 3, 5, 6, 7, 8, 9, 11, 10]","[""none"", ""immovable"", ""none"", ""none"", ""none"", ""none"", ""none"", ""none"", ""none"", ""none"", ""none"", ""immovable""]",0.18181818181818182,0.030303030303030304,False,False
discovery:n12:seed104:shuffled:t4:immovable:k2,post_branch,step,8,106,"[0, 1, 2, 4, 3, 5, 6, 7, 8, 9, 11, 10]","[""none"", ""immovable"", ""none"", ""none"", ""none"", ""none"", ""none"", ""none"", ""none"", ""none"", ""none"", ""immovable""]",0.18181818181818182,0.030303030303030304,False,False
discovery:n12:seed104:shuffled:t4:immovable:k2,post_branch,step,9,116,"[0, 1, 2, 3, 4, 5, 6, 7, 8, 9, 11, 10]","[""none"", ""immovable"", ""none"", ""none"", ""none"", ""none"", ""none"", ""none"", ""none"", ""none"", ""none"", ""immovable""]",0.09090909090909091,0.015151515151515152,False,True
discovery:n12:seed104:shuffled:t4:immovable:k3,pre_branch,setup,0,0,"[0, 6, 1, 4, 11, 5, 7, 8, 3, 9, 10, 2]","[""none"", ""none"", ""none"", ""none"", ""none"", ""none"", ""none"", ""none"", ""none"", ""none"", ""none"", ""none""]",0.36363636363636365,0.3484848484848485,False,False
discovery:n12:seed104:shuffled:t4:immovable:k3,pre_branch,step,1,13,"[0, 6, 1, 4, 11, 5, 7, 8, 3, 9, 2, 10]","[""none"", ""none"", ""none"", ""none"", ""none"", ""none"", ""none"", ""none"", ""none"", ""none"", ""none"", ""none""]",0.36363636363636365,0.3333333333333333,False,False
discovery:n12:seed104:shuffled:t4:immovable:k3,pre_branch,step,2,30,"[0, 1, 6, 4, 5, 11, 7, 3, 2, 8, 9, 10]","[""none"", ""none"", ""none"", ""none"", ""none"", ""none"", ""none"", ""none"", ""none"", ""none"", ""none"", ""none""]",0.36363636363636365,0.25757575757575757,False,False
discovery:n12:seed104:shuffled:t4:immovable:k3,pre_branch,step,3,44,"[0, 1, 4, 6, 5, 7, 3, 11, 2, 8, 9, 10]","[""none"", ""none"", ""none"", ""none"", ""none"", ""none"", ""none"", ""none"", ""none"", ""none"", ""none"", ""none""]",0.2727272727272727,0.21212121212121213,False,False
discovery:n12:seed104:shuffled:t4:immovable:k3,pre_branch,step,4,59,"[0, 1, 4, 6, 5, 7, 2, 3, 8, 11, 9, 10]","[""none"", ""none"", ""none"", ""none"", ""none"", ""none"", ""none"", ""none"", ""none"", ""none"", ""none"", ""none""]",0.2727272727272727,0.16666666666666666,False,False
discovery:n12:seed104:shuffled:t4:immovable:k3,post_branch,freeze-immovable,4,59,"[0, 1, 4, 6, 5, 7, 2, 3, 8, 11, 9, 10]","[""immovable"", ""none"", ""none"", ""immovable"", ""none"", ""none"", ""none"", ""none"", ""none"", ""none"", ""immovable"", ""none""]",0.2727272727272727,0.16666666666666666,False,False
discovery:n12:seed104:shuffled:t4:immovable:k3,post_branch,step,5,68,"[0, 1, 4, 6, 5, 2, 7, 3, 8, 11, 9, 10]","[""immovable"", ""none"", ""none"", ""immovable"", ""none"", ""none"", ""none"", ""none"", ""none"", ""none"", ""immovable"", ""none""]",0.36363636363636365,0.15151515151515152,False,False
discovery:n12:seed104:shuffled:t4:immovable:k3,post_branch,step,6,77,"[0, 1, 4, 6, 2, 5, 7, 3, 8, 11, 9, 10]","[""immovable"", ""none"", ""none"", ""immovable"", ""none"", ""none"", ""none"", ""none"", ""none"", ""none"", ""immovable"", ""none""]",0.2727272727272727,0.13636363636363635,False,False
discovery:n12:seed104:shuffled:t4:immovable:k3,post_branch,step,7,87,"[0, 1, 4, 6, 2, 5, 3, 7, 8, 11, 9, 10]","[""immovable"", ""none"", ""none"", ""immovable"", ""none"", ""none"", ""none"", ""none"", ""none"", ""none"", ""immovable"", ""none""]",0.2727272727272727,0.12121212121212122,False,False
discovery:n12:seed104:shuffled:t4:immovable:k3,post_branch,step,8,95,"[0, 1, 4, 6, 2, 5, 3, 7, 8, 11, 9, 10]","[""immovable"", ""none"", ""none"", ""immovable"", ""none"", ""none"", ""none"", ""none"", ""none"", ""none"", ""immovable"", ""none""]",0.2727272727272727,0.12121212121212122,False,False
discovery:n12:seed104:shuffled:t4:immovable:k3,post_branch,step,9,104,"[0, 1, 4, 6, 2, 3, 5, 7, 8, 11, 9, 10]","[""immovable"", ""none"", ""none"", ""immovable"", ""none"", ""none"", ""none"", ""none"", ""none"", ""none"", ""immovable"", ""none""]",0.18181818181818182,0.10606060606060606,False,True
discovery:n12:seed105:index:t0:moveable:k1,pre_branch,setup,0,0,"[3, 9, 2, 6, 0, 1, 5, 11, 10, 7, 8, 4]","[""none"", ""none"", ""none"", ""none"", ""none"", ""none"", ""none"", ""none"", ""none"", ""none"", ""none"", ""none""]",0.45454545454545453,0.4090909090909091,False,False
discovery:n12:seed105:index:t0:moveable:k1,post_branch,freeze-moveable,0,0,"[3, 9, 2, 6, 0, 1, 5, 11, 10, 7, 8, 4]","[""none"", ""none"", ""moveable"", ""none"", ""none"", ""none"", ""none"", ""none"", ""none"", ""none"", ""none"", ""none""]",0.45454545454545453,0.4090909090909091,False,False
discovery:n12:seed105:index:t0:moveable:k1,post_branch,step,1,13,"[3, 2, 6, 0, 9, 1, 5, 10, 11, 7, 8, 4]","[""none"", ""moveable"", ""none"", ""none"", ""none"", ""none"", ""none"", ""none"", ""none"", ""none"", ""none"", ""none""]",0.45454545454545453,0.3484848484848485,False,False
discovery:n12:seed105:index:t0:moveable:k1,post_branch,step,2,26,"[3, 2, 0, 6, 1, 9, 5, 10, 11, 7, 4, 8]","[""none"", ""moveable"", ""none"", ""none"", ""none"", ""none"", ""none"", ""none"", ""none"", ""none"", ""none"", ""none""]",0.5454545454545454,0.30303030303030304,False,False
discovery:n12:seed105:index:t0:moveable:k1,post_branch,step,3,42,"[3, 0, 2, 6, 1, 5, 9, 7, 10, 4, 8, 11]","[""none"", ""none"", ""moveable"", ""none"", ""none"", ""none"", ""none"", ""none"", ""none"", ""none"", ""none"", ""none""]",0.36363636363636365,0.21212121212121213,False,False
discovery:n12:seed105:index:t0:moveable:k1,post_branch,step,4,56,"[0, 3, 2, 6, 1, 5, 7, 9, 4, 8, 10, 11]","[""none"", ""none"", ""moveable"", ""none"", ""none"", ""none"", ""none"", ""none"", ""none"", ""none"", ""none"", ""none""]",0.2727272727272727,0.15151515151515152,False,False
discovery:n12:seed105:index:t0:moveable:k1,post_branch,step,5,67,"[0, 3, 2, 1, 6, 5, 7, 4, 9, 8, 10, 11]","[""none"", ""none"", ""moveable"", ""none"", ""none"", ""none"", ""none"", ""none"", ""none"", ""none"", ""none"", ""none""]",0.45454545454545453,0.12121212121212122,False,False
discovery:n12:seed105:index:t0:moveable:k1,post_branch,step,6,78,"[0, 3, 1, 2, 6, 5, 4, 7, 9, 8, 10, 11]","[""none"", ""none"", ""none"", ""moveable"", ""none"", ""none"", ""none"", ""none"", ""none"", ""none"", ""none"", ""none""]",0.36363636363636365,0.09090909090909091,False,False
discovery:n12:seed105:index:t0:moveable:k1,post_branch,step,7,90,"[0, 1, 3, 2, 5, 6, 4, 7, 8, 9, 10, 11]","[""none"", ""none"", ""none"", ""moveable"", ""none"", ""none"", ""none"", ""none"", ""none"", ""none"", ""none"", ""none""]",0.18181818181818182,0.045454545454545456,False,False
discovery:n12:seed105:index:t0:moveable:k1,post_branch,step,8,102,"[0, 1, 3, 2, 4, 5, 6, 7, 8, 9, 10, 11]","[""none"", ""none"", ""none"", ""moveable"", ""none"", ""none"", ""none"", ""none"", ""none"", ""none"", ""none"", ""none""]",0.09090909090909091,0.015151515151515152,False,False
discovery:n12:seed105:index:t0:moveable:k1,post_branch,step,9,113,"[0, 1, 3, 2, 4, 5, 6, 7, 8, 9, 10, 11]","[""none"", ""none"", ""none"", ""moveable"", ""none"", ""none"", ""none"", ""none"", ""none"", ""none"", ""none"", ""none""]",0.09090909090909091,0.015151515151515152,False,False
discovery:n12:seed105:index:t0:moveable:k1,post_branch,step,10,124,"[0, 1, 2, 3, 4, 5, 6, 7, 8, 9, 10, 11]","[""none"", ""none"", ""moveable"", ""none"", ""none"", ""none"", ""none"", ""none"", ""none"", ""none"", ""none"", ""none""]",0.0,0.0,True,True
discovery:n12:seed105:index:t0:moveable:k2,pre_branch,setup,0,0,"[3, 9, 2, 6, 0, 1, 5, 11, 10, 7, 8, 4]","[""none"", ""none"", ""none"", ""none"", ""none"", ""none"", ""none"", ""none"", ""none"", ""none"", ""none"", ""none""]",0.45454545454545453,0.4090909090909091,False,False
discovery:n12:seed105:index:t0:moveable:k2,post_branch,freeze-moveable,0,0,"[3, 9, 2, 6, 0, 1, 5, 11, 10, 7, 8, 4]","[""none"", ""none"", ""moveable"", ""none"", ""none"", ""none"", ""none"", ""none"", ""none"", ""none"", ""none"", ""moveable""]",0.45454545454545453,0.4090909090909091,False,False
discovery:n12:seed105:index:t0:moveable:k2,post_branch,step,1,13,"[3, 2, 6, 0, 9, 1, 5, 10, 11, 7, 8, 4]","[""none"", ""moveable"", ""none"", ""none"", ""none"", ""none"", ""none"", ""none"", ""none"", ""none"", ""none"", ""moveable""]",0.45454545454545453,0.3484848484848485,False,False
discovery:n12:seed105:index:t0:moveable:k2,post_branch,step,2,27,"[2, 3, 6, 0, 1, 9, 5, 10, 7, 11, 4, 8]","[""moveable"", ""none"", ""none"", ""none"", ""none"", ""none"", ""none"", ""none"", ""none"", ""none"", ""moveable"", ""none""]",0.36363636363636365,0.2878787878787879,False,False
discovery:n12:seed105:index:t0:moveable:k2,post_branch,step,3,39,"[2, 3, 0, 1, 6, 9, 5, 7, 10, 11, 4, 8]","[""moveable"", ""none"", ""none"", ""none"", ""none"", ""none"", ""none"", ""none"", ""none"", ""none"", ""moveable"", ""none""]",0.2727272727272727,0.24242424242424243,False,False
discovery:n12:seed105:index:t0:moveable:k2,post_branch,step,4,52,"[2, 0, 1, 3, 6, 5, 9, 7, 10, 11, 4, 8]","[""moveable"", ""none"", ""none"", ""none"", ""none"", ""none"", ""none"", ""none"", ""none"", ""none"", ""moveable"", ""none""]",0.36363636363636365,0.19696969696969696,False,False
discovery:n12:seed105:index:t0:moveable:k2,post_branch,step,5,66,"[0, 1, 2, 3, 5, 6, 7, 9, 10, 4, 11, 8]","[""none"", ""none"", ""moveable"", ""none"", ""none"", ""none"", ""none"", ""none"", ""none"", ""moveable"", ""none"", ""none""]",0.18181818181818182,0.12121212121212122,False,False
discovery:n12:seed105:index:t0:moveable:k2,post_branch,step,6,75,"[0, 1, 2, 3, 5, 6, 7, 9, 10, 4, 11, 8]","[""none"", ""none"", ""moveable"", ""none"", ""none"", ""none"", ""none"", ""none"", ""none"", ""moveable"", ""none"", ""none""]",0.18181818181818182,0.12121212121212122,False,False
discovery:n12:seed105:index:t0:moveable:k2,post_branch,step,7,84,"[0, 1, 2, 3, 5, 6, 7, 9, 10, 4, 11, 8]","[""none"", ""none"", ""moveable"", ""none"", ""none"", ""none"", ""none"", ""none"", ""none"", ""moveable"", ""none"", ""none""]",0.18181818181818182,0.12121212121212122,False,False
discovery:n12:seed105:index:t0:moveable:k2,post_branch,step,8,95,"[0, 1, 2, 3, 5, 6, 7, 9, 4, 10, 8, 11]","[""none"", ""none"", ""moveable"", ""none"", ""none"", ""none"", ""none"", ""none"", ""moveable"", ""none"", ""none"", ""none""]",0.18181818181818182,0.09090909090909091,False,False
discovery:n12:seed105:index:t0:moveable:k2,post_branch,step,9,105,"[0, 1, 2, 3, 5, 6, 7, 9, 4, 8, 10, 11]","[""none"", ""none"", ""moveable"", ""none"", ""none"", ""none"", ""none"", ""none"", ""moveable"", ""none"", ""none"", ""none""]",0.09090909090909091,0.07575757575757576,False,False
discovery:n12:seed105:index:t0:moveable:k2,post_branch,step,10,116,"[0, 1, 2, 3, 5, 6, 7, 4, 8, 9, 10, 11]","[""none"", ""none"", ""moveable"", ""none"", ""none"", ""none"", ""none"", ""moveable"", ""none"", ""none"", ""none"", ""none""]",0.09090909090909091,0.045454545454545456,False,False
discovery:n12:seed105:index:t0:moveable:k2,post_branch,step,11,126,"[0, 1, 2, 3, 5, 6, 7, 4, 8, 9, 10, 11]","[""none"", ""none"", ""moveable"", ""none"", ""none"", ""none"", ""none"", ""moveable"", ""none"", ""none"", ""none"", ""none""]",0.09090909090909091,0.045454545454545456,False,False
discovery:n12:seed105:index:t0:moveable:k2,post_branch,step,12,134,"[0, 1, 2, 3, 5, 6, 7, 4, 8, 9, 10, 11]","[""none"", ""none"", ""moveable"", ""none"", ""none"", ""none"", ""none"", ""moveable"", ""none"", ""none"", ""none"", ""none""]",0.09090909090909091,0.045454545454545456,False,False
discovery:n12:seed105:index:t0:moveable:k2,post_branch,step,13,145,"[0, 1, 2, 3, 5, 6, 4, 7, 8, 9, 10, 11]","[""none"", ""none"", ""moveable"", ""none"", ""none"", ""none"", ""moveable"", ""none"", ""none"", ""none"", ""none"", ""none""]",0.09090909090909091,0.030303030303030304,False,False
discovery:n12:seed105:index:t0:moveable:k2,post_branch,step,14,154,"[0, 1, 2, 3, 5, 4, 6, 7, 8, 9, 10, 11]","[""none"", ""none"", ""moveable"", ""none"", ""none"", ""moveable"", ""none"", ""none"", ""none"", ""none"", ""none"", ""none""]",0.09090909090909091,0.015151515151515152,False,False
discovery:n12:seed105:index:t0:moveable:k2,post_branch,step,15,164,"[0, 1, 2, 3, 4, 5, 6, 7, 8, 9, 10, 11]","[""none"", ""none"", ""moveable"", ""none"", ""moveable"", ""none"", ""none"", ""none"", ""none"", ""none"", ""none"", ""none""]",0.0,0.0,True,True
discovery:n12:seed105:index:t0:moveable:k3,pre_branch,setup,0,0,"[3, 9, 2, 6, 0, 1, 5, 11, 10, 7, 8, 4]","[""none"", ""none"", ""none"", ""none"", ""none"", ""none"", ""none"", ""none"", ""none"", ""none"", ""none"", ""none""]",0.45454545454545453,0.4090909090909091,False,False
discovery:n12:seed105:index:t0:moveable:k3,post_branch,freeze-moveable,0,0,"[3, 9, 2, 6, 0, 1, 5, 11, 10, 7, 8, 4]","[""none"", ""none"", ""none"", ""none"", ""none"", ""none"", ""moveable"", ""none"", ""none"", ""none"", ""moveable"", ""moveable""]",0.45454545454545453,0.4090909090909091,False,False
discovery:n12:seed105:index:t0:moveable:k3,post_branch,step,1,12,"[2, 3, 6, 9, 0, 1, 5, 10, 11, 7, 8, 4]","[""none"", ""none"", ""none"", ""none"", ""none"", ""none"", ""moveable"", ""none"", ""none"", ""none"", ""moveable"", ""moveable""]",0.2727272727272727,0.3484848484848485,False,False
discovery:n12:seed105:index:t0:moveable:k3,post_branch,step,2,23,"[2, 3, 6, 0, 9, 1, 5, 7, 10, 11, 8, 4]","[""none"", ""none"", ""none"", ""none"", ""none"", ""none"", ""moveable"", ""none"", ""none"", ""none"", ""moveable"", ""moveable""]",0.36363636363636365,0.30303030303030304,False,False
discovery:n12:seed105:index:t0:moveable:k3,post_branch,step,3,33,"[2, 3, 0, 6, 1, 9, 5, 7, 10, 11, 8, 4]","[""none"", ""none"", ""none"", ""none"", ""none"", ""none"", ""moveable"", ""none"", ""none"", ""none"", ""moveable"", ""moveable""]",0.45454545454545453,0.2727272727272727,False,False
discovery:n12:seed105:index:t0:moveable:k3,post_branch,step,4,42,"[2, 3, 0, 1, 6, 9, 5, 7, 10, 11, 8, 4]","[""none"", ""none"", ""none"", ""none"", ""none"", ""none"", ""moveable"", ""none"", ""none"", ""none"", ""moveable"", ""moveable""]",0.36363636363636365,0.25757575757575757,False,False
discovery:n12:seed105:index:t0:moveable:k3,post_branch,step,5,53,"[2, 0, 1, 3, 6, 9, 5, 7, 10, 11, 8, 4]","[""none"", ""none"", ""none"", ""none"", ""none"", ""none"", ""moveable"", ""none"", ""none"", ""none"", ""moveable"", ""moveable""]",0.36363636363636365,0.22727272727272727,False,False
discovery:n12:seed105:index:t0:moveable:k3,post_branch,step,6,65,"[0, 1, 2, 3, 6, 5, 9, 7, 10, 8, 11, 4]","[""none"", ""none"", ""none"", ""none"", ""none"", ""moveable"", ""none"", ""none"", ""none"", ""moveable"", ""none"", ""moveable""]",0.36363636363636365,0.16666666666666666,False,False
discovery:n12:seed105:index:t0:moveable:k3,post_branch,step,7,76,"[0, 1, 2, 3, 6, 5, 7, 9, 8, 10, 11, 4]","[""none"", ""none"", ""none"", ""none"", ""none"", ""moveable"", ""none"", ""none"", ""moveable"", ""none"", ""none"", ""moveable""]",0.2727272727272727,0.13636363636363635,False,False
discovery:n12:seed105:index:t0:moveable:k3,post_branch,step,8,87,"[0, 1, 2, 3, 6, 5, 7, 8, 9, 10, 4, 11]","[""none"", ""none"", ""none"", ""none"", ""none"", ""moveable"", ""none"", ""moveable"", ""none"", ""none"", ""moveable"", ""none""]",0.18181818181818182,0.10606060606060606,False,False
discovery:n12:seed105:index:t0:moveable:k3,post_branch,step,9,95,"[0, 1, 2, 3, 5, 6, 7, 8, 9, 10, 4, 11]","[""none"", ""none"", ""none"", ""none"", ""moveable"", ""none"", ""none"", ""moveable"", ""none"", ""none"", ""moveable"", ""none""]",0.09090909090909091,0.09090909090909091,False,False
discovery:n12:seed105:index:t0:moveable:k3,post_branch,step,10,104,"[0, 1, 2, 3, 5, 6, 7, 8, 9, 4, 10, 11]","[""none"", ""none"", ""none"", ""none"", ""moveable"", ""none"", ""none"", ""moveable"", ""none"", ""moveable"", ""none"", ""none""]",0.09090909090909091,0.07575757575757576,False,False
discovery:n12:seed105:index:t0:moveable:k3,post_branch,step,11,113,"[0, 1, 2, 3, 5, 6, 7, 8, 4, 9, 10, 11]","[""none"", ""none"", ""none"", ""none"", ""moveable"", ""none"", ""none"", ""moveable"", ""moveable"", ""none"", ""none"", ""none""]",0.09090909090909091,0.06060606060606061,False,True
discovery:n12:seed105:index:t0:immovable:k1,pre_branch,setup,0,0,"[3, 9, 2, 6, 0, 1, 5, 11, 10, 7, 8, 4]","[""none"", ""none"", ""none"", ""none"", ""none"", ""none"", ""none"", ""none"", ""none"", ""none"", ""none"", ""none""]",0.45454545454545453,0.4090909090909091,False,False
discovery:n12:seed105:index:t0:immovable:k1,post_branch,freeze-immovable,0,0,"[3, 9, 2, 6, 0, 1, 5, 11, 10, 7, 8, 4]","[""none"", ""none"", ""immovable"", ""none"", ""none"", ""none"", ""none"", ""none"", ""none"", ""none"", ""none"", ""none""]",0.45454545454545453,0.4090909090909091,False,False
discovery:n12:seed105:index:t0:immovable:k1,post_branch,step,1,11,"[3, 9, 2, 0, 6, 1, 5, 10, 11, 7, 8, 4]","[""none"", ""none"", ""immovable"", ""none"", ""none"", ""none"", ""none"", ""none"", ""none"", ""none"", ""none"", ""none""]",0.45454545454545453,0.3787878787878788,False,False
discovery:n12:seed105:index:t0:immovable:k1,post_branch,step,2,23,"[3, 9, 2, 0, 1, 6, 5, 10, 11, 7, 4, 8]","[""none"", ""none"", ""immovable"", ""none"", ""none"", ""none"", ""none"", ""none"", ""none"", ""none"", ""none"", ""none""]",0.45454545454545453,0.3484848484848485,False,False
discovery:n12:seed105:index:t0:immovable:k1,post_branch,step,3,38,"[3, 9, 2, 0, 1, 5, 6, 7, 10, 4, 8, 11]","[""none"", ""none"", ""immovable"", ""none"", ""none"", ""none"", ""none"", ""none"", ""none"", ""none"", ""none"", ""none""]",0.2727272727272727,0.2727272727272727,False,False
discovery:n12:seed105:index:t0:immovable:k1,post_branch,step,4,50,"[3, 9, 2, 0, 1, 5, 6, 7, 4, 8, 10, 11]","[""none"", ""none"", ""immovable"", ""none"", ""none"", ""none"", ""none"", ""none"", ""none"", ""none"", ""none"", ""none""]",0.2727272727272727,0.24242424242424243,False,False
discovery:n12:seed105:index:t0:immovable:k1,post_branch,step,5,60,"[3, 9, 2, 0, 1, 5, 6, 4, 7, 8, 10, 11]","[""none"", ""none"", ""immovable"", ""none"", ""none"", ""none"", ""none"", ""none"", ""none"", ""none"", ""none"", ""none""]",0.2727272727272727,0.22727272727272727,False,False
discovery:n12:seed105:index:t0:immovable:k1,post_branch,step,6,70,"[3, 9, 2, 0, 1, 5, 4, 6, 7, 8, 10, 11]","[""none"", ""none"", ""immovable"", ""none"", ""none"", ""none"", ""none"", ""none"", ""none"", ""none"", ""none"", ""none""]",0.2727272727272727,0.21212121212121213,False,False
discovery:n12:seed105:index:t0:immovable:k1,post_branch,step,7,79,"[3, 9, 2, 0, 1, 5, 4, 6, 7, 8, 10, 11]","[""none"", ""none"", ""immovable"", ""none"", ""none"", ""none"", ""none"", ""none"", ""none"", ""none"", ""none"", ""none""]",0.2727272727272727,0.21212121212121213,False,False
discovery:n12:seed105:index:t0:immovable:k1,post_branch,step,8,90,"[3, 9, 2, 0, 1, 4, 5, 6, 7, 8, 10, 11]","[""none"", ""none"", ""immovable"", ""none"", ""none"", ""none"", ""none"", ""none"", ""none"", ""none"", ""none"", ""none""]",0.18181818181818182,0.19696969696969696,False,True
discovery:n12:seed105:index:t0:immovable:k2,pre_branch,setup,0,0,"[3, 9, 2, 6, 0, 1, 5, 11, 10, 7, 8, 4]","[""none"", ""none"", ""none"", ""none"", ""none"", ""none"", ""none"", ""none"", ""none"", ""none"", ""none"", ""none""]",0.45454545454545453,0.4090909090909091,False,False
discovery:n12:seed105:index:t0:immovable:k2,post_branch,freeze-immovable,0,0,"[3, 9, 2, 6, 0, 1, 5, 11, 10, 7, 8, 4]","[""none"", ""none"", ""immovable"", ""none"", ""none"", ""none"", ""none"", ""none"", ""none"", ""none"", ""none"", ""immovable""]",0.45454545454545453,0.4090909090909091,False,False
discovery:n12:seed105:index:t0:immovable:k2,post_branch,step,1,11,"[3, 9, 2, 0, 6, 1, 5, 10, 11, 7, 8, 4]","[""none"", ""none"", ""immovable"", ""none"", ""none"", ""none"", ""none"", ""none"", ""none"", ""none"", ""none"", ""immovable""]",0.45454545454545453,0.3787878787878788,False,False
discovery:n12:seed105:index:t0:immovable:k2,post_branch,step,2,23,"[3, 9, 2, 0, 1, 6, 5, 10, 7, 11, 8, 4]","[""none"", ""none"", ""immovable"", ""none"", ""none"", ""none"", ""none"", ""none"", ""none"", ""none"", ""none"", ""immovable""]",0.5454545454545454,0.3484848484848485,False,False
discovery:n12:seed105:index:t0:immovable:k2,post_branch,step,3,33,"[3, 9, 2, 0, 1, 6, 5, 7, 10, 11, 8, 4]","[""none"", ""none"", ""immovable"", ""none"", ""none"", ""none"", ""none"", ""none"", ""none"", ""none"", ""none"", ""immovable""]",0.45454545454545453,0.3333333333333333,False,False
discovery:n12:seed105:index:t0:immovable:k2,post_branch,step,4,44,"[3, 9, 2, 0, 1, 5, 6, 7, 10, 8, 11, 4]","[""none"", ""none"", ""immovable"", ""none"", ""none"", ""none"", ""none"", ""none"", ""none"", ""none"", ""none"", ""immovable""]",0.36363636363636365,0.30303030303030304,False,False
discovery:n12:seed105:index:t0:immovable:k2,post_branch,step,5,53,"[3, 9, 2, 0, 1, 5, 6, 7, 10, 8, 11, 4]","[""none"", ""none"", ""immovable"", ""none"", ""none"", ""none"", ""none"", ""none"", ""none"", ""none"", ""none"", ""immovable""]",0.36363636363636365,0.30303030303030304,False,False
discovery:n12:seed105:index:t0:immovable:k2,post_branch,step,6,64,"[3, 9, 2, 0, 1, 5, 6, 7, 8, 10, 11, 4]","[""none"", ""none"", ""immovable"", ""none"", ""none"", ""none"", ""none"", ""none"", ""none"", ""none"", ""none"", ""immovable""]",0.2727272727272727,0.2878787878787879,False,True
discovery:n12:seed105:index:t0:immovable:k3,pre_branch,setup,0,0,"[3, 9, 2, 6, 0, 1, 5, 11, 10, 7, 8, 4]","[""none"", ""none"", ""none"", ""none"", ""none"", ""none"", ""none"", ""none"", ""none"", ""none"", ""none"", ""none""]",0.45454545454545453,0.4090909090909091,False,False
discovery:n12:seed105:index:t0:immovable:k3,post_branch,freeze-immovable,0,0,"[3, 9, 2, 6, 0, 1, 5, 11, 10, 7, 8, 4]","[""none"", ""none"", ""none"", ""none"", ""none"", ""none"", ""immovable"", ""none"", ""none"", ""none"", ""immovable"", ""immovable""]",0.45454545454545453,0.4090909090909091,False,False
discovery:n12:seed105:index:t0:immovable:k3,post_branch,step,1,12,"[2, 3, 6, 9, 0, 1, 5, 10, 11, 7, 8, 4]","[""none"", ""none"", ""none"", ""none"", ""none"", ""none"", ""immovable"", ""none"", ""none"", ""none"", ""immovable"", ""immovable""]",0.2727272727272727,0.3484848484848485,False,False
discovery:n12:seed105:index:t0:immovable:k3,post_branch,step,2,23,"[2, 3, 6, 0, 9, 1, 5, 7, 10, 11, 8, 4]","[""none"", ""none"", ""none"", ""none"", ""none"", ""none"", ""immovable"", ""none"", ""none"", ""none"", ""immovable"", ""immovable""]",0.36363636363636365,0.30303030303030304,False,False
discovery:n12:seed105:index:t0:immovable:k3,post_branch,step,3,33,"[2, 3, 0, 6, 1, 9, 5, 7, 10, 11, 8, 4]","[""none"", ""none"", ""none"", ""none"", ""none"", ""none"", ""immovable"", ""none"", ""none"", ""none"", ""immovable"", ""immovable""]",0.45454545454545453,0.2727272727272727,False,False
discovery:n12:seed105:index:t0:immovable:k3,post_branch,step,4,42,"[2, 3, 0, 1, 6, 9, 5, 7, 10, 11, 8, 4]","[""none"", ""none"", ""none"", ""none"", ""none"", ""none"", ""immovable"", ""none"", ""none"", ""none"", ""immovable"", ""immovable""]",0.36363636363636365,0.25757575757575757,False,False
discovery:n12:seed105:index:t0:immovable:k3,post_branch,step,5,53,"[2, 0, 1, 3, 6, 9, 5, 7, 10, 11, 8, 4]","[""none"", ""none"", ""none"", ""none"", ""none"", ""none"", ""immovable"", ""none"", ""none"", ""none"", ""immovable"", ""immovable""]",0.36363636363636365,0.22727272727272727,False,False
discovery:n12:seed105:index:t0:immovable:k3,post_branch,step,6,63,"[0, 1, 2, 3, 6, 9, 5, 7, 10, 11, 8, 4]","[""none"", ""none"", ""none"", ""none"", ""none"", ""none"", ""immovable"", ""none"", ""none"", ""none"", ""immovable"", ""immovable""]",0.2727272727272727,0.19696969696969696,False,True
discovery:n12:seed105:index:t4:moveable:k1,pre_branch,setup,0,0,"[3, 9, 2, 6, 0, 1, 5, 11, 10, 7, 8, 4]","[""none"", ""none"", ""none"", ""none"", ""none"", ""none"", ""none"", ""none"", ""none"", ""none"", ""none"", ""none""]",0.45454545454545453,0.4090909090909091,False,False
discovery:n12:seed105:index:t4:moveable:k1,pre_branch,step,1,18,"[2, 3, 6, 9, 0, 1, 5, 10, 7, 4, 11, 8]","[""none"", ""none"", ""none"", ""none"", ""none"", ""none"", ""none"", ""none"", ""none"", ""none"", ""none"", ""none""]",0.36363636363636365,0.30303030303030304,False,False
discovery:n12:seed105:index:t4:moveable:k1,pre_branch,step,2,37,"[2, 3, 6, 0, 1, 5, 7, 9, 4, 10, 8, 11]","[""none"", ""none"", ""none"", ""none"", ""none"", ""none"", ""none"", ""none"", ""none"", ""none"", ""none"", ""none""]",0.2727272727272727,0.19696969696969696,False,False
discovery:n12:seed105:index:t4:moveable:k1,pre_branch,step,3,52,"[2, 3, 0, 1, 6, 5, 7, 4, 9, 8, 10, 11]","[""none"", ""none"", ""none"", ""none"", ""none"", ""none"", ""none"", ""none"", ""none"", ""none"", ""none"", ""none""]",0.36363636363636365,0.13636363636363635,False,False
discovery:n12:seed105:index:t4:moveable:k1,pre_branch,step,4,69,"[2, 0, 1, 3, 5, 6, 4, 7, 8, 9, 10, 11]","[""none"", ""none"", ""none"", ""none"", ""none"", ""none"", ""none"", ""none"", ""none"", ""none"", ""none"", ""none""]",0.18181818181818182,0.06060606060606061,False,False
discovery:n12:seed105:index:t4:moveable:k1,post_branch,freeze-moveable,4,69,"[2, 0, 1, 3, 5, 6, 4, 7, 8, 9, 10, 11]","[""none"", ""none"", ""none"", ""none"", ""none"", ""none"", ""none"", ""none"", ""none"", ""none"", ""none"", ""moveable""]",0.18181818181818182,0.06060606060606061,False,False
discovery:n12:seed105:index:t4:moveable:k1,post_branch,step,5,82,"[0, 2, 1, 3, 5, 4, 6, 7, 8, 9, 10, 11]","[""none"", ""none"", ""none"", ""none"", ""none"", ""none"", ""none"", ""none"", ""none"", ""none"", ""none"", ""moveable""]",0.18181818181818182,0.030303030303030304,False,False
discovery:n12:seed105:index:t4:moveable:k1,post_branch,step,6,95,"[0, 1, 2, 3, 4, 5, 6, 7, 8, 9, 10, 11]","[""none"", ""none"", ""none"", ""none"", ""none"", ""none"", ""none"", ""none"", ""none"", ""none"", ""none"", ""moveable""]",0.0,0.0,True,True
discovery:n12:seed105:index:t4:moveable:k2,pre_branch,setup,0,0,"[3, 9, 2, 6, 0, 1, 5, 11, 10, 7, 8, 4]","[""none"", ""none"", ""none"", ""none"", ""none"", ""none"", ""none"", ""none"", ""none"", ""none"", ""none"", ""none""]",0.45454545454545453,0.4090909090909091,False,False
discovery:n12:seed105:index:t4:moveable:k2,pre_branch,step,1,18,"[2, 3, 6, 9, 0, 1, 5, 10, 7, 4, 11, 8]","[""none"", ""none"", ""none"", ""none"", ""none"", ""none"", ""none"", ""none"", ""none"", ""none"", ""none"", ""none""]",0.36363636363636365,0.30303030303030304,False,False
discovery:n12:seed105:index:t4:moveable:k2,pre_branch,step,2,37,"[2, 3, 6, 0, 1, 5, 7, 9, 4, 10, 8, 11]","[""none"", ""none"", ""none"", ""none"", ""none"", ""none"", ""none"", ""none"", ""none"", ""none"", ""none"", ""none""]",0.2727272727272727,0.19696969696969696,False,False
discovery:n12:seed105:index:t4:moveable:k2,pre_branch,step,3,52,"[2, 3, 0, 1, 6, 5, 7, 4, 9, 8, 10, 11]","[""none"", ""none"", ""none"", ""none"", ""none"", ""none"", ""none"", ""none"", ""none"", ""none"", ""none"", ""none""]",0.36363636363636365,0.13636363636363635,False,False
discovery:n12:seed105:index:t4:moveable:k2,pre_branch,step,4,69,"[2, 0, 1, 3, 5, 6, 4, 7, 8, 9, 10, 11]","[""none"", ""none"", ""none"", ""none"", ""none"", ""none"", ""none"", ""none"", ""none"", ""none"", ""none"", ""none""]",0.18181818181818182,0.06060606060606061,False,False
discovery:n12:seed105:index:t4:moveable:k2,post_branch,freeze-moveable,4,69,"[2, 0, 1, 3, 5, 6, 4, 7, 8, 9, 10, 11]","[""none"", ""none"", ""none"", ""none"", ""none"", ""none"", ""moveable"", ""none"", ""moveable"", ""none"", ""none"", ""none""]",0.18181818181818182,0.06060606060606061,False,False
discovery:n12:seed105:index:t4:moveable:k2,post_branch,step,5,81,"[0, 2, 1, 3, 5, 4, 6, 7, 8, 9, 10, 11]","[""none"", ""none"", ""none"", ""none"", ""none"", ""moveable"", ""none"", ""none"", ""moveable"", ""none"", ""none"", ""none""]",0.18181818181818182,0.030303030303030304,False,False
discovery:n12:seed105:index:t4:moveable:k2,post_branch,step,6,91,"[0, 1, 2, 3, 5, 4, 6, 7, 8, 9, 10, 11]","[""none"", ""none"", ""none"", ""none"", ""none"", ""moveable"", ""none"", ""none"", ""moveable"", ""none"", ""none"", ""none""]",0.09090909090909091,0.015151515151515152,False,False
discovery:n12:seed105:index:t4:moveable:k2,post_branch,step,7,99,"[0, 1, 2, 3, 5, 4, 6, 7, 8, 9, 10, 11]","[""none"", ""none"", ""none"", ""none"", ""none"", ""moveable"", ""none"", ""none"", ""moveable"", ""none"", ""none"", ""none""]",0.09090909090909091,0.015151515151515152,False,False
discovery:n12:seed105:index:t4:moveable:k2,post_branch,step,8,107,"[0, 1, 2, 3, 5, 4, 6, 7, 8, 9, 10, 11]","[""none"", ""none"", ""none"", ""none"", ""none"", ""moveable"", ""none"", ""none"", ""moveable"", ""none"", ""none"", ""none""]",0.09090909090909091,0.015151515151515152,False,False
discovery:n12:seed105:index:t4:moveable:k2,post_branch,step,9,118,"[0, 1, 2, 3, 4, 5, 6, 7, 8, 9, 10, 11]","[""none"", ""none"", ""none"", ""none"", ""moveable"", ""none"", ""none"", ""none"", ""moveable"", ""none"", ""none"", ""none""]",0.0,0.0,True,True
discovery:n12:seed105:index:t4:moveable:k3,pre_branch,setup,0,0,"[3, 9, 2, 6, 0, 1, 5, 11, 10, 7, 8, 4]","[""none"", ""none"", ""none"", ""none"", ""none"", ""none"", ""none"", ""none"", ""none"", ""none"", ""none"", ""none""]",0.45454545454545453,0.4090909090909091,False,False
discovery:n12:seed105:index:t4:moveable:k3,pre_branch,step,1,18,"[2, 3, 6, 9, 0, 1, 5, 10, 7, 4, 11, 8]","[""none"", ""none"", ""none"", ""none"", ""none"", ""none"", ""none"", ""none"", ""none"", ""none"", ""none"", ""none""]",0.36363636363636365,0.30303030303030304,False,False
discovery:n12:seed105:index:t4:moveable:k3,pre_branch,step,2,37,"[2, 3, 6, 0, 1, 5, 7, 9, 4, 10, 8, 11]","[""none"", ""none"", ""none"", ""none"", ""none"", ""none"", ""none"", ""none"", ""none"", ""none"", ""none"", ""none""]",0.2727272727272727,0.19696969696969696,False,False
discovery:n12:seed105:index:t4:moveable:k3,pre_branch,step,3,52,"[2, 3, 0, 1, 6, 5, 7, 4, 9, 8, 10, 11]","[""none"", ""none"", ""none"", ""none"", ""none"", ""none"", ""none"", ""none"", ""none"", ""none"", ""none"", ""none""]",0.36363636363636365,0.13636363636363635,False,False
discovery:n12:seed105:index:t4:moveable:k3,pre_branch,step,4,69,"[2, 0, 1, 3, 5, 6, 4, 7, 8, 9, 10, 11]","[""none"", ""none"", ""none"", ""none"", ""none"", ""none"", ""none"", ""none"", ""none"", ""none"", ""none"", ""none""]",0.18181818181818182,0.06060606060606061,False,False
discovery:n12:seed105:index:t4:moveable:k3,post_branch,freeze-moveable,4,69,"[2, 0, 1, 3, 5, 6, 4, 7, 8, 9, 10, 11]","[""none"", ""none"", ""moveable"", ""none"", ""none"", ""none"", ""none"", ""moveable"", ""none"", ""none"", ""moveable"", ""none""]",0.18181818181818182,0.06060606060606061,False,False
discovery:n12:seed105:index:t4:moveable:k3,post_branch,step,5,80,"[0, 2, 1, 3, 5, 4, 6, 7, 8, 9, 10, 11]","[""none"", ""none"", ""moveable"", ""none"", ""none"", ""none"", ""none"", ""moveable"", ""none"", ""none"", ""moveable"", ""none""]",0.18181818181818182,0.030303030303030304,False,False
discovery:n12:seed105:index:t4:moveable:k3,post_branch,step,6,88,"[0, 2, 1, 3, 4, 5, 6, 7, 8, 9, 10, 11]","[""none"", ""none"", ""moveable"", ""none"", ""none"", ""none"", ""none"", ""moveable"", ""none"", ""none"", ""moveable"", ""none""]",0.09090909090909091,0.015151515151515152,False,False
discovery:n12:seed105:index:t4:moveable:k3,post_branch,step,7,95,"[0, 2, 1, 3, 4, 5, 6, 7, 8, 9, 10, 11]","[""none"", ""none"", ""moveable"", ""none"", ""none"", ""none"", ""none"", ""moveable"", ""none"", ""none"", ""moveable"", ""none""]",0.09090909090909091,0.015151515151515152,False,False
discovery:n12:seed105:index:t4:moveable:k3,post_branch,step,8,103,"[0, 1, 2, 3, 4, 5, 6, 7, 8, 9, 10, 11]","[""none"", ""moveable"", ""none"", ""none"", ""none"", ""none"", ""none"", ""moveable"", ""none"", ""none"", ""moveable"", ""none""]",0.0,0.0,True,True
discovery:n12:seed105:index:t4:immovable:k1,pre_branch,setup,0,0,"[3, 9, 2, 6, 0, 1, 5, 11, 10, 7, 8, 4]","[""none"", ""none"", ""none"", ""none"", ""none"", ""none"", ""none"", ""none"", ""none"", ""none"", ""none"", ""none""]",0.45454545454545453,0.4090909090909091,False,False
discovery:n12:seed105:index:t4:immovable:k1,pre_branch,step,1,18,"[2, 3, 6, 9, 0, 1, 5, 10, 7, 4, 11, 8]","[""none"", ""none"", ""none"", ""none"", ""none"", ""none"", ""none"", ""none"", ""none"", ""none"", ""none"", ""none""]",0.36363636363636365,0.30303030303030304,False,False
discovery:n12:seed105:index:t4:immovable:k1,pre_branch,step,2,37,"[2, 3, 6, 0, 1, 5, 7, 9, 4, 10, 8, 11]","[""none"", ""none"", ""none"", ""none"", ""none"", ""none"", ""none"", ""none"", ""none"", ""none"", ""none"", ""none""]",0.2727272727272727,0.19696969696969696,False,False
discovery:n12:seed105:index:t4:immovable:k1,pre_branch,step,3,52,"[2, 3, 0, 1, 6, 5, 7, 4, 9, 8, 10, 11]","[""none"", ""none"", ""none"", ""none"", ""none"", ""none"", ""none"", ""none"", ""none"", ""none"", ""none"", ""none""]",0.36363636363636365,0.13636363636363635,False,False
discovery:n12:seed105:index:t4:immovable:k1,pre_branch,step,4,69,"[2, 0, 1, 3, 5, 6, 4, 7, 8, 9, 10, 11]","[""none"", ""none"", ""none"", ""none"", ""none"", ""none"", ""none"", ""none"", ""none"", ""none"", ""none"", ""none""]",0.18181818181818182,0.06060606060606061,False,False
discovery:n12:seed105:index:t4:immovable:k1,post_branch,freeze-immovable,4,69,"[2, 0, 1, 3, 5, 6, 4, 7, 8, 9, 10, 11]","[""none"", ""none"", ""none"", ""none"", ""none"", ""none"", ""none"", ""none"", ""none"", ""none"", ""none"", ""immovable""]",0.18181818181818182,0.06060606060606061,False,False
discovery:n12:seed105:index:t4:immovable:k1,post_branch,step,5,82,"[0, 2, 1, 3, 5, 4, 6, 7, 8, 9, 10, 11]","[""none"", ""none"", ""none"", ""none"", ""none"", ""none"", ""none"", ""none"", ""none"", ""none"", ""none"", ""immovable""]",0.18181818181818182,0.030303030303030304,False,False
discovery:n12:seed105:index:t4:immovable:k1,post_branch,step,6,95,"[0, 1, 2, 3, 4, 5, 6, 7, 8, 9, 10, 11]","[""none"", ""none"", ""none"", ""none"", ""none"", ""none"", ""none"", ""none"", ""none"", ""none"", ""none"", ""immovable""]",0.0,0.0,True,True
discovery:n12:seed105:index:t4:immovable:k2,pre_branch,setup,0,0,"[3, 9, 2, 6, 0, 1, 5, 11, 10, 7, 8, 4]","[""none"", ""none"", ""none"", ""none"", ""none"", ""none"", ""none"", ""none"", ""none"", ""none"", ""none"", ""none""]",0.45454545454545453,0.4090909090909091,False,False
discovery:n12:seed105:index:t4:immovable:k2,pre_branch,step,1,18,"[2, 3, 6, 9, 0, 1, 5, 10, 7, 4, 11, 8]","[""none"", ""none"", ""none"", ""none"", ""none"", ""none"", ""none"", ""none"", ""none"", ""none"", ""none"", ""none""]",0.36363636363636365,0.30303030303030304,False,False
discovery:n12:seed105:index:t4:immovable:k2,pre_branch,step,2,37,"[2, 3, 6, 0, 1, 5, 7, 9, 4, 10, 8, 11]","[""none"", ""none"", ""none"", ""none"", ""none"", ""none"", ""none"", ""none"", ""none"", ""none"", ""none"", ""none""]",0.2727272727272727,0.19696969696969696,False,False
discovery:n12:seed105:index:t4:immovable:k2,pre_branch,step,3,52,"[2, 3, 0, 1, 6, 5, 7, 4, 9, 8, 10, 11]","[""none"", ""none"", ""none"", ""none"", ""none"", ""none"", ""none"", ""none"", ""none"", ""none"", ""none"", ""none""]",0.36363636363636365,0.13636363636363635,False,False
discovery:n12:seed105:index:t4:immovable:k2,pre_branch,step,4,69,"[2, 0, 1, 3, 5, 6, 4, 7, 8, 9, 10, 11]","[""none"", ""none"", ""none"", ""none"", ""none"", ""none"", ""none"", ""none"", ""none"", ""none"", ""none"", ""none""]",0.18181818181818182,0.06060606060606061,False,False
discovery:n12:seed105:index:t4:immovable:k2,post_branch,freeze-immovable,4,69,"[2, 0, 1, 3, 5, 6, 4, 7, 8, 9, 10, 11]","[""none"", ""none"", ""none"", ""none"", ""none"", ""none"", ""immovable"", ""none"", ""immovable"", ""none"", ""none"", ""none""]",0.18181818181818182,0.06060606060606061,False,False
discovery:n12:seed105:index:t4:immovable:k2,post_branch,step,5,80,"[0, 2, 1, 3, 5, 6, 4, 7, 8, 9, 10, 11]","[""none"", ""none"", ""none"", ""none"", ""none"", ""none"", ""immovable"", ""none"", ""immovable"", ""none"", ""none"", ""none""]",0.18181818181818182,0.045454545454545456,False,False
discovery:n12:seed105:index:t4:immovable:k2,post_branch,step,6,90,"[0, 1, 2, 3, 5, 6, 4, 7, 8, 9, 10, 11]","[""none"", ""none"", ""none"", ""none"", ""none"", ""none"", ""immovable"", ""none"", ""immovable"", ""none"", ""none"", ""none""]",0.09090909090909091,0.030303030303030304,False,True
discovery:n12:seed105:index:t4:immovable:k3,pre_branch,setup,0,0,"[3, 9, 2, 6, 0, 1, 5, 11, 10, 7, 8, 4]","[""none"", ""none"", ""none"", ""none"", ""none"", ""none"", ""none"", ""none"", ""none"", ""none"", ""none"", ""none""]",0.45454545454545453,0.4090909090909091,False,False
discovery:n12:seed105:index:t4:immovable:k3,pre_branch,step,1,18,"[2, 3, 6, 9, 0, 1, 5, 10, 7, 4, 11, 8]","[""none"", ""none"", ""none"", ""none"", ""none"", ""none"", ""none"", ""none"", ""none"", ""none"", ""none"", ""none""]",0.36363636363636365,0.30303030303030304,False,False
discovery:n12:seed105:index:t4:immovable:k3,pre_branch,step,2,37,"[2, 3, 6, 0, 1, 5, 7, 9, 4, 10, 8, 11]","[""none"", ""none"", ""none"", ""none"", ""none"", ""none"", ""none"", ""none"", ""none"", ""none"", ""none"", ""none""]",0.2727272727272727,0.19696969696969696,False,False
discovery:n12:seed105:index:t4:immovable:k3,pre_branch,step,3,52,"[2, 3, 0, 1, 6, 5, 7, 4, 9, 8, 10, 11]","[""none"", ""none"", ""none"", ""none"", ""none"", ""none"", ""none"", ""none"", ""none"", ""none"", ""none"", ""none""]",0.36363636363636365,0.13636363636363635,False,False
discovery:n12:seed105:index:t4:immovable:k3,pre_branch,step,4,69,"[2, 0, 1, 3, 5, 6, 4, 7, 8, 9, 10, 11]","[""none"", ""none"", ""none"", ""none"", ""none"", ""none"", ""none"", ""none"", ""none"", ""none"", ""none"", ""none""]",0.18181818181818182,0.06060606060606061,False,False
discovery:n12:seed105:index:t4:immovable:k3,post_branch,freeze-immovable,4,69,"[2, 0, 1, 3, 5, 6, 4, 7, 8, 9, 10, 11]","[""none"", ""none"", ""immovable"", ""none"", ""none"", ""none"", ""none"", ""immovable"", ""none"", ""none"", ""immovable"", ""none""]",0.18181818181818182,0.06060606060606061,False,False
discovery:n12:seed105:index:t4:immovable:k3,post_branch,step,5,80,"[0, 2, 1, 3, 5, 4, 6, 7, 8, 9, 10, 11]","[""none"", ""none"", ""immovable"", ""none"", ""none"", ""none"", ""none"", ""immovable"", ""none"", ""none"", ""immovable"", ""none""]",0.18181818181818182,0.030303030303030304,False,False
discovery:n12:seed105:index:t4:immovable:k3,post_branch,step,6,88,"[0, 2, 1, 3, 4, 5, 6, 7, 8, 9, 10, 11]","[""none"", ""none"", ""immovable"", ""none"", ""none"", ""none"", ""none"", ""immovable"", ""none"", ""none"", ""immovable"", ""none""]",0.09090909090909091,0.015151515151515152,False,True
discovery:n12:seed105:shuffled:t0:moveable:k1,pre_branch,setup,0,0,"[3, 9, 2, 6, 0, 1, 5, 11, 10, 7, 8, 4]","[""none"", ""none"", ""none"", ""none"", ""none"", ""none"", ""none"", ""none"", ""none"", ""none"", ""none"", ""none""]",0.45454545454545453,0.4090909090909091,False,False
discovery:n12:seed105:shuffled:t0:moveable:k1,post_branch,freeze-moveable,0,0,"[3, 9, 2, 6, 0, 1, 5, 11, 10, 7, 8, 4]","[""none"", ""none"", ""moveable"", ""none"", ""none"", ""none"", ""none"", ""none"", ""none"", ""none"", ""none"", ""none""]",0.45454545454545453,0.4090909090909091,False,False
discovery:n12:seed105:shuffled:t0:moveable:k1,post_branch,step,1,14,"[3, 9, 2, 0, 6, 1, 5, 10, 11, 4, 7, 8]","[""none"", ""none"", ""moveable"", ""none"", ""none"", ""none"", ""none"", ""none"", ""none"", ""none"", ""none"", ""none""]",0.36363636363636365,0.3484848484848485,False,False
discovery:n12:seed105:shuffled:t0:moveable:k1,post_branch,step,2,29,"[3, 9, 0, 2, 1, 6, 5, 10, 4, 7, 8, 11]","[""none"", ""none"", ""none"", ""moveable"", ""none"", ""none"", ""none"", ""none"", ""none"", ""none"", ""none"", ""none""]",0.36363636363636365,0.2727272727272727,False,False
discovery:n12:seed105:shuffled:t0:moveable:k1,post_branch,step,3,45,"[0, 3, 9, 2, 1, 5, 6, 4, 7, 10, 8, 11]","[""none"", ""none"", ""none"", ""moveable"", ""none"", ""none"", ""none"", ""none"", ""none"", ""none"", ""none"", ""none""]",0.36363636363636365,0.19696969696969696,False,False
discovery:n12:seed105:shuffled:t0:moveable:k1,post_branch,step,4,58,"[0, 1, 3, 9, 2, 5, 6, 4, 7, 10, 8, 11]","[""none"", ""none"", ""none"", ""none"", ""moveable"", ""none"", ""none"", ""none"", ""none"", ""none"", ""none"", ""none""]",0.2727272727272727,0.15151515151515152,False,False
discovery:n12:seed105:shuffled:t0:moveable:k1,post_branch,step,5,72,"[0, 1, 3, 2, 5, 9, 4, 6, 7, 8, 10, 11]","[""none"", ""none"", ""none"", ""moveable"", ""none"", ""none"", ""none"", ""none"", ""none"", ""none"", ""none"", ""none""]",0.18181818181818182,0.09090909090909091,False,False
discovery:n12:seed105:shuffled:t0:moveable:k1,post_branch,step,6,85,"[0, 1, 2, 3, 5, 4, 9, 6, 7, 8, 10, 11]","[""none"", ""none"", ""moveable"", ""none"", ""none"", ""none"", ""none"", ""none"", ""none"", ""none"", ""none"", ""none""]",0.18181818181818182,0.06060606060606061,False,False
discovery:n12:seed105:shuffled:t0:moveable:k1,post_branch,step,7,97,"[0, 1, 2, 3, 4, 5, 9, 6, 7, 8, 10, 11]","[""none"", ""none"", ""moveable"", ""none"", ""none"", ""none"", ""none"", ""none"", ""none"", ""none"", ""none"", ""none""]",0.09090909090909091,0.045454545454545456,False,False
discovery:n12:seed105:shuffled:t0:moveable:k1,post_branch,step,8,107,"[0, 1, 2, 3, 4, 5, 6, 9, 7, 8, 10, 11]","[""none"", ""none"", ""moveable"", ""none"", ""none"", ""none"", ""none"", ""none"", ""none"", ""none"", ""none"", ""none""]",0.09090909090909091,0.030303030303030304,False,False
discovery:n12:seed105:shuffled:t0:moveable:k1,post_branch,step,9,118,"[0, 1, 2, 3, 4, 5, 6, 7, 8, 9, 10, 11]","[""none"", ""none"", ""moveable"", ""none"", ""none"", ""none"", ""none"", ""none"", ""none"", ""none"", ""none"", ""none""]",0.0,0.0,True,True
discovery:n12:seed105:shuffled:t0:moveable:k2,pre_branch,setup,0,0,"[3, 9, 2, 6, 0, 1, 5, 11, 10, 7, 8, 4]","[""none"", ""none"", ""none"", ""none"", ""none"", ""none"", ""none"", ""none"", ""none"", ""none"", ""none"", ""none""]",0.45454545454545453,0.4090909090909091,False,False
discovery:n12:seed105:shuffled:t0:moveable:k2,post_branch,freeze-moveable,0,0,"[3, 9, 2, 6, 0, 1, 5, 11, 10, 7, 8, 4]","[""none"", ""none"", ""moveable"", ""none"", ""none"", ""none"", ""none"", ""none"", ""none"", ""none"", ""none"", ""moveable""]",0.45454545454545453,0.4090909090909091,False,False
discovery:n12:seed105:shuffled:t0:moveable:k2,post_branch,step,1,14,"[3, 9, 2, 0, 1, 6, 5, 10, 11, 4, 7, 8]","[""none"", ""none"", ""moveable"", ""none"", ""none"", ""none"", ""none"", ""none"", ""none"", ""moveable"", ""none"", ""none""]",0.36363636363636365,0.3333333333333333,False,False
discovery:n12:seed105:shuffled:t0:moveable:k2,post_branch,step,2,28,"[3, 9, 0, 2, 1, 5, 6, 10, 4, 7, 8, 11]","[""none"", ""none"", ""none"", ""moveable"", ""none"", ""none"", ""none"", ""none"", ""moveable"", ""none"", ""none"", ""none""]",0.2727272727272727,0.25757575757575757,False,False
discovery:n12:seed105:shuffled:t0:moveable:k2,post_branch,step,3,40,"[3, 0, 9, 1, 2, 5, 6, 10, 4, 7, 8, 11]","[""none"", ""none"", ""none"", ""none"", ""moveable"", ""none"", ""none"", ""none"", ""moveable"", ""none"", ""none"", ""none""]",0.2727272727272727,0.22727272727272727,False,False
discovery:n12:seed105:shuffled:t0:moveable:k2,post_branch,step,4,51,"[0, 3, 1, 9, 2, 5, 6, 10, 4, 7, 8, 11]","[""none"", ""none"", ""none"", ""none"", ""moveable"", ""none"", ""none"", ""none"", ""moveable"", ""none"", ""none"", ""none""]",0.2727272727272727,0.19696969696969696,False,False
discovery:n12:seed105:shuffled:t0:moveable:k2,post_branch,step,5,62,"[0, 1, 3, 9, 2, 5, 6, 4, 10, 7, 8, 11]","[""none"", ""none"", ""none"", ""none"", ""moveable"", ""none"", ""none"", ""moveable"", ""none"", ""none"", ""none"", ""none""]",0.2727272727272727,0.16666666666666666,False,False
discovery:n12:seed105:shuffled:t0:moveable:k2,post_branch,step,6,77,"[0, 1, 2, 3, 5, 6, 9, 4, 7, 10, 8, 11]","[""none"", ""none"", ""moveable"", ""none"", ""none"", ""none"", ""none"", ""moveable"", ""none"", ""none"", ""none"", ""none""]",0.18181818181818182,0.09090909090909091,False,False
discovery:n12:seed105:shuffled:t0:moveable:k2,post_branch,step,7,90,"[0, 1, 2, 3, 5, 4, 6, 9, 7, 8, 10, 11]","[""none"", ""none"", ""moveable"", ""none"", ""none"", ""moveable"", ""none"", ""none"", ""none"", ""none"", ""none"", ""none""]",0.18181818181818182,0.045454545454545456,False,False
discovery:n12:seed105:shuffled:t0:moveable:k2,post_branch,step,8,101,"[0, 1, 2, 3, 5, 4, 6, 7, 9, 8, 10, 11]","[""none"", ""none"", ""moveable"", ""none"", ""none"", ""moveable"", ""none"", ""none"", ""none"", ""none"", ""none"", ""none""]",0.18181818181818182,0.030303030303030304,False,False
discovery:n12:seed105:shuffled:t0:moveable:k2,post_branch,step,9,112,"[0, 1, 2, 3, 5, 4, 6, 7, 8, 9, 10, 11]","[""none"", ""none"", ""moveable"", ""none"", ""none"", ""moveable"", ""none"", ""none"", ""none"", ""none"", ""none"", ""none""]",0.09090909090909091,0.015151515151515152,False,False
discovery:n12:seed105:shuffled:t0:moveable:k2,post_branch,step,10,123,"[0, 1, 2, 3, 4, 5, 6, 7, 8, 9, 10, 11]","[""none"", ""none"", ""moveable"", ""none"", ""moveable"", ""none"", ""none"", ""none"", ""none"", ""none"", ""none"", ""none""]",0.0,0.0,True,True
discovery:n12:seed105:shuffled:t0:moveable:k3,pre_branch,setup,0,0,"[3, 9, 2, 6, 0, 1, 5, 11, 10, 7, 8, 4]","[""none"", ""none"", ""none"", ""none"", ""none"", ""none"", ""none"", ""none"", ""none"", ""none"", ""none"", ""none""]",0.45454545454545453,0.4090909090909091,False,False
discovery:n12:seed105:shuffled:t0:moveable:k3,post_branch,freeze-moveable,0,0,"[3, 9, 2, 6, 0, 1, 5, 11, 10, 7, 8, 4]","[""none"", ""none"", ""none"", ""none"", ""none"", ""none"", ""moveable"", ""none"", ""none"", ""none"", ""moveable"", ""moveable""]",0.45454545454545453,0.4090909090909091,False,False
discovery:n12:seed105:shuffled:t0:moveable:k3,post_branch,step,1,10,"[3, 9, 2, 6, 0, 1, 5, 10, 7, 11, 8, 4]","[""none"", ""none"", ""none"", ""none"", ""none"", ""none"", ""moveable"", ""none"", ""none"", ""none"", ""moveable"", ""moveable""]",0.45454545454545453,0.3787878787878788,False,False
discovery:n12:seed105:shuffled:t0:moveable:k3,post_branch,step,2,22,"[3, 2, 9, 0, 6, 1, 5, 7, 10, 11, 8, 4]","[""none"", ""none"", ""none"", ""none"", ""none"", ""none"", ""moveable"", ""none"", ""none"", ""none"", ""moveable"", ""moveable""]",0.45454545454545453,0.3333333333333333,False,False
discovery:n12:seed105:shuffled:t0:moveable:k3,post_branch,step,3,34,"[2, 3, 0, 9, 1, 6, 5, 7, 10, 8, 11, 4]","[""none"", ""none"", ""none"", ""none"", ""none"", ""none"", ""moveable"", ""none"", ""none"", ""moveable"", ""none"", ""moveable""]",0.45454545454545453,0.2727272727272727,False,False
discovery:n12:seed105:shuffled:t0:moveable:k3,post_branch,step,4,46,"[2, 0, 1, 3, 9, 5, 6, 7, 10, 8, 11, 4]","[""none"", ""none"", ""none"", ""none"", ""none"", ""moveable"", ""none"", ""none"", ""none"", ""moveable"", ""none"", ""moveable""]",0.36363636363636365,0.21212121212121213,False,False
discovery:n12:seed105:shuffled:t0:moveable:k3,post_branch,step,5,54,"[2, 0, 1, 3, 9, 5, 6, 7, 10, 8, 11, 4]","[""none"", ""none"", ""none"", ""none"", ""none"", ""moveable"", ""none"", ""none"", ""none"", ""moveable"", ""none"", ""moveable""]",0.36363636363636365,0.21212121212121213,False,False
discovery:n12:seed105:shuffled:t0:moveable:k3,post_branch,step,6,64,"[0, 2, 1, 3, 9, 5, 6, 7, 10, 8, 11, 4]","[""none"", ""none"", ""none"", ""none"", ""none"", ""moveable"", ""none"", ""none"", ""none"", ""moveable"", ""none"", ""moveable""]",0.36363636363636365,0.19696969696969696,False,False
discovery:n12:seed105:shuffled:t0:moveable:k3,post_branch,step,7,74,"[0, 2, 1, 3, 9, 5, 6, 7, 8, 10, 11, 4]","[""none"", ""none"", ""none"", ""none"", ""none"", ""moveable"", ""none"", ""none"", ""moveable"", ""none"", ""none"", ""moveable""]",0.2727272727272727,0.18181818181818182,False,False
discovery:n12:seed105:shuffled:t0:moveable:k3,post_branch,step,8,86,"[0, 1, 2, 3, 5, 9, 6, 7, 8, 10, 4, 11]","[""none"", ""none"", ""none"", ""none"", ""moveable"", ""none"", ""none"", ""none"", ""moveable"", ""none"", ""moveable"", ""none""]",0.18181818181818182,0.13636363636363635,False,False
discovery:n12:seed105:shuffled:t0:moveable:k3,post_branch,step,9,96,"[0, 1, 2, 3, 5, 6, 7, 9, 8, 10, 4, 11]","[""none"", ""none"", ""none"", ""none"", ""moveable"", ""none"", ""none"", ""none"", ""moveable"", ""none"", ""moveable"", ""none""]",0.18181818181818182,0.10606060606060606,False,False
discovery:n12:seed105:shuffled:t0:moveable:k3,post_branch,step,10,105,"[0, 1, 2, 3, 5, 6, 7, 8, 9, 10, 4, 11]","[""none"", ""none"", ""none"", ""none"", ""moveable"", ""none"", ""none"", ""moveable"", ""none"", ""none"", ""moveable"", ""none""]",0.09090909090909091,0.09090909090909091,False,False
discovery:n12:seed105:shuffled:t0:moveable:k3,post_branch,step,11,113,"[0, 1, 2, 3, 5, 6, 7, 8, 9, 10, 4, 11]","[""none"", ""none"", ""none"", ""none"", ""moveable"", ""none"", ""none"", ""moveable"", ""none"", ""none"", ""moveable"", ""none""]",0.09090909090909091,0.09090909090909091,False,False
discovery:n12:seed105:shuffled:t0:moveable:k3,post_branch,step,12,121,"[0, 1, 2, 3, 5, 6, 7, 8, 9, 4, 10, 11]","[""none"", ""none"", ""none"", ""none"", ""moveable"", ""none"", ""none"", ""moveable"", ""none"", ""moveable"", ""none"", ""none""]",0.09090909090909091,0.07575757575757576,False,False
discovery:n12:seed105:shuffled:t0:moveable:k3,post_branch,step,13,131,"[0, 1, 2, 3, 5, 6, 7, 8, 4, 9, 10, 11]","[""none"", ""none"", ""none"", ""none"", ""moveable"", ""none"", ""none"", ""moveable"", ""moveable"", ""none"", ""none"", ""none""]",0.09090909090909091,0.06060606060606061,False,True
discovery:n12:seed105:shuffled:t0:immovable:k1,pre_branch,setup,0,0,"[3, 9, 2, 6, 0, 1, 5, 11, 10, 7, 8, 4]","[""none"", ""none"", ""none"", ""none"", ""none"", ""none"", ""none"", ""none"", ""none"", ""none"", ""none"", ""none""]",0.45454545454545453,0.4090909090909091,False,False
discovery:n12:seed105:shuffled:t0:immovable:k1,post_branch,freeze-immovable,0,0,"[3, 9, 2, 6, 0, 1, 5, 11, 10, 7, 8, 4]","[""none"", ""none"", ""immovable"", ""none"", ""none"", ""none"", ""none"", ""none"", ""none"", ""none"", ""none"", ""none""]",0.45454545454545453,0.4090909090909091,False,False
discovery:n12:seed105:shuffled:t0:immovable:k1,post_branch,step,1,14,"[3, 9, 2, 0, 6, 1, 5, 10, 11, 4, 7, 8]","[""none"", ""none"", ""immovable"", ""none"", ""none"", ""none"", ""none"", ""none"", ""none"", ""none"", ""none"", ""none""]",0.36363636363636365,0.3484848484848485,False,False
discovery:n12:seed105:shuffled:t0:immovable:k1,post_branch,step,2,28,"[3, 9, 2, 0, 1, 6, 5, 10, 4, 7, 8, 11]","[""none"", ""none"", ""immovable"", ""none"", ""none"", ""none"", ""none"", ""none"", ""none"", ""none"", ""none"", ""none""]",0.36363636363636365,0.2878787878787879,False,False
discovery:n12:seed105:shuffled:t0:immovable:k1,post_branch,step,3,42,"[3, 9, 2, 0, 1, 5, 6, 4, 7, 10, 8, 11]","[""none"", ""none"", ""immovable"", ""none"", ""none"", ""none"", ""none"", ""none"", ""none"", ""none"", ""none"", ""none""]",0.36363636363636365,0.24242424242424243,False,False
discovery:n12:seed105:shuffled:t0:immovable:k1,post_branch,step,4,52,"[3, 9, 2, 0, 1, 5, 6, 4, 7, 10, 8, 11]","[""none"", ""none"", ""immovable"", ""none"", ""none"", ""none"", ""none"", ""none"", ""none"", ""none"", ""none"", ""none""]",0.36363636363636365,0.24242424242424243,False,False
discovery:n12:seed105:shuffled:t0:immovable:k1,post_branch,step,5,64,"[3, 9, 2, 0, 1, 5, 4, 6, 7, 8, 10, 11]","[""none"", ""none"", ""immovable"", ""none"", ""none"", ""none"", ""none"", ""none"", ""none"", ""none"", ""none"", ""none""]",0.2727272727272727,0.21212121212121213,False,False
discovery:n12:seed105:shuffled:t0:immovable:k1,post_branch,step,6,75,"[3, 9, 2, 0, 1, 5, 4, 6, 7, 8, 10, 11]","[""none"", ""none"", ""immovable"", ""none"", ""none"", ""none"", ""none"", ""none"", ""none"", ""none"", ""none"", ""none""]",0.2727272727272727,0.21212121212121213,False,False
discovery:n12:seed105:shuffled:t0:immovable:k1,post_branch,step,7,86,"[3, 9, 2, 0, 1, 4, 5, 6, 7, 8, 10, 11]","[""none"", ""none"", ""immovable"", ""none"", ""none"", ""none"", ""none"", ""none"", ""none"", ""none"", ""none"", ""none""]",0.18181818181818182,0.19696969696969696,False,True
discovery:n12:seed105:shuffled:t0:immovable:k2,pre_branch,setup,0,0,"[3, 9, 2, 6, 0, 1, 5, 11, 10, 7, 8, 4]","[""none"", ""none"", ""none"", ""none"", ""none"", ""none"", ""none"", ""none"", ""none"", ""none"", ""none"", ""none""]",0.45454545454545453,0.4090909090909091,False,False
discovery:n12:seed105:shuffled:t0:immovable:k2,post_branch,freeze-immovable,0,0,"[3, 9, 2, 6, 0, 1, 5, 11, 10, 7, 8, 4]","[""none"", ""none"", ""immovable"", ""none"", ""none"", ""none"", ""none"", ""none"", ""none"", ""none"", ""none"", ""immovable""]",0.45454545454545453,0.4090909090909091,False,False
discovery:n12:seed105:shuffled:t0:immovable:k2,post_branch,step,1,12,"[3, 9, 2, 0, 1, 6, 5, 10, 11, 7, 8, 4]","[""none"", ""none"", ""immovable"", ""none"", ""none"", ""none"", ""none"", ""none"", ""none"", ""none"", ""none"", ""immovable""]",0.45454545454545453,0.36363636363636365,False,False
discovery:n12:seed105:shuffled:t0:immovable:k2,post_branch,step,2,25,"[3, 9, 2, 0, 1, 5, 6, 7, 10, 8, 11, 4]","[""none"", ""none"", ""immovable"", ""none"", ""none"", ""none"", ""none"", ""none"", ""none"", ""none"", ""none"", ""immovable""]",0.36363636363636365,0.30303030303030304,False,False
discovery:n12:seed105:shuffled:t0:immovable:k2,post_branch,step,3,36,"[3, 9, 2, 0, 1, 5, 6, 7, 8, 10, 11, 4]","[""none"", ""none"", ""immovable"", ""none"", ""none"", ""none"", ""none"", ""none"", ""none"", ""none"", ""none"", ""immovable""]",0.2727272727272727,0.2878787878787879,False,True
discovery:n12:seed105:shuffled:t0:immovable:k3,pre_branch,setup,0,0,"[3, 9, 2, 6, 0, 1, 5, 11, 10, 7, 8, 4]","[""none"", ""none"", ""none"", ""none"", ""none"", ""none"", ""none"", ""none"", ""none"", ""none"", ""none"", ""none""]",0.45454545454545453,0.4090909090909091,False,False
discovery:n12:seed105:shuffled:t0:immovable:k3,post_branch,freeze-immovable,0,0,"[3, 9, 2, 6, 0, 1, 5, 11, 10, 7, 8, 4]","[""none"", ""none"", ""none"", ""none"", ""none"", ""none"", ""immovable"", ""none"", ""none"", ""none"", ""immovable"", ""immovable""]",0.45454545454545453,0.4090909090909091,False,False
discovery:n12:seed105:shuffled:t0:immovable:k3,post_branch,step,1,10,"[3, 9, 2, 6, 0, 1, 5, 10, 7, 11, 8, 4]","[""none"", ""none"", ""none"", ""none"", ""none"", ""none"", ""immovable"", ""none"", ""none"", ""none"", ""immovable"", ""immovable""]",0.45454545454545453,0.3787878787878788,False,False
discovery:n12:seed105:shuffled:t0:immovable:k3,post_branch,step,2,22,"[3, 2, 9, 0, 6, 1, 5, 7, 10, 11, 8, 4]","[""none"", ""none"", ""none"", ""none"", ""none"", ""none"", ""immovable"", ""none"", ""none"", ""none"", ""immovable"", ""immovable""]",0.45454545454545453,0.3333333333333333,False,False
discovery:n12:seed105:shuffled:t0:immovable:k3,post_branch,step,3,33,"[2, 3, 0, 9, 1, 6, 5, 7, 10, 11, 8, 4]","[""none"", ""none"", ""none"", ""none"", ""none"", ""none"", ""immovable"", ""none"", ""none"", ""none"", ""immovable"", ""immovable""]",0.45454545454545453,0.2878787878787879,False,False
discovery:n12:seed105:shuffled:t0:immovable:k3,post_branch,step,4,44,"[2, 0, 1, 3, 9, 6, 5, 7, 10, 11, 8, 4]","[""none"", ""none"", ""none"", ""none"", ""none"", ""none"", ""immovable"", ""none"", ""none"", ""none"", ""immovable"", ""immovable""]",0.45454545454545453,0.24242424242424243,False,False
discovery:n12:seed105:shuffled:t0:immovable:k3,post_branch,step,5,53,"[2, 0, 1, 3, 6, 9, 5, 7, 10, 11, 8, 4]","[""none"", ""none"", ""none"", ""none"", ""none"", ""none"", ""immovable"", ""none"", ""none"", ""none"", ""immovable"", ""immovable""]",0.36363636363636365,0.22727272727272727,False,False
discovery:n12:seed105:shuffled:t0:immovable:k3,post_branch,step,6,63,"[0, 2, 1, 3, 6, 9, 5, 7, 10, 11, 8, 4]","[""none"", ""none"", ""none"", ""none"", ""none"", ""none"", ""immovable"", ""none"", ""none"", ""none"", ""immovable"", ""immovable""]",0.36363636363636365,0.21212121212121213,False,False
discovery:n12:seed105:shuffled:t0:immovable:k3,post_branch,step,7,72,"[0, 2, 1, 3, 6, 9, 5, 7, 10, 11, 8, 4]","[""none"", ""none"", ""none"", ""none"", ""none"", ""none"", ""immovable"", ""none"", ""none"", ""none"", ""immovable"", ""immovable""]",0.36363636363636365,0.21212121212121213,False,False
discovery:n12:seed105:shuffled:t0:immovable:k3,post_branch,step,8,82,"[0, 1, 2, 3, 6, 9, 5, 7, 10, 11, 8, 4]","[""none"", ""none"", ""none"", ""none"", ""none"", ""none"", ""immovable"", ""none"", ""none"", ""none"", ""immovable"", ""immovable""]",0.2727272727272727,0.19696969696969696,False,True
discovery:n12:seed105:shuffled:t4:moveable:k1,pre_branch,setup,0,0,"[3, 9, 2, 6, 0, 1, 5, 11, 10, 7, 8, 4]","[""none"", ""none"", ""none"", ""none"", ""none"", ""none"", ""none"", ""none"", ""none"", ""none"", ""none"", ""none""]",0.45454545454545453,0.4090909090909091,False,False
discovery:n12:seed105:shuffled:t4:moveable:k1,pre_branch,step,1,17,"[3, 2, 9, 0, 1, 6, 5, 10, 7, 11, 4, 8]","[""none"", ""none"", ""none"", ""none"", ""none"", ""none"", ""none"", ""none"", ""none"", ""none"", ""none"", ""none""]",0.45454545454545453,0.3181818181818182,False,False
discovery:n12:seed105:shuffled:t4:moveable:k1,pre_branch,step,2,32,"[2, 3, 0, 9, 1, 6, 5, 7, 10, 4, 11, 8]","[""none"", ""none"", ""none"", ""none"", ""none"", ""none"", ""none"", ""none"", ""none"", ""none"", ""none"", ""none""]",0.45454545454545453,0.25757575757575757,False,False
discovery:n12:seed105:shuffled:t4:moveable:k1,pre_branch,step,3,51,"[0, 2, 3, 1, 5, 9, 6, 7, 4, 10, 8, 11]","[""none"", ""none"", ""none"", ""none"", ""none"", ""none"", ""none"", ""none"", ""none"", ""none"", ""none"", ""none""]",0.36363636363636365,0.15151515151515152,False,False
discovery:n12:seed105:shuffled:t4:moveable:k1,pre_branch,step,4,67,"[0, 2, 1, 3, 5, 9, 4, 6, 7, 8, 10, 11]","[""none"", ""none"", ""none"", ""none"", ""none"", ""none"", ""none"", ""none"", ""none"", ""none"", ""none"", ""none""]",0.18181818181818182,0.09090909090909091,False,False
discovery:n12:seed105:shuffled:t4:moveable:k1,post_branch,freeze-moveable,4,67,"[0, 2, 1, 3, 5, 9, 4, 6, 7, 8, 10, 11]","[""none"", ""none"", ""none"", ""none"", ""none"", ""none"", ""none"", ""none"", ""none"", ""none"", ""none"", ""moveable""]",0.18181818181818182,0.09090909090909091,False,False
discovery:n12:seed105:shuffled:t4:moveable:k1,post_branch,step,5,80,"[0, 1, 2, 3, 5, 4, 9, 6, 7, 8, 10, 11]","[""none"", ""none"", ""none"", ""none"", ""none"", ""none"", ""none"", ""none"", ""none"", ""none"", ""none"", ""moveable""]",0.18181818181818182,0.06060606060606061,False,False
discovery:n12:seed105:shuffled:t4:moveable:k1,post_branch,step,6,94,"[0, 1, 2, 3, 4, 5, 6, 7, 9, 8, 10, 11]","[""none"", ""none"", ""none"", ""none"", ""none"", ""none"", ""none"", ""none"", ""none"", ""none"", ""none"", ""moveable""]",0.09090909090909091,0.015151515151515152,False,False
discovery:n12:seed105:shuffled:t4:moveable:k1,post_branch,step,7,106,"[0, 1, 2, 3, 4, 5, 6, 7, 8, 9, 10, 11]","[""none"", ""none"", ""none"", ""none"", ""none"", ""none"", ""none"", ""none"", ""none"", ""none"", ""none"", ""moveable""]",0.0,0.0,True,True
discovery:n12:seed105:shuffled:t4:moveable:k2,pre_branch,setup,0,0,"[3, 9, 2, 6, 0, 1, 5, 11, 10, 7, 8, 4]","[""none"", ""none"", ""none"", ""none"", ""none"", ""none"", ""none"", ""none"", ""none"", ""none"", ""none"", ""none""]",0.45454545454545453,0.4090909090909091,False,False
discovery:n12:seed105:shuffled:t4:moveable:k2,pre_branch,step,1,17,"[3, 2, 9, 0, 1, 6, 5, 10, 7, 11, 4, 8]","[""none"", ""none"", ""none"", ""none"", ""none"", ""none"", ""none"", ""none"", ""none"", ""none"", ""none"", ""none""]",0.45454545454545453,0.3181818181818182,False,False
discovery:n12:seed105:shuffled:t4:moveable:k2,pre_branch,step,2,32,"[2, 3, 0, 9, 1, 6, 5, 7, 10, 4, 11, 8]","[""none"", ""none"", ""none"", ""none"", ""none"", ""none"", ""none"", ""none"", ""none"", ""none"", ""none"", ""none""]",0.45454545454545453,0.25757575757575757,False,False
discovery:n12:seed105:shuffled:t4:moveable:k2,pre_branch,step,3,51,"[0, 2, 3, 1, 5, 9, 6, 7, 4, 10, 8, 11]","[""none"", ""none"", ""none"", ""none"", ""none"", ""none"", ""none"", ""none"", ""none"", ""none"", ""none"", ""none""]",0.36363636363636365,0.15151515151515152,False,False
discovery:n12:seed105:shuffled:t4:moveable:k2,pre_branch,step,4,67,"[0, 2, 1, 3, 5, 9, 4, 6, 7, 8, 10, 11]","[""none"", ""none"", ""none"", ""none"", ""none"", ""none"", ""none"", ""none"", ""none"", ""none"", ""none"", ""none""]",0.18181818181818182,0.09090909090909091,False,False
discovery:n12:seed105:shuffled:t4:moveable:k2,post_branch,freeze-moveable,4,67,"[0, 2, 1, 3, 5, 9, 4, 6, 7, 8, 10, 11]","[""none"", ""none"", ""none"", ""none"", ""none"", ""none"", ""moveable"", ""none"", ""moveable"", ""none"", ""none"", ""none""]",0.18181818181818182,0.09090909090909091,False,False
discovery:n12:seed105:shuffled:t4:moveable:k2,post_branch,step,5,78,"[0, 1, 2, 3, 5, 9, 4, 6, 7, 8, 10, 11]","[""none"", ""none"", ""none"", ""none"", ""none"", ""none"", ""moveable"", ""none"", ""moveable"", ""none"", ""none"", ""none""]",0.09090909090909091,0.07575757575757576,False,False
discovery:n12:seed105:shuffled:t4:moveable:k2,post_branch,step,6,89,"[0, 1, 2, 3, 5, 4, 6, 9, 7, 8, 10, 11]","[""none"", ""none"", ""none"", ""none"", ""none"", ""moveable"", ""none"", ""none"", ""moveable"", ""none"", ""none"", ""none""]",0.18181818181818182,0.045454545454545456,False,False
discovery:n12:seed105:shuffled:t4:moveable:k2,post_branch,step,7,100,"[0, 1, 2, 3, 4, 5, 6, 9, 7, 8, 10, 11]","[""none"", ""none"", ""none"", ""none"", ""moveable"", ""none"", ""none"", ""none"", ""moveable"", ""none"", ""none"", ""none""]",0.09090909090909091,0.030303030303030304,False,False
discovery:n12:seed105:shuffled:t4:moveable:k2,post_branch,step,8,110,"[0, 1, 2, 3, 4, 5, 6, 9, 7, 8, 10, 11]","[""none"", ""none"", ""none"", ""none"", ""moveable"", ""none"", ""none"", ""none"", ""moveable"", ""none"", ""none"", ""none""]",0.09090909090909091,0.030303030303030304,False,False
discovery:n12:seed105:shuffled:t4:moveable:k2,post_branch,step,9,119,"[0, 1, 2, 3, 4, 5, 6, 9, 7, 8, 10, 11]","[""none"", ""none"", ""none"", ""none"", ""moveable"", ""none"", ""none"", ""none"", ""moveable"", ""none"", ""none"", ""none""]",0.09090909090909091,0.030303030303030304,False,False
discovery:n12:seed105:shuffled:t4:moveable:k2,post_branch,step,10,130,"[0, 1, 2, 3, 4, 5, 6, 7, 8, 9, 10, 11]","[""none"", ""none"", ""none"", ""none"", ""moveable"", ""none"", ""none"", ""moveable"", ""none"", ""none"", ""none"", ""none""]",0.0,0.0,True,True
discovery:n12:seed105:shuffled:t4:moveable:k3,pre_branch,setup,0,0,"[3, 9, 2, 6, 0, 1, 5, 11, 10, 7, 8, 4]","[""none"", ""none"", ""none"", ""none"", ""none"", ""none"", ""none"", ""none"", ""none"", ""none"", ""none"", ""none""]",0.45454545454545453,0.4090909090909091,False,False
discovery:n12:seed105:shuffled:t4:moveable:k3,pre_branch,step,1,17,"[3, 2, 9, 0, 1, 6, 5, 10, 7, 11, 4, 8]","[""none"", ""none"", ""none"", ""none"", ""none"", ""none"", ""none"", ""none"", ""none"", ""none"", ""none"", ""none""]",0.45454545454545453,0.3181818181818182,False,False
discovery:n12:seed105:shuffled:t4:moveable:k3,pre_branch,step,2,32,"[2, 3, 0, 9, 1, 6, 5, 7, 10, 4, 11, 8]","[""none"", ""none"", ""none"", ""none"", ""none"", ""none"", ""none"", ""none"", ""none"", ""none"", ""none"", ""none""]",0.45454545454545453,0.25757575757575757,False,False
discovery:n12:seed105:shuffled:t4:moveable:k3,pre_branch,step,3,51,"[0, 2, 3, 1, 5, 9, 6, 7, 4, 10, 8, 11]","[""none"", ""none"", ""none"", ""none"", ""none"", ""none"", ""none"", ""none"", ""none"", ""none"", ""none"", ""none""]",0.36363636363636365,0.15151515151515152,False,False
discovery:n12:seed105:shuffled:t4:moveable:k3,pre_branch,step,4,67,"[0, 2, 1, 3, 5, 9, 4, 6, 7, 8, 10, 11]","[""none"", ""none"", ""none"", ""none"", ""none"", ""none"", ""none"", ""none"", ""none"", ""none"", ""none"", ""none""]",0.18181818181818182,0.09090909090909091,False,False
discovery:n12:seed105:shuffled:t4:moveable:k3,post_branch,freeze-moveable,4,67,"[0, 2, 1, 3, 5, 9, 4, 6, 7, 8, 10, 11]","[""none"", ""none"", ""moveable"", ""none"", ""none"", ""none"", ""none"", ""moveable"", ""none"", ""none"", ""moveable"", ""none""]",0.18181818181818182,0.09090909090909091,False,False
discovery:n12:seed105:shuffled:t4:moveable:k3,post_branch,step,5,78,"[0, 1, 2, 3, 5, 4, 9, 6, 7, 8, 10, 11]","[""none"", ""moveable"", ""none"", ""none"", ""none"", ""none"", ""none"", ""moveable"", ""none"", ""none"", ""moveable"", ""none""]",0.18181818181818182,0.06060606060606061,False,False
discovery:n12:seed105:shuffled:t4:moveable:k3,post_branch,step,6,90,"[0, 1, 2, 3, 4, 5, 6, 7, 9, 8, 10, 11]","[""none"", ""moveable"", ""none"", ""none"", ""none"", ""none"", ""moveable"", ""none"", ""none"", ""none"", ""moveable"", ""none""]",0.09090909090909091,0.015151515151515152,False,False
discovery:n12:seed105:shuffled:t4:moveable:k3,post_branch,step,7,100,"[0, 1, 2, 3, 4, 5, 6, 7, 8, 9, 10, 11]","[""none"", ""moveable"", ""none"", ""none"", ""none"", ""none"", ""moveable"", ""none"", ""none"", ""none"", ""moveable"", ""none""]",0.0,0.0,True,True
discovery:n12:seed105:shuffled:t4:immovable:k1,pre_branch,setup,0,0,"[3, 9, 2, 6, 0, 1, 5, 11, 10, 7, 8, 4]","[""none"", ""none"", ""none"", ""none"", ""none"", ""none"", ""none"", ""none"", ""none"", ""none"", ""none"", ""none""]",0.45454545454545453,0.4090909090909091,False,False
discovery:n12:seed105:shuffled:t4:immovable:k1,pre_branch,step,1,17,"[3, 2, 9, 0, 1, 6, 5, 10, 7, 11, 4, 8]","[""none"", ""none"", ""none"", ""none"", ""none"", ""none"", ""none"", ""none"", ""none"", ""none"", ""none"", ""none""]",0.45454545454545453,0.3181818181818182,False,False
discovery:n12:seed105:shuffled:t4:immovable:k1,pre_branch,step,2,32,"[2, 3, 0, 9, 1, 6, 5, 7, 10, 4, 11, 8]","[""none"", ""none"", ""none"", ""none"", ""none"", ""none"", ""none"", ""none"", ""none"", ""none"", ""none"", ""none""]",0.45454545454545453,0.25757575757575757,False,False
discovery:n12:seed105:shuffled:t4:immovable:k1,pre_branch,step,3,51,"[0, 2, 3, 1, 5, 9, 6, 7, 4, 10, 8, 11]","[""none"", ""none"", ""none"", ""none"", ""none"", ""none"", ""none"", ""none"", ""none"", ""none"", ""none"", ""none""]",0.36363636363636365,0.15151515151515152,False,False
discovery:n12:seed105:shuffled:t4:immovable:k1,pre_branch,step,4,67,"[0, 2, 1, 3, 5, 9, 4, 6, 7, 8, 10, 11]","[""none"", ""none"", ""none"", ""none"", ""none"", ""none"", ""none"", ""none"", ""none"", ""none"", ""none"", ""none""]",0.18181818181818182,0.09090909090909091,False,False
discovery:n12:seed105:shuffled:t4:immovable:k1,post_branch,freeze-immovable,4,67,"[0, 2, 1, 3, 5, 9, 4, 6, 7, 8, 10, 11]","[""none"", ""none"", ""none"", ""none"", ""none"", ""none"", ""none"", ""none"", ""none"", ""none"", ""none"", ""immovable""]",0.18181818181818182,0.09090909090909091,False,False
discovery:n12:seed105:shuffled:t4:immovable:k1,post_branch,step,5,80,"[0, 1, 2, 3, 5, 4, 9, 6, 7, 8, 10, 11]","[""none"", ""none"", ""none"", ""none"", ""none"", ""none"", ""none"", ""none"", ""none"", ""none"", ""none"", ""immovable""]",0.18181818181818182,0.06060606060606061,False,False
discovery:n12:seed105:shuffled:t4:immovable:k1,post_branch,step,6,94,"[0, 1, 2, 3, 4, 5, 6, 7, 9, 8, 10, 11]","[""none"", ""none"", ""none"", ""none"", ""none"", ""none"", ""none"", ""none"", ""none"", ""none"", ""none"", ""immovable""]",0.09090909090909091,0.015151515151515152,False,False
discovery:n12:seed105:shuffled:t4:immovable:k1,post_branch,step,7,106,"[0, 1, 2, 3, 4, 5, 6, 7, 8, 9, 10, 11]","[""none"", ""none"", ""none"", ""none"", ""none"", ""none"", ""none"", ""none"", ""none"", ""none"", ""none"", ""immovable""]",0.0,0.0,True,True
discovery:n12:seed105:shuffled:t4:immovable:k2,pre_branch,setup,0,0,"[3, 9, 2, 6, 0, 1, 5, 11, 10, 7, 8, 4]","[""none"", ""none"", ""none"", ""none"", ""none"", ""none"", ""none"", ""none"", ""none"", ""none"", ""none"", ""none""]",0.45454545454545453,0.4090909090909091,False,False
discovery:n12:seed105:shuffled:t4:immovable:k2,pre_branch,step,1,17,"[3, 2, 9, 0, 1, 6, 5, 10, 7, 11, 4, 8]","[""none"", ""none"", ""none"", ""none"", ""none"", ""none"", ""none"", ""none"", ""none"", ""none"", ""none"", ""none""]",0.45454545454545453,0.3181818181818182,False,False
discovery:n12:seed105:shuffled:t4:immovable:k2,pre_branch,step,2,32,"[2, 3, 0, 9, 1, 6, 5, 7, 10, 4, 11, 8]","[""none"", ""none"", ""none"", ""none"", ""none"", ""none"", ""none"", ""none"", ""none"", ""none"", ""none"", ""none""]",0.45454545454545453,0.25757575757575757,False,False
discovery:n12:seed105:shuffled:t4:immovable:k2,pre_branch,step,3,51,"[0, 2, 3, 1, 5, 9, 6, 7, 4, 10, 8, 11]","[""none"", ""none"", ""none"", ""none"", ""none"", ""none"", ""none"", ""none"", ""none"", ""none"", ""none"", ""none""]",0.36363636363636365,0.15151515151515152,False,False
discovery:n12:seed105:shuffled:t4:immovable:k2,pre_branch,step,4,67,"[0, 2, 1, 3, 5, 9, 4, 6, 7, 8, 10, 11]","[""none"", ""none"", ""none"", ""none"", ""none"", ""none"", ""none"", ""none"", ""none"", ""none"", ""none"", ""none""]",0.18181818181818182,0.09090909090909091,False,False
discovery:n12:seed105:shuffled:t4:immovable:k2,post_branch,freeze-immovable,4,67,"[0, 2, 1, 3, 5, 9, 4, 6, 7, 8, 10, 11]","[""none"", ""none"", ""none"", ""none"", ""none"", ""none"", ""immovable"", ""none"", ""immovable"", ""none"", ""none"", ""none""]",0.18181818181818182,0.09090909090909091,False,False
discovery:n12:seed105:shuffled:t4:immovable:k2,post_branch,step,5,78,"[0, 1, 2, 3, 5, 9, 4, 6, 7, 8, 10, 11]","[""none"", ""none"", ""none"", ""none"", ""none"", ""none"", ""immovable"", ""none"", ""immovable"", ""none"", ""none"", ""none""]",0.09090909090909091,0.07575757575757576,False,True
discovery:n12:seed105:shuffled:t4:immovable:k3,pre_branch,setup,0,0,"[3, 9, 2, 6, 0, 1, 5, 11, 10, 7, 8, 4]","[""none"", ""none"", ""none"", ""none"", ""none"", ""none"", ""none"", ""none"", ""none"", ""none"", ""none"", ""none""]",0.45454545454545453,0.4090909090909091,False,False
discovery:n12:seed105:shuffled:t4:immovable:k3,pre_branch,step,1,17,"[3, 2, 9, 0, 1, 6, 5, 10, 7, 11, 4, 8]","[""none"", ""none"", ""none"", ""none"", ""none"", ""none"", ""none"", ""none"", ""none"", ""none"", ""none"", ""none""]",0.45454545454545453,0.3181818181818182,False,False
discovery:n12:seed105:shuffled:t4:immovable:k3,pre_branch,step,2,32,"[2, 3, 0, 9, 1, 6, 5, 7, 10, 4, 11, 8]","[""none"", ""none"", ""none"", ""none"", ""none"", ""none"", ""none"", ""none"", ""none"", ""none"", ""none"", ""none""]",0.45454545454545453,0.25757575757575757,False,False
discovery:n12:seed105:shuffled:t4:immovable:k3,pre_branch,step,3,51,"[0, 2, 3, 1, 5, 9, 6, 7, 4, 10, 8, 11]","[""none"", ""none"", ""none"", ""none"", ""none"", ""none"", ""none"", ""none"", ""none"", ""none"", ""none"", ""none""]",0.36363636363636365,0.15151515151515152,False,False
discovery:n12:seed105:shuffled:t4:immovable:k3,pre_branch,step,4,67,"[0, 2, 1, 3, 5, 9, 4, 6, 7, 8, 10, 11]","[""none"", ""none"", ""none"", ""none"", ""none"", ""none"", ""none"", ""none"", ""none"", ""none"", ""none"", ""none""]",0.18181818181818182,0.09090909090909091,False,False
discovery:n12:seed105:shuffled:t4:immovable:k3,post_branch,freeze-immovable,4,67,"[0, 2, 1, 3, 5, 9, 4, 6, 7, 8, 10, 11]","[""none"", ""none"", ""immovable"", ""none"", ""none"", ""none"", ""none"", ""immovable"", ""none"", ""none"", ""immovable"", ""none""]",0.18181818181818182,0.09090909090909091,False,False
discovery:n12:seed105:shuffled:t4:immovable:k3,post_branch,step,5,77,"[0, 2, 1, 3, 5, 4, 9, 6, 7, 8, 10, 11]","[""none"", ""none"", ""immovable"", ""none"", ""none"", ""none"", ""none"", ""immovable"", ""none"", ""none"", ""immovable"", ""none""]",0.2727272727272727,0.07575757575757576,False,False
discovery:n12:seed105:shuffled:t4:immovable:k3,post_branch,step,6,87,"[0, 2, 1, 3, 4, 5, 9, 6, 7, 8, 10, 11]","[""none"", ""none"", ""immovable"", ""none"", ""none"", ""none"", ""none"", ""immovable"", ""none"", ""none"", ""immovable"", ""none""]",0.18181818181818182,0.06060606060606061,False,True
discovery:n12:seed106:index:t0:moveable:k1,pre_branch,setup,0,0,"[4, 0, 9, 6, 8, 11, 5, 10, 2, 1, 3, 7]","[""none"", ""none"", ""none"", ""none"", ""none"", ""none"", ""none"", ""none"", ""none"", ""none"", ""none"", ""none""]",0.45454545454545453,0.5151515151515151,False,False
discovery:n12:seed106:index:t0:moveable:k1,post_branch,freeze-moveable,0,0,"[4, 0, 9, 6, 8, 11, 5, 10, 2, 1, 3, 7]","[""none"", ""none"", ""none"", ""none"", ""none"", ""moveable"", ""none"", ""none"", ""none"", ""none"", ""none"", ""none""]",0.45454545454545453,0.5151515151515151,False,False
discovery:n12:seed106:index:t0:moveable:k1,post_branch,step,1,13,"[0, 4, 6, 8, 9, 11, 5, 2, 10, 1, 3, 7]","[""none"", ""none"", ""none"", ""none"", ""none"", ""moveable"", ""none"", ""none"", ""none"", ""none"", ""none"", ""none""]",0.2727272727272727,0.45454545454545453,False,False
discovery:n12:seed106:index:t0:moveable:k1,post_branch,step,2,25,"[0, 4, 6, 8, 9, 11, 2, 5, 1, 10, 3, 7]","[""none"", ""none"", ""none"", ""none"", ""none"", ""moveable"", ""none"", ""none"", ""none"", ""none"", ""none"", ""none""]",0.2727272727272727,0.42424242424242425,False,False
discovery:n12:seed106:index:t0:moveable:k1,post_branch,step,3,40,"[0, 4, 6, 8, 9, 11, 1, 2, 3, 5, 7, 10]","[""none"", ""none"", ""none"", ""none"", ""none"", ""moveable"", ""none"", ""none"", ""none"", ""none"", ""none"", ""none""]",0.09090909090909091,0.3484848484848485,False,False
discovery:n12:seed106:index:t0:moveable:k1,post_branch,step,4,50,"[0, 4, 6, 8, 9, 11, 1, 2, 3, 5, 7, 10]","[""none"", ""none"", ""none"", ""none"", ""none"", ""moveable"", ""none"", ""none"", ""none"", ""none"", ""none"", ""none""]",0.09090909090909091,0.3484848484848485,False,False
discovery:n12:seed106:index:t0:moveable:k1,post_branch,step,5,62,"[0, 4, 6, 8, 9, 1, 11, 2, 3, 5, 7, 10]","[""none"", ""none"", ""none"", ""none"", ""none"", ""none"", ""moveable"", ""none"", ""none"", ""none"", ""none"", ""none""]",0.18181818181818182,0.3333333333333333,False,False
discovery:n12:seed106:index:t0:moveable:k1,post_branch,step,6,77,"[0, 4, 6, 1, 8, 9, 2, 3, 11, 5, 7, 10]","[""none"", ""none"", ""none"", ""none"", ""none"", ""none"", ""none"", ""none"", ""moveable"", ""none"", ""none"", ""none""]",0.2727272727272727,0.2727272727272727,False,False
discovery:n12:seed106:index:t0:moveable:k1,post_branch,step,7,90,"[0, 4, 1, 6, 2, 8, 3, 9, 11, 5, 7, 10]","[""none"", ""none"", ""none"", ""none"", ""none"", ""none"", ""none"", ""none"", ""moveable"", ""none"", ""none"", ""none""]",0.36363636363636365,0.21212121212121213,False,False
discovery:n12:seed106:index:t0:moveable:k1,post_branch,step,8,99,"[0, 4, 1, 6, 2, 8, 3, 9, 11, 5, 7, 10]","[""none"", ""none"", ""none"", ""none"", ""none"", ""none"", ""none"", ""none"", ""moveable"", ""none"", ""none"", ""none""]",0.36363636363636365,0.21212121212121213,False,False
discovery:n12:seed106:index:t0:moveable:k1,post_branch,step,9,113,"[0, 1, 2, 4, 6, 3, 8, 9, 5, 11, 7, 10]","[""none"", ""none"", ""none"", ""none"", ""none"", ""none"", ""none"", ""none"", ""none"", ""moveable"", ""none"", ""none""]",0.2727272727272727,0.13636363636363635,False,False
discovery:n12:seed106:index:t0:moveable:k1,post_branch,step,10,126,"[0, 1, 2, 3, 4, 6, 8, 5, 9, 7, 11, 10]","[""none"", ""none"", ""none"", ""none"", ""none"", ""none"", ""none"", ""none"", ""none"", ""none"", ""moveable"", ""none""]",0.2727272727272727,0.07575757575757576,False,False
discovery:n12:seed106:index:t0:moveable:k1,post_branch,step,11,139,"[0, 1, 2, 3, 4, 6, 5, 8, 9, 7, 10, 11]","[""none"", ""none"", ""none"", ""none"", ""none"", ""none"", ""none"", ""none"", ""none"", ""none"", ""none"", ""moveable""]",0.18181818181818182,0.045454545454545456,False,False
discovery:n12:seed106:index:t0:moveable:k1,post_branch,step,12,150,"[0, 1, 2, 3, 4, 5, 6, 8, 9, 7, 10, 11]","[""none"", ""none"", ""none"", ""none"", ""none"", ""none"", ""none"", ""none"", ""none"", ""none"", ""none"", ""moveable""]",0.09090909090909091,0.030303030303030304,False,False
discovery:n12:seed106:index:t0:moveable:k1,post_branch,step,13,161,"[0, 1, 2, 3, 4, 5, 6, 8, 7, 9, 10, 11]","[""none"", ""none"", ""none"", ""none"", ""none"", ""none"", ""none"", ""none"", ""none"", ""none"", ""none"", ""moveable""]",0.09090909090909091,0.015151515151515152,False,False
discovery:n12:seed106:index:t0:moveable:k1,post_branch,step,14,173,"[0, 1, 2, 3, 4, 5, 6, 7, 8, 9, 10, 11]","[""none"", ""none"", ""none"", ""none"", ""none"", ""none"", ""none"", ""none"", ""none"", ""none"", ""none"", ""moveable""]",0.0,0.0,True,True
discovery:n12:seed106:index:t0:moveable:k2,pre_branch,setup,0,0,"[4, 0, 9, 6, 8, 11, 5, 10, 2, 1, 3, 7]","[""none"", ""none"", ""none"", ""none"", ""none"", ""none"", ""none"", ""none"", ""none"", ""none"", ""none"", ""none""]",0.45454545454545453,0.5151515151515151,False,False
discovery:n12:seed106:index:t0:moveable:k2,post_branch,freeze-moveable,0,0,"[4, 0, 9, 6, 8, 11, 5, 10, 2, 1, 3, 7]","[""none"", ""none"", ""none"", ""none"", ""none"", ""none"", ""none"", ""moveable"", ""none"", ""moveable"", ""none"", ""none""]",0.45454545454545453,0.5151515151515151,False,False
discovery:n12:seed106:index:t0:moveable:k2,post_branch,step,1,15,"[0, 4, 6, 8, 5, 9, 11, 2, 10, 1, 3, 7]","[""none"", ""none"", ""none"", ""none"", ""none"", ""none"", ""none"", ""none"", ""moveable"", ""moveable"", ""none"", ""none""]",0.2727272727272727,0.42424242424242425,False,False
discovery:n12:seed106:index:t0:moveable:k2,post_branch,step,2,26,"[0, 4, 6, 5, 8, 9, 2, 11, 10, 1, 3, 7]","[""none"", ""none"", ""none"", ""none"", ""none"", ""none"", ""none"", ""none"", ""moveable"", ""moveable"", ""none"", ""none""]",0.36363636363636365,0.3939393939393939,False,False
discovery:n12:seed106:index:t0:moveable:k2,post_branch,step,3,39,"[0, 4, 6, 5, 2, 8, 9, 10, 11, 1, 3, 7]","[""none"", ""none"", ""none"", ""none"", ""none"", ""none"", ""none"", ""moveable"", ""none"", ""moveable"", ""none"", ""none""]",0.2727272727272727,0.3484848484848485,False,False
discovery:n12:seed106:index:t0:moveable:k2,post_branch,step,4,50,"[0, 4, 6, 2, 5, 8, 9, 10, 1, 11, 3, 7]","[""none"", ""none"", ""none"", ""none"", ""none"", ""none"", ""none"", ""moveable"", ""moveable"", ""none"", ""none"", ""none""]",0.2727272727272727,0.3181818181818182,False,False
discovery:n12:seed106:index:t0:moveable:k2,post_branch,step,5,62,"[0, 4, 2, 6, 5, 8, 9, 10, 1, 3, 7, 11]","[""none"", ""none"", ""none"", ""none"", ""none"", ""none"", ""none"", ""moveable"", ""moveable"", ""none"", ""none"", ""none""]",0.2727272727272727,0.2727272727272727,False,False
discovery:n12:seed106:index:t0:moveable:k2,post_branch,step,6,73,"[0, 2, 4, 5, 6, 8, 9, 10, 1, 3, 7, 11]","[""none"", ""none"", ""none"", ""none"", ""none"", ""none"", ""none"", ""moveable"", ""moveable"", ""none"", ""none"", ""none""]",0.09090909090909091,0.24242424242424243,False,True
discovery:n12:seed106:index:t0:moveable:k3,pre_branch,setup,0,0,"[4, 0, 9, 6, 8, 11, 5, 10, 2, 1, 3, 7]","[""none"", ""none"", ""none"", ""none"", ""none"", ""none"", ""none"", ""none"", ""none"", ""none"", ""none"", ""none""]",0.45454545454545453,0.5151515151515151,False,False
discovery:n12:seed106:index:t0:moveable:k3,post_branch,freeze-moveable,0,0,"[4, 0, 9, 6, 8, 11, 5, 10, 2, 1, 3, 7]","[""none"", ""none"", ""none"", ""none"", ""moveable"", ""moveable"", ""none"", ""none"", ""none"", ""none"", ""none"", ""moveable""]",0.45454545454545453,0.5151515151515151,False,False
discovery:n12:seed106:index:t0:moveable:k3,post_branch,step,1,14,"[0, 4, 6, 9, 8, 5, 2, 11, 1, 10, 3, 7]","[""none"", ""none"", ""none"", ""none"", ""moveable"", ""none"", ""none"", ""moveable"", ""none"", ""none"", ""none"", ""moveable""]",0.45454545454545453,0.42424242424242425,False,False
discovery:n12:seed106:index:t0:moveable:k3,post_branch,step,2,25,"[0, 4, 6, 9, 5, 2, 8, 11, 1, 3, 10, 7]","[""none"", ""none"", ""none"", ""none"", ""none"", ""none"", ""moveable"", ""moveable"", ""none"", ""none"", ""none"", ""moveable""]",0.36363636363636365,0.3787878787878788,False,False
discovery:n12:seed106:index:t0:moveable:k3,post_branch,step,3,36,"[0, 4, 5, 6, 9, 2, 8, 11, 1, 3, 10, 7]","[""none"", ""none"", ""none"", ""none"", ""none"", ""none"", ""moveable"", ""moveable"", ""none"", ""none"", ""none"", ""moveable""]",0.2727272727272727,0.3484848484848485,False,False
discovery:n12:seed106:index:t0:moveable:k3,post_branch,step,4,47,"[0, 4, 5, 6, 2, 9, 8, 11, 1, 3, 7, 10]","[""none"", ""none"", ""none"", ""none"", ""none"", ""none"", ""moveable"", ""moveable"", ""none"", ""none"", ""moveable"", ""none""]",0.2727272727272727,0.3181818181818182,False,False
discovery:n12:seed106:index:t0:moveable:k3,post_branch,step,5,58,"[0, 4, 2, 5, 6, 8, 9, 11, 1, 3, 7, 10]","[""none"", ""none"", ""none"", ""none"", ""none"", ""moveable"", ""none"", ""moveable"", ""none"", ""none"", ""moveable"", ""none""]",0.18181818181818182,0.2727272727272727,False,False
discovery:n12:seed106:index:t0:moveable:k3,post_branch,step,6,66,"[0, 2, 4, 5, 6, 8, 9, 11, 1, 3, 7, 10]","[""none"", ""none"", ""none"", ""none"", ""none"", ""moveable"", ""none"", ""moveable"", ""none"", ""none"", ""moveable"", ""none""]",0.09090909090909091,0.25757575757575757,False,False
discovery:n12:seed106:index:t0:moveable:k3,post_branch,step,7,76,"[0, 2, 4, 5, 6, 8, 9, 1, 3, 11, 7, 10]","[""none"", ""none"", ""none"", ""none"", ""none"", ""moveable"", ""none"", ""none"", ""none"", ""moveable"", ""moveable"", ""none""]",0.18181818181818182,0.22727272727272727,False,False
discovery:n12:seed106:index:t0:moveable:k3,post_branch,step,8,86,"[0, 2, 4, 5, 6, 8, 1, 3, 9, 11, 7, 10]","[""none"", ""none"", ""none"", ""none"", ""none"", ""moveable"", ""none"", ""none"", ""none"", ""moveable"", ""moveable"", ""none""]",0.18181818181818182,0.19696969696969696,False,False
discovery:n12:seed106:index:t0:moveable:k3,post_branch,step,9,96,"[0, 2, 4, 5, 6, 1, 3, 8, 9, 11, 7, 10]","[""none"", ""none"", ""none"", ""none"", ""none"", ""none"", ""none"", ""moveable"", ""none"", ""moveable"", ""moveable"", ""none""]",0.18181818181818182,0.16666666666666666,False,False
discovery:n12:seed106:index:t0:moveable:k3,post_branch,step,10,105,"[0, 2, 4, 5, 1, 6, 3, 8, 9, 11, 7, 10]","[""none"", ""none"", ""none"", ""none"", ""none"", ""none"", ""none"", ""moveable"", ""none"", ""moveable"", ""moveable"", ""none""]",0.2727272727272727,0.15151515151515152,False,False
discovery:n12:seed106:index:t0:moveable:k3,post_branch,step,11,116,"[0, 2, 4, 1, 3, 5, 6, 8, 9, 11, 7, 10]","[""none"", ""none"", ""none"", ""none"", ""none"", ""none"", ""none"", ""moveable"", ""none"", ""moveable"", ""moveable"", ""none""]",0.18181818181818182,0.10606060606060606,False,False
discovery:n12:seed106:index:t0:moveable:k3,post_branch,step,12,125,"[0, 2, 1, 4, 3, 5, 6, 8, 9, 11, 7, 10]","[""none"", ""none"", ""none"", ""none"", ""none"", ""none"", ""none"", ""moveable"", ""none"", ""moveable"", ""moveable"", ""none""]",0.2727272727272727,0.09090909090909091,False,False
discovery:n12:seed106:index:t0:moveable:k3,post_branch,step,13,134,"[0, 1, 2, 3, 4, 5, 6, 8, 9, 11, 7, 10]","[""none"", ""none"", ""none"", ""none"", ""none"", ""none"", ""none"", ""moveable"", ""none"", ""moveable"", ""moveable"", ""none""]",0.09090909090909091,0.06060606060606061,False,True
discovery:n12:seed106:index:t0:immovable:k1,pre_branch,setup,0,0,"[4, 0, 9, 6, 8, 11, 5, 10, 2, 1, 3, 7]","[""none"", ""none"", ""none"", ""none"", ""none"", ""none"", ""none"", ""none"", ""none"", ""none"", ""none"", ""none""]",0.45454545454545453,0.5151515151515151,False,False
discovery:n12:seed106:index:t0:immovable:k1,post_branch,freeze-immovable,0,0,"[4, 0, 9, 6, 8, 11, 5, 10, 2, 1, 3, 7]","[""none"", ""none"", ""none"", ""none"", ""none"", ""immovable"", ""none"", ""none"", ""none"", ""none"", ""none"", ""none""]",0.45454545454545453,0.5151515151515151,False,False
discovery:n12:seed106:index:t0:immovable:k1,post_branch,step,1,13,"[0, 4, 6, 8, 9, 11, 5, 2, 10, 1, 3, 7]","[""none"", ""none"", ""none"", ""none"", ""none"", ""immovable"", ""none"", ""none"", ""none"", ""none"", ""none"", ""none""]",0.2727272727272727,0.45454545454545453,False,False
discovery:n12:seed106:index:t0:immovable:k1,post_branch,step,2,25,"[0, 4, 6, 8, 9, 11, 2, 5, 1, 10, 3, 7]","[""none"", ""none"", ""none"", ""none"", ""none"", ""immovable"", ""none"", ""none"", ""none"", ""none"", ""none"", ""none""]",0.2727272727272727,0.42424242424242425,False,False
discovery:n12:seed106:index:t0:immovable:k1,post_branch,step,3,40,"[0, 4, 6, 8, 9, 11, 1, 2, 3, 5, 7, 10]","[""none"", ""none"", ""none"", ""none"", ""none"", ""immovable"", ""none"", ""none"", ""none"", ""none"", ""none"", ""none""]",0.09090909090909091,0.3484848484848485,False,True
discovery:n12:seed106:index:t0:immovable:k2,pre_branch,setup,0,0,"[4, 0, 9, 6, 8, 11, 5, 10, 2, 1, 3, 7]","[""none"", ""none"", ""none"", ""none"", ""none"", ""none"", ""none"", ""none"", ""none"", ""none"", ""none"", ""none""]",0.45454545454545453,0.5151515151515151,False,False
discovery:n12:seed106:index:t0:immovable:k2,post_branch,freeze-immovable,0,0,"[4, 0, 9, 6, 8, 11, 5, 10, 2, 1, 3, 7]","[""none"", ""none"", ""none"", ""none"", ""none"", ""none"", ""none"", ""immovable"", ""none"", ""immovable"", ""none"", ""none""]",0.45454545454545453,0.5151515151515151,False,False
discovery:n12:seed106:index:t0:immovable:k2,post_branch,step,1,14,"[0, 4, 6, 8, 5, 9, 11, 10, 2, 1, 3, 7]","[""none"", ""none"", ""none"", ""none"", ""none"", ""none"", ""none"", ""immovable"", ""none"", ""immovable"", ""none"", ""none""]",0.36363636363636365,0.4393939393939394,False,False
discovery:n12:seed106:index:t0:immovable:k2,post_branch,step,2,24,"[0, 4, 6, 5, 8, 9, 11, 10, 2, 1, 3, 7]","[""none"", ""none"", ""none"", ""none"", ""none"", ""none"", ""none"", ""immovable"", ""none"", ""immovable"", ""none"", ""none""]",0.36363636363636365,0.42424242424242425,False,False
discovery:n12:seed106:index:t0:immovable:k2,post_branch,step,3,34,"[0, 4, 6, 5, 8, 9, 11, 10, 2, 1, 3, 7]","[""none"", ""none"", ""none"", ""none"", ""none"", ""none"", ""none"", ""immovable"", ""none"", ""immovable"", ""none"", ""none""]",0.36363636363636365,0.42424242424242425,False,False
discovery:n12:seed106:index:t0:immovable:k2,post_branch,step,4,43,"[0, 4, 6, 5, 8, 9, 11, 10, 2, 1, 3, 7]","[""none"", ""none"", ""none"", ""none"", ""none"", ""none"", ""none"", ""immovable"", ""none"", ""immovable"", ""none"", ""none""]",0.36363636363636365,0.42424242424242425,False,False
discovery:n12:seed106:index:t0:immovable:k2,post_branch,step,5,53,"[0, 4, 5, 6, 8, 9, 11, 10, 2, 1, 3, 7]","[""none"", ""none"", ""none"", ""none"", ""none"", ""none"", ""none"", ""immovable"", ""none"", ""immovable"", ""none"", ""none""]",0.2727272727272727,0.4090909090909091,False,True
discovery:n12:seed106:index:t0:immovable:k3,pre_branch,setup,0,0,"[4, 0, 9, 6, 8, 11, 5, 10, 2, 1, 3, 7]","[""none"", ""none"", ""none"", ""none"", ""none"", ""none"", ""none"", ""none"", ""none"", ""none"", ""none"", ""none""]",0.45454545454545453,0.5151515151515151,False,False
discovery:n12:seed106:index:t0:immovable:k3,post_branch,freeze-immovable,0,0,"[4, 0, 9, 6, 8, 11, 5, 10, 2, 1, 3, 7]","[""none"", ""none"", ""none"", ""none"", ""immovable"", ""immovable"", ""none"", ""none"", ""none"", ""none"", ""none"", ""immovable""]",0.45454545454545453,0.5151515151515151,False,False
discovery:n12:seed106:index:t0:immovable:k3,post_branch,step,1,13,"[0, 4, 6, 9, 8, 11, 2, 5, 1, 10, 3, 7]","[""none"", ""none"", ""none"", ""none"", ""immovable"", ""immovable"", ""none"", ""none"", ""none"", ""none"", ""none"", ""immovable""]",0.36363636363636365,0.4393939393939394,False,False
discovery:n12:seed106:index:t0:immovable:k3,post_branch,step,2,22,"[0, 4, 6, 9, 8, 11, 2, 5, 1, 3, 10, 7]","[""none"", ""none"", ""none"", ""none"", ""immovable"", ""immovable"", ""none"", ""none"", ""none"", ""none"", ""none"", ""immovable""]",0.36363636363636365,0.42424242424242425,False,False
discovery:n12:seed106:index:t0:immovable:k3,post_branch,step,3,32,"[0, 4, 6, 9, 8, 11, 2, 1, 5, 3, 10, 7]","[""none"", ""none"", ""none"", ""none"", ""immovable"", ""immovable"", ""none"", ""none"", ""none"", ""none"", ""none"", ""immovable""]",0.45454545454545453,0.4090909090909091,False,False
discovery:n12:seed106:index:t0:immovable:k3,post_branch,step,4,43,"[0, 4, 6, 9, 8, 11, 1, 2, 3, 5, 10, 7]","[""none"", ""none"", ""none"", ""none"", ""immovable"", ""immovable"", ""none"", ""none"", ""none"", ""none"", ""none"", ""immovable""]",0.2727272727272727,0.3787878787878788,False,True
discovery:n12:seed106:index:t4:moveable:k1,pre_branch,setup,0,0,"[4, 0, 9, 6, 8, 11, 5, 10, 2, 1, 3, 7]","[""none"", ""none"", ""none"", ""none"", ""none"", ""none"", ""none"", ""none"", ""none"", ""none"", ""none"", ""none""]",0.45454545454545453,0.5151515151515151,False,False
discovery:n12:seed106:index:t4:moveable:k1,pre_branch,step,1,18,"[0, 4, 6, 8, 5, 9, 10, 1, 11, 2, 3, 7]","[""none"", ""none"", ""none"", ""none"", ""none"", ""none"", ""none"", ""none"", ""none"", ""none"", ""none"", ""none""]",0.2727272727272727,0.3939393939393939,False,False
discovery:n12:seed106:index:t4:moveable:k1,pre_branch,step,2,32,"[0, 4, 6, 5, 8, 9, 1, 10, 2, 3, 11, 7]","[""none"", ""none"", ""none"", ""none"", ""none"", ""none"", ""none"", ""none"", ""none"", ""none"", ""none"", ""none""]",0.36363636363636365,0.3333333333333333,False,False
discovery:n12:seed106:index:t4:moveable:k1,pre_branch,step,3,46,"[0, 4, 6, 5, 8, 9, 1, 2, 10, 3, 7, 11]","[""none"", ""none"", ""none"", ""none"", ""none"", ""none"", ""none"", ""none"", ""none"", ""none"", ""none"", ""none""]",0.2727272727272727,0.30303030303030304,False,False
discovery:n12:seed106:index:t4:moveable:k1,pre_branch,step,4,62,"[0, 4, 5, 6, 8, 1, 9, 2, 3, 7, 10, 11]","[""none"", ""none"", ""none"", ""none"", ""none"", ""none"", ""none"", ""none"", ""none"", ""none"", ""none"", ""none""]",0.18181818181818182,0.24242424242424243,False,False
discovery:n12:seed106:index:t4:moveable:k1,post_branch,freeze-moveable,4,62,"[0, 4, 5, 6, 8, 1, 9, 2, 3, 7, 10, 11]","[""none"", ""none"", ""none"", ""none"", ""none"", ""none"", ""none"", ""moveable"", ""none"", ""none"", ""none"", ""none""]",0.18181818181818182,0.24242424242424243,False,False
discovery:n12:seed106:index:t4:moveable:k1,post_branch,step,5,72,"[0, 4, 5, 6, 8, 1, 9, 2, 3, 7, 10, 11]","[""none"", ""none"", ""none"", ""none"", ""none"", ""none"", ""none"", ""moveable"", ""none"", ""none"", ""none"", ""none""]",0.18181818181818182,0.24242424242424243,False,False
discovery:n12:seed106:index:t4:moveable:k1,post_branch,step,6,84,"[0, 4, 5, 6, 1, 8, 9, 2, 3, 7, 10, 11]","[""none"", ""none"", ""none"", ""none"", ""none"", ""none"", ""none"", ""moveable"", ""none"", ""none"", ""none"", ""none""]",0.18181818181818182,0.22727272727272727,False,False
discovery:n12:seed106:index:t4:moveable:k1,post_branch,step,7,97,"[0, 4, 5, 6, 1, 8, 2, 3, 7, 9, 10, 11]","[""none"", ""none"", ""none"", ""none"", ""none"", ""none"", ""moveable"", ""none"", ""none"", ""none"", ""none"", ""none""]",0.18181818181818182,0.18181818181818182,False,False
discovery:n12:seed106:index:t4:moveable:k1,post_branch,step,8,109,"[0, 4, 5, 1, 6, 2, 8, 3, 7, 9, 10, 11]","[""none"", ""none"", ""none"", ""none"", ""none"", ""moveable"", ""none"", ""none"", ""none"", ""none"", ""none"", ""none""]",0.2727272727272727,0.15151515151515152,False,False
discovery:n12:seed106:index:t4:moveable:k1,post_branch,step,9,122,"[0, 4, 1, 5, 6, 2, 3, 7, 8, 9, 10, 11]","[""none"", ""none"", ""none"", ""none"", ""none"", ""moveable"", ""none"", ""none"", ""none"", ""none"", ""none"", ""none""]",0.18181818181818182,0.10606060606060606,False,False
discovery:n12:seed106:index:t4:moveable:k1,post_branch,step,10,134,"[0, 1, 4, 5, 6, 2, 3, 7, 8, 9, 10, 11]","[""none"", ""none"", ""none"", ""none"", ""none"", ""moveable"", ""none"", ""none"", ""none"", ""none"", ""none"", ""none""]",0.09090909090909091,0.09090909090909091,False,False
discovery:n12:seed106:index:t4:moveable:k1,post_branch,step,11,145,"[0, 1, 4, 5, 6, 2, 3, 7, 8, 9, 10, 11]","[""none"", ""none"", ""none"", ""none"", ""none"", ""moveable"", ""none"", ""none"", ""none"", ""none"", ""none"", ""none""]",0.09090909090909091,0.09090909090909091,False,False
discovery:n12:seed106:index:t4:moveable:k1,post_branch,step,12,155,"[0, 1, 4, 5, 6, 2, 3, 7, 8, 9, 10, 11]","[""none"", ""none"", ""none"", ""none"", ""none"", ""moveable"", ""none"", ""none"", ""none"", ""none"", ""none"", ""none""]",0.09090909090909091,0.09090909090909091,False,False
discovery:n12:seed106:index:t4:moveable:k1,post_branch,step,13,164,"[0, 1, 4, 5, 6, 2, 3, 7, 8, 9, 10, 11]","[""none"", ""none"", ""none"", ""none"", ""none"", ""moveable"", ""none"", ""none"", ""none"", ""none"", ""none"", ""none""]",0.09090909090909091,0.09090909090909091,False,False
discovery:n12:seed106:index:t4:moveable:k1,post_branch,step,14,173,"[0, 1, 4, 5, 6, 2, 3, 7, 8, 9, 10, 11]","[""none"", ""none"", ""none"", ""none"", ""none"", ""moveable"", ""none"", ""none"", ""none"", ""none"", ""none"", ""none""]",0.09090909090909091,0.09090909090909091,False,False
discovery:n12:seed106:index:t4:moveable:k1,post_branch,step,15,185,"[0, 1, 4, 5, 2, 3, 6, 7, 8, 9, 10, 11]","[""none"", ""none"", ""none"", ""none"", ""moveable"", ""none"", ""none"", ""none"", ""none"", ""none"", ""none"", ""none""]",0.09090909090909091,0.06060606060606061,False,False
discovery:n12:seed106:index:t4:moveable:k1,post_branch,step,16,195,"[0, 1, 4, 5, 2, 3, 6, 7, 8, 9, 10, 11]","[""none"", ""none"", ""none"", ""none"", ""moveable"", ""none"", ""none"", ""none"", ""none"", ""none"", ""none"", ""none""]",0.09090909090909091,0.06060606060606061,False,False
discovery:n12:seed106:index:t4:moveable:k1,post_branch,step,17,205,"[0, 1, 4, 5, 2, 3, 6, 7, 8, 9, 10, 11]","[""none"", ""none"", ""none"", ""none"", ""moveable"", ""none"", ""none"", ""none"", ""none"", ""none"", ""none"", ""none""]",0.09090909090909091,0.06060606060606061,False,False
discovery:n12:seed106:index:t4:moveable:k1,post_branch,step,18,216,"[0, 1, 4, 2, 5, 3, 6, 7, 8, 9, 10, 11]","[""none"", ""none"", ""none"", ""moveable"", ""none"", ""none"", ""none"", ""none"", ""none"", ""none"", ""none"", ""none""]",0.18181818181818182,0.045454545454545456,False,False
discovery:n12:seed106:index:t4:moveable:k1,post_branch,step,19,229,"[0, 1, 2, 4, 3, 5, 6, 7, 8, 9, 10, 11]","[""none"", ""none"", ""moveable"", ""none"", ""none"", ""none"", ""none"", ""none"", ""none"", ""none"", ""none"", ""none""]",0.09090909090909091,0.015151515151515152,False,False
discovery:n12:seed106:index:t4:moveable:k1,post_branch,step,20,240,"[0, 1, 2, 4, 3, 5, 6, 7, 8, 9, 10, 11]","[""none"", ""none"", ""moveable"", ""none"", ""none"", ""none"", ""none"", ""none"", ""none"", ""none"", ""none"", ""none""]",0.09090909090909091,0.015151515151515152,False,False
discovery:n12:seed106:index:t4:moveable:k1,post_branch,step,21,251,"[0, 1, 2, 3, 4, 5, 6, 7, 8, 9, 10, 11]","[""none"", ""none"", ""moveable"", ""none"", ""none"", ""none"", ""none"", ""none"", ""none"", ""none"", ""none"", ""none""]",0.0,0.0,True,True
discovery:n12:seed106:index:t4:moveable:k2,pre_branch,setup,0,0,"[4, 0, 9, 6, 8, 11, 5, 10, 2, 1, 3, 7]","[""none"", ""none"", ""none"", ""none"", ""none"", ""none"", ""none"", ""none"", ""none"", ""none"", ""none"", ""none""]",0.45454545454545453,0.5151515151515151,False,False
discovery:n12:seed106:index:t4:moveable:k2,pre_branch,step,1,18,"[0, 4, 6, 8, 5, 9, 10, 1, 11, 2, 3, 7]","[""none"", ""none"", ""none"", ""none"", ""none"", ""none"", ""none"", ""none"", ""none"", ""none"", ""none"", ""none""]",0.2727272727272727,0.3939393939393939,False,False
discovery:n12:seed106:index:t4:moveable:k2,pre_branch,step,2,32,"[0, 4, 6, 5, 8, 9, 1, 10, 2, 3, 11, 7]","[""none"", ""none"", ""none"", ""none"", ""none"", ""none"", ""none"", ""none"", ""none"", ""none"", ""none"", ""none""]",0.36363636363636365,0.3333333333333333,False,False
discovery:n12:seed106:index:t4:moveable:k2,pre_branch,step,3,46,"[0, 4, 6, 5, 8, 9, 1, 2, 10, 3, 7, 11]","[""none"", ""none"", ""none"", ""none"", ""none"", ""none"", ""none"", ""none"", ""none"", ""none"", ""none"", ""none""]",0.2727272727272727,0.30303030303030304,False,False
discovery:n12:seed106:index:t4:moveable:k2,pre_branch,step,4,62,"[0, 4, 5, 6, 8, 1, 9, 2, 3, 7, 10, 11]","[""none"", ""none"", ""none"", ""none"", ""none"", ""none"", ""none"", ""none"", ""none"", ""none"", ""none"", ""none""]",0.18181818181818182,0.24242424242424243,False,False
discovery:n12:seed106:index:t4:moveable:k2,post_branch,freeze-moveable,4,62,"[0, 4, 5, 6, 8, 1, 9, 2, 3, 7, 10, 11]","[""none"", ""moveable"", ""none"", ""none"", ""none"", ""none"", ""none"", ""none"", ""none"", ""none"", ""none"", ""moveable""]",0.18181818181818182,0.24242424242424243,False,False
discovery:n12:seed106:index:t4:moveable:k2,post_branch,step,5,75,"[0, 4, 5, 1, 6, 2, 8, 9, 3, 7, 10, 11]","[""none"", ""moveable"", ""none"", ""none"", ""none"", ""none"", ""none"", ""none"", ""none"", ""none"", ""none"", ""moveable""]",0.2727272727272727,0.18181818181818182,False,False
discovery:n12:seed106:index:t4:moveable:k2,post_branch,step,6,90,"[0, 1, 4, 5, 2, 6, 3, 8, 7, 9, 10, 11]","[""none"", ""none"", ""moveable"", ""none"", ""none"", ""none"", ""none"", ""none"", ""none"", ""none"", ""none"", ""moveable""]",0.2727272727272727,0.09090909090909091,False,False
discovery:n12:seed106:index:t4:moveable:k2,post_branch,step,7,101,"[0, 1, 4, 5, 2, 3, 6, 7, 8, 9, 10, 11]","[""none"", ""none"", ""moveable"", ""none"", ""none"", ""none"", ""none"", ""none"", ""none"", ""none"", ""none"", ""moveable""]",0.09090909090909091,0.06060606060606061,False,False
discovery:n12:seed106:index:t4:moveable:k2,post_branch,step,8,110,"[0, 1, 4, 5, 2, 3, 6, 7, 8, 9, 10, 11]","[""none"", ""none"", ""moveable"", ""none"", ""none"", ""none"", ""none"", ""none"", ""none"", ""none"", ""none"", ""moveable""]",0.09090909090909091,0.06060606060606061,False,False
discovery:n12:seed106:index:t4:moveable:k2,post_branch,step,9,121,"[0, 1, 4, 2, 3, 5, 6, 7, 8, 9, 10, 11]","[""none"", ""none"", ""moveable"", ""none"", ""none"", ""none"", ""none"", ""none"", ""none"", ""none"", ""none"", ""moveable""]",0.09090909090909091,0.030303030303030304,False,False
discovery:n12:seed106:index:t4:moveable:k2,post_branch,step,10,133,"[0, 1, 2, 3, 4, 5, 6, 7, 8, 9, 10, 11]","[""none"", ""none"", ""none"", ""none"", ""moveable"", ""none"", ""none"", ""none"", ""none"", ""none"", ""none"", ""moveable""]",0.0,0.0,True,True
discovery:n12:seed106:index:t4:moveable:k3,pre_branch,setup,0,0,"[4, 0, 9, 6, 8, 11, 5, 10, 2, 1, 3, 7]","[""none"", ""none"", ""none"", ""none"", ""none"", ""none"", ""none"", ""none"", ""none"", ""none"", ""none"", ""none""]",0.45454545454545453,0.5151515151515151,False,False
discovery:n12:seed106:index:t4:moveable:k3,pre_branch,step,1,18,"[0, 4, 6, 8, 5, 9, 10, 1, 11, 2, 3, 7]","[""none"", ""none"", ""none"", ""none"", ""none"", ""none"", ""none"", ""none"", ""none"", ""none"", ""none"", ""none""]",0.2727272727272727,0.3939393939393939,False,False
discovery:n12:seed106:index:t4:moveable:k3,pre_branch,step,2,32,"[0, 4, 6, 5, 8, 9, 1, 10, 2, 3, 11, 7]","[""none"", ""none"", ""none"", ""none"", ""none"", ""none"", ""none"", ""none"", ""none"", ""none"", ""none"", ""none""]",0.36363636363636365,0.3333333333333333,False,False
discovery:n12:seed106:index:t4:moveable:k3,pre_branch,step,3,46,"[0, 4, 6, 5, 8, 9, 1, 2, 10, 3, 7, 11]","[""none"", ""none"", ""none"", ""none"", ""none"", ""none"", ""none"", ""none"", ""none"", ""none"", ""none"", ""none""]",0.2727272727272727,0.30303030303030304,False,False
discovery:n12:seed106:index:t4:moveable:k3,pre_branch,step,4,62,"[0, 4, 5, 6, 8, 1, 9, 2, 3, 7, 10, 11]","[""none"", ""none"", ""none"", ""none"", ""none"", ""none"", ""none"", ""none"", ""none"", ""none"", ""none"", ""none""]",0.18181818181818182,0.24242424242424243,False,False
discovery:n12:seed106:index:t4:moveable:k3,post_branch,freeze-moveable,4,62,"[0, 4, 5, 6, 8, 1, 9, 2, 3, 7, 10, 11]","[""none"", ""none"", ""moveable"", ""none"", ""none"", ""moveable"", ""none"", ""none"", ""none"", ""moveable"", ""none"", ""none""]",0.18181818181818182,0.24242424242424243,False,False
discovery:n12:seed106:index:t4:moveable:k3,post_branch,step,5,71,"[0, 4, 5, 6, 1, 8, 9, 2, 3, 7, 10, 11]","[""none"", ""none"", ""moveable"", ""none"", ""moveable"", ""none"", ""none"", ""none"", ""none"", ""moveable"", ""none"", ""none""]",0.18181818181818182,0.22727272727272727,False,False
discovery:n12:seed106:index:t4:moveable:k3,post_branch,step,6,81,"[0, 4, 5, 1, 6, 8, 2, 9, 3, 7, 10, 11]","[""none"", ""none"", ""moveable"", ""moveable"", ""none"", ""none"", ""none"", ""none"", ""none"", ""moveable"", ""none"", ""none""]",0.2727272727272727,0.19696969696969696,False,False
discovery:n12:seed106:index:t4:moveable:k3,post_branch,step,7,91,"[0, 4, 5, 1, 6, 2, 3, 8, 9, 7, 10, 11]","[""none"", ""none"", ""moveable"", ""moveable"", ""none"", ""none"", ""none"", ""none"", ""none"", ""moveable"", ""none"", ""none""]",0.2727272727272727,0.15151515151515152,False,False
discovery:n12:seed106:index:t4:moveable:k3,post_branch,step,8,101,"[0, 4, 5, 1, 2, 6, 3, 8, 7, 9, 10, 11]","[""none"", ""none"", ""moveable"", ""moveable"", ""none"", ""none"", ""none"", ""none"", ""moveable"", ""none"", ""none"", ""none""]",0.2727272727272727,0.12121212121212122,False,False
discovery:n12:seed106:index:t4:moveable:k3,post_branch,step,9,112,"[0, 4, 5, 1, 2, 3, 6, 7, 8, 9, 10, 11]","[""none"", ""none"", ""moveable"", ""moveable"", ""none"", ""none"", ""none"", ""moveable"", ""none"", ""none"", ""none"", ""none""]",0.09090909090909091,0.09090909090909091,False,True
discovery:n12:seed106:index:t4:immovable:k1,pre_branch,setup,0,0,"[4, 0, 9, 6, 8, 11, 5, 10, 2, 1, 3, 7]","[""none"", ""none"", ""none"", ""none"", ""none"", ""none"", ""none"", ""none"", ""none"", ""none"", ""none"", ""none""]",0.45454545454545453,0.5151515151515151,False,False
discovery:n12:seed106:index:t4:immovable:k1,pre_branch,step,1,18,"[0, 4, 6, 8, 5, 9, 10, 1, 11, 2, 3, 7]","[""none"", ""none"", ""none"", ""none"", ""none"", ""none"", ""none"", ""none"", ""none"", ""none"", ""none"", ""none""]",0.2727272727272727,0.3939393939393939,False,False
discovery:n12:seed106:index:t4:immovable:k1,pre_branch,step,2,32,"[0, 4, 6, 5, 8, 9, 1, 10, 2, 3, 11, 7]","[""none"", ""none"", ""none"", ""none"", ""none"", ""none"", ""none"", ""none"", ""none"", ""none"", ""none"", ""none""]",0.36363636363636365,0.3333333333333333,False,False
discovery:n12:seed106:index:t4:immovable:k1,pre_branch,step,3,46,"[0, 4, 6, 5, 8, 9, 1, 2, 10, 3, 7, 11]","[""none"", ""none"", ""none"", ""none"", ""none"", ""none"", ""none"", ""none"", ""none"", ""none"", ""none"", ""none""]",0.2727272727272727,0.30303030303030304,False,False
discovery:n12:seed106:index:t4:immovable:k1,pre_branch,step,4,62,"[0, 4, 5, 6, 8, 1, 9, 2, 3, 7, 10, 11]","[""none"", ""none"", ""none"", ""none"", ""none"", ""none"", ""none"", ""none"", ""none"", ""none"", ""none"", ""none""]",0.18181818181818182,0.24242424242424243,False,False
discovery:n12:seed106:index:t4:immovable:k1,post_branch,freeze-immovable,4,62,"[0, 4, 5, 6, 8, 1, 9, 2, 3, 7, 10, 11]","[""none"", ""none"", ""none"", ""none"", ""none"", ""none"", ""none"", ""immovable"", ""none"", ""none"", ""none"", ""none""]",0.18181818181818182,0.24242424242424243,False,False
discovery:n12:seed106:index:t4:immovable:k1,post_branch,step,5,72,"[0, 4, 5, 6, 8, 1, 9, 2, 3, 7, 10, 11]","[""none"", ""none"", ""none"", ""none"", ""none"", ""none"", ""none"", ""immovable"", ""none"", ""none"", ""none"", ""none""]",0.18181818181818182,0.24242424242424243,False,False
discovery:n12:seed106:index:t4:immovable:k1,post_branch,step,6,84,"[0, 4, 5, 6, 1, 8, 9, 2, 3, 7, 10, 11]","[""none"", ""none"", ""none"", ""none"", ""none"", ""none"", ""none"", ""immovable"", ""none"", ""none"", ""none"", ""none""]",0.18181818181818182,0.22727272727272727,False,False
discovery:n12:seed106:index:t4:immovable:k1,post_branch,step,7,94,"[0, 4, 5, 6, 1, 8, 9, 2, 3, 7, 10, 11]","[""none"", ""none"", ""none"", ""none"", ""none"", ""none"", ""none"", ""immovable"", ""none"", ""none"", ""none"", ""none""]",0.18181818181818182,0.22727272727272727,False,False
discovery:n12:seed106:index:t4:immovable:k1,post_branch,step,8,105,"[0, 4, 5, 1, 6, 8, 9, 2, 3, 7, 10, 11]","[""none"", ""none"", ""none"", ""none"", ""none"", ""none"", ""none"", ""immovable"", ""none"", ""none"", ""none"", ""none""]",0.18181818181818182,0.21212121212121213,False,False
discovery:n12:seed106:index:t4:immovable:k1,post_branch,step,9,116,"[0, 4, 1, 5, 6, 8, 9, 2, 3, 7, 10, 11]","[""none"", ""none"", ""none"", ""none"", ""none"", ""none"", ""none"", ""immovable"", ""none"", ""none"", ""none"", ""none""]",0.18181818181818182,0.19696969696969696,False,False
discovery:n12:seed106:index:t4:immovable:k1,post_branch,step,10,128,"[0, 1, 4, 5, 6, 8, 9, 2, 3, 7, 10, 11]","[""none"", ""none"", ""none"", ""none"", ""none"", ""none"", ""none"", ""immovable"", ""none"", ""none"", ""none"", ""none""]",0.09090909090909091,0.18181818181818182,False,True
discovery:n12:seed106:index:t4:immovable:k2,pre_branch,setup,0,0,"[4, 0, 9, 6, 8, 11, 5, 10, 2, 1, 3, 7]","[""none"", ""none"", ""none"", ""none"", ""none"", ""none"", ""none"", ""none"", ""none"", ""none"", ""none"", ""none""]",0.45454545454545453,0.5151515151515151,False,False
discovery:n12:seed106:index:t4:immovable:k2,pre_branch,step,1,18,"[0, 4, 6, 8, 5, 9, 10, 1, 11, 2, 3, 7]","[""none"", ""none"", ""none"", ""none"", ""none"", ""none"", ""none"", ""none"", ""none"", ""none"", ""none"", ""none""]",0.2727272727272727,0.3939393939393939,False,False
discovery:n12:seed106:index:t4:immovable:k2,pre_branch,step,2,32,"[0, 4, 6, 5, 8, 9, 1, 10, 2, 3, 11, 7]","[""none"", ""none"", ""none"", ""none"", ""none"", ""none"", ""none"", ""none"", ""none"", ""none"", ""none"", ""none""]",0.36363636363636365,0.3333333333333333,False,False
discovery:n12:seed106:index:t4:immovable:k2,pre_branch,step,3,46,"[0, 4, 6, 5, 8, 9, 1, 2, 10, 3, 7, 11]","[""none"", ""none"", ""none"", ""none"", ""none"", ""none"", ""none"", ""none"", ""none"", ""none"", ""none"", ""none""]",0.2727272727272727,0.30303030303030304,False,False
discovery:n12:seed106:index:t4:immovable:k2,pre_branch,step,4,62,"[0, 4, 5, 6, 8, 1, 9, 2, 3, 7, 10, 11]","[""none"", ""none"", ""none"", ""none"", ""none"", ""none"", ""none"", ""none"", ""none"", ""none"", ""none"", ""none""]",0.18181818181818182,0.24242424242424243,False,False
discovery:n12:seed106:index:t4:immovable:k2,post_branch,freeze-immovable,4,62,"[0, 4, 5, 6, 8, 1, 9, 2, 3, 7, 10, 11]","[""none"", ""immovable"", ""none"", ""none"", ""none"", ""none"", ""none"", ""none"", ""none"", ""none"", ""none"", ""immovable""]",0.18181818181818182,0.24242424242424243,False,False
discovery:n12:seed106:index:t4:immovable:k2,post_branch,step,5,75,"[0, 4, 5, 1, 6, 2, 8, 9, 3, 7, 10, 11]","[""none"", ""immovable"", ""none"", ""none"", ""none"", ""none"", ""none"", ""none"", ""none"", ""none"", ""none"", ""immovable""]",0.2727272727272727,0.18181818181818182,False,False
discovery:n12:seed106:index:t4:immovable:k2,post_branch,step,6,89,"[0, 4, 1, 5, 2, 6, 3, 8, 7, 9, 10, 11]","[""none"", ""immovable"", ""none"", ""none"", ""none"", ""none"", ""none"", ""none"", ""none"", ""none"", ""none"", ""immovable""]",0.36363636363636365,0.10606060606060606,False,False
discovery:n12:seed106:index:t4:immovable:k2,post_branch,step,7,100,"[0, 4, 1, 5, 2, 3, 6, 7, 8, 9, 10, 11]","[""none"", ""immovable"", ""none"", ""none"", ""none"", ""none"", ""none"", ""none"", ""none"", ""none"", ""none"", ""immovable""]",0.18181818181818182,0.07575757575757576,False,False
discovery:n12:seed106:index:t4:immovable:k2,post_branch,step,8,109,"[0, 4, 1, 5, 2, 3, 6, 7, 8, 9, 10, 11]","[""none"", ""immovable"", ""none"", ""none"", ""none"", ""none"", ""none"", ""none"", ""none"", ""none"", ""none"", ""immovable""]",0.18181818181818182,0.07575757575757576,False,False
discovery:n12:seed106:index:t4:immovable:k2,post_branch,step,9,120,"[0, 4, 1, 2, 3, 5, 6, 7, 8, 9, 10, 11]","[""none"", ""immovable"", ""none"", ""none"", ""none"", ""none"", ""none"", ""none"", ""none"", ""none"", ""none"", ""immovable""]",0.09090909090909091,0.045454545454545456,False,True
discovery:n12:seed106:index:t4:immovable:k3,pre_branch,setup,0,0,"[4, 0, 9, 6, 8, 11, 5, 10, 2, 1, 3, 7]","[""none"", ""none"", ""none"", ""none"", ""none"", ""none"", ""none"", ""none"", ""none"", ""none"", ""none"", ""none""]",0.45454545454545453,0.5151515151515151,False,False
discovery:n12:seed106:index:t4:immovable:k3,pre_branch,step,1,18,"[0, 4, 6, 8, 5, 9, 10, 1, 11, 2, 3, 7]","[""none"", ""none"", ""none"", ""none"", ""none"", ""none"", ""none"", ""none"", ""none"", ""none"", ""none"", ""none""]",0.2727272727272727,0.3939393939393939,False,False
discovery:n12:seed106:index:t4:immovable:k3,pre_branch,step,2,32,"[0, 4, 6, 5, 8, 9, 1, 10, 2, 3, 11, 7]","[""none"", ""none"", ""none"", ""none"", ""none"", ""none"", ""none"", ""none"", ""none"", ""none"", ""none"", ""none""]",0.36363636363636365,0.3333333333333333,False,False
discovery:n12:seed106:index:t4:immovable:k3,pre_branch,step,3,46,"[0, 4, 6, 5, 8, 9, 1, 2, 10, 3, 7, 11]","[""none"", ""none"", ""none"", ""none"", ""none"", ""none"", ""none"", ""none"", ""none"", ""none"", ""none"", ""none""]",0.2727272727272727,0.30303030303030304,False,False
discovery:n12:seed106:index:t4:immovable:k3,pre_branch,step,4,62,"[0, 4, 5, 6, 8, 1, 9, 2, 3, 7, 10, 11]","[""none"", ""none"", ""none"", ""none"", ""none"", ""none"", ""none"", ""none"", ""none"", ""none"", ""none"", ""none""]",0.18181818181818182,0.24242424242424243,False,False
discovery:n12:seed106:index:t4:immovable:k3,post_branch,freeze-immovable,4,62,"[0, 4, 5, 6, 8, 1, 9, 2, 3, 7, 10, 11]","[""none"", ""none"", ""immovable"", ""none"", ""none"", ""immovable"", ""none"", ""none"", ""none"", ""immovable"", ""none"", ""none""]",0.18181818181818182,0.24242424242424243,False,False
discovery:n12:seed106:index:t4:immovable:k3,post_branch,step,5,70,"[0, 4, 5, 6, 8, 1, 9, 2, 3, 7, 10, 11]","[""none"", ""none"", ""immovable"", ""none"", ""none"", ""immovable"", ""none"", ""none"", ""none"", ""immovable"", ""none"", ""none""]",0.18181818181818182,0.24242424242424243,False,False
discovery:n12:seed106:index:t4:immovable:k3,post_branch,step,6,79,"[0, 4, 5, 6, 8, 1, 2, 9, 3, 7, 10, 11]","[""none"", ""none"", ""immovable"", ""none"", ""none"", ""immovable"", ""none"", ""none"", ""none"", ""immovable"", ""none"", ""none""]",0.18181818181818182,0.22727272727272727,False,False
discovery:n12:seed106:index:t4:immovable:k3,post_branch,step,7,87,"[0, 4, 5, 6, 8, 1, 2, 3, 9, 7, 10, 11]","[""none"", ""none"", ""immovable"", ""none"", ""none"", ""immovable"", ""none"", ""none"", ""none"", ""immovable"", ""none"", ""none""]",0.18181818181818182,0.21212121212121213,False,True
discovery:n12:seed106:shuffled:t0:moveable:k1,pre_branch,setup,0,0,"[4, 0, 9, 6, 8, 11, 5, 10, 2, 1, 3, 7]","[""none"", ""none"", ""none"", ""none"", ""none"", ""none"", ""none"", ""none"", ""none"", ""none"", ""none"", ""none""]",0.45454545454545453,0.5151515151515151,False,False
discovery:n12:seed106:shuffled:t0:moveable:k1,post_branch,freeze-moveable,0,0,"[4, 0, 9, 6, 8, 11, 5, 10, 2, 1, 3, 7]","[""none"", ""none"", ""none"", ""none"", ""none"", ""moveable"", ""none"", ""none"", ""none"", ""none"", ""none"", ""none""]",0.45454545454545453,0.5151515151515151,False,False
discovery:n12:seed106:shuffled:t0:moveable:k1,post_branch,step,1,15,"[0, 4, 6, 8, 9, 11, 5, 1, 10, 2, 3, 7]","[""none"", ""none"", ""none"", ""none"", ""none"", ""moveable"", ""none"", ""none"", ""none"", ""none"", ""none"", ""none""]",0.2727272727272727,0.4393939393939394,False,False
discovery:n12:seed106:shuffled:t0:moveable:k1,post_branch,step,2,25,"[0, 4, 6, 8, 9, 11, 1, 5, 10, 2, 3, 7]","[""none"", ""none"", ""none"", ""none"", ""none"", ""moveable"", ""none"", ""none"", ""none"", ""none"", ""none"", ""none""]",0.18181818181818182,0.42424242424242425,False,False
discovery:n12:seed106:shuffled:t0:moveable:k1,post_branch,step,3,35,"[0, 4, 6, 8, 9, 11, 1, 5, 2, 10, 3, 7]","[""none"", ""none"", ""none"", ""none"", ""none"", ""moveable"", ""none"", ""none"", ""none"", ""none"", ""none"", ""none""]",0.2727272727272727,0.4090909090909091,False,False
discovery:n12:seed106:shuffled:t0:moveable:k1,post_branch,step,4,47,"[0, 4, 6, 8, 9, 11, 1, 2, 5, 3, 10, 7]","[""none"", ""none"", ""none"", ""none"", ""none"", ""moveable"", ""none"", ""none"", ""none"", ""none"", ""none"", ""none""]",0.2727272727272727,0.3787878787878788,False,False
discovery:n12:seed106:shuffled:t0:moveable:k1,post_branch,step,5,59,"[0, 4, 6, 8, 9, 11, 1, 2, 3, 5, 7, 10]","[""none"", ""none"", ""none"", ""none"", ""none"", ""moveable"", ""none"", ""none"", ""none"", ""none"", ""none"", ""none""]",0.09090909090909091,0.3484848484848485,False,False
discovery:n12:seed106:shuffled:t0:moveable:k1,post_branch,step,6,72,"[0, 4, 6, 8, 1, 9, 11, 2, 3, 5, 7, 10]","[""none"", ""none"", ""none"", ""none"", ""none"", ""none"", ""moveable"", ""none"", ""none"", ""none"", ""none"", ""none""]",0.18181818181818182,0.3181818181818182,False,False
discovery:n12:seed106:shuffled:t0:moveable:k1,post_branch,step,7,86,"[0, 4, 6, 1, 8, 9, 2, 3, 11, 5, 7, 10]","[""none"", ""none"", ""none"", ""none"", ""none"", ""none"", ""none"", ""none"", ""moveable"", ""none"", ""none"", ""none""]",0.2727272727272727,0.2727272727272727,False,False
discovery:n12:seed106:shuffled:t0:moveable:k1,post_branch,step,8,102,"[0, 1, 4, 6, 2, 8, 3, 9, 11, 5, 7, 10]","[""none"", ""none"", ""none"", ""none"", ""none"", ""none"", ""none"", ""none"", ""moveable"", ""none"", ""none"", ""none""]",0.2727272727272727,0.19696969696969696,False,False
discovery:n12:seed106:shuffled:t0:moveable:k1,post_branch,step,9,114,"[0, 1, 4, 2, 6, 8, 3, 9, 5, 11, 7, 10]","[""none"", ""none"", ""none"", ""none"", ""none"", ""none"", ""none"", ""none"", ""none"", ""moveable"", ""none"", ""none""]",0.36363636363636365,0.16666666666666666,False,False
discovery:n12:seed106:shuffled:t0:moveable:k1,post_branch,step,10,128,"[0, 1, 2, 4, 6, 3, 8, 5, 9, 7, 11, 10]","[""none"", ""none"", ""none"", ""none"", ""none"", ""none"", ""none"", ""none"", ""none"", ""none"", ""moveable"", ""none""]",0.36363636363636365,0.10606060606060606,False,False
discovery:n12:seed106:shuffled:t0:moveable:k1,post_branch,step,11,144,"[0, 1, 2, 4, 3, 5, 6, 8, 7, 9, 10, 11]","[""none"", ""none"", ""none"", ""none"", ""none"", ""none"", ""none"", ""none"", ""none"", ""none"", ""none"", ""moveable""]",0.18181818181818182,0.030303030303030304,False,False
discovery:n12:seed106:shuffled:t0:moveable:k1,post_branch,step,12,157,"[0, 1, 2, 3, 4, 5, 6, 7, 8, 9, 10, 11]","[""none"", ""none"", ""none"", ""none"", ""none"", ""none"", ""none"", ""none"", ""none"", ""none"", ""none"", ""moveable""]",0.0,0.0,True,True
discovery:n12:seed106:shuffled:t0:moveable:k2,pre_branch,setup,0,0,"[4, 0, 9, 6, 8, 11, 5, 10, 2, 1, 3, 7]","[""none"", ""none"", ""none"", ""none"", ""none"", ""none"", ""none"", ""none"", ""none"", ""none"", ""none"", ""none""]",0.45454545454545453,0.5151515151515151,False,False
discovery:n12:seed106:shuffled:t0:moveable:k2,post_branch,freeze-moveable,0,0,"[4, 0, 9, 6, 8, 11, 5, 10, 2, 1, 3, 7]","[""none"", ""none"", ""none"", ""none"", ""none"", ""none"", ""none"", ""moveable"", ""none"", ""moveable"", ""none"", ""none""]",0.45454545454545453,0.5151515151515151,False,False
discovery:n12:seed106:shuffled:t0:moveable:k2,post_branch,step,1,11,"[0, 4, 9, 6, 8, 11, 5, 10, 1, 2, 3, 7]","[""none"", ""none"", ""none"", ""none"", ""none"", ""none"", ""none"", ""moveable"", ""moveable"", ""none"", ""none"", ""none""]",0.2727272727272727,0.48484848484848486,False,False
discovery:n12:seed106:shuffled:t0:moveable:k2,post_branch,step,2,24,"[0, 4, 6, 8, 9, 5, 11, 10, 1, 2, 3, 7]","[""none"", ""none"", ""none"", ""none"", ""none"", ""none"", ""none"", ""moveable"", ""moveable"", ""none"", ""none"", ""none""]",0.2727272727272727,0.4393939393939394,False,False
discovery:n12:seed106:shuffled:t0:moveable:k2,post_branch,step,3,36,"[0, 4, 5, 6, 8, 9, 11, 10, 1, 2, 3, 7]","[""none"", ""none"", ""none"", ""none"", ""none"", ""none"", ""none"", ""moveable"", ""moveable"", ""none"", ""none"", ""none""]",0.18181818181818182,0.3939393939393939,False,False
discovery:n12:seed106:shuffled:t0:moveable:k2,post_branch,step,4,45,"[0, 4, 5, 6, 8, 9, 11, 10, 1, 2, 3, 7]","[""none"", ""none"", ""none"", ""none"", ""none"", ""none"", ""none"", ""moveable"", ""moveable"", ""none"", ""none"", ""none""]",0.18181818181818182,0.3939393939393939,False,False
discovery:n12:seed106:shuffled:t0:moveable:k2,post_branch,step,5,55,"[0, 4, 5, 6, 8, 9, 10, 11, 1, 2, 3, 7]","[""none"", ""none"", ""none"", ""none"", ""none"", ""none"", ""moveable"", ""none"", ""moveable"", ""none"", ""none"", ""none""]",0.09090909090909091,0.3787878787878788,False,False
discovery:n12:seed106:shuffled:t0:moveable:k2,post_branch,step,6,65,"[0, 4, 5, 6, 8, 9, 10, 1, 11, 2, 3, 7]","[""none"", ""none"", ""none"", ""none"", ""none"", ""none"", ""moveable"", ""moveable"", ""none"", ""none"", ""none"", ""none""]",0.18181818181818182,0.36363636363636365,False,False
discovery:n12:seed106:shuffled:t0:moveable:k2,post_branch,step,7,73,"[0, 4, 5, 6, 8, 9, 10, 1, 11, 2, 3, 7]","[""none"", ""none"", ""none"", ""none"", ""none"", ""none"", ""moveable"", ""moveable"", ""none"", ""none"", ""none"", ""none""]",0.18181818181818182,0.36363636363636365,False,False
discovery:n12:seed106:shuffled:t0:moveable:k2,post_branch,step,8,84,"[0, 4, 5, 6, 8, 9, 10, 1, 2, 3, 7, 11]","[""none"", ""none"", ""none"", ""none"", ""none"", ""none"", ""moveable"", ""moveable"", ""none"", ""none"", ""none"", ""none""]",0.09090909090909091,0.3181818181818182,False,True
discovery:n12:seed106:shuffled:t0:moveable:k3,pre_branch,setup,0,0,"[4, 0, 9, 6, 8, 11, 5, 10, 2, 1, 3, 7]","[""none"", ""none"", ""none"", ""none"", ""none"", ""none"", ""none"", ""none"", ""none"", ""none"", ""none"", ""none""]",0.45454545454545453,0.5151515151515151,False,False
discovery:n12:seed106:shuffled:t0:moveable:k3,post_branch,freeze-moveable,0,0,"[4, 0, 9, 6, 8, 11, 5, 10, 2, 1, 3, 7]","[""none"", ""none"", ""none"", ""none"", ""moveable"", ""moveable"", ""none"", ""none"", ""none"", ""none"", ""none"", ""moveable""]",0.45454545454545453,0.5151515151515151,False,False
discovery:n12:seed106:shuffled:t0:moveable:k3,post_branch,step,1,13,"[0, 4, 6, 9, 8, 11, 5, 2, 1, 10, 3, 7]","[""none"", ""none"", ""none"", ""none"", ""moveable"", ""moveable"", ""none"", ""none"", ""none"", ""none"", ""none"", ""moveable""]",0.45454545454545453,0.45454545454545453,False,False
discovery:n12:seed106:shuffled:t0:moveable:k3,post_branch,step,2,25,"[0, 4, 6, 8, 9, 11, 2, 5, 1, 3, 10, 7]","[""none"", ""none"", ""none"", ""moveable"", ""none"", ""moveable"", ""none"", ""none"", ""none"", ""none"", ""none"", ""moveable""]",0.2727272727272727,0.4090909090909091,False,False
discovery:n12:seed106:shuffled:t0:moveable:k3,post_branch,step,3,35,"[0, 4, 6, 8, 9, 11, 2, 1, 3, 5, 10, 7]","[""none"", ""none"", ""none"", ""moveable"", ""none"", ""moveable"", ""none"", ""none"", ""none"", ""none"", ""none"", ""moveable""]",0.2727272727272727,0.3787878787878788,False,False
discovery:n12:seed106:shuffled:t0:moveable:k3,post_branch,step,4,45,"[0, 4, 6, 8, 9, 11, 1, 2, 3, 5, 7, 10]","[""none"", ""none"", ""none"", ""moveable"", ""none"", ""moveable"", ""none"", ""none"", ""none"", ""none"", ""moveable"", ""none""]",0.09090909090909091,0.3484848484848485,False,False
discovery:n12:seed106:shuffled:t0:moveable:k3,post_branch,step,5,53,"[0, 4, 6, 8, 9, 11, 1, 2, 3, 5, 7, 10]","[""none"", ""none"", ""none"", ""moveable"", ""none"", ""moveable"", ""none"", ""none"", ""none"", ""none"", ""moveable"", ""none""]",0.09090909090909091,0.3484848484848485,False,False
discovery:n12:seed106:shuffled:t0:moveable:k3,post_branch,step,6,61,"[0, 4, 6, 8, 9, 11, 1, 2, 3, 5, 7, 10]","[""none"", ""none"", ""none"", ""moveable"", ""none"", ""moveable"", ""none"", ""none"", ""none"", ""none"", ""moveable"", ""none""]",0.09090909090909091,0.3484848484848485,False,False
discovery:n12:seed106:shuffled:t0:moveable:k3,post_branch,step,7,72,"[0, 4, 6, 8, 9, 1, 2, 11, 3, 5, 7, 10]","[""none"", ""none"", ""none"", ""moveable"", ""none"", ""none"", ""none"", ""moveable"", ""none"", ""none"", ""moveable"", ""none""]",0.18181818181818182,0.3181818181818182,False,False
discovery:n12:seed106:shuffled:t0:moveable:k3,post_branch,step,8,84,"[0, 4, 6, 1, 8, 2, 9, 3, 11, 5, 7, 10]","[""none"", ""none"", ""none"", ""none"", ""moveable"", ""none"", ""none"", ""none"", ""moveable"", ""none"", ""moveable"", ""none""]",0.36363636363636365,0.25757575757575757,False,False
discovery:n12:seed106:shuffled:t0:moveable:k3,post_branch,step,9,96,"[0, 1, 4, 6, 8, 2, 3, 9, 11, 5, 7, 10]","[""none"", ""none"", ""none"", ""none"", ""moveable"", ""none"", ""none"", ""none"", ""moveable"", ""none"", ""moveable"", ""none""]",0.18181818181818182,0.21212121212121213,False,False
discovery:n12:seed106:shuffled:t0:moveable:k3,post_branch,step,10,104,"[0, 1, 4, 6, 8, 2, 3, 9, 5, 11, 7, 10]","[""none"", ""none"", ""none"", ""none"", ""moveable"", ""none"", ""none"", ""none"", ""none"", ""moveable"", ""moveable"", ""none""]",0.2727272727272727,0.19696969696969696,False,False
discovery:n12:seed106:shuffled:t0:moveable:k3,post_branch,step,11,117,"[0, 1, 4, 2, 6, 3, 5, 8, 9, 11, 7, 10]","[""none"", ""none"", ""none"", ""none"", ""none"", ""none"", ""none"", ""moveable"", ""none"", ""moveable"", ""moveable"", ""none""]",0.2727272727272727,0.12121212121212122,False,False
discovery:n12:seed106:shuffled:t0:moveable:k3,post_branch,step,12,125,"[0, 1, 4, 2, 6, 3, 5, 8, 9, 11, 7, 10]","[""none"", ""none"", ""none"", ""none"", ""none"", ""none"", ""none"", ""moveable"", ""none"", ""moveable"", ""moveable"", ""none""]",0.2727272727272727,0.12121212121212122,False,False
discovery:n12:seed106:shuffled:t0:moveable:k3,post_branch,step,13,133,"[0, 1, 4, 2, 6, 3, 5, 8, 9, 11, 7, 10]","[""none"", ""none"", ""none"", ""none"", ""none"", ""none"", ""none"", ""moveable"", ""none"", ""moveable"", ""moveable"", ""none""]",0.2727272727272727,0.12121212121212122,False,False
discovery:n12:seed106:shuffled:t0:moveable:k3,post_branch,step,14,141,"[0, 1, 2, 4, 6, 3, 5, 8, 9, 11, 7, 10]","[""none"", ""none"", ""none"", ""none"", ""none"", ""none"", ""none"", ""moveable"", ""none"", ""moveable"", ""moveable"", ""none""]",0.18181818181818182,0.10606060606060606,False,False
discovery:n12:seed106:shuffled:t0:moveable:k3,post_branch,step,15,150,"[0, 1, 2, 4, 3, 6, 5, 8, 9, 11, 7, 10]","[""none"", ""none"", ""none"", ""none"", ""none"", ""none"", ""none"", ""moveable"", ""none"", ""moveable"", ""moveable"", ""none""]",0.2727272727272727,0.09090909090909091,False,False
discovery:n12:seed106:shuffled:t0:moveable:k3,post_branch,step,16,159,"[0, 1, 2, 4, 3, 5, 6, 8, 9, 11, 7, 10]","[""none"", ""none"", ""none"", ""none"", ""none"", ""none"", ""none"", ""moveable"", ""none"", ""moveable"", ""moveable"", ""none""]",0.18181818181818182,0.07575757575757576,False,False
discovery:n12:seed106:shuffled:t0:moveable:k3,post_branch,step,17,167,"[0, 1, 2, 3, 4, 5, 6, 8, 9, 11, 7, 10]","[""none"", ""none"", ""none"", ""none"", ""none"", ""none"", ""none"", ""moveable"", ""none"", ""moveable"", ""moveable"", ""none""]",0.09090909090909091,0.06060606060606061,False,True
discovery:n12:seed106:shuffled:t0:immovable:k1,pre_branch,setup,0,0,"[4, 0, 9, 6, 8, 11, 5, 10, 2, 1, 3, 7]","[""none"", ""none"", ""none"", ""none"", ""none"", ""none"", ""none"", ""none"", ""none"", ""none"", ""none"", ""none""]",0.45454545454545453,0.5151515151515151,False,False
discovery:n12:seed106:shuffled:t0:immovable:k1,post_branch,freeze-immovable,0,0,"[4, 0, 9, 6, 8, 11, 5, 10, 2, 1, 3, 7]","[""none"", ""none"", ""none"", ""none"", ""none"", ""immovable"", ""none"", ""none"", ""none"", ""none"", ""none"", ""none""]",0.45454545454545453,0.5151515151515151,False,False
discovery:n12:seed106:shuffled:t0:immovable:k1,post_branch,step,1,15,"[0, 4, 6, 8, 9, 11, 5, 1, 10, 2, 3, 7]","[""none"", ""none"", ""none"", ""none"", ""none"", ""immovable"", ""none"", ""none"", ""none"", ""none"", ""none"", ""none""]",0.2727272727272727,0.4393939393939394,False,False
discovery:n12:seed106:shuffled:t0:immovable:k1,post_branch,step,2,25,"[0, 4, 6, 8, 9, 11, 1, 5, 10, 2, 3, 7]","[""none"", ""none"", ""none"", ""none"", ""none"", ""immovable"", ""none"", ""none"", ""none"", ""none"", ""none"", ""none""]",0.18181818181818182,0.42424242424242425,False,False
discovery:n12:seed106:shuffled:t0:immovable:k1,post_branch,step,3,35,"[0, 4, 6, 8, 9, 11, 1, 5, 2, 10, 3, 7]","[""none"", ""none"", ""none"", ""none"", ""none"", ""immovable"", ""none"", ""none"", ""none"", ""none"", ""none"", ""none""]",0.2727272727272727,0.4090909090909091,False,False
discovery:n12:seed106:shuffled:t0:immovable:k1,post_branch,step,4,47,"[0, 4, 6, 8, 9, 11, 1, 2, 5, 3, 10, 7]","[""none"", ""none"", ""none"", ""none"", ""none"", ""immovable"", ""none"", ""none"", ""none"", ""none"", ""none"", ""none""]",0.2727272727272727,0.3787878787878788,False,False
discovery:n12:seed106:shuffled:t0:immovable:k1,post_branch,step,5,59,"[0, 4, 6, 8, 9, 11, 1, 2, 3, 5, 7, 10]","[""none"", ""none"", ""none"", ""none"", ""none"", ""immovable"", ""none"", ""none"", ""none"", ""none"", ""none"", ""none""]",0.09090909090909091,0.3484848484848485,False,True
discovery:n12:seed106:shuffled:t0:immovable:k2,pre_branch,setup,0,0,"[4, 0, 9, 6, 8, 11, 5, 10, 2, 1, 3, 7]","[""none"", ""none"", ""none"", ""none"", ""none"", ""none"", ""none"", ""none"", ""none"", ""none"", ""none"", ""none""]",0.45454545454545453,0.5151515151515151,False,False
discovery:n12:seed106:shuffled:t0:immovable:k2,post_branch,freeze-immovable,0,0,"[4, 0, 9, 6, 8, 11, 5, 10, 2, 1, 3, 7]","[""none"", ""none"", ""none"", ""none"", ""none"", ""none"", ""none"", ""immovable"", ""none"", ""immovable"", ""none"", ""none""]",0.45454545454545453,0.5151515151515151,False,False
discovery:n12:seed106:shuffled:t0:immovable:k2,post_branch,step,1,10,"[0, 4, 9, 6, 8, 11, 5, 10, 2, 1, 3, 7]","[""none"", ""none"", ""none"", ""none"", ""none"", ""none"", ""none"", ""immovable"", ""none"", ""immovable"", ""none"", ""none""]",0.36363636363636365,0.5,False,False
discovery:n12:seed106:shuffled:t0:immovable:k2,post_branch,step,2,23,"[0, 4, 6, 8, 9, 5, 11, 10, 2, 1, 3, 7]","[""none"", ""none"", ""none"", ""none"", ""none"", ""none"", ""none"", ""immovable"", ""none"", ""immovable"", ""none"", ""none""]",0.36363636363636365,0.45454545454545453,False,False
discovery:n12:seed106:shuffled:t0:immovable:k2,post_branch,step,3,35,"[0, 4, 5, 6, 8, 9, 11, 10, 2, 1, 3, 7]","[""none"", ""none"", ""none"", ""none"", ""none"", ""none"", ""none"", ""immovable"", ""none"", ""immovable"", ""none"", ""none""]",0.2727272727272727,0.4090909090909091,False,True
discovery:n12:seed106:shuffled:t0:immovable:k3,pre_branch,setup,0,0,"[4, 0, 9, 6, 8, 11, 5, 10, 2, 1, 3, 7]","[""none"", ""none"", ""none"", ""none"", ""none"", ""none"", ""none"", ""none"", ""none"", ""none"", ""none"", ""none""]",0.45454545454545453,0.5151515151515151,False,False
discovery:n12:seed106:shuffled:t0:immovable:k3,post_branch,freeze-immovable,0,0,"[4, 0, 9, 6, 8, 11, 5, 10, 2, 1, 3, 7]","[""none"", ""none"", ""none"", ""none"", ""immovable"", ""immovable"", ""none"", ""none"", ""none"", ""none"", ""none"", ""immovable""]",0.45454545454545453,0.5151515151515151,False,False
discovery:n12:seed106:shuffled:t0:immovable:k3,post_branch,step,1,13,"[0, 4, 6, 9, 8, 11, 5, 2, 1, 10, 3, 7]","[""none"", ""none"", ""none"", ""none"", ""immovable"", ""immovable"", ""none"", ""none"", ""none"", ""none"", ""none"", ""immovable""]",0.45454545454545453,0.45454545454545453,False,False
discovery:n12:seed106:shuffled:t0:immovable:k3,post_branch,step,2,24,"[0, 4, 6, 9, 8, 11, 2, 5, 1, 3, 10, 7]","[""none"", ""none"", ""none"", ""none"", ""immovable"", ""immovable"", ""none"", ""none"", ""none"", ""none"", ""none"", ""immovable""]",0.36363636363636365,0.42424242424242425,False,False
discovery:n12:seed106:shuffled:t0:immovable:k3,post_branch,step,3,34,"[0, 4, 6, 9, 8, 11, 2, 1, 3, 5, 10, 7]","[""none"", ""none"", ""none"", ""none"", ""immovable"", ""immovable"", ""none"", ""none"", ""none"", ""none"", ""none"", ""immovable""]",0.36363636363636365,0.3939393939393939,False,False
discovery:n12:seed106:shuffled:t0:immovable:k3,post_branch,step,4,43,"[0, 4, 6, 9, 8, 11, 1, 2, 3, 5, 10, 7]","[""none"", ""none"", ""none"", ""none"", ""immovable"", ""immovable"", ""none"", ""none"", ""none"", ""none"", ""none"", ""immovable""]",0.2727272727272727,0.3787878787878788,False,True
discovery:n12:seed106:shuffled:t4:moveable:k1,pre_branch,setup,0,0,"[4, 0, 9, 6, 8, 11, 5, 10, 2, 1, 3, 7]","[""none"", ""none"", ""none"", ""none"", ""none"", ""none"", ""none"", ""none"", ""none"", ""none"", ""none"", ""none""]",0.45454545454545453,0.5151515151515151,False,False
discovery:n12:seed106:shuffled:t4:moveable:k1,pre_branch,step,1,14,"[0, 4, 9, 6, 8, 11, 5, 1, 10, 2, 3, 7]","[""none"", ""none"", ""none"", ""none"", ""none"", ""none"", ""none"", ""none"", ""none"", ""none"", ""none"", ""none""]",0.36363636363636365,0.4696969696969697,False,False
discovery:n12:seed106:shuffled:t4:moveable:k1,pre_branch,step,2,28,"[0, 4, 9, 6, 8, 5, 11, 1, 2, 3, 10, 7]","[""none"", ""none"", ""none"", ""none"", ""none"", ""none"", ""none"", ""none"", ""none"", ""none"", ""none"", ""none""]",0.36363636363636365,0.42424242424242425,False,False
discovery:n12:seed106:shuffled:t4:moveable:k1,pre_branch,step,3,42,"[0, 4, 6, 9, 8, 5, 1, 2, 11, 3, 7, 10]","[""none"", ""none"", ""none"", ""none"", ""none"", ""none"", ""none"", ""none"", ""none"", ""none"", ""none"", ""none""]",0.36363636363636365,0.36363636363636365,False,False
discovery:n12:seed106:shuffled:t4:moveable:k1,pre_branch,step,4,60,"[0, 4, 5, 6, 1, 9, 2, 8, 3, 11, 7, 10]","[""none"", ""none"", ""none"", ""none"", ""none"", ""none"", ""none"", ""none"", ""none"", ""none"", ""none"", ""none""]",0.36363636363636365,0.25757575757575757,False,False
discovery:n12:seed106:shuffled:t4:moveable:k1,post_branch,freeze-moveable,4,60,"[0, 4, 5, 6, 1, 9, 2, 8, 3, 11, 7, 10]","[""none"", ""none"", ""none"", ""none"", ""none"", ""none"", ""none"", ""moveable"", ""none"", ""none"", ""none"", ""none""]",0.36363636363636365,0.25757575757575757,False,False
discovery:n12:seed106:shuffled:t4:moveable:k1,post_branch,step,5,73,"[0, 4, 5, 6, 1, 2, 9, 8, 3, 7, 10, 11]","[""none"", ""none"", ""none"", ""none"", ""none"", ""none"", ""none"", ""moveable"", ""none"", ""none"", ""none"", ""none""]",0.2727272727272727,0.21212121212121213,False,False
discovery:n12:seed106:shuffled:t4:moveable:k1,post_branch,step,6,88,"[0, 1, 4, 5, 6, 2, 9, 3, 7, 8, 10, 11]","[""none"", ""none"", ""none"", ""none"", ""none"", ""none"", ""none"", ""none"", ""none"", ""moveable"", ""none"", ""none""]",0.18181818181818182,0.13636363636363635,False,False
discovery:n12:seed106:shuffled:t4:moveable:k1,post_branch,step,7,103,"[0, 1, 4, 2, 5, 6, 3, 7, 8, 9, 10, 11]","[""none"", ""none"", ""none"", ""none"", ""none"", ""none"", ""none"", ""none"", ""moveable"", ""none"", ""none"", ""none""]",0.18181818181818182,0.06060606060606061,False,False
discovery:n12:seed106:shuffled:t4:moveable:k1,post_branch,step,8,116,"[0, 1, 2, 4, 5, 3, 6, 7, 8, 9, 10, 11]","[""none"", ""none"", ""none"", ""none"", ""none"", ""none"", ""none"", ""none"", ""moveable"", ""none"", ""none"", ""none""]",0.09090909090909091,0.030303030303030304,False,False
discovery:n12:seed106:shuffled:t4:moveable:k1,post_branch,step,9,125,"[0, 1, 2, 4, 5, 3, 6, 7, 8, 9, 10, 11]","[""none"", ""none"", ""none"", ""none"", ""none"", ""none"", ""none"", ""none"", ""moveable"", ""none"", ""none"", ""none""]",0.09090909090909091,0.030303030303030304,False,False
discovery:n12:seed106:shuffled:t4:moveable:k1,post_branch,step,10,136,"[0, 1, 2, 4, 5, 3, 6, 7, 8, 9, 10, 11]","[""none"", ""none"", ""none"", ""none"", ""none"", ""none"", ""none"", ""none"", ""moveable"", ""none"", ""none"", ""none""]",0.09090909090909091,0.030303030303030304,False,False
discovery:n12:seed106:shuffled:t4:moveable:k1,post_branch,step,11,147,"[0, 1, 2, 4, 3, 5, 6, 7, 8, 9, 10, 11]","[""none"", ""none"", ""none"", ""none"", ""none"", ""none"", ""none"", ""none"", ""moveable"", ""none"", ""none"", ""none""]",0.09090909090909091,0.015151515151515152,False,False
discovery:n12:seed106:shuffled:t4:moveable:k1,post_branch,step,12,159,"[0, 1, 2, 3, 4, 5, 6, 7, 8, 9, 10, 11]","[""none"", ""none"", ""none"", ""none"", ""none"", ""none"", ""none"", ""none"", ""moveable"", ""none"", ""none"", ""none""]",0.0,0.0,True,True
discovery:n12:seed106:shuffled:t4:moveable:k2,pre_branch,setup,0,0,"[4, 0, 9, 6, 8, 11, 5, 10, 2, 1, 3, 7]","[""none"", ""none"", ""none"", ""none"", ""none"", ""none"", ""none"", ""none"", ""none"", ""none"", ""none"", ""none""]",0.45454545454545453,0.5151515151515151,False,False
discovery:n12:seed106:shuffled:t4:moveable:k2,pre_branch,step,1,14,"[0, 4, 9, 6, 8, 11, 5, 1, 10, 2, 3, 7]","[""none"", ""none"", ""none"", ""none"", ""none"", ""none"", ""none"", ""none"", ""none"", ""none"", ""none"", ""none""]",0.36363636363636365,0.4696969696969697,False,False
discovery:n12:seed106:shuffled:t4:moveable:k2,pre_branch,step,2,28,"[0, 4, 9, 6, 8, 5, 11, 1, 2, 3, 10, 7]","[""none"", ""none"", ""none"", ""none"", ""none"", ""none"", ""none"", ""none"", ""none"", ""none"", ""none"", ""none""]",0.36363636363636365,0.42424242424242425,False,False
discovery:n12:seed106:shuffled:t4:moveable:k2,pre_branch,step,3,42,"[0, 4, 6, 9, 8, 5, 1, 2, 11, 3, 7, 10]","[""none"", ""none"", ""none"", ""none"", ""none"", ""none"", ""none"", ""none"", ""none"", ""none"", ""none"", ""none""]",0.36363636363636365,0.36363636363636365,False,False
discovery:n12:seed106:shuffled:t4:moveable:k2,pre_branch,step,4,60,"[0, 4, 5, 6, 1, 9, 2, 8, 3, 11, 7, 10]","[""none"", ""none"", ""none"", ""none"", ""none"", ""none"", ""none"", ""none"", ""none"", ""none"", ""none"", ""none""]",0.36363636363636365,0.25757575757575757,False,False
discovery:n12:seed106:shuffled:t4:moveable:k2,post_branch,freeze-moveable,4,60,"[0, 4, 5, 6, 1, 9, 2, 8, 3, 11, 7, 10]","[""none"", ""moveable"", ""none"", ""none"", ""none"", ""none"", ""none"", ""none"", ""none"", ""none"", ""none"", ""moveable""]",0.36363636363636365,0.25757575757575757,False,False
discovery:n12:seed106:shuffled:t4:moveable:k2,post_branch,step,5,74,"[0, 4, 5, 1, 6, 2, 3, 9, 8, 11, 7, 10]","[""none"", ""moveable"", ""none"", ""none"", ""none"", ""none"", ""none"", ""none"", ""none"", ""none"", ""none"", ""moveable""]",0.36363636363636365,0.19696969696969696,False,False
discovery:n12:seed106:shuffled:t4:moveable:k2,post_branch,step,6,84,"[0, 4, 5, 1, 6, 2, 3, 9, 8, 7, 11, 10]","[""none"", ""moveable"", ""none"", ""none"", ""none"", ""none"", ""none"", ""none"", ""none"", ""none"", ""none"", ""moveable""]",0.45454545454545453,0.18181818181818182,False,False
discovery:n12:seed106:shuffled:t4:moveable:k2,post_branch,step,7,100,"[0, 4, 1, 2, 5, 3, 6, 8, 9, 7, 10, 11]","[""none"", ""moveable"", ""none"", ""none"", ""none"", ""none"", ""none"", ""none"", ""none"", ""none"", ""moveable"", ""none""]",0.2727272727272727,0.09090909090909091,False,False
discovery:n12:seed106:shuffled:t4:moveable:k2,post_branch,step,8,112,"[0, 1, 4, 2, 3, 5, 6, 8, 7, 9, 10, 11]","[""none"", ""none"", ""moveable"", ""none"", ""none"", ""none"", ""none"", ""none"", ""none"", ""none"", ""moveable"", ""none""]",0.18181818181818182,0.045454545454545456,False,False
discovery:n12:seed106:shuffled:t4:moveable:k2,post_branch,step,9,121,"[0, 1, 2, 4, 3, 5, 6, 8, 7, 9, 10, 11]","[""none"", ""none"", ""none"", ""moveable"", ""none"", ""none"", ""none"", ""none"", ""none"", ""none"", ""moveable"", ""none""]",0.18181818181818182,0.030303030303030304,False,False
discovery:n12:seed106:shuffled:t4:moveable:k2,post_branch,step,10,131,"[0, 1, 2, 4, 3, 5, 6, 7, 8, 9, 10, 11]","[""none"", ""none"", ""none"", ""moveable"", ""none"", ""none"", ""none"", ""none"", ""none"", ""none"", ""moveable"", ""none""]",0.09090909090909091,0.015151515151515152,False,False
discovery:n12:seed106:shuffled:t4:moveable:k2,post_branch,step,11,141,"[0, 1, 2, 4, 3, 5, 6, 7, 8, 9, 10, 11]","[""none"", ""none"", ""none"", ""moveable"", ""none"", ""none"", ""none"", ""none"", ""none"", ""none"", ""moveable"", ""none""]",0.09090909090909091,0.015151515151515152,False,False
discovery:n12:seed106:shuffled:t4:moveable:k2,post_branch,step,12,151,"[0, 1, 2, 3, 4, 5, 6, 7, 8, 9, 10, 11]","[""none"", ""none"", ""none"", ""none"", ""moveable"", ""none"", ""none"", ""none"", ""none"", ""none"", ""moveable"", ""none""]",0.0,0.0,True,True
discovery:n12:seed106:shuffled:t4:moveable:k3,pre_branch,setup,0,0,"[4, 0, 9, 6, 8, 11, 5, 10, 2, 1, 3, 7]","[""none"", ""none"", ""none"", ""none"", ""none"", ""none"", ""none"", ""none"", ""none"", ""none"", ""none"", ""none""]",0.45454545454545453,0.5151515151515151,False,False
discovery:n12:seed106:shuffled:t4:moveable:k3,pre_branch,step,1,14,"[0, 4, 9, 6, 8, 11, 5, 1, 10, 2, 3, 7]","[""none"", ""none"", ""none"", ""none"", ""none"", ""none"", ""none"", ""none"", ""none"", ""none"", ""none"", ""none""]",0.36363636363636365,0.4696969696969697,False,False
discovery:n12:seed106:shuffled:t4:moveable:k3,pre_branch,step,2,28,"[0, 4, 9, 6, 8, 5, 11, 1, 2, 3, 10, 7]","[""none"", ""none"", ""none"", ""none"", ""none"", ""none"", ""none"", ""none"", ""none"", ""none"", ""none"", ""none""]",0.36363636363636365,0.42424242424242425,False,False
discovery:n12:seed106:shuffled:t4:moveable:k3,pre_branch,step,3,42,"[0, 4, 6, 9, 8, 5, 1, 2, 11, 3, 7, 10]","[""none"", ""none"", ""none"", ""none"", ""none"", ""none"", ""none"", ""none"", ""none"", ""none"", ""none"", ""none""]",0.36363636363636365,0.36363636363636365,False,False
discovery:n12:seed106:shuffled:t4:moveable:k3,pre_branch,step,4,60,"[0, 4, 5, 6, 1, 9, 2, 8, 3, 11, 7, 10]","[""none"", ""none"", ""none"", ""none"", ""none"", ""none"", ""none"", ""none"", ""none"", ""none"", ""none"", ""none""]",0.36363636363636365,0.25757575757575757,False,False
discovery:n12:seed106:shuffled:t4:moveable:k3,post_branch,freeze-moveable,4,60,"[0, 4, 5, 6, 1, 9, 2, 8, 3, 11, 7, 10]","[""none"", ""none"", ""moveable"", ""none"", ""none"", ""moveable"", ""none"", ""none"", ""none"", ""moveable"", ""none"", ""none""]",0.36363636363636365,0.25757575757575757,False,False
discovery:n12:seed106:shuffled:t4:moveable:k3,post_branch,step,5,71,"[0, 4, 5, 6, 1, 2, 9, 3, 8, 11, 7, 10]","[""none"", ""none"", ""moveable"", ""none"", ""none"", ""none"", ""moveable"", ""none"", ""none"", ""moveable"", ""none"", ""none""]",0.2727272727272727,0.22727272727272727,False,False
discovery:n12:seed106:shuffled:t4:moveable:k3,post_branch,step,6,85,"[0, 1, 4, 5, 2, 6, 3, 9, 7, 8, 11, 10]","[""none"", ""none"", ""none"", ""moveable"", ""none"", ""none"", ""none"", ""moveable"", ""none"", ""none"", ""moveable"", ""none""]",0.36363636363636365,0.12121212121212122,False,False
discovery:n12:seed106:shuffled:t4:moveable:k3,post_branch,step,7,99,"[0, 1, 2, 4, 3, 5, 6, 7, 9, 8, 10, 11]","[""none"", ""none"", ""none"", ""none"", ""none"", ""moveable"", ""none"", ""none"", ""moveable"", ""none"", ""none"", ""moveable""]",0.18181818181818182,0.030303030303030304,False,False
discovery:n12:seed106:shuffled:t4:moveable:k3,post_branch,step,8,109,"[0, 1, 2, 4, 3, 5, 6, 7, 8, 9, 10, 11]","[""none"", ""none"", ""none"", ""none"", ""none"", ""moveable"", ""none"", ""none"", ""none"", ""moveable"", ""none"", ""moveable""]",0.09090909090909091,0.015151515151515152,False,False
discovery:n12:seed106:shuffled:t4:moveable:k3,post_branch,step,9,118,"[0, 1, 2, 3, 4, 5, 6, 7, 8, 9, 10, 11]","[""none"", ""none"", ""none"", ""none"", ""none"", ""moveable"", ""none"", ""none"", ""none"", ""moveable"", ""none"", ""moveable""]",0.0,0.0,True,True
discovery:n12:seed106:shuffled:t4:immovable:k1,pre_branch,setup,0,0,"[4, 0, 9, 6, 8, 11, 5, 10, 2, 1, 3, 7]","[""none"", ""none"", ""none"", ""none"", ""none"", ""none"", ""none"", ""none"", ""none"", ""none"", ""none"", ""none""]",0.45454545454545453,0.5151515151515151,False,False
discovery:n12:seed106:shuffled:t4:immovable:k1,pre_branch,step,1,14,"[0, 4, 9, 6, 8, 11, 5, 1, 10, 2, 3, 7]","[""none"", ""none"", ""none"", ""none"", ""none"", ""none"", ""none"", ""none"", ""none"", ""none"", ""none"", ""none""]",0.36363636363636365,0.4696969696969697,False,False
discovery:n12:seed106:shuffled:t4:immovable:k1,pre_branch,step,2,28,"[0, 4, 9, 6, 8, 5, 11, 1, 2, 3, 10, 7]","[""none"", ""none"", ""none"", ""none"", ""none"", ""none"", ""none"", ""none"", ""none"", ""none"", ""none"", ""none""]",0.36363636363636365,0.42424242424242425,False,False
discovery:n12:seed106:shuffled:t4:immovable:k1,pre_branch,step,3,42,"[0, 4, 6, 9, 8, 5, 1, 2, 11, 3, 7, 10]","[""none"", ""none"", ""none"", ""none"", ""none"", ""none"", ""none"", ""none"", ""none"", ""none"", ""none"", ""none""]",0.36363636363636365,0.36363636363636365,False,False
discovery:n12:seed106:shuffled:t4:immovable:k1,pre_branch,step,4,60,"[0, 4, 5, 6, 1, 9, 2, 8, 3, 11, 7, 10]","[""none"", ""none"", ""none"", ""none"", ""none"", ""none"", ""none"", ""none"", ""none"", ""none"", ""none"", ""none""]",0.36363636363636365,0.25757575757575757,False,False
discovery:n12:seed106:shuffled:t4:immovable:k1,post_branch,freeze-immovable,4,60,"[0, 4, 5, 6, 1, 9, 2, 8, 3, 11, 7, 10]","[""none"", ""none"", ""none"", ""none"", ""none"", ""none"", ""none"", ""immovable"", ""none"", ""none"", ""none"", ""none""]",0.36363636363636365,0.25757575757575757,False,False
discovery:n12:seed106:shuffled:t4:immovable:k1,post_branch,step,5,73,"[0, 4, 5, 6, 1, 2, 9, 8, 3, 7, 10, 11]","[""none"", ""none"", ""none"", ""none"", ""none"", ""none"", ""none"", ""immovable"", ""none"", ""none"", ""none"", ""none""]",0.2727272727272727,0.21212121212121213,False,False
discovery:n12:seed106:shuffled:t4:immovable:k1,post_branch,step,6,86,"[0, 1, 4, 5, 6, 2, 9, 8, 3, 7, 10, 11]","[""none"", ""none"", ""none"", ""none"", ""none"", ""none"", ""none"", ""immovable"", ""none"", ""none"", ""none"", ""none""]",0.2727272727272727,0.16666666666666666,False,False
discovery:n12:seed106:shuffled:t4:immovable:k1,post_branch,step,7,98,"[0, 1, 4, 2, 5, 6, 9, 8, 3, 7, 10, 11]","[""none"", ""none"", ""none"", ""none"", ""none"", ""none"", ""none"", ""immovable"", ""none"", ""none"", ""none"", ""none""]",0.2727272727272727,0.13636363636363635,False,False
discovery:n12:seed106:shuffled:t4:immovable:k1,post_branch,step,8,110,"[0, 1, 2, 4, 5, 6, 9, 8, 3, 7, 10, 11]","[""none"", ""none"", ""none"", ""none"", ""none"", ""none"", ""none"", ""immovable"", ""none"", ""none"", ""none"", ""none""]",0.18181818181818182,0.12121212121212122,False,True
discovery:n12:seed106:shuffled:t4:immovable:k2,pre_branch,setup,0,0,"[4, 0, 9, 6, 8, 11, 5, 10, 2, 1, 3, 7]","[""none"", ""none"", ""none"", ""none"", ""none"", ""none"", ""none"", ""none"", ""none"", ""none"", ""none"", ""none""]",0.45454545454545453,0.5151515151515151,False,False
discovery:n12:seed106:shuffled:t4:immovable:k2,pre_branch,step,1,14,"[0, 4, 9, 6, 8, 11, 5, 1, 10, 2, 3, 7]","[""none"", ""none"", ""none"", ""none"", ""none"", ""none"", ""none"", ""none"", ""none"", ""none"", ""none"", ""none""]",0.36363636363636365,0.4696969696969697,False,False
discovery:n12:seed106:shuffled:t4:immovable:k2,pre_branch,step,2,28,"[0, 4, 9, 6, 8, 5, 11, 1, 2, 3, 10, 7]","[""none"", ""none"", ""none"", ""none"", ""none"", ""none"", ""none"", ""none"", ""none"", ""none"", ""none"", ""none""]",0.36363636363636365,0.42424242424242425,False,False
discovery:n12:seed106:shuffled:t4:immovable:k2,pre_branch,step,3,42,"[0, 4, 6, 9, 8, 5, 1, 2, 11, 3, 7, 10]","[""none"", ""none"", ""none"", ""none"", ""none"", ""none"", ""none"", ""none"", ""none"", ""none"", ""none"", ""none""]",0.36363636363636365,0.36363636363636365,False,False
discovery:n12:seed106:shuffled:t4:immovable:k2,pre_branch,step,4,60,"[0, 4, 5, 6, 1, 9, 2, 8, 3, 11, 7, 10]","[""none"", ""none"", ""none"", ""none"", ""none"", ""none"", ""none"", ""none"", ""none"", ""none"", ""none"", ""none""]",0.36363636363636365,0.25757575757575757,False,False
discovery:n12:seed106:shuffled:t4:immovable:k2,post_branch,freeze-immovable,4,60,"[0, 4, 5, 6, 1, 9, 2, 8, 3, 11, 7, 10]","[""none"", ""immovable"", ""none"", ""none"", ""none"", ""none"", ""none"", ""none"", ""none"", ""none"", ""none"", ""immovable""]",0.36363636363636365,0.25757575757575757,False,False
discovery:n12:seed106:shuffled:t4:immovable:k2,post_branch,step,5,74,"[0, 4, 5, 1, 6, 2, 3, 9, 8, 11, 7, 10]","[""none"", ""immovable"", ""none"", ""none"", ""none"", ""none"", ""none"", ""none"", ""none"", ""none"", ""none"", ""immovable""]",0.36363636363636365,0.19696969696969696,False,False
discovery:n12:seed106:shuffled:t4:immovable:k2,post_branch,step,6,84,"[0, 4, 5, 1, 6, 2, 3, 9, 8, 7, 11, 10]","[""none"", ""immovable"", ""none"", ""none"", ""none"", ""none"", ""none"", ""none"", ""none"", ""none"", ""none"", ""immovable""]",0.45454545454545453,0.18181818181818182,False,False
discovery:n12:seed106:shuffled:t4:immovable:k2,post_branch,step,7,99,"[0, 4, 1, 2, 5, 3, 6, 8, 9, 7, 11, 10]","[""none"", ""immovable"", ""none"", ""none"", ""none"", ""none"", ""none"", ""none"", ""none"", ""none"", ""none"", ""immovable""]",0.36363636363636365,0.10606060606060606,False,False
discovery:n12:seed106:shuffled:t4:immovable:k2,post_branch,step,8,111,"[0, 4, 1, 2, 3, 5, 6, 8, 7, 9, 11, 10]","[""none"", ""immovable"", ""none"", ""none"", ""none"", ""none"", ""none"", ""none"", ""none"", ""none"", ""none"", ""immovable""]",0.2727272727272727,0.07575757575757576,False,False
discovery:n12:seed106:shuffled:t4:immovable:k2,post_branch,step,9,120,"[0, 4, 1, 2, 3, 5, 6, 8, 7, 9, 11, 10]","[""none"", ""immovable"", ""none"", ""none"", ""none"", ""none"", ""none"", ""none"", ""none"", ""none"", ""none"", ""immovable""]",0.2727272727272727,0.07575757575757576,False,False
discovery:n12:seed106:shuffled:t4:immovable:k2,post_branch,step,10,130,"[0, 4, 1, 2, 3, 5, 6, 7, 8, 9, 11, 10]","[""none"", ""immovable"", ""none"", ""none"", ""none"", ""none"", ""none"", ""none"", ""none"", ""none"", ""none"", ""immovable""]",0.18181818181818182,0.06060606060606061,False,True
discovery:n12:seed106:shuffled:t4:immovable:k3,pre_branch,setup,0,0,"[4, 0, 9, 6, 8, 11, 5, 10, 2, 1, 3, 7]","[""none"", ""none"", ""none"", ""none"", ""none"", ""none"", ""none"", ""none"", ""none"", ""none"", ""none"", ""none""]",0.45454545454545453,0.5151515151515151,False,False
discovery:n12:seed106:shuffled:t4:immovable:k3,pre_branch,step,1,14,"[0, 4, 9, 6, 8, 11, 5, 1, 10, 2, 3, 7]","[""none"", ""none"", ""none"", ""none"", ""none"", ""none"", ""none"", ""none"", ""none"", ""none"", ""none"", ""none""]",0.36363636363636365,0.4696969696969697,False,False
discovery:n12:seed106:shuffled:t4:immovable:k3,pre_branch,step,2,28,"[0, 4, 9, 6, 8, 5, 11, 1, 2, 3, 10, 7]","[""none"", ""none"", ""none"", ""none"", ""none"", ""none"", ""none"", ""none"", ""none"", ""none"", ""none"", ""none""]",0.36363636363636365,0.42424242424242425,False,False
discovery:n12:seed106:shuffled:t4:immovable:k3,pre_branch,step,3,42,"[0, 4, 6, 9, 8, 5, 1, 2, 11, 3, 7, 10]","[""none"", ""none"", ""none"", ""none"", ""none"", ""none"", ""none"", ""none"", ""none"", ""none"", ""none"", ""none""]",0.36363636363636365,0.36363636363636365,False,False
discovery:n12:seed106:shuffled:t4:immovable:k3,pre_branch,step,4,60,"[0, 4, 5, 6, 1, 9, 2, 8, 3, 11, 7, 10]","[""none"", ""none"", ""none"", ""none"", ""none"", ""none"", ""none"", ""none"", ""none"", ""none"", ""none"", ""none""]",0.36363636363636365,0.25757575757575757,False,False
discovery:n12:seed106:shuffled:t4:immovable:k3,post_branch,freeze-immovable,4,60,"[0, 4, 5, 6, 1, 9, 2, 8, 3, 11, 7, 10]","[""none"", ""none"", ""immovable"", ""none"", ""none"", ""immovable"", ""none"", ""none"", ""none"", ""immovable"", ""none"", ""none""]",0.36363636363636365,0.25757575757575757,False,False
discovery:n12:seed106:shuffled:t4:immovable:k3,post_branch,step,5,70,"[0, 4, 5, 6, 1, 9, 2, 3, 8, 11, 7, 10]","[""none"", ""none"", ""immovable"", ""none"", ""none"", ""immovable"", ""none"", ""none"", ""none"", ""immovable"", ""none"", ""none""]",0.2727272727272727,0.24242424242424243,False,False
discovery:n12:seed106:shuffled:t4:immovable:k3,post_branch,step,6,78,"[0, 4, 5, 1, 6, 9, 2, 3, 8, 11, 7, 10]","[""none"", ""none"", ""immovable"", ""none"", ""none"", ""immovable"", ""none"", ""none"", ""none"", ""immovable"", ""none"", ""none""]",0.2727272727272727,0.22727272727272727,False,True
