"BehaviorSpace results (NetLogo 7.0.4)","Table version 2.0"
"/home/brian/code/collective-competence/goal-discovery/src/experiments/thermostat/thermostat.nlogox"
"003-load-actuator-disabled"
"08/29/2026 01:37:10:309 -0700"
"min-pxcor","max-pxcor","min-pycor","max-pycor"
"0","4","-20","80"
"[run number]","arm","initial-temperature","ambient-temperature","setpoint","relaxation-rate","controller-gain","max-control","displacement-amount","load-magnitude","max-ticks","[step]","ticks","temperature","setpoint","sensed-temperature","control-error","passive-term","commanded-control","applied-control","external-load","load-active?","sensor-blocked?","actuator-disabled?","distance-to-setpoint","control-opposes-error?","last-event"
"1","feedback","20","20","20","0.05","0.25","2","15","-0.4","160","0","0","20","20","20","0","0","0","0","0","false","false","false","0","true","setup"
"1","feedback","20","20","20","0.05","0.25","2","15","-0.4","160","1","1","20","20","20","0","0","0","0","0","false","false","false","0","true","setup"
"1","feedback","20","20","20","0.05","0.25","2","15","-0.4","160","2","2","20","20","20","0","0","0","0","0","false","false","false","0","true","setup"
"1","feedback","20","20","20","0.05","0.25","2","15","-0.4","160","3","3","20","20","20","0","0","0","0","0","false","false","false","0","true","setup"
"1","feedback","20","20","20","0.05","0.25","2","15","-0.4","160","4","4","20","20","20","0","0","0","0","0","false","false","false","0","true","setup"
"1","feedback","20","20","20","0.05","0.25","2","15","-0.4","160","5","5","20","20","20","0","0","0","0","0","false","false","false","0","true","setup"
"1","feedback","20","20","20","0.05","0.25","2","15","-0.4","160","6","6","20","20","20","0","0","0","0","0","false","false","false","0","true","setup"
"1","feedback","20","20","20","0.05","0.25","2","15","-0.4","160","7","7","20","20","20","0","0","0","0","0","false","false","false","0","true","setup"
"1","feedback","20","20","20","0.05","0.25","2","15","-0.4","160","8","8","20","20","20","0","0","0","0","0","false","false","false","0","true","setup"
"1","feedback","20","20","20","0.05","0.25","2","15","-0.4","160","9","9","20","20","20","0","0","0","0","0","false","false","false","0","true","setup"
"1","feedback","20","20","20","0.05","0.25","2","15","-0.4","160","10","10","20","20","20","0","0","0","0","0","false","false","false","0","true","setup"
"1","feedback","20","20","20","0.05","0.25","2","15","-0.4","160","11","11","20","20","20","0","0","0","0","0","false","false","false","0","true","setup"
"1","feedback","20","20","20","0.05","0.25","2","15","-0.4","160","12","12","20","20","20","0","0","0","0","0","false","false","false","0","true","setup"
"1","feedback","20","20","20","0.05","0.25","2","15","-0.4","160","13","13","20","20","20","0","0","0","0","0","false","false","false","0","true","setup"
"1","feedback","20","20","20","0.05","0.25","2","15","-0.4","160","14","14","20","20","20","0","0","0","0","0","false","false","false","0","true","setup"
"1","feedback","20","20","20","0.05","0.25","2","15","-0.4","160","15","15","20","20","20","0","0","0","0","0","false","false","false","0","true","setup"
"1","feedback","20","20","20","0.05","0.25","2","15","-0.4","160","16","16","20","20","20","0","0","0","0","0","false","false","false","0","true","setup"
"1","feedback","20","20","20","0.05","0.25","2","15","-0.4","160","17","17","20","20","20","0","0","0","0","0","false","false","false","0","true","setup"
"1","feedback","20","20","20","0.05","0.25","2","15","-0.4","160","18","18","20","20","20","0","0","0","0","0","false","false","false","0","true","setup"
"1","feedback","20","20","20","0.05","0.25","2","15","-0.4","160","19","19","20","20","20","0","0","0","0","0","false","false","false","0","true","setup"
"1","feedback","20","20","20","0.05","0.25","2","15","-0.4","160","20","20","20","20","20","0","0","0","0","0","false","false","false","0","true","setup"
"1","feedback","20","20","20","0.05","0.25","2","15","-0.4","160","21","21","19.6","20","20","0","0","0","0","-0.4","true","false","true","0.3999999999999986","true","actuator-disabled"
"1","feedback","20","20","20","0.05","0.25","2","15","-0.4","160","22","22","19.220000000000002","20","19.6","-0.3999999999999986","0.01999999999999993","0.09999999999999964","0","-0.4","true","false","true","0.7799999999999976","true","actuator-disabled"
"1","feedback","20","20","20","0.05","0.25","2","15","-0.4","160","23","23","18.859000000000005","20","19.220000000000002","-0.7799999999999976","0.03899999999999988","0.1949999999999994","0","-0.4","true","false","true","1.1409999999999947","true","actuator-disabled"
"1","feedback","20","20","20","0.05","0.25","2","15","-0.4","160","24","24","18.516050000000007","20","18.859000000000005","-1.1409999999999947","0.05704999999999974","0.28524999999999867","0","-0.4","true","false","true","1.483949999999993","true","actuator-disabled"
"1","feedback","20","20","20","0.05","0.25","2","15","-0.4","160","25","25","18.19024750000001","20","18.516050000000007","-1.483949999999993","0.07419749999999965","0.37098749999999825","0","-0.4","true","false","true","1.8097524999999912","true","actuator-disabled"
"1","feedback","20","20","20","0.05","0.25","2","15","-0.4","160","26","26","17.880735125000008","20","18.19024750000001","-1.8097524999999912","0.09048762499999957","0.4524381249999978","0","-0.4","true","false","true","2.119264874999992","true","actuator-disabled"
"1","feedback","20","20","20","0.05","0.25","2","15","-0.4","160","27","27","17.58669836875001","20","17.880735125000008","-2.119264874999992","0.1059632437499996","0.529816218749998","0","-0.4","true","false","true","2.4133016312499898","true","actuator-disabled"
"1","feedback","20","20","20","0.05","0.25","2","15","-0.4","160","28","28","17.30736345031251","20","17.58669836875001","-2.4133016312499898","0.1206650815624995","0.6033254078124974","0","-0.4","true","false","true","2.6926365496874887","true","actuator-disabled"
"1","feedback","20","20","20","0.05","0.25","2","15","-0.4","160","29","29","17.041995277796886","20","17.30736345031251","-2.6926365496874887","0.13463182748437444","0.6731591374218722","0","-0.4","true","false","true","2.958004722203114","true","actuator-disabled"
"1","feedback","20","20","20","0.05","0.25","2","15","-0.4","160","30","30","16.789895513907044","20","17.041995277796886","-2.958004722203114","0.1479002361101557","0.7395011805507785","0","-0.4","true","false","true","3.2101044860929555","true","actuator-disabled"
"1","feedback","20","20","20","0.05","0.25","2","15","-0.4","160","31","31","16.550400738211692","20","16.789895513907044","-3.2101044860929555","0.16050522430464778","0.8025261215232389","0","-0.4","true","false","true","3.4495992617883076","true","actuator-disabled"
"1","feedback","20","20","20","0.05","0.25","2","15","-0.4","160","32","32","16.32288070130111","20","16.550400738211692","-3.4495992617883076","0.17247996308941538","0.8623998154470769","0","-0.4","true","false","true","3.6771192986988908","true","actuator-disabled"
"1","feedback","20","20","20","0.05","0.25","2","15","-0.4","160","33","33","16.106736666236056","20","16.32288070130111","-3.6771192986988908","0.18385596493494455","0.9192798246747227","0","-0.4","true","false","true","3.8932633337639437","true","actuator-disabled"
"1","feedback","20","20","20","0.05","0.25","2","15","-0.4","160","34","34","15.901399832924254","20","16.106736666236056","-3.8932633337639437","0.1946631666881972","0.9733158334409859","0","-0.4","true","false","true","4.098600167075746","true","actuator-disabled"
"1","feedback","20","20","20","0.05","0.25","2","15","-0.4","160","35","35","15.70632984127804","20","15.901399832924254","-4.098600167075746","0.20493000835378733","1.0246500417689366","0","-0.4","true","false","true","4.293670158721961","true","actuator-disabled"
"1","feedback","20","20","20","0.05","0.25","2","15","-0.4","160","36","36","15.521013349214137","20","15.70632984127804","-4.293670158721961","0.21468350793609803","1.0734175396804901","0","-0.4","true","false","true","4.478986650785863","true","actuator-disabled"
"1","feedback","20","20","20","0.05","0.25","2","15","-0.4","160","37","37","15.34496268175343","20","15.521013349214137","-4.478986650785863","0.22394933253929317","1.1197466626964658","0","-0.4","true","false","true","4.6550373182465705","true","actuator-disabled"
"1","feedback","20","20","20","0.05","0.25","2","15","-0.4","160","38","38","15.177714547665758","20","15.34496268175343","-4.6550373182465705","0.23275186591232855","1.1637593295616426","0","-0.4","true","false","true","4.822285452334242","true","actuator-disabled"
"1","feedback","20","20","20","0.05","0.25","2","15","-0.4","160","39","39","15.01882882028247","20","15.177714547665758","-4.822285452334242","0.24111427261671212","1.2055713630835605","0","-0.4","true","false","true","4.9811711797175295","true","actuator-disabled"
"1","feedback","20","20","20","0.05","0.25","2","15","-0.4","160","40","40","14.867887379268346","20","15.01882882028247","-4.9811711797175295","0.24905855898587648","1.2452927949293824","0","-0.4","true","false","true","5.132112620731654","true","actuator-disabled"
"1","feedback","20","20","20","0.05","0.25","2","15","-0.4","160","41","41","14.72449301030493","20","14.867887379268346","-5.132112620731654","0.2566056310365827","1.2830281551829135","0","-0.4","true","false","true","5.275506989695071","true","actuator-disabled"
"1","feedback","20","20","20","0.05","0.25","2","15","-0.4","160","42","42","14.588268359789682","20","14.72449301030493","-5.275506989695071","0.26377534948475356","1.3188767474237677","0","-0.4","true","false","true","5.411731640210318","true","actuator-disabled"
"1","feedback","20","20","20","0.05","0.25","2","15","-0.4","160","43","43","14.458854941800197","20","14.588268359789682","-5.411731640210318","0.27058658201051594","1.3529329100525795","0","-0.4","true","false","true","5.5411450581998025","true","actuator-disabled"
"1","feedback","20","20","20","0.05","0.25","2","15","-0.4","160","44","44","14.335912194710188","20","14.458854941800197","-5.5411450581998025","0.2770572529099901","1.3852862645499506","0","-0.4","true","false","true","5.664087805289812","true","actuator-disabled"
"1","feedback","20","20","20","0.05","0.25","2","15","-0.4","160","45","45","14.219116584974678","20","14.335912194710188","-5.664087805289812","0.2832043902644906","1.416021951322453","0","-0.4","true","false","true","5.780883415025322","true","actuator-disabled"
"1","feedback","20","20","20","0.05","0.25","2","15","-0.4","160","46","46","14.108160755725944","20","14.219116584974678","-5.780883415025322","0.2890441707512661","1.4452208537563305","0","-0.4","true","false","true","5.891839244274056","true","actuator-disabled"
"1","feedback","20","20","20","0.05","0.25","2","15","-0.4","160","47","47","14.002752717939646","20","14.108160755725944","-5.891839244274056","0.2945919622137028","1.472959811068514","0","-0.4","true","false","true","5.9972472820603535","true","actuator-disabled"
"1","feedback","20","20","20","0.05","0.25","2","15","-0.4","160","48","48","13.902615082042663","20","14.002752717939646","-5.9972472820603535","0.2998623641030177","1.4993118205150884","0","-0.4","true","false","true","6.097384917957337","true","actuator-disabled"
"1","feedback","20","20","20","0.05","0.25","2","15","-0.4","160","49","49","13.80748432794053","20","13.902615082042663","-6.097384917957337","0.30486924589786685","1.5243462294893342","0","-0.4","true","false","true","6.19251567205947","true","actuator-disabled"
"1","feedback","20","20","20","0.05","0.25","2","15","-0.4","160","50","50","13.717110111543503","20","13.80748432794053","-6.19251567205947","0.3096257836029735","1.5481289180148674","0","-0.4","true","false","true","6.282889888456497","true","actuator-disabled"
"1","feedback","20","20","20","0.05","0.25","2","15","-0.4","160","51","51","13.631254605966328","20","13.717110111543503","-6.282889888456497","0.3141444944228249","1.5707224721141242","0","-0.4","true","false","true","6.368745394033672","true","actuator-disabled"
"1","feedback","20","20","20","0.05","0.25","2","15","-0.4","160","52","52","13.549691875668012","20","13.631254605966328","-6.368745394033672","0.3184372697016836","1.592186348508418","0","-0.4","true","false","true","6.450308124331988","true","actuator-disabled"
"1","feedback","20","20","20","0.05","0.25","2","15","-0.4","160","53","53","13.47220728188461","20","13.549691875668012","-6.450308124331988","0.3225154062165994","1.612577031082997","0","-0.4","true","false","true","6.527792718115389","true","actuator-disabled"
"1","feedback","20","20","20","0.05","0.25","2","15","-0.4","160","54","54","13.39859691779038","20","13.47220728188461","-6.527792718115389","0.32638963590576947","1.6319481795288473","0","-0.4","true","false","true","6.60140308220962","true","actuator-disabled"
"1","feedback","20","20","20","0.05","0.25","2","15","-0.4","160","55","55","13.328667071900862","20","13.39859691779038","-6.60140308220962","0.330070154110481","1.650350770552405","0","-0.4","true","false","true","6.6713329280991385","true","actuator-disabled"
"1","feedback","20","20","20","0.05","0.25","2","15","-0.4","160","56","56","13.262233718305819","20","13.328667071900862","-6.6713329280991385","0.3335666464049569","1.6678332320247846","0","-0.4","true","false","true","6.7377662816941815","true","actuator-disabled"
"1","feedback","20","20","20","0.05","0.25","2","15","-0.4","160","57","57","13.199122032390527","20","13.262233718305819","-6.7377662816941815","0.3368883140847091","1.6844415704235454","0","-0.4","true","false","true","6.800877967609473","true","actuator-disabled"
"1","feedback","20","20","20","0.05","0.25","2","15","-0.4","160","58","58","13.139165930771","20","13.199122032390527","-6.800877967609473","0.34004389838047366","1.7002194919023683","0","-0.4","true","false","true","6.860834069229","true","actuator-disabled"
"1","feedback","20","20","20","0.05","0.25","2","15","-0.4","160","59","59","13.08220763423245","20","13.139165930771","-6.860834069229","0.34304170346145","1.71520851730725","0","-0.4","true","false","true","6.91779236576755","true","actuator-disabled"
"1","feedback","20","20","20","0.05","0.25","2","15","-0.4","160","60","60","13.028097252520828","20","13.08220763423245","-6.91779236576755","0.3458896182883775","1.7294480914418875","0","-0.4","true","false","true","6.971902747479172","true","actuator-disabled"
"1","feedback","20","20","20","0.05","0.25","2","15","-0.4","160","61","61","12.976692389894787","20","13.028097252520828","-6.971902747479172","0.34859513737395864","1.742975686869793","0","-0.4","true","false","true","7.023307610105213","true","actuator-disabled"
"1","feedback","20","20","20","0.05","0.25","2","15","-0.4","160","62","62","12.927857770400047","20","12.976692389894787","-7.023307610105213","0.3511653805052607","1.7558269025263034","0","-0.4","true","false","true","7.072142229599953","true","actuator-disabled"
"1","feedback","20","20","20","0.05","0.25","2","15","-0.4","160","63","63","12.881464881880044","20","12.927857770400047","-7.072142229599953","0.3536071114799977","1.7680355573999882","0","-0.4","true","false","true","7.118535118119956","true","actuator-disabled"
"1","feedback","20","20","20","0.05","0.25","2","15","-0.4","160","64","64","12.837391637786041","20","12.881464881880044","-7.118535118119956","0.3559267559059978","1.779633779529989","0","-0.4","true","false","true","7.162608362213959","true","actuator-disabled"
"1","feedback","20","20","20","0.05","0.25","2","15","-0.4","160","65","65","12.795522055896738","20","12.837391637786041","-7.162608362213959","0.35813041811069796","1.7906520905534897","0","-0.4","true","false","true","7.204477944103262","true","actuator-disabled"
"1","feedback","20","20","20","0.05","0.25","2","15","-0.4","160","66","66","12.7557459531019","20","12.795522055896738","-7.204477944103262","0.3602238972051631","1.8011194860258155","0","-0.4","true","false","true","7.244254046898099","true","actuator-disabled"
"1","feedback","20","20","20","0.05","0.25","2","15","-0.4","160","67","67","12.717958655446806","20","12.7557459531019","-7.244254046898099","0.362212702344905","1.8110635117245248","0","-0.4","true","false","true","7.282041344553194","true","actuator-disabled"
"1","feedback","20","20","20","0.05","0.25","2","15","-0.4","160","68","68","12.682060722674464","20","12.717958655446806","-7.282041344553194","0.36410206722765975","1.8205103361382986","0","-0.4","true","false","true","7.317939277325536","true","actuator-disabled"
"1","feedback","20","20","20","0.05","0.25","2","15","-0.4","160","69","69","12.64795768654074","20","12.682060722674464","-7.317939277325536","0.3658969638662768","1.829484819331384","0","-0.4","true","false","true","7.352042313459259","true","actuator-disabled"
"1","feedback","20","20","20","0.05","0.25","2","15","-0.4","160","70","70","12.615559802213703","20","12.64795768654074","-7.352042313459259","0.36760211567296297","1.8380105783648149","0","-0.4","true","false","true","7.384440197786297","true","actuator-disabled"
"1","feedback","20","20","20","0.05","0.25","2","15","-0.4","160","71","71","12.584781812103017","20","12.615559802213703","-7.384440197786297","0.36922200988931486","1.8461100494465743","0","-0.4","true","false","true","7.415218187896983","true","actuator-disabled"
"1","feedback","20","20","20","0.05","0.25","2","15","-0.4","160","72","72","12.555542721497867","20","12.584781812103017","-7.415218187896983","0.3707609093948492","1.8538045469742457","0","-0.4","true","false","true","7.444457278502133","true","actuator-disabled"
"1","feedback","20","20","20","0.05","0.25","2","15","-0.4","160","73","73","12.527765585422973","20","12.555542721497867","-7.444457278502133","0.3722228639251067","1.8611143196255333","0","-0.4","true","false","true","7.472234414577027","true","actuator-disabled"
"1","feedback","20","20","20","0.05","0.25","2","15","-0.4","160","74","74","12.501377306151824","20","12.527765585422973","-7.472234414577027","0.3736117207288514","1.8680586036442568","0","-0.4","true","false","true","7.498622693848176","true","actuator-disabled"
"1","feedback","20","20","20","0.05","0.25","2","15","-0.4","160","75","75","12.476308440844232","20","12.501377306151824","-7.498622693848176","0.37493113469240885","1.874655673462044","0","-0.4","true","false","true","7.523691559155768","true","actuator-disabled"
"1","feedback","20","20","20","0.05","0.25","2","15","-0.4","160","76","76","12.45249301880202","20","12.476308440844232","-7.523691559155768","0.3761845779577884","1.880922889788942","0","-0.4","true","false","true","7.54750698119798","true","actuator-disabled"
"1","feedback","20","20","20","0.05","0.25","2","15","-0.4","160","77","77","12.42986836786192","20","12.45249301880202","-7.54750698119798","0.377375349059899","1.886876745299495","0","-0.4","true","false","true","7.5701316321380805","true","actuator-disabled"
"1","feedback","20","20","20","0.05","0.25","2","15","-0.4","160","78","78","12.408374949468824","20","12.42986836786192","-7.5701316321380805","0.37850658160690404","1.8925329080345201","0","-0.4","true","false","true","7.591625050531176","true","actuator-disabled"
"1","feedback","20","20","20","0.05","0.25","2","15","-0.4","160","79","79","12.387956201995383","20","12.408374949468824","-7.591625050531176","0.37958125252655883","1.897906262632794","0","-0.4","true","false","true","7.612043798004617","true","actuator-disabled"
"1","feedback","20","20","20","0.05","0.25","2","15","-0.4","160","80","80","12.368558391895613","20","12.387956201995383","-7.612043798004617","0.38060218990023087","1.9030109495011542","0","-0.4","true","false","true","7.631441608104387","true","actuator-disabled"
"1","feedback","20","20","20","0.05","0.25","2","15","-0.4","160","81","81","12.350130472300831","20","12.368558391895613","-7.631441608104387","0.3815720804052194","1.9078604020260967","0","-0.4","true","false","true","7.649869527699169","true","actuator-disabled"
"1","feedback","20","20","20","0.05","0.25","2","15","-0.4","160","82","82","12.33262394868579","20","12.350130472300831","-7.649869527699169","0.38249347638495845","1.9124673819247922","0","-0.4","true","false","true","7.667376051314211","true","actuator-disabled"
"1","feedback","20","20","20","0.05","0.25","2","15","-0.4","160","83","83","12.3159927512515","20","12.33262394868579","-7.667376051314211","0.38336880256571054","1.9168440128285527","0","-0.4","true","false","true","7.6840072487485","true","actuator-disabled"
"1","feedback","20","20","20","0.05","0.25","2","15","-0.4","160","84","84","12.300193113688925","20","12.3159927512515","-7.6840072487485","0.38420036243742506","1.921001812187125","0","-0.4","true","false","true","7.699806886311075","true","actuator-disabled"
"1","feedback","20","20","20","0.05","0.25","2","15","-0.4","160","85","85","12.285183458004479","20","12.300193113688925","-7.699806886311075","0.3849903443155538","1.9249517215777687","0","-0.4","true","false","true","7.714816541995521","true","actuator-disabled"
"1","feedback","20","20","20","0.05","0.25","2","15","-0.4","160","86","86","12.270924285104254","20","12.285183458004479","-7.714816541995521","0.3857408270997761","1.9287041354988803","0","-0.4","true","false","true","7.729075714895746","true","actuator-disabled"
"1","feedback","20","20","20","0.05","0.25","2","15","-0.4","160","87","87","12.257378070849041","20","12.270924285104254","-7.729075714895746","0.38645378574478734","1.9322689287239365","0","-0.4","true","false","true","7.742621929150959","true","actuator-disabled"
"1","feedback","20","20","20","0.05","0.25","2","15","-0.4","160","88","88","12.244509167306589","20","12.257378070849041","-7.742621929150959","0.38713109645754795","1.9356554822877396","0","-0.4","true","false","true","7.755490832693411","true","actuator-disabled"
"1","feedback","20","20","20","0.05","0.25","2","15","-0.4","160","89","89","12.232283708941258","20","12.244509167306589","-7.755490832693411","0.38777454163467057","1.9388727081733528","0","-0.4","true","false","true","7.767716291058742","true","actuator-disabled"
"1","feedback","20","20","20","0.05","0.25","2","15","-0.4","160","90","90","12.220669523494195","20","12.232283708941258","-7.767716291058742","0.3883858145529371","1.9419290727646854","0","-0.4","true","false","true","7.779330476505805","true","actuator-disabled"
"1","feedback","20","20","20","0.05","0.25","2","15","-0.4","160","91","91","12.209636047319485","20","12.220669523494195","-7.779330476505805","0.3889665238252903","1.9448326191264513","0","-0.4","true","false","true","7.790363952680515","true","actuator-disabled"
"1","feedback","20","20","20","0.05","0.25","2","15","-0.4","160","92","92","12.19915424495351","20","12.209636047319485","-7.790363952680515","0.3895181976340258","1.9475909881701288","0","-0.4","true","false","true","7.80084575504649","true","actuator-disabled"
"1","feedback","20","20","20","0.05","0.25","2","15","-0.4","160","93","93","12.189196532705834","20","12.19915424495351","-7.80084575504649","0.3900422877523245","1.9502114387616225","0","-0.4","true","false","true","7.810803467294166","true","actuator-disabled"
"1","feedback","20","20","20","0.05","0.25","2","15","-0.4","160","94","94","12.179736706070543","20","12.189196532705834","-7.810803467294166","0.3905401733647083","1.9527008668235415","0","-0.4","true","false","true","7.820263293929457","true","actuator-disabled"
"1","feedback","20","20","20","0.05","0.25","2","15","-0.4","160","95","95","12.170749870767015","20","12.179736706070543","-7.820263293929457","0.3910131646964729","1.9550658234823644","0","-0.4","true","false","true","7.829250129232985","true","actuator-disabled"
"1","feedback","20","20","20","0.05","0.25","2","15","-0.4","160","96","96","12.162212377228665","20","12.170749870767015","-7.829250129232985","0.39146250646164926","1.9573125323082463","0","-0.4","true","false","true","7.8377876227713354","true","actuator-disabled"
"1","feedback","20","20","20","0.05","0.25","2","15","-0.4","160","97","97","12.154101758367231","20","12.162212377228665","-7.8377876227713354","0.3918893811385668","1.9594469056928339","0","-0.4","true","false","true","7.845898241632769","true","actuator-disabled"
"1","feedback","20","20","20","0.05","0.25","2","15","-0.4","160","98","98","12.146396670448869","20","12.154101758367231","-7.845898241632769","0.39229491208163847","1.9614745604081922","0","-0.4","true","false","true","7.853603329551131","true","actuator-disabled"
"1","feedback","20","20","20","0.05","0.25","2","15","-0.4","160","99","99","12.139076836926426","20","12.146396670448869","-7.853603329551131","0.39268016647755655","1.9634008323877827","0","-0.4","true","false","true","7.860923163073574","true","actuator-disabled"
"1","feedback","20","20","20","0.05","0.25","2","15","-0.4","160","100","100","12.132122995080104","20","12.139076836926426","-7.860923163073574","0.3930461581536787","1.9652307907683935","0","-0.4","true","false","true","7.867877004919896","true","actuator-disabled"
"1","feedback","20","20","20","0.05","0.25","2","15","-0.4","160","101","101","12.125516845326098","20","12.132122995080104","-7.867877004919896","0.3933938502459948","1.966969251229974","0","-0.4","true","false","true","7.874483154673902","true","actuator-disabled"
"1","feedback","20","20","20","0.05","0.25","2","15","-0.4","160","102","102","12.119241003059793","20","12.125516845326098","-7.874483154673902","0.3937241577336951","1.9686207886684755","0","-0.4","true","false","true","7.880758996940207","true","actuator-disabled"
"1","feedback","20","20","20","0.05","0.25","2","15","-0.4","160","103","103","12.113278952906803","20","12.119241003059793","-7.880758996940207","0.39403794984701035","1.9701897492350517","0","-0.4","true","false","true","7.8867210470931965","true","actuator-disabled"
"1","feedback","20","20","20","0.05","0.25","2","15","-0.4","160","104","104","12.107615005261463","20","12.113278952906803","-7.8867210470931965","0.39433605235465985","1.9716802617732991","0","-0.4","true","false","true","7.892384994738537","true","actuator-disabled"
"1","feedback","20","20","20","0.05","0.25","2","15","-0.4","160","105","105","12.10223425499839","20","12.107615005261463","-7.892384994738537","0.39461924973692686","1.9730962486846342","0","-0.4","true","false","true","7.89776574500161","true","actuator-disabled"
"1","feedback","20","20","20","0.05","0.25","2","15","-0.4","160","106","106","12.097122542248469","20","12.10223425499839","-7.89776574500161","0.3948882872500805","1.9744414362504026","0","-0.4","true","false","true","7.902877457751531","true","actuator-disabled"
"1","feedback","20","20","20","0.05","0.25","2","15","-0.4","160","107","107","12.092266415136045","20","12.097122542248469","-7.902877457751531","0.3951438728875766","1.9757193644378828","0","-0.4","true","false","true","7.907733584863955","true","actuator-disabled"
"1","feedback","20","20","20","0.05","0.25","2","15","-0.4","160","108","108","12.087653094379242","20","12.092266415136045","-7.907733584863955","0.39538667924319776","1.9769333962159887","0","-0.4","true","false","true","7.912346905620758","true","actuator-disabled"
"1","feedback","20","20","20","0.05","0.25","2","15","-0.4","160","109","109","12.083270439660279","20","12.087653094379242","-7.912346905620758","0.3956173452810379","1.9780867264051896","0","-0.4","true","false","true","7.916729560339721","true","actuator-disabled"
"1","feedback","20","20","20","0.05","0.25","2","15","-0.4","160","110","110","12.079106917677263","20","12.083270439660279","-7.916729560339721","0.39583647801698607","1.9791823900849304","0","-0.4","true","false","true","7.920893082322737","true","actuator-disabled"
"1","feedback","20","20","20","0.05","0.25","2","15","-0.4","160","111","111","12.0751515717934","20","12.079106917677263","-7.920893082322737","0.3960446541161369","1.9802232705806841","0","-0.4","true","false","true","7.9248484282066","true","actuator-disabled"
"1","feedback","20","20","20","0.05","0.25","2","15","-0.4","160","112","112","12.07139399320373","20","12.0751515717934","-7.9248484282066","0.39624242141033","1.98121210705165","0","-0.4","true","false","true","7.9286060067962705","true","actuator-disabled"
"1","feedback","20","20","20","0.05","0.25","2","15","-0.4","160","113","113","12.067824293543543","20","12.07139399320373","-7.9286060067962705","0.3964303003398135","1.9821515016990676","0","-0.4","true","false","true","7.932175706456457","true","actuator-disabled"
"1","feedback","20","20","20","0.05","0.25","2","15","-0.4","160","114","114","12.064433078866365","20","12.067824293543543","-7.932175706456457","0.39660878532282284","1.9830439266141142","0","-0.4","true","false","true","7.935566921133635","true","actuator-disabled"
"1","feedback","20","20","20","0.05","0.25","2","15","-0.4","160","115","115","12.061211424923046","20","12.064433078866365","-7.935566921133635","0.3967783460566818","1.9838917302834087","0","-0.4","true","false","true","7.938788575076954","true","actuator-disabled"
"1","feedback","20","20","20","0.05","0.25","2","15","-0.4","160","116","116","12.058150853676894","20","12.061211424923046","-7.938788575076954","0.3969394287538477","1.9846971437692384","0","-0.4","true","false","true","7.941849146323106","true","actuator-disabled"
"1","feedback","20","20","20","0.05","0.25","2","15","-0.4","160","117","117","12.055243310993049","20","12.058150853676894","-7.941849146323106","0.39709245731615533","1.9854622865807765","0","-0.4","true","false","true","7.944756689006951","true","actuator-disabled"
"1","feedback","20","20","20","0.05","0.25","2","15","-0.4","160","118","118","12.052481145443396","20","12.055243310993049","-7.944756689006951","0.39723783445034755","1.9861891722517377","0","-0.4","true","false","true","7.947518854556604","true","actuator-disabled"
"1","feedback","20","20","20","0.05","0.25","2","15","-0.4","160","119","119","12.049857088171226","20","12.052481145443396","-7.947518854556604","0.3973759427278302","1.986879713639151","0","-0.4","true","false","true","7.950142911828774","true","actuator-disabled"
"1","feedback","20","20","20","0.05","0.25","2","15","-0.4","160","120","120","12.047364233762664","20","12.049857088171226","-7.950142911828774","0.39750714559143874","1.9875357279571935","0","-0.4","true","false","true","7.952635766237336","true","actuator-disabled"
"1","feedback","20","20","20","0.05","0.25","2","15","-0.4","160","121","121","12.04499602207453","20","12.047364233762664","-7.952635766237336","0.3976317883118668","1.988158941559334","0","-0.4","true","false","true","7.95500397792547","true","actuator-disabled"
"1","feedback","20","20","20","0.05","0.25","2","15","-0.4","160","122","122","12.042746220970804","20","12.04499602207453","-7.95500397792547","0.3977501988962735","1.9887509944813675","0","-0.4","true","false","true","7.957253779029196","true","actuator-disabled"
"1","feedback","20","20","20","0.05","0.25","2","15","-0.4","160","123","123","12.040608909922263","20","12.042746220970804","-7.957253779029196","0.3978626889514598","1.989313444757299","0","-0.4","true","false","true","7.959391090077737","true","actuator-disabled"
"1","feedback","20","20","20","0.05","0.25","2","15","-0.4","160","124","124","12.038578464426148","20","12.040608909922263","-7.959391090077737","0.3979695545038869","1.9898477725194343","0","-0.4","true","false","true","7.961421535573852","true","actuator-disabled"
"1","feedback","20","20","20","0.05","0.25","2","15","-0.4","160","125","125","12.03664954120484","20","12.038578464426148","-7.961421535573852","0.3980710767786926","1.990355383893463","0","-0.4","true","false","true","7.96335045879516","true","actuator-disabled"
"1","feedback","20","20","20","0.05","0.25","2","15","-0.4","160","126","126","12.034817064144598","20","12.03664954120484","-7.96335045879516","0.39816752293975805","1.99083761469879","0","-0.4","true","false","true","7.9651829358554025","true","actuator-disabled"
"1","feedback","20","20","20","0.05","0.25","2","15","-0.4","160","127","127","12.033076210937367","20","12.034817064144598","-7.9651829358554025","0.39825914679277014","1.9912957339638506","0","-0.4","true","false","true","7.966923789062633","true","actuator-disabled"
"1","feedback","20","20","20","0.05","0.25","2","15","-0.4","160","128","128","12.031422400390499","20","12.033076210937367","-7.966923789062633","0.3983461894531317","1.9917309472656584","0","-0.4","true","false","true","7.968577599609501","true","actuator-disabled"
"1","feedback","20","20","20","0.05","0.25","2","15","-0.4","160","129","129","12.029851280370973","20","12.031422400390499","-7.968577599609501","0.3984288799804751","1.9921443999023754","0","-0.4","true","false","true","7.970148719629027","true","actuator-disabled"
"1","feedback","20","20","20","0.05","0.25","2","15","-0.4","160","130","130","12.028358716352423","20","12.029851280370973","-7.970148719629027","0.39850743598145133","1.9925371799072567","0","-0.4","true","false","true","7.9716412836475765","true","actuator-disabled"
"1","feedback","20","20","20","0.05","0.25","2","15","-0.4","160","131","131","12.026940780534803","20","12.028358716352423","-7.9716412836475765","0.39858206418237885","1.9929103209118941","0","-0.4","true","false","true","7.973059219465197","true","actuator-disabled"
"1","feedback","20","20","20","0.05","0.25","2","15","-0.4","160","132","132","12.025593741508063","20","12.026940780534803","-7.973059219465197","0.39865296097325986","1.9932648048662993","0","-0.4","true","false","true","7.974406258491937","true","actuator-disabled"
"1","feedback","20","20","20","0.05","0.25","2","15","-0.4","160","133","133","12.02431405443266","20","12.025593741508063","-7.974406258491937","0.39872031292459686","1.9936015646229843","0","-0.4","true","false","true","7.97568594556734","true","actuator-disabled"
"1","feedback","20","20","20","0.05","0.25","2","15","-0.4","160","134","134","12.023098351711026","20","12.02431405443266","-7.97568594556734","0.39878429727836706","1.993921486391835","0","-0.4","true","false","true","7.976901648288974","true","actuator-disabled"
"1","feedback","20","20","20","0.05","0.25","2","15","-0.4","160","135","135","12.021943434125474","20","12.023098351711026","-7.976901648288974","0.3988450824144487","1.9942254120722436","0","-0.4","true","false","true","7.978056565874526","true","actuator-disabled"
"1","feedback","20","20","20","0.05","0.25","2","15","-0.4","160","136","136","12.0208462624192","20","12.021943434125474","-7.978056565874526","0.39890282829372636","1.9945141414686316","0","-0.4","true","false","true","7.9791537375808","true","actuator-disabled"
"1","feedback","20","20","20","0.05","0.25","2","15","-0.4","160","137","137","12.01980394929824","20","12.0208462624192","-7.9791537375808","0.39895768687904004","1.9947884343952","0","-0.4","true","false","true","7.98019605070176","true","actuator-disabled"
"1","feedback","20","20","20","0.05","0.25","2","15","-0.4","160","138","138","12.018813751833328","20","12.01980394929824","-7.98019605070176","0.39900980253508805","1.99504901267544","0","-0.4","true","false","true","7.981186248166672","true","actuator-disabled"
"1","feedback","20","20","20","0.05","0.25","2","15","-0.4","160","139","139","12.01787306424166","20","12.018813751833328","-7.981186248166672","0.39905931240833364","1.995296562041668","0","-0.4","true","false","true","7.982126935758339","true","actuator-disabled"
"1","feedback","20","20","20","0.05","0.25","2","15","-0.4","160","140","140","12.016979411029578","20","12.01787306424166","-7.982126935758339","0.399106346787917","1.9955317339395848","0","-0.4","true","false","true","7.983020588970422","true","actuator-disabled"
"1","feedback","20","20","20","0.05","0.25","2","15","-0.4","160","141","141","12.016130440478099","20","12.016979411029578","-7.983020588970422","0.39915102944852116","1.9957551472426056","0","-0.4","true","false","true","7.983869559521901","true","actuator-disabled"
"1","feedback","20","20","20","0.05","0.25","2","15","-0.4","160","142","142","12.015323918454193","20","12.016130440478099","-7.983869559521901","0.39919347797609506","1.9959673898804753","0","-0.4","true","false","true","7.984676081545807","true","actuator-disabled"
"1","feedback","20","20","20","0.05","0.25","2","15","-0.4","160","143","143","12.014557722531483","20","12.015323918454193","-7.984676081545807","0.39923380407729037","1.9961690203864517","0","-0.4","true","false","true","7.9854422774685165","true","actuator-disabled"
"1","feedback","20","20","20","0.05","0.25","2","15","-0.4","160","144","144","12.01382983640491","20","12.014557722531483","-7.9854422774685165","0.39927211387342587","1.9963605693671291","0","-0.4","true","false","true","7.986170163595091","true","actuator-disabled"
"1","feedback","20","20","20","0.05","0.25","2","15","-0.4","160","145","145","12.013138344584663","20","12.01382983640491","-7.986170163595091","0.39930850817975455","1.9965425408987727","0","-0.4","true","false","true","7.986861655415337","true","actuator-disabled"
"1","feedback","20","20","20","0.05","0.25","2","15","-0.4","160","146","146","12.012481427355429","20","12.013138344584663","-7.986861655415337","0.3993430827707669","1.9967154138538343","0","-0.4","true","false","true","7.987518572644571","true","actuator-disabled"
"1","feedback","20","20","20","0.05","0.25","2","15","-0.4","160","147","147","12.011857355987656","20","12.012481427355429","-7.987518572644571","0.3993759286322286","1.9968796431611429","0","-0.4","true","false","true","7.988142644012344","true","actuator-disabled"
"1","feedback","20","20","20","0.05","0.25","2","15","-0.4","160","148","148","12.011264488188273","20","12.011857355987656","-7.988142644012344","0.3994071322006172","1.997035661003086","0","-0.4","true","false","true","7.988735511811727","true","actuator-disabled"
"1","feedback","20","20","20","0.05","0.25","2","15","-0.4","160","149","149","12.01070126377886","20","12.011264488188273","-7.988735511811727","0.3994367755905864","1.9971838779529318","0","-0.4","true","false","true","7.989298736221141","true","actuator-disabled"
"1","feedback","20","20","20","0.05","0.25","2","15","-0.4","160","150","150","12.010166200589916","20","12.01070126377886","-7.989298736221141","0.39946493681105705","1.9973246840552852","0","-0.4","true","false","true","7.989833799410084","true","actuator-disabled"
"1","feedback","20","20","20","0.05","0.25","2","15","-0.4","160","151","151","12.00965789056042","20","12.010166200589916","-7.989833799410084","0.3994916899705042","1.997458449852521","0","-0.4","true","false","true","7.990342109439579","true","actuator-disabled"
"1","feedback","20","20","20","0.05","0.25","2","15","-0.4","160","152","152","12.0091749960324","20","12.00965789056042","-7.990342109439579","0.399517105471979","1.9975855273598948","0","-0.4","true","false","true","7.9908250039676005","true","actuator-disabled"
"1","feedback","20","20","20","0.05","0.25","2","15","-0.4","160","153","153","12.00871624623078","20","12.0091749960324","-7.9908250039676005","0.39954125019838005","1.9977062509919001","0","-0.4","true","false","true","7.9912837537692205","true","actuator-disabled"
"1","feedback","20","20","20","0.05","0.25","2","15","-0.4","160","154","154","12.008280433919241","20","12.00871624623078","-7.9912837537692205","0.399564187688461","1.9978209384423051","0","-0.4","true","false","true","7.991719566080759","true","actuator-disabled"
"1","feedback","20","20","20","0.05","0.25","2","15","-0.4","160","155","155","12.00786641222328","20","12.008280433919241","-7.991719566080759","0.39958597830403797","1.9979298915201897","0","-0.4","true","false","true","7.992133587776721","true","actuator-disabled"
"1","feedback","20","20","20","0.05","0.25","2","15","-0.4","160","156","156","12.007473091612114","20","12.00786641222328","-7.992133587776721","0.39960667938883604","1.9980333969441801","0","-0.4","true","false","true","7.992526908387886","true","actuator-disabled"
"1","feedback","20","20","20","0.05","0.25","2","15","-0.4","160","157","157","12.007099437031508","20","12.007473091612114","-7.992526908387886","0.3996263454193943","1.9981317270969714","0","-0.4","true","false","true","7.992900562968492","true","actuator-disabled"
"1","feedback","20","20","20","0.05","0.25","2","15","-0.4","160","158","158","12.006744465179933","20","12.007099437031508","-7.992900562968492","0.3996450281484246","1.998225140742123","0","-0.4","true","false","true","7.993255534820067","true","actuator-disabled"
"1","feedback","20","20","20","0.05","0.25","2","15","-0.4","160","159","159","12.006407241920936","20","12.006744465179933","-7.993255534820067","0.39966277674100337","1.9983138837050167","0","-0.4","true","false","true","7.993592758079064","true","actuator-disabled"
"1","feedback","20","20","20","0.05","0.25","2","15","-0.4","160","160","160","12.006086879824888","20","12.006407241920936","-7.993592758079064","0.3996796379039532","1.998398189519766","0","-0.4","true","false","true","7.993913120175112","true","actuator-disabled"
"2","feedback","20","20","20","0.05","0.25","2","15","-0.2","160","0","0","20","20","20","0","0","0","0","0","false","false","false","0","true","setup"
"2","feedback","20","20","20","0.05","0.25","2","15","-0.2","160","1","1","20","20","20","0","0","0","0","0","false","false","false","0","true","setup"
"2","feedback","20","20","20","0.05","0.25","2","15","-0.2","160","2","2","20","20","20","0","0","0","0","0","false","false","false","0","true","setup"
"2","feedback","20","20","20","0.05","0.25","2","15","-0.2","160","3","3","20","20","20","0","0","0","0","0","false","false","false","0","true","setup"
"2","feedback","20","20","20","0.05","0.25","2","15","-0.2","160","4","4","20","20","20","0","0","0","0","0","false","false","false","0","true","setup"
"2","feedback","20","20","20","0.05","0.25","2","15","-0.2","160","5","5","20","20","20","0","0","0","0","0","false","false","false","0","true","setup"
"2","feedback","20","20","20","0.05","0.25","2","15","-0.2","160","6","6","20","20","20","0","0","0","0","0","false","false","false","0","true","setup"
"2","feedback","20","20","20","0.05","0.25","2","15","-0.2","160","7","7","20","20","20","0","0","0","0","0","false","false","false","0","true","setup"
"2","feedback","20","20","20","0.05","0.25","2","15","-0.2","160","8","8","20","20","20","0","0","0","0","0","false","false","false","0","true","setup"
"2","feedback","20","20","20","0.05","0.25","2","15","-0.2","160","9","9","20","20","20","0","0","0","0","0","false","false","false","0","true","setup"
"2","feedback","20","20","20","0.05","0.25","2","15","-0.2","160","10","10","20","20","20","0","0","0","0","0","false","false","false","0","true","setup"
"2","feedback","20","20","20","0.05","0.25","2","15","-0.2","160","11","11","20","20","20","0","0","0","0","0","false","false","false","0","true","setup"
"2","feedback","20","20","20","0.05","0.25","2","15","-0.2","160","12","12","20","20","20","0","0","0","0","0","false","false","false","0","true","setup"
"2","feedback","20","20","20","0.05","0.25","2","15","-0.2","160","13","13","20","20","20","0","0","0","0","0","false","false","false","0","true","setup"
"2","feedback","20","20","20","0.05","0.25","2","15","-0.2","160","14","14","20","20","20","0","0","0","0","0","false","false","false","0","true","setup"
"2","feedback","20","20","20","0.05","0.25","2","15","-0.2","160","15","15","20","20","20","0","0","0","0","0","false","false","false","0","true","setup"
"2","feedback","20","20","20","0.05","0.25","2","15","-0.2","160","16","16","20","20","20","0","0","0","0","0","false","false","false","0","true","setup"
"2","feedback","20","20","20","0.05","0.25","2","15","-0.2","160","17","17","20","20","20","0","0","0","0","0","false","false","false","0","true","setup"
"2","feedback","20","20","20","0.05","0.25","2","15","-0.2","160","18","18","20","20","20","0","0","0","0","0","false","false","false","0","true","setup"
"2","feedback","20","20","20","0.05","0.25","2","15","-0.2","160","19","19","20","20","20","0","0","0","0","0","false","false","false","0","true","setup"
"2","feedback","20","20","20","0.05","0.25","2","15","-0.2","160","20","20","20","20","20","0","0","0","0","0","false","false","false","0","true","setup"
"2","feedback","20","20","20","0.05","0.25","2","15","-0.2","160","21","21","19.8","20","20","0","0","0","0","-0.2","true","false","true","0.1999999999999993","true","actuator-disabled"
"2","feedback","20","20","20","0.05","0.25","2","15","-0.2","160","22","22","19.610000000000003","20","19.8","-0.1999999999999993","0.009999999999999966","0.04999999999999982","0","-0.2","true","false","true","0.389999999999997","true","actuator-disabled"
"2","feedback","20","20","20","0.05","0.25","2","15","-0.2","160","23","23","19.429500000000004","20","19.610000000000003","-0.389999999999997","0.01949999999999985","0.09749999999999925","0","-0.2","true","false","true","0.5704999999999956","true","actuator-disabled"
"2","feedback","20","20","20","0.05","0.25","2","15","-0.2","160","24","24","19.258025000000004","20","19.429500000000004","-0.5704999999999956","0.02852499999999978","0.1426249999999989","0","-0.2","true","false","true","0.7419749999999965","true","actuator-disabled"
"2","feedback","20","20","20","0.05","0.25","2","15","-0.2","160","25","25","19.095123750000003","20","19.258025000000004","-0.7419749999999965","0.037098749999999826","0.18549374999999912","0","-0.2","true","false","true","0.9048762499999974","true","actuator-disabled"
"2","feedback","20","20","20","0.05","0.25","2","15","-0.2","160","26","26","18.940367562500004","20","19.095123750000003","-0.9048762499999974","0.04524381249999987","0.22621906249999935","0","-0.2","true","false","true","1.059632437499996","true","actuator-disabled"
"2","feedback","20","20","20","0.05","0.25","2","15","-0.2","160","27","27","18.793349184375003","20","18.940367562500004","-1.059632437499996","0.0529816218749998","0.264908109374999","0","-0.2","true","false","true","1.2066508156249967","true","actuator-disabled"
"2","feedback","20","20","20","0.05","0.25","2","15","-0.2","160","28","28","18.653681725156254","20","18.793349184375003","-1.2066508156249967","0.06033254078124983","0.30166270390624916","0","-0.2","true","false","true","1.346318274843746","true","actuator-disabled"
"2","feedback","20","20","20","0.05","0.25","2","15","-0.2","160","29","29","18.520997638898443","20","18.653681725156254","-1.346318274843746","0.0673159137421873","0.3365795687109365","0","-0.2","true","false","true","1.479002361101557","true","actuator-disabled"
"2","feedback","20","20","20","0.05","0.25","2","15","-0.2","160","30","30","18.39494775695352","20","18.520997638898443","-1.479002361101557","0.07395011805507785","0.36975059027538926","0","-0.2","true","false","true","1.6050522430464795","true","actuator-disabled"
"2","feedback","20","20","20","0.05","0.25","2","15","-0.2","160","31","31","18.275200369105846","20","18.39494775695352","-1.6050522430464795","0.08025261215232399","0.4012630607616199","0","-0.2","true","false","true","1.7247996308941538","true","actuator-disabled"
"2","feedback","20","20","20","0.05","0.25","2","15","-0.2","160","32","32","18.161440350650555","20","18.275200369105846","-1.7247996308941538","0.08623998154470769","0.43119990772353844","0","-0.2","true","false","true","1.8385596493494454","true","actuator-disabled"
"2","feedback","20","20","20","0.05","0.25","2","15","-0.2","160","33","33","18.053368333118026","20","18.161440350650555","-1.8385596493494454","0.09192798246747227","0.45963991233736134","0","-0.2","true","false","true","1.9466316668819736","true","actuator-disabled"
"2","feedback","20","20","20","0.05","0.25","2","15","-0.2","160","34","34","17.950699916462124","20","18.053368333118026","-1.9466316668819736","0.0973315833440987","0.4866579167204934","0","-0.2","true","false","true","2.049300083537876","true","actuator-disabled"
"2","feedback","20","20","20","0.05","0.25","2","15","-0.2","160","35","35","17.853164920639017","20","17.950699916462124","-2.049300083537876","0.1024650041768938","0.512325020884469","0","-0.2","true","false","true","2.146835079360983","true","actuator-disabled"
"2","feedback","20","20","20","0.05","0.25","2","15","-0.2","160","36","36","17.76050667460707","20","17.853164920639017","-2.146835079360983","0.10734175396804915","0.5367087698402457","0","-0.2","true","false","true","2.2394933253929317","true","actuator-disabled"
"2","feedback","20","20","20","0.05","0.25","2","15","-0.2","160","37","37","17.672481340876715","20","17.76050667460707","-2.2394933253929317","0.11197466626964658","0.5598733313482329","0","-0.2","true","false","true","2.3275186591232853","true","actuator-disabled"
"2","feedback","20","20","20","0.05","0.25","2","15","-0.2","160","38","38","17.58885727383288","20","17.672481340876715","-2.3275186591232853","0.11637593295616427","0.5818796647808213","0","-0.2","true","false","true","2.411142726167121","true","actuator-disabled"
"2","feedback","20","20","20","0.05","0.25","2","15","-0.2","160","39","39","17.509414410141236","20","17.58885727383288","-2.411142726167121","0.12055713630835606","0.6027856815417802","0","-0.2","true","false","true","2.490585589858764","true","actuator-disabled"
"2","feedback","20","20","20","0.05","0.25","2","15","-0.2","160","40","40","17.433943689634177","20","17.509414410141236","-2.490585589858764","0.1245292794929382","0.622646397464691","0","-0.2","true","false","true","2.5660563103658234","true","actuator-disabled"
"2","feedback","20","20","20","0.05","0.25","2","15","-0.2","160","41","41","17.36224650515247","20","17.433943689634177","-2.5660563103658234","0.12830281551829117","0.6415140775914558","0","-0.2","true","false","true","2.63775349484753","true","actuator-disabled"
"2","feedback","20","20","20","0.05","0.25","2","15","-0.2","160","42","42","17.294134179894847","20","17.36224650515247","-2.63775349484753","0.1318876747423765","0.6594383737118825","0","-0.2","true","false","true","2.705865820105153","true","actuator-disabled"
"2","feedback","20","20","20","0.05","0.25","2","15","-0.2","160","43","43","17.229427470900106","20","17.294134179894847","-2.705865820105153","0.13529329100525764","0.6764664550262882","0","-0.2","true","false","true","2.770572529099894","true","actuator-disabled"
"2","feedback","20","20","20","0.05","0.25","2","15","-0.2","160","44","44","17.167956097355102","20","17.229427470900106","-2.770572529099894","0.13852862645499472","0.6926431322749735","0","-0.2","true","false","true","2.832043902644898","true","actuator-disabled"
"2","feedback","20","20","20","0.05","0.25","2","15","-0.2","160","45","45","17.109558292487346","20","17.167956097355102","-2.832043902644898","0.1416021951322449","0.7080109756612245","0","-0.2","true","false","true","2.890441707512654","true","actuator-disabled"
"2","feedback","20","20","20","0.05","0.25","2","15","-0.2","160","46","46","17.05408037786298","20","17.109558292487346","-2.890441707512654","0.1445220853756327","0.7226104268781635","0","-0.2","true","false","true","2.945919622137019","true","actuator-disabled"
"2","feedback","20","20","20","0.05","0.25","2","15","-0.2","160","47","47","17.001376358969832","20","17.05408037786298","-2.945919622137019","0.14729598110685097","0.7364799055342548","0","-0.2","true","false","true","2.998623641030168","true","actuator-disabled"
"2","feedback","20","20","20","0.05","0.25","2","15","-0.2","160","48","48","16.95130754102134","20","17.001376358969832","-2.998623641030168","0.1499311820515084","0.749655910257542","0","-0.2","true","false","true","3.0486924589786604","true","actuator-disabled"
"2","feedback","20","20","20","0.05","0.25","2","15","-0.2","160","49","49","16.903742163970275","20","16.95130754102134","-3.0486924589786604","0.15243462294893304","0.7621731147446651","0","-0.2","true","false","true","3.096257836029725","true","actuator-disabled"
"2","feedback","20","20","20","0.05","0.25","2","15","-0.2","160","50","50","16.858555055771763","20","16.903742163970275","-3.096257836029725","0.15481289180148627","0.7740644590074313","0","-0.2","true","false","true","3.141444944228237","true","actuator-disabled"
"2","feedback","20","20","20","0.05","0.25","2","15","-0.2","160","51","51","16.815627302983177","20","16.858555055771763","-3.141444944228237","0.15707224721141186","0.7853612360570592","0","-0.2","true","false","true","3.1843726970168227","true","actuator-disabled"
"2","feedback","20","20","20","0.05","0.25","2","15","-0.2","160","52","52","16.77484593783402","20","16.815627302983177","-3.1843726970168227","0.15921863485084115","0.7960931742542057","0","-0.2","true","false","true","3.2251540621659807","true","actuator-disabled"
"2","feedback","20","20","20","0.05","0.25","2","15","-0.2","160","53","53","16.736103640942318","20","16.77484593783402","-3.2251540621659807","0.16125770310829904","0.8062885155414952","0","-0.2","true","false","true","3.263896359057682","true","actuator-disabled"
"2","feedback","20","20","20","0.05","0.25","2","15","-0.2","160","54","54","16.699298458895203","20","16.736103640942318","-3.263896359057682","0.16319481795288412","0.8159740897644205","0","-0.2","true","false","true","3.3007015411047966","true","actuator-disabled"
"2","feedback","20","20","20","0.05","0.25","2","15","-0.2","160","55","55","16.664333535950444","20","16.699298458895203","-3.3007015411047966","0.16503507705523984","0.8251753852761992","0","-0.2","true","false","true","3.335666464049556","true","actuator-disabled"
"2","feedback","20","20","20","0.05","0.25","2","15","-0.2","160","56","56","16.63111685915292","20","16.664333535950444","-3.335666464049556","0.1667833232024778","0.833916616012389","0","-0.2","true","false","true","3.3688831408470783","true","actuator-disabled"
"2","feedback","20","20","20","0.05","0.25","2","15","-0.2","160","57","57","16.599561016195278","20","16.63111685915292","-3.3688831408470783","0.16844415704235394","0.8422207852117696","0","-0.2","true","false","true","3.4004389838047224","true","actuator-disabled"
"2","feedback","20","20","20","0.05","0.25","2","15","-0.2","160","58","58","16.569582965385514","20","16.599561016195278","-3.4004389838047224","0.17002194919023614","0.8501097459511806","0","-0.2","true","false","true","3.4304170346144858","true","actuator-disabled"
"2","feedback","20","20","20","0.05","0.25","2","15","-0.2","160","59","59","16.54110381711624","20","16.569582965385514","-3.4304170346144858","0.1715208517307243","0.8576042586536214","0","-0.2","true","false","true","3.458896182883759","true","actuator-disabled"
"2","feedback","20","20","20","0.05","0.25","2","15","-0.2","160","60","60","16.51404862626043","20","16.54110381711624","-3.458896182883759","0.17294480914418797","0.8647240457209397","0","-0.2","true","false","true","3.485951373739571","true","actuator-disabled"
"2","feedback","20","20","20","0.05","0.25","2","15","-0.2","160","61","61","16.488346194947407","20","16.51404862626043","-3.485951373739571","0.17429756868697854","0.8714878434348927","0","-0.2","true","false","true","3.5116538050525925","true","actuator-disabled"
"2","feedback","20","20","20","0.05","0.25","2","15","-0.2","160","62","62","16.463928885200037","20","16.488346194947407","-3.5116538050525925","0.17558269025262963","0.8779134512631481","0","-0.2","true","false","true","3.536071114799963","true","actuator-disabled"
"2","feedback","20","20","20","0.05","0.25","2","15","-0.2","160","63","63","16.440732440940035","20","16.463928885200037","-3.536071114799963","0.17680355573999817","0.8840177786999908","0","-0.2","true","false","true","3.5592675590599647","true","actuator-disabled"
"2","feedback","20","20","20","0.05","0.25","2","15","-0.2","160","64","64","16.418695818893035","20","16.440732440940035","-3.5592675590599647","0.17796337795299824","0.8898168897649912","0","-0.2","true","false","true","3.5813041811069652","true","actuator-disabled"
"2","feedback","20","20","20","0.05","0.25","2","15","-0.2","160","65","65","16.397761027948384","20","16.418695818893035","-3.5813041811069652","0.17906520905534828","0.8953260452767413","0","-0.2","true","false","true","3.602238972051616","true","actuator-disabled"
"2","feedback","20","20","20","0.05","0.25","2","15","-0.2","160","66","66","16.377872976550965","20","16.397761027948384","-3.602238972051616","0.1801119486025808","0.900559743012904","0","-0.2","true","false","true","3.6221270234490355","true","actuator-disabled"
"2","feedback","20","20","20","0.05","0.25","2","15","-0.2","160","67","67","16.358979327723418","20","16.377872976550965","-3.6221270234490355","0.18110635117245177","0.9055317558622589","0","-0.2","true","false","true","3.641020672276582","true","actuator-disabled"
"2","feedback","20","20","20","0.05","0.25","2","15","-0.2","160","68","68","16.341030361337246","20","16.358979327723418","-3.641020672276582","0.18205103361382913","0.9102551680691455","0","-0.2","true","false","true","3.6589696386627537","true","actuator-disabled"
"2","feedback","20","20","20","0.05","0.25","2","15","-0.2","160","69","69","16.323978843270385","20","16.341030361337246","-3.6589696386627537","0.1829484819331377","0.9147424096656884","0","-0.2","true","false","true","3.6760211567296146","true","actuator-disabled"
"2","feedback","20","20","20","0.05","0.25","2","15","-0.2","160","70","70","16.307779901106866","20","16.323978843270385","-3.6760211567296146","0.18380105783648074","0.9190052891824037","0","-0.2","true","false","true","3.6922200988931344","true","actuator-disabled"
"2","feedback","20","20","20","0.05","0.25","2","15","-0.2","160","71","71","16.292390906051523","20","16.307779901106866","-3.6922200988931344","0.18461100494465674","0.9230550247232836","0","-0.2","true","false","true","3.707609093948477","true","actuator-disabled"
"2","feedback","20","20","20","0.05","0.25","2","15","-0.2","160","72","72","16.277771360748947","20","16.292390906051523","-3.707609093948477","0.18538045469742387","0.9269022734871193","0","-0.2","true","false","true","3.7222286392510533","true","actuator-disabled"
"2","feedback","20","20","20","0.05","0.25","2","15","-0.2","160","73","73","16.2638827927115","20","16.277771360748947","-3.7222286392510533","0.18611143196255267","0.9305571598127633","0","-0.2","true","false","true","3.736117207288501","true","actuator-disabled"
"2","feedback","20","20","20","0.05","0.25","2","15","-0.2","160","74","74","16.250688653075926","20","16.2638827927115","-3.736117207288501","0.18680586036442506","0.9340293018221253","0","-0.2","true","false","true","3.749311346924074","true","actuator-disabled"
"2","feedback","20","20","20","0.05","0.25","2","15","-0.2","160","75","75","16.238154220422132","20","16.250688653075926","-3.749311346924074","0.1874655673462037","0.9373278367310185","0","-0.2","true","false","true","3.761845779577868","true","actuator-disabled"
"2","feedback","20","20","20","0.05","0.25","2","15","-0.2","160","76","76","16.226246509401026","20","16.238154220422132","-3.761845779577868","0.1880922889788934","0.940461444894467","0","-0.2","true","false","true","3.773753490598974","true","actuator-disabled"
"2","feedback","20","20","20","0.05","0.25","2","15","-0.2","160","77","77","16.214934183930975","20","16.226246509401026","-3.773753490598974","0.18868767452994872","0.9434383726497435","0","-0.2","true","false","true","3.785065816069025","true","actuator-disabled"
"2","feedback","20","20","20","0.05","0.25","2","15","-0.2","160","78","78","16.204187474734425","20","16.214934183930975","-3.785065816069025","0.18925329080345127","0.9462664540172563","0","-0.2","true","false","true","3.7958125252655748","true","actuator-disabled"
"2","feedback","20","20","20","0.05","0.25","2","15","-0.2","160","79","79","16.193978100997704","20","16.204187474734425","-3.7958125252655748","0.18979062626327875","0.9489531313163937","0","-0.2","true","false","true","3.806021899002296","true","actuator-disabled"
"2","feedback","20","20","20","0.05","0.25","2","15","-0.2","160","80","80","16.18427919594782","20","16.193978100997704","-3.806021899002296","0.19030109495011482","0.951505474750574","0","-0.2","true","false","true","3.81572080405218","true","actuator-disabled"
"2","feedback","20","20","20","0.05","0.25","2","15","-0.2","160","81","81","16.17506523615043","20","16.18427919594782","-3.81572080405218","0.19078604020260903","0.953930201013045","0","-0.2","true","false","true","3.824934763849569","true","actuator-disabled"
"2","feedback","20","20","20","0.05","0.25","2","15","-0.2","160","82","82","16.16631197434291","20","16.17506523615043","-3.824934763849569","0.19124673819247848","0.9562336909623923","0","-0.2","true","false","true","3.8336880256570893","true","actuator-disabled"
"2","feedback","20","20","20","0.05","0.25","2","15","-0.2","160","83","83","16.157996375625768","20","16.16631197434291","-3.8336880256570893","0.19168440128285447","0.9584220064142723","0","-0.2","true","false","true","3.8420036243742324","true","actuator-disabled"
"2","feedback","20","20","20","0.05","0.25","2","15","-0.2","160","84","84","16.15009655684448","20","16.157996375625768","-3.8420036243742324","0.19210018121871164","0.9605009060935581","0","-0.2","true","false","true","3.849903443155519","true","actuator-disabled"
"2","feedback","20","20","20","0.05","0.25","2","15","-0.2","160","85","85","16.14259172900226","20","16.15009655684448","-3.849903443155519","0.19249517215777595","0.9624758607888797","0","-0.2","true","false","true","3.857408270997741","true","actuator-disabled"
"2","feedback","20","20","20","0.05","0.25","2","15","-0.2","160","86","86","16.135462142552147","20","16.14259172900226","-3.857408270997741","0.19287041354988707","0.9643520677494353","0","-0.2","true","false","true","3.8645378574478535","true","actuator-disabled"
"2","feedback","20","20","20","0.05","0.25","2","15","-0.2","160","87","87","16.12868903542454","20","16.135462142552147","-3.8645378574478535","0.1932268928723927","0.9661344643619634","0","-0.2","true","false","true","3.8713109645754606","true","actuator-disabled"
"2","feedback","20","20","20","0.05","0.25","2","15","-0.2","160","88","88","16.122254583653312","20","16.12868903542454","-3.8713109645754606","0.19356554822877303","0.9678277411438652","0","-0.2","true","false","true","3.877745416346688","true","actuator-disabled"
"2","feedback","20","20","20","0.05","0.25","2","15","-0.2","160","89","89","16.116141854470648","20","16.122254583653312","-3.877745416346688","0.1938872708173344","0.969436354086672","0","-0.2","true","false","true","3.883858145529352","true","actuator-disabled"
"2","feedback","20","20","20","0.05","0.25","2","15","-0.2","160","90","90","16.110334761747115","20","16.116141854470648","-3.883858145529352","0.19419290727646762","0.970964536382338","0","-0.2","true","false","true","3.889665238252885","true","actuator-disabled"
"2","feedback","20","20","20","0.05","0.25","2","15","-0.2","160","91","91","16.10481802365976","20","16.110334761747115","-3.889665238252885","0.19448326191264426","0.9724163095632212","0","-0.2","true","false","true","3.8951819763402398","true","actuator-disabled"
"2","feedback","20","20","20","0.05","0.25","2","15","-0.2","160","92","92","16.099577122476774","20","16.10481802365976","-3.8951819763402398","0.194759098817012","0.9737954940850599","0","-0.2","true","false","true","3.9004228775232264","true","actuator-disabled"
"2","feedback","20","20","20","0.05","0.25","2","15","-0.2","160","93","93","16.094598266352936","20","16.099577122476774","-3.9004228775232264","0.19502114387616132","0.9751057193808066","0","-0.2","true","false","true","3.9054017336470643","true","actuator-disabled"
"2","feedback","20","20","20","0.05","0.25","2","15","-0.2","160","94","94","16.08986835303529","20","16.094598266352936","-3.9054017336470643","0.19527008668235324","0.9763504334117661","0","-0.2","true","false","true","3.910131646964711","true","actuator-disabled"
"2","feedback","20","20","20","0.05","0.25","2","15","-0.2","160","95","95","16.085374935383527","20","16.08986835303529","-3.910131646964711","0.19550658234823556","0.9775329117411777","0","-0.2","true","false","true","3.914625064616473","true","actuator-disabled"
"2","feedback","20","20","20","0.05","0.25","2","15","-0.2","160","96","96","16.081106188614353","20","16.085374935383527","-3.914625064616473","0.19573125323082366","0.9786562661541183","0","-0.2","true","false","true","3.9188938113856473","true","actuator-disabled"
"2","feedback","20","20","20","0.05","0.25","2","15","-0.2","160","97","97","16.077050879183634","20","16.081106188614353","-3.9188938113856473","0.19594469056928238","0.9797234528464118","0","-0.2","true","false","true","3.922949120816366","true","actuator-disabled"
"2","feedback","20","20","20","0.05","0.25","2","15","-0.2","160","98","98","16.073198335224454","20","16.077050879183634","-3.922949120816366","0.1961474560408183","0.9807372802040915","0","-0.2","true","false","true","3.926801664775546","true","actuator-disabled"
"2","feedback","20","20","20","0.05","0.25","2","15","-0.2","160","99","99","16.06953841846323","20","16.073198335224454","-3.926801664775546","0.1963400832387773","0.9817004161938865","0","-0.2","true","false","true","3.9304615815367683","true","actuator-disabled"
"2","feedback","20","20","20","0.05","0.25","2","15","-0.2","160","100","100","16.066061497540073","20","16.06953841846323","-3.9304615815367683","0.19652307907683841","0.9826153953841921","0","-0.2","true","false","true","3.9339385024599274","true","actuator-disabled"
"2","feedback","20","20","20","0.05","0.25","2","15","-0.2","160","101","101","16.06275842266307","20","16.066061497540073","-3.9339385024599274","0.19669692512299639","0.9834846256149818","0","-0.2","true","false","true","3.9372415773369305","true","actuator-disabled"
"2","feedback","20","20","20","0.05","0.25","2","15","-0.2","160","102","102","16.059620501529917","20","16.06275842266307","-3.9372415773369305","0.19686207886684653","0.9843103943342326","0","-0.2","true","false","true","3.940379498470083","true","actuator-disabled"
"2","feedback","20","20","20","0.05","0.25","2","15","-0.2","160","103","103","16.056639476453423","20","16.059620501529917","-3.940379498470083","0.19701897492350418","0.9850948746175208","0","-0.2","true","false","true","3.943360523546577","true","actuator-disabled"
"2","feedback","20","20","20","0.05","0.25","2","15","-0.2","160","104","104","16.053807502630754","20","16.056639476453423","-3.943360523546577","0.19716802617732887","0.9858401308866442","0","-0.2","true","false","true","3.946192497369246","true","actuator-disabled"
"2","feedback","20","20","20","0.05","0.25","2","15","-0.2","160","105","105","16.051117127499218","20","16.053807502630754","-3.946192497369246","0.19730962486846232","0.9865481243423115","0","-0.2","true","false","true","3.948882872500782","true","actuator-disabled"
"2","feedback","20","20","20","0.05","0.25","2","15","-0.2","160","106","106","16.048561271124257","20","16.051117127499218","-3.948882872500782","0.19744414362503912","0.9872207181251955","0","-0.2","true","false","true","3.9514387288757433","true","actuator-disabled"
"2","feedback","20","20","20","0.05","0.25","2","15","-0.2","160","107","107","16.046133207568044","20","16.048561271124257","-3.9514387288757433","0.19757193644378718","0.9878596822189358","0","-0.2","true","false","true","3.953866792431956","true","actuator-disabled"
"2","feedback","20","20","20","0.05","0.25","2","15","-0.2","160","108","108","16.043826547189642","20","16.046133207568044","-3.953866792431956","0.19769333962159782","0.988466698107989","0","-0.2","true","false","true","3.956173452810358","true","actuator-disabled"
"2","feedback","20","20","20","0.05","0.25","2","15","-0.2","160","109","109","16.041635219830162","20","16.043826547189642","-3.956173452810358","0.1978086726405179","0.9890433632025895","0","-0.2","true","false","true","3.9583647801698376","true","actuator-disabled"
"2","feedback","20","20","20","0.05","0.25","2","15","-0.2","160","110","110","16.039553458838654","20","16.041635219830162","-3.9583647801698376","0.1979182390084919","0.9895911950424594","0","-0.2","true","false","true","3.960446541161346","true","actuator-disabled"
"2","feedback","20","20","20","0.05","0.25","2","15","-0.2","160","111","111","16.03757578589672","20","16.039553458838654","-3.960446541161346","0.19802232705806733","0.9901116352903365","0","-0.2","true","false","true","3.9624242141032795","true","actuator-disabled"
"2","feedback","20","20","20","0.05","0.25","2","15","-0.2","160","112","112","16.035696996601885","20","16.03757578589672","-3.9624242141032795","0.19812121070516397","0.9906060535258199","0","-0.2","true","false","true","3.964303003398115","true","actuator-disabled"
"2","feedback","20","20","20","0.05","0.25","2","15","-0.2","160","113","113","16.03391214677179","20","16.035696996601885","-3.964303003398115","0.19821515016990576","0.9910757508495287","0","-0.2","true","false","true","3.96608785322821","true","actuator-disabled"
"2","feedback","20","20","20","0.05","0.25","2","15","-0.2","160","114","114","16.0322165394332","20","16.03391214677179","-3.96608785322821","0.1983043926614105","0.9915219633070524","0","-0.2","true","false","true","3.9677834605667996","true","actuator-disabled"
"2","feedback","20","20","20","0.05","0.25","2","15","-0.2","160","115","115","16.03060571246154","20","16.0322165394332","-3.9677834605667996","0.19838917302834","0.9919458651416999","0","-0.2","true","false","true","3.96939428753846","true","actuator-disabled"
"2","feedback","20","20","20","0.05","0.25","2","15","-0.2","160","116","116","16.029075426838464","20","16.03060571246154","-3.96939428753846","0.198469714376923","0.992348571884615","0","-0.2","true","false","true","3.970924573161536","true","actuator-disabled"
"2","feedback","20","20","20","0.05","0.25","2","15","-0.2","160","117","117","16.027621655496542","20","16.029075426838464","-3.970924573161536","0.1985462286580768","0.992731143290384","0","-0.2","true","false","true","3.9723783445034577","true","actuator-disabled"
"2","feedback","20","20","20","0.05","0.25","2","15","-0.2","160","118","118","16.026240572721715","20","16.027621655496542","-3.9723783445034577","0.1986189172251729","0.9930945861258644","0","-0.2","true","false","true","3.973759427278285","true","actuator-disabled"
"2","feedback","20","20","20","0.05","0.25","2","15","-0.2","160","119","119","16.02492854408563","20","16.026240572721715","-3.973759427278285","0.19868797136391425","0.9934398568195713","0","-0.2","true","false","true","3.975071455914371","true","actuator-disabled"
"2","feedback","20","20","20","0.05","0.25","2","15","-0.2","160","120","120","16.02368211688135","20","16.02492854408563","-3.975071455914371","0.19875357279571856","0.9937678639785927","0","-0.2","true","false","true","3.97631788311865","true","actuator-disabled"
"2","feedback","20","20","20","0.05","0.25","2","15","-0.2","160","121","121","16.022498011037282","20","16.02368211688135","-3.97631788311865","0.1988158941559325","0.9940794707796625","0","-0.2","true","false","true","3.977501988962718","true","actuator-disabled"
"2","feedback","20","20","20","0.05","0.25","2","15","-0.2","160","122","122","16.021373110485417","20","16.022498011037282","-3.977501988962718","0.19887509944813592","0.9943754972406795","0","-0.2","true","false","true","3.978626889514583","true","actuator-disabled"
"2","feedback","20","20","20","0.05","0.25","2","15","-0.2","160","123","123","16.020304454961146","20","16.021373110485417","-3.978626889514583","0.19893134447572916","0.9946567223786458","0","-0.2","true","false","true","3.9796955450388545","true","actuator-disabled"
"2","feedback","20","20","20","0.05","0.25","2","15","-0.2","160","124","124","16.01928923221309","20","16.020304454961146","-3.9796955450388545","0.19898477725194275","0.9949238862597136","0","-0.2","true","false","true","3.98071076778691","true","actuator-disabled"
"2","feedback","20","20","20","0.05","0.25","2","15","-0.2","160","125","125","16.018324770602437","20","16.01928923221309","-3.98071076778691","0.1990355383893455","0.9951776919467274","0","-0.2","true","false","true","3.9816752293975632","true","actuator-disabled"
"2","feedback","20","20","20","0.05","0.25","2","15","-0.2","160","126","126","16.017408532072317","20","16.018324770602437","-3.9816752293975632","0.19908376146987816","0.9954188073493908","0","-0.2","true","false","true","3.9825914679276835","true","actuator-disabled"
"2","feedback","20","20","20","0.05","0.25","2","15","-0.2","160","127","127","16.0165381054687","20","16.017408532072317","-3.9825914679276835","0.19912957339638418","0.9956478669819209","0","-0.2","true","false","true","3.983461894531299","true","actuator-disabled"
"2","feedback","20","20","20","0.05","0.25","2","15","-0.2","160","128","128","16.015711200195266","20","16.0165381054687","-3.983461894531299","0.19917309472656497","0.9958654736328247","0","-0.2","true","false","true","3.984288799804734","true","actuator-disabled"
"2","feedback","20","20","20","0.05","0.25","2","15","-0.2","160","129","129","16.014925640185503","20","16.015711200195266","-3.984288799804734","0.1992144399902367","0.9960721999511835","0","-0.2","true","false","true","3.9850743598144973","true","actuator-disabled"
"2","feedback","20","20","20","0.05","0.25","2","15","-0.2","160","130","130","16.01417935817623","20","16.014925640185503","-3.9850743598144973","0.1992537179907249","0.9962685899536243","0","-0.2","true","false","true","3.9858206418237714","true","actuator-disabled"
"2","feedback","20","20","20","0.05","0.25","2","15","-0.2","160","131","131","16.01347039026742","20","16.01417935817623","-3.9858206418237714","0.1992910320911886","0.9964551604559428","0","-0.2","true","false","true","3.9865296097325817","true","actuator-disabled"
"2","feedback","20","20","20","0.05","0.25","2","15","-0.2","160","132","132","16.01279687075405","20","16.01347039026742","-3.9865296097325817","0.1993264804866291","0.9966324024331454","0","-0.2","true","false","true","3.9872031292459518","true","actuator-disabled"
"2","feedback","20","20","20","0.05","0.25","2","15","-0.2","160","133","133","16.012157027216347","20","16.01279687075405","-3.9872031292459518","0.1993601564622976","0.9968007823114879","0","-0.2","true","false","true","3.9878429727836533","true","actuator-disabled"
"2","feedback","20","20","20","0.05","0.25","2","15","-0.2","160","134","134","16.01154917585553","20","16.012157027216347","-3.9878429727836533","0.19939214863918267","0.9969607431959133","0","-0.2","true","false","true","3.9884508241444685","true","actuator-disabled"
"2","feedback","20","20","20","0.05","0.25","2","15","-0.2","160","135","135","16.010971717062755","20","16.01154917585553","-3.9884508241444685","0.19942254120722344","0.9971127060361171","0","-0.2","true","false","true","3.9890282829372445","true","actuator-disabled"
"2","feedback","20","20","20","0.05","0.25","2","15","-0.2","160","136","136","16.010423131209617","20","16.010971717062755","-3.9890282829372445","0.19945141414686224","0.9972570707343111","0","-0.2","true","false","true","3.989576868790383","true","actuator-disabled"
"2","feedback","20","20","20","0.05","0.25","2","15","-0.2","160","137","137","16.009901974649136","20","16.010423131209617","-3.989576868790383","0.19947884343951916","0.9973942171975958","0","-0.2","true","false","true","3.990098025350864","true","actuator-disabled"
"2","feedback","20","20","20","0.05","0.25","2","15","-0.2","160","138","138","16.009406875916678","20","16.009901974649136","-3.990098025350864","0.19950490126754322","0.997524506337716","0","-0.2","true","false","true","3.990593124083322","true","actuator-disabled"
"2","feedback","20","20","20","0.05","0.25","2","15","-0.2","160","139","139","16.008936532120845","20","16.009406875916678","-3.990593124083322","0.1995296562041661","0.9976482810208305","0","-0.2","true","false","true","3.9910634678791546","true","actuator-disabled"
"2","feedback","20","20","20","0.05","0.25","2","15","-0.2","160","140","140","16.008489705514805","20","16.008936532120845","-3.9910634678791546","0.19955317339395773","0.9977658669697886","0","-0.2","true","false","true","3.9915102944851952","true","actuator-disabled"
"2","feedback","20","20","20","0.05","0.25","2","15","-0.2","160","141","141","16.008065220239065","20","16.008489705514805","-3.9915102944851952","0.19957551472425977","0.9978775736212988","0","-0.2","true","false","true","3.9919347797609355","true","actuator-disabled"
"2","feedback","20","20","20","0.05","0.25","2","15","-0.2","160","142","142","16.00766195922711","20","16.008065220239065","-3.9919347797609355","0.19959673898804678","0.9979836949402339","0","-0.2","true","false","true","3.9923380407728892","true","actuator-disabled"
"2","feedback","20","20","20","0.05","0.25","2","15","-0.2","160","143","143","16.007278861265757","20","16.00766195922711","-3.9923380407728892","0.19961690203864446","0.9980845101932223","0","-0.2","true","false","true","3.992721138734243","true","actuator-disabled"
"2","feedback","20","20","20","0.05","0.25","2","15","-0.2","160","144","144","16.00691491820247","20","16.007278861265757","-3.992721138734243","0.19963605693671216","0.9981802846835608","0","-0.2","true","false","true","3.993085081797531","true","actuator-disabled"
"2","feedback","20","20","20","0.05","0.25","2","15","-0.2","160","145","145","16.006569172292345","20","16.00691491820247","-3.993085081797531","0.19965425408987658","0.9982712704493828","0","-0.2","true","false","true","3.9934308277076553","true","actuator-disabled"
"2","feedback","20","20","20","0.05","0.25","2","15","-0.2","160","146","146","16.006240713677727","20","16.006569172292345","-3.9934308277076553","0.1996715413853828","0.9983577069269138","0","-0.2","true","false","true","3.9937592863222733","true","actuator-disabled"
"2","feedback","20","20","20","0.05","0.25","2","15","-0.2","160","147","147","16.00592867799384","20","16.006240713677727","-3.9937592863222733","0.1996879643161137","0.9984398215805683","0","-0.2","true","false","true","3.9940713220061603","true","actuator-disabled"
"2","feedback","20","20","20","0.05","0.25","2","15","-0.2","160","148","148","16.005632244094148","20","16.00592867799384","-3.9940713220061603","0.19970356610030804","0.9985178305015401","0","-0.2","true","false","true","3.994367755905852","true","actuator-disabled"
"2","feedback","20","20","20","0.05","0.25","2","15","-0.2","160","149","149","16.005350631889442","20","16.005632244094148","-3.994367755905852","0.1997183877952926","0.998591938976463","0","-0.2","true","false","true","3.994649368110558","true","actuator-disabled"
"2","feedback","20","20","20","0.05","0.25","2","15","-0.2","160","150","150","16.00508310029497","20","16.005350631889442","-3.994649368110558","0.1997324684055279","0.9986623420276395","0","-0.2","true","false","true","3.9949168997050286","true","actuator-disabled"
"2","feedback","20","20","20","0.05","0.25","2","15","-0.2","160","151","151","16.004828945280224","20","16.00508310029497","-3.9949168997050286","0.19974584498525144","0.9987292249262572","0","-0.2","true","false","true","3.9951710547197763","true","actuator-disabled"
"2","feedback","20","20","20","0.05","0.25","2","15","-0.2","160","152","152","16.004587498016214","20","16.004828945280224","-3.9951710547197763","0.19975855273598883","0.9987927636799441","0","-0.2","true","false","true","3.995412501983786","true","actuator-disabled"
"2","feedback","20","20","20","0.05","0.25","2","15","-0.2","160","153","153","16.004358123115406","20","16.004587498016214","-3.995412501983786","0.1997706250991893","0.9988531254959465","0","-0.2","true","false","true","3.9956418768845943","true","actuator-disabled"
"2","feedback","20","20","20","0.05","0.25","2","15","-0.2","160","154","154","16.004140216959637","20","16.004358123115406","-3.9956418768845943","0.19978209384422974","0.9989104692211486","0","-0.2","true","false","true","3.9958597830403626","true","actuator-disabled"
"2","feedback","20","20","20","0.05","0.25","2","15","-0.2","160","155","155","16.003933206111657","20","16.004140216959637","-3.9958597830403626","0.19979298915201815","0.9989649457600907","0","-0.2","true","false","true","3.9960667938883425","true","actuator-disabled"
"2","feedback","20","20","20","0.05","0.25","2","15","-0.2","160","156","156","16.003736545806074","20","16.003933206111657","-3.9960667938883425","0.19980333969441713","0.9990166984720856","0","-0.2","true","false","true","3.996263454193926","true","actuator-disabled"
"2","feedback","20","20","20","0.05","0.25","2","15","-0.2","160","157","157","16.00354971851577","20","16.003736545806074","-3.996263454193926","0.1998131727096963","0.9990658635484815","0","-0.2","true","false","true","3.996450281484229","true","actuator-disabled"
"2","feedback","20","20","20","0.05","0.25","2","15","-0.2","160","158","158","16.00337223258998","20","16.00354971851577","-3.996450281484229","0.19982251407421148","0.9991125703710573","0","-0.2","true","false","true","3.9966277674100184","true","actuator-disabled"
"2","feedback","20","20","20","0.05","0.25","2","15","-0.2","160","159","159","16.003203620960484","20","16.00337223258998","-3.9966277674100184","0.19983138837050093","0.9991569418525046","0","-0.2","true","false","true","3.996796379039516","true","actuator-disabled"
"2","feedback","20","20","20","0.05","0.25","2","15","-0.2","160","160","160","16.00304343991246","20","16.003203620960484","-3.996796379039516","0.1998398189519758","0.999199094759879","0","-0.2","true","false","true","3.99695656008754","true","actuator-disabled"
"3","feedback","20","20","20","0.05","0.25","2","15","0.2","160","0","0","20","20","20","0","0","0","0","0","false","false","false","0","true","setup"
"3","feedback","20","20","20","0.05","0.25","2","15","0.2","160","1","1","20","20","20","0","0","0","0","0","false","false","false","0","true","setup"
"3","feedback","20","20","20","0.05","0.25","2","15","0.2","160","2","2","20","20","20","0","0","0","0","0","false","false","false","0","true","setup"
"3","feedback","20","20","20","0.05","0.25","2","15","0.2","160","3","3","20","20","20","0","0","0","0","0","false","false","false","0","true","setup"
"3","feedback","20","20","20","0.05","0.25","2","15","0.2","160","4","4","20","20","20","0","0","0","0","0","false","false","false","0","true","setup"
"3","feedback","20","20","20","0.05","0.25","2","15","0.2","160","5","5","20","20","20","0","0","0","0","0","false","false","false","0","true","setup"
"3","feedback","20","20","20","0.05","0.25","2","15","0.2","160","6","6","20","20","20","0","0","0","0","0","false","false","false","0","true","setup"
"3","feedback","20","20","20","0.05","0.25","2","15","0.2","160","7","7","20","20","20","0","0","0","0","0","false","false","false","0","true","setup"
"3","feedback","20","20","20","0.05","0.25","2","15","0.2","160","8","8","20","20","20","0","0","0","0","0","false","false","false","0","true","setup"
"3","feedback","20","20","20","0.05","0.25","2","15","0.2","160","9","9","20","20","20","0","0","0","0","0","false","false","false","0","true","setup"
"3","feedback","20","20","20","0.05","0.25","2","15","0.2","160","10","10","20","20","20","0","0","0","0","0","false","false","false","0","true","setup"
"3","feedback","20","20","20","0.05","0.25","2","15","0.2","160","11","11","20","20","20","0","0","0","0","0","false","false","false","0","true","setup"
"3","feedback","20","20","20","0.05","0.25","2","15","0.2","160","12","12","20","20","20","0","0","0","0","0","false","false","false","0","true","setup"
"3","feedback","20","20","20","0.05","0.25","2","15","0.2","160","13","13","20","20","20","0","0","0","0","0","false","false","false","0","true","setup"
"3","feedback","20","20","20","0.05","0.25","2","15","0.2","160","14","14","20","20","20","0","0","0","0","0","false","false","false","0","true","setup"
"3","feedback","20","20","20","0.05","0.25","2","15","0.2","160","15","15","20","20","20","0","0","0","0","0","false","false","false","0","true","setup"
"3","feedback","20","20","20","0.05","0.25","2","15","0.2","160","16","16","20","20","20","0","0","0","0","0","false","false","false","0","true","setup"
"3","feedback","20","20","20","0.05","0.25","2","15","0.2","160","17","17","20","20","20","0","0","0","0","0","false","false","false","0","true","setup"
"3","feedback","20","20","20","0.05","0.25","2","15","0.2","160","18","18","20","20","20","0","0","0","0","0","false","false","false","0","true","setup"
"3","feedback","20","20","20","0.05","0.25","2","15","0.2","160","19","19","20","20","20","0","0","0","0","0","false","false","false","0","true","setup"
"3","feedback","20","20","20","0.05","0.25","2","15","0.2","160","20","20","20","20","20","0","0","0","0","0","false","false","false","0","true","setup"
"3","feedback","20","20","20","0.05","0.25","2","15","0.2","160","21","21","20.2","20","20","0","0","0","0","0.2","true","false","true","0.1999999999999993","true","actuator-disabled"
"3","feedback","20","20","20","0.05","0.25","2","15","0.2","160","22","22","20.389999999999997","20","20.2","0.1999999999999993","-0.009999999999999966","-0.04999999999999982","0","0.2","true","false","true","0.389999999999997","true","actuator-disabled"
"3","feedback","20","20","20","0.05","0.25","2","15","0.2","160","23","23","20.570499999999996","20","20.389999999999997","0.389999999999997","-0.01949999999999985","-0.09749999999999925","0","0.2","true","false","true","0.5704999999999956","true","actuator-disabled"
"3","feedback","20","20","20","0.05","0.25","2","15","0.2","160","24","24","20.741974999999996","20","20.570499999999996","0.5704999999999956","-0.02852499999999978","-0.1426249999999989","0","0.2","true","false","true","0.7419749999999965","true","actuator-disabled"
"3","feedback","20","20","20","0.05","0.25","2","15","0.2","160","25","25","20.904876249999997","20","20.741974999999996","0.7419749999999965","-0.037098749999999826","-0.18549374999999912","0","0.2","true","false","true","0.9048762499999974","true","actuator-disabled"
"3","feedback","20","20","20","0.05","0.25","2","15","0.2","160","26","26","21.059632437499996","20","20.904876249999997","0.9048762499999974","-0.04524381249999987","-0.22621906249999935","0","0.2","true","false","true","1.059632437499996","true","actuator-disabled"
"3","feedback","20","20","20","0.05","0.25","2","15","0.2","160","27","27","21.206650815624997","20","21.059632437499996","1.059632437499996","-0.0529816218749998","-0.264908109374999","0","0.2","true","false","true","1.2066508156249967","true","actuator-disabled"
"3","feedback","20","20","20","0.05","0.25","2","15","0.2","160","28","28","21.346318274843746","20","21.206650815624997","1.2066508156249967","-0.06033254078124983","-0.30166270390624916","0","0.2","true","false","true","1.346318274843746","true","actuator-disabled"
"3","feedback","20","20","20","0.05","0.25","2","15","0.2","160","29","29","21.479002361101557","20","21.346318274843746","1.346318274843746","-0.0673159137421873","-0.3365795687109365","0","0.2","true","false","true","1.479002361101557","true","actuator-disabled"
"3","feedback","20","20","20","0.05","0.25","2","15","0.2","160","30","30","21.60505224304648","20","21.479002361101557","1.479002361101557","-0.07395011805507785","-0.36975059027538926","0","0.2","true","false","true","1.6050522430464795","true","actuator-disabled"
"3","feedback","20","20","20","0.05","0.25","2","15","0.2","160","31","31","21.724799630894154","20","21.60505224304648","1.6050522430464795","-0.08025261215232399","-0.4012630607616199","0","0.2","true","false","true","1.7247996308941538","true","actuator-disabled"
"3","feedback","20","20","20","0.05","0.25","2","15","0.2","160","32","32","21.838559649349445","20","21.724799630894154","1.7247996308941538","-0.08623998154470769","-0.43119990772353844","0","0.2","true","false","true","1.8385596493494454","true","actuator-disabled"
"3","feedback","20","20","20","0.05","0.25","2","15","0.2","160","33","33","21.946631666881974","20","21.838559649349445","1.8385596493494454","-0.09192798246747227","-0.45963991233736134","0","0.2","true","false","true","1.9466316668819736","true","actuator-disabled"
"3","feedback","20","20","20","0.05","0.25","2","15","0.2","160","34","34","22.049300083537876","20","21.946631666881974","1.9466316668819736","-0.0973315833440987","-0.4866579167204934","0","0.2","true","false","true","2.049300083537876","true","actuator-disabled"
"3","feedback","20","20","20","0.05","0.25","2","15","0.2","160","35","35","22.146835079360983","20","22.049300083537876","2.049300083537876","-0.1024650041768938","-0.512325020884469","0","0.2","true","false","true","2.146835079360983","true","actuator-disabled"
"3","feedback","20","20","20","0.05","0.25","2","15","0.2","160","36","36","22.23949332539293","20","22.146835079360983","2.146835079360983","-0.10734175396804915","-0.5367087698402457","0","0.2","true","false","true","2.2394933253929317","true","actuator-disabled"
"3","feedback","20","20","20","0.05","0.25","2","15","0.2","160","37","37","22.327518659123285","20","22.23949332539293","2.2394933253929317","-0.11197466626964658","-0.5598733313482329","0","0.2","true","false","true","2.3275186591232853","true","actuator-disabled"
"3","feedback","20","20","20","0.05","0.25","2","15","0.2","160","38","38","22.41114272616712","20","22.327518659123285","2.3275186591232853","-0.11637593295616427","-0.5818796647808213","0","0.2","true","false","true","2.411142726167121","true","actuator-disabled"
"3","feedback","20","20","20","0.05","0.25","2","15","0.2","160","39","39","22.490585589858764","20","22.41114272616712","2.411142726167121","-0.12055713630835606","-0.6027856815417802","0","0.2","true","false","true","2.490585589858764","true","actuator-disabled"
"3","feedback","20","20","20","0.05","0.25","2","15","0.2","160","40","40","22.566056310365823","20","22.490585589858764","2.490585589858764","-0.1245292794929382","-0.622646397464691","0","0.2","true","false","true","2.5660563103658234","true","actuator-disabled"
"3","feedback","20","20","20","0.05","0.25","2","15","0.2","160","41","41","22.63775349484753","20","22.566056310365823","2.5660563103658234","-0.12830281551829117","-0.6415140775914558","0","0.2","true","false","true","2.63775349484753","true","actuator-disabled"
"3","feedback","20","20","20","0.05","0.25","2","15","0.2","160","42","42","22.705865820105153","20","22.63775349484753","2.63775349484753","-0.1318876747423765","-0.6594383737118825","0","0.2","true","false","true","2.705865820105153","true","actuator-disabled"
"3","feedback","20","20","20","0.05","0.25","2","15","0.2","160","43","43","22.770572529099894","20","22.705865820105153","2.705865820105153","-0.13529329100525764","-0.6764664550262882","0","0.2","true","false","true","2.770572529099894","true","actuator-disabled"
"3","feedback","20","20","20","0.05","0.25","2","15","0.2","160","44","44","22.832043902644898","20","22.770572529099894","2.770572529099894","-0.13852862645499472","-0.6926431322749735","0","0.2","true","false","true","2.832043902644898","true","actuator-disabled"
"3","feedback","20","20","20","0.05","0.25","2","15","0.2","160","45","45","22.890441707512654","20","22.832043902644898","2.832043902644898","-0.1416021951322449","-0.7080109756612245","0","0.2","true","false","true","2.890441707512654","true","actuator-disabled"
"3","feedback","20","20","20","0.05","0.25","2","15","0.2","160","46","46","22.94591962213702","20","22.890441707512654","2.890441707512654","-0.1445220853756327","-0.7226104268781635","0","0.2","true","false","true","2.945919622137019","true","actuator-disabled"
"3","feedback","20","20","20","0.05","0.25","2","15","0.2","160","47","47","22.998623641030168","20","22.94591962213702","2.945919622137019","-0.14729598110685097","-0.7364799055342548","0","0.2","true","false","true","2.998623641030168","true","actuator-disabled"
"3","feedback","20","20","20","0.05","0.25","2","15","0.2","160","48","48","23.04869245897866","20","22.998623641030168","2.998623641030168","-0.1499311820515084","-0.749655910257542","0","0.2","true","false","true","3.0486924589786604","true","actuator-disabled"
"3","feedback","20","20","20","0.05","0.25","2","15","0.2","160","49","49","23.096257836029725","20","23.04869245897866","3.0486924589786604","-0.15243462294893304","-0.7621731147446651","0","0.2","true","false","true","3.096257836029725","true","actuator-disabled"
"3","feedback","20","20","20","0.05","0.25","2","15","0.2","160","50","50","23.141444944228237","20","23.096257836029725","3.096257836029725","-0.15481289180148627","-0.7740644590074313","0","0.2","true","false","true","3.141444944228237","true","actuator-disabled"
"3","feedback","20","20","20","0.05","0.25","2","15","0.2","160","51","51","23.184372697016823","20","23.141444944228237","3.141444944228237","-0.15707224721141186","-0.7853612360570592","0","0.2","true","false","true","3.1843726970168227","true","actuator-disabled"
"3","feedback","20","20","20","0.05","0.25","2","15","0.2","160","52","52","23.22515406216598","20","23.184372697016823","3.1843726970168227","-0.15921863485084115","-0.7960931742542057","0","0.2","true","false","true","3.2251540621659807","true","actuator-disabled"
"3","feedback","20","20","20","0.05","0.25","2","15","0.2","160","53","53","23.263896359057682","20","23.22515406216598","3.2251540621659807","-0.16125770310829904","-0.8062885155414952","0","0.2","true","false","true","3.263896359057682","true","actuator-disabled"
"3","feedback","20","20","20","0.05","0.25","2","15","0.2","160","54","54","23.300701541104797","20","23.263896359057682","3.263896359057682","-0.16319481795288412","-0.8159740897644205","0","0.2","true","false","true","3.3007015411047966","true","actuator-disabled"
"3","feedback","20","20","20","0.05","0.25","2","15","0.2","160","55","55","23.335666464049556","20","23.300701541104797","3.3007015411047966","-0.16503507705523984","-0.8251753852761992","0","0.2","true","false","true","3.335666464049556","true","actuator-disabled"
"3","feedback","20","20","20","0.05","0.25","2","15","0.2","160","56","56","23.36888314084708","20","23.335666464049556","3.335666464049556","-0.1667833232024778","-0.833916616012389","0","0.2","true","false","true","3.3688831408470783","true","actuator-disabled"
"3","feedback","20","20","20","0.05","0.25","2","15","0.2","160","57","57","23.400438983804722","20","23.36888314084708","3.3688831408470783","-0.16844415704235394","-0.8422207852117696","0","0.2","true","false","true","3.4004389838047224","true","actuator-disabled"
"3","feedback","20","20","20","0.05","0.25","2","15","0.2","160","58","58","23.430417034614486","20","23.400438983804722","3.4004389838047224","-0.17002194919023614","-0.8501097459511806","0","0.2","true","false","true","3.4304170346144858","true","actuator-disabled"
"3","feedback","20","20","20","0.05","0.25","2","15","0.2","160","59","59","23.45889618288376","20","23.430417034614486","3.4304170346144858","-0.1715208517307243","-0.8576042586536214","0","0.2","true","false","true","3.458896182883759","true","actuator-disabled"
"3","feedback","20","20","20","0.05","0.25","2","15","0.2","160","60","60","23.48595137373957","20","23.45889618288376","3.458896182883759","-0.17294480914418797","-0.8647240457209397","0","0.2","true","false","true","3.485951373739571","true","actuator-disabled"
"3","feedback","20","20","20","0.05","0.25","2","15","0.2","160","61","61","23.511653805052593","20","23.48595137373957","3.485951373739571","-0.17429756868697854","-0.8714878434348927","0","0.2","true","false","true","3.5116538050525925","true","actuator-disabled"
"3","feedback","20","20","20","0.05","0.25","2","15","0.2","160","62","62","23.536071114799963","20","23.511653805052593","3.5116538050525925","-0.17558269025262963","-0.8779134512631481","0","0.2","true","false","true","3.536071114799963","true","actuator-disabled"
"3","feedback","20","20","20","0.05","0.25","2","15","0.2","160","63","63","23.559267559059965","20","23.536071114799963","3.536071114799963","-0.17680355573999817","-0.8840177786999908","0","0.2","true","false","true","3.5592675590599647","true","actuator-disabled"
"3","feedback","20","20","20","0.05","0.25","2","15","0.2","160","64","64","23.581304181106965","20","23.559267559059965","3.5592675590599647","-0.17796337795299824","-0.8898168897649912","0","0.2","true","false","true","3.5813041811069652","true","actuator-disabled"
"3","feedback","20","20","20","0.05","0.25","2","15","0.2","160","65","65","23.602238972051616","20","23.581304181106965","3.5813041811069652","-0.17906520905534828","-0.8953260452767413","0","0.2","true","false","true","3.602238972051616","true","actuator-disabled"
"3","feedback","20","20","20","0.05","0.25","2","15","0.2","160","66","66","23.622127023449035","20","23.602238972051616","3.602238972051616","-0.1801119486025808","-0.900559743012904","0","0.2","true","false","true","3.6221270234490355","true","actuator-disabled"
"3","feedback","20","20","20","0.05","0.25","2","15","0.2","160","67","67","23.641020672276582","20","23.622127023449035","3.6221270234490355","-0.18110635117245177","-0.9055317558622589","0","0.2","true","false","true","3.641020672276582","true","actuator-disabled"
"3","feedback","20","20","20","0.05","0.25","2","15","0.2","160","68","68","23.658969638662754","20","23.641020672276582","3.641020672276582","-0.18205103361382913","-0.9102551680691455","0","0.2","true","false","true","3.6589696386627537","true","actuator-disabled"
"3","feedback","20","20","20","0.05","0.25","2","15","0.2","160","69","69","23.676021156729615","20","23.658969638662754","3.6589696386627537","-0.1829484819331377","-0.9147424096656884","0","0.2","true","false","true","3.6760211567296146","true","actuator-disabled"
"3","feedback","20","20","20","0.05","0.25","2","15","0.2","160","70","70","23.692220098893134","20","23.676021156729615","3.6760211567296146","-0.18380105783648074","-0.9190052891824037","0","0.2","true","false","true","3.6922200988931344","true","actuator-disabled"
"3","feedback","20","20","20","0.05","0.25","2","15","0.2","160","71","71","23.707609093948477","20","23.692220098893134","3.6922200988931344","-0.18461100494465674","-0.9230550247232836","0","0.2","true","false","true","3.707609093948477","true","actuator-disabled"
"3","feedback","20","20","20","0.05","0.25","2","15","0.2","160","72","72","23.722228639251053","20","23.707609093948477","3.707609093948477","-0.18538045469742387","-0.9269022734871193","0","0.2","true","false","true","3.7222286392510533","true","actuator-disabled"
"3","feedback","20","20","20","0.05","0.25","2","15","0.2","160","73","73","23.7361172072885","20","23.722228639251053","3.7222286392510533","-0.18611143196255267","-0.9305571598127633","0","0.2","true","false","true","3.736117207288501","true","actuator-disabled"
"3","feedback","20","20","20","0.05","0.25","2","15","0.2","160","74","74","23.749311346924074","20","23.7361172072885","3.736117207288501","-0.18680586036442506","-0.9340293018221253","0","0.2","true","false","true","3.749311346924074","true","actuator-disabled"
"3","feedback","20","20","20","0.05","0.25","2","15","0.2","160","75","75","23.761845779577868","20","23.749311346924074","3.749311346924074","-0.1874655673462037","-0.9373278367310185","0","0.2","true","false","true","3.761845779577868","true","actuator-disabled"
"3","feedback","20","20","20","0.05","0.25","2","15","0.2","160","76","76","23.773753490598974","20","23.761845779577868","3.761845779577868","-0.1880922889788934","-0.940461444894467","0","0.2","true","false","true","3.773753490598974","true","actuator-disabled"
"3","feedback","20","20","20","0.05","0.25","2","15","0.2","160","77","77","23.785065816069025","20","23.773753490598974","3.773753490598974","-0.18868767452994872","-0.9434383726497435","0","0.2","true","false","true","3.785065816069025","true","actuator-disabled"
"3","feedback","20","20","20","0.05","0.25","2","15","0.2","160","78","78","23.795812525265575","20","23.785065816069025","3.785065816069025","-0.18925329080345127","-0.9462664540172563","0","0.2","true","false","true","3.7958125252655748","true","actuator-disabled"
"3","feedback","20","20","20","0.05","0.25","2","15","0.2","160","79","79","23.806021899002296","20","23.795812525265575","3.7958125252655748","-0.18979062626327875","-0.9489531313163937","0","0.2","true","false","true","3.806021899002296","true","actuator-disabled"
"3","feedback","20","20","20","0.05","0.25","2","15","0.2","160","80","80","23.81572080405218","20","23.806021899002296","3.806021899002296","-0.19030109495011482","-0.951505474750574","0","0.2","true","false","true","3.81572080405218","true","actuator-disabled"
"3","feedback","20","20","20","0.05","0.25","2","15","0.2","160","81","81","23.82493476384957","20","23.81572080405218","3.81572080405218","-0.19078604020260903","-0.953930201013045","0","0.2","true","false","true","3.824934763849569","true","actuator-disabled"
"3","feedback","20","20","20","0.05","0.25","2","15","0.2","160","82","82","23.83368802565709","20","23.82493476384957","3.824934763849569","-0.19124673819247848","-0.9562336909623923","0","0.2","true","false","true","3.8336880256570893","true","actuator-disabled"
"3","feedback","20","20","20","0.05","0.25","2","15","0.2","160","83","83","23.842003624374232","20","23.83368802565709","3.8336880256570893","-0.19168440128285447","-0.9584220064142723","0","0.2","true","false","true","3.8420036243742324","true","actuator-disabled"
"3","feedback","20","20","20","0.05","0.25","2","15","0.2","160","84","84","23.84990344315552","20","23.842003624374232","3.8420036243742324","-0.19210018121871164","-0.9605009060935581","0","0.2","true","false","true","3.849903443155519","true","actuator-disabled"
"3","feedback","20","20","20","0.05","0.25","2","15","0.2","160","85","85","23.85740827099774","20","23.84990344315552","3.849903443155519","-0.19249517215777595","-0.9624758607888797","0","0.2","true","false","true","3.857408270997741","true","actuator-disabled"
"3","feedback","20","20","20","0.05","0.25","2","15","0.2","160","86","86","23.864537857447853","20","23.85740827099774","3.857408270997741","-0.19287041354988707","-0.9643520677494353","0","0.2","true","false","true","3.8645378574478535","true","actuator-disabled"
"3","feedback","20","20","20","0.05","0.25","2","15","0.2","160","87","87","23.87131096457546","20","23.864537857447853","3.8645378574478535","-0.1932268928723927","-0.9661344643619634","0","0.2","true","false","true","3.8713109645754606","true","actuator-disabled"
"3","feedback","20","20","20","0.05","0.25","2","15","0.2","160","88","88","23.877745416346688","20","23.87131096457546","3.8713109645754606","-0.19356554822877303","-0.9678277411438652","0","0.2","true","false","true","3.877745416346688","true","actuator-disabled"
"3","feedback","20","20","20","0.05","0.25","2","15","0.2","160","89","89","23.883858145529352","20","23.877745416346688","3.877745416346688","-0.1938872708173344","-0.969436354086672","0","0.2","true","false","true","3.883858145529352","true","actuator-disabled"
"3","feedback","20","20","20","0.05","0.25","2","15","0.2","160","90","90","23.889665238252885","20","23.883858145529352","3.883858145529352","-0.19419290727646762","-0.970964536382338","0","0.2","true","false","true","3.889665238252885","true","actuator-disabled"
"3","feedback","20","20","20","0.05","0.25","2","15","0.2","160","91","91","23.89518197634024","20","23.889665238252885","3.889665238252885","-0.19448326191264426","-0.9724163095632212","0","0.2","true","false","true","3.8951819763402398","true","actuator-disabled"
"3","feedback","20","20","20","0.05","0.25","2","15","0.2","160","92","92","23.900422877523226","20","23.89518197634024","3.8951819763402398","-0.194759098817012","-0.9737954940850599","0","0.2","true","false","true","3.9004228775232264","true","actuator-disabled"
"3","feedback","20","20","20","0.05","0.25","2","15","0.2","160","93","93","23.905401733647064","20","23.900422877523226","3.9004228775232264","-0.19502114387616132","-0.9751057193808066","0","0.2","true","false","true","3.9054017336470643","true","actuator-disabled"
"3","feedback","20","20","20","0.05","0.25","2","15","0.2","160","94","94","23.91013164696471","20","23.905401733647064","3.9054017336470643","-0.19527008668235324","-0.9763504334117661","0","0.2","true","false","true","3.910131646964711","true","actuator-disabled"
"3","feedback","20","20","20","0.05","0.25","2","15","0.2","160","95","95","23.914625064616473","20","23.91013164696471","3.910131646964711","-0.19550658234823556","-0.9775329117411777","0","0.2","true","false","true","3.914625064616473","true","actuator-disabled"
"3","feedback","20","20","20","0.05","0.25","2","15","0.2","160","96","96","23.918893811385647","20","23.914625064616473","3.914625064616473","-0.19573125323082366","-0.9786562661541183","0","0.2","true","false","true","3.9188938113856473","true","actuator-disabled"
"3","feedback","20","20","20","0.05","0.25","2","15","0.2","160","97","97","23.922949120816366","20","23.918893811385647","3.9188938113856473","-0.19594469056928238","-0.9797234528464118","0","0.2","true","false","true","3.922949120816366","true","actuator-disabled"
"3","feedback","20","20","20","0.05","0.25","2","15","0.2","160","98","98","23.926801664775546","20","23.922949120816366","3.922949120816366","-0.1961474560408183","-0.9807372802040915","0","0.2","true","false","true","3.926801664775546","true","actuator-disabled"
"3","feedback","20","20","20","0.05","0.25","2","15","0.2","160","99","99","23.93046158153677","20","23.926801664775546","3.926801664775546","-0.1963400832387773","-0.9817004161938865","0","0.2","true","false","true","3.9304615815367683","true","actuator-disabled"
"3","feedback","20","20","20","0.05","0.25","2","15","0.2","160","100","100","23.933938502459927","20","23.93046158153677","3.9304615815367683","-0.19652307907683841","-0.9826153953841921","0","0.2","true","false","true","3.9339385024599274","true","actuator-disabled"
"3","feedback","20","20","20","0.05","0.25","2","15","0.2","160","101","101","23.93724157733693","20","23.933938502459927","3.9339385024599274","-0.19669692512299639","-0.9834846256149818","0","0.2","true","false","true","3.9372415773369305","true","actuator-disabled"
"3","feedback","20","20","20","0.05","0.25","2","15","0.2","160","102","102","23.940379498470083","20","23.93724157733693","3.9372415773369305","-0.19686207886684653","-0.9843103943342326","0","0.2","true","false","true","3.940379498470083","true","actuator-disabled"
"3","feedback","20","20","20","0.05","0.25","2","15","0.2","160","103","103","23.943360523546577","20","23.940379498470083","3.940379498470083","-0.19701897492350418","-0.9850948746175208","0","0.2","true","false","true","3.943360523546577","true","actuator-disabled"
"3","feedback","20","20","20","0.05","0.25","2","15","0.2","160","104","104","23.946192497369246","20","23.943360523546577","3.943360523546577","-0.19716802617732887","-0.9858401308866442","0","0.2","true","false","true","3.946192497369246","true","actuator-disabled"
"3","feedback","20","20","20","0.05","0.25","2","15","0.2","160","105","105","23.948882872500782","20","23.946192497369246","3.946192497369246","-0.19730962486846232","-0.9865481243423115","0","0.2","true","false","true","3.948882872500782","true","actuator-disabled"
"3","feedback","20","20","20","0.05","0.25","2","15","0.2","160","106","106","23.951438728875743","20","23.948882872500782","3.948882872500782","-0.19744414362503912","-0.9872207181251955","0","0.2","true","false","true","3.9514387288757433","true","actuator-disabled"
"3","feedback","20","20","20","0.05","0.25","2","15","0.2","160","107","107","23.953866792431956","20","23.951438728875743","3.9514387288757433","-0.19757193644378718","-0.9878596822189358","0","0.2","true","false","true","3.953866792431956","true","actuator-disabled"
"3","feedback","20","20","20","0.05","0.25","2","15","0.2","160","108","108","23.956173452810358","20","23.953866792431956","3.953866792431956","-0.19769333962159782","-0.988466698107989","0","0.2","true","false","true","3.956173452810358","true","actuator-disabled"
"3","feedback","20","20","20","0.05","0.25","2","15","0.2","160","109","109","23.958364780169838","20","23.956173452810358","3.956173452810358","-0.1978086726405179","-0.9890433632025895","0","0.2","true","false","true","3.9583647801698376","true","actuator-disabled"
"3","feedback","20","20","20","0.05","0.25","2","15","0.2","160","110","110","23.960446541161346","20","23.958364780169838","3.9583647801698376","-0.1979182390084919","-0.9895911950424594","0","0.2","true","false","true","3.960446541161346","true","actuator-disabled"
"3","feedback","20","20","20","0.05","0.25","2","15","0.2","160","111","111","23.96242421410328","20","23.960446541161346","3.960446541161346","-0.19802232705806733","-0.9901116352903365","0","0.2","true","false","true","3.9624242141032795","true","actuator-disabled"
"3","feedback","20","20","20","0.05","0.25","2","15","0.2","160","112","112","23.964303003398115","20","23.96242421410328","3.9624242141032795","-0.19812121070516397","-0.9906060535258199","0","0.2","true","false","true","3.964303003398115","true","actuator-disabled"
"3","feedback","20","20","20","0.05","0.25","2","15","0.2","160","113","113","23.96608785322821","20","23.964303003398115","3.964303003398115","-0.19821515016990576","-0.9910757508495287","0","0.2","true","false","true","3.96608785322821","true","actuator-disabled"
"3","feedback","20","20","20","0.05","0.25","2","15","0.2","160","114","114","23.9677834605668","20","23.96608785322821","3.96608785322821","-0.1983043926614105","-0.9915219633070524","0","0.2","true","false","true","3.9677834605667996","true","actuator-disabled"
"3","feedback","20","20","20","0.05","0.25","2","15","0.2","160","115","115","23.96939428753846","20","23.9677834605668","3.9677834605667996","-0.19838917302834","-0.9919458651416999","0","0.2","true","false","true","3.96939428753846","true","actuator-disabled"
"3","feedback","20","20","20","0.05","0.25","2","15","0.2","160","116","116","23.970924573161536","20","23.96939428753846","3.96939428753846","-0.198469714376923","-0.992348571884615","0","0.2","true","false","true","3.970924573161536","true","actuator-disabled"
"3","feedback","20","20","20","0.05","0.25","2","15","0.2","160","117","117","23.972378344503458","20","23.970924573161536","3.970924573161536","-0.1985462286580768","-0.992731143290384","0","0.2","true","false","true","3.9723783445034577","true","actuator-disabled"
"3","feedback","20","20","20","0.05","0.25","2","15","0.2","160","118","118","23.973759427278285","20","23.972378344503458","3.9723783445034577","-0.1986189172251729","-0.9930945861258644","0","0.2","true","false","true","3.973759427278285","true","actuator-disabled"
"3","feedback","20","20","20","0.05","0.25","2","15","0.2","160","119","119","23.97507145591437","20","23.973759427278285","3.973759427278285","-0.19868797136391425","-0.9934398568195713","0","0.2","true","false","true","3.975071455914371","true","actuator-disabled"
"3","feedback","20","20","20","0.05","0.25","2","15","0.2","160","120","120","23.97631788311865","20","23.97507145591437","3.975071455914371","-0.19875357279571856","-0.9937678639785927","0","0.2","true","false","true","3.97631788311865","true","actuator-disabled"
"3","feedback","20","20","20","0.05","0.25","2","15","0.2","160","121","121","23.977501988962718","20","23.97631788311865","3.97631788311865","-0.1988158941559325","-0.9940794707796625","0","0.2","true","false","true","3.977501988962718","true","actuator-disabled"
"3","feedback","20","20","20","0.05","0.25","2","15","0.2","160","122","122","23.978626889514583","20","23.977501988962718","3.977501988962718","-0.19887509944813592","-0.9943754972406795","0","0.2","true","false","true","3.978626889514583","true","actuator-disabled"
"3","feedback","20","20","20","0.05","0.25","2","15","0.2","160","123","123","23.979695545038854","20","23.978626889514583","3.978626889514583","-0.19893134447572916","-0.9946567223786458","0","0.2","true","false","true","3.9796955450388545","true","actuator-disabled"
"3","feedback","20","20","20","0.05","0.25","2","15","0.2","160","124","124","23.98071076778691","20","23.979695545038854","3.9796955450388545","-0.19898477725194275","-0.9949238862597136","0","0.2","true","false","true","3.98071076778691","true","actuator-disabled"
"3","feedback","20","20","20","0.05","0.25","2","15","0.2","160","125","125","23.981675229397563","20","23.98071076778691","3.98071076778691","-0.1990355383893455","-0.9951776919467274","0","0.2","true","false","true","3.9816752293975632","true","actuator-disabled"
"3","feedback","20","20","20","0.05","0.25","2","15","0.2","160","126","126","23.982591467927683","20","23.981675229397563","3.9816752293975632","-0.19908376146987816","-0.9954188073493908","0","0.2","true","false","true","3.9825914679276835","true","actuator-disabled"
"3","feedback","20","20","20","0.05","0.25","2","15","0.2","160","127","127","23.9834618945313","20","23.982591467927683","3.9825914679276835","-0.19912957339638418","-0.9956478669819209","0","0.2","true","false","true","3.983461894531299","true","actuator-disabled"
"3","feedback","20","20","20","0.05","0.25","2","15","0.2","160","128","128","23.984288799804734","20","23.9834618945313","3.983461894531299","-0.19917309472656497","-0.9958654736328247","0","0.2","true","false","true","3.984288799804734","true","actuator-disabled"
"3","feedback","20","20","20","0.05","0.25","2","15","0.2","160","129","129","23.985074359814497","20","23.984288799804734","3.984288799804734","-0.1992144399902367","-0.9960721999511835","0","0.2","true","false","true","3.9850743598144973","true","actuator-disabled"
"3","feedback","20","20","20","0.05","0.25","2","15","0.2","160","130","130","23.98582064182377","20","23.985074359814497","3.9850743598144973","-0.1992537179907249","-0.9962685899536243","0","0.2","true","false","true","3.9858206418237714","true","actuator-disabled"
"3","feedback","20","20","20","0.05","0.25","2","15","0.2","160","131","131","23.98652960973258","20","23.98582064182377","3.9858206418237714","-0.1992910320911886","-0.9964551604559428","0","0.2","true","false","true","3.9865296097325817","true","actuator-disabled"
"3","feedback","20","20","20","0.05","0.25","2","15","0.2","160","132","132","23.98720312924595","20","23.98652960973258","3.9865296097325817","-0.1993264804866291","-0.9966324024331454","0","0.2","true","false","true","3.9872031292459518","true","actuator-disabled"
"3","feedback","20","20","20","0.05","0.25","2","15","0.2","160","133","133","23.987842972783653","20","23.98720312924595","3.9872031292459518","-0.1993601564622976","-0.9968007823114879","0","0.2","true","false","true","3.9878429727836533","true","actuator-disabled"
"3","feedback","20","20","20","0.05","0.25","2","15","0.2","160","134","134","23.98845082414447","20","23.987842972783653","3.9878429727836533","-0.19939214863918267","-0.9969607431959133","0","0.2","true","false","true","3.9884508241444685","true","actuator-disabled"
"3","feedback","20","20","20","0.05","0.25","2","15","0.2","160","135","135","23.989028282937245","20","23.98845082414447","3.9884508241444685","-0.19942254120722344","-0.9971127060361171","0","0.2","true","false","true","3.9890282829372445","true","actuator-disabled"
"3","feedback","20","20","20","0.05","0.25","2","15","0.2","160","136","136","23.989576868790383","20","23.989028282937245","3.9890282829372445","-0.19945141414686224","-0.9972570707343111","0","0.2","true","false","true","3.989576868790383","true","actuator-disabled"
"3","feedback","20","20","20","0.05","0.25","2","15","0.2","160","137","137","23.990098025350864","20","23.989576868790383","3.989576868790383","-0.19947884343951916","-0.9973942171975958","0","0.2","true","false","true","3.990098025350864","true","actuator-disabled"
"3","feedback","20","20","20","0.05","0.25","2","15","0.2","160","138","138","23.990593124083322","20","23.990098025350864","3.990098025350864","-0.19950490126754322","-0.997524506337716","0","0.2","true","false","true","3.990593124083322","true","actuator-disabled"
"3","feedback","20","20","20","0.05","0.25","2","15","0.2","160","139","139","23.991063467879155","20","23.990593124083322","3.990593124083322","-0.1995296562041661","-0.9976482810208305","0","0.2","true","false","true","3.9910634678791546","true","actuator-disabled"
"3","feedback","20","20","20","0.05","0.25","2","15","0.2","160","140","140","23.991510294485195","20","23.991063467879155","3.9910634678791546","-0.19955317339395773","-0.9977658669697886","0","0.2","true","false","true","3.9915102944851952","true","actuator-disabled"
"3","feedback","20","20","20","0.05","0.25","2","15","0.2","160","141","141","23.991934779760935","20","23.991510294485195","3.9915102944851952","-0.19957551472425977","-0.9978775736212988","0","0.2","true","false","true","3.9919347797609355","true","actuator-disabled"
"3","feedback","20","20","20","0.05","0.25","2","15","0.2","160","142","142","23.99233804077289","20","23.991934779760935","3.9919347797609355","-0.19959673898804678","-0.9979836949402339","0","0.2","true","false","true","3.9923380407728892","true","actuator-disabled"
"3","feedback","20","20","20","0.05","0.25","2","15","0.2","160","143","143","23.992721138734243","20","23.99233804077289","3.9923380407728892","-0.19961690203864446","-0.9980845101932223","0","0.2","true","false","true","3.992721138734243","true","actuator-disabled"
"3","feedback","20","20","20","0.05","0.25","2","15","0.2","160","144","144","23.99308508179753","20","23.992721138734243","3.992721138734243","-0.19963605693671216","-0.9981802846835608","0","0.2","true","false","true","3.993085081797531","true","actuator-disabled"
"3","feedback","20","20","20","0.05","0.25","2","15","0.2","160","145","145","23.993430827707655","20","23.99308508179753","3.993085081797531","-0.19965425408987658","-0.9982712704493828","0","0.2","true","false","true","3.9934308277076553","true","actuator-disabled"
"3","feedback","20","20","20","0.05","0.25","2","15","0.2","160","146","146","23.993759286322273","20","23.993430827707655","3.9934308277076553","-0.1996715413853828","-0.9983577069269138","0","0.2","true","false","true","3.9937592863222733","true","actuator-disabled"
"3","feedback","20","20","20","0.05","0.25","2","15","0.2","160","147","147","23.99407132200616","20","23.993759286322273","3.9937592863222733","-0.1996879643161137","-0.9984398215805683","0","0.2","true","false","true","3.9940713220061603","true","actuator-disabled"
"3","feedback","20","20","20","0.05","0.25","2","15","0.2","160","148","148","23.994367755905852","20","23.99407132200616","3.9940713220061603","-0.19970356610030804","-0.9985178305015401","0","0.2","true","false","true","3.994367755905852","true","actuator-disabled"
"3","feedback","20","20","20","0.05","0.25","2","15","0.2","160","149","149","23.994649368110558","20","23.994367755905852","3.994367755905852","-0.1997183877952926","-0.998591938976463","0","0.2","true","false","true","3.994649368110558","true","actuator-disabled"
"3","feedback","20","20","20","0.05","0.25","2","15","0.2","160","150","150","23.99491689970503","20","23.994649368110558","3.994649368110558","-0.1997324684055279","-0.9986623420276395","0","0.2","true","false","true","3.9949168997050286","true","actuator-disabled"
"3","feedback","20","20","20","0.05","0.25","2","15","0.2","160","151","151","23.995171054719776","20","23.99491689970503","3.9949168997050286","-0.19974584498525144","-0.9987292249262572","0","0.2","true","false","true","3.9951710547197763","true","actuator-disabled"
"3","feedback","20","20","20","0.05","0.25","2","15","0.2","160","152","152","23.995412501983786","20","23.995171054719776","3.9951710547197763","-0.19975855273598883","-0.9987927636799441","0","0.2","true","false","true","3.995412501983786","true","actuator-disabled"
"3","feedback","20","20","20","0.05","0.25","2","15","0.2","160","153","153","23.995641876884594","20","23.995412501983786","3.995412501983786","-0.1997706250991893","-0.9988531254959465","0","0.2","true","false","true","3.9956418768845943","true","actuator-disabled"
"3","feedback","20","20","20","0.05","0.25","2","15","0.2","160","154","154","23.995859783040363","20","23.995641876884594","3.9956418768845943","-0.19978209384422974","-0.9989104692211486","0","0.2","true","false","true","3.9958597830403626","true","actuator-disabled"
"3","feedback","20","20","20","0.05","0.25","2","15","0.2","160","155","155","23.996066793888343","20","23.995859783040363","3.9958597830403626","-0.19979298915201815","-0.9989649457600907","0","0.2","true","false","true","3.9960667938883425","true","actuator-disabled"
"3","feedback","20","20","20","0.05","0.25","2","15","0.2","160","156","156","23.996263454193926","20","23.996066793888343","3.9960667938883425","-0.19980333969441713","-0.9990166984720856","0","0.2","true","false","true","3.996263454193926","true","actuator-disabled"
"3","feedback","20","20","20","0.05","0.25","2","15","0.2","160","157","157","23.99645028148423","20","23.996263454193926","3.996263454193926","-0.1998131727096963","-0.9990658635484815","0","0.2","true","false","true","3.996450281484229","true","actuator-disabled"
"3","feedback","20","20","20","0.05","0.25","2","15","0.2","160","158","158","23.99662776741002","20","23.99645028148423","3.996450281484229","-0.19982251407421148","-0.9991125703710573","0","0.2","true","false","true","3.9966277674100184","true","actuator-disabled"
"3","feedback","20","20","20","0.05","0.25","2","15","0.2","160","159","159","23.996796379039516","20","23.99662776741002","3.9966277674100184","-0.19983138837050093","-0.9991569418525046","0","0.2","true","false","true","3.996796379039516","true","actuator-disabled"
"3","feedback","20","20","20","0.05","0.25","2","15","0.2","160","160","160","23.99695656008754","20","23.996796379039516","3.996796379039516","-0.1998398189519758","-0.999199094759879","0","0.2","true","false","true","3.99695656008754","true","actuator-disabled"
"4","feedback","20","20","20","0.05","0.25","2","15","0.4","160","0","0","20","20","20","0","0","0","0","0","false","false","false","0","true","setup"
"4","feedback","20","20","20","0.05","0.25","2","15","0.4","160","1","1","20","20","20","0","0","0","0","0","false","false","false","0","true","setup"
"4","feedback","20","20","20","0.05","0.25","2","15","0.4","160","2","2","20","20","20","0","0","0","0","0","false","false","false","0","true","setup"
"4","feedback","20","20","20","0.05","0.25","2","15","0.4","160","3","3","20","20","20","0","0","0","0","0","false","false","false","0","true","setup"
"4","feedback","20","20","20","0.05","0.25","2","15","0.4","160","4","4","20","20","20","0","0","0","0","0","false","false","false","0","true","setup"
"4","feedback","20","20","20","0.05","0.25","2","15","0.4","160","5","5","20","20","20","0","0","0","0","0","false","false","false","0","true","setup"
"4","feedback","20","20","20","0.05","0.25","2","15","0.4","160","6","6","20","20","20","0","0","0","0","0","false","false","false","0","true","setup"
"4","feedback","20","20","20","0.05","0.25","2","15","0.4","160","7","7","20","20","20","0","0","0","0","0","false","false","false","0","true","setup"
"4","feedback","20","20","20","0.05","0.25","2","15","0.4","160","8","8","20","20","20","0","0","0","0","0","false","false","false","0","true","setup"
"4","feedback","20","20","20","0.05","0.25","2","15","0.4","160","9","9","20","20","20","0","0","0","0","0","false","false","false","0","true","setup"
"4","feedback","20","20","20","0.05","0.25","2","15","0.4","160","10","10","20","20","20","0","0","0","0","0","false","false","false","0","true","setup"
"4","feedback","20","20","20","0.05","0.25","2","15","0.4","160","11","11","20","20","20","0","0","0","0","0","false","false","false","0","true","setup"
"4","feedback","20","20","20","0.05","0.25","2","15","0.4","160","12","12","20","20","20","0","0","0","0","0","false","false","false","0","true","setup"
"4","feedback","20","20","20","0.05","0.25","2","15","0.4","160","13","13","20","20","20","0","0","0","0","0","false","false","false","0","true","setup"
"4","feedback","20","20","20","0.05","0.25","2","15","0.4","160","14","14","20","20","20","0","0","0","0","0","false","false","false","0","true","setup"
"4","feedback","20","20","20","0.05","0.25","2","15","0.4","160","15","15","20","20","20","0","0","0","0","0","false","false","false","0","true","setup"
"4","feedback","20","20","20","0.05","0.25","2","15","0.4","160","16","16","20","20","20","0","0","0","0","0","false","false","false","0","true","setup"
"4","feedback","20","20","20","0.05","0.25","2","15","0.4","160","17","17","20","20","20","0","0","0","0","0","false","false","false","0","true","setup"
"4","feedback","20","20","20","0.05","0.25","2","15","0.4","160","18","18","20","20","20","0","0","0","0","0","false","false","false","0","true","setup"
"4","feedback","20","20","20","0.05","0.25","2","15","0.4","160","19","19","20","20","20","0","0","0","0","0","false","false","false","0","true","setup"
"4","feedback","20","20","20","0.05","0.25","2","15","0.4","160","20","20","20","20","20","0","0","0","0","0","false","false","false","0","true","setup"
"4","feedback","20","20","20","0.05","0.25","2","15","0.4","160","21","21","20.4","20","20","0","0","0","0","0.4","true","false","true","0.3999999999999986","true","actuator-disabled"
"4","feedback","20","20","20","0.05","0.25","2","15","0.4","160","22","22","20.779999999999998","20","20.4","0.3999999999999986","-0.01999999999999993","-0.09999999999999964","0","0.4","true","false","true","0.7799999999999976","true","actuator-disabled"
"4","feedback","20","20","20","0.05","0.25","2","15","0.4","160","23","23","21.140999999999995","20","20.779999999999998","0.7799999999999976","-0.03899999999999988","-0.1949999999999994","0","0.4","true","false","true","1.1409999999999947","true","actuator-disabled"
"4","feedback","20","20","20","0.05","0.25","2","15","0.4","160","24","24","21.483949999999993","20","21.140999999999995","1.1409999999999947","-0.05704999999999974","-0.28524999999999867","0","0.4","true","false","true","1.483949999999993","true","actuator-disabled"
"4","feedback","20","20","20","0.05","0.25","2","15","0.4","160","25","25","21.80975249999999","20","21.483949999999993","1.483949999999993","-0.07419749999999965","-0.37098749999999825","0","0.4","true","false","true","1.8097524999999912","true","actuator-disabled"
"4","feedback","20","20","20","0.05","0.25","2","15","0.4","160","26","26","22.119264874999992","20","21.80975249999999","1.8097524999999912","-0.09048762499999957","-0.4524381249999978","0","0.4","true","false","true","2.119264874999992","true","actuator-disabled"
"4","feedback","20","20","20","0.05","0.25","2","15","0.4","160","27","27","22.41330163124999","20","22.119264874999992","2.119264874999992","-0.1059632437499996","-0.529816218749998","0","0.4","true","false","true","2.4133016312499898","true","actuator-disabled"
"4","feedback","20","20","20","0.05","0.25","2","15","0.4","160","28","28","22.69263654968749","20","22.41330163124999","2.4133016312499898","-0.1206650815624995","-0.6033254078124974","0","0.4","true","false","true","2.6926365496874887","true","actuator-disabled"
"4","feedback","20","20","20","0.05","0.25","2","15","0.4","160","29","29","22.958004722203114","20","22.69263654968749","2.6926365496874887","-0.13463182748437444","-0.6731591374218722","0","0.4","true","false","true","2.958004722203114","true","actuator-disabled"
"4","feedback","20","20","20","0.05","0.25","2","15","0.4","160","30","30","23.210104486092956","20","22.958004722203114","2.958004722203114","-0.1479002361101557","-0.7395011805507785","0","0.4","true","false","true","3.2101044860929555","true","actuator-disabled"
"4","feedback","20","20","20","0.05","0.25","2","15","0.4","160","31","31","23.449599261788308","20","23.210104486092956","3.2101044860929555","-0.16050522430464778","-0.8025261215232389","0","0.4","true","false","true","3.4495992617883076","true","actuator-disabled"
"4","feedback","20","20","20","0.05","0.25","2","15","0.4","160","32","32","23.67711929869889","20","23.449599261788308","3.4495992617883076","-0.17247996308941538","-0.8623998154470769","0","0.4","true","false","true","3.6771192986988908","true","actuator-disabled"
"4","feedback","20","20","20","0.05","0.25","2","15","0.4","160","33","33","23.893263333763944","20","23.67711929869889","3.6771192986988908","-0.18385596493494455","-0.9192798246747227","0","0.4","true","false","true","3.8932633337639437","true","actuator-disabled"
"4","feedback","20","20","20","0.05","0.25","2","15","0.4","160","34","34","24.098600167075745","20","23.893263333763944","3.8932633337639437","-0.1946631666881972","-0.9733158334409859","0","0.4","true","false","true","4.098600167075745","true","actuator-disabled"
"4","feedback","20","20","20","0.05","0.25","2","15","0.4","160","35","35","24.293670158721955","20","24.098600167075745","4.098600167075745","-0.20493000835378725","-1.0246500417689361","0","0.4","true","false","true","4.293670158721955","true","actuator-disabled"
"4","feedback","20","20","20","0.05","0.25","2","15","0.4","160","36","36","24.478986650785856","20","24.293670158721955","4.293670158721955","-0.21468350793609778","-1.0734175396804888","0","0.4","true","false","true","4.478986650785856","true","actuator-disabled"
"4","feedback","20","20","20","0.05","0.25","2","15","0.4","160","37","37","24.655037318246563","20","24.478986650785856","4.478986650785856","-0.22394933253929283","-1.119746662696464","0","0.4","true","false","true","4.655037318246563","true","actuator-disabled"
"4","feedback","20","20","20","0.05","0.25","2","15","0.4","160","38","38","24.822285452334235","20","24.655037318246563","4.655037318246563","-0.2327518659123282","-1.1637593295616409","0","0.4","true","false","true","4.822285452334235","true","actuator-disabled"
"4","feedback","20","20","20","0.05","0.25","2","15","0.4","160","39","39","24.98117117971752","20","24.822285452334235","4.822285452334235","-0.24111427261671176","-1.2055713630835587","0","0.4","true","false","true","4.981171179717521","true","actuator-disabled"
"4","feedback","20","20","20","0.05","0.25","2","15","0.4","160","40","40","25.132112620731643","20","24.98117117971752","4.981171179717521","-0.24905855898587603","-1.2452927949293802","0","0.4","true","false","true","5.132112620731643","true","actuator-disabled"
"4","feedback","20","20","20","0.05","0.25","2","15","0.4","160","41","41","25.27550698969506","20","25.132112620731643","5.132112620731643","-0.2566056310365822","-1.2830281551829108","0","0.4","true","false","true","5.27550698969506","true","actuator-disabled"
"4","feedback","20","20","20","0.05","0.25","2","15","0.4","160","42","42","25.411731640210306","20","25.27550698969506","5.27550698969506","-0.263775349484753","-1.318876747423765","0","0.4","true","false","true","5.411731640210306","true","actuator-disabled"
"4","feedback","20","20","20","0.05","0.25","2","15","0.4","160","43","43","25.54114505819979","20","25.411731640210306","5.411731640210306","-0.2705865820105153","-1.3529329100525764","0","0.4","true","false","true","5.541145058199788","true","actuator-disabled"
"4","feedback","20","20","20","0.05","0.25","2","15","0.4","160","44","44","25.664087805289796","20","25.54114505819979","5.541145058199788","-0.27705725290998945","-1.385286264549947","0","0.4","true","false","true","5.664087805289796","true","actuator-disabled"
"4","feedback","20","20","20","0.05","0.25","2","15","0.4","160","45","45","25.780883415025304","20","25.664087805289796","5.664087805289796","-0.2832043902644898","-1.416021951322449","0","0.4","true","false","true","5.780883415025304","true","actuator-disabled"
"4","feedback","20","20","20","0.05","0.25","2","15","0.4","160","46","46","25.89183924427404","20","25.780883415025304","5.780883415025304","-0.2890441707512652","-1.445220853756326","0","0.4","true","false","true","5.891839244274038","true","actuator-disabled"
"4","feedback","20","20","20","0.05","0.25","2","15","0.4","160","47","47","25.997247282060336","20","25.89183924427404","5.891839244274038","-0.29459196221370193","-1.4729598110685096","0","0.4","true","false","true","5.997247282060336","true","actuator-disabled"
"4","feedback","20","20","20","0.05","0.25","2","15","0.4","160","48","48","26.097384917957317","20","25.997247282060336","5.997247282060336","-0.2998623641030168","-1.499311820515084","0","0.4","true","false","true","6.097384917957317","true","actuator-disabled"
"4","feedback","20","20","20","0.05","0.25","2","15","0.4","160","49","49","26.19251567205945","20","26.097384917957317","6.097384917957317","-0.3048692458978659","-1.5243462294893293","0","0.4","true","false","true","6.19251567205945","true","actuator-disabled"
"4","feedback","20","20","20","0.05","0.25","2","15","0.4","160","50","50","26.282889888456477","20","26.19251567205945","6.19251567205945","-0.30962578360297255","-1.5481289180148625","0","0.4","true","false","true","6.282889888456477","true","actuator-disabled"
"4","feedback","20","20","20","0.05","0.25","2","15","0.4","160","51","51","26.368745394033652","20","26.282889888456477","6.282889888456477","-0.3141444944228239","-1.5707224721141193","0","0.4","true","false","true","6.3687453940336525","true","actuator-disabled"
"4","feedback","20","20","20","0.05","0.25","2","15","0.4","160","52","52","26.45030812433197","20","26.368745394033652","6.3687453940336525","-0.3184372697016826","-1.5921863485084131","0","0.4","true","false","true","6.450308124331968","true","actuator-disabled"
"4","feedback","20","20","20","0.05","0.25","2","15","0.4","160","53","53","26.527792718115368","20","26.45030812433197","6.450308124331968","-0.32251540621659847","-1.612577031082992","0","0.4","true","false","true","6.527792718115368","true","actuator-disabled"
"4","feedback","20","20","20","0.05","0.25","2","15","0.4","160","54","54","26.601403082209597","20","26.527792718115368","6.527792718115368","-0.3263896359057684","-1.631948179528842","0","0.4","true","false","true","6.601403082209597","true","actuator-disabled"
"4","feedback","20","20","20","0.05","0.25","2","15","0.4","160","55","55","26.671332928099115","20","26.601403082209597","6.601403082209597","-0.33007015411047985","-1.6503507705523992","0","0.4","true","false","true","6.671332928099115","true","actuator-disabled"
"4","feedback","20","20","20","0.05","0.25","2","15","0.4","160","56","56","26.737766281694157","20","26.671332928099115","6.671332928099115","-0.3335666464049558","-1.6678332320247788","0","0.4","true","false","true","6.737766281694157","true","actuator-disabled"
"4","feedback","20","20","20","0.05","0.25","2","15","0.4","160","57","57","26.80087796760945","20","26.737766281694157","6.737766281694157","-0.3368883140847079","-1.6844415704235391","0","0.4","true","false","true","6.800877967609448","true","actuator-disabled"
"4","feedback","20","20","20","0.05","0.25","2","15","0.4","160","58","58","26.860834069228975","20","26.80087796760945","6.800877967609448","-0.34004389838047244","-1.700219491902362","0","0.4","true","false","true","6.860834069228975","true","actuator-disabled"
"4","feedback","20","20","20","0.05","0.25","2","15","0.4","160","59","59","26.917792365767525","20","26.860834069228975","6.860834069228975","-0.3430417034614488","-1.7152085173072438","0","0.4","true","false","true","6.917792365767525","true","actuator-disabled"
"4","feedback","20","20","20","0.05","0.25","2","15","0.4","160","60","60","26.97190274747915","20","26.917792365767525","6.917792365767525","-0.3458896182883763","-1.7294480914418813","0","0.4","true","false","true","6.971902747479149","true","actuator-disabled"
"4","feedback","20","20","20","0.05","0.25","2","15","0.4","160","61","61","27.02330761010519","20","26.97190274747915","6.971902747479149","-0.3485951373739575","-1.7429756868697872","0","0.4","true","false","true","7.023307610105189","true","actuator-disabled"
"4","feedback","20","20","20","0.05","0.25","2","15","0.4","160","62","62","27.072142229599926","20","27.02330761010519","7.023307610105189","-0.3511653805052595","-1.7558269025262971","0","0.4","true","false","true","7.072142229599926","true","actuator-disabled"
"4","feedback","20","20","20","0.05","0.25","2","15","0.4","160","63","63","27.11853511811993","20","27.072142229599926","7.072142229599926","-0.35360711147999635","-1.7680355573999815","0","0.4","true","false","true","7.1185351181199295","true","actuator-disabled"
"4","feedback","20","20","20","0.05","0.25","2","15","0.4","160","64","64","27.16260836221393","20","27.11853511811993","7.1185351181199295","-0.3559267559059965","-1.7796337795299824","0","0.4","true","false","true","7.1626083622139305","true","actuator-disabled"
"4","feedback","20","20","20","0.05","0.25","2","15","0.4","160","65","65","27.204477944103232","20","27.16260836221393","7.1626083622139305","-0.35813041811069657","-1.7906520905534826","0","0.4","true","false","true","7.204477944103232","true","actuator-disabled"
"4","feedback","20","20","20","0.05","0.25","2","15","0.4","160","66","66","27.244254046898067","20","27.204477944103232","7.204477944103232","-0.3602238972051616","-1.801119486025808","0","0.4","true","false","true","7.244254046898067","true","actuator-disabled"
"4","feedback","20","20","20","0.05","0.25","2","15","0.4","160","67","67","27.282041344553164","20","27.244254046898067","7.244254046898067","-0.3622127023449034","-1.8110635117245169","0","0.4","true","false","true","7.282041344553164","true","actuator-disabled"
"4","feedback","20","20","20","0.05","0.25","2","15","0.4","160","68","68","27.317939277325504","20","27.282041344553164","7.282041344553164","-0.36410206722765825","-1.820510336138291","0","0.4","true","false","true","7.317939277325504","true","actuator-disabled"
"4","feedback","20","20","20","0.05","0.25","2","15","0.4","160","69","69","27.352042313459226","20","27.317939277325504","7.317939277325504","-0.36589696386627524","-1.829484819331376","0","0.4","true","false","true","7.352042313459226","true","actuator-disabled"
"4","feedback","20","20","20","0.05","0.25","2","15","0.4","160","70","70","27.38444019778626","20","27.352042313459226","7.352042313459226","-0.3676021156729613","-1.8380105783648064","0","0.4","true","false","true","7.384440197786262","true","actuator-disabled"
"4","feedback","20","20","20","0.05","0.25","2","15","0.4","160","71","71","27.415218187896947","20","27.38444019778626","7.384440197786262","-0.3692220098893131","-1.8461100494465654","0","0.4","true","false","true","7.415218187896947","true","actuator-disabled"
"4","feedback","20","20","20","0.05","0.25","2","15","0.4","160","72","72","27.4444572785021","20","27.415218187896947","7.415218187896947","-0.3707609093948474","-1.8538045469742368","0","0.4","true","false","true","7.4444572785020995","true","actuator-disabled"
"4","feedback","20","20","20","0.05","0.25","2","15","0.4","160","73","73","27.47223441457699","20","27.4444572785021","7.4444572785020995","-0.372222863925105","-1.8611143196255249","0","0.4","true","false","true","7.472234414576992","true","actuator-disabled"
"4","feedback","20","20","20","0.05","0.25","2","15","0.4","160","74","74","27.49862269384814","20","27.47223441457699","7.472234414576992","-0.37361172072884963","-1.868058603644248","0","0.4","true","false","true","7.498622693848141","true","actuator-disabled"
"4","feedback","20","20","20","0.05","0.25","2","15","0.4","160","75","75","27.523691559155733","20","27.49862269384814","7.498622693848141","-0.3749311346924071","-1.8746556734620352","0","0.4","true","false","true","7.523691559155733","true","actuator-disabled"
"4","feedback","20","20","20","0.05","0.25","2","15","0.4","160","76","76","27.547506981197944","20","27.523691559155733","7.523691559155733","-0.37618457795778665","-1.8809228897889332","0","0.4","true","false","true","7.5475069811979445","true","actuator-disabled"
"4","feedback","20","20","20","0.05","0.25","2","15","0.4","160","77","77","27.570131632138047","20","27.547506981197944","7.5475069811979445","-0.3773753490598972","-1.8868767452994861","0","0.4","true","false","true","7.570131632138047","true","actuator-disabled"
"4","feedback","20","20","20","0.05","0.25","2","15","0.4","160","78","78","27.591625050531142","20","27.570131632138047","7.570131632138047","-0.37850658160690237","-1.8925329080345117","0","0.4","true","false","true","7.5916250505311424","true","actuator-disabled"
"4","feedback","20","20","20","0.05","0.25","2","15","0.4","160","79","79","27.612043798004585","20","27.591625050531142","7.5916250505311424","-0.37958125252655717","-1.8979062626327856","0","0.4","true","false","true","7.612043798004585","true","actuator-disabled"
"4","feedback","20","20","20","0.05","0.25","2","15","0.4","160","80","80","27.631441608104353","20","27.612043798004585","7.612043798004585","-0.38060218990022926","-1.9030109495011462","0","0.4","true","false","true","7.631441608104353","true","actuator-disabled"
"4","feedback","20","20","20","0.05","0.25","2","15","0.4","160","81","81","27.649869527699135","20","27.631441608104353","7.631441608104353","-0.3815720804052177","-1.9078604020260883","0","0.4","true","false","true","7.649869527699135","true","actuator-disabled"
"4","feedback","20","20","20","0.05","0.25","2","15","0.4","160","82","82","27.667376051314175","20","27.649869527699135","7.649869527699135","-0.3824934763849568","-1.9124673819247837","0","0.4","true","false","true","7.667376051314175","true","actuator-disabled"
"4","feedback","20","20","20","0.05","0.25","2","15","0.4","160","83","83","27.684007248748465","20","27.667376051314175","7.667376051314175","-0.38336880256570877","-1.9168440128285438","0","0.4","true","false","true","7.684007248748465","true","actuator-disabled"
"4","feedback","20","20","20","0.05","0.25","2","15","0.4","160","84","84","27.69980688631104","20","27.684007248748465","7.684007248748465","-0.3842003624374233","-1.9210018121871162","0","0.4","true","false","true","7.699806886311041","true","actuator-disabled"
"4","feedback","20","20","20","0.05","0.25","2","15","0.4","160","85","85","27.71481654199549","20","27.69980688631104","7.699806886311041","-0.38499034431555207","-1.9249517215777603","0","0.4","true","false","true","7.714816541995489","true","actuator-disabled"
"4","feedback","20","20","20","0.05","0.25","2","15","0.4","160","86","86","27.729075714895714","20","27.71481654199549","7.714816541995489","-0.3857408270997745","-1.9287041354988723","0","0.4","true","false","true","7.729075714895714","true","actuator-disabled"
"4","feedback","20","20","20","0.05","0.25","2","15","0.4","160","87","87","27.74262192915093","20","27.729075714895714","7.729075714895714","-0.3864537857447857","-1.9322689287239285","0","0.4","true","false","true","7.742621929150928","true","actuator-disabled"
"4","feedback","20","20","20","0.05","0.25","2","15","0.4","160","88","88","27.75549083269338","20","27.74262192915093","7.742621929150928","-0.38713109645754645","-1.935655482287732","0","0.4","true","false","true","7.755490832693379","true","actuator-disabled"
"4","feedback","20","20","20","0.05","0.25","2","15","0.4","160","89","89","27.767716291058708","20","27.75549083269338","7.755490832693379","-0.38777454163466896","-1.9388727081733448","0","0.4","true","false","true","7.767716291058708","true","actuator-disabled"
"4","feedback","20","20","20","0.05","0.25","2","15","0.4","160","90","90","27.77933047650577","20","27.767716291058708","7.767716291058708","-0.3883858145529354","-1.941929072764677","0","0.4","true","false","true","7.77933047650577","true","actuator-disabled"
"4","feedback","20","20","20","0.05","0.25","2","15","0.4","160","91","91","27.79036395268048","20","27.77933047650577","7.77933047650577","-0.3889665238252885","-1.9448326191264425","0","0.4","true","false","true","7.7903639526804795","true","actuator-disabled"
"4","feedback","20","20","20","0.05","0.25","2","15","0.4","160","92","92","27.800845755046453","20","27.79036395268048","7.7903639526804795","-0.389518197634024","-1.9475909881701199","0","0.4","true","false","true","7.800845755046453","true","actuator-disabled"
"4","feedback","20","20","20","0.05","0.25","2","15","0.4","160","93","93","27.81080346729413","20","27.800845755046453","7.800845755046453","-0.39004228775232264","-1.9502114387616132","0","0.4","true","false","true","7.810803467294129","true","actuator-disabled"
"4","feedback","20","20","20","0.05","0.25","2","15","0.4","160","94","94","27.820263293929422","20","27.81080346729413","7.810803467294129","-0.3905401733647065","-1.9527008668235322","0","0.4","true","false","true","7.820263293929422","true","actuator-disabled"
"4","feedback","20","20","20","0.05","0.25","2","15","0.4","160","95","95","27.82925012923295","20","27.820263293929422","7.820263293929422","-0.3910131646964711","-1.9550658234823555","0","0.4","true","false","true","7.82925012923295","true","actuator-disabled"
"4","feedback","20","20","20","0.05","0.25","2","15","0.4","160","96","96","27.8377876227713","20","27.82925012923295","7.82925012923295","-0.3914625064616475","-1.9573125323082374","0","0.4","true","false","true","7.837787622771302","true","actuator-disabled"
"4","feedback","20","20","20","0.05","0.25","2","15","0.4","160","97","97","27.845898241632735","20","27.8377876227713","7.837787622771302","-0.3918893811385651","-1.9594469056928254","0","0.4","true","false","true","7.845898241632735","true","actuator-disabled"
"4","feedback","20","20","20","0.05","0.25","2","15","0.4","160","98","98","27.853603329551095","20","27.845898241632735","7.845898241632735","-0.3922949120816368","-1.9614745604081838","0","0.4","true","false","true","7.853603329551095","true","actuator-disabled"
"4","feedback","20","20","20","0.05","0.25","2","15","0.4","160","99","99","27.86092316307354","20","27.853603329551095","7.853603329551095","-0.39268016647755477","-1.9634008323877739","0","0.4","true","false","true","7.86092316307354","true","actuator-disabled"
"4","feedback","20","20","20","0.05","0.25","2","15","0.4","160","100","100","27.867877004919862","20","27.86092316307354","7.86092316307354","-0.39304615815367705","-1.965230790768385","0","0.4","true","false","true","7.867877004919862","true","actuator-disabled"
"4","feedback","20","20","20","0.05","0.25","2","15","0.4","160","101","101","27.874483154673868","20","27.867877004919862","7.867877004919862","-0.3933938502459931","-1.9669692512299655","0","0.4","true","false","true","7.874483154673868","true","actuator-disabled"
"4","feedback","20","20","20","0.05","0.25","2","15","0.4","160","102","102","27.880758996940173","20","27.874483154673868","7.874483154673868","-0.3937241577336934","-1.968620788668467","0","0.4","true","false","true","7.880758996940173","true","actuator-disabled"
"4","feedback","20","20","20","0.05","0.25","2","15","0.4","160","103","103","27.886721047093165","20","27.880758996940173","7.880758996940173","-0.3940379498470087","-1.9701897492350433","0","0.4","true","false","true","7.886721047093165","true","actuator-disabled"
"4","feedback","20","20","20","0.05","0.25","2","15","0.4","160","104","104","27.892384994738507","20","27.886721047093165","7.886721047093165","-0.39433605235465824","-1.9716802617732911","0","0.4","true","false","true","7.8923849947385065","true","actuator-disabled"
"4","feedback","20","20","20","0.05","0.25","2","15","0.4","160","105","105","27.89776574500158","20","27.892384994738507","7.8923849947385065","-0.39461924973692536","-1.9730962486846266","0","0.4","true","false","true","7.897765745001578","true","actuator-disabled"
"4","feedback","20","20","20","0.05","0.25","2","15","0.4","160","106","106","27.902877457751497","20","27.89776574500158","7.897765745001578","-0.39488828725007896","-1.9744414362503946","0","0.4","true","false","true","7.902877457751497","true","actuator-disabled"
"4","feedback","20","20","20","0.05","0.25","2","15","0.4","160","107","107","27.90773358486392","20","27.902877457751497","7.902877457751497","-0.3951438728875749","-1.9757193644378743","0","0.4","true","false","true","7.907733584863919","true","actuator-disabled"
"4","feedback","20","20","20","0.05","0.25","2","15","0.4","160","108","108","27.912346905620723","20","27.90773358486392","7.907733584863919","-0.395386679243196","-1.9769333962159799","0","0.4","true","false","true","7.912346905620723","true","actuator-disabled"
"4","feedback","20","20","20","0.05","0.25","2","15","0.4","160","109","109","27.916729560339686","20","27.912346905620723","7.912346905620723","-0.39561734528103615","-1.9780867264051807","0","0.4","true","false","true","7.916729560339686","true","actuator-disabled"
"4","feedback","20","20","20","0.05","0.25","2","15","0.4","160","110","110","27.9208930823227","20","27.916729560339686","7.916729560339686","-0.3958364780169843","-1.9791823900849215","0","0.4","true","false","true","7.920893082322699","true","actuator-disabled"
"4","feedback","20","20","20","0.05","0.25","2","15","0.4","160","111","111","27.924848428206563","20","27.9208930823227","7.920893082322699","-0.396044654116135","-1.9802232705806748","0","0.4","true","false","true","7.9248484282065625","true","actuator-disabled"
"4","feedback","20","20","20","0.05","0.25","2","15","0.4","160","112","112","27.928606006796233","20","27.924848428206563","7.9248484282065625","-0.39624242141032817","-1.9812121070516406","0","0.4","true","false","true","7.928606006796233","true","actuator-disabled"
"4","feedback","20","20","20","0.05","0.25","2","15","0.4","160","113","113","27.93217570645642","20","27.928606006796233","7.928606006796233","-0.3964303003398117","-1.9821515016990583","0","0.4","true","false","true","7.93217570645642","true","actuator-disabled"
"4","feedback","20","20","20","0.05","0.25","2","15","0.4","160","114","114","27.935566921133596","20","27.93217570645642","7.93217570645642","-0.396608785322821","-1.983043926614105","0","0.4","true","false","true","7.935566921133596","true","actuator-disabled"
"4","feedback","20","20","20","0.05","0.25","2","15","0.4","160","115","115","27.938788575076913","20","27.935566921133596","7.935566921133596","-0.39677834605667983","-1.983891730283399","0","0.4","true","false","true","7.938788575076913","true","actuator-disabled"
"4","feedback","20","20","20","0.05","0.25","2","15","0.4","160","116","116","27.941849146323065","20","27.938788575076913","7.938788575076913","-0.3969394287538457","-1.9846971437692282","0","0.4","true","false","true","7.941849146323065","true","actuator-disabled"
"4","feedback","20","20","20","0.05","0.25","2","15","0.4","160","117","117","27.944756689006912","20","27.941849146323065","7.941849146323065","-0.3970924573161533","-1.9854622865807663","0","0.4","true","false","true","7.944756689006912","true","actuator-disabled"
"4","feedback","20","20","20","0.05","0.25","2","15","0.4","160","118","118","27.947518854556566","20","27.944756689006912","7.944756689006912","-0.3972378344503456","-1.986189172251728","0","0.4","true","false","true","7.9475188545565665","true","actuator-disabled"
"4","feedback","20","20","20","0.05","0.25","2","15","0.4","160","119","119","27.95014291182874","20","27.947518854556566","7.9475188545565665","-0.39737594272782834","-1.9868797136391416","0","0.4","true","false","true","7.950142911828738","true","actuator-disabled"
"4","feedback","20","20","20","0.05","0.25","2","15","0.4","160","120","120","27.9526357662373","20","27.95014291182874","7.950142911828738","-0.39750714559143696","-1.9875357279571846","0","0.4","true","false","true","7.9526357662373","true","actuator-disabled"
"4","feedback","20","20","20","0.05","0.25","2","15","0.4","160","121","121","27.955003977925433","20","27.9526357662373","7.9526357662373","-0.397631788311865","-1.988158941559325","0","0.4","true","false","true","7.955003977925433","true","actuator-disabled"
"4","feedback","20","20","20","0.05","0.25","2","15","0.4","160","122","122","27.95725377902916","20","27.955003977925433","7.955003977925433","-0.39775019889627167","-1.9887509944813582","0","0.4","true","false","true","7.957253779029159","true","actuator-disabled"
"4","feedback","20","20","20","0.05","0.25","2","15","0.4","160","123","123","27.9593910900777","20","27.95725377902916","7.957253779029159","-0.397862688951458","-1.9893134447572898","0","0.4","true","false","true","7.959391090077698","true","actuator-disabled"
"4","feedback","20","20","20","0.05","0.25","2","15","0.4","160","124","124","27.961421535573812","20","27.9593910900777","7.959391090077698","-0.39796955450388494","-1.9898477725194246","0","0.4","true","false","true","7.9614215355738125","true","actuator-disabled"
"4","feedback","20","20","20","0.05","0.25","2","15","0.4","160","125","125","27.96335045879512","20","27.961421535573812","7.9614215355738125","-0.39807107677869064","-1.9903553838934531","0","0.4","true","false","true","7.963350458795119","true","actuator-disabled"
"4","feedback","20","20","20","0.05","0.25","2","15","0.4","160","126","126","27.965182935855363","20","27.96335045879512","7.963350458795119","-0.398167522939756","-1.9908376146987798","0","0.4","true","false","true","7.965182935855363","true","actuator-disabled"
"4","feedback","20","20","20","0.05","0.25","2","15","0.4","160","127","127","27.966923789062594","20","27.965182935855363","7.965182935855363","-0.3982591467927682","-1.9912957339638409","0","0.4","true","false","true","7.966923789062594","true","actuator-disabled"
"4","feedback","20","20","20","0.05","0.25","2","15","0.4","160","128","128","27.968577599609464","20","27.966923789062594","7.966923789062594","-0.3983461894531297","-1.9917309472656486","0","0.4","true","false","true","7.968577599609464","true","actuator-disabled"
"4","feedback","20","20","20","0.05","0.25","2","15","0.4","160","129","129","27.97014871962899","20","27.968577599609464","7.968577599609464","-0.3984288799804732","-1.992144399902366","0","0.4","true","false","true","7.970148719628991","true","actuator-disabled"
"4","feedback","20","20","20","0.05","0.25","2","15","0.4","160","130","130","27.97164128364754","20","27.97014871962899","7.970148719628991","-0.39850743598144955","-1.9925371799072478","0","0.4","true","false","true","7.971641283647539","true","actuator-disabled"
"4","feedback","20","20","20","0.05","0.25","2","15","0.4","160","131","131","27.97305921946516","20","27.97164128364754","7.971641283647539","-0.39858206418237696","-1.9929103209118848","0","0.4","true","false","true","7.97305921946516","true","actuator-disabled"
"4","feedback","20","20","20","0.05","0.25","2","15","0.4","160","132","132","27.9744062584919","20","27.97305921946516","7.97305921946516","-0.39865296097325803","-1.99326480486629","0","0.4","true","false","true","7.9744062584919","true","actuator-disabled"
"4","feedback","20","20","20","0.05","0.25","2","15","0.4","160","133","133","27.975685945567303","20","27.9744062584919","7.9744062584919","-0.39872031292459503","-1.993601564622975","0","0.4","true","false","true","7.975685945567303","true","actuator-disabled"
"4","feedback","20","20","20","0.05","0.25","2","15","0.4","160","134","134","27.976901648288937","20","27.975685945567303","7.975685945567303","-0.3987842972783652","-1.9939214863918258","0","0.4","true","false","true","7.976901648288937","true","actuator-disabled"
"4","feedback","20","20","20","0.05","0.25","2","15","0.4","160","135","135","27.97805656587449","20","27.976901648288937","7.976901648288937","-0.3988450824144469","-1.9942254120722342","0","0.4","true","false","true","7.978056565874489","true","actuator-disabled"
"4","feedback","20","20","20","0.05","0.25","2","15","0.4","160","136","136","27.979153737580763","20","27.97805656587449","7.978056565874489","-0.3989028282937245","-1.9945141414686223","0","0.4","true","false","true","7.979153737580763","true","actuator-disabled"
"4","feedback","20","20","20","0.05","0.25","2","15","0.4","160","137","137","27.980196050701725","20","27.979153737580763","7.979153737580763","-0.39895768687903815","-1.9947884343951907","0","0.4","true","false","true","7.980196050701725","true","actuator-disabled"
"4","feedback","20","20","20","0.05","0.25","2","15","0.4","160","138","138","27.981186248166637","20","27.980196050701725","7.980196050701725","-0.3990098025350863","-1.9950490126754312","0","0.4","true","false","true","7.981186248166637","true","actuator-disabled"
"4","feedback","20","20","20","0.05","0.25","2","15","0.4","160","139","139","27.982126935758302","20","27.981186248166637","7.981186248166637","-0.39905931240833187","-1.9952965620416592","0","0.4","true","false","true","7.982126935758302","true","actuator-disabled"
"4","feedback","20","20","20","0.05","0.25","2","15","0.4","160","140","140","27.983020588970387","20","27.982126935758302","7.982126935758302","-0.3991063467879151","-1.9955317339395755","0","0.4","true","false","true","7.983020588970387","true","actuator-disabled"
"4","feedback","20","20","20","0.05","0.25","2","15","0.4","160","141","141","27.983869559521867","20","27.983020588970387","7.983020588970387","-0.3991510294485194","-1.9957551472425967","0","0.4","true","false","true","7.983869559521867","true","actuator-disabled"
"4","feedback","20","20","20","0.05","0.25","2","15","0.4","160","142","142","27.98467608154577","20","27.983869559521867","7.983869559521867","-0.3991934779760934","-1.9959673898804668","0","0.4","true","false","true","7.984676081545771","true","actuator-disabled"
"4","feedback","20","20","20","0.05","0.25","2","15","0.4","160","143","143","27.985442277468483","20","27.98467608154577","7.984676081545771","-0.3992338040772886","-1.9961690203864428","0","0.4","true","false","true","7.985442277468483","true","actuator-disabled"
"4","feedback","20","20","20","0.05","0.25","2","15","0.4","160","144","144","27.98617016359506","20","27.985442277468483","7.985442277468483","-0.39927211387342415","-1.9963605693671207","0","0.4","true","false","true","7.986170163595059","true","actuator-disabled"
"4","feedback","20","20","20","0.05","0.25","2","15","0.4","160","145","145","27.986861655415304","20","27.98617016359506","7.986170163595059","-0.39930850817975294","-1.9965425408987647","0","0.4","true","false","true","7.986861655415304","true","actuator-disabled"
"4","feedback","20","20","20","0.05","0.25","2","15","0.4","160","146","146","27.987518572644536","20","27.986861655415304","7.986861655415304","-0.3993430827707652","-1.996715413853826","0","0.4","true","false","true","7.987518572644536","true","actuator-disabled"
"4","feedback","20","20","20","0.05","0.25","2","15","0.4","160","147","147","27.988142644012306","20","27.987518572644536","7.987518572644536","-0.3993759286322268","-1.996879643161134","0","0.4","true","false","true","7.9881426440123064","true","actuator-disabled"
"4","feedback","20","20","20","0.05","0.25","2","15","0.4","160","148","148","27.98873551181169","20","27.988142644012306","7.9881426440123064","-0.39940713220061536","-1.9970356610030766","0","0.4","true","false","true","7.98873551181169","true","actuator-disabled"
"4","feedback","20","20","20","0.05","0.25","2","15","0.4","160","149","149","27.989298736221105","20","27.98873551181169","7.98873551181169","-0.39943677559058455","-1.9971838779529225","0","0.4","true","false","true","7.989298736221105","true","actuator-disabled"
"4","feedback","20","20","20","0.05","0.25","2","15","0.4","160","150","150","27.98983379941005","20","27.989298736221105","7.989298736221105","-0.39946493681105527","-1.9973246840552763","0","0.4","true","false","true","7.98983379941005","true","actuator-disabled"
"4","feedback","20","20","20","0.05","0.25","2","15","0.4","160","151","151","27.990342109439545","20","27.98983379941005","7.98983379941005","-0.39949168997050255","-1.9974584498525125","0","0.4","true","false","true","7.9903421094395455","true","actuator-disabled"
"4","feedback","20","20","20","0.05","0.25","2","15","0.4","160","152","152","27.990825003967565","20","27.990342109439545","7.9903421094395455","-0.3995171054719773","-1.9975855273598864","0","0.4","true","false","true","7.990825003967565","true","actuator-disabled"
"4","feedback","20","20","20","0.05","0.25","2","15","0.4","160","153","153","27.991283753769185","20","27.990825003967565","7.990825003967565","-0.3995412501983783","-1.9977062509918913","0","0.4","true","false","true","7.991283753769185","true","actuator-disabled"
"4","feedback","20","20","20","0.05","0.25","2","15","0.4","160","154","154","27.991719566080725","20","27.991283753769185","7.991283753769185","-0.39956418768845925","-1.9978209384422962","0","0.4","true","false","true","7.991719566080725","true","actuator-disabled"
"4","feedback","20","20","20","0.05","0.25","2","15","0.4","160","155","155","27.99213358777669","20","27.991719566080725","7.991719566080725","-0.3995859783040363","-1.9979298915201813","0","0.4","true","false","true","7.992133587776689","true","actuator-disabled"
"4","feedback","20","20","20","0.05","0.25","2","15","0.4","160","156","156","27.992526908387852","20","27.99213358777669","7.992133587776689","-0.39960667938883443","-1.9980333969441721","0","0.4","true","false","true","7.992526908387852","true","actuator-disabled"
"4","feedback","20","20","20","0.05","0.25","2","15","0.4","160","157","157","27.992900562968458","20","27.992526908387852","7.992526908387852","-0.3996263454193926","-1.998131727096963","0","0.4","true","false","true","7.992900562968458","true","actuator-disabled"
"4","feedback","20","20","20","0.05","0.25","2","15","0.4","160","158","158","27.993255534820033","20","27.992900562968458","7.992900562968458","-0.39964502814842295","-1.9982251407421145","0","0.4","true","false","true","7.993255534820033","true","actuator-disabled"
"4","feedback","20","20","20","0.05","0.25","2","15","0.4","160","159","159","27.99359275807903","20","27.993255534820033","7.993255534820033","-0.3996627767410017","-1.9983138837050083","0","0.4","true","false","true","7.9935927580790285","true","actuator-disabled"
"4","feedback","20","20","20","0.05","0.25","2","15","0.4","160","160","160","27.993913120175076","20","27.99359275807903","7.9935927580790285","-0.39967963790395145","-1.9983981895197571","0","0.4","true","false","true","7.993913120175076","true","actuator-disabled"
