"BehaviorSpace results (NetLogo 7.0.4)","Table version 2.0"
"/home/brian/code/collective-competence/goal-discovery/src/experiments/thermostat/thermostat.nlogox"
"003-displacement-feedback"
"08/29/2026 01:36:56:952 -0700"
"min-pxcor","max-pxcor","min-pycor","max-pycor"
"0","4","-20","80"
"[run number]","arm","initial-temperature","ambient-temperature","setpoint","relaxation-rate","controller-gain","max-control","displacement-amount","load-magnitude","max-ticks","[step]","ticks","temperature","setpoint","sensed-temperature","control-error","passive-term","commanded-control","applied-control","external-load","load-active?","sensor-blocked?","actuator-disabled?","distance-to-setpoint","control-opposes-error?","last-event"
"1","feedback","20","20","20","0.05","0.25","2","-8","-1.5","160","0","0","20","20","20","0","0","0","0","0","false","false","false","0","true","setup"
"1","feedback","20","20","20","0.05","0.25","2","-8","-1.5","160","1","1","20","20","20","0","0","0","0","0","false","false","false","0","true","setup"
"1","feedback","20","20","20","0.05","0.25","2","-8","-1.5","160","2","2","20","20","20","0","0","0","0","0","false","false","false","0","true","setup"
"1","feedback","20","20","20","0.05","0.25","2","-8","-1.5","160","3","3","20","20","20","0","0","0","0","0","false","false","false","0","true","setup"
"1","feedback","20","20","20","0.05","0.25","2","-8","-1.5","160","4","4","20","20","20","0","0","0","0","0","false","false","false","0","true","setup"
"1","feedback","20","20","20","0.05","0.25","2","-8","-1.5","160","5","5","20","20","20","0","0","0","0","0","false","false","false","0","true","setup"
"1","feedback","20","20","20","0.05","0.25","2","-8","-1.5","160","6","6","20","20","20","0","0","0","0","0","false","false","false","0","true","setup"
"1","feedback","20","20","20","0.05","0.25","2","-8","-1.5","160","7","7","20","20","20","0","0","0","0","0","false","false","false","0","true","setup"
"1","feedback","20","20","20","0.05","0.25","2","-8","-1.5","160","8","8","20","20","20","0","0","0","0","0","false","false","false","0","true","setup"
"1","feedback","20","20","20","0.05","0.25","2","-8","-1.5","160","9","9","20","20","20","0","0","0","0","0","false","false","false","0","true","setup"
"1","feedback","20","20","20","0.05","0.25","2","-8","-1.5","160","10","10","20","20","20","0","0","0","0","0","false","false","false","0","true","setup"
"1","feedback","20","20","20","0.05","0.25","2","-8","-1.5","160","11","11","20","20","20","0","0","0","0","0","false","false","false","0","true","setup"
"1","feedback","20","20","20","0.05","0.25","2","-8","-1.5","160","12","12","20","20","20","0","0","0","0","0","false","false","false","0","true","setup"
"1","feedback","20","20","20","0.05","0.25","2","-8","-1.5","160","13","13","20","20","20","0","0","0","0","0","false","false","false","0","true","setup"
"1","feedback","20","20","20","0.05","0.25","2","-8","-1.5","160","14","14","20","20","20","0","0","0","0","0","false","false","false","0","true","setup"
"1","feedback","20","20","20","0.05","0.25","2","-8","-1.5","160","15","15","20","20","20","0","0","0","0","0","false","false","false","0","true","setup"
"1","feedback","20","20","20","0.05","0.25","2","-8","-1.5","160","16","16","20","20","20","0","0","0","0","0","false","false","false","0","true","setup"
"1","feedback","20","20","20","0.05","0.25","2","-8","-1.5","160","17","17","20","20","20","0","0","0","0","0","false","false","false","0","true","setup"
"1","feedback","20","20","20","0.05","0.25","2","-8","-1.5","160","18","18","20","20","20","0","0","0","0","0","false","false","false","0","true","setup"
"1","feedback","20","20","20","0.05","0.25","2","-8","-1.5","160","19","19","20","20","20","0","0","0","0","0","false","false","false","0","true","setup"
"1","feedback","20","20","20","0.05","0.25","2","-8","-1.5","160","20","20","20","20","20","0","0","0","0","0","false","false","false","0","true","setup"
"1","feedback","20","20","20","0.05","0.25","2","-8","-1.5","160","21","21","14.4","20","12","-8","0.4","2","2","0","false","false","false","5.6","true","state-displacement"
"1","feedback","20","20","20","0.05","0.25","2","-8","-1.5","160","22","22","16.08","20","14.4","-5.6","0.27999999999999997","1.4","1.4","0","false","false","false","3.9200000000000017","true","state-displacement"
"1","feedback","20","20","20","0.05","0.25","2","-8","-1.5","160","23","23","17.256","20","16.08","-3.9200000000000017","0.1960000000000001","0.9800000000000004","0.9800000000000004","0","false","false","false","2.7439999999999998","true","state-displacement"
"1","feedback","20","20","20","0.05","0.25","2","-8","-1.5","160","24","24","18.0792","20","17.256","-2.7439999999999998","0.1372","0.6859999999999999","0.6859999999999999","0","false","false","false","1.9207999999999998","true","state-displacement"
"1","feedback","20","20","20","0.05","0.25","2","-8","-1.5","160","25","25","18.65544","20","18.0792","-1.9207999999999998","0.09604","0.48019999999999996","0.48019999999999996","0","false","false","false","1.3445600000000013","true","state-displacement"
"1","feedback","20","20","20","0.05","0.25","2","-8","-1.5","160","26","26","19.058808","20","18.65544","-1.3445600000000013","0.06722800000000007","0.3361400000000003","0.3361400000000003","0","false","false","false","0.9411920000000009","true","state-displacement"
"1","feedback","20","20","20","0.05","0.25","2","-8","-1.5","160","27","27","19.3411656","20","19.058808","-0.9411920000000009","0.04705960000000005","0.23529800000000023","0.23529800000000023","0","false","false","false","0.6588343999999999","true","state-displacement"
"1","feedback","20","20","20","0.05","0.25","2","-8","-1.5","160","28","28","19.53881592","20","19.3411656","-0.6588343999999999","0.03294172","0.16470859999999998","0.16470859999999998","0","false","false","false","0.4611840799999989","true","state-displacement"
"1","feedback","20","20","20","0.05","0.25","2","-8","-1.5","160","29","29","19.677171144","20","19.53881592","-0.4611840799999989","0.023059203999999944","0.11529601999999972","0.11529601999999972","0","false","false","false","0.322828856000001","true","state-displacement"
"1","feedback","20","20","20","0.05","0.25","2","-8","-1.5","160","30","30","19.774019800799998","20","19.677171144","-0.322828856000001","0.01614144280000005","0.08070721400000025","0.08070721400000025","0","false","false","false","0.22598019920000212","true","state-displacement"
"1","feedback","20","20","20","0.05","0.25","2","-8","-1.5","160","31","31","19.841813860559995","20","19.774019800799998","-0.22598019920000212","0.011299009960000106","0.05649504980000053","0.05649504980000053","0","false","false","false","0.15818613944000504","true","state-displacement"
"1","feedback","20","20","20","0.05","0.25","2","-8","-1.5","160","32","32","19.889269702391996","20","19.841813860559995","-0.15818613944000504","0.007909306972000252","0.03954653486000126","0.03954653486000126","0","false","false","false","0.11073029760800424","true","state-displacement"
"1","feedback","20","20","20","0.05","0.25","2","-8","-1.5","160","33","33","19.922488791674397","20","19.889269702391996","-0.11073029760800424","0.005536514880400212","0.02768257440200106","0.02768257440200106","0","false","false","false","0.07751120832560332","true","state-displacement"
"1","feedback","20","20","20","0.05","0.25","2","-8","-1.5","160","34","34","19.945742154172077","20","19.922488791674397","-0.07751120832560332","0.0038755604162801663","0.01937780208140083","0.01937780208140083","0","false","false","false","0.054257845827923035","true","state-displacement"
"1","feedback","20","20","20","0.05","0.25","2","-8","-1.5","160","35","35","19.962019507920452","20","19.945742154172077","-0.054257845827923035","0.0027128922913961517","0.013564461456980759","0.013564461456980759","0","false","false","false","0.0379804920795479","true","state-displacement"
"1","feedback","20","20","20","0.05","0.25","2","-8","-1.5","160","36","36","19.97341365554432","20","19.962019507920452","-0.0379804920795479","0.001899024603977395","0.009495123019886975","0.009495123019886975","0","false","false","false","0.026586344455679978","true","state-displacement"
"1","feedback","20","20","20","0.05","0.25","2","-8","-1.5","160","37","37","19.981389558881023","20","19.97341365554432","-0.026586344455679978","0.001329317222783999","0.006646586113919994","0.006646586113919994","0","false","false","false","0.018610441118976695","true","state-displacement"
"1","feedback","20","20","20","0.05","0.25","2","-8","-1.5","160","38","38","19.986972691216717","20","19.981389558881023","-0.018610441118976695","9.305220559488348E-4","0.004652610279744174","0.004652610279744174","0","false","false","false","0.01302730878328262","true","state-displacement"
"1","feedback","20","20","20","0.05","0.25","2","-8","-1.5","160","39","39","19.990880883851702","20","19.986972691216717","-0.01302730878328262","6.513654391641311E-4","0.003256827195820655","0.003256827195820655","0","false","false","false","0.00911911614829819","true","state-displacement"
"1","feedback","20","20","20","0.05","0.25","2","-8","-1.5","160","40","40","19.99361661869619","20","19.990880883851702","-0.00911911614829819","4.5595580741490953E-4","0.0022797790370745474","0.0022797790370745474","0","false","false","false","0.006383381303809443","true","state-displacement"
"1","feedback","20","20","20","0.05","0.25","2","-8","-1.5","160","41","41","19.99553163308733","20","19.99361661869619","-0.006383381303809443","3.1916906519047217E-4","0.0015958453259523608","0.0015958453259523608","0","false","false","false","0.004468366912668387","true","state-displacement"
"1","feedback","20","20","20","0.05","0.25","2","-8","-1.5","160","42","42","19.996872143161134","20","19.99553163308733","-0.004468366912668387","2.2341834563341934E-4","0.0011170917281670967","0.0011170917281670967","0","false","false","false","0.003127856838865739","true","state-displacement"
"1","feedback","20","20","20","0.05","0.25","2","-8","-1.5","160","43","43","19.997810500212793","20","19.996872143161134","-0.003127856838865739","1.5639284194328697E-4","7.819642097164348E-4","7.819642097164348E-4","0","false","false","false","0.002189499787206728","true","state-displacement"
"1","feedback","20","20","20","0.05","0.25","2","-8","-1.5","160","44","44","19.998467350148957","20","19.997810500212793","-0.002189499787206728","1.094749893603364E-4","5.47374946801682E-4","5.47374946801682E-4","0","false","false","false","0.0015326498510432884","true","state-displacement"
"1","feedback","20","20","20","0.05","0.25","2","-8","-1.5","160","45","45","19.99892714510427","20","19.998467350148957","-0.0015326498510432884","7.663249255216443E-5","3.831624627608221E-4","3.831624627608221E-4","0","false","false","false","0.001072854895731723","true","state-displacement"
"1","feedback","20","20","20","0.05","0.25","2","-8","-1.5","160","46","46","19.99924900157299","20","19.99892714510427","-0.001072854895731723","5.364274478658615E-5","2.6821372393293075E-4","2.6821372393293075E-4","0","false","false","false","7.509984270086534E-4","true","state-displacement"
"1","feedback","20","20","20","0.05","0.25","2","-8","-1.5","160","47","47","19.999474301101095","20","19.99924900157299","-7.509984270086534E-4","3.754992135043267E-5","1.8774960675216334E-4","1.8774960675216334E-4","0","false","false","false","5.256988989046363E-4","true","state-displacement"
"1","feedback","20","20","20","0.05","0.25","2","-8","-1.5","160","48","48","19.999632010770767","20","19.999474301101095","-5.256988989046363E-4","2.6284944945231815E-5","1.3142472472615907E-4","1.3142472472615907E-4","0","false","false","false","3.6798922923253485E-4","true","state-displacement"
"1","feedback","20","20","20","0.05","0.25","2","-8","-1.5","160","49","49","19.999742407539536","20","19.999632010770767","-3.6798922923253485E-4","1.8399461461626745E-5","9.199730730813371E-5","9.199730730813371E-5","0","false","false","false","2.575924604641955E-4","true","state-displacement"
"1","feedback","20","20","20","0.05","0.25","2","-8","-1.5","160","50","50","19.99981968527767","20","19.999742407539536","-2.575924604641955E-4","1.2879623023209774E-5","6.439811511604887E-5","6.439811511604887E-5","0","false","false","false","1.8031472232848955E-4","true","state-displacement"
"1","feedback","20","20","20","0.05","0.25","2","-8","-1.5","160","51","51","19.99987377969437","20","19.99981968527767","-1.8031472232848955E-4","9.015736116424478E-6","4.507868058212239E-5","4.507868058212239E-5","0","false","false","false","1.2622030563136377E-4","true","state-displacement"
"1","feedback","20","20","20","0.05","0.25","2","-8","-1.5","160","52","52","19.999911645786057","20","19.99987377969437","-1.2622030563136377E-4","6.311015281568189E-6","3.155507640784094E-5","3.155507640784094E-5","0","false","false","false","8.835421394337573E-5","true","state-displacement"
"1","feedback","20","20","20","0.05","0.25","2","-8","-1.5","160","53","53","19.99993815205024","20","19.999911645786057","-8.835421394337573E-5","4.417710697168787E-6","2.208855348584393E-5","2.208855348584393E-5","0","false","false","false","6.184794975894192E-5","true","state-displacement"
"1","feedback","20","20","20","0.05","0.25","2","-8","-1.5","160","54","54","19.99995670643517","20","19.99993815205024","-6.184794975894192E-5","3.0923974879470965E-6","1.546198743973548E-5","1.546198743973548E-5","0","false","false","false","4.329356482912772E-5","true","state-displacement"
"1","feedback","20","20","20","0.05","0.25","2","-8","-1.5","160","55","55","19.99996969450462","20","19.99995670643517","-4.329356482912772E-5","2.164678241456386E-6","1.082339120728193E-5","1.082339120728193E-5","0","false","false","false","3.0305495378968317E-5","true","state-displacement"
"1","feedback","20","20","20","0.05","0.25","2","-8","-1.5","160","56","56","19.999978786153235","20","19.99996969450462","-3.0305495378968317E-5","1.5152747689484159E-6","7.576373844742079E-6","7.576373844742079E-6","0","false","false","false","2.121384676456728E-5","true","state-displacement"
"1","feedback","20","20","20","0.05","0.25","2","-8","-1.5","160","57","57","19.999985150307264","20","19.999978786153235","-2.121384676456728E-5","1.060692338228364E-6","5.30346169114182E-6","5.30346169114182E-6","0","false","false","false","1.4849692735907638E-5","true","state-displacement"
"1","feedback","20","20","20","0.05","0.25","2","-8","-1.5","160","58","58","19.999989605215085","20","19.999985150307264","-1.4849692735907638E-5","7.42484636795382E-7","3.7124231839769095E-6","3.7124231839769095E-6","0","false","false","false","1.0394784915490618E-5","true","state-displacement"
"1","feedback","20","20","20","0.05","0.25","2","-8","-1.5","160","59","59","19.999992723650557","20","19.999989605215085","-1.0394784915490618E-5","5.197392457745309E-7","2.5986962288726545E-6","2.5986962288726545E-6","0","false","false","false","7.276349442975061E-6","true","state-displacement"
"1","feedback","20","20","20","0.05","0.25","2","-8","-1.5","160","60","60","19.999994906555386","20","19.999992723650557","-7.276349442975061E-6","3.6381747214875304E-7","1.8190873607437652E-6","1.8190873607437652E-6","0","false","false","false","5.093444613635256E-6","true","state-displacement"
"1","feedback","20","20","20","0.05","0.25","2","-8","-1.5","160","61","61","19.99999643458877","20","19.999994906555386","-5.093444613635256E-6","2.546722306817628E-7","1.273361153408814E-6","1.273361153408814E-6","0","false","false","false","3.565411230255222E-6","true","state-displacement"
"1","feedback","20","20","20","0.05","0.25","2","-8","-1.5","160","62","62","19.99999750421214","20","19.99999643458877","-3.565411230255222E-6","1.7827056151276113E-7","8.913528075638055E-7","8.913528075638055E-7","0","false","false","false","2.495787860823384E-6","true","state-displacement"
"1","feedback","20","20","20","0.05","0.25","2","-8","-1.5","160","63","63","19.9999982529485","20","19.99999750421214","-2.495787860823384E-6","1.247893930411692E-7","6.23946965205846E-7","6.23946965205846E-7","0","false","false","false","1.7470514990236552E-6","true","state-displacement"
"1","feedback","20","20","20","0.05","0.25","2","-8","-1.5","160","64","64","19.99999877706395","20","19.9999982529485","-1.7470514990236552E-6","8.735257495118276E-8","4.367628747559138E-7","4.367628747559138E-7","0","false","false","false","1.2229360493165586E-6","true","state-displacement"
"1","feedback","20","20","20","0.05","0.25","2","-8","-1.5","160","65","65","19.999999143944766","20","19.99999877706395","-1.2229360493165586E-6","6.114680246582793E-8","3.0573401232913966E-7","3.0573401232913966E-7","0","false","false","false","8.560552338110483E-7","true","state-displacement"
"1","feedback","20","20","20","0.05","0.25","2","-8","-1.5","160","66","66","19.999999400761336","20","19.999999143944766","-8.560552338110483E-7","4.280276169055242E-8","2.1401380845276208E-7","2.1401380845276208E-7","0","false","false","false","5.992386640230052E-7","true","state-displacement"
"1","feedback","20","20","20","0.05","0.25","2","-8","-1.5","160","67","67","19.999999580532933","20","19.999999400761336","-5.992386640230052E-7","2.996193320115026E-8","1.498096660057513E-7","1.498096660057513E-7","0","false","false","false","4.194670673030032E-7","true","state-displacement"
"1","feedback","20","20","20","0.05","0.25","2","-8","-1.5","160","68","68","19.999999706373053","20","19.999999580532933","-4.194670673030032E-7","2.097335336515016E-8","1.048667668257508E-7","1.048667668257508E-7","0","false","false","false","2.936269467568309E-7","true","state-displacement"
"1","feedback","20","20","20","0.05","0.25","2","-8","-1.5","160","69","69","19.99999979446114","20","19.999999706373053","-2.936269467568309E-7","1.4681347337841545E-8","7.340673668920772E-8","7.340673668920772E-8","0","false","false","false","2.055388605981534E-7","true","state-displacement"
"1","feedback","20","20","20","0.05","0.25","2","-8","-1.5","160","70","70","19.9999998561228","20","19.99999979446114","-2.055388605981534E-7","1.0276943029907671E-8","5.138471514953835E-8","5.138471514953835E-8","0","false","false","false","1.4387720170816465E-7","true","state-displacement"
"1","feedback","20","20","20","0.05","0.25","2","-8","-1.5","160","71","71","19.99999989928596","20","19.9999998561228","-1.4387720170816465E-7","7.193860085408233E-9","3.596930042704116E-8","3.596930042704116E-8","0","false","false","false","1.0071403977462978E-7","true","state-displacement"
"1","feedback","20","20","20","0.05","0.25","2","-8","-1.5","160","72","72","19.99999992950017","20","19.99999989928596","-1.0071403977462978E-7","5.0357019887314894E-9","2.5178509943657446E-8","2.5178509943657446E-8","0","false","false","false","7.049982997386905E-8","true","state-displacement"
"1","feedback","20","20","20","0.05","0.25","2","-8","-1.5","160","73","73","19.99999995065012","20","19.99999992950017","-7.049982997386905E-8","3.524991498693453E-9","1.7624957493467264E-8","1.7624957493467264E-8","0","false","false","false","4.934987885008013E-8","true","state-displacement"
"1","feedback","20","20","20","0.05","0.25","2","-8","-1.5","160","74","74","19.999999965455086","20","19.99999995065012","-4.934987885008013E-8","2.4674939425040067E-9","1.2337469712520033E-8","1.2337469712520033E-8","0","false","false","false","3.4544914484513356E-8","true","state-displacement"
"1","feedback","20","20","20","0.05","0.25","2","-8","-1.5","160","75","75","19.999999975818557","20","19.999999965455086","-3.4544914484513356E-8","1.7272457242256678E-9","8.636228621128339E-9","8.636228621128339E-9","0","false","false","false","2.4181442626058924E-8","true","state-displacement"
"1","feedback","20","20","20","0.05","0.25","2","-8","-1.5","160","76","76","19.999999983072993","20","19.999999975818557","-2.4181442626058924E-8","1.2090721313029464E-9","6.045360656514731E-9","6.045360656514731E-9","0","false","false","false","1.6927007351341672E-8","true","state-displacement"
"1","feedback","20","20","20","0.05","0.25","2","-8","-1.5","160","77","77","19.999999988151092","20","19.999999983072993","-1.6927007351341672E-8","8.463503675670836E-10","4.231751837835418E-9","4.231751837835418E-9","0","false","false","false","1.1848907632838745E-8","true","state-displacement"
"1","feedback","20","20","20","0.05","0.25","2","-8","-1.5","160","78","78","19.999999991705767","20","19.999999988151092","-1.1848907632838745E-8","5.924453816419373E-10","2.9622269082096864E-9","2.9622269082096864E-9","0","false","false","false","8.294232856087547E-9","true","state-displacement"
"1","feedback","20","20","20","0.05","0.25","2","-8","-1.5","160","79","79","19.999999994194038","20","19.999999991705767","-8.294232856087547E-9","4.147116428043774E-10","2.0735582140218867E-9","2.0735582140218867E-9","0","false","false","false","5.805961933447179E-9","true","state-displacement"
"1","feedback","20","20","20","0.05","0.25","2","-8","-1.5","160","80","80","19.999999995935827","20","19.999999994194038","-5.805961933447179E-9","2.90298096672359E-10","1.4514904833617948E-9","1.4514904833617948E-9","0","false","false","false","4.0641729981416574E-9","true","state-displacement"
"1","feedback","20","20","20","0.05","0.25","2","-8","-1.5","160","81","81","19.99999999715508","20","19.999999995935827","-4.0641729981416574E-9","2.0320864990708288E-10","1.0160432495354144E-9","1.0160432495354144E-9","0","false","false","false","2.8449207434277923E-9","true","state-displacement"
"1","feedback","20","20","20","0.05","0.25","2","-8","-1.5","160","82","82","19.999999998008555","20","19.99999999715508","-2.8449207434277923E-9","1.4224603717138963E-10","7.112301858569481E-10","7.112301858569481E-10","0","false","false","false","1.9914452309421904E-9","true","state-displacement"
"1","feedback","20","20","20","0.05","0.25","2","-8","-1.5","160","83","83","19.999999998605986","20","19.999999998008555","-1.9914452309421904E-9","9.957226154710953E-11","4.978613077355476E-10","4.978613077355476E-10","0","false","false","false","1.3940137932877406E-9","true","state-displacement"
"1","feedback","20","20","20","0.05","0.25","2","-8","-1.5","160","84","84","19.99999999902419","20","19.999999998605986","-1.3940137932877406E-9","6.970068966438703E-11","3.4850344832193514E-10","3.4850344832193514E-10","0","false","false","false","9.758096553014184E-10","true","state-displacement"
"1","feedback","20","20","20","0.05","0.25","2","-8","-1.5","160","85","85","19.999999999316934","20","19.99999999902419","-9.758096553014184E-10","4.8790482765070923E-11","2.439524138253546E-10","2.439524138253546E-10","0","false","false","false","6.830660481682571E-10","true","state-displacement"
"1","feedback","20","20","20","0.05","0.25","2","-8","-1.5","160","86","86","19.999999999521854","20","19.999999999316934","-6.830660481682571E-10","3.415330240841286E-11","1.7076651204206428E-10","1.7076651204206428E-10","0","false","false","false","4.781455231750442E-10","true","state-displacement"
"1","feedback","20","20","20","0.05","0.25","2","-8","-1.5","160","87","87","19.9999999996653","20","19.999999999521854","-4.781455231750442E-10","2.390727615875221E-11","1.1953638079376105E-10","1.1953638079376105E-10","0","false","false","false","3.347011556797952E-10","true","state-displacement"
"1","feedback","20","20","20","0.05","0.25","2","-8","-1.5","160","88","88","19.999999999765706","20","19.9999999996653","-3.347011556797952E-10","1.673505778398976E-11","8.36752889199488E-11","8.36752889199488E-11","0","false","false","false","2.3429436168953544E-10","true","state-displacement"
"1","feedback","20","20","20","0.05","0.25","2","-8","-1.5","160","89","89","19.999999999835993","20","19.999999999765706","-2.3429436168953544E-10","1.1714718084476772E-11","5.857359042238386E-11","5.857359042238386E-11","0","false","false","false","1.6400747426814632E-10","true","state-displacement"
"1","feedback","20","20","20","0.05","0.25","2","-8","-1.5","160","90","90","19.999999999885194","20","19.999999999835993","-1.6400747426814632E-10","8.200373713407317E-12","4.100186856703658E-11","4.100186856703658E-11","0","false","false","false","1.1480594253043819E-10","true","state-displacement"
"1","feedback","20","20","20","0.05","0.25","2","-8","-1.5","160","91","91","19.999999999919638","20","19.999999999885194","-1.1480594253043819E-10","5.740297126521909E-12","2.8701485632609547E-11","2.8701485632609547E-11","0","false","false","false","8.036238341446733E-11","true","state-displacement"
"1","feedback","20","20","20","0.05","0.25","2","-8","-1.5","160","92","92","19.999999999943746","20","19.999999999919638","-8.036238341446733E-11","4.0181191707233666E-12","2.0090595853616833E-11","2.0090595853616833E-11","0","false","false","false","5.625366839012713E-11","true","state-displacement"
"1","feedback","20","20","20","0.05","0.25","2","-8","-1.5","160","93","93","19.99999999996062","20","19.999999999943746","-5.625366839012713E-11","2.8126834195063567E-12","1.4063417097531783E-11","1.4063417097531783E-11","0","false","false","false","3.937827841582475E-11","true","state-displacement"
"1","feedback","20","20","20","0.05","0.25","2","-8","-1.5","160","94","94","19.999999999972434","20","19.99999999996062","-3.937827841582475E-11","1.9689139207912378E-12","9.844569603956188E-12","9.844569603956188E-12","0","false","false","false","2.7565505433813087E-11","true","state-displacement"
"1","feedback","20","20","20","0.05","0.25","2","-8","-1.5","160","95","95","19.999999999980705","20","19.999999999972434","-2.7565505433813087E-11","1.3782752716906545E-12","6.891376358453272E-12","6.891376358453272E-12","0","false","false","false","1.929478798956552E-11","true","state-displacement"
"1","feedback","20","20","20","0.05","0.25","2","-8","-1.5","160","96","96","19.999999999986496","20","19.999999999980705","-1.929478798956552E-11","9.64739399478276E-13","4.82369699739138E-12","4.82369699739138E-12","0","false","false","false","1.3503864693120704E-11","true","state-displacement"
"1","feedback","20","20","20","0.05","0.25","2","-8","-1.5","160","97","97","19.999999999990546","20","19.999999999986496","-1.3503864693120704E-11","6.751932346560352E-13","3.375966173280176E-12","3.375966173280176E-12","0","false","false","false","9.453771099288133E-12","true","state-displacement"
"1","feedback","20","20","20","0.05","0.25","2","-8","-1.5","160","98","98","19.99999999999338","20","19.999999999990546","-9.453771099288133E-12","4.726885549644067E-13","2.3634427748220332E-12","2.3634427748220332E-12","0","false","false","false","6.618705583605333E-12","true","state-displacement"
"1","feedback","20","20","20","0.05","0.25","2","-8","-1.5","160","99","99","19.999999999995367","20","19.99999999999338","-6.618705583605333E-12","3.309352791802667E-13","1.6546763959013333E-12","1.6546763959013333E-12","0","false","false","false","4.632738637155853E-12","true","state-displacement"
"1","feedback","20","20","20","0.05","0.25","2","-8","-1.5","160","100","100","19.999999999996756","20","19.999999999995367","-4.632738637155853E-12","2.3163693185779267E-13","1.1581846592889633E-12","1.1581846592889633E-12","0","false","false","false","3.2436275887448573E-12","true","state-displacement"
"1","feedback","20","20","20","0.05","0.25","2","-8","-1.5","160","101","101","19.99999999999773","20","19.999999999996756","-3.2436275887448573E-12","1.621813794372429E-13","8.109068971862143E-13","8.109068971862143E-13","0","false","false","false","2.27018404075352E-12","true","state-displacement"
"1","feedback","20","20","20","0.05","0.25","2","-8","-1.5","160","102","102","19.999999999998412","20","19.99999999999773","-2.27018404075352E-12","1.1350920203767601E-13","5.6754601018838E-13","5.6754601018838E-13","0","false","false","false","1.588063014423824E-12","true","state-displacement"
"1","feedback","20","20","20","0.05","0.25","2","-8","-1.5","160","103","103","19.999999999998888","20","19.999999999998412","-1.588063014423824E-12","7.94031507211912E-14","3.97015753605956E-13","3.97015753605956E-13","0","false","false","false","1.1119993814645568E-12","true","state-displacement"
"1","feedback","20","20","20","0.05","0.25","2","-8","-1.5","160","104","104","19.999999999999222","20","19.999999999998888","-1.1119993814645568E-12","5.559996907322784E-14","2.779998453661392E-13","2.779998453661392E-13","0","false","false","false","7.780442956573097E-13","true","state-displacement"
"1","feedback","20","20","20","0.05","0.25","2","-8","-1.5","160","105","105","19.999999999999456","20","19.999999999999222","-7.780442956573097E-13","3.890221478286549E-14","1.9451107391432743E-13","1.9451107391432743E-13","0","false","false","false","5.435651928564766E-13","true","state-displacement"
"1","feedback","20","20","20","0.05","0.25","2","-8","-1.5","160","106","106","19.99999999999962","20","19.999999999999456","-5.435651928564766E-13","2.7178259642823833E-14","1.3589129821411916E-13","1.3589129821411916E-13","0","false","false","false","3.801403636316536E-13","true","state-displacement"
"1","feedback","20","20","20","0.05","0.25","2","-8","-1.5","160","107","107","19.999999999999734","20","19.99999999999962","-3.801403636316536E-13","1.9007018181582682E-14","9.50350909079134E-14","9.50350909079134E-14","0","false","false","false","2.6645352591003757E-13","true","state-displacement"
"1","feedback","20","20","20","0.05","0.25","2","-8","-1.5","160","108","108","19.999999999999815","20","19.999999999999734","-2.6645352591003757E-13","1.3322676295501878E-14","6.661338147750939E-14","6.661338147750939E-14","0","false","false","false","1.8474111129762605E-13","true","state-displacement"
"1","feedback","20","20","20","0.05","0.25","2","-8","-1.5","160","109","109","19.999999999999872","20","19.999999999999815","-1.8474111129762605E-13","9.237055564881303E-15","4.618527782440651E-14","4.618527782440651E-14","0","false","false","false","1.2789769243681803E-13","true","state-displacement"
"1","feedback","20","20","20","0.05","0.25","2","-8","-1.5","160","110","110","19.99999999999991","20","19.999999999999872","-1.2789769243681803E-13","6.394884621840902E-15","3.197442310920451E-14","3.197442310920451E-14","0","false","false","false","8.881784197001252E-14","true","state-displacement"
"1","feedback","20","20","20","0.05","0.25","2","-8","-1.5","160","111","111","19.999999999999936","20","19.99999999999991","-8.881784197001252E-14","4.440892098500626E-15","2.220446049250313E-14","2.220446049250313E-14","0","false","false","false","6.394884621840902E-14","true","state-displacement"
"1","feedback","20","20","20","0.05","0.25","2","-8","-1.5","160","112","112","19.999999999999957","20","19.999999999999936","-6.394884621840902E-14","3.197442310920451E-15","1.5987211554602254E-14","1.5987211554602254E-14","0","false","false","false","4.263256414560601E-14","true","state-displacement"
"1","feedback","20","20","20","0.05","0.25","2","-8","-1.5","160","113","113","19.99999999999997","20","19.999999999999957","-4.263256414560601E-14","2.131628207280301E-15","1.0658141036401503E-14","1.0658141036401503E-14","0","false","false","false","2.842170943040401E-14","true","state-displacement"
"1","feedback","20","20","20","0.05","0.25","2","-8","-1.5","160","114","114","19.99999999999998","20","19.99999999999997","-2.842170943040401E-14","1.4210854715202005E-15","7.105427357601002E-15","7.105427357601002E-15","0","false","false","false","2.1316282072803006E-14","true","state-displacement"
"1","feedback","20","20","20","0.05","0.25","2","-8","-1.5","160","115","115","19.999999999999986","20","19.99999999999998","-2.1316282072803006E-14","1.0658141036401504E-15","5.329070518200751E-15","5.329070518200751E-15","0","false","false","false","1.4210854715202004E-14","true","state-displacement"
"1","feedback","20","20","20","0.05","0.25","2","-8","-1.5","160","116","116","19.99999999999999","20","19.999999999999986","-1.4210854715202004E-14","7.105427357601002E-16","3.552713678800501E-15","3.552713678800501E-15","0","false","false","false","1.0658141036401503E-14","true","state-displacement"
"1","feedback","20","20","20","0.05","0.25","2","-8","-1.5","160","117","117","19.999999999999993","20","19.99999999999999","-1.0658141036401503E-14","5.329070518200752E-16","2.6645352591003757E-15","2.6645352591003757E-15","0","false","false","false","7.105427357601002E-15","true","state-displacement"
"1","feedback","20","20","20","0.05","0.25","2","-8","-1.5","160","118","118","19.999999999999993","20","19.999999999999993","-7.105427357601002E-15","3.552713678800501E-16","1.7763568394002505E-15","1.7763568394002505E-15","0","false","false","false","7.105427357601002E-15","true","state-displacement"
"1","feedback","20","20","20","0.05","0.25","2","-8","-1.5","160","119","119","19.999999999999993","20","19.999999999999993","-7.105427357601002E-15","3.552713678800501E-16","1.7763568394002505E-15","1.7763568394002505E-15","0","false","false","false","7.105427357601002E-15","true","state-displacement"
"1","feedback","20","20","20","0.05","0.25","2","-8","-1.5","160","120","120","19.999999999999993","20","19.999999999999993","-7.105427357601002E-15","3.552713678800501E-16","1.7763568394002505E-15","1.7763568394002505E-15","0","false","false","false","7.105427357601002E-15","true","state-displacement"
"1","feedback","20","20","20","0.05","0.25","2","-8","-1.5","160","121","121","19.999999999999993","20","19.999999999999993","-7.105427357601002E-15","3.552713678800501E-16","1.7763568394002505E-15","1.7763568394002505E-15","0","false","false","false","7.105427357601002E-15","true","state-displacement"
"1","feedback","20","20","20","0.05","0.25","2","-8","-1.5","160","122","122","19.999999999999993","20","19.999999999999993","-7.105427357601002E-15","3.552713678800501E-16","1.7763568394002505E-15","1.7763568394002505E-15","0","false","false","false","7.105427357601002E-15","true","state-displacement"
"1","feedback","20","20","20","0.05","0.25","2","-8","-1.5","160","123","123","19.999999999999993","20","19.999999999999993","-7.105427357601002E-15","3.552713678800501E-16","1.7763568394002505E-15","1.7763568394002505E-15","0","false","false","false","7.105427357601002E-15","true","state-displacement"
"1","feedback","20","20","20","0.05","0.25","2","-8","-1.5","160","124","124","19.999999999999993","20","19.999999999999993","-7.105427357601002E-15","3.552713678800501E-16","1.7763568394002505E-15","1.7763568394002505E-15","0","false","false","false","7.105427357601002E-15","true","state-displacement"
"1","feedback","20","20","20","0.05","0.25","2","-8","-1.5","160","125","125","19.999999999999993","20","19.999999999999993","-7.105427357601002E-15","3.552713678800501E-16","1.7763568394002505E-15","1.7763568394002505E-15","0","false","false","false","7.105427357601002E-15","true","state-displacement"
"1","feedback","20","20","20","0.05","0.25","2","-8","-1.5","160","126","126","19.999999999999993","20","19.999999999999993","-7.105427357601002E-15","3.552713678800501E-16","1.7763568394002505E-15","1.7763568394002505E-15","0","false","false","false","7.105427357601002E-15","true","state-displacement"
"1","feedback","20","20","20","0.05","0.25","2","-8","-1.5","160","127","127","19.999999999999993","20","19.999999999999993","-7.105427357601002E-15","3.552713678800501E-16","1.7763568394002505E-15","1.7763568394002505E-15","0","false","false","false","7.105427357601002E-15","true","state-displacement"
"1","feedback","20","20","20","0.05","0.25","2","-8","-1.5","160","128","128","19.999999999999993","20","19.999999999999993","-7.105427357601002E-15","3.552713678800501E-16","1.7763568394002505E-15","1.7763568394002505E-15","0","false","false","false","7.105427357601002E-15","true","state-displacement"
"1","feedback","20","20","20","0.05","0.25","2","-8","-1.5","160","129","129","19.999999999999993","20","19.999999999999993","-7.105427357601002E-15","3.552713678800501E-16","1.7763568394002505E-15","1.7763568394002505E-15","0","false","false","false","7.105427357601002E-15","true","state-displacement"
"1","feedback","20","20","20","0.05","0.25","2","-8","-1.5","160","130","130","19.999999999999993","20","19.999999999999993","-7.105427357601002E-15","3.552713678800501E-16","1.7763568394002505E-15","1.7763568394002505E-15","0","false","false","false","7.105427357601002E-15","true","state-displacement"
"1","feedback","20","20","20","0.05","0.25","2","-8","-1.5","160","131","131","19.999999999999993","20","19.999999999999993","-7.105427357601002E-15","3.552713678800501E-16","1.7763568394002505E-15","1.7763568394002505E-15","0","false","false","false","7.105427357601002E-15","true","state-displacement"
"1","feedback","20","20","20","0.05","0.25","2","-8","-1.5","160","132","132","19.999999999999993","20","19.999999999999993","-7.105427357601002E-15","3.552713678800501E-16","1.7763568394002505E-15","1.7763568394002505E-15","0","false","false","false","7.105427357601002E-15","true","state-displacement"
"1","feedback","20","20","20","0.05","0.25","2","-8","-1.5","160","133","133","19.999999999999993","20","19.999999999999993","-7.105427357601002E-15","3.552713678800501E-16","1.7763568394002505E-15","1.7763568394002505E-15","0","false","false","false","7.105427357601002E-15","true","state-displacement"
"1","feedback","20","20","20","0.05","0.25","2","-8","-1.5","160","134","134","19.999999999999993","20","19.999999999999993","-7.105427357601002E-15","3.552713678800501E-16","1.7763568394002505E-15","1.7763568394002505E-15","0","false","false","false","7.105427357601002E-15","true","state-displacement"
"1","feedback","20","20","20","0.05","0.25","2","-8","-1.5","160","135","135","19.999999999999993","20","19.999999999999993","-7.105427357601002E-15","3.552713678800501E-16","1.7763568394002505E-15","1.7763568394002505E-15","0","false","false","false","7.105427357601002E-15","true","state-displacement"
"1","feedback","20","20","20","0.05","0.25","2","-8","-1.5","160","136","136","19.999999999999993","20","19.999999999999993","-7.105427357601002E-15","3.552713678800501E-16","1.7763568394002505E-15","1.7763568394002505E-15","0","false","false","false","7.105427357601002E-15","true","state-displacement"
"1","feedback","20","20","20","0.05","0.25","2","-8","-1.5","160","137","137","19.999999999999993","20","19.999999999999993","-7.105427357601002E-15","3.552713678800501E-16","1.7763568394002505E-15","1.7763568394002505E-15","0","false","false","false","7.105427357601002E-15","true","state-displacement"
"1","feedback","20","20","20","0.05","0.25","2","-8","-1.5","160","138","138","19.999999999999993","20","19.999999999999993","-7.105427357601002E-15","3.552713678800501E-16","1.7763568394002505E-15","1.7763568394002505E-15","0","false","false","false","7.105427357601002E-15","true","state-displacement"
"1","feedback","20","20","20","0.05","0.25","2","-8","-1.5","160","139","139","19.999999999999993","20","19.999999999999993","-7.105427357601002E-15","3.552713678800501E-16","1.7763568394002505E-15","1.7763568394002505E-15","0","false","false","false","7.105427357601002E-15","true","state-displacement"
"1","feedback","20","20","20","0.05","0.25","2","-8","-1.5","160","140","140","19.999999999999993","20","19.999999999999993","-7.105427357601002E-15","3.552713678800501E-16","1.7763568394002505E-15","1.7763568394002505E-15","0","false","false","false","7.105427357601002E-15","true","state-displacement"
"1","feedback","20","20","20","0.05","0.25","2","-8","-1.5","160","141","141","19.999999999999993","20","19.999999999999993","-7.105427357601002E-15","3.552713678800501E-16","1.7763568394002505E-15","1.7763568394002505E-15","0","false","false","false","7.105427357601002E-15","true","state-displacement"
"1","feedback","20","20","20","0.05","0.25","2","-8","-1.5","160","142","142","19.999999999999993","20","19.999999999999993","-7.105427357601002E-15","3.552713678800501E-16","1.7763568394002505E-15","1.7763568394002505E-15","0","false","false","false","7.105427357601002E-15","true","state-displacement"
"1","feedback","20","20","20","0.05","0.25","2","-8","-1.5","160","143","143","19.999999999999993","20","19.999999999999993","-7.105427357601002E-15","3.552713678800501E-16","1.7763568394002505E-15","1.7763568394002505E-15","0","false","false","false","7.105427357601002E-15","true","state-displacement"
"1","feedback","20","20","20","0.05","0.25","2","-8","-1.5","160","144","144","19.999999999999993","20","19.999999999999993","-7.105427357601002E-15","3.552713678800501E-16","1.7763568394002505E-15","1.7763568394002505E-15","0","false","false","false","7.105427357601002E-15","true","state-displacement"
"1","feedback","20","20","20","0.05","0.25","2","-8","-1.5","160","145","145","19.999999999999993","20","19.999999999999993","-7.105427357601002E-15","3.552713678800501E-16","1.7763568394002505E-15","1.7763568394002505E-15","0","false","false","false","7.105427357601002E-15","true","state-displacement"
"1","feedback","20","20","20","0.05","0.25","2","-8","-1.5","160","146","146","19.999999999999993","20","19.999999999999993","-7.105427357601002E-15","3.552713678800501E-16","1.7763568394002505E-15","1.7763568394002505E-15","0","false","false","false","7.105427357601002E-15","true","state-displacement"
"1","feedback","20","20","20","0.05","0.25","2","-8","-1.5","160","147","147","19.999999999999993","20","19.999999999999993","-7.105427357601002E-15","3.552713678800501E-16","1.7763568394002505E-15","1.7763568394002505E-15","0","false","false","false","7.105427357601002E-15","true","state-displacement"
"1","feedback","20","20","20","0.05","0.25","2","-8","-1.5","160","148","148","19.999999999999993","20","19.999999999999993","-7.105427357601002E-15","3.552713678800501E-16","1.7763568394002505E-15","1.7763568394002505E-15","0","false","false","false","7.105427357601002E-15","true","state-displacement"
"1","feedback","20","20","20","0.05","0.25","2","-8","-1.5","160","149","149","19.999999999999993","20","19.999999999999993","-7.105427357601002E-15","3.552713678800501E-16","1.7763568394002505E-15","1.7763568394002505E-15","0","false","false","false","7.105427357601002E-15","true","state-displacement"
"1","feedback","20","20","20","0.05","0.25","2","-8","-1.5","160","150","150","19.999999999999993","20","19.999999999999993","-7.105427357601002E-15","3.552713678800501E-16","1.7763568394002505E-15","1.7763568394002505E-15","0","false","false","false","7.105427357601002E-15","true","state-displacement"
"1","feedback","20","20","20","0.05","0.25","2","-8","-1.5","160","151","151","19.999999999999993","20","19.999999999999993","-7.105427357601002E-15","3.552713678800501E-16","1.7763568394002505E-15","1.7763568394002505E-15","0","false","false","false","7.105427357601002E-15","true","state-displacement"
"1","feedback","20","20","20","0.05","0.25","2","-8","-1.5","160","152","152","19.999999999999993","20","19.999999999999993","-7.105427357601002E-15","3.552713678800501E-16","1.7763568394002505E-15","1.7763568394002505E-15","0","false","false","false","7.105427357601002E-15","true","state-displacement"
"1","feedback","20","20","20","0.05","0.25","2","-8","-1.5","160","153","153","19.999999999999993","20","19.999999999999993","-7.105427357601002E-15","3.552713678800501E-16","1.7763568394002505E-15","1.7763568394002505E-15","0","false","false","false","7.105427357601002E-15","true","state-displacement"
"1","feedback","20","20","20","0.05","0.25","2","-8","-1.5","160","154","154","19.999999999999993","20","19.999999999999993","-7.105427357601002E-15","3.552713678800501E-16","1.7763568394002505E-15","1.7763568394002505E-15","0","false","false","false","7.105427357601002E-15","true","state-displacement"
"1","feedback","20","20","20","0.05","0.25","2","-8","-1.5","160","155","155","19.999999999999993","20","19.999999999999993","-7.105427357601002E-15","3.552713678800501E-16","1.7763568394002505E-15","1.7763568394002505E-15","0","false","false","false","7.105427357601002E-15","true","state-displacement"
"1","feedback","20","20","20","0.05","0.25","2","-8","-1.5","160","156","156","19.999999999999993","20","19.999999999999993","-7.105427357601002E-15","3.552713678800501E-16","1.7763568394002505E-15","1.7763568394002505E-15","0","false","false","false","7.105427357601002E-15","true","state-displacement"
"1","feedback","20","20","20","0.05","0.25","2","-8","-1.5","160","157","157","19.999999999999993","20","19.999999999999993","-7.105427357601002E-15","3.552713678800501E-16","1.7763568394002505E-15","1.7763568394002505E-15","0","false","false","false","7.105427357601002E-15","true","state-displacement"
"1","feedback","20","20","20","0.05","0.25","2","-8","-1.5","160","158","158","19.999999999999993","20","19.999999999999993","-7.105427357601002E-15","3.552713678800501E-16","1.7763568394002505E-15","1.7763568394002505E-15","0","false","false","false","7.105427357601002E-15","true","state-displacement"
"1","feedback","20","20","20","0.05","0.25","2","-8","-1.5","160","159","159","19.999999999999993","20","19.999999999999993","-7.105427357601002E-15","3.552713678800501E-16","1.7763568394002505E-15","1.7763568394002505E-15","0","false","false","false","7.105427357601002E-15","true","state-displacement"
"1","feedback","20","20","20","0.05","0.25","2","-8","-1.5","160","160","160","19.999999999999993","20","19.999999999999993","-7.105427357601002E-15","3.552713678800501E-16","1.7763568394002505E-15","1.7763568394002505E-15","0","false","false","false","7.105427357601002E-15","true","state-displacement"
"2","feedback","20","20","20","0.05","0.25","2","-4","-1.5","160","0","0","20","20","20","0","0","0","0","0","false","false","false","0","true","setup"
"2","feedback","20","20","20","0.05","0.25","2","-4","-1.5","160","1","1","20","20","20","0","0","0","0","0","false","false","false","0","true","setup"
"2","feedback","20","20","20","0.05","0.25","2","-4","-1.5","160","2","2","20","20","20","0","0","0","0","0","false","false","false","0","true","setup"
"2","feedback","20","20","20","0.05","0.25","2","-4","-1.5","160","3","3","20","20","20","0","0","0","0","0","false","false","false","0","true","setup"
"2","feedback","20","20","20","0.05","0.25","2","-4","-1.5","160","4","4","20","20","20","0","0","0","0","0","false","false","false","0","true","setup"
"2","feedback","20","20","20","0.05","0.25","2","-4","-1.5","160","5","5","20","20","20","0","0","0","0","0","false","false","false","0","true","setup"
"2","feedback","20","20","20","0.05","0.25","2","-4","-1.5","160","6","6","20","20","20","0","0","0","0","0","false","false","false","0","true","setup"
"2","feedback","20","20","20","0.05","0.25","2","-4","-1.5","160","7","7","20","20","20","0","0","0","0","0","false","false","false","0","true","setup"
"2","feedback","20","20","20","0.05","0.25","2","-4","-1.5","160","8","8","20","20","20","0","0","0","0","0","false","false","false","0","true","setup"
"2","feedback","20","20","20","0.05","0.25","2","-4","-1.5","160","9","9","20","20","20","0","0","0","0","0","false","false","false","0","true","setup"
"2","feedback","20","20","20","0.05","0.25","2","-4","-1.5","160","10","10","20","20","20","0","0","0","0","0","false","false","false","0","true","setup"
"2","feedback","20","20","20","0.05","0.25","2","-4","-1.5","160","11","11","20","20","20","0","0","0","0","0","false","false","false","0","true","setup"
"2","feedback","20","20","20","0.05","0.25","2","-4","-1.5","160","12","12","20","20","20","0","0","0","0","0","false","false","false","0","true","setup"
"2","feedback","20","20","20","0.05","0.25","2","-4","-1.5","160","13","13","20","20","20","0","0","0","0","0","false","false","false","0","true","setup"
"2","feedback","20","20","20","0.05","0.25","2","-4","-1.5","160","14","14","20","20","20","0","0","0","0","0","false","false","false","0","true","setup"
"2","feedback","20","20","20","0.05","0.25","2","-4","-1.5","160","15","15","20","20","20","0","0","0","0","0","false","false","false","0","true","setup"
"2","feedback","20","20","20","0.05","0.25","2","-4","-1.5","160","16","16","20","20","20","0","0","0","0","0","false","false","false","0","true","setup"
"2","feedback","20","20","20","0.05","0.25","2","-4","-1.5","160","17","17","20","20","20","0","0","0","0","0","false","false","false","0","true","setup"
"2","feedback","20","20","20","0.05","0.25","2","-4","-1.5","160","18","18","20","20","20","0","0","0","0","0","false","false","false","0","true","setup"
"2","feedback","20","20","20","0.05","0.25","2","-4","-1.5","160","19","19","20","20","20","0","0","0","0","0","false","false","false","0","true","setup"
"2","feedback","20","20","20","0.05","0.25","2","-4","-1.5","160","20","20","20","20","20","0","0","0","0","0","false","false","false","0","true","setup"
"2","feedback","20","20","20","0.05","0.25","2","-4","-1.5","160","21","21","17.2","20","16","-4","0.2","1","1","0","false","false","false","2.8000000000000007","true","state-displacement"
"2","feedback","20","20","20","0.05","0.25","2","-4","-1.5","160","22","22","18.04","20","17.2","-2.8000000000000007","0.14000000000000004","0.7000000000000002","0.7000000000000002","0","false","false","false","1.9600000000000009","true","state-displacement"
"2","feedback","20","20","20","0.05","0.25","2","-4","-1.5","160","23","23","18.628","20","18.04","-1.9600000000000009","0.09800000000000005","0.4900000000000002","0.4900000000000002","0","false","false","false","1.3719999999999999","true","state-displacement"
"2","feedback","20","20","20","0.05","0.25","2","-4","-1.5","160","24","24","19.0396","20","18.628","-1.3719999999999999","0.0686","0.34299999999999997","0.34299999999999997","0","false","false","false","0.9603999999999999","true","state-displacement"
"2","feedback","20","20","20","0.05","0.25","2","-4","-1.5","160","25","25","19.32772","20","19.0396","-0.9603999999999999","0.04802","0.24009999999999998","0.24009999999999998","0","false","false","false","0.6722800000000007","true","state-displacement"
"2","feedback","20","20","20","0.05","0.25","2","-4","-1.5","160","26","26","19.529404","20","19.32772","-0.6722800000000007","0.03361400000000003","0.16807000000000016","0.16807000000000016","0","false","false","false","0.47059600000000046","true","state-displacement"
"2","feedback","20","20","20","0.05","0.25","2","-4","-1.5","160","27","27","19.6705828","20","19.529404","-0.47059600000000046","0.023529800000000024","0.11764900000000011","0.11764900000000011","0","false","false","false","0.32941720000000174","true","state-displacement"
"2","feedback","20","20","20","0.05","0.25","2","-4","-1.5","160","28","28","19.769407959999995","20","19.6705828","-0.32941720000000174","0.016470860000000087","0.08235430000000044","0.08235430000000044","0","false","false","false","0.23059204000000477","true","state-displacement"
"2","feedback","20","20","20","0.05","0.25","2","-4","-1.5","160","29","29","19.838585571999996","20","19.769407959999995","-0.23059204000000477","0.01152960200000024","0.05764801000000119","0.05764801000000119","0","false","false","false","0.16141442800000405","true","state-displacement"
"2","feedback","20","20","20","0.05","0.25","2","-4","-1.5","160","30","30","19.887009900399995","20","19.838585571999996","-0.16141442800000405","0.008070721400000203","0.04035360700000101","0.04035360700000101","0","false","false","false","0.11299009960000461","true","state-displacement"
"2","feedback","20","20","20","0.05","0.25","2","-4","-1.5","160","31","31","19.920906930279997","20","19.887009900399995","-0.11299009960000461","0.005649504980000231","0.028247524900001153","0.028247524900001153","0","false","false","false","0.07909306972000252","true","state-displacement"
"2","feedback","20","20","20","0.05","0.25","2","-4","-1.5","160","32","32","19.944634851196","20","19.920906930279997","-0.07909306972000252","0.003954653486000126","0.01977326743000063","0.01977326743000063","0","false","false","false","0.05536514880400034","true","state-displacement"
"2","feedback","20","20","20","0.05","0.25","2","-4","-1.5","160","33","33","19.9612443958372","20","19.944634851196","-0.05536514880400034","0.002768257440200017","0.013841287201000085","0.013841287201000085","0","false","false","false","0.03875560416280166","true","state-displacement"
"2","feedback","20","20","20","0.05","0.25","2","-4","-1.5","160","34","34","19.97287107708604","20","19.9612443958372","-0.03875560416280166","0.0019377802081400831","0.009688901040700415","0.009688901040700415","0","false","false","false","0.02712892291395974","true","state-displacement"
"2","feedback","20","20","20","0.05","0.25","2","-4","-1.5","160","35","35","19.98100975396023","20","19.97287107708604","-0.02712892291395974","0.0013564461456979872","0.006782230728489935","0.006782230728489935","0","false","false","false","0.018990246039770398","true","state-displacement"
"2","feedback","20","20","20","0.05","0.25","2","-4","-1.5","160","36","36","19.98670682777216","20","19.98100975396023","-0.018990246039770398","9.495123019885199E-4","0.004747561509942599","0.004747561509942599","0","false","false","false","0.013293172227839989","true","state-displacement"
"2","feedback","20","20","20","0.05","0.25","2","-4","-1.5","160","37","37","19.99069477944051","20","19.98670682777216","-0.013293172227839989","6.646586113919995E-4","0.003323293056959997","0.003323293056959997","0","false","false","false","0.009305220559490124","true","state-displacement"
"2","feedback","20","20","20","0.05","0.25","2","-4","-1.5","160","38","38","19.99348634560836","20","19.99069477944051","-0.009305220559490124","4.652610279745062E-4","0.002326305139872531","0.002326305139872531","0","false","false","false","0.006513654391639534","true","state-displacement"
"2","feedback","20","20","20","0.05","0.25","2","-4","-1.5","160","39","39","19.99544044192585","20","19.99348634560836","-0.006513654391639534","3.2568271958197673E-4","0.0016284135979098835","0.0016284135979098835","0","false","false","false","0.004559558074149095","true","state-displacement"
"2","feedback","20","20","20","0.05","0.25","2","-4","-1.5","160","40","40","19.996808309348097","20","19.99544044192585","-0.004559558074149095","2.2797790370745476E-4","0.0011398895185372737","0.0011398895185372737","0","false","false","false","0.0031916906519029453","true","state-displacement"
"2","feedback","20","20","20","0.05","0.25","2","-4","-1.5","160","41","41","19.99776581654367","20","19.996808309348097","-0.0031916906519029453","1.595845325951473E-4","7.979226629757363E-4","7.979226629757363E-4","0","false","false","false","0.0022341834563306406","true","state-displacement"
"2","feedback","20","20","20","0.05","0.25","2","-4","-1.5","160","42","42","19.99843607158057","20","19.99776581654367","-0.0022341834563306406","1.1170917281653204E-4","5.585458640826602E-4","5.585458640826602E-4","0","false","false","false","0.0015639284194293168","true","state-displacement"
"2","feedback","20","20","20","0.05","0.25","2","-4","-1.5","160","43","43","19.9989052501064","20","19.99843607158057","-0.0015639284194293168","7.819642097146585E-5","3.909821048573292E-4","3.909821048573292E-4","0","false","false","false","0.0010947498935998112","true","state-displacement"
"2","feedback","20","20","20","0.05","0.25","2","-4","-1.5","160","44","44","19.99923367507448","20","19.9989052501064","-0.0010947498935998112","5.473749467999056E-5","2.736874733999528E-4","2.736874733999528E-4","0","false","false","false","7.663249255216442E-4","true","state-displacement"
"2","feedback","20","20","20","0.05","0.25","2","-4","-1.5","160","45","45","19.999463572552134","20","19.99923367507448","-7.663249255216442E-4","3.8316246276082214E-5","1.9158123138041105E-4","1.9158123138041105E-4","0","false","false","false","5.364274478658615E-4","true","state-displacement"
"2","feedback","20","20","20","0.05","0.25","2","-4","-1.5","160","46","46","19.999624500786496","20","19.999463572552134","-5.364274478658615E-4","2.6821372393293075E-5","1.3410686196646537E-4","1.3410686196646537E-4","0","false","false","false","3.754992135043267E-4","true","state-displacement"
"2","feedback","20","20","20","0.05","0.25","2","-4","-1.5","160","47","47","19.999737150550548","20","19.999624500786496","-3.754992135043267E-4","1.8774960675216335E-5","9.387480337608167E-5","9.387480337608167E-5","0","false","false","false","2.6284944945231814E-4","true","state-displacement"
"2","feedback","20","20","20","0.05","0.25","2","-4","-1.5","160","48","48","19.999816005385384","20","19.999737150550548","-2.6284944945231814E-4","1.3142472472615907E-5","6.571236236307954E-5","6.571236236307954E-5","0","false","false","false","1.8399461461626743E-4","true","state-displacement"
"2","feedback","20","20","20","0.05","0.25","2","-4","-1.5","160","49","49","19.999871203769768","20","19.999816005385384","-1.8399461461626743E-4","9.199730730813372E-6","4.599865365406686E-5","4.599865365406686E-5","0","false","false","false","1.2879623023209774E-4","true","state-displacement"
"2","feedback","20","20","20","0.05","0.25","2","-4","-1.5","160","50","50","19.999909842638836","20","19.999871203769768","-1.2879623023209774E-4","6.439811511604887E-6","3.2199057558024435E-5","3.2199057558024435E-5","0","false","false","false","9.015736116424478E-5","true","state-displacement"
"2","feedback","20","20","20","0.05","0.25","2","-4","-1.5","160","51","51","19.999936889847184","20","19.999909842638836","-9.015736116424478E-5","4.507868058212239E-6","2.2539340291061194E-5","2.2539340291061194E-5","0","false","false","false","6.311015281568189E-5","true","state-displacement"
"2","feedback","20","20","20","0.05","0.25","2","-4","-1.5","160","52","52","19.99995582289303","20","19.999936889847184","-6.311015281568189E-5","3.1555076407840945E-6","1.577753820392047E-5","1.577753820392047E-5","0","false","false","false","4.417710697168786E-5","true","state-displacement"
"2","feedback","20","20","20","0.05","0.25","2","-4","-1.5","160","53","53","19.99996907602512","20","19.99995582289303","-4.417710697168786E-5","2.2088553485843934E-6","1.1044276742921966E-5","1.1044276742921966E-5","0","false","false","false","3.092397487947096E-5","true","state-displacement"
"2","feedback","20","20","20","0.05","0.25","2","-4","-1.5","160","54","54","19.999978353217582","20","19.99996907602512","-3.092397487947096E-5","1.5461987439735482E-6","7.73099371986774E-6","7.73099371986774E-6","0","false","false","false","2.1646782418116572E-5","true","state-displacement"
"2","feedback","20","20","20","0.05","0.25","2","-4","-1.5","160","55","55","19.999984847252307","20","19.999978353217582","-2.1646782418116572E-5","1.0823391209058287E-6","5.411695604529143E-6","5.411695604529143E-6","0","false","false","false","1.5152747693036872E-5","true","state-displacement"
"2","feedback","20","20","20","0.05","0.25","2","-4","-1.5","160","56","56","19.999989393076614","20","19.999984847252307","-1.5152747693036872E-5","7.576373846518437E-7","3.788186923259218E-6","3.788186923259218E-6","0","false","false","false","1.0606923385836353E-5","true","state-displacement"
"2","feedback","20","20","20","0.05","0.25","2","-4","-1.5","160","57","57","19.99999257515363","20","19.999989393076614","-1.0606923385836353E-5","5.303461692918177E-7","2.6517308464590883E-6","2.6517308464590883E-6","0","false","false","false","7.424846369730176E-6","true","state-displacement"
"2","feedback","20","20","20","0.05","0.25","2","-4","-1.5","160","58","58","19.999994802607542","20","19.99999257515363","-7.424846369730176E-6","3.712423184865088E-7","1.856211592432544E-6","1.856211592432544E-6","0","false","false","false","5.197392457745309E-6","true","state-displacement"
"2","feedback","20","20","20","0.05","0.25","2","-4","-1.5","160","59","59","19.99999636182528","20","19.999994802607542","-5.197392457745309E-6","2.5986962288726544E-7","1.2993481144363273E-6","1.2993481144363273E-6","0","false","false","false","3.6381747214875304E-6","true","state-displacement"
"2","feedback","20","20","20","0.05","0.25","2","-4","-1.5","160","60","60","19.999997453277693","20","19.99999636182528","-3.6381747214875304E-6","1.8190873607437652E-7","9.095436803718826E-7","9.095436803718826E-7","0","false","false","false","2.546722306817628E-6","true","state-displacement"
"2","feedback","20","20","20","0.05","0.25","2","-4","-1.5","160","61","61","19.999998217294383","20","19.999997453277693","-2.546722306817628E-6","1.273361153408814E-7","6.36680576704407E-7","6.36680576704407E-7","0","false","false","false","1.7827056169039679E-6","true","state-displacement"
"2","feedback","20","20","20","0.05","0.25","2","-4","-1.5","160","62","62","19.999998752106066","20","19.999998217294383","-1.7827056169039679E-6","8.91352808451984E-8","4.4567640422599197E-7","4.4567640422599197E-7","0","false","false","false","1.2478939339644057E-6","true","state-displacement"
"2","feedback","20","20","20","0.05","0.25","2","-4","-1.5","160","63","63","19.999999126474247","20","19.999998752106066","-1.2478939339644057E-6","6.239469669822029E-8","3.1197348349110143E-7","3.1197348349110143E-7","0","false","false","false","8.735257530645413E-7","true","state-displacement"
"2","feedback","20","20","20","0.05","0.25","2","-4","-1.5","160","64","64","19.999999388531972","20","19.999999126474247","-8.735257530645413E-7","4.3676287653227067E-8","2.1838143826613532E-7","2.1838143826613532E-7","0","false","false","false","6.11468028210993E-7","true","state-displacement"
"2","feedback","20","20","20","0.05","0.25","2","-4","-1.5","160","65","65","19.999999571972378","20","19.999999388531972","-6.11468028210993E-7","3.0573401410549654E-8","1.5286700705274825E-7","1.5286700705274825E-7","0","false","false","false","4.2802762223459467E-7","true","state-displacement"
"2","feedback","20","20","20","0.05","0.25","2","-4","-1.5","160","66","66","19.999999700380663","20","19.999999571972378","-4.2802762223459467E-7","2.1401381111729734E-8","1.0700690555864867E-7","1.0700690555864867E-7","0","false","false","false","2.996193373405731E-7","true","state-displacement"
"2","feedback","20","20","20","0.05","0.25","2","-4","-1.5","160","67","67","19.999999790266465","20","19.999999700380663","-2.996193373405731E-7","1.4980966867028655E-8","7.490483433514328E-8","7.490483433514328E-8","0","false","false","false","2.0973353542785844E-7","true","state-displacement"
"2","feedback","20","20","20","0.05","0.25","2","-4","-1.5","160","68","68","19.999999853186523","20","19.999999790266465","-2.0973353542785844E-7","1.0486676771392922E-8","5.243338385696461E-8","5.243338385696461E-8","0","false","false","false","1.4681347693112912E-7","true","state-displacement"
"2","feedback","20","20","20","0.05","0.25","2","-4","-1.5","160","69","69","19.999999897230566","20","19.999999853186523","-1.4681347693112912E-7","7.340673846556456E-9","3.670336923278228E-8","3.670336923278228E-8","0","false","false","false","1.0276943385179038E-7","true","state-displacement"
"2","feedback","20","20","20","0.05","0.25","2","-4","-1.5","160","70","70","19.999999928061396","20","19.999999897230566","-1.0276943385179038E-7","5.13847169258952E-9","2.5692358462947595E-8","2.5692358462947595E-8","0","false","false","false","7.1938604406796E-8","true","state-displacement"
"2","feedback","20","20","20","0.05","0.25","2","-4","-1.5","160","71","71","19.999999949642977","20","19.999999928061396","-7.1938604406796E-8","3.5969302203398005E-9","1.7984651101699E-8","1.7984651101699E-8","0","false","false","false","5.035702344002857E-8","true","state-displacement"
"2","feedback","20","20","20","0.05","0.25","2","-4","-1.5","160","72","72","19.99999996475008","20","19.999999949642977","-5.035702344002857E-8","2.517851172001429E-9","1.2589255860007142E-8","1.2589255860007142E-8","0","false","false","false","3.5249918539648206E-8","true","state-displacement"
"2","feedback","20","20","20","0.05","0.25","2","-4","-1.5","160","73","73","19.999999975325053","20","19.99999996475008","-3.5249918539648206E-8","1.7624959269824103E-9","8.812479634912052E-9","8.812479634912052E-9","0","false","false","false","2.4674946530467423E-8","true","state-displacement"
"2","feedback","20","20","20","0.05","0.25","2","-4","-1.5","160","74","74","19.999999982727537","20","19.999999975325053","-2.4674946530467423E-8","1.2337473265233712E-9","6.168736632616856E-9","6.168736632616856E-9","0","false","false","false","1.7272462571327196E-8","true","state-displacement"
"2","feedback","20","20","20","0.05","0.25","2","-4","-1.5","160","75","75","19.999999987909277","20","19.999999982727537","-1.7272462571327196E-8","8.636231285663599E-10","4.318115642831799E-9","4.318115642831799E-9","0","false","false","false","1.2090723089386302E-8","true","state-displacement"
"2","feedback","20","20","20","0.05","0.25","2","-4","-1.5","160","76","76","19.999999991536495","20","19.999999987909277","-1.2090723089386302E-8","6.045361544693151E-10","3.0226807723465754E-9","3.0226807723465754E-9","0","false","false","false","8.463505452027675E-9","true","state-displacement"
"2","feedback","20","20","20","0.05","0.25","2","-4","-1.5","160","77","77","19.999999994075544","20","19.999999991536495","-8.463505452027675E-9","4.2317527260138377E-10","2.115876363006919E-9","2.115876363006919E-9","0","false","false","false","5.924455592776212E-9","true","state-displacement"
"2","feedback","20","20","20","0.05","0.25","2","-4","-1.5","160","78","78","19.999999995852882","20","19.999999994075544","-5.924455592776212E-9","2.962227796388106E-10","1.481113898194053E-9","1.481113898194053E-9","0","false","false","false","4.147118204400613E-9","true","state-displacement"
"2","feedback","20","20","20","0.05","0.25","2","-4","-1.5","160","79","79","19.99999999709702","20","19.999999995852882","-4.147118204400613E-9","2.0735591022003064E-10","1.0367795511001532E-9","1.0367795511001532E-9","0","false","false","false","2.90297919036675E-9","true","state-displacement"
"2","feedback","20","20","20","0.05","0.25","2","-4","-1.5","160","80","80","19.999999997967915","20","19.99999999709702","-2.90297919036675E-9","1.4514895951833752E-10","7.257447975916875E-10","7.257447975916875E-10","0","false","false","false","2.0320847227139893E-9","true","state-displacement"
"2","feedback","20","20","20","0.05","0.25","2","-4","-1.5","160","81","81","19.99999999857754","20","19.999999997967915","-2.0320847227139893E-9","1.0160423613569948E-10","5.080211806784973E-10","5.080211806784973E-10","0","false","false","false","1.4224603717138962E-9","true","state-displacement"
"2","feedback","20","20","20","0.05","0.25","2","-4","-1.5","160","82","82","19.999999999004277","20","19.99999999857754","-1.4224603717138962E-9","7.112301858569482E-11","3.5561509292847404E-10","3.5561509292847404E-10","0","false","false","false","9.957226154710952E-10","true","state-displacement"
"2","feedback","20","20","20","0.05","0.25","2","-4","-1.5","160","83","83","19.999999999302997","20","19.999999999004277","-9.957226154710952E-10","4.9786130773554764E-11","2.489306538677738E-10","2.489306538677738E-10","0","false","false","false","6.970033439301915E-10","true","state-displacement"
"2","feedback","20","20","20","0.05","0.25","2","-4","-1.5","160","84","84","19.999999999512095","20","19.999999999302997","-6.970033439301915E-10","3.4850167196509576E-11","1.7425083598254787E-10","1.7425083598254787E-10","0","false","false","false","4.879048276507092E-10","true","state-displacement"
"2","feedback","20","20","20","0.05","0.25","2","-4","-1.5","160","85","85","19.999999999658467","20","19.999999999512095","-4.879048276507092E-10","2.4395241382535462E-11","1.219762069126773E-10","1.219762069126773E-10","0","false","false","false","3.4153302408412856E-10","true","state-displacement"
"2","feedback","20","20","20","0.05","0.25","2","-4","-1.5","160","86","86","19.999999999760927","20","19.999999999658467","-3.4153302408412856E-10","1.707665120420643E-11","8.538325602103214E-11","8.538325602103214E-11","0","false","false","false","2.390727615875221E-10","true","state-displacement"
"2","feedback","20","20","20","0.05","0.25","2","-4","-1.5","160","87","87","19.99999999983265","20","19.999999999760927","-2.390727615875221E-10","1.1953638079376106E-11","5.976819039688053E-11","5.976819039688053E-11","0","false","false","false","1.673505778398976E-10","true","state-displacement"
"2","feedback","20","20","20","0.05","0.25","2","-4","-1.5","160","88","88","19.999999999882853","20","19.99999999983265","-1.673505778398976E-10","8.36752889199488E-12","4.18376444599744E-11","4.18376444599744E-11","0","false","false","false","1.1714718084476772E-10","true","state-displacement"
"2","feedback","20","20","20","0.05","0.25","2","-4","-1.5","160","89","89","19.999999999917996","20","19.999999999882853","-1.1714718084476772E-10","5.857359042238386E-12","2.928679521119193E-11","2.928679521119193E-11","0","false","false","false","8.200373713407316E-11","true","state-displacement"
"2","feedback","20","20","20","0.05","0.25","2","-4","-1.5","160","90","90","19.999999999942595","20","19.999999999917996","-8.200373713407316E-11","4.100186856703659E-12","2.050093428351829E-11","2.050093428351829E-11","0","false","false","false","5.7404747622058494E-11","true","state-displacement"
"2","feedback","20","20","20","0.05","0.25","2","-4","-1.5","160","91","91","19.99999999995982","20","19.999999999942595","-5.7404747622058494E-11","2.870237381102925E-12","1.4351186905514624E-11","1.4351186905514624E-11","0","false","false","false","4.0181191707233666E-11","true","state-displacement"
"2","feedback","20","20","20","0.05","0.25","2","-4","-1.5","160","92","92","19.999999999971877","20","19.99999999995982","-4.0181191707233666E-11","2.0090595853616833E-12","1.0045297926808416E-11","1.0045297926808416E-11","0","false","false","false","2.8123281481384765E-11","true","state-displacement"
"2","feedback","20","20","20","0.05","0.25","2","-4","-1.5","160","93","93","19.999999999980314","20","19.999999999971877","-2.8123281481384765E-11","1.4061640740692383E-12","7.030820370346191E-12","7.030820370346191E-12","0","false","false","false","1.9685586494233576E-11","true","state-displacement"
"2","feedback","20","20","20","0.05","0.25","2","-4","-1.5","160","94","94","19.99999999998622","20","19.999999999980314","-1.9685586494233576E-11","9.842793247116788E-13","4.921396623558394E-12","4.921396623558394E-12","0","false","false","false","1.3780976360067143E-11","true","state-displacement"
"2","feedback","20","20","20","0.05","0.25","2","-4","-1.5","160","95","95","19.999999999990354","20","19.99999999998622","-1.3780976360067143E-11","6.890488180033572E-13","3.4452440900167858E-12","3.4452440900167858E-12","0","false","false","false","9.64561763794336E-12","true","state-displacement"
"2","feedback","20","20","20","0.05","0.25","2","-4","-1.5","160","96","96","19.99999999999325","20","19.999999999990354","-9.64561763794336E-12","4.82280881897168E-13","2.41140440948584E-12","2.41140440948584E-12","0","false","false","false","6.750155989720952E-12","true","state-displacement"
"2","feedback","20","20","20","0.05","0.25","2","-4","-1.5","160","97","97","19.999999999995275","20","19.99999999999325","-6.750155989720952E-12","3.375077994860476E-13","1.687538997430238E-12","1.687538997430238E-12","0","false","false","false","4.725109192804666E-12","true","state-displacement"
"2","feedback","20","20","20","0.05","0.25","2","-4","-1.5","160","98","98","19.99999999999669","20","19.999999999995275","-4.725109192804666E-12","2.362554596402333E-13","1.1812772982011666E-12","1.1812772982011666E-12","0","false","false","false","3.311129148642067E-12","true","state-displacement"
"2","feedback","20","20","20","0.05","0.25","2","-4","-1.5","160","99","99","19.999999999997684","20","19.99999999999669","-3.311129148642067E-12","1.6555645743210335E-13","8.277822871605167E-13","8.277822871605167E-13","0","false","false","false","2.3163693185779266E-12","true","state-displacement"
"2","feedback","20","20","20","0.05","0.25","2","-4","-1.5","160","100","100","19.99999999999838","20","19.999999999997684","-2.3163693185779266E-12","1.1581846592889634E-13","5.790923296444817E-13","5.790923296444817E-13","0","false","false","false","1.6200374375330284E-12","true","state-displacement"
"2","feedback","20","20","20","0.05","0.25","2","-4","-1.5","160","101","101","19.999999999998867","20","19.99999999999838","-1.6200374375330284E-12","8.100187187665142E-14","4.050093593832571E-13","4.050093593832571E-13","0","false","false","false","1.1333156635373598E-12","true","state-displacement"
"2","feedback","20","20","20","0.05","0.25","2","-4","-1.5","160","102","102","19.999999999999208","20","19.999999999998867","-1.1333156635373598E-12","5.6665783176867994E-14","2.8332891588433995E-13","2.8332891588433995E-13","0","false","false","false","7.922551503725117E-13","true","state-displacement"
"2","feedback","20","20","20","0.05","0.25","2","-4","-1.5","160","103","103","19.999999999999446","20","19.999999999999208","-7.922551503725117E-13","3.9612757518625587E-14","1.9806378759312793E-13","1.9806378759312793E-13","0","false","false","false","5.542233338928781E-13","true","state-displacement"
"2","feedback","20","20","20","0.05","0.25","2","-4","-1.5","160","104","104","19.999999999999613","20","19.999999999999446","-5.542233338928781E-13","2.771116669464391E-14","1.3855583347321954E-13","1.3855583347321954E-13","0","false","false","false","3.872457909892546E-13","true","state-displacement"
"2","feedback","20","20","20","0.05","0.25","2","-4","-1.5","160","105","105","19.999999999999726","20","19.999999999999613","-3.872457909892546E-13","1.936228954946273E-14","9.681144774731365E-14","9.681144774731365E-14","0","false","false","false","2.7355895326763857E-13","true","state-displacement"
"2","feedback","20","20","20","0.05","0.25","2","-4","-1.5","160","106","106","19.999999999999808","20","19.999999999999726","-2.7355895326763857E-13","1.3677947663381929E-14","6.838973831690964E-14","6.838973831690964E-14","0","false","false","false","1.9184653865522705E-13","true","state-displacement"
"2","feedback","20","20","20","0.05","0.25","2","-4","-1.5","160","107","107","19.999999999999865","20","19.999999999999808","-1.9184653865522705E-13","9.592326932761353E-15","4.796163466380676E-14","4.796163466380676E-14","0","false","false","false","1.3500311979441904E-13","true","state-displacement"
"2","feedback","20","20","20","0.05","0.25","2","-4","-1.5","160","108","108","19.999999999999908","20","19.999999999999865","-1.3500311979441904E-13","6.750155989720952E-15","3.375077994860476E-14","3.375077994860476E-14","0","false","false","false","9.237055564881302E-14","true","state-displacement"
"2","feedback","20","20","20","0.05","0.25","2","-4","-1.5","160","109","109","19.999999999999936","20","19.999999999999908","-9.237055564881302E-14","4.618527782440651E-15","2.3092638912203256E-14","2.3092638912203256E-14","0","false","false","false","6.394884621840902E-14","true","state-displacement"
"2","feedback","20","20","20","0.05","0.25","2","-4","-1.5","160","110","110","19.999999999999957","20","19.999999999999936","-6.394884621840902E-14","3.197442310920451E-15","1.5987211554602254E-14","1.5987211554602254E-14","0","false","false","false","4.263256414560601E-14","true","state-displacement"
"2","feedback","20","20","20","0.05","0.25","2","-4","-1.5","160","111","111","19.99999999999997","20","19.999999999999957","-4.263256414560601E-14","2.131628207280301E-15","1.0658141036401503E-14","1.0658141036401503E-14","0","false","false","false","2.842170943040401E-14","true","state-displacement"
"2","feedback","20","20","20","0.05","0.25","2","-4","-1.5","160","112","112","19.99999999999998","20","19.99999999999997","-2.842170943040401E-14","1.4210854715202005E-15","7.105427357601002E-15","7.105427357601002E-15","0","false","false","false","2.1316282072803006E-14","true","state-displacement"
"2","feedback","20","20","20","0.05","0.25","2","-4","-1.5","160","113","113","19.999999999999986","20","19.99999999999998","-2.1316282072803006E-14","1.0658141036401504E-15","5.329070518200751E-15","5.329070518200751E-15","0","false","false","false","1.4210854715202004E-14","true","state-displacement"
"2","feedback","20","20","20","0.05","0.25","2","-4","-1.5","160","114","114","19.99999999999999","20","19.999999999999986","-1.4210854715202004E-14","7.105427357601002E-16","3.552713678800501E-15","3.552713678800501E-15","0","false","false","false","1.0658141036401503E-14","true","state-displacement"
"2","feedback","20","20","20","0.05","0.25","2","-4","-1.5","160","115","115","19.999999999999993","20","19.99999999999999","-1.0658141036401503E-14","5.329070518200752E-16","2.6645352591003757E-15","2.6645352591003757E-15","0","false","false","false","7.105427357601002E-15","true","state-displacement"
"2","feedback","20","20","20","0.05","0.25","2","-4","-1.5","160","116","116","19.999999999999993","20","19.999999999999993","-7.105427357601002E-15","3.552713678800501E-16","1.7763568394002505E-15","1.7763568394002505E-15","0","false","false","false","7.105427357601002E-15","true","state-displacement"
"2","feedback","20","20","20","0.05","0.25","2","-4","-1.5","160","117","117","19.999999999999993","20","19.999999999999993","-7.105427357601002E-15","3.552713678800501E-16","1.7763568394002505E-15","1.7763568394002505E-15","0","false","false","false","7.105427357601002E-15","true","state-displacement"
"2","feedback","20","20","20","0.05","0.25","2","-4","-1.5","160","118","118","19.999999999999993","20","19.999999999999993","-7.105427357601002E-15","3.552713678800501E-16","1.7763568394002505E-15","1.7763568394002505E-15","0","false","false","false","7.105427357601002E-15","true","state-displacement"
"2","feedback","20","20","20","0.05","0.25","2","-4","-1.5","160","119","119","19.999999999999993","20","19.999999999999993","-7.105427357601002E-15","3.552713678800501E-16","1.7763568394002505E-15","1.7763568394002505E-15","0","false","false","false","7.105427357601002E-15","true","state-displacement"
"2","feedback","20","20","20","0.05","0.25","2","-4","-1.5","160","120","120","19.999999999999993","20","19.999999999999993","-7.105427357601002E-15","3.552713678800501E-16","1.7763568394002505E-15","1.7763568394002505E-15","0","false","false","false","7.105427357601002E-15","true","state-displacement"
"2","feedback","20","20","20","0.05","0.25","2","-4","-1.5","160","121","121","19.999999999999993","20","19.999999999999993","-7.105427357601002E-15","3.552713678800501E-16","1.7763568394002505E-15","1.7763568394002505E-15","0","false","false","false","7.105427357601002E-15","true","state-displacement"
"2","feedback","20","20","20","0.05","0.25","2","-4","-1.5","160","122","122","19.999999999999993","20","19.999999999999993","-7.105427357601002E-15","3.552713678800501E-16","1.7763568394002505E-15","1.7763568394002505E-15","0","false","false","false","7.105427357601002E-15","true","state-displacement"
"2","feedback","20","20","20","0.05","0.25","2","-4","-1.5","160","123","123","19.999999999999993","20","19.999999999999993","-7.105427357601002E-15","3.552713678800501E-16","1.7763568394002505E-15","1.7763568394002505E-15","0","false","false","false","7.105427357601002E-15","true","state-displacement"
"2","feedback","20","20","20","0.05","0.25","2","-4","-1.5","160","124","124","19.999999999999993","20","19.999999999999993","-7.105427357601002E-15","3.552713678800501E-16","1.7763568394002505E-15","1.7763568394002505E-15","0","false","false","false","7.105427357601002E-15","true","state-displacement"
"2","feedback","20","20","20","0.05","0.25","2","-4","-1.5","160","125","125","19.999999999999993","20","19.999999999999993","-7.105427357601002E-15","3.552713678800501E-16","1.7763568394002505E-15","1.7763568394002505E-15","0","false","false","false","7.105427357601002E-15","true","state-displacement"
"2","feedback","20","20","20","0.05","0.25","2","-4","-1.5","160","126","126","19.999999999999993","20","19.999999999999993","-7.105427357601002E-15","3.552713678800501E-16","1.7763568394002505E-15","1.7763568394002505E-15","0","false","false","false","7.105427357601002E-15","true","state-displacement"
"2","feedback","20","20","20","0.05","0.25","2","-4","-1.5","160","127","127","19.999999999999993","20","19.999999999999993","-7.105427357601002E-15","3.552713678800501E-16","1.7763568394002505E-15","1.7763568394002505E-15","0","false","false","false","7.105427357601002E-15","true","state-displacement"
"2","feedback","20","20","20","0.05","0.25","2","-4","-1.5","160","128","128","19.999999999999993","20","19.999999999999993","-7.105427357601002E-15","3.552713678800501E-16","1.7763568394002505E-15","1.7763568394002505E-15","0","false","false","false","7.105427357601002E-15","true","state-displacement"
"2","feedback","20","20","20","0.05","0.25","2","-4","-1.5","160","129","129","19.999999999999993","20","19.999999999999993","-7.105427357601002E-15","3.552713678800501E-16","1.7763568394002505E-15","1.7763568394002505E-15","0","false","false","false","7.105427357601002E-15","true","state-displacement"
"2","feedback","20","20","20","0.05","0.25","2","-4","-1.5","160","130","130","19.999999999999993","20","19.999999999999993","-7.105427357601002E-15","3.552713678800501E-16","1.7763568394002505E-15","1.7763568394002505E-15","0","false","false","false","7.105427357601002E-15","true","state-displacement"
"2","feedback","20","20","20","0.05","0.25","2","-4","-1.5","160","131","131","19.999999999999993","20","19.999999999999993","-7.105427357601002E-15","3.552713678800501E-16","1.7763568394002505E-15","1.7763568394002505E-15","0","false","false","false","7.105427357601002E-15","true","state-displacement"
"2","feedback","20","20","20","0.05","0.25","2","-4","-1.5","160","132","132","19.999999999999993","20","19.999999999999993","-7.105427357601002E-15","3.552713678800501E-16","1.7763568394002505E-15","1.7763568394002505E-15","0","false","false","false","7.105427357601002E-15","true","state-displacement"
"2","feedback","20","20","20","0.05","0.25","2","-4","-1.5","160","133","133","19.999999999999993","20","19.999999999999993","-7.105427357601002E-15","3.552713678800501E-16","1.7763568394002505E-15","1.7763568394002505E-15","0","false","false","false","7.105427357601002E-15","true","state-displacement"
"2","feedback","20","20","20","0.05","0.25","2","-4","-1.5","160","134","134","19.999999999999993","20","19.999999999999993","-7.105427357601002E-15","3.552713678800501E-16","1.7763568394002505E-15","1.7763568394002505E-15","0","false","false","false","7.105427357601002E-15","true","state-displacement"
"2","feedback","20","20","20","0.05","0.25","2","-4","-1.5","160","135","135","19.999999999999993","20","19.999999999999993","-7.105427357601002E-15","3.552713678800501E-16","1.7763568394002505E-15","1.7763568394002505E-15","0","false","false","false","7.105427357601002E-15","true","state-displacement"
"2","feedback","20","20","20","0.05","0.25","2","-4","-1.5","160","136","136","19.999999999999993","20","19.999999999999993","-7.105427357601002E-15","3.552713678800501E-16","1.7763568394002505E-15","1.7763568394002505E-15","0","false","false","false","7.105427357601002E-15","true","state-displacement"
"2","feedback","20","20","20","0.05","0.25","2","-4","-1.5","160","137","137","19.999999999999993","20","19.999999999999993","-7.105427357601002E-15","3.552713678800501E-16","1.7763568394002505E-15","1.7763568394002505E-15","0","false","false","false","7.105427357601002E-15","true","state-displacement"
"2","feedback","20","20","20","0.05","0.25","2","-4","-1.5","160","138","138","19.999999999999993","20","19.999999999999993","-7.105427357601002E-15","3.552713678800501E-16","1.7763568394002505E-15","1.7763568394002505E-15","0","false","false","false","7.105427357601002E-15","true","state-displacement"
"2","feedback","20","20","20","0.05","0.25","2","-4","-1.5","160","139","139","19.999999999999993","20","19.999999999999993","-7.105427357601002E-15","3.552713678800501E-16","1.7763568394002505E-15","1.7763568394002505E-15","0","false","false","false","7.105427357601002E-15","true","state-displacement"
"2","feedback","20","20","20","0.05","0.25","2","-4","-1.5","160","140","140","19.999999999999993","20","19.999999999999993","-7.105427357601002E-15","3.552713678800501E-16","1.7763568394002505E-15","1.7763568394002505E-15","0","false","false","false","7.105427357601002E-15","true","state-displacement"
"2","feedback","20","20","20","0.05","0.25","2","-4","-1.5","160","141","141","19.999999999999993","20","19.999999999999993","-7.105427357601002E-15","3.552713678800501E-16","1.7763568394002505E-15","1.7763568394002505E-15","0","false","false","false","7.105427357601002E-15","true","state-displacement"
"2","feedback","20","20","20","0.05","0.25","2","-4","-1.5","160","142","142","19.999999999999993","20","19.999999999999993","-7.105427357601002E-15","3.552713678800501E-16","1.7763568394002505E-15","1.7763568394002505E-15","0","false","false","false","7.105427357601002E-15","true","state-displacement"
"2","feedback","20","20","20","0.05","0.25","2","-4","-1.5","160","143","143","19.999999999999993","20","19.999999999999993","-7.105427357601002E-15","3.552713678800501E-16","1.7763568394002505E-15","1.7763568394002505E-15","0","false","false","false","7.105427357601002E-15","true","state-displacement"
"2","feedback","20","20","20","0.05","0.25","2","-4","-1.5","160","144","144","19.999999999999993","20","19.999999999999993","-7.105427357601002E-15","3.552713678800501E-16","1.7763568394002505E-15","1.7763568394002505E-15","0","false","false","false","7.105427357601002E-15","true","state-displacement"
"2","feedback","20","20","20","0.05","0.25","2","-4","-1.5","160","145","145","19.999999999999993","20","19.999999999999993","-7.105427357601002E-15","3.552713678800501E-16","1.7763568394002505E-15","1.7763568394002505E-15","0","false","false","false","7.105427357601002E-15","true","state-displacement"
"2","feedback","20","20","20","0.05","0.25","2","-4","-1.5","160","146","146","19.999999999999993","20","19.999999999999993","-7.105427357601002E-15","3.552713678800501E-16","1.7763568394002505E-15","1.7763568394002505E-15","0","false","false","false","7.105427357601002E-15","true","state-displacement"
"2","feedback","20","20","20","0.05","0.25","2","-4","-1.5","160","147","147","19.999999999999993","20","19.999999999999993","-7.105427357601002E-15","3.552713678800501E-16","1.7763568394002505E-15","1.7763568394002505E-15","0","false","false","false","7.105427357601002E-15","true","state-displacement"
"2","feedback","20","20","20","0.05","0.25","2","-4","-1.5","160","148","148","19.999999999999993","20","19.999999999999993","-7.105427357601002E-15","3.552713678800501E-16","1.7763568394002505E-15","1.7763568394002505E-15","0","false","false","false","7.105427357601002E-15","true","state-displacement"
"2","feedback","20","20","20","0.05","0.25","2","-4","-1.5","160","149","149","19.999999999999993","20","19.999999999999993","-7.105427357601002E-15","3.552713678800501E-16","1.7763568394002505E-15","1.7763568394002505E-15","0","false","false","false","7.105427357601002E-15","true","state-displacement"
"2","feedback","20","20","20","0.05","0.25","2","-4","-1.5","160","150","150","19.999999999999993","20","19.999999999999993","-7.105427357601002E-15","3.552713678800501E-16","1.7763568394002505E-15","1.7763568394002505E-15","0","false","false","false","7.105427357601002E-15","true","state-displacement"
"2","feedback","20","20","20","0.05","0.25","2","-4","-1.5","160","151","151","19.999999999999993","20","19.999999999999993","-7.105427357601002E-15","3.552713678800501E-16","1.7763568394002505E-15","1.7763568394002505E-15","0","false","false","false","7.105427357601002E-15","true","state-displacement"
"2","feedback","20","20","20","0.05","0.25","2","-4","-1.5","160","152","152","19.999999999999993","20","19.999999999999993","-7.105427357601002E-15","3.552713678800501E-16","1.7763568394002505E-15","1.7763568394002505E-15","0","false","false","false","7.105427357601002E-15","true","state-displacement"
"2","feedback","20","20","20","0.05","0.25","2","-4","-1.5","160","153","153","19.999999999999993","20","19.999999999999993","-7.105427357601002E-15","3.552713678800501E-16","1.7763568394002505E-15","1.7763568394002505E-15","0","false","false","false","7.105427357601002E-15","true","state-displacement"
"2","feedback","20","20","20","0.05","0.25","2","-4","-1.5","160","154","154","19.999999999999993","20","19.999999999999993","-7.105427357601002E-15","3.552713678800501E-16","1.7763568394002505E-15","1.7763568394002505E-15","0","false","false","false","7.105427357601002E-15","true","state-displacement"
"2","feedback","20","20","20","0.05","0.25","2","-4","-1.5","160","155","155","19.999999999999993","20","19.999999999999993","-7.105427357601002E-15","3.552713678800501E-16","1.7763568394002505E-15","1.7763568394002505E-15","0","false","false","false","7.105427357601002E-15","true","state-displacement"
"2","feedback","20","20","20","0.05","0.25","2","-4","-1.5","160","156","156","19.999999999999993","20","19.999999999999993","-7.105427357601002E-15","3.552713678800501E-16","1.7763568394002505E-15","1.7763568394002505E-15","0","false","false","false","7.105427357601002E-15","true","state-displacement"
"2","feedback","20","20","20","0.05","0.25","2","-4","-1.5","160","157","157","19.999999999999993","20","19.999999999999993","-7.105427357601002E-15","3.552713678800501E-16","1.7763568394002505E-15","1.7763568394002505E-15","0","false","false","false","7.105427357601002E-15","true","state-displacement"
"2","feedback","20","20","20","0.05","0.25","2","-4","-1.5","160","158","158","19.999999999999993","20","19.999999999999993","-7.105427357601002E-15","3.552713678800501E-16","1.7763568394002505E-15","1.7763568394002505E-15","0","false","false","false","7.105427357601002E-15","true","state-displacement"
"2","feedback","20","20","20","0.05","0.25","2","-4","-1.5","160","159","159","19.999999999999993","20","19.999999999999993","-7.105427357601002E-15","3.552713678800501E-16","1.7763568394002505E-15","1.7763568394002505E-15","0","false","false","false","7.105427357601002E-15","true","state-displacement"
"2","feedback","20","20","20","0.05","0.25","2","-4","-1.5","160","160","160","19.999999999999993","20","19.999999999999993","-7.105427357601002E-15","3.552713678800501E-16","1.7763568394002505E-15","1.7763568394002505E-15","0","false","false","false","7.105427357601002E-15","true","state-displacement"
"3","feedback","20","20","20","0.05","0.25","2","4","-1.5","160","0","0","20","20","20","0","0","0","0","0","false","false","false","0","true","setup"
"3","feedback","20","20","20","0.05","0.25","2","4","-1.5","160","1","1","20","20","20","0","0","0","0","0","false","false","false","0","true","setup"
"3","feedback","20","20","20","0.05","0.25","2","4","-1.5","160","2","2","20","20","20","0","0","0","0","0","false","false","false","0","true","setup"
"3","feedback","20","20","20","0.05","0.25","2","4","-1.5","160","3","3","20","20","20","0","0","0","0","0","false","false","false","0","true","setup"
"3","feedback","20","20","20","0.05","0.25","2","4","-1.5","160","4","4","20","20","20","0","0","0","0","0","false","false","false","0","true","setup"
"3","feedback","20","20","20","0.05","0.25","2","4","-1.5","160","5","5","20","20","20","0","0","0","0","0","false","false","false","0","true","setup"
"3","feedback","20","20","20","0.05","0.25","2","4","-1.5","160","6","6","20","20","20","0","0","0","0","0","false","false","false","0","true","setup"
"3","feedback","20","20","20","0.05","0.25","2","4","-1.5","160","7","7","20","20","20","0","0","0","0","0","false","false","false","0","true","setup"
"3","feedback","20","20","20","0.05","0.25","2","4","-1.5","160","8","8","20","20","20","0","0","0","0","0","false","false","false","0","true","setup"
"3","feedback","20","20","20","0.05","0.25","2","4","-1.5","160","9","9","20","20","20","0","0","0","0","0","false","false","false","0","true","setup"
"3","feedback","20","20","20","0.05","0.25","2","4","-1.5","160","10","10","20","20","20","0","0","0","0","0","false","false","false","0","true","setup"
"3","feedback","20","20","20","0.05","0.25","2","4","-1.5","160","11","11","20","20","20","0","0","0","0","0","false","false","false","0","true","setup"
"3","feedback","20","20","20","0.05","0.25","2","4","-1.5","160","12","12","20","20","20","0","0","0","0","0","false","false","false","0","true","setup"
"3","feedback","20","20","20","0.05","0.25","2","4","-1.5","160","13","13","20","20","20","0","0","0","0","0","false","false","false","0","true","setup"
"3","feedback","20","20","20","0.05","0.25","2","4","-1.5","160","14","14","20","20","20","0","0","0","0","0","false","false","false","0","true","setup"
"3","feedback","20","20","20","0.05","0.25","2","4","-1.5","160","15","15","20","20","20","0","0","0","0","0","false","false","false","0","true","setup"
"3","feedback","20","20","20","0.05","0.25","2","4","-1.5","160","16","16","20","20","20","0","0","0","0","0","false","false","false","0","true","setup"
"3","feedback","20","20","20","0.05","0.25","2","4","-1.5","160","17","17","20","20","20","0","0","0","0","0","false","false","false","0","true","setup"
"3","feedback","20","20","20","0.05","0.25","2","4","-1.5","160","18","18","20","20","20","0","0","0","0","0","false","false","false","0","true","setup"
"3","feedback","20","20","20","0.05","0.25","2","4","-1.5","160","19","19","20","20","20","0","0","0","0","0","false","false","false","0","true","setup"
"3","feedback","20","20","20","0.05","0.25","2","4","-1.5","160","20","20","20","20","20","0","0","0","0","0","false","false","false","0","true","setup"
"3","feedback","20","20","20","0.05","0.25","2","4","-1.5","160","21","21","22.8","20","24","4","-0.2","-1","-1","0","false","false","false","2.8000000000000007","true","state-displacement"
"3","feedback","20","20","20","0.05","0.25","2","4","-1.5","160","22","22","21.96","20","22.8","2.8000000000000007","-0.14000000000000004","-0.7000000000000002","-0.7000000000000002","0","false","false","false","1.9600000000000009","true","state-displacement"
"3","feedback","20","20","20","0.05","0.25","2","4","-1.5","160","23","23","21.372","20","21.96","1.9600000000000009","-0.09800000000000005","-0.4900000000000002","-0.4900000000000002","0","false","false","false","1.3719999999999999","true","state-displacement"
"3","feedback","20","20","20","0.05","0.25","2","4","-1.5","160","24","24","20.9604","20","21.372","1.3719999999999999","-0.0686","-0.34299999999999997","-0.34299999999999997","0","false","false","false","0.9603999999999999","true","state-displacement"
"3","feedback","20","20","20","0.05","0.25","2","4","-1.5","160","25","25","20.67228","20","20.9604","0.9603999999999999","-0.04802","-0.24009999999999998","-0.24009999999999998","0","false","false","false","0.6722800000000007","true","state-displacement"
"3","feedback","20","20","20","0.05","0.25","2","4","-1.5","160","26","26","20.470596","20","20.67228","0.6722800000000007","-0.03361400000000003","-0.16807000000000016","-0.16807000000000016","0","false","false","false","0.47059600000000046","true","state-displacement"
"3","feedback","20","20","20","0.05","0.25","2","4","-1.5","160","27","27","20.3294172","20","20.470596","0.47059600000000046","-0.023529800000000024","-0.11764900000000011","-0.11764900000000011","0","false","false","false","0.32941720000000174","true","state-displacement"
"3","feedback","20","20","20","0.05","0.25","2","4","-1.5","160","28","28","20.230592040000005","20","20.3294172","0.32941720000000174","-0.016470860000000087","-0.08235430000000044","-0.08235430000000044","0","false","false","false","0.23059204000000477","true","state-displacement"
"3","feedback","20","20","20","0.05","0.25","2","4","-1.5","160","29","29","20.161414428000004","20","20.230592040000005","0.23059204000000477","-0.01152960200000024","-0.05764801000000119","-0.05764801000000119","0","false","false","false","0.16141442800000405","true","state-displacement"
"3","feedback","20","20","20","0.05","0.25","2","4","-1.5","160","30","30","20.112990099600005","20","20.161414428000004","0.16141442800000405","-0.008070721400000203","-0.04035360700000101","-0.04035360700000101","0","false","false","false","0.11299009960000461","true","state-displacement"
"3","feedback","20","20","20","0.05","0.25","2","4","-1.5","160","31","31","20.079093069720003","20","20.112990099600005","0.11299009960000461","-0.005649504980000231","-0.028247524900001153","-0.028247524900001153","0","false","false","false","0.07909306972000252","true","state-displacement"
"3","feedback","20","20","20","0.05","0.25","2","4","-1.5","160","32","32","20.055365148804","20","20.079093069720003","0.07909306972000252","-0.003954653486000126","-0.01977326743000063","-0.01977326743000063","0","false","false","false","0.05536514880400034","true","state-displacement"
"3","feedback","20","20","20","0.05","0.25","2","4","-1.5","160","33","33","20.0387556041628","20","20.055365148804","0.05536514880400034","-0.002768257440200017","-0.013841287201000085","-0.013841287201000085","0","false","false","false","0.03875560416280166","true","state-displacement"
"3","feedback","20","20","20","0.05","0.25","2","4","-1.5","160","34","34","20.02712892291396","20","20.0387556041628","0.03875560416280166","-0.0019377802081400831","-0.009688901040700415","-0.009688901040700415","0","false","false","false","0.02712892291395974","true","state-displacement"
"3","feedback","20","20","20","0.05","0.25","2","4","-1.5","160","35","35","20.01899024603977","20","20.02712892291396","0.02712892291395974","-0.0013564461456979872","-0.006782230728489935","-0.006782230728489935","0","false","false","false","0.018990246039770398","true","state-displacement"
"3","feedback","20","20","20","0.05","0.25","2","4","-1.5","160","36","36","20.01329317222784","20","20.01899024603977","0.018990246039770398","-9.495123019885199E-4","-0.004747561509942599","-0.004747561509942599","0","false","false","false","0.013293172227839989","true","state-displacement"
"3","feedback","20","20","20","0.05","0.25","2","4","-1.5","160","37","37","20.00930522055949","20","20.01329317222784","0.013293172227839989","-6.646586113919995E-4","-0.003323293056959997","-0.003323293056959997","0","false","false","false","0.009305220559490124","true","state-displacement"
"3","feedback","20","20","20","0.05","0.25","2","4","-1.5","160","38","38","20.00651365439164","20","20.00930522055949","0.009305220559490124","-4.652610279745062E-4","-0.002326305139872531","-0.002326305139872531","0","false","false","false","0.006513654391639534","true","state-displacement"
"3","feedback","20","20","20","0.05","0.25","2","4","-1.5","160","39","39","20.00455955807415","20","20.00651365439164","0.006513654391639534","-3.2568271958197673E-4","-0.0016284135979098835","-0.0016284135979098835","0","false","false","false","0.004559558074149095","true","state-displacement"
"3","feedback","20","20","20","0.05","0.25","2","4","-1.5","160","40","40","20.003191690651903","20","20.00455955807415","0.004559558074149095","-2.2797790370745476E-4","-0.0011398895185372737","-0.0011398895185372737","0","false","false","false","0.0031916906519029453","true","state-displacement"
"3","feedback","20","20","20","0.05","0.25","2","4","-1.5","160","41","41","20.00223418345633","20","20.003191690651903","0.0031916906519029453","-1.595845325951473E-4","-7.979226629757363E-4","-7.979226629757363E-4","0","false","false","false","0.0022341834563306406","true","state-displacement"
"3","feedback","20","20","20","0.05","0.25","2","4","-1.5","160","42","42","20.00156392841943","20","20.00223418345633","0.0022341834563306406","-1.1170917281653204E-4","-5.585458640826602E-4","-5.585458640826602E-4","0","false","false","false","0.0015639284194293168","true","state-displacement"
"3","feedback","20","20","20","0.05","0.25","2","4","-1.5","160","43","43","20.0010947498936","20","20.00156392841943","0.0015639284194293168","-7.819642097146585E-5","-3.909821048573292E-4","-3.909821048573292E-4","0","false","false","false","0.0010947498935998112","true","state-displacement"
"3","feedback","20","20","20","0.05","0.25","2","4","-1.5","160","44","44","20.00076632492552","20","20.0010947498936","0.0010947498935998112","-5.473749467999056E-5","-2.736874733999528E-4","-2.736874733999528E-4","0","false","false","false","7.663249255216442E-4","true","state-displacement"
"3","feedback","20","20","20","0.05","0.25","2","4","-1.5","160","45","45","20.000536427447866","20","20.00076632492552","7.663249255216442E-4","-3.8316246276082214E-5","-1.9158123138041105E-4","-1.9158123138041105E-4","0","false","false","false","5.364274478658615E-4","true","state-displacement"
"3","feedback","20","20","20","0.05","0.25","2","4","-1.5","160","46","46","20.000375499213504","20","20.000536427447866","5.364274478658615E-4","-2.6821372393293075E-5","-1.3410686196646537E-4","-1.3410686196646537E-4","0","false","false","false","3.754992135043267E-4","true","state-displacement"
"3","feedback","20","20","20","0.05","0.25","2","4","-1.5","160","47","47","20.000262849449452","20","20.000375499213504","3.754992135043267E-4","-1.8774960675216335E-5","-9.387480337608167E-5","-9.387480337608167E-5","0","false","false","false","2.6284944945231814E-4","true","state-displacement"
"3","feedback","20","20","20","0.05","0.25","2","4","-1.5","160","48","48","20.000183994614616","20","20.000262849449452","2.6284944945231814E-4","-1.3142472472615907E-5","-6.571236236307954E-5","-6.571236236307954E-5","0","false","false","false","1.8399461461626743E-4","true","state-displacement"
"3","feedback","20","20","20","0.05","0.25","2","4","-1.5","160","49","49","20.000128796230232","20","20.000183994614616","1.8399461461626743E-4","-9.199730730813372E-6","-4.599865365406686E-5","-4.599865365406686E-5","0","false","false","false","1.2879623023209774E-4","true","state-displacement"
"3","feedback","20","20","20","0.05","0.25","2","4","-1.5","160","50","50","20.000090157361164","20","20.000128796230232","1.2879623023209774E-4","-6.439811511604887E-6","-3.2199057558024435E-5","-3.2199057558024435E-5","0","false","false","false","9.015736116424478E-5","true","state-displacement"
"3","feedback","20","20","20","0.05","0.25","2","4","-1.5","160","51","51","20.000063110152816","20","20.000090157361164","9.015736116424478E-5","-4.507868058212239E-6","-2.2539340291061194E-5","-2.2539340291061194E-5","0","false","false","false","6.311015281568189E-5","true","state-displacement"
"3","feedback","20","20","20","0.05","0.25","2","4","-1.5","160","52","52","20.00004417710697","20","20.000063110152816","6.311015281568189E-5","-3.1555076407840945E-6","-1.577753820392047E-5","-1.577753820392047E-5","0","false","false","false","4.417710697168786E-5","true","state-displacement"
"3","feedback","20","20","20","0.05","0.25","2","4","-1.5","160","53","53","20.00003092397488","20","20.00004417710697","4.417710697168786E-5","-2.2088553485843934E-6","-1.1044276742921966E-5","-1.1044276742921966E-5","0","false","false","false","3.092397487947096E-5","true","state-displacement"
"3","feedback","20","20","20","0.05","0.25","2","4","-1.5","160","54","54","20.000021646782418","20","20.00003092397488","3.092397487947096E-5","-1.5461987439735482E-6","-7.73099371986774E-6","-7.73099371986774E-6","0","false","false","false","2.1646782418116572E-5","true","state-displacement"
"3","feedback","20","20","20","0.05","0.25","2","4","-1.5","160","55","55","20.000015152747693","20","20.000021646782418","2.1646782418116572E-5","-1.0823391209058287E-6","-5.411695604529143E-6","-5.411695604529143E-6","0","false","false","false","1.5152747693036872E-5","true","state-displacement"
"3","feedback","20","20","20","0.05","0.25","2","4","-1.5","160","56","56","20.000010606923386","20","20.000015152747693","1.5152747693036872E-5","-7.576373846518437E-7","-3.788186923259218E-6","-3.788186923259218E-6","0","false","false","false","1.0606923385836353E-5","true","state-displacement"
"3","feedback","20","20","20","0.05","0.25","2","4","-1.5","160","57","57","20.00000742484637","20","20.000010606923386","1.0606923385836353E-5","-5.303461692918177E-7","-2.6517308464590883E-6","-2.6517308464590883E-6","0","false","false","false","7.424846369730176E-6","true","state-displacement"
"3","feedback","20","20","20","0.05","0.25","2","4","-1.5","160","58","58","20.000005197392458","20","20.00000742484637","7.424846369730176E-6","-3.712423184865088E-7","-1.856211592432544E-6","-1.856211592432544E-6","0","false","false","false","5.197392457745309E-6","true","state-displacement"
"3","feedback","20","20","20","0.05","0.25","2","4","-1.5","160","59","59","20.00000363817472","20","20.000005197392458","5.197392457745309E-6","-2.5986962288726544E-7","-1.2993481144363273E-6","-1.2993481144363273E-6","0","false","false","false","3.6381747214875304E-6","true","state-displacement"
"3","feedback","20","20","20","0.05","0.25","2","4","-1.5","160","60","60","20.000002546722307","20","20.00000363817472","3.6381747214875304E-6","-1.8190873607437652E-7","-9.095436803718826E-7","-9.095436803718826E-7","0","false","false","false","2.546722306817628E-6","true","state-displacement"
"3","feedback","20","20","20","0.05","0.25","2","4","-1.5","160","61","61","20.000001782705617","20","20.000002546722307","2.546722306817628E-6","-1.273361153408814E-7","-6.36680576704407E-7","-6.36680576704407E-7","0","false","false","false","1.7827056169039679E-6","true","state-displacement"
"3","feedback","20","20","20","0.05","0.25","2","4","-1.5","160","62","62","20.000001247893934","20","20.000001782705617","1.7827056169039679E-6","-8.91352808451984E-8","-4.4567640422599197E-7","-4.4567640422599197E-7","0","false","false","false","1.2478939339644057E-6","true","state-displacement"
"3","feedback","20","20","20","0.05","0.25","2","4","-1.5","160","63","63","20.000000873525753","20","20.000001247893934","1.2478939339644057E-6","-6.239469669822029E-8","-3.1197348349110143E-7","-3.1197348349110143E-7","0","false","false","false","8.735257530645413E-7","true","state-displacement"
"3","feedback","20","20","20","0.05","0.25","2","4","-1.5","160","64","64","20.000000611468028","20","20.000000873525753","8.735257530645413E-7","-4.3676287653227067E-8","-2.1838143826613532E-7","-2.1838143826613532E-7","0","false","false","false","6.11468028210993E-7","true","state-displacement"
"3","feedback","20","20","20","0.05","0.25","2","4","-1.5","160","65","65","20.000000428027622","20","20.000000611468028","6.11468028210993E-7","-3.0573401410549654E-8","-1.5286700705274825E-7","-1.5286700705274825E-7","0","false","false","false","4.2802762223459467E-7","true","state-displacement"
"3","feedback","20","20","20","0.05","0.25","2","4","-1.5","160","66","66","20.000000299619337","20","20.000000428027622","4.2802762223459467E-7","-2.1401381111729734E-8","-1.0700690555864867E-7","-1.0700690555864867E-7","0","false","false","false","2.996193373405731E-7","true","state-displacement"
"3","feedback","20","20","20","0.05","0.25","2","4","-1.5","160","67","67","20.000000209733535","20","20.000000299619337","2.996193373405731E-7","-1.4980966867028655E-8","-7.490483433514328E-8","-7.490483433514328E-8","0","false","false","false","2.0973353542785844E-7","true","state-displacement"
"3","feedback","20","20","20","0.05","0.25","2","4","-1.5","160","68","68","20.000000146813477","20","20.000000209733535","2.0973353542785844E-7","-1.0486676771392922E-8","-5.243338385696461E-8","-5.243338385696461E-8","0","false","false","false","1.4681347693112912E-7","true","state-displacement"
"3","feedback","20","20","20","0.05","0.25","2","4","-1.5","160","69","69","20.000000102769434","20","20.000000146813477","1.4681347693112912E-7","-7.340673846556456E-9","-3.670336923278228E-8","-3.670336923278228E-8","0","false","false","false","1.0276943385179038E-7","true","state-displacement"
"3","feedback","20","20","20","0.05","0.25","2","4","-1.5","160","70","70","20.000000071938604","20","20.000000102769434","1.0276943385179038E-7","-5.13847169258952E-9","-2.5692358462947595E-8","-2.5692358462947595E-8","0","false","false","false","7.1938604406796E-8","true","state-displacement"
"3","feedback","20","20","20","0.05","0.25","2","4","-1.5","160","71","71","20.000000050357023","20","20.000000071938604","7.1938604406796E-8","-3.5969302203398005E-9","-1.7984651101699E-8","-1.7984651101699E-8","0","false","false","false","5.035702344002857E-8","true","state-displacement"
"3","feedback","20","20","20","0.05","0.25","2","4","-1.5","160","72","72","20.00000003524992","20","20.000000050357023","5.035702344002857E-8","-2.517851172001429E-9","-1.2589255860007142E-8","-1.2589255860007142E-8","0","false","false","false","3.5249918539648206E-8","true","state-displacement"
"3","feedback","20","20","20","0.05","0.25","2","4","-1.5","160","73","73","20.000000024674947","20","20.00000003524992","3.5249918539648206E-8","-1.7624959269824103E-9","-8.812479634912052E-9","-8.812479634912052E-9","0","false","false","false","2.4674946530467423E-8","true","state-displacement"
"3","feedback","20","20","20","0.05","0.25","2","4","-1.5","160","74","74","20.000000017272463","20","20.000000024674947","2.4674946530467423E-8","-1.2337473265233712E-9","-6.168736632616856E-9","-6.168736632616856E-9","0","false","false","false","1.7272462571327196E-8","true","state-displacement"
"3","feedback","20","20","20","0.05","0.25","2","4","-1.5","160","75","75","20.000000012090723","20","20.000000017272463","1.7272462571327196E-8","-8.636231285663599E-10","-4.318115642831799E-9","-4.318115642831799E-9","0","false","false","false","1.2090723089386302E-8","true","state-displacement"
"3","feedback","20","20","20","0.05","0.25","2","4","-1.5","160","76","76","20.000000008463505","20","20.000000012090723","1.2090723089386302E-8","-6.045361544693151E-10","-3.0226807723465754E-9","-3.0226807723465754E-9","0","false","false","false","8.463505452027675E-9","true","state-displacement"
"3","feedback","20","20","20","0.05","0.25","2","4","-1.5","160","77","77","20.000000005924456","20","20.000000008463505","8.463505452027675E-9","-4.2317527260138377E-10","-2.115876363006919E-9","-2.115876363006919E-9","0","false","false","false","5.924455592776212E-9","true","state-displacement"
"3","feedback","20","20","20","0.05","0.25","2","4","-1.5","160","78","78","20.000000004147118","20","20.000000005924456","5.924455592776212E-9","-2.962227796388106E-10","-1.481113898194053E-9","-1.481113898194053E-9","0","false","false","false","4.147118204400613E-9","true","state-displacement"
"3","feedback","20","20","20","0.05","0.25","2","4","-1.5","160","79","79","20.00000000290298","20","20.000000004147118","4.147118204400613E-9","-2.0735591022003064E-10","-1.0367795511001532E-9","-1.0367795511001532E-9","0","false","false","false","2.90297919036675E-9","true","state-displacement"
"3","feedback","20","20","20","0.05","0.25","2","4","-1.5","160","80","80","20.000000002032085","20","20.00000000290298","2.90297919036675E-9","-1.4514895951833752E-10","-7.257447975916875E-10","-7.257447975916875E-10","0","false","false","false","2.0320847227139893E-9","true","state-displacement"
"3","feedback","20","20","20","0.05","0.25","2","4","-1.5","160","81","81","20.00000000142246","20","20.000000002032085","2.0320847227139893E-9","-1.0160423613569948E-10","-5.080211806784973E-10","-5.080211806784973E-10","0","false","false","false","1.4224603717138962E-9","true","state-displacement"
"3","feedback","20","20","20","0.05","0.25","2","4","-1.5","160","82","82","20.000000000995723","20","20.00000000142246","1.4224603717138962E-9","-7.112301858569482E-11","-3.5561509292847404E-10","-3.5561509292847404E-10","0","false","false","false","9.957226154710952E-10","true","state-displacement"
"3","feedback","20","20","20","0.05","0.25","2","4","-1.5","160","83","83","20.000000000697003","20","20.000000000995723","9.957226154710952E-10","-4.9786130773554764E-11","-2.489306538677738E-10","-2.489306538677738E-10","0","false","false","false","6.970033439301915E-10","true","state-displacement"
"3","feedback","20","20","20","0.05","0.25","2","4","-1.5","160","84","84","20.000000000487905","20","20.000000000697003","6.970033439301915E-10","-3.4850167196509576E-11","-1.7425083598254787E-10","-1.7425083598254787E-10","0","false","false","false","4.879048276507092E-10","true","state-displacement"
"3","feedback","20","20","20","0.05","0.25","2","4","-1.5","160","85","85","20.000000000341533","20","20.000000000487905","4.879048276507092E-10","-2.4395241382535462E-11","-1.219762069126773E-10","-1.219762069126773E-10","0","false","false","false","3.4153302408412856E-10","true","state-displacement"
"3","feedback","20","20","20","0.05","0.25","2","4","-1.5","160","86","86","20.000000000239073","20","20.000000000341533","3.4153302408412856E-10","-1.707665120420643E-11","-8.538325602103214E-11","-8.538325602103214E-11","0","false","false","false","2.390727615875221E-10","true","state-displacement"
"3","feedback","20","20","20","0.05","0.25","2","4","-1.5","160","87","87","20.00000000016735","20","20.000000000239073","2.390727615875221E-10","-1.1953638079376106E-11","-5.976819039688053E-11","-5.976819039688053E-11","0","false","false","false","1.673505778398976E-10","true","state-displacement"
"3","feedback","20","20","20","0.05","0.25","2","4","-1.5","160","88","88","20.000000000117147","20","20.00000000016735","1.673505778398976E-10","-8.36752889199488E-12","-4.18376444599744E-11","-4.18376444599744E-11","0","false","false","false","1.1714718084476772E-10","true","state-displacement"
"3","feedback","20","20","20","0.05","0.25","2","4","-1.5","160","89","89","20.000000000082004","20","20.000000000117147","1.1714718084476772E-10","-5.857359042238386E-12","-2.928679521119193E-11","-2.928679521119193E-11","0","false","false","false","8.200373713407316E-11","true","state-displacement"
"3","feedback","20","20","20","0.05","0.25","2","4","-1.5","160","90","90","20.000000000057405","20","20.000000000082004","8.200373713407316E-11","-4.100186856703659E-12","-2.050093428351829E-11","-2.050093428351829E-11","0","false","false","false","5.7404747622058494E-11","true","state-displacement"
"3","feedback","20","20","20","0.05","0.25","2","4","-1.5","160","91","91","20.00000000004018","20","20.000000000057405","5.7404747622058494E-11","-2.870237381102925E-12","-1.4351186905514624E-11","-1.4351186905514624E-11","0","false","false","false","4.0181191707233666E-11","true","state-displacement"
"3","feedback","20","20","20","0.05","0.25","2","4","-1.5","160","92","92","20.000000000028123","20","20.00000000004018","4.0181191707233666E-11","-2.0090595853616833E-12","-1.0045297926808416E-11","-1.0045297926808416E-11","0","false","false","false","2.8123281481384765E-11","true","state-displacement"
"3","feedback","20","20","20","0.05","0.25","2","4","-1.5","160","93","93","20.000000000019686","20","20.000000000028123","2.8123281481384765E-11","-1.4061640740692383E-12","-7.030820370346191E-12","-7.030820370346191E-12","0","false","false","false","1.9685586494233576E-11","true","state-displacement"
"3","feedback","20","20","20","0.05","0.25","2","4","-1.5","160","94","94","20.00000000001378","20","20.000000000019686","1.9685586494233576E-11","-9.842793247116788E-13","-4.921396623558394E-12","-4.921396623558394E-12","0","false","false","false","1.3780976360067143E-11","true","state-displacement"
"3","feedback","20","20","20","0.05","0.25","2","4","-1.5","160","95","95","20.000000000009646","20","20.00000000001378","1.3780976360067143E-11","-6.890488180033572E-13","-3.4452440900167858E-12","-3.4452440900167858E-12","0","false","false","false","9.64561763794336E-12","true","state-displacement"
"3","feedback","20","20","20","0.05","0.25","2","4","-1.5","160","96","96","20.00000000000675","20","20.000000000009646","9.64561763794336E-12","-4.82280881897168E-13","-2.41140440948584E-12","-2.41140440948584E-12","0","false","false","false","6.750155989720952E-12","true","state-displacement"
"3","feedback","20","20","20","0.05","0.25","2","4","-1.5","160","97","97","20.000000000004725","20","20.00000000000675","6.750155989720952E-12","-3.375077994860476E-13","-1.687538997430238E-12","-1.687538997430238E-12","0","false","false","false","4.725109192804666E-12","true","state-displacement"
"3","feedback","20","20","20","0.05","0.25","2","4","-1.5","160","98","98","20.00000000000331","20","20.000000000004725","4.725109192804666E-12","-2.362554596402333E-13","-1.1812772982011666E-12","-1.1812772982011666E-12","0","false","false","false","3.311129148642067E-12","true","state-displacement"
"3","feedback","20","20","20","0.05","0.25","2","4","-1.5","160","99","99","20.000000000002316","20","20.00000000000331","3.311129148642067E-12","-1.6555645743210335E-13","-8.277822871605167E-13","-8.277822871605167E-13","0","false","false","false","2.3163693185779266E-12","true","state-displacement"
"3","feedback","20","20","20","0.05","0.25","2","4","-1.5","160","100","100","20.00000000000162","20","20.000000000002316","2.3163693185779266E-12","-1.1581846592889634E-13","-5.790923296444817E-13","-5.790923296444817E-13","0","false","false","false","1.6200374375330284E-12","true","state-displacement"
"3","feedback","20","20","20","0.05","0.25","2","4","-1.5","160","101","101","20.000000000001133","20","20.00000000000162","1.6200374375330284E-12","-8.100187187665142E-14","-4.050093593832571E-13","-4.050093593832571E-13","0","false","false","false","1.1333156635373598E-12","true","state-displacement"
"3","feedback","20","20","20","0.05","0.25","2","4","-1.5","160","102","102","20.000000000000792","20","20.000000000001133","1.1333156635373598E-12","-5.6665783176867994E-14","-2.8332891588433995E-13","-2.8332891588433995E-13","0","false","false","false","7.922551503725117E-13","true","state-displacement"
"3","feedback","20","20","20","0.05","0.25","2","4","-1.5","160","103","103","20.000000000000554","20","20.000000000000792","7.922551503725117E-13","-3.9612757518625587E-14","-1.9806378759312793E-13","-1.9806378759312793E-13","0","false","false","false","5.542233338928781E-13","true","state-displacement"
"3","feedback","20","20","20","0.05","0.25","2","4","-1.5","160","104","104","20.000000000000387","20","20.000000000000554","5.542233338928781E-13","-2.771116669464391E-14","-1.3855583347321954E-13","-1.3855583347321954E-13","0","false","false","false","3.872457909892546E-13","true","state-displacement"
"3","feedback","20","20","20","0.05","0.25","2","4","-1.5","160","105","105","20.000000000000274","20","20.000000000000387","3.872457909892546E-13","-1.936228954946273E-14","-9.681144774731365E-14","-9.681144774731365E-14","0","false","false","false","2.7355895326763857E-13","true","state-displacement"
"3","feedback","20","20","20","0.05","0.25","2","4","-1.5","160","106","106","20.000000000000192","20","20.000000000000274","2.7355895326763857E-13","-1.3677947663381929E-14","-6.838973831690964E-14","-6.838973831690964E-14","0","false","false","false","1.9184653865522705E-13","true","state-displacement"
"3","feedback","20","20","20","0.05","0.25","2","4","-1.5","160","107","107","20.000000000000135","20","20.000000000000192","1.9184653865522705E-13","-9.592326932761353E-15","-4.796163466380676E-14","-4.796163466380676E-14","0","false","false","false","1.3500311979441904E-13","true","state-displacement"
"3","feedback","20","20","20","0.05","0.25","2","4","-1.5","160","108","108","20.000000000000092","20","20.000000000000135","1.3500311979441904E-13","-6.750155989720952E-15","-3.375077994860476E-14","-3.375077994860476E-14","0","false","false","false","9.237055564881302E-14","true","state-displacement"
"3","feedback","20","20","20","0.05","0.25","2","4","-1.5","160","109","109","20.000000000000064","20","20.000000000000092","9.237055564881302E-14","-4.618527782440651E-15","-2.3092638912203256E-14","-2.3092638912203256E-14","0","false","false","false","6.394884621840902E-14","true","state-displacement"
"3","feedback","20","20","20","0.05","0.25","2","4","-1.5","160","110","110","20.000000000000043","20","20.000000000000064","6.394884621840902E-14","-3.197442310920451E-15","-1.5987211554602254E-14","-1.5987211554602254E-14","0","false","false","false","4.263256414560601E-14","true","state-displacement"
"3","feedback","20","20","20","0.05","0.25","2","4","-1.5","160","111","111","20.00000000000003","20","20.000000000000043","4.263256414560601E-14","-2.131628207280301E-15","-1.0658141036401503E-14","-1.0658141036401503E-14","0","false","false","false","2.842170943040401E-14","true","state-displacement"
"3","feedback","20","20","20","0.05","0.25","2","4","-1.5","160","112","112","20.00000000000002","20","20.00000000000003","2.842170943040401E-14","-1.4210854715202005E-15","-7.105427357601002E-15","-7.105427357601002E-15","0","false","false","false","2.1316282072803006E-14","true","state-displacement"
"3","feedback","20","20","20","0.05","0.25","2","4","-1.5","160","113","113","20.000000000000014","20","20.00000000000002","2.1316282072803006E-14","-1.0658141036401504E-15","-5.329070518200751E-15","-5.329070518200751E-15","0","false","false","false","1.4210854715202004E-14","true","state-displacement"
"3","feedback","20","20","20","0.05","0.25","2","4","-1.5","160","114","114","20.00000000000001","20","20.000000000000014","1.4210854715202004E-14","-7.105427357601002E-16","-3.552713678800501E-15","-3.552713678800501E-15","0","false","false","false","1.0658141036401503E-14","true","state-displacement"
"3","feedback","20","20","20","0.05","0.25","2","4","-1.5","160","115","115","20.000000000000007","20","20.00000000000001","1.0658141036401503E-14","-5.329070518200752E-16","-2.6645352591003757E-15","-2.6645352591003757E-15","0","false","false","false","7.105427357601002E-15","true","state-displacement"
"3","feedback","20","20","20","0.05","0.25","2","4","-1.5","160","116","116","20.000000000000007","20","20.000000000000007","7.105427357601002E-15","-3.552713678800501E-16","-1.7763568394002505E-15","-1.7763568394002505E-15","0","false","false","false","7.105427357601002E-15","true","state-displacement"
"3","feedback","20","20","20","0.05","0.25","2","4","-1.5","160","117","117","20.000000000000007","20","20.000000000000007","7.105427357601002E-15","-3.552713678800501E-16","-1.7763568394002505E-15","-1.7763568394002505E-15","0","false","false","false","7.105427357601002E-15","true","state-displacement"
"3","feedback","20","20","20","0.05","0.25","2","4","-1.5","160","118","118","20.000000000000007","20","20.000000000000007","7.105427357601002E-15","-3.552713678800501E-16","-1.7763568394002505E-15","-1.7763568394002505E-15","0","false","false","false","7.105427357601002E-15","true","state-displacement"
"3","feedback","20","20","20","0.05","0.25","2","4","-1.5","160","119","119","20.000000000000007","20","20.000000000000007","7.105427357601002E-15","-3.552713678800501E-16","-1.7763568394002505E-15","-1.7763568394002505E-15","0","false","false","false","7.105427357601002E-15","true","state-displacement"
"3","feedback","20","20","20","0.05","0.25","2","4","-1.5","160","120","120","20.000000000000007","20","20.000000000000007","7.105427357601002E-15","-3.552713678800501E-16","-1.7763568394002505E-15","-1.7763568394002505E-15","0","false","false","false","7.105427357601002E-15","true","state-displacement"
"3","feedback","20","20","20","0.05","0.25","2","4","-1.5","160","121","121","20.000000000000007","20","20.000000000000007","7.105427357601002E-15","-3.552713678800501E-16","-1.7763568394002505E-15","-1.7763568394002505E-15","0","false","false","false","7.105427357601002E-15","true","state-displacement"
"3","feedback","20","20","20","0.05","0.25","2","4","-1.5","160","122","122","20.000000000000007","20","20.000000000000007","7.105427357601002E-15","-3.552713678800501E-16","-1.7763568394002505E-15","-1.7763568394002505E-15","0","false","false","false","7.105427357601002E-15","true","state-displacement"
"3","feedback","20","20","20","0.05","0.25","2","4","-1.5","160","123","123","20.000000000000007","20","20.000000000000007","7.105427357601002E-15","-3.552713678800501E-16","-1.7763568394002505E-15","-1.7763568394002505E-15","0","false","false","false","7.105427357601002E-15","true","state-displacement"
"3","feedback","20","20","20","0.05","0.25","2","4","-1.5","160","124","124","20.000000000000007","20","20.000000000000007","7.105427357601002E-15","-3.552713678800501E-16","-1.7763568394002505E-15","-1.7763568394002505E-15","0","false","false","false","7.105427357601002E-15","true","state-displacement"
"3","feedback","20","20","20","0.05","0.25","2","4","-1.5","160","125","125","20.000000000000007","20","20.000000000000007","7.105427357601002E-15","-3.552713678800501E-16","-1.7763568394002505E-15","-1.7763568394002505E-15","0","false","false","false","7.105427357601002E-15","true","state-displacement"
"3","feedback","20","20","20","0.05","0.25","2","4","-1.5","160","126","126","20.000000000000007","20","20.000000000000007","7.105427357601002E-15","-3.552713678800501E-16","-1.7763568394002505E-15","-1.7763568394002505E-15","0","false","false","false","7.105427357601002E-15","true","state-displacement"
"3","feedback","20","20","20","0.05","0.25","2","4","-1.5","160","127","127","20.000000000000007","20","20.000000000000007","7.105427357601002E-15","-3.552713678800501E-16","-1.7763568394002505E-15","-1.7763568394002505E-15","0","false","false","false","7.105427357601002E-15","true","state-displacement"
"3","feedback","20","20","20","0.05","0.25","2","4","-1.5","160","128","128","20.000000000000007","20","20.000000000000007","7.105427357601002E-15","-3.552713678800501E-16","-1.7763568394002505E-15","-1.7763568394002505E-15","0","false","false","false","7.105427357601002E-15","true","state-displacement"
"3","feedback","20","20","20","0.05","0.25","2","4","-1.5","160","129","129","20.000000000000007","20","20.000000000000007","7.105427357601002E-15","-3.552713678800501E-16","-1.7763568394002505E-15","-1.7763568394002505E-15","0","false","false","false","7.105427357601002E-15","true","state-displacement"
"3","feedback","20","20","20","0.05","0.25","2","4","-1.5","160","130","130","20.000000000000007","20","20.000000000000007","7.105427357601002E-15","-3.552713678800501E-16","-1.7763568394002505E-15","-1.7763568394002505E-15","0","false","false","false","7.105427357601002E-15","true","state-displacement"
"3","feedback","20","20","20","0.05","0.25","2","4","-1.5","160","131","131","20.000000000000007","20","20.000000000000007","7.105427357601002E-15","-3.552713678800501E-16","-1.7763568394002505E-15","-1.7763568394002505E-15","0","false","false","false","7.105427357601002E-15","true","state-displacement"
"3","feedback","20","20","20","0.05","0.25","2","4","-1.5","160","132","132","20.000000000000007","20","20.000000000000007","7.105427357601002E-15","-3.552713678800501E-16","-1.7763568394002505E-15","-1.7763568394002505E-15","0","false","false","false","7.105427357601002E-15","true","state-displacement"
"3","feedback","20","20","20","0.05","0.25","2","4","-1.5","160","133","133","20.000000000000007","20","20.000000000000007","7.105427357601002E-15","-3.552713678800501E-16","-1.7763568394002505E-15","-1.7763568394002505E-15","0","false","false","false","7.105427357601002E-15","true","state-displacement"
"3","feedback","20","20","20","0.05","0.25","2","4","-1.5","160","134","134","20.000000000000007","20","20.000000000000007","7.105427357601002E-15","-3.552713678800501E-16","-1.7763568394002505E-15","-1.7763568394002505E-15","0","false","false","false","7.105427357601002E-15","true","state-displacement"
"3","feedback","20","20","20","0.05","0.25","2","4","-1.5","160","135","135","20.000000000000007","20","20.000000000000007","7.105427357601002E-15","-3.552713678800501E-16","-1.7763568394002505E-15","-1.7763568394002505E-15","0","false","false","false","7.105427357601002E-15","true","state-displacement"
"3","feedback","20","20","20","0.05","0.25","2","4","-1.5","160","136","136","20.000000000000007","20","20.000000000000007","7.105427357601002E-15","-3.552713678800501E-16","-1.7763568394002505E-15","-1.7763568394002505E-15","0","false","false","false","7.105427357601002E-15","true","state-displacement"
"3","feedback","20","20","20","0.05","0.25","2","4","-1.5","160","137","137","20.000000000000007","20","20.000000000000007","7.105427357601002E-15","-3.552713678800501E-16","-1.7763568394002505E-15","-1.7763568394002505E-15","0","false","false","false","7.105427357601002E-15","true","state-displacement"
"3","feedback","20","20","20","0.05","0.25","2","4","-1.5","160","138","138","20.000000000000007","20","20.000000000000007","7.105427357601002E-15","-3.552713678800501E-16","-1.7763568394002505E-15","-1.7763568394002505E-15","0","false","false","false","7.105427357601002E-15","true","state-displacement"
"3","feedback","20","20","20","0.05","0.25","2","4","-1.5","160","139","139","20.000000000000007","20","20.000000000000007","7.105427357601002E-15","-3.552713678800501E-16","-1.7763568394002505E-15","-1.7763568394002505E-15","0","false","false","false","7.105427357601002E-15","true","state-displacement"
"3","feedback","20","20","20","0.05","0.25","2","4","-1.5","160","140","140","20.000000000000007","20","20.000000000000007","7.105427357601002E-15","-3.552713678800501E-16","-1.7763568394002505E-15","-1.7763568394002505E-15","0","false","false","false","7.105427357601002E-15","true","state-displacement"
"3","feedback","20","20","20","0.05","0.25","2","4","-1.5","160","141","141","20.000000000000007","20","20.000000000000007","7.105427357601002E-15","-3.552713678800501E-16","-1.7763568394002505E-15","-1.7763568394002505E-15","0","false","false","false","7.105427357601002E-15","true","state-displacement"
"3","feedback","20","20","20","0.05","0.25","2","4","-1.5","160","142","142","20.000000000000007","20","20.000000000000007","7.105427357601002E-15","-3.552713678800501E-16","-1.7763568394002505E-15","-1.7763568394002505E-15","0","false","false","false","7.105427357601002E-15","true","state-displacement"
"3","feedback","20","20","20","0.05","0.25","2","4","-1.5","160","143","143","20.000000000000007","20","20.000000000000007","7.105427357601002E-15","-3.552713678800501E-16","-1.7763568394002505E-15","-1.7763568394002505E-15","0","false","false","false","7.105427357601002E-15","true","state-displacement"
"3","feedback","20","20","20","0.05","0.25","2","4","-1.5","160","144","144","20.000000000000007","20","20.000000000000007","7.105427357601002E-15","-3.552713678800501E-16","-1.7763568394002505E-15","-1.7763568394002505E-15","0","false","false","false","7.105427357601002E-15","true","state-displacement"
"3","feedback","20","20","20","0.05","0.25","2","4","-1.5","160","145","145","20.000000000000007","20","20.000000000000007","7.105427357601002E-15","-3.552713678800501E-16","-1.7763568394002505E-15","-1.7763568394002505E-15","0","false","false","false","7.105427357601002E-15","true","state-displacement"
"3","feedback","20","20","20","0.05","0.25","2","4","-1.5","160","146","146","20.000000000000007","20","20.000000000000007","7.105427357601002E-15","-3.552713678800501E-16","-1.7763568394002505E-15","-1.7763568394002505E-15","0","false","false","false","7.105427357601002E-15","true","state-displacement"
"3","feedback","20","20","20","0.05","0.25","2","4","-1.5","160","147","147","20.000000000000007","20","20.000000000000007","7.105427357601002E-15","-3.552713678800501E-16","-1.7763568394002505E-15","-1.7763568394002505E-15","0","false","false","false","7.105427357601002E-15","true","state-displacement"
"3","feedback","20","20","20","0.05","0.25","2","4","-1.5","160","148","148","20.000000000000007","20","20.000000000000007","7.105427357601002E-15","-3.552713678800501E-16","-1.7763568394002505E-15","-1.7763568394002505E-15","0","false","false","false","7.105427357601002E-15","true","state-displacement"
"3","feedback","20","20","20","0.05","0.25","2","4","-1.5","160","149","149","20.000000000000007","20","20.000000000000007","7.105427357601002E-15","-3.552713678800501E-16","-1.7763568394002505E-15","-1.7763568394002505E-15","0","false","false","false","7.105427357601002E-15","true","state-displacement"
"3","feedback","20","20","20","0.05","0.25","2","4","-1.5","160","150","150","20.000000000000007","20","20.000000000000007","7.105427357601002E-15","-3.552713678800501E-16","-1.7763568394002505E-15","-1.7763568394002505E-15","0","false","false","false","7.105427357601002E-15","true","state-displacement"
"3","feedback","20","20","20","0.05","0.25","2","4","-1.5","160","151","151","20.000000000000007","20","20.000000000000007","7.105427357601002E-15","-3.552713678800501E-16","-1.7763568394002505E-15","-1.7763568394002505E-15","0","false","false","false","7.105427357601002E-15","true","state-displacement"
"3","feedback","20","20","20","0.05","0.25","2","4","-1.5","160","152","152","20.000000000000007","20","20.000000000000007","7.105427357601002E-15","-3.552713678800501E-16","-1.7763568394002505E-15","-1.7763568394002505E-15","0","false","false","false","7.105427357601002E-15","true","state-displacement"
"3","feedback","20","20","20","0.05","0.25","2","4","-1.5","160","153","153","20.000000000000007","20","20.000000000000007","7.105427357601002E-15","-3.552713678800501E-16","-1.7763568394002505E-15","-1.7763568394002505E-15","0","false","false","false","7.105427357601002E-15","true","state-displacement"
"3","feedback","20","20","20","0.05","0.25","2","4","-1.5","160","154","154","20.000000000000007","20","20.000000000000007","7.105427357601002E-15","-3.552713678800501E-16","-1.7763568394002505E-15","-1.7763568394002505E-15","0","false","false","false","7.105427357601002E-15","true","state-displacement"
"3","feedback","20","20","20","0.05","0.25","2","4","-1.5","160","155","155","20.000000000000007","20","20.000000000000007","7.105427357601002E-15","-3.552713678800501E-16","-1.7763568394002505E-15","-1.7763568394002505E-15","0","false","false","false","7.105427357601002E-15","true","state-displacement"
"3","feedback","20","20","20","0.05","0.25","2","4","-1.5","160","156","156","20.000000000000007","20","20.000000000000007","7.105427357601002E-15","-3.552713678800501E-16","-1.7763568394002505E-15","-1.7763568394002505E-15","0","false","false","false","7.105427357601002E-15","true","state-displacement"
"3","feedback","20","20","20","0.05","0.25","2","4","-1.5","160","157","157","20.000000000000007","20","20.000000000000007","7.105427357601002E-15","-3.552713678800501E-16","-1.7763568394002505E-15","-1.7763568394002505E-15","0","false","false","false","7.105427357601002E-15","true","state-displacement"
"3","feedback","20","20","20","0.05","0.25","2","4","-1.5","160","158","158","20.000000000000007","20","20.000000000000007","7.105427357601002E-15","-3.552713678800501E-16","-1.7763568394002505E-15","-1.7763568394002505E-15","0","false","false","false","7.105427357601002E-15","true","state-displacement"
"3","feedback","20","20","20","0.05","0.25","2","4","-1.5","160","159","159","20.000000000000007","20","20.000000000000007","7.105427357601002E-15","-3.552713678800501E-16","-1.7763568394002505E-15","-1.7763568394002505E-15","0","false","false","false","7.105427357601002E-15","true","state-displacement"
"3","feedback","20","20","20","0.05","0.25","2","4","-1.5","160","160","160","20.000000000000007","20","20.000000000000007","7.105427357601002E-15","-3.552713678800501E-16","-1.7763568394002505E-15","-1.7763568394002505E-15","0","false","false","false","7.105427357601002E-15","true","state-displacement"
"4","feedback","20","20","20","0.05","0.25","2","8","-1.5","160","0","0","20","20","20","0","0","0","0","0","false","false","false","0","true","setup"
"4","feedback","20","20","20","0.05","0.25","2","8","-1.5","160","1","1","20","20","20","0","0","0","0","0","false","false","false","0","true","setup"
"4","feedback","20","20","20","0.05","0.25","2","8","-1.5","160","2","2","20","20","20","0","0","0","0","0","false","false","false","0","true","setup"
"4","feedback","20","20","20","0.05","0.25","2","8","-1.5","160","3","3","20","20","20","0","0","0","0","0","false","false","false","0","true","setup"
"4","feedback","20","20","20","0.05","0.25","2","8","-1.5","160","4","4","20","20","20","0","0","0","0","0","false","false","false","0","true","setup"
"4","feedback","20","20","20","0.05","0.25","2","8","-1.5","160","5","5","20","20","20","0","0","0","0","0","false","false","false","0","true","setup"
"4","feedback","20","20","20","0.05","0.25","2","8","-1.5","160","6","6","20","20","20","0","0","0","0","0","false","false","false","0","true","setup"
"4","feedback","20","20","20","0.05","0.25","2","8","-1.5","160","7","7","20","20","20","0","0","0","0","0","false","false","false","0","true","setup"
"4","feedback","20","20","20","0.05","0.25","2","8","-1.5","160","8","8","20","20","20","0","0","0","0","0","false","false","false","0","true","setup"
"4","feedback","20","20","20","0.05","0.25","2","8","-1.5","160","9","9","20","20","20","0","0","0","0","0","false","false","false","0","true","setup"
"4","feedback","20","20","20","0.05","0.25","2","8","-1.5","160","10","10","20","20","20","0","0","0","0","0","false","false","false","0","true","setup"
"4","feedback","20","20","20","0.05","0.25","2","8","-1.5","160","11","11","20","20","20","0","0","0","0","0","false","false","false","0","true","setup"
"4","feedback","20","20","20","0.05","0.25","2","8","-1.5","160","12","12","20","20","20","0","0","0","0","0","false","false","false","0","true","setup"
"4","feedback","20","20","20","0.05","0.25","2","8","-1.5","160","13","13","20","20","20","0","0","0","0","0","false","false","false","0","true","setup"
"4","feedback","20","20","20","0.05","0.25","2","8","-1.5","160","14","14","20","20","20","0","0","0","0","0","false","false","false","0","true","setup"
"4","feedback","20","20","20","0.05","0.25","2","8","-1.5","160","15","15","20","20","20","0","0","0","0","0","false","false","false","0","true","setup"
"4","feedback","20","20","20","0.05","0.25","2","8","-1.5","160","16","16","20","20","20","0","0","0","0","0","false","false","false","0","true","setup"
"4","feedback","20","20","20","0.05","0.25","2","8","-1.5","160","17","17","20","20","20","0","0","0","0","0","false","false","false","0","true","setup"
"4","feedback","20","20","20","0.05","0.25","2","8","-1.5","160","18","18","20","20","20","0","0","0","0","0","false","false","false","0","true","setup"
"4","feedback","20","20","20","0.05","0.25","2","8","-1.5","160","19","19","20","20","20","0","0","0","0","0","false","false","false","0","true","setup"
"4","feedback","20","20","20","0.05","0.25","2","8","-1.5","160","20","20","20","20","20","0","0","0","0","0","false","false","false","0","true","setup"
"4","feedback","20","20","20","0.05","0.25","2","8","-1.5","160","21","21","25.6","20","28","8","-0.4","-2","-2","0","false","false","false","5.600000000000001","true","state-displacement"
"4","feedback","20","20","20","0.05","0.25","2","8","-1.5","160","22","22","23.92","20","25.6","5.600000000000001","-0.2800000000000001","-1.4000000000000004","-1.4000000000000004","0","false","false","false","3.9200000000000017","true","state-displacement"
"4","feedback","20","20","20","0.05","0.25","2","8","-1.5","160","23","23","22.744","20","23.92","3.9200000000000017","-0.1960000000000001","-0.9800000000000004","-0.9800000000000004","0","false","false","false","2.7439999999999998","true","state-displacement"
"4","feedback","20","20","20","0.05","0.25","2","8","-1.5","160","24","24","21.9208","20","22.744","2.7439999999999998","-0.1372","-0.6859999999999999","-0.6859999999999999","0","false","false","false","1.9207999999999998","true","state-displacement"
"4","feedback","20","20","20","0.05","0.25","2","8","-1.5","160","25","25","21.34456","20","21.9208","1.9207999999999998","-0.09604","-0.48019999999999996","-0.48019999999999996","0","false","false","false","1.3445600000000013","true","state-displacement"
"4","feedback","20","20","20","0.05","0.25","2","8","-1.5","160","26","26","20.941192","20","21.34456","1.3445600000000013","-0.06722800000000007","-0.3361400000000003","-0.3361400000000003","0","false","false","false","0.9411920000000009","true","state-displacement"
"4","feedback","20","20","20","0.05","0.25","2","8","-1.5","160","27","27","20.6588344","20","20.941192","0.9411920000000009","-0.04705960000000005","-0.23529800000000023","-0.23529800000000023","0","false","false","false","0.6588343999999999","true","state-displacement"
"4","feedback","20","20","20","0.05","0.25","2","8","-1.5","160","28","28","20.46118408","20","20.6588344","0.6588343999999999","-0.03294172","-0.16470859999999998","-0.16470859999999998","0","false","false","false","0.4611840799999989","true","state-displacement"
"4","feedback","20","20","20","0.05","0.25","2","8","-1.5","160","29","29","20.322828856","20","20.46118408","0.4611840799999989","-0.023059203999999944","-0.11529601999999972","-0.11529601999999972","0","false","false","false","0.322828856000001","true","state-displacement"
"4","feedback","20","20","20","0.05","0.25","2","8","-1.5","160","30","30","20.225980199200002","20","20.322828856","0.322828856000001","-0.01614144280000005","-0.08070721400000025","-0.08070721400000025","0","false","false","false","0.22598019920000212","true","state-displacement"
"4","feedback","20","20","20","0.05","0.25","2","8","-1.5","160","31","31","20.158186139440005","20","20.225980199200002","0.22598019920000212","-0.011299009960000106","-0.05649504980000053","-0.05649504980000053","0","false","false","false","0.15818613944000504","true","state-displacement"
"4","feedback","20","20","20","0.05","0.25","2","8","-1.5","160","32","32","20.110730297608004","20","20.158186139440005","0.15818613944000504","-0.007909306972000252","-0.03954653486000126","-0.03954653486000126","0","false","false","false","0.11073029760800424","true","state-displacement"
"4","feedback","20","20","20","0.05","0.25","2","8","-1.5","160","33","33","20.077511208325603","20","20.110730297608004","0.11073029760800424","-0.005536514880400212","-0.02768257440200106","-0.02768257440200106","0","false","false","false","0.07751120832560332","true","state-displacement"
"4","feedback","20","20","20","0.05","0.25","2","8","-1.5","160","34","34","20.054257845827923","20","20.077511208325603","0.07751120832560332","-0.0038755604162801663","-0.01937780208140083","-0.01937780208140083","0","false","false","false","0.054257845827923035","true","state-displacement"
"4","feedback","20","20","20","0.05","0.25","2","8","-1.5","160","35","35","20.037980492079548","20","20.054257845827923","0.054257845827923035","-0.0027128922913961517","-0.013564461456980759","-0.013564461456980759","0","false","false","false","0.0379804920795479","true","state-displacement"
"4","feedback","20","20","20","0.05","0.25","2","8","-1.5","160","36","36","20.02658634445568","20","20.037980492079548","0.0379804920795479","-0.001899024603977395","-0.009495123019886975","-0.009495123019886975","0","false","false","false","0.026586344455679978","true","state-displacement"
"4","feedback","20","20","20","0.05","0.25","2","8","-1.5","160","37","37","20.018610441118977","20","20.02658634445568","0.026586344455679978","-0.001329317222783999","-0.006646586113919994","-0.006646586113919994","0","false","false","false","0.018610441118976695","true","state-displacement"
"4","feedback","20","20","20","0.05","0.25","2","8","-1.5","160","38","38","20.013027308783283","20","20.018610441118977","0.018610441118976695","-9.305220559488348E-4","-0.004652610279744174","-0.004652610279744174","0","false","false","false","0.01302730878328262","true","state-displacement"
"4","feedback","20","20","20","0.05","0.25","2","8","-1.5","160","39","39","20.009119116148298","20","20.013027308783283","0.01302730878328262","-6.513654391641311E-4","-0.003256827195820655","-0.003256827195820655","0","false","false","false","0.00911911614829819","true","state-displacement"
"4","feedback","20","20","20","0.05","0.25","2","8","-1.5","160","40","40","20.00638338130381","20","20.009119116148298","0.00911911614829819","-4.5595580741490953E-4","-0.0022797790370745474","-0.0022797790370745474","0","false","false","false","0.006383381303809443","true","state-displacement"
"4","feedback","20","20","20","0.05","0.25","2","8","-1.5","160","41","41","20.00446836691267","20","20.00638338130381","0.006383381303809443","-3.1916906519047217E-4","-0.0015958453259523608","-0.0015958453259523608","0","false","false","false","0.004468366912668387","true","state-displacement"
"4","feedback","20","20","20","0.05","0.25","2","8","-1.5","160","42","42","20.003127856838866","20","20.00446836691267","0.004468366912668387","-2.2341834563341934E-4","-0.0011170917281670967","-0.0011170917281670967","0","false","false","false","0.003127856838865739","true","state-displacement"
"4","feedback","20","20","20","0.05","0.25","2","8","-1.5","160","43","43","20.002189499787207","20","20.003127856838866","0.003127856838865739","-1.5639284194328697E-4","-7.819642097164348E-4","-7.819642097164348E-4","0","false","false","false","0.002189499787206728","true","state-displacement"
"4","feedback","20","20","20","0.05","0.25","2","8","-1.5","160","44","44","20.001532649851043","20","20.002189499787207","0.002189499787206728","-1.094749893603364E-4","-5.47374946801682E-4","-5.47374946801682E-4","0","false","false","false","0.0015326498510432884","true","state-displacement"
"4","feedback","20","20","20","0.05","0.25","2","8","-1.5","160","45","45","20.00107285489573","20","20.001532649851043","0.0015326498510432884","-7.663249255216443E-5","-3.831624627608221E-4","-3.831624627608221E-4","0","false","false","false","0.001072854895731723","true","state-displacement"
"4","feedback","20","20","20","0.05","0.25","2","8","-1.5","160","46","46","20.00075099842701","20","20.00107285489573","0.001072854895731723","-5.364274478658615E-5","-2.6821372393293075E-4","-2.6821372393293075E-4","0","false","false","false","7.509984270086534E-4","true","state-displacement"
"4","feedback","20","20","20","0.05","0.25","2","8","-1.5","160","47","47","20.000525698898905","20","20.00075099842701","7.509984270086534E-4","-3.754992135043267E-5","-1.8774960675216334E-4","-1.8774960675216334E-4","0","false","false","false","5.256988989046363E-4","true","state-displacement"
"4","feedback","20","20","20","0.05","0.25","2","8","-1.5","160","48","48","20.000367989229233","20","20.000525698898905","5.256988989046363E-4","-2.6284944945231815E-5","-1.3142472472615907E-4","-1.3142472472615907E-4","0","false","false","false","3.6798922923253485E-4","true","state-displacement"
"4","feedback","20","20","20","0.05","0.25","2","8","-1.5","160","49","49","20.000257592460464","20","20.000367989229233","3.6798922923253485E-4","-1.8399461461626745E-5","-9.199730730813371E-5","-9.199730730813371E-5","0","false","false","false","2.575924604641955E-4","true","state-displacement"
"4","feedback","20","20","20","0.05","0.25","2","8","-1.5","160","50","50","20.00018031472233","20","20.000257592460464","2.575924604641955E-4","-1.2879623023209774E-5","-6.439811511604887E-5","-6.439811511604887E-5","0","false","false","false","1.8031472232848955E-4","true","state-displacement"
"4","feedback","20","20","20","0.05","0.25","2","8","-1.5","160","51","51","20.00012622030563","20","20.00018031472233","1.8031472232848955E-4","-9.015736116424478E-6","-4.507868058212239E-5","-4.507868058212239E-5","0","false","false","false","1.2622030563136377E-4","true","state-displacement"
"4","feedback","20","20","20","0.05","0.25","2","8","-1.5","160","52","52","20.000088354213943","20","20.00012622030563","1.2622030563136377E-4","-6.311015281568189E-6","-3.155507640784094E-5","-3.155507640784094E-5","0","false","false","false","8.835421394337573E-5","true","state-displacement"
"4","feedback","20","20","20","0.05","0.25","2","8","-1.5","160","53","53","20.00006184794976","20","20.000088354213943","8.835421394337573E-5","-4.417710697168787E-6","-2.208855348584393E-5","-2.208855348584393E-5","0","false","false","false","6.184794975894192E-5","true","state-displacement"
"4","feedback","20","20","20","0.05","0.25","2","8","-1.5","160","54","54","20.00004329356483","20","20.00006184794976","6.184794975894192E-5","-3.0923974879470965E-6","-1.546198743973548E-5","-1.546198743973548E-5","0","false","false","false","4.329356482912772E-5","true","state-displacement"
"4","feedback","20","20","20","0.05","0.25","2","8","-1.5","160","55","55","20.00003030549538","20","20.00004329356483","4.329356482912772E-5","-2.164678241456386E-6","-1.082339120728193E-5","-1.082339120728193E-5","0","false","false","false","3.0305495378968317E-5","true","state-displacement"
"4","feedback","20","20","20","0.05","0.25","2","8","-1.5","160","56","56","20.000021213846765","20","20.00003030549538","3.0305495378968317E-5","-1.5152747689484159E-6","-7.576373844742079E-6","-7.576373844742079E-6","0","false","false","false","2.121384676456728E-5","true","state-displacement"
"4","feedback","20","20","20","0.05","0.25","2","8","-1.5","160","57","57","20.000014849692736","20","20.000021213846765","2.121384676456728E-5","-1.060692338228364E-6","-5.30346169114182E-6","-5.30346169114182E-6","0","false","false","false","1.4849692735907638E-5","true","state-displacement"
"4","feedback","20","20","20","0.05","0.25","2","8","-1.5","160","58","58","20.000010394784915","20","20.000014849692736","1.4849692735907638E-5","-7.42484636795382E-7","-3.7124231839769095E-6","-3.7124231839769095E-6","0","false","false","false","1.0394784915490618E-5","true","state-displacement"
"4","feedback","20","20","20","0.05","0.25","2","8","-1.5","160","59","59","20.000007276349443","20","20.000010394784915","1.0394784915490618E-5","-5.197392457745309E-7","-2.5986962288726545E-6","-2.5986962288726545E-6","0","false","false","false","7.276349442975061E-6","true","state-displacement"
"4","feedback","20","20","20","0.05","0.25","2","8","-1.5","160","60","60","20.000005093444614","20","20.000007276349443","7.276349442975061E-6","-3.6381747214875304E-7","-1.8190873607437652E-6","-1.8190873607437652E-6","0","false","false","false","5.093444613635256E-6","true","state-displacement"
"4","feedback","20","20","20","0.05","0.25","2","8","-1.5","160","61","61","20.00000356541123","20","20.000005093444614","5.093444613635256E-6","-2.546722306817628E-7","-1.273361153408814E-6","-1.273361153408814E-6","0","false","false","false","3.565411230255222E-6","true","state-displacement"
"4","feedback","20","20","20","0.05","0.25","2","8","-1.5","160","62","62","20.00000249578786","20","20.00000356541123","3.565411230255222E-6","-1.7827056151276113E-7","-8.913528075638055E-7","-8.913528075638055E-7","0","false","false","false","2.495787860823384E-6","true","state-displacement"
"4","feedback","20","20","20","0.05","0.25","2","8","-1.5","160","63","63","20.0000017470515","20","20.00000249578786","2.495787860823384E-6","-1.247893930411692E-7","-6.23946965205846E-7","-6.23946965205846E-7","0","false","false","false","1.7470514990236552E-6","true","state-displacement"
"4","feedback","20","20","20","0.05","0.25","2","8","-1.5","160","64","64","20.00000122293605","20","20.0000017470515","1.7470514990236552E-6","-8.735257495118276E-8","-4.367628747559138E-7","-4.367628747559138E-7","0","false","false","false","1.2229360493165586E-6","true","state-displacement"
"4","feedback","20","20","20","0.05","0.25","2","8","-1.5","160","65","65","20.000000856055234","20","20.00000122293605","1.2229360493165586E-6","-6.114680246582793E-8","-3.0573401232913966E-7","-3.0573401232913966E-7","0","false","false","false","8.560552338110483E-7","true","state-displacement"
"4","feedback","20","20","20","0.05","0.25","2","8","-1.5","160","66","66","20.000000599238664","20","20.000000856055234","8.560552338110483E-7","-4.280276169055242E-8","-2.1401380845276208E-7","-2.1401380845276208E-7","0","false","false","false","5.992386640230052E-7","true","state-displacement"
"4","feedback","20","20","20","0.05","0.25","2","8","-1.5","160","67","67","20.000000419467067","20","20.000000599238664","5.992386640230052E-7","-2.996193320115026E-8","-1.498096660057513E-7","-1.498096660057513E-7","0","false","false","false","4.194670673030032E-7","true","state-displacement"
"4","feedback","20","20","20","0.05","0.25","2","8","-1.5","160","68","68","20.000000293626947","20","20.000000419467067","4.194670673030032E-7","-2.097335336515016E-8","-1.048667668257508E-7","-1.048667668257508E-7","0","false","false","false","2.936269467568309E-7","true","state-displacement"
"4","feedback","20","20","20","0.05","0.25","2","8","-1.5","160","69","69","20.00000020553886","20","20.000000293626947","2.936269467568309E-7","-1.4681347337841545E-8","-7.340673668920772E-8","-7.340673668920772E-8","0","false","false","false","2.055388605981534E-7","true","state-displacement"
"4","feedback","20","20","20","0.05","0.25","2","8","-1.5","160","70","70","20.0000001438772","20","20.00000020553886","2.055388605981534E-7","-1.0276943029907671E-8","-5.138471514953835E-8","-5.138471514953835E-8","0","false","false","false","1.4387720170816465E-7","true","state-displacement"
"4","feedback","20","20","20","0.05","0.25","2","8","-1.5","160","71","71","20.00000010071404","20","20.0000001438772","1.4387720170816465E-7","-7.193860085408233E-9","-3.596930042704116E-8","-3.596930042704116E-8","0","false","false","false","1.0071403977462978E-7","true","state-displacement"
"4","feedback","20","20","20","0.05","0.25","2","8","-1.5","160","72","72","20.00000007049983","20","20.00000010071404","1.0071403977462978E-7","-5.0357019887314894E-9","-2.5178509943657446E-8","-2.5178509943657446E-8","0","false","false","false","7.049982997386905E-8","true","state-displacement"
"4","feedback","20","20","20","0.05","0.25","2","8","-1.5","160","73","73","20.00000004934988","20","20.00000007049983","7.049982997386905E-8","-3.524991498693453E-9","-1.7624957493467264E-8","-1.7624957493467264E-8","0","false","false","false","4.934987885008013E-8","true","state-displacement"
"4","feedback","20","20","20","0.05","0.25","2","8","-1.5","160","74","74","20.000000034544914","20","20.00000004934988","4.934987885008013E-8","-2.4674939425040067E-9","-1.2337469712520033E-8","-1.2337469712520033E-8","0","false","false","false","3.4544914484513356E-8","true","state-displacement"
"4","feedback","20","20","20","0.05","0.25","2","8","-1.5","160","75","75","20.000000024181443","20","20.000000034544914","3.4544914484513356E-8","-1.7272457242256678E-9","-8.636228621128339E-9","-8.636228621128339E-9","0","false","false","false","2.4181442626058924E-8","true","state-displacement"
"4","feedback","20","20","20","0.05","0.25","2","8","-1.5","160","76","76","20.000000016927007","20","20.000000024181443","2.4181442626058924E-8","-1.2090721313029464E-9","-6.045360656514731E-9","-6.045360656514731E-9","0","false","false","false","1.6927007351341672E-8","true","state-displacement"
"4","feedback","20","20","20","0.05","0.25","2","8","-1.5","160","77","77","20.000000011848908","20","20.000000016927007","1.6927007351341672E-8","-8.463503675670836E-10","-4.231751837835418E-9","-4.231751837835418E-9","0","false","false","false","1.1848907632838745E-8","true","state-displacement"
"4","feedback","20","20","20","0.05","0.25","2","8","-1.5","160","78","78","20.000000008294233","20","20.000000011848908","1.1848907632838745E-8","-5.924453816419373E-10","-2.9622269082096864E-9","-2.9622269082096864E-9","0","false","false","false","8.294232856087547E-9","true","state-displacement"
"4","feedback","20","20","20","0.05","0.25","2","8","-1.5","160","79","79","20.000000005805962","20","20.000000008294233","8.294232856087547E-9","-4.147116428043774E-10","-2.0735582140218867E-9","-2.0735582140218867E-9","0","false","false","false","5.805961933447179E-9","true","state-displacement"
"4","feedback","20","20","20","0.05","0.25","2","8","-1.5","160","80","80","20.000000004064173","20","20.000000005805962","5.805961933447179E-9","-2.90298096672359E-10","-1.4514904833617948E-9","-1.4514904833617948E-9","0","false","false","false","4.0641729981416574E-9","true","state-displacement"
"4","feedback","20","20","20","0.05","0.25","2","8","-1.5","160","81","81","20.00000000284492","20","20.000000004064173","4.0641729981416574E-9","-2.0320864990708288E-10","-1.0160432495354144E-9","-1.0160432495354144E-9","0","false","false","false","2.8449207434277923E-9","true","state-displacement"
"4","feedback","20","20","20","0.05","0.25","2","8","-1.5","160","82","82","20.000000001991445","20","20.00000000284492","2.8449207434277923E-9","-1.4224603717138963E-10","-7.112301858569481E-10","-7.112301858569481E-10","0","false","false","false","1.9914452309421904E-9","true","state-displacement"
"4","feedback","20","20","20","0.05","0.25","2","8","-1.5","160","83","83","20.000000001394014","20","20.000000001991445","1.9914452309421904E-9","-9.957226154710953E-11","-4.978613077355476E-10","-4.978613077355476E-10","0","false","false","false","1.3940137932877406E-9","true","state-displacement"
"4","feedback","20","20","20","0.05","0.25","2","8","-1.5","160","84","84","20.00000000097581","20","20.000000001394014","1.3940137932877406E-9","-6.970068966438703E-11","-3.4850344832193514E-10","-3.4850344832193514E-10","0","false","false","false","9.758096553014184E-10","true","state-displacement"
"4","feedback","20","20","20","0.05","0.25","2","8","-1.5","160","85","85","20.000000000683066","20","20.00000000097581","9.758096553014184E-10","-4.8790482765070923E-11","-2.439524138253546E-10","-2.439524138253546E-10","0","false","false","false","6.830660481682571E-10","true","state-displacement"
"4","feedback","20","20","20","0.05","0.25","2","8","-1.5","160","86","86","20.000000000478146","20","20.000000000683066","6.830660481682571E-10","-3.415330240841286E-11","-1.7076651204206428E-10","-1.7076651204206428E-10","0","false","false","false","4.781455231750442E-10","true","state-displacement"
"4","feedback","20","20","20","0.05","0.25","2","8","-1.5","160","87","87","20.0000000003347","20","20.000000000478146","4.781455231750442E-10","-2.390727615875221E-11","-1.1953638079376105E-10","-1.1953638079376105E-10","0","false","false","false","3.347011556797952E-10","true","state-displacement"
"4","feedback","20","20","20","0.05","0.25","2","8","-1.5","160","88","88","20.000000000234294","20","20.0000000003347","3.347011556797952E-10","-1.673505778398976E-11","-8.36752889199488E-11","-8.36752889199488E-11","0","false","false","false","2.3429436168953544E-10","true","state-displacement"
"4","feedback","20","20","20","0.05","0.25","2","8","-1.5","160","89","89","20.000000000164007","20","20.000000000234294","2.3429436168953544E-10","-1.1714718084476772E-11","-5.857359042238386E-11","-5.857359042238386E-11","0","false","false","false","1.6400747426814632E-10","true","state-displacement"
"4","feedback","20","20","20","0.05","0.25","2","8","-1.5","160","90","90","20.000000000114806","20","20.000000000164007","1.6400747426814632E-10","-8.200373713407317E-12","-4.100186856703658E-11","-4.100186856703658E-11","0","false","false","false","1.1480594253043819E-10","true","state-displacement"
"4","feedback","20","20","20","0.05","0.25","2","8","-1.5","160","91","91","20.000000000080362","20","20.000000000114806","1.1480594253043819E-10","-5.740297126521909E-12","-2.8701485632609547E-11","-2.8701485632609547E-11","0","false","false","false","8.036238341446733E-11","true","state-displacement"
"4","feedback","20","20","20","0.05","0.25","2","8","-1.5","160","92","92","20.000000000056254","20","20.000000000080362","8.036238341446733E-11","-4.0181191707233666E-12","-2.0090595853616833E-11","-2.0090595853616833E-11","0","false","false","false","5.625366839012713E-11","true","state-displacement"
"4","feedback","20","20","20","0.05","0.25","2","8","-1.5","160","93","93","20.00000000003938","20","20.000000000056254","5.625366839012713E-11","-2.8126834195063567E-12","-1.4063417097531783E-11","-1.4063417097531783E-11","0","false","false","false","3.937827841582475E-11","true","state-displacement"
"4","feedback","20","20","20","0.05","0.25","2","8","-1.5","160","94","94","20.000000000027566","20","20.00000000003938","3.937827841582475E-11","-1.9689139207912378E-12","-9.844569603956188E-12","-9.844569603956188E-12","0","false","false","false","2.7565505433813087E-11","true","state-displacement"
"4","feedback","20","20","20","0.05","0.25","2","8","-1.5","160","95","95","20.000000000019295","20","20.000000000027566","2.7565505433813087E-11","-1.3782752716906545E-12","-6.891376358453272E-12","-6.891376358453272E-12","0","false","false","false","1.929478798956552E-11","true","state-displacement"
"4","feedback","20","20","20","0.05","0.25","2","8","-1.5","160","96","96","20.000000000013504","20","20.000000000019295","1.929478798956552E-11","-9.64739399478276E-13","-4.82369699739138E-12","-4.82369699739138E-12","0","false","false","false","1.3503864693120704E-11","true","state-displacement"
"4","feedback","20","20","20","0.05","0.25","2","8","-1.5","160","97","97","20.000000000009454","20","20.000000000013504","1.3503864693120704E-11","-6.751932346560352E-13","-3.375966173280176E-12","-3.375966173280176E-12","0","false","false","false","9.453771099288133E-12","true","state-displacement"
"4","feedback","20","20","20","0.05","0.25","2","8","-1.5","160","98","98","20.00000000000662","20","20.000000000009454","9.453771099288133E-12","-4.726885549644067E-13","-2.3634427748220332E-12","-2.3634427748220332E-12","0","false","false","false","6.618705583605333E-12","true","state-displacement"
"4","feedback","20","20","20","0.05","0.25","2","8","-1.5","160","99","99","20.000000000004633","20","20.00000000000662","6.618705583605333E-12","-3.309352791802667E-13","-1.6546763959013333E-12","-1.6546763959013333E-12","0","false","false","false","4.632738637155853E-12","true","state-displacement"
"4","feedback","20","20","20","0.05","0.25","2","8","-1.5","160","100","100","20.000000000003244","20","20.000000000004633","4.632738637155853E-12","-2.3163693185779267E-13","-1.1581846592889633E-12","-1.1581846592889633E-12","0","false","false","false","3.2436275887448573E-12","true","state-displacement"
"4","feedback","20","20","20","0.05","0.25","2","8","-1.5","160","101","101","20.00000000000227","20","20.000000000003244","3.2436275887448573E-12","-1.621813794372429E-13","-8.109068971862143E-13","-8.109068971862143E-13","0","false","false","false","2.27018404075352E-12","true","state-displacement"
"4","feedback","20","20","20","0.05","0.25","2","8","-1.5","160","102","102","20.000000000001588","20","20.00000000000227","2.27018404075352E-12","-1.1350920203767601E-13","-5.6754601018838E-13","-5.6754601018838E-13","0","false","false","false","1.588063014423824E-12","true","state-displacement"
"4","feedback","20","20","20","0.05","0.25","2","8","-1.5","160","103","103","20.000000000001112","20","20.000000000001588","1.588063014423824E-12","-7.94031507211912E-14","-3.97015753605956E-13","-3.97015753605956E-13","0","false","false","false","1.1119993814645568E-12","true","state-displacement"
"4","feedback","20","20","20","0.05","0.25","2","8","-1.5","160","104","104","20.000000000000778","20","20.000000000001112","1.1119993814645568E-12","-5.559996907322784E-14","-2.779998453661392E-13","-2.779998453661392E-13","0","false","false","false","7.780442956573097E-13","true","state-displacement"
"4","feedback","20","20","20","0.05","0.25","2","8","-1.5","160","105","105","20.000000000000544","20","20.000000000000778","7.780442956573097E-13","-3.890221478286549E-14","-1.9451107391432743E-13","-1.9451107391432743E-13","0","false","false","false","5.435651928564766E-13","true","state-displacement"
"4","feedback","20","20","20","0.05","0.25","2","8","-1.5","160","106","106","20.00000000000038","20","20.000000000000544","5.435651928564766E-13","-2.7178259642823833E-14","-1.3589129821411916E-13","-1.3589129821411916E-13","0","false","false","false","3.801403636316536E-13","true","state-displacement"
"4","feedback","20","20","20","0.05","0.25","2","8","-1.5","160","107","107","20.000000000000266","20","20.00000000000038","3.801403636316536E-13","-1.9007018181582682E-14","-9.50350909079134E-14","-9.50350909079134E-14","0","false","false","false","2.6645352591003757E-13","true","state-displacement"
"4","feedback","20","20","20","0.05","0.25","2","8","-1.5","160","108","108","20.000000000000185","20","20.000000000000266","2.6645352591003757E-13","-1.3322676295501878E-14","-6.661338147750939E-14","-6.661338147750939E-14","0","false","false","false","1.8474111129762605E-13","true","state-displacement"
"4","feedback","20","20","20","0.05","0.25","2","8","-1.5","160","109","109","20.000000000000128","20","20.000000000000185","1.8474111129762605E-13","-9.237055564881303E-15","-4.618527782440651E-14","-4.618527782440651E-14","0","false","false","false","1.2789769243681803E-13","true","state-displacement"
"4","feedback","20","20","20","0.05","0.25","2","8","-1.5","160","110","110","20.00000000000009","20","20.000000000000128","1.2789769243681803E-13","-6.394884621840902E-15","-3.197442310920451E-14","-3.197442310920451E-14","0","false","false","false","8.881784197001252E-14","true","state-displacement"
"4","feedback","20","20","20","0.05","0.25","2","8","-1.5","160","111","111","20.000000000000064","20","20.00000000000009","8.881784197001252E-14","-4.440892098500626E-15","-2.220446049250313E-14","-2.220446049250313E-14","0","false","false","false","6.394884621840902E-14","true","state-displacement"
"4","feedback","20","20","20","0.05","0.25","2","8","-1.5","160","112","112","20.000000000000043","20","20.000000000000064","6.394884621840902E-14","-3.197442310920451E-15","-1.5987211554602254E-14","-1.5987211554602254E-14","0","false","false","false","4.263256414560601E-14","true","state-displacement"
"4","feedback","20","20","20","0.05","0.25","2","8","-1.5","160","113","113","20.00000000000003","20","20.000000000000043","4.263256414560601E-14","-2.131628207280301E-15","-1.0658141036401503E-14","-1.0658141036401503E-14","0","false","false","false","2.842170943040401E-14","true","state-displacement"
"4","feedback","20","20","20","0.05","0.25","2","8","-1.5","160","114","114","20.00000000000002","20","20.00000000000003","2.842170943040401E-14","-1.4210854715202005E-15","-7.105427357601002E-15","-7.105427357601002E-15","0","false","false","false","2.1316282072803006E-14","true","state-displacement"
"4","feedback","20","20","20","0.05","0.25","2","8","-1.5","160","115","115","20.000000000000014","20","20.00000000000002","2.1316282072803006E-14","-1.0658141036401504E-15","-5.329070518200751E-15","-5.329070518200751E-15","0","false","false","false","1.4210854715202004E-14","true","state-displacement"
"4","feedback","20","20","20","0.05","0.25","2","8","-1.5","160","116","116","20.00000000000001","20","20.000000000000014","1.4210854715202004E-14","-7.105427357601002E-16","-3.552713678800501E-15","-3.552713678800501E-15","0","false","false","false","1.0658141036401503E-14","true","state-displacement"
"4","feedback","20","20","20","0.05","0.25","2","8","-1.5","160","117","117","20.000000000000007","20","20.00000000000001","1.0658141036401503E-14","-5.329070518200752E-16","-2.6645352591003757E-15","-2.6645352591003757E-15","0","false","false","false","7.105427357601002E-15","true","state-displacement"
"4","feedback","20","20","20","0.05","0.25","2","8","-1.5","160","118","118","20.000000000000007","20","20.000000000000007","7.105427357601002E-15","-3.552713678800501E-16","-1.7763568394002505E-15","-1.7763568394002505E-15","0","false","false","false","7.105427357601002E-15","true","state-displacement"
"4","feedback","20","20","20","0.05","0.25","2","8","-1.5","160","119","119","20.000000000000007","20","20.000000000000007","7.105427357601002E-15","-3.552713678800501E-16","-1.7763568394002505E-15","-1.7763568394002505E-15","0","false","false","false","7.105427357601002E-15","true","state-displacement"
"4","feedback","20","20","20","0.05","0.25","2","8","-1.5","160","120","120","20.000000000000007","20","20.000000000000007","7.105427357601002E-15","-3.552713678800501E-16","-1.7763568394002505E-15","-1.7763568394002505E-15","0","false","false","false","7.105427357601002E-15","true","state-displacement"
"4","feedback","20","20","20","0.05","0.25","2","8","-1.5","160","121","121","20.000000000000007","20","20.000000000000007","7.105427357601002E-15","-3.552713678800501E-16","-1.7763568394002505E-15","-1.7763568394002505E-15","0","false","false","false","7.105427357601002E-15","true","state-displacement"
"4","feedback","20","20","20","0.05","0.25","2","8","-1.5","160","122","122","20.000000000000007","20","20.000000000000007","7.105427357601002E-15","-3.552713678800501E-16","-1.7763568394002505E-15","-1.7763568394002505E-15","0","false","false","false","7.105427357601002E-15","true","state-displacement"
"4","feedback","20","20","20","0.05","0.25","2","8","-1.5","160","123","123","20.000000000000007","20","20.000000000000007","7.105427357601002E-15","-3.552713678800501E-16","-1.7763568394002505E-15","-1.7763568394002505E-15","0","false","false","false","7.105427357601002E-15","true","state-displacement"
"4","feedback","20","20","20","0.05","0.25","2","8","-1.5","160","124","124","20.000000000000007","20","20.000000000000007","7.105427357601002E-15","-3.552713678800501E-16","-1.7763568394002505E-15","-1.7763568394002505E-15","0","false","false","false","7.105427357601002E-15","true","state-displacement"
"4","feedback","20","20","20","0.05","0.25","2","8","-1.5","160","125","125","20.000000000000007","20","20.000000000000007","7.105427357601002E-15","-3.552713678800501E-16","-1.7763568394002505E-15","-1.7763568394002505E-15","0","false","false","false","7.105427357601002E-15","true","state-displacement"
"4","feedback","20","20","20","0.05","0.25","2","8","-1.5","160","126","126","20.000000000000007","20","20.000000000000007","7.105427357601002E-15","-3.552713678800501E-16","-1.7763568394002505E-15","-1.7763568394002505E-15","0","false","false","false","7.105427357601002E-15","true","state-displacement"
"4","feedback","20","20","20","0.05","0.25","2","8","-1.5","160","127","127","20.000000000000007","20","20.000000000000007","7.105427357601002E-15","-3.552713678800501E-16","-1.7763568394002505E-15","-1.7763568394002505E-15","0","false","false","false","7.105427357601002E-15","true","state-displacement"
"4","feedback","20","20","20","0.05","0.25","2","8","-1.5","160","128","128","20.000000000000007","20","20.000000000000007","7.105427357601002E-15","-3.552713678800501E-16","-1.7763568394002505E-15","-1.7763568394002505E-15","0","false","false","false","7.105427357601002E-15","true","state-displacement"
"4","feedback","20","20","20","0.05","0.25","2","8","-1.5","160","129","129","20.000000000000007","20","20.000000000000007","7.105427357601002E-15","-3.552713678800501E-16","-1.7763568394002505E-15","-1.7763568394002505E-15","0","false","false","false","7.105427357601002E-15","true","state-displacement"
"4","feedback","20","20","20","0.05","0.25","2","8","-1.5","160","130","130","20.000000000000007","20","20.000000000000007","7.105427357601002E-15","-3.552713678800501E-16","-1.7763568394002505E-15","-1.7763568394002505E-15","0","false","false","false","7.105427357601002E-15","true","state-displacement"
"4","feedback","20","20","20","0.05","0.25","2","8","-1.5","160","131","131","20.000000000000007","20","20.000000000000007","7.105427357601002E-15","-3.552713678800501E-16","-1.7763568394002505E-15","-1.7763568394002505E-15","0","false","false","false","7.105427357601002E-15","true","state-displacement"
"4","feedback","20","20","20","0.05","0.25","2","8","-1.5","160","132","132","20.000000000000007","20","20.000000000000007","7.105427357601002E-15","-3.552713678800501E-16","-1.7763568394002505E-15","-1.7763568394002505E-15","0","false","false","false","7.105427357601002E-15","true","state-displacement"
"4","feedback","20","20","20","0.05","0.25","2","8","-1.5","160","133","133","20.000000000000007","20","20.000000000000007","7.105427357601002E-15","-3.552713678800501E-16","-1.7763568394002505E-15","-1.7763568394002505E-15","0","false","false","false","7.105427357601002E-15","true","state-displacement"
"4","feedback","20","20","20","0.05","0.25","2","8","-1.5","160","134","134","20.000000000000007","20","20.000000000000007","7.105427357601002E-15","-3.552713678800501E-16","-1.7763568394002505E-15","-1.7763568394002505E-15","0","false","false","false","7.105427357601002E-15","true","state-displacement"
"4","feedback","20","20","20","0.05","0.25","2","8","-1.5","160","135","135","20.000000000000007","20","20.000000000000007","7.105427357601002E-15","-3.552713678800501E-16","-1.7763568394002505E-15","-1.7763568394002505E-15","0","false","false","false","7.105427357601002E-15","true","state-displacement"
"4","feedback","20","20","20","0.05","0.25","2","8","-1.5","160","136","136","20.000000000000007","20","20.000000000000007","7.105427357601002E-15","-3.552713678800501E-16","-1.7763568394002505E-15","-1.7763568394002505E-15","0","false","false","false","7.105427357601002E-15","true","state-displacement"
"4","feedback","20","20","20","0.05","0.25","2","8","-1.5","160","137","137","20.000000000000007","20","20.000000000000007","7.105427357601002E-15","-3.552713678800501E-16","-1.7763568394002505E-15","-1.7763568394002505E-15","0","false","false","false","7.105427357601002E-15","true","state-displacement"
"4","feedback","20","20","20","0.05","0.25","2","8","-1.5","160","138","138","20.000000000000007","20","20.000000000000007","7.105427357601002E-15","-3.552713678800501E-16","-1.7763568394002505E-15","-1.7763568394002505E-15","0","false","false","false","7.105427357601002E-15","true","state-displacement"
"4","feedback","20","20","20","0.05","0.25","2","8","-1.5","160","139","139","20.000000000000007","20","20.000000000000007","7.105427357601002E-15","-3.552713678800501E-16","-1.7763568394002505E-15","-1.7763568394002505E-15","0","false","false","false","7.105427357601002E-15","true","state-displacement"
"4","feedback","20","20","20","0.05","0.25","2","8","-1.5","160","140","140","20.000000000000007","20","20.000000000000007","7.105427357601002E-15","-3.552713678800501E-16","-1.7763568394002505E-15","-1.7763568394002505E-15","0","false","false","false","7.105427357601002E-15","true","state-displacement"
"4","feedback","20","20","20","0.05","0.25","2","8","-1.5","160","141","141","20.000000000000007","20","20.000000000000007","7.105427357601002E-15","-3.552713678800501E-16","-1.7763568394002505E-15","-1.7763568394002505E-15","0","false","false","false","7.105427357601002E-15","true","state-displacement"
"4","feedback","20","20","20","0.05","0.25","2","8","-1.5","160","142","142","20.000000000000007","20","20.000000000000007","7.105427357601002E-15","-3.552713678800501E-16","-1.7763568394002505E-15","-1.7763568394002505E-15","0","false","false","false","7.105427357601002E-15","true","state-displacement"
"4","feedback","20","20","20","0.05","0.25","2","8","-1.5","160","143","143","20.000000000000007","20","20.000000000000007","7.105427357601002E-15","-3.552713678800501E-16","-1.7763568394002505E-15","-1.7763568394002505E-15","0","false","false","false","7.105427357601002E-15","true","state-displacement"
"4","feedback","20","20","20","0.05","0.25","2","8","-1.5","160","144","144","20.000000000000007","20","20.000000000000007","7.105427357601002E-15","-3.552713678800501E-16","-1.7763568394002505E-15","-1.7763568394002505E-15","0","false","false","false","7.105427357601002E-15","true","state-displacement"
"4","feedback","20","20","20","0.05","0.25","2","8","-1.5","160","145","145","20.000000000000007","20","20.000000000000007","7.105427357601002E-15","-3.552713678800501E-16","-1.7763568394002505E-15","-1.7763568394002505E-15","0","false","false","false","7.105427357601002E-15","true","state-displacement"
"4","feedback","20","20","20","0.05","0.25","2","8","-1.5","160","146","146","20.000000000000007","20","20.000000000000007","7.105427357601002E-15","-3.552713678800501E-16","-1.7763568394002505E-15","-1.7763568394002505E-15","0","false","false","false","7.105427357601002E-15","true","state-displacement"
"4","feedback","20","20","20","0.05","0.25","2","8","-1.5","160","147","147","20.000000000000007","20","20.000000000000007","7.105427357601002E-15","-3.552713678800501E-16","-1.7763568394002505E-15","-1.7763568394002505E-15","0","false","false","false","7.105427357601002E-15","true","state-displacement"
"4","feedback","20","20","20","0.05","0.25","2","8","-1.5","160","148","148","20.000000000000007","20","20.000000000000007","7.105427357601002E-15","-3.552713678800501E-16","-1.7763568394002505E-15","-1.7763568394002505E-15","0","false","false","false","7.105427357601002E-15","true","state-displacement"
"4","feedback","20","20","20","0.05","0.25","2","8","-1.5","160","149","149","20.000000000000007","20","20.000000000000007","7.105427357601002E-15","-3.552713678800501E-16","-1.7763568394002505E-15","-1.7763568394002505E-15","0","false","false","false","7.105427357601002E-15","true","state-displacement"
"4","feedback","20","20","20","0.05","0.25","2","8","-1.5","160","150","150","20.000000000000007","20","20.000000000000007","7.105427357601002E-15","-3.552713678800501E-16","-1.7763568394002505E-15","-1.7763568394002505E-15","0","false","false","false","7.105427357601002E-15","true","state-displacement"
"4","feedback","20","20","20","0.05","0.25","2","8","-1.5","160","151","151","20.000000000000007","20","20.000000000000007","7.105427357601002E-15","-3.552713678800501E-16","-1.7763568394002505E-15","-1.7763568394002505E-15","0","false","false","false","7.105427357601002E-15","true","state-displacement"
"4","feedback","20","20","20","0.05","0.25","2","8","-1.5","160","152","152","20.000000000000007","20","20.000000000000007","7.105427357601002E-15","-3.552713678800501E-16","-1.7763568394002505E-15","-1.7763568394002505E-15","0","false","false","false","7.105427357601002E-15","true","state-displacement"
"4","feedback","20","20","20","0.05","0.25","2","8","-1.5","160","153","153","20.000000000000007","20","20.000000000000007","7.105427357601002E-15","-3.552713678800501E-16","-1.7763568394002505E-15","-1.7763568394002505E-15","0","false","false","false","7.105427357601002E-15","true","state-displacement"
"4","feedback","20","20","20","0.05","0.25","2","8","-1.5","160","154","154","20.000000000000007","20","20.000000000000007","7.105427357601002E-15","-3.552713678800501E-16","-1.7763568394002505E-15","-1.7763568394002505E-15","0","false","false","false","7.105427357601002E-15","true","state-displacement"
"4","feedback","20","20","20","0.05","0.25","2","8","-1.5","160","155","155","20.000000000000007","20","20.000000000000007","7.105427357601002E-15","-3.552713678800501E-16","-1.7763568394002505E-15","-1.7763568394002505E-15","0","false","false","false","7.105427357601002E-15","true","state-displacement"
"4","feedback","20","20","20","0.05","0.25","2","8","-1.5","160","156","156","20.000000000000007","20","20.000000000000007","7.105427357601002E-15","-3.552713678800501E-16","-1.7763568394002505E-15","-1.7763568394002505E-15","0","false","false","false","7.105427357601002E-15","true","state-displacement"
"4","feedback","20","20","20","0.05","0.25","2","8","-1.5","160","157","157","20.000000000000007","20","20.000000000000007","7.105427357601002E-15","-3.552713678800501E-16","-1.7763568394002505E-15","-1.7763568394002505E-15","0","false","false","false","7.105427357601002E-15","true","state-displacement"
"4","feedback","20","20","20","0.05","0.25","2","8","-1.5","160","158","158","20.000000000000007","20","20.000000000000007","7.105427357601002E-15","-3.552713678800501E-16","-1.7763568394002505E-15","-1.7763568394002505E-15","0","false","false","false","7.105427357601002E-15","true","state-displacement"
"4","feedback","20","20","20","0.05","0.25","2","8","-1.5","160","159","159","20.000000000000007","20","20.000000000000007","7.105427357601002E-15","-3.552713678800501E-16","-1.7763568394002505E-15","-1.7763568394002505E-15","0","false","false","false","7.105427357601002E-15","true","state-displacement"
"4","feedback","20","20","20","0.05","0.25","2","8","-1.5","160","160","160","20.000000000000007","20","20.000000000000007","7.105427357601002E-15","-3.552713678800501E-16","-1.7763568394002505E-15","-1.7763568394002505E-15","0","false","false","false","7.105427357601002E-15","true","state-displacement"
