"BehaviorSpace results (NetLogo 7.0.4)","Table version 2.0"
"/home/brian/code/collective-competence/goal-discovery/src/experiments/thermostat/thermostat.nlogox"
"003-displacement-sensor-blocked"
"08/29/2026 01:37:06:025 -0700"
"min-pxcor","max-pxcor","min-pycor","max-pycor"
"0","4","-20","80"
"[run number]","arm","initial-temperature","ambient-temperature","setpoint","relaxation-rate","controller-gain","max-control","displacement-amount","load-magnitude","max-ticks","[step]","ticks","temperature","setpoint","sensed-temperature","control-error","passive-term","commanded-control","applied-control","external-load","load-active?","sensor-blocked?","actuator-disabled?","distance-to-setpoint","control-opposes-error?","last-event"
"1","feedback","20","20","20","0.05","0.25","2","-8","-1.5","160","0","0","20","20","20","0","0","0","0","0","false","false","false","0","true","setup"
"1","feedback","20","20","20","0.05","0.25","2","-8","-1.5","160","1","1","20","20","20","0","0","0","0","0","false","false","false","0","true","setup"
"1","feedback","20","20","20","0.05","0.25","2","-8","-1.5","160","2","2","20","20","20","0","0","0","0","0","false","false","false","0","true","setup"
"1","feedback","20","20","20","0.05","0.25","2","-8","-1.5","160","3","3","20","20","20","0","0","0","0","0","false","false","false","0","true","setup"
"1","feedback","20","20","20","0.05","0.25","2","-8","-1.5","160","4","4","20","20","20","0","0","0","0","0","false","false","false","0","true","setup"
"1","feedback","20","20","20","0.05","0.25","2","-8","-1.5","160","5","5","20","20","20","0","0","0","0","0","false","false","false","0","true","setup"
"1","feedback","20","20","20","0.05","0.25","2","-8","-1.5","160","6","6","20","20","20","0","0","0","0","0","false","false","false","0","true","setup"
"1","feedback","20","20","20","0.05","0.25","2","-8","-1.5","160","7","7","20","20","20","0","0","0","0","0","false","false","false","0","true","setup"
"1","feedback","20","20","20","0.05","0.25","2","-8","-1.5","160","8","8","20","20","20","0","0","0","0","0","false","false","false","0","true","setup"
"1","feedback","20","20","20","0.05","0.25","2","-8","-1.5","160","9","9","20","20","20","0","0","0","0","0","false","false","false","0","true","setup"
"1","feedback","20","20","20","0.05","0.25","2","-8","-1.5","160","10","10","20","20","20","0","0","0","0","0","false","false","false","0","true","setup"
"1","feedback","20","20","20","0.05","0.25","2","-8","-1.5","160","11","11","20","20","20","0","0","0","0","0","false","false","false","0","true","setup"
"1","feedback","20","20","20","0.05","0.25","2","-8","-1.5","160","12","12","20","20","20","0","0","0","0","0","false","false","false","0","true","setup"
"1","feedback","20","20","20","0.05","0.25","2","-8","-1.5","160","13","13","20","20","20","0","0","0","0","0","false","false","false","0","true","setup"
"1","feedback","20","20","20","0.05","0.25","2","-8","-1.5","160","14","14","20","20","20","0","0","0","0","0","false","false","false","0","true","setup"
"1","feedback","20","20","20","0.05","0.25","2","-8","-1.5","160","15","15","20","20","20","0","0","0","0","0","false","false","false","0","true","setup"
"1","feedback","20","20","20","0.05","0.25","2","-8","-1.5","160","16","16","20","20","20","0","0","0","0","0","false","false","false","0","true","setup"
"1","feedback","20","20","20","0.05","0.25","2","-8","-1.5","160","17","17","20","20","20","0","0","0","0","0","false","false","false","0","true","setup"
"1","feedback","20","20","20","0.05","0.25","2","-8","-1.5","160","18","18","20","20","20","0","0","0","0","0","false","false","false","0","true","setup"
"1","feedback","20","20","20","0.05","0.25","2","-8","-1.5","160","19","19","20","20","20","0","0","0","0","0","false","false","false","0","true","setup"
"1","feedback","20","20","20","0.05","0.25","2","-8","-1.5","160","20","20","20","20","20","0","0","0","0","0","false","false","false","0","true","setup"
"1","feedback","20","20","20","0.05","0.25","2","-8","-1.5","160","21","21","12.4","20","20","0","0.4","0","0","0","false","true","false","7.6","true","state-displacement"
"1","feedback","20","20","20","0.05","0.25","2","-8","-1.5","160","22","22","12.780000000000001","20","20","0","0.38","0","0","0","false","true","false","7.219999999999999","true","state-displacement"
"1","feedback","20","20","20","0.05","0.25","2","-8","-1.5","160","23","23","13.141000000000002","20","20","0","0.361","0","0","0","false","true","false","6.858999999999998","true","state-displacement"
"1","feedback","20","20","20","0.05","0.25","2","-8","-1.5","160","24","24","13.483950000000002","20","20","0","0.3429499999999999","0","0","0","false","true","false","6.516049999999998","true","state-displacement"
"1","feedback","20","20","20","0.05","0.25","2","-8","-1.5","160","25","25","13.809752500000002","20","20","0","0.32580249999999994","0","0","0","false","true","false","6.190247499999998","true","state-displacement"
"1","feedback","20","20","20","0.05","0.25","2","-8","-1.5","160","26","26","14.119264875000002","20","20","0","0.30951237499999995","0","0","0","false","true","false","5.8807351249999975","true","state-displacement"
"1","feedback","20","20","20","0.05","0.25","2","-8","-1.5","160","27","27","14.413301631250002","20","20","0","0.29403675624999986","0","0","0","false","true","false","5.586698368749998","true","state-displacement"
"1","feedback","20","20","20","0.05","0.25","2","-8","-1.5","160","28","28","14.692636549687503","20","20","0","0.2793349184374999","0","0","0","false","true","false","5.307363450312497","true","state-displacement"
"1","feedback","20","20","20","0.05","0.25","2","-8","-1.5","160","29","29","14.958004722203128","20","20","0","0.2653681725156249","0","0","0","false","true","false","5.041995277796872","true","state-displacement"
"1","feedback","20","20","20","0.05","0.25","2","-8","-1.5","160","30","30","15.210104486092971","20","20","0","0.2520997638898436","0","0","0","false","true","false","4.7898955139070285","true","state-displacement"
"1","feedback","20","20","20","0.05","0.25","2","-8","-1.5","160","31","31","15.449599261788324","20","20","0","0.23949477569535144","0","0","0","false","true","false","4.5504007382116765","true","state-displacement"
"1","feedback","20","20","20","0.05","0.25","2","-8","-1.5","160","32","32","15.677119298698907","20","20","0","0.22752003691058384","0","0","0","false","true","false","4.322880701301093","true","state-displacement"
"1","feedback","20","20","20","0.05","0.25","2","-8","-1.5","160","33","33","15.893263333763961","20","20","0","0.21614403506505467","0","0","0","false","true","false","4.1067366662360385","true","state-displacement"
"1","feedback","20","20","20","0.05","0.25","2","-8","-1.5","160","34","34","16.098600167075762","20","20","0","0.20533683331180194","0","0","0","false","true","false","3.9013998329242376","true","state-displacement"
"1","feedback","20","20","20","0.05","0.25","2","-8","-1.5","160","35","35","16.293670158721973","20","20","0","0.1950699916462119","0","0","0","false","true","false","3.706329841278027","true","state-displacement"
"1","feedback","20","20","20","0.05","0.25","2","-8","-1.5","160","36","36","16.478986650785874","20","20","0","0.18531649206390136","0","0","0","false","true","false","3.521013349214126","true","state-displacement"
"1","feedback","20","20","20","0.05","0.25","2","-8","-1.5","160","37","37","16.65503731824658","20","20","0","0.1760506674607063","0","0","0","false","true","false","3.344962681753419","true","state-displacement"
"1","feedback","20","20","20","0.05","0.25","2","-8","-1.5","160","38","38","16.822285452334253","20","20","0","0.16724813408767095","0","0","0","false","true","false","3.1777145476657473","true","state-displacement"
"1","feedback","20","20","20","0.05","0.25","2","-8","-1.5","160","39","39","16.98117117971754","20","20","0","0.15888572738328738","0","0","0","false","true","false","3.0188288202824616","true","state-displacement"
"1","feedback","20","20","20","0.05","0.25","2","-8","-1.5","160","40","40","17.13211262073166","20","20","0","0.1509414410141231","0","0","0","false","true","false","2.867887379268339","true","state-displacement"
"1","feedback","20","20","20","0.05","0.25","2","-8","-1.5","160","41","41","17.275506989695078","20","20","0","0.14339436896341695","0","0","0","false","true","false","2.724493010304922","true","state-displacement"
"1","feedback","20","20","20","0.05","0.25","2","-8","-1.5","160","42","42","17.411731640210323","20","20","0","0.1362246505152461","0","0","0","false","true","false","2.5882683597896765","true","state-displacement"
"1","feedback","20","20","20","0.05","0.25","2","-8","-1.5","160","43","43","17.541145058199806","20","20","0","0.12941341798948383","0","0","0","false","true","false","2.458854941800194","true","state-displacement"
"1","feedback","20","20","20","0.05","0.25","2","-8","-1.5","160","44","44","17.664087805289817","20","20","0","0.1229427470900097","0","0","0","false","true","false","2.3359121947101826","true","state-displacement"
"1","feedback","20","20","20","0.05","0.25","2","-8","-1.5","160","45","45","17.780883415025325","20","20","0","0.11679560973550913","0","0","0","false","true","false","2.2191165849746746","true","state-displacement"
"1","feedback","20","20","20","0.05","0.25","2","-8","-1.5","160","46","46","17.89183924427406","20","20","0","0.11095582924873373","0","0","0","false","true","false","2.1081607557259403","true","state-displacement"
"1","feedback","20","20","20","0.05","0.25","2","-8","-1.5","160","47","47","17.997247282060357","20","20","0","0.10540803778629702","0","0","0","false","true","false","2.002752717939643","true","state-displacement"
"1","feedback","20","20","20","0.05","0.25","2","-8","-1.5","160","48","48","18.09738491795734","20","20","0","0.10013763589698216","0","0","0","false","true","false","1.9026150820426615","true","state-displacement"
"1","feedback","20","20","20","0.05","0.25","2","-8","-1.5","160","49","49","18.19251567205947","20","20","0","0.09513075410213308","0","0","0","false","true","false","1.8074843279405286","true","state-displacement"
"1","feedback","20","20","20","0.05","0.25","2","-8","-1.5","160","50","50","18.2828898884565","20","20","0","0.09037421639702643","0","0","0","false","true","false","1.7171101115435015","true","state-displacement"
"1","feedback","20","20","20","0.05","0.25","2","-8","-1.5","160","51","51","18.368745394033674","20","20","0","0.08585550557717508","0","0","0","false","true","false","1.6312546059663262","true","state-displacement"
"1","feedback","20","20","20","0.05","0.25","2","-8","-1.5","160","52","52","18.45030812433199","20","20","0","0.08156273029831632","0","0","0","false","true","false","1.5496918756680103","true","state-displacement"
"1","feedback","20","20","20","0.05","0.25","2","-8","-1.5","160","53","53","18.52779271811539","20","20","0","0.07748459378340052","0","0","0","false","true","false","1.4722072818846108","true","state-displacement"
"1","feedback","20","20","20","0.05","0.25","2","-8","-1.5","160","54","54","18.601403082209618","20","20","0","0.07361036409423054","0","0","0","false","true","false","1.3985969177903819","true","state-displacement"
"1","feedback","20","20","20","0.05","0.25","2","-8","-1.5","160","55","55","18.671332928099137","20","20","0","0.0699298458895191","0","0","0","false","true","false","1.3286670719008633","true","state-displacement"
"1","feedback","20","20","20","0.05","0.25","2","-8","-1.5","160","56","56","18.73776628169418","20","20","0","0.06643335359504317","0","0","0","false","true","false","1.2622337183058185","true","state-displacement"
"1","feedback","20","20","20","0.05","0.25","2","-8","-1.5","160","57","57","18.800877967609473","20","20","0","0.06311168591529093","0","0","0","false","true","false","1.1991220323905267","true","state-displacement"
"1","feedback","20","20","20","0.05","0.25","2","-8","-1.5","160","58","58","18.860834069229","20","20","0","0.05995610161952634","0","0","0","false","true","false","1.139165930771","true","state-displacement"
"1","feedback","20","20","20","0.05","0.25","2","-8","-1.5","160","59","59","18.91779236576755","20","20","0","0.05695829653855","0","0","0","false","true","false","1.08220763423245","true","state-displacement"
"1","feedback","20","20","20","0.05","0.25","2","-8","-1.5","160","60","60","18.971902747479174","20","20","0","0.0541103817116225","0","0","0","false","true","false","1.0280972525208263","true","state-displacement"
"1","feedback","20","20","20","0.05","0.25","2","-8","-1.5","160","61","61","19.023307610105213","20","20","0","0.05140486262604132","0","0","0","false","true","false","0.9766923898947866","true","state-displacement"
"1","feedback","20","20","20","0.05","0.25","2","-8","-1.5","160","62","62","19.072142229599955","20","20","0","0.04883461949473933","0","0","0","false","true","false","0.9278577704000455","true","state-displacement"
"1","feedback","20","20","20","0.05","0.25","2","-8","-1.5","160","63","63","19.118535118119958","20","20","0","0.04639288852000228","0","0","0","false","true","false","0.8814648818800421","true","state-displacement"
"1","feedback","20","20","20","0.05","0.25","2","-8","-1.5","160","64","64","19.16260836221396","20","20","0","0.04407324409400211","0","0","0","false","true","false","0.8373916377860411","true","state-displacement"
"1","feedback","20","20","20","0.05","0.25","2","-8","-1.5","160","65","65","19.20447794410326","20","20","0","0.04186958188930206","0","0","0","false","true","false","0.7955220558967397","true","state-displacement"
"1","feedback","20","20","20","0.05","0.25","2","-8","-1.5","160","66","66","19.244254046898096","20","20","0","0.03977610279483699","0","0","0","false","true","false","0.7557459531019042","true","state-displacement"
"1","feedback","20","20","20","0.05","0.25","2","-8","-1.5","160","67","67","19.282041344553193","20","20","0","0.03778729765509521","0","0","0","false","true","false","0.7179586554468074","true","state-displacement"
"1","feedback","20","20","20","0.05","0.25","2","-8","-1.5","160","68","68","19.317939277325532","20","20","0","0.03589793277234037","0","0","0","false","true","false","0.6820607226744677","true","state-displacement"
"1","feedback","20","20","20","0.05","0.25","2","-8","-1.5","160","69","69","19.352042313459254","20","20","0","0.03410303613372339","0","0","0","false","true","false","0.6479576865407459","true","state-displacement"
"1","feedback","20","20","20","0.05","0.25","2","-8","-1.5","160","70","70","19.38444019778629","20","20","0","0.032397884327037295","0","0","0","false","true","false","0.6155598022137099","true","state-displacement"
"1","feedback","20","20","20","0.05","0.25","2","-8","-1.5","160","71","71","19.415218187896976","20","20","0","0.030777990110685494","0","0","0","false","true","false","0.5847818121030244","true","state-displacement"
"1","feedback","20","20","20","0.05","0.25","2","-8","-1.5","160","72","72","19.444457278502128","20","20","0","0.02923909060515122","0","0","0","false","true","false","0.5555427214978721","true","state-displacement"
"1","feedback","20","20","20","0.05","0.25","2","-8","-1.5","160","73","73","19.47223441457702","20","20","0","0.027777136074893606","0","0","0","false","true","false","0.5277655854229799","true","state-displacement"
"1","feedback","20","20","20","0.05","0.25","2","-8","-1.5","160","74","74","19.49862269384817","20","20","0","0.026388279271148996","0","0","0","false","true","false","0.5013773061518307","true","state-displacement"
"1","feedback","20","20","20","0.05","0.25","2","-8","-1.5","160","75","75","19.52369155915576","20","20","0","0.025068865307591538","0","0","0","false","true","false","0.47630844084423885","true","state-displacement"
"1","feedback","20","20","20","0.05","0.25","2","-8","-1.5","160","76","76","19.547506981197973","20","20","0","0.023815422042211945","0","0","0","false","true","false","0.4524930188020271","true","state-displacement"
"1","feedback","20","20","20","0.05","0.25","2","-8","-1.5","160","77","77","19.570131632138075","20","20","0","0.022624650940101354","0","0","0","false","true","false","0.42986836786192484","true","state-displacement"
"1","feedback","20","20","20","0.05","0.25","2","-8","-1.5","160","78","78","19.59162505053117","20","20","0","0.021493418393096243","0","0","0","false","true","false","0.40837494946882913","true","state-displacement"
"1","feedback","20","20","20","0.05","0.25","2","-8","-1.5","160","79","79","19.612043798004613","20","20","0","0.020418747473441457","0","0","0","false","true","false","0.3879562019953866","true","state-displacement"
"1","feedback","20","20","20","0.05","0.25","2","-8","-1.5","160","80","80","19.63144160810438","20","20","0","0.019397810099769333","0","0","0","false","true","false","0.36855839189561834","true","state-displacement"
"1","feedback","20","20","20","0.05","0.25","2","-8","-1.5","160","81","81","19.649869527699163","20","20","0","0.018427919594780916","0","0","0","false","true","false","0.3501304723008367","true","state-displacement"
"1","feedback","20","20","20","0.05","0.25","2","-8","-1.5","160","82","82","19.667376051314204","20","20","0","0.017506523615041836","0","0","0","false","true","false","0.3326239486857965","true","state-displacement"
"1","feedback","20","20","20","0.05","0.25","2","-8","-1.5","160","83","83","19.684007248748493","20","20","0","0.016631197434289823","0","0","0","false","true","false","0.31599275125150683","true","state-displacement"
"1","feedback","20","20","20","0.05","0.25","2","-8","-1.5","160","84","84","19.69980688631107","20","20","0","0.015799637562575342","0","0","0","false","true","false","0.3001931136889304","true","state-displacement"
"1","feedback","20","20","20","0.05","0.25","2","-8","-1.5","160","85","85","19.714816541995518","20","20","0","0.015009655684446522","0","0","0","false","true","false","0.2851834580044823","true","state-displacement"
"1","feedback","20","20","20","0.05","0.25","2","-8","-1.5","160","86","86","19.729075714895743","20","20","0","0.014259172900224116","0","0","0","false","true","false","0.2709242851042575","true","state-displacement"
"1","feedback","20","20","20","0.05","0.25","2","-8","-1.5","160","87","87","19.742621929150957","20","20","0","0.013546214255212874","0","0","0","false","true","false","0.2573780708490432","true","state-displacement"
"1","feedback","20","20","20","0.05","0.25","2","-8","-1.5","160","88","88","19.755490832693408","20","20","0","0.01286890354245216","0","0","0","false","true","false","0.24450916730659245","true","state-displacement"
"1","feedback","20","20","20","0.05","0.25","2","-8","-1.5","160","89","89","19.767716291058736","20","20","0","0.012225458365329622","0","0","0","false","true","false","0.2322837089412637","true","state-displacement"
"1","feedback","20","20","20","0.05","0.25","2","-8","-1.5","160","90","90","19.7793304765058","20","20","0","0.011614185447063186","0","0","0","false","true","false","0.22066952349420177","true","state-displacement"
"1","feedback","20","20","20","0.05","0.25","2","-8","-1.5","160","91","91","19.790363952680508","20","20","0","0.011033476174710089","0","0","0","false","true","false","0.20963604731949204","true","state-displacement"
"1","feedback","20","20","20","0.05","0.25","2","-8","-1.5","160","92","92","19.80084575504648","20","20","0","0.010481802365974603","0","0","0","false","true","false","0.19915424495351886","true","state-displacement"
"1","feedback","20","20","20","0.05","0.25","2","-8","-1.5","160","93","93","19.810803467294157","20","20","0","0.009957712247675943","0","0","0","false","true","false","0.1891965327058429","true","state-displacement"
"1","feedback","20","20","20","0.05","0.25","2","-8","-1.5","160","94","94","19.82026329392945","20","20","0","0.009459826635292146","0","0","0","false","true","false","0.1797367060705497","true","state-displacement"
"1","feedback","20","20","20","0.05","0.25","2","-8","-1.5","160","95","95","19.829250129232978","20","20","0","0.008986835303527485","0","0","0","false","true","false","0.17074987076702186","true","state-displacement"
"1","feedback","20","20","20","0.05","0.25","2","-8","-1.5","160","96","96","19.83778762277133","20","20","0","0.008537493538351093","0","0","0","false","true","false","0.16221237722866988","true","state-displacement"
"1","feedback","20","20","20","0.05","0.25","2","-8","-1.5","160","97","97","19.845898241632764","20","20","0","0.008110618861433494","0","0","0","false","true","false","0.15410175836723639","true","state-displacement"
"1","feedback","20","20","20","0.05","0.25","2","-8","-1.5","160","98","98","19.853603329551124","20","20","0","0.00770508791836182","0","0","0","false","true","false","0.14639667044887616","true","state-displacement"
"1","feedback","20","20","20","0.05","0.25","2","-8","-1.5","160","99","99","19.86092316307357","20","20","0","0.007319833522443808","0","0","0","false","true","false","0.13907683692643147","true","state-displacement"
"1","feedback","20","20","20","0.05","0.25","2","-8","-1.5","160","100","100","19.86787700491989","20","20","0","0.006953841846321574","0","0","0","false","true","false","0.13212299508010972","true","state-displacement"
"1","feedback","20","20","20","0.05","0.25","2","-8","-1.5","160","101","101","19.874483154673896","20","20","0","0.006606149754005486","0","0","0","false","true","false","0.12551684532610352","true","state-displacement"
"1","feedback","20","20","20","0.05","0.25","2","-8","-1.5","160","102","102","19.8807589969402","20","20","0","0.006275842266305176","0","0","0","false","true","false","0.11924100305979835","true","state-displacement"
"1","feedback","20","20","20","0.05","0.25","2","-8","-1.5","160","103","103","19.886721047093193","20","20","0","0.005962050152989918","0","0","0","false","true","false","0.113278952906807","true","state-displacement"
"1","feedback","20","20","20","0.05","0.25","2","-8","-1.5","160","104","104","19.892384994738535","20","20","0","0.0056639476453403505","0","0","0","false","true","false","0.10761500526146506","true","state-displacement"
"1","feedback","20","20","20","0.05","0.25","2","-8","-1.5","160","105","105","19.897765745001607","20","20","0","0.005380750263073253","0","0","0","false","true","false","0.10223425499839323","true","state-displacement"
"1","feedback","20","20","20","0.05","0.25","2","-8","-1.5","160","106","106","19.902877457751526","20","20","0","0.005111712749919662","0","0","0","false","true","false","0.09712254224847428","true","state-displacement"
"1","feedback","20","20","20","0.05","0.25","2","-8","-1.5","160","107","107","19.907733584863948","20","20","0","0.0048561271124237144","0","0","0","false","true","false","0.09226641513605216","true","state-displacement"
"1","feedback","20","20","20","0.05","0.25","2","-8","-1.5","160","108","108","19.91234690562075","20","20","0","0.004613320756802608","0","0","0","false","true","false","0.08765309437924884","true","state-displacement"
"1","feedback","20","20","20","0.05","0.25","2","-8","-1.5","160","109","109","19.916729560339714","20","20","0","0.004382654718962442","0","0","0","false","true","false","0.08327043966028569","true","state-displacement"
"1","feedback","20","20","20","0.05","0.25","2","-8","-1.5","160","110","110","19.920893082322728","20","20","0","0.0041635219830142844","0","0","0","false","true","false","0.07910691767727229","true","state-displacement"
"1","feedback","20","20","20","0.05","0.25","2","-8","-1.5","160","111","111","19.92484842820659","20","20","0","0.003955345883863615","0","0","0","false","true","false","0.07515157179340903","true","state-displacement"
"1","feedback","20","20","20","0.05","0.25","2","-8","-1.5","160","112","112","19.92860600679626","20","20","0","0.003757578589670452","0","0","0","false","true","false","0.0713939932037384","true","state-displacement"
"1","feedback","20","20","20","0.05","0.25","2","-8","-1.5","160","113","113","19.932175706456448","20","20","0","0.0035696996601869203","0","0","0","false","true","false","0.06782429354355202","true","state-displacement"
"1","feedback","20","20","20","0.05","0.25","2","-8","-1.5","160","114","114","19.935566921133624","20","20","0","0.003391214677177601","0","0","0","false","true","false","0.06443307886637584","true","state-displacement"
"1","feedback","20","20","20","0.05","0.25","2","-8","-1.5","160","115","115","19.93878857507694","20","20","0","0.003221653943318792","0","0","0","false","true","false","0.061211424923058644","true","state-displacement"
"1","feedback","20","20","20","0.05","0.25","2","-8","-1.5","160","116","116","19.941849146323094","20","20","0","0.0030605712461529325","0","0","0","false","true","false","0.05815085367690642","true","state-displacement"
"1","feedback","20","20","20","0.05","0.25","2","-8","-1.5","160","117","117","19.94475668900694","20","20","0","0.0029075426838453215","0","0","0","false","true","false","0.05524331099305968","true","state-displacement"
"1","feedback","20","20","20","0.05","0.25","2","-8","-1.5","160","118","118","19.947518854556595","20","20","0","0.002762165549652984","0","0","0","false","true","false","0.0524811454434051","true","state-displacement"
"1","feedback","20","20","20","0.05","0.25","2","-8","-1.5","160","119","119","19.950142911828767","20","20","0","0.002624057272170255","0","0","0","false","true","false","0.049857088171233244","true","state-displacement"
"1","feedback","20","20","20","0.05","0.25","2","-8","-1.5","160","120","120","19.95263576623733","20","20","0","0.0024928544085616624","0","0","0","false","true","false","0.047364233762671404","true","state-displacement"
"1","feedback","20","20","20","0.05","0.25","2","-8","-1.5","160","121","121","19.95500397792546","20","20","0","0.0023682116881335704","0","0","0","false","true","false","0.0449960220745389","true","state-displacement"
"1","feedback","20","20","20","0.05","0.25","2","-8","-1.5","160","122","122","19.957253779029188","20","20","0","0.002249801103726945","0","0","0","false","true","false","0.04274622097081249","true","state-displacement"
"1","feedback","20","20","20","0.05","0.25","2","-8","-1.5","160","123","123","19.959391090077727","20","20","0","0.0021373110485406245","0","0","0","false","true","false","0.040608909922273284","true","state-displacement"
"1","feedback","20","20","20","0.05","0.25","2","-8","-1.5","160","124","124","19.96142153557384","20","20","0","0.002030445496113664","0","0","0","false","true","false","0.03857846442615909","true","state-displacement"
"1","feedback","20","20","20","0.05","0.25","2","-8","-1.5","160","125","125","19.963350458795148","20","20","0","0.0019289232213079545","0","0","0","false","true","false","0.0366495412048522","true","state-displacement"
"1","feedback","20","20","20","0.05","0.25","2","-8","-1.5","160","126","126","19.965182935855392","20","20","0","0.00183247706024261","0","0","0","false","true","false","0.03481706414460817","true","state-displacement"
"1","feedback","20","20","20","0.05","0.25","2","-8","-1.5","160","127","127","19.966923789062623","20","20","0","0.0017408532072304085","0","0","0","false","true","false","0.033076210937377226","true","state-displacement"
"1","feedback","20","20","20","0.05","0.25","2","-8","-1.5","160","128","128","19.968577599609493","20","20","0","0.0016538105468688613","0","0","0","false","true","false","0.03142240039050748","true","state-displacement"
"1","feedback","20","20","20","0.05","0.25","2","-8","-1.5","160","129","129","19.97014871962902","20","20","0","0.001571120019525374","0","0","0","false","true","false","0.029851280370980504","true","state-displacement"
"1","feedback","20","20","20","0.05","0.25","2","-8","-1.5","160","130","130","19.971641283647568","20","20","0","0.0014925640185490252","0","0","0","false","true","false","0.028358716352432367","true","state-displacement"
"1","feedback","20","20","20","0.05","0.25","2","-8","-1.5","160","131","131","19.97305921946519","20","20","0","0.0014179358176216184","0","0","0","false","true","false","0.026940780534811637","true","state-displacement"
"1","feedback","20","20","20","0.05","0.25","2","-8","-1.5","160","132","132","19.97440625849193","20","20","0","0.001347039026740582","0","0","0","false","true","false","0.025593741508071588","true","state-displacement"
"1","feedback","20","20","20","0.05","0.25","2","-8","-1.5","160","133","133","19.97568594556733","20","20","0","0.0012796870754035795","0","0","0","false","true","false","0.02431405443266854","true","state-displacement"
"1","feedback","20","20","20","0.05","0.25","2","-8","-1.5","160","134","134","19.976901648288965","20","20","0","0.0012157027216334272","0","0","0","false","true","false","0.02309835171103458","true","state-displacement"
"1","feedback","20","20","20","0.05","0.25","2","-8","-1.5","160","135","135","19.978056565874518","20","20","0","0.0011549175855517292","0","0","0","false","true","false","0.021943434125482497","true","state-displacement"
"1","feedback","20","20","20","0.05","0.25","2","-8","-1.5","160","136","136","19.97915373758079","20","20","0","0.001097171706274125","0","0","0","false","true","false","0.020846262419208728","true","state-displacement"
"1","feedback","20","20","20","0.05","0.25","2","-8","-1.5","160","137","137","19.980196050701753","20","20","0","0.0010423131209604363","0","0","0","false","true","false","0.019803949298246692","true","state-displacement"
"1","feedback","20","20","20","0.05","0.25","2","-8","-1.5","160","138","138","19.981186248166665","20","20","0","9.901974649123347E-4","0","0","0","false","true","false","0.01881375183333489","true","state-displacement"
"1","feedback","20","20","20","0.05","0.25","2","-8","-1.5","160","139","139","19.98212693575833","20","20","0","9.406875916667446E-4","0","0","0","false","true","false","0.017873064241669567","true","state-displacement"
"1","feedback","20","20","20","0.05","0.25","2","-8","-1.5","160","140","140","19.983020588970415","20","20","0","8.936532120834784E-4","0","0","0","false","true","false","0.016979411029584668","true","state-displacement"
"1","feedback","20","20","20","0.05","0.25","2","-8","-1.5","160","141","141","19.983869559521896","20","20","0","8.489705514792335E-4","0","0","0","false","true","false","0.01613044047810419","true","state-displacement"
"1","feedback","20","20","20","0.05","0.25","2","-8","-1.5","160","142","142","19.9846760815458","20","20","0","8.065220239052096E-4","0","0","0","false","true","false","0.015323918454200225","true","state-displacement"
"1","feedback","20","20","20","0.05","0.25","2","-8","-1.5","160","143","143","19.98544227746851","20","20","0","7.661959227100113E-4","0","0","0","false","true","false","0.014557722531488793","true","state-displacement"
"1","feedback","20","20","20","0.05","0.25","2","-8","-1.5","160","144","144","19.986170163595087","20","20","0","7.278861265744397E-4","0","0","0","false","true","false","0.013829836404912754","true","state-displacement"
"1","feedback","20","20","20","0.05","0.25","2","-8","-1.5","160","145","145","19.986861655415332","20","20","0","6.914918202456377E-4","0","0","0","false","true","false","0.013138344584668005","true","state-displacement"
"1","feedback","20","20","20","0.05","0.25","2","-8","-1.5","160","146","146","19.987518572644564","20","20","0","6.569172292334003E-4","0","0","0","false","true","false","0.01248142735543567","true","state-displacement"
"1","feedback","20","20","20","0.05","0.25","2","-8","-1.5","160","147","147","19.988142644012335","20","20","0","6.240713677717835E-4","0","0","0","false","true","false","0.01185735598766513","true","state-displacement"
"1","feedback","20","20","20","0.05","0.25","2","-8","-1.5","160","148","148","19.98873551181172","20","20","0","5.928677993832566E-4","0","0","0","false","true","false","0.011264488188281518","true","state-displacement"
"1","feedback","20","20","20","0.05","0.25","2","-8","-1.5","160","149","149","19.989298736221134","20","20","0","5.63224409414076E-4","0","0","0","false","true","false","0.010701263778866377","true","state-displacement"
"1","feedback","20","20","20","0.05","0.25","2","-8","-1.5","160","150","150","19.98983379941008","20","20","0","5.350631889433189E-4","0","0","0","false","true","false","0.01016620058992146","true","state-displacement"
"1","feedback","20","20","20","0.05","0.25","2","-8","-1.5","160","151","151","19.990342109439574","20","20","0","5.08310029496073E-4","0","0","0","false","true","false","0.009657890560426097","true","state-displacement"
"1","feedback","20","20","20","0.05","0.25","2","-8","-1.5","160","152","152","19.990825003967593","20","20","0","4.8289452802130484E-4","0","0","0","false","true","false","0.009174996032406568","true","state-displacement"
"1","feedback","20","20","20","0.05","0.25","2","-8","-1.5","160","153","153","19.991283753769213","20","20","0","4.5874980162032843E-4","0","0","0","false","true","false","0.008716246230786595","true","state-displacement"
"1","feedback","20","20","20","0.05","0.25","2","-8","-1.5","160","154","154","19.991719566080754","20","20","0","4.3581231153932976E-4","0","0","0","false","true","false","0.008280433919246377","true","state-displacement"
"1","feedback","20","20","20","0.05","0.25","2","-8","-1.5","160","155","155","19.992133587776717","20","20","0","4.140216959623189E-4","0","0","0","false","true","false","0.007866412223282992","true","state-displacement"
"1","feedback","20","20","20","0.05","0.25","2","-8","-1.5","160","156","156","19.99252690838788","20","20","0","3.933206111641496E-4","0","0","0","false","true","false","0.007473091612119731","true","state-displacement"
"1","feedback","20","20","20","0.05","0.25","2","-8","-1.5","160","157","157","19.992900562968487","20","20","0","3.736545806059866E-4","0","0","0","false","true","false","0.007099437031513389","true","state-displacement"
"1","feedback","20","20","20","0.05","0.25","2","-8","-1.5","160","158","158","19.99325553482006","20","20","0","3.549718515756695E-4","0","0","0","false","true","false","0.00674446517993843","true","state-displacement"
"1","feedback","20","20","20","0.05","0.25","2","-8","-1.5","160","159","159","19.993592758079057","20","20","0","3.3722325899692156E-4","0","0","0","false","true","false","0.0064072419209431075","true","state-displacement"
"1","feedback","20","20","20","0.05","0.25","2","-8","-1.5","160","160","160","19.993913120175105","20","20","0","3.203620960471554E-4","0","0","0","false","true","false","0.006086879824895419","true","state-displacement"
"2","feedback","20","20","20","0.05","0.25","2","-4","-1.5","160","0","0","20","20","20","0","0","0","0","0","false","false","false","0","true","setup"
"2","feedback","20","20","20","0.05","0.25","2","-4","-1.5","160","1","1","20","20","20","0","0","0","0","0","false","false","false","0","true","setup"
"2","feedback","20","20","20","0.05","0.25","2","-4","-1.5","160","2","2","20","20","20","0","0","0","0","0","false","false","false","0","true","setup"
"2","feedback","20","20","20","0.05","0.25","2","-4","-1.5","160","3","3","20","20","20","0","0","0","0","0","false","false","false","0","true","setup"
"2","feedback","20","20","20","0.05","0.25","2","-4","-1.5","160","4","4","20","20","20","0","0","0","0","0","false","false","false","0","true","setup"
"2","feedback","20","20","20","0.05","0.25","2","-4","-1.5","160","5","5","20","20","20","0","0","0","0","0","false","false","false","0","true","setup"
"2","feedback","20","20","20","0.05","0.25","2","-4","-1.5","160","6","6","20","20","20","0","0","0","0","0","false","false","false","0","true","setup"
"2","feedback","20","20","20","0.05","0.25","2","-4","-1.5","160","7","7","20","20","20","0","0","0","0","0","false","false","false","0","true","setup"
"2","feedback","20","20","20","0.05","0.25","2","-4","-1.5","160","8","8","20","20","20","0","0","0","0","0","false","false","false","0","true","setup"
"2","feedback","20","20","20","0.05","0.25","2","-4","-1.5","160","9","9","20","20","20","0","0","0","0","0","false","false","false","0","true","setup"
"2","feedback","20","20","20","0.05","0.25","2","-4","-1.5","160","10","10","20","20","20","0","0","0","0","0","false","false","false","0","true","setup"
"2","feedback","20","20","20","0.05","0.25","2","-4","-1.5","160","11","11","20","20","20","0","0","0","0","0","false","false","false","0","true","setup"
"2","feedback","20","20","20","0.05","0.25","2","-4","-1.5","160","12","12","20","20","20","0","0","0","0","0","false","false","false","0","true","setup"
"2","feedback","20","20","20","0.05","0.25","2","-4","-1.5","160","13","13","20","20","20","0","0","0","0","0","false","false","false","0","true","setup"
"2","feedback","20","20","20","0.05","0.25","2","-4","-1.5","160","14","14","20","20","20","0","0","0","0","0","false","false","false","0","true","setup"
"2","feedback","20","20","20","0.05","0.25","2","-4","-1.5","160","15","15","20","20","20","0","0","0","0","0","false","false","false","0","true","setup"
"2","feedback","20","20","20","0.05","0.25","2","-4","-1.5","160","16","16","20","20","20","0","0","0","0","0","false","false","false","0","true","setup"
"2","feedback","20","20","20","0.05","0.25","2","-4","-1.5","160","17","17","20","20","20","0","0","0","0","0","false","false","false","0","true","setup"
"2","feedback","20","20","20","0.05","0.25","2","-4","-1.5","160","18","18","20","20","20","0","0","0","0","0","false","false","false","0","true","setup"
"2","feedback","20","20","20","0.05","0.25","2","-4","-1.5","160","19","19","20","20","20","0","0","0","0","0","false","false","false","0","true","setup"
"2","feedback","20","20","20","0.05","0.25","2","-4","-1.5","160","20","20","20","20","20","0","0","0","0","0","false","false","false","0","true","setup"
"2","feedback","20","20","20","0.05","0.25","2","-4","-1.5","160","21","21","16.2","20","20","0","0.2","0","0","0","false","true","false","3.8000000000000007","true","state-displacement"
"2","feedback","20","20","20","0.05","0.25","2","-4","-1.5","160","22","22","16.39","20","20","0","0.19000000000000006","0","0","0","false","true","false","3.6099999999999994","true","state-displacement"
"2","feedback","20","20","20","0.05","0.25","2","-4","-1.5","160","23","23","16.5705","20","20","0","0.1805","0","0","0","false","true","false","3.429500000000001","true","state-displacement"
"2","feedback","20","20","20","0.05","0.25","2","-4","-1.5","160","24","24","16.741975","20","20","0","0.17147500000000004","0","0","0","false","true","false","3.258025","true","state-displacement"
"2","feedback","20","20","20","0.05","0.25","2","-4","-1.5","160","25","25","16.90487625","20","20","0","0.16290125","0","0","0","false","true","false","3.095123749999999","true","state-displacement"
"2","feedback","20","20","20","0.05","0.25","2","-4","-1.5","160","26","26","17.0596324375","20","20","0","0.15475618749999998","0","0","0","false","true","false","2.9403675625000005","true","state-displacement"
"2","feedback","20","20","20","0.05","0.25","2","-4","-1.5","160","27","27","17.206650815625","20","20","0","0.14701837812500004","0","0","0","false","true","false","2.793349184375","true","state-displacement"
"2","feedback","20","20","20","0.05","0.25","2","-4","-1.5","160","28","28","17.34631827484375","20","20","0","0.13966745921874998","0","0","0","false","true","false","2.6536817251562503","true","state-displacement"
"2","feedback","20","20","20","0.05","0.25","2","-4","-1.5","160","29","29","17.47900236110156","20","20","0","0.13268408625781253","0","0","0","false","true","false","2.5209976388984394","true","state-displacement"
"2","feedback","20","20","20","0.05","0.25","2","-4","-1.5","160","30","30","17.605052243046483","20","20","0","0.12604988194492198","0","0","0","false","true","false","2.394947756953517","true","state-displacement"
"2","feedback","20","20","20","0.05","0.25","2","-4","-1.5","160","31","31","17.724799630894157","20","20","0","0.11974738784767586","0","0","0","false","true","false","2.2752003691058427","true","state-displacement"
"2","feedback","20","20","20","0.05","0.25","2","-4","-1.5","160","32","32","17.83855964934945","20","20","0","0.11376001845529214","0","0","0","false","true","false","2.161440350650551","true","state-displacement"
"2","feedback","20","20","20","0.05","0.25","2","-4","-1.5","160","33","33","17.946631666881977","20","20","0","0.10807201753252756","0","0","0","false","true","false","2.053368333118023","true","state-displacement"
"2","feedback","20","20","20","0.05","0.25","2","-4","-1.5","160","34","34","18.04930008353788","20","20","0","0.10266841665590115","0","0","0","false","true","false","1.9506999164621206","true","state-displacement"
"2","feedback","20","20","20","0.05","0.25","2","-4","-1.5","160","35","35","18.146835079360986","20","20","0","0.09753499582310604","0","0","0","false","true","false","1.8531649206390135","true","state-displacement"
"2","feedback","20","20","20","0.05","0.25","2","-4","-1.5","160","36","36","18.23949332539294","20","20","0","0.09265824603195068","0","0","0","false","true","false","1.7605066746070612","true","state-displacement"
"2","feedback","20","20","20","0.05","0.25","2","-4","-1.5","160","37","37","18.327518659123292","20","20","0","0.08802533373035307","0","0","0","false","true","false","1.6724813408767076","true","state-displacement"
"2","feedback","20","20","20","0.05","0.25","2","-4","-1.5","160","38","38","18.411142726167128","20","20","0","0.08362406704383539","0","0","0","false","true","false","1.588857273832872","true","state-displacement"
"2","feedback","20","20","20","0.05","0.25","2","-4","-1.5","160","39","39","18.49058558985877","20","20","0","0.0794428636916436","0","0","0","false","true","false","1.509414410141229","true","state-displacement"
"2","feedback","20","20","20","0.05","0.25","2","-4","-1.5","160","40","40","18.566056310365834","20","20","0","0.07547072050706145","0","0","0","false","true","false","1.433943689634166","true","state-displacement"
"2","feedback","20","20","20","0.05","0.25","2","-4","-1.5","160","41","41","18.63775349484754","20","20","0","0.0716971844817083","0","0","0","false","true","false","1.3622465051524593","true","state-displacement"
"2","feedback","20","20","20","0.05","0.25","2","-4","-1.5","160","42","42","18.705865820105164","20","20","0","0.06811232525762297","0","0","0","false","true","false","1.2941341798948365","true","state-displacement"
"2","feedback","20","20","20","0.05","0.25","2","-4","-1.5","160","43","43","18.770572529099905","20","20","0","0.06470670899474183","0","0","0","false","true","false","1.2294274709000952","true","state-displacement"
"2","feedback","20","20","20","0.05","0.25","2","-4","-1.5","160","44","44","18.83204390264491","20","20","0","0.06147137354500476","0","0","0","false","true","false","1.1679560973550913","true","state-displacement"
"2","feedback","20","20","20","0.05","0.25","2","-4","-1.5","160","45","45","18.890441707512664","20","20","0","0.05839780486775457","0","0","0","false","true","false","1.1095582924873355","true","state-displacement"
"2","feedback","20","20","20","0.05","0.25","2","-4","-1.5","160","46","46","18.94591962213703","20","20","0","0.05547791462436678","0","0","0","false","true","false","1.0540803778629702","true","state-displacement"
"2","feedback","20","20","20","0.05","0.25","2","-4","-1.5","160","47","47","18.99862364103018","20","20","0","0.05270401889314851","0","0","0","false","true","false","1.0013763589698215","true","state-displacement"
"2","feedback","20","20","20","0.05","0.25","2","-4","-1.5","160","48","48","19.04869245897867","20","20","0","0.05006881794849108","0","0","0","false","true","false","0.951307541021329","true","state-displacement"
"2","feedback","20","20","20","0.05","0.25","2","-4","-1.5","160","49","49","19.096257836029736","20","20","0","0.04756537705106645","0","0","0","false","true","false","0.9037421639702643","true","state-displacement"
"2","feedback","20","20","20","0.05","0.25","2","-4","-1.5","160","50","50","19.141444944228247","20","20","0","0.045187108198513216","0","0","0","false","true","false","0.8585550557717525","true","state-displacement"
"2","feedback","20","20","20","0.05","0.25","2","-4","-1.5","160","51","51","19.184372697016833","20","20","0","0.042927752788587625","0","0","0","false","true","false","0.8156273029831667","true","state-displacement"
"2","feedback","20","20","20","0.05","0.25","2","-4","-1.5","160","52","52","19.22515406216599","20","20","0","0.04078136514915834","0","0","0","false","true","false","0.7748459378340087","true","state-displacement"
"2","feedback","20","20","20","0.05","0.25","2","-4","-1.5","160","53","53","19.263896359057693","20","20","0","0.03874229689170044","0","0","0","false","true","false","0.7361036409423072","true","state-displacement"
"2","feedback","20","20","20","0.05","0.25","2","-4","-1.5","160","54","54","19.300701541104807","20","20","0","0.03680518204711536","0","0","0","false","true","false","0.6992984588951927","true","state-displacement"
"2","feedback","20","20","20","0.05","0.25","2","-4","-1.5","160","55","55","19.335666464049567","20","20","0","0.034964922944759634","0","0","0","false","true","false","0.6643335359504334","true","state-displacement"
"2","feedback","20","20","20","0.05","0.25","2","-4","-1.5","160","56","56","19.36888314084709","20","20","0","0.033216676797521674","0","0","0","false","true","false","0.631116859152911","true","state-displacement"
"2","feedback","20","20","20","0.05","0.25","2","-4","-1.5","160","57","57","19.400438983804733","20","20","0","0.031555842957645554","0","0","0","false","true","false","0.5995610161952669","true","state-displacement"
"2","feedback","20","20","20","0.05","0.25","2","-4","-1.5","160","58","58","19.430417034614496","20","20","0","0.029978050809763346","0","0","0","false","true","false","0.5695829653855036","true","state-displacement"
"2","feedback","20","20","20","0.05","0.25","2","-4","-1.5","160","59","59","19.458896182883773","20","20","0","0.02847914826927518","0","0","0","false","true","false","0.5411038171162268","true","state-displacement"
"2","feedback","20","20","20","0.05","0.25","2","-4","-1.5","160","60","60","19.485951373739585","20","20","0","0.02705519085581134","0","0","0","false","true","false","0.5140486262604149","true","state-displacement"
"2","feedback","20","20","20","0.05","0.25","2","-4","-1.5","160","61","61","19.511653805052607","20","20","0","0.025702431313020746","0","0","0","false","true","false","0.4883461949473933","true","state-displacement"
"2","feedback","20","20","20","0.05","0.25","2","-4","-1.5","160","62","62","19.536071114799977","20","20","0","0.024417309747369664","0","0","0","false","true","false","0.46392888520002273","true","state-displacement"
"2","feedback","20","20","20","0.05","0.25","2","-4","-1.5","160","63","63","19.55926755905998","20","20","0","0.02319644426000114","0","0","0","false","true","false","0.44073244094002106","true","state-displacement"
"2","feedback","20","20","20","0.05","0.25","2","-4","-1.5","160","64","64","19.58130418110698","20","20","0","0.022036622047001055","0","0","0","false","true","false","0.41869581889302054","true","state-displacement"
"2","feedback","20","20","20","0.05","0.25","2","-4","-1.5","160","65","65","19.60223897205163","20","20","0","0.02093479094465103","0","0","0","false","true","false","0.39776102794836987","true","state-displacement"
"2","feedback","20","20","20","0.05","0.25","2","-4","-1.5","160","66","66","19.62212702344905","20","20","0","0.019888051397418494","0","0","0","false","true","false","0.3778729765509503","true","state-displacement"
"2","feedback","20","20","20","0.05","0.25","2","-4","-1.5","160","67","67","19.641020672276596","20","20","0","0.018893648827547516","0","0","0","false","true","false","0.3589793277234037","true","state-displacement"
"2","feedback","20","20","20","0.05","0.25","2","-4","-1.5","160","68","68","19.658969638662768","20","20","0","0.017948966386170186","0","0","0","false","true","false","0.3410303613372321","true","state-displacement"
"2","feedback","20","20","20","0.05","0.25","2","-4","-1.5","160","69","69","19.67602115672963","20","20","0","0.017051518066861605","0","0","0","false","true","false","0.3239788432703712","true","state-displacement"
"2","feedback","20","20","20","0.05","0.25","2","-4","-1.5","160","70","70","19.69222009889315","20","20","0","0.01619894216351856","0","0","0","false","true","false","0.3077799011068514","true","state-displacement"
"2","feedback","20","20","20","0.05","0.25","2","-4","-1.5","160","71","71","19.70760909394849","20","20","0","0.01538899505534257","0","0","0","false","true","false","0.29239090605150864","true","state-displacement"
"2","feedback","20","20","20","0.05","0.25","2","-4","-1.5","160","72","72","19.722228639251068","20","20","0","0.014619545302575433","0","0","0","false","true","false","0.2777713607489325","true","state-displacement"
"2","feedback","20","20","20","0.05","0.25","2","-4","-1.5","160","73","73","19.736117207288515","20","20","0","0.013888568037446626","0","0","0","false","true","false","0.2638827927114846","true","state-displacement"
"2","feedback","20","20","20","0.05","0.25","2","-4","-1.5","160","74","74","19.749311346924088","20","20","0","0.013194139635574233","0","0","0","false","true","false","0.2506886530759118","true","state-displacement"
"2","feedback","20","20","20","0.05","0.25","2","-4","-1.5","160","75","75","19.761845779577882","20","20","0","0.012534432653795592","0","0","0","false","true","false","0.23815422042211765","true","state-displacement"
"2","feedback","20","20","20","0.05","0.25","2","-4","-1.5","160","76","76","19.77375349059899","20","20","0","0.011907711021105882","0","0","0","false","true","false","0.22624650940101176","true","state-displacement"
"2","feedback","20","20","20","0.05","0.25","2","-4","-1.5","160","77","77","19.78506581606904","20","20","0","0.011312325470050589","0","0","0","false","true","false","0.21493418393096064","true","state-displacement"
"2","feedback","20","20","20","0.05","0.25","2","-4","-1.5","160","78","78","19.79581252526559","20","20","0","0.010746709196548033","0","0","0","false","true","false","0.204187474734411","true","state-displacement"
"2","feedback","20","20","20","0.05","0.25","2","-4","-1.5","160","79","79","19.80602189900231","20","20","0","0.010209373736720552","0","0","0","false","true","false","0.19397810099768975","true","state-displacement"
"2","feedback","20","20","20","0.05","0.25","2","-4","-1.5","160","80","80","19.815720804052194","20","20","0","0.009698905049884488","0","0","0","false","true","false","0.18427919594780562","true","state-displacement"
"2","feedback","20","20","20","0.05","0.25","2","-4","-1.5","160","81","81","19.824934763849583","20","20","0","0.009213959797390281","0","0","0","false","true","false","0.17506523615041658","true","state-displacement"
"2","feedback","20","20","20","0.05","0.25","2","-4","-1.5","160","82","82","19.833688025657104","20","20","0","0.00875326180752083","0","0","0","false","true","false","0.16631197434289646","true","state-displacement"
"2","feedback","20","20","20","0.05","0.25","2","-4","-1.5","160","83","83","19.84200362437425","20","20","0","0.008315598717144823","0","0","0","false","true","false","0.15799637562574986","true","state-displacement"
"2","feedback","20","20","20","0.05","0.25","2","-4","-1.5","160","84","84","19.849903443155537","20","20","0","0.007899818781287494","0","0","0","false","true","false","0.15009655684446344","true","state-displacement"
"2","feedback","20","20","20","0.05","0.25","2","-4","-1.5","160","85","85","19.85740827099776","20","20","0","0.007504827842223172","0","0","0","false","true","false","0.14259172900224115","true","state-displacement"
"2","feedback","20","20","20","0.05","0.25","2","-4","-1.5","160","86","86","19.86453785744787","20","20","0","0.007129586450112058","0","0","0","false","true","false","0.13546214255212874","true","state-displacement"
"2","feedback","20","20","20","0.05","0.25","2","-4","-1.5","160","87","87","19.87131096457548","20","20","0","0.006773107127606437","0","0","0","false","true","false","0.1286890354245216","true","state-displacement"
"2","feedback","20","20","20","0.05","0.25","2","-4","-1.5","160","88","88","19.877745416346706","20","20","0","0.00643445177122608","0","0","0","false","true","false","0.12225458365329445","true","state-displacement"
"2","feedback","20","20","20","0.05","0.25","2","-4","-1.5","160","89","89","19.88385814552937","20","20","0","0.006112729182664723","0","0","0","false","true","false","0.11614185447063008","true","state-displacement"
"2","feedback","20","20","20","0.05","0.25","2","-4","-1.5","160","90","90","19.889665238252903","20","20","0","0.0058070927235315045","0","0","0","false","true","false","0.11033476174709733","true","state-displacement"
"2","feedback","20","20","20","0.05","0.25","2","-4","-1.5","160","91","91","19.895181976340258","20","20","0","0.005516738087354867","0","0","0","false","true","false","0.10481802365974247","true","state-displacement"
"2","feedback","20","20","20","0.05","0.25","2","-4","-1.5","160","92","92","19.900422877523244","20","20","0","0.005240901182987124","0","0","0","false","true","false","0.09957712247675587","true","state-displacement"
"2","feedback","20","20","20","0.05","0.25","2","-4","-1.5","160","93","93","19.905401733647082","20","20","0","0.0049788561238377944","0","0","0","false","true","false","0.0945982663529179","true","state-displacement"
"2","feedback","20","20","20","0.05","0.25","2","-4","-1.5","160","94","94","19.91013164696473","20","20","0","0.004729913317645895","0","0","0","false","true","false","0.0898683530352713","true","state-displacement"
"2","feedback","20","20","20","0.05","0.25","2","-4","-1.5","160","95","95","19.91462506461649","20","20","0","0.004493417651763565","0","0","0","false","true","false","0.08537493538350915","true","state-displacement"
"2","feedback","20","20","20","0.05","0.25","2","-4","-1.5","160","96","96","19.918893811385665","20","20","0","0.004268746769175458","0","0","0","false","true","false","0.08110618861433494","true","state-displacement"
"2","feedback","20","20","20","0.05","0.25","2","-4","-1.5","160","97","97","19.922949120816384","20","20","0","0.004055309430716747","0","0","0","false","true","false","0.07705087918361642","true","state-displacement"
"2","feedback","20","20","20","0.05","0.25","2","-4","-1.5","160","98","98","19.926801664775564","20","20","0","0.003852543959180821","0","0","0","false","true","false","0.0731983352244363","true","state-displacement"
"2","feedback","20","20","20","0.05","0.25","2","-4","-1.5","160","99","99","19.930461581536786","20","20","0","0.0036599167612218157","0","0","0","false","true","false","0.06953841846321396","true","state-displacement"
"2","feedback","20","20","20","0.05","0.25","2","-4","-1.5","160","100","100","19.933938502459945","20","20","0","0.003476920923160698","0","0","0","false","true","false","0.06606149754005486","true","state-displacement"
"2","feedback","20","20","20","0.05","0.25","2","-4","-1.5","160","101","101","19.93724157733695","20","20","0","0.003303074877002743","0","0","0","false","true","false","0.06275842266305176","true","state-displacement"
"2","feedback","20","20","20","0.05","0.25","2","-4","-1.5","160","102","102","19.9403794984701","20","20","0","0.003137921133152588","0","0","0","false","true","false","0.05962050152989917","true","state-displacement"
"2","feedback","20","20","20","0.05","0.25","2","-4","-1.5","160","103","103","19.943360523546595","20","20","0","0.002981025076494959","0","0","0","false","true","false","0.05663947645340528","true","state-displacement"
"2","feedback","20","20","20","0.05","0.25","2","-4","-1.5","160","104","104","19.946192497369264","20","20","0","0.002831973822670264","0","0","0","false","true","false","0.05380750263073608","true","state-displacement"
"2","feedback","20","20","20","0.05","0.25","2","-4","-1.5","160","105","105","19.9488828725008","20","20","0","0.002690375131536804","0","0","0","false","true","false","0.051117127499200166","true","state-displacement"
"2","feedback","20","20","20","0.05","0.25","2","-4","-1.5","160","106","106","19.95143872887576","20","20","0","0.0025558563749600084","0","0","0","false","true","false","0.048561271124238914","true","state-displacement"
"2","feedback","20","20","20","0.05","0.25","2","-4","-1.5","160","107","107","19.953866792431974","20","20","0","0.0024280635562119457","0","0","0","false","true","false","0.04613320756802608","true","state-displacement"
"2","feedback","20","20","20","0.05","0.25","2","-4","-1.5","160","108","108","19.956173452810376","20","20","0","0.002306660378401304","0","0","0","false","true","false","0.04382654718962442","true","state-displacement"
"2","feedback","20","20","20","0.05","0.25","2","-4","-1.5","160","109","109","19.958364780169855","20","20","0","0.002191327359481221","0","0","0","false","true","false","0.04163521983014462","true","state-displacement"
"2","feedback","20","20","20","0.05","0.25","2","-4","-1.5","160","110","110","19.960446541161364","20","20","0","0.002081760991507231","0","0","0","false","true","false","0.039553458838636146","true","state-displacement"
"2","feedback","20","20","20","0.05","0.25","2","-4","-1.5","160","111","111","19.962424214103297","20","20","0","0.0019776729419318075","0","0","0","false","true","false","0.03757578589670274","true","state-displacement"
"2","feedback","20","20","20","0.05","0.25","2","-4","-1.5","160","112","112","19.964303003398133","20","20","0","0.001878789294835137","0","0","0","false","true","false","0.035696996601867426","true","state-displacement"
"2","feedback","20","20","20","0.05","0.25","2","-4","-1.5","160","113","113","19.966087853228228","20","20","0","0.0017848498300933715","0","0","0","false","true","false","0.033912146771772456","true","state-displacement"
"2","feedback","20","20","20","0.05","0.25","2","-4","-1.5","160","114","114","19.967783460566817","20","20","0","0.0016956073385886229","0","0","0","false","true","false","0.03221653943318259","true","state-displacement"
"2","feedback","20","20","20","0.05","0.25","2","-4","-1.5","160","115","115","19.969394287538478","20","20","0","0.0016108269716591296","0","0","0","false","true","false","0.030605712461522216","true","state-displacement"
"2","feedback","20","20","20","0.05","0.25","2","-4","-1.5","160","116","116","19.970924573161554","20","20","0","0.0015302856230761108","0","0","0","false","true","false","0.029075426838446106","true","state-displacement"
"2","feedback","20","20","20","0.05","0.25","2","-4","-1.5","160","117","117","19.972378344503475","20","20","0","0.0014537713419223053","0","0","0","false","true","false","0.02762165549652451","true","state-displacement"
"2","feedback","20","20","20","0.05","0.25","2","-4","-1.5","160","118","118","19.973759427278303","20","20","0","0.0013810827748262256","0","0","0","false","true","false","0.02624057272169722","true","state-displacement"
"2","feedback","20","20","20","0.05","0.25","2","-4","-1.5","160","119","119","19.97507145591439","20","20","0","0.001312028636084861","0","0","0","false","true","false","0.024928544085611293","true","state-displacement"
"2","feedback","20","20","20","0.05","0.25","2","-4","-1.5","160","120","120","19.976317883118668","20","20","0","0.0012464272042805647","0","0","0","false","true","false","0.02368211688133215","true","state-displacement"
"2","feedback","20","20","20","0.05","0.25","2","-4","-1.5","160","121","121","19.977501988962736","20","20","0","0.0011841058440666076","0","0","0","false","true","false","0.02249801103726412","true","state-displacement"
"2","feedback","20","20","20","0.05","0.25","2","-4","-1.5","160","122","122","19.9786268895146","20","20","0","0.001124900551863206","0","0","0","false","true","false","0.02137311048539914","true","state-displacement"
"2","feedback","20","20","20","0.05","0.25","2","-4","-1.5","160","123","123","19.979695545038872","20","20","0","0.001068655524269957","0","0","0","false","true","false","0.02030445496112776","true","state-displacement"
"2","feedback","20","20","20","0.05","0.25","2","-4","-1.5","160","124","124","19.980710767786928","20","20","0","0.001015222748056388","0","0","0","false","true","false","0.019289232213072438","true","state-displacement"
"2","feedback","20","20","20","0.05","0.25","2","-4","-1.5","160","125","125","19.98167522939758","20","20","0","9.64461610653622E-4","0","0","0","false","true","false","0.018324770602418994","true","state-displacement"
"2","feedback","20","20","20","0.05","0.25","2","-4","-1.5","160","126","126","19.9825914679277","20","20","0","9.162385301209497E-4","0","0","0","false","true","false","0.017408532072298755","true","state-displacement"
"2","feedback","20","20","20","0.05","0.25","2","-4","-1.5","160","127","127","19.983461894531317","20","20","0","8.704266036149378E-4","0","0","0","false","true","false","0.016538105468683284","true","state-displacement"
"2","feedback","20","20","20","0.05","0.25","2","-4","-1.5","160","128","128","19.98428879980475","20","20","0","8.269052734341643E-4","0","0","0","false","true","false","0.01571120019524841","true","state-displacement"
"2","feedback","20","20","20","0.05","0.25","2","-4","-1.5","160","129","129","19.985074359814515","20","20","0","7.855600097624205E-4","0","0","0","false","true","false","0.014925640185484923","true","state-displacement"
"2","feedback","20","20","20","0.05","0.25","2","-4","-1.5","160","130","130","19.98582064182379","20","20","0","7.462820092742462E-4","0","0","0","false","true","false","0.014179358176210854","true","state-displacement"
"2","feedback","20","20","20","0.05","0.25","2","-4","-1.5","160","131","131","19.9865296097326","20","20","0","7.089679088105428E-4","0","0","0","false","true","false","0.01347039026740049","true","state-displacement"
"2","feedback","20","20","20","0.05","0.25","2","-4","-1.5","160","132","132","19.98720312924597","20","20","0","6.735195133700245E-4","0","0","0","false","true","false","0.012796870754030465","true","state-displacement"
"2","feedback","20","20","20","0.05","0.25","2","-4","-1.5","160","133","133","19.98784297278367","20","20","0","6.398435377015232E-4","0","0","0","false","true","false","0.012157027216328942","true","state-displacement"
"2","feedback","20","20","20","0.05","0.25","2","-4","-1.5","160","134","134","19.988450824144486","20","20","0","6.078513608164471E-4","0","0","0","false","true","false","0.011549175855513738","true","state-displacement"
"2","feedback","20","20","20","0.05","0.25","2","-4","-1.5","160","135","135","19.989028282937262","20","20","0","5.774587927756869E-4","0","0","0","false","true","false","0.010971717062737696","true","state-displacement"
"2","feedback","20","20","20","0.05","0.25","2","-4","-1.5","160","136","136","19.9895768687904","20","20","0","5.485858531368848E-4","0","0","0","false","true","false","0.010423131209599035","true","state-displacement"
"2","feedback","20","20","20","0.05","0.25","2","-4","-1.5","160","137","137","19.990098025350882","20","20","0","5.211565604799518E-4","0","0","0","false","true","false","0.009901974649118017","true","state-displacement"
"2","feedback","20","20","20","0.05","0.25","2","-4","-1.5","160","138","138","19.99059312408334","20","20","0","4.950987324559009E-4","0","0","0","false","true","false","0.00940687591666034","true","state-displacement"
"2","feedback","20","20","20","0.05","0.25","2","-4","-1.5","160","139","139","19.991063467879172","20","20","0","4.70343795833017E-4","0","0","0","false","true","false","0.008936532120827678","true","state-displacement"
"2","feedback","20","20","20","0.05","0.25","2","-4","-1.5","160","140","140","19.991510294485213","20","20","0","4.4682660604138395E-4","0","0","0","false","true","false","0.008489705514787005","true","state-displacement"
"2","feedback","20","20","20","0.05","0.25","2","-4","-1.5","160","141","141","19.991934779760953","20","20","0","4.2448527573935024E-4","0","0","0","false","true","false","0.008065220239046766","true","state-displacement"
"2","feedback","20","20","20","0.05","0.25","2","-4","-1.5","160","142","142","19.992338040772907","20","20","0","4.0326101195233834E-4","0","0","0","false","true","false","0.007661959227093007","true","state-displacement"
"2","feedback","20","20","20","0.05","0.25","2","-4","-1.5","160","143","143","19.99272113873426","20","20","0","3.830979613546504E-4","0","0","0","false","true","false","0.007278861265739067","true","state-displacement"
"2","feedback","20","20","20","0.05","0.25","2","-4","-1.5","160","144","144","19.99308508179755","20","20","0","3.639430632869534E-4","0","0","0","false","true","false","0.006914918202451048","true","state-displacement"
"2","feedback","20","20","20","0.05","0.25","2","-4","-1.5","160","145","145","19.993430827707673","20","20","0","3.457459101225524E-4","0","0","0","false","true","false","0.006569172292326897","true","state-displacement"
"2","feedback","20","20","20","0.05","0.25","2","-4","-1.5","160","146","146","19.99375928632229","20","20","0","3.2845861461634486E-4","0","0","0","false","true","false","0.006240713677708953","true","state-displacement"
"2","feedback","20","20","20","0.05","0.25","2","-4","-1.5","160","147","147","19.994071322006178","20","20","0","3.120356838854477E-4","0","0","0","false","true","false","0.005928677993821907","true","state-displacement"
"2","feedback","20","20","20","0.05","0.25","2","-4","-1.5","160","148","148","19.99436775590587","20","20","0","2.9643389969109536E-4","0","0","0","false","true","false","0.005632244094130101","true","state-displacement"
"2","feedback","20","20","20","0.05","0.25","2","-4","-1.5","160","149","149","19.994649368110576","20","20","0","2.8161220470650504E-4","0","0","0","false","true","false","0.0053506318894243066","true","state-displacement"
"2","feedback","20","20","20","0.05","0.25","2","-4","-1.5","160","150","150","19.994916899705046","20","20","0","2.6753159447121536E-4","0","0","0","false","true","false","0.005083100294953624","true","state-displacement"
"2","feedback","20","20","20","0.05","0.25","2","-4","-1.5","160","151","151","19.995171054719794","20","20","0","2.541550147476812E-4","0","0","0","false","true","false","0.004828945280205943","true","state-displacement"
"2","feedback","20","20","20","0.05","0.25","2","-4","-1.5","160","152","152","19.995412501983804","20","20","0","2.4144726401029715E-4","0","0","0","false","true","false","0.004587498016196179","true","state-displacement"
"2","feedback","20","20","20","0.05","0.25","2","-4","-1.5","160","153","153","19.995641876884612","20","20","0","2.2937490080980895E-4","0","0","0","false","true","false","0.0043581231153879685","true","state-displacement"
"2","feedback","20","20","20","0.05","0.25","2","-4","-1.5","160","154","154","19.99585978304038","20","20","0","2.1790615576939843E-4","0","0","0","false","true","false","0.004140216959619636","true","state-displacement"
"2","feedback","20","20","20","0.05","0.25","2","-4","-1.5","160","155","155","19.99606679388836","20","20","0","2.070108479809818E-4","0","0","0","false","true","false","0.00393320611163972","true","state-displacement"
"2","feedback","20","20","20","0.05","0.25","2","-4","-1.5","160","156","156","19.996263454193944","20","20","0","1.9666030558198602E-4","0","0","0","false","true","false","0.003736545806056313","true","state-displacement"
"2","feedback","20","20","20","0.05","0.25","2","-4","-1.5","160","157","157","19.996450281484247","20","20","0","1.8682729030281565E-4","0","0","0","false","true","false","0.003549718515753142","true","state-displacement"
"2","feedback","20","20","20","0.05","0.25","2","-4","-1.5","160","158","158","19.996627767410036","20","20","0","1.774859257876571E-4","0","0","0","false","true","false","0.003372232589963886","true","state-displacement"
"2","feedback","20","20","20","0.05","0.25","2","-4","-1.5","160","159","159","19.996796379039534","20","20","0","1.686116294981943E-4","0","0","0","false","true","false","0.0032036209604662247","true","state-displacement"
"2","feedback","20","20","20","0.05","0.25","2","-4","-1.5","160","160","160","19.996956560087558","20","20","0","1.6018104802331126E-4","0","0","0","false","true","false","0.0030434399124423805","true","state-displacement"
"3","feedback","20","20","20","0.05","0.25","2","4","-1.5","160","0","0","20","20","20","0","0","0","0","0","false","false","false","0","true","setup"
"3","feedback","20","20","20","0.05","0.25","2","4","-1.5","160","1","1","20","20","20","0","0","0","0","0","false","false","false","0","true","setup"
"3","feedback","20","20","20","0.05","0.25","2","4","-1.5","160","2","2","20","20","20","0","0","0","0","0","false","false","false","0","true","setup"
"3","feedback","20","20","20","0.05","0.25","2","4","-1.5","160","3","3","20","20","20","0","0","0","0","0","false","false","false","0","true","setup"
"3","feedback","20","20","20","0.05","0.25","2","4","-1.5","160","4","4","20","20","20","0","0","0","0","0","false","false","false","0","true","setup"
"3","feedback","20","20","20","0.05","0.25","2","4","-1.5","160","5","5","20","20","20","0","0","0","0","0","false","false","false","0","true","setup"
"3","feedback","20","20","20","0.05","0.25","2","4","-1.5","160","6","6","20","20","20","0","0","0","0","0","false","false","false","0","true","setup"
"3","feedback","20","20","20","0.05","0.25","2","4","-1.5","160","7","7","20","20","20","0","0","0","0","0","false","false","false","0","true","setup"
"3","feedback","20","20","20","0.05","0.25","2","4","-1.5","160","8","8","20","20","20","0","0","0","0","0","false","false","false","0","true","setup"
"3","feedback","20","20","20","0.05","0.25","2","4","-1.5","160","9","9","20","20","20","0","0","0","0","0","false","false","false","0","true","setup"
"3","feedback","20","20","20","0.05","0.25","2","4","-1.5","160","10","10","20","20","20","0","0","0","0","0","false","false","false","0","true","setup"
"3","feedback","20","20","20","0.05","0.25","2","4","-1.5","160","11","11","20","20","20","0","0","0","0","0","false","false","false","0","true","setup"
"3","feedback","20","20","20","0.05","0.25","2","4","-1.5","160","12","12","20","20","20","0","0","0","0","0","false","false","false","0","true","setup"
"3","feedback","20","20","20","0.05","0.25","2","4","-1.5","160","13","13","20","20","20","0","0","0","0","0","false","false","false","0","true","setup"
"3","feedback","20","20","20","0.05","0.25","2","4","-1.5","160","14","14","20","20","20","0","0","0","0","0","false","false","false","0","true","setup"
"3","feedback","20","20","20","0.05","0.25","2","4","-1.5","160","15","15","20","20","20","0","0","0","0","0","false","false","false","0","true","setup"
"3","feedback","20","20","20","0.05","0.25","2","4","-1.5","160","16","16","20","20","20","0","0","0","0","0","false","false","false","0","true","setup"
"3","feedback","20","20","20","0.05","0.25","2","4","-1.5","160","17","17","20","20","20","0","0","0","0","0","false","false","false","0","true","setup"
"3","feedback","20","20","20","0.05","0.25","2","4","-1.5","160","18","18","20","20","20","0","0","0","0","0","false","false","false","0","true","setup"
"3","feedback","20","20","20","0.05","0.25","2","4","-1.5","160","19","19","20","20","20","0","0","0","0","0","false","false","false","0","true","setup"
"3","feedback","20","20","20","0.05","0.25","2","4","-1.5","160","20","20","20","20","20","0","0","0","0","0","false","false","false","0","true","setup"
"3","feedback","20","20","20","0.05","0.25","2","4","-1.5","160","21","21","23.8","20","20","0","-0.2","0","0","0","false","true","false","3.8000000000000007","true","state-displacement"
"3","feedback","20","20","20","0.05","0.25","2","4","-1.5","160","22","22","23.61","20","20","0","-0.19000000000000006","0","0","0","false","true","false","3.6099999999999994","true","state-displacement"
"3","feedback","20","20","20","0.05","0.25","2","4","-1.5","160","23","23","23.4295","20","20","0","-0.1805","0","0","0","false","true","false","3.429500000000001","true","state-displacement"
"3","feedback","20","20","20","0.05","0.25","2","4","-1.5","160","24","24","23.258025","20","20","0","-0.17147500000000004","0","0","0","false","true","false","3.258025","true","state-displacement"
"3","feedback","20","20","20","0.05","0.25","2","4","-1.5","160","25","25","23.09512375","20","20","0","-0.16290125","0","0","0","false","true","false","3.095123749999999","true","state-displacement"
"3","feedback","20","20","20","0.05","0.25","2","4","-1.5","160","26","26","22.9403675625","20","20","0","-0.15475618749999998","0","0","0","false","true","false","2.9403675625000005","true","state-displacement"
"3","feedback","20","20","20","0.05","0.25","2","4","-1.5","160","27","27","22.793349184375","20","20","0","-0.14701837812500004","0","0","0","false","true","false","2.793349184375","true","state-displacement"
"3","feedback","20","20","20","0.05","0.25","2","4","-1.5","160","28","28","22.65368172515625","20","20","0","-0.13966745921874998","0","0","0","false","true","false","2.6536817251562503","true","state-displacement"
"3","feedback","20","20","20","0.05","0.25","2","4","-1.5","160","29","29","22.52099763889844","20","20","0","-0.13268408625781253","0","0","0","false","true","false","2.5209976388984394","true","state-displacement"
"3","feedback","20","20","20","0.05","0.25","2","4","-1.5","160","30","30","22.394947756953517","20","20","0","-0.12604988194492198","0","0","0","false","true","false","2.394947756953517","true","state-displacement"
"3","feedback","20","20","20","0.05","0.25","2","4","-1.5","160","31","31","22.275200369105843","20","20","0","-0.11974738784767586","0","0","0","false","true","false","2.2752003691058427","true","state-displacement"
"3","feedback","20","20","20","0.05","0.25","2","4","-1.5","160","32","32","22.16144035065055","20","20","0","-0.11376001845529214","0","0","0","false","true","false","2.161440350650551","true","state-displacement"
"3","feedback","20","20","20","0.05","0.25","2","4","-1.5","160","33","33","22.053368333118023","20","20","0","-0.10807201753252756","0","0","0","false","true","false","2.053368333118023","true","state-displacement"
"3","feedback","20","20","20","0.05","0.25","2","4","-1.5","160","34","34","21.95069991646212","20","20","0","-0.10266841665590115","0","0","0","false","true","false","1.9506999164621206","true","state-displacement"
"3","feedback","20","20","20","0.05","0.25","2","4","-1.5","160","35","35","21.853164920639014","20","20","0","-0.09753499582310604","0","0","0","false","true","false","1.8531649206390135","true","state-displacement"
"3","feedback","20","20","20","0.05","0.25","2","4","-1.5","160","36","36","21.76050667460706","20","20","0","-0.09265824603195068","0","0","0","false","true","false","1.7605066746070612","true","state-displacement"
"3","feedback","20","20","20","0.05","0.25","2","4","-1.5","160","37","37","21.672481340876708","20","20","0","-0.08802533373035307","0","0","0","false","true","false","1.6724813408767076","true","state-displacement"
"3","feedback","20","20","20","0.05","0.25","2","4","-1.5","160","38","38","21.588857273832872","20","20","0","-0.08362406704383539","0","0","0","false","true","false","1.588857273832872","true","state-displacement"
"3","feedback","20","20","20","0.05","0.25","2","4","-1.5","160","39","39","21.50941441014123","20","20","0","-0.0794428636916436","0","0","0","false","true","false","1.509414410141229","true","state-displacement"
"3","feedback","20","20","20","0.05","0.25","2","4","-1.5","160","40","40","21.433943689634166","20","20","0","-0.07547072050706145","0","0","0","false","true","false","1.433943689634166","true","state-displacement"
"3","feedback","20","20","20","0.05","0.25","2","4","-1.5","160","41","41","21.36224650515246","20","20","0","-0.0716971844817083","0","0","0","false","true","false","1.3622465051524593","true","state-displacement"
"3","feedback","20","20","20","0.05","0.25","2","4","-1.5","160","42","42","21.294134179894836","20","20","0","-0.06811232525762297","0","0","0","false","true","false","1.2941341798948365","true","state-displacement"
"3","feedback","20","20","20","0.05","0.25","2","4","-1.5","160","43","43","21.229427470900095","20","20","0","-0.06470670899474183","0","0","0","false","true","false","1.2294274709000952","true","state-displacement"
"3","feedback","20","20","20","0.05","0.25","2","4","-1.5","160","44","44","21.16795609735509","20","20","0","-0.06147137354500476","0","0","0","false","true","false","1.1679560973550913","true","state-displacement"
"3","feedback","20","20","20","0.05","0.25","2","4","-1.5","160","45","45","21.109558292487336","20","20","0","-0.05839780486775457","0","0","0","false","true","false","1.1095582924873355","true","state-displacement"
"3","feedback","20","20","20","0.05","0.25","2","4","-1.5","160","46","46","21.05408037786297","20","20","0","-0.05547791462436678","0","0","0","false","true","false","1.0540803778629702","true","state-displacement"
"3","feedback","20","20","20","0.05","0.25","2","4","-1.5","160","47","47","21.00137635896982","20","20","0","-0.05270401889314851","0","0","0","false","true","false","1.0013763589698215","true","state-displacement"
"3","feedback","20","20","20","0.05","0.25","2","4","-1.5","160","48","48","20.95130754102133","20","20","0","-0.05006881794849108","0","0","0","false","true","false","0.951307541021329","true","state-displacement"
"3","feedback","20","20","20","0.05","0.25","2","4","-1.5","160","49","49","20.903742163970264","20","20","0","-0.04756537705106645","0","0","0","false","true","false","0.9037421639702643","true","state-displacement"
"3","feedback","20","20","20","0.05","0.25","2","4","-1.5","160","50","50","20.858555055771753","20","20","0","-0.045187108198513216","0","0","0","false","true","false","0.8585550557717525","true","state-displacement"
"3","feedback","20","20","20","0.05","0.25","2","4","-1.5","160","51","51","20.815627302983167","20","20","0","-0.042927752788587625","0","0","0","false","true","false","0.8156273029831667","true","state-displacement"
"3","feedback","20","20","20","0.05","0.25","2","4","-1.5","160","52","52","20.77484593783401","20","20","0","-0.04078136514915834","0","0","0","false","true","false","0.7748459378340087","true","state-displacement"
"3","feedback","20","20","20","0.05","0.25","2","4","-1.5","160","53","53","20.736103640942307","20","20","0","-0.03874229689170044","0","0","0","false","true","false","0.7361036409423072","true","state-displacement"
"3","feedback","20","20","20","0.05","0.25","2","4","-1.5","160","54","54","20.699298458895193","20","20","0","-0.03680518204711536","0","0","0","false","true","false","0.6992984588951927","true","state-displacement"
"3","feedback","20","20","20","0.05","0.25","2","4","-1.5","160","55","55","20.664333535950433","20","20","0","-0.034964922944759634","0","0","0","false","true","false","0.6643335359504334","true","state-displacement"
"3","feedback","20","20","20","0.05","0.25","2","4","-1.5","160","56","56","20.63111685915291","20","20","0","-0.033216676797521674","0","0","0","false","true","false","0.631116859152911","true","state-displacement"
"3","feedback","20","20","20","0.05","0.25","2","4","-1.5","160","57","57","20.599561016195267","20","20","0","-0.031555842957645554","0","0","0","false","true","false","0.5995610161952669","true","state-displacement"
"3","feedback","20","20","20","0.05","0.25","2","4","-1.5","160","58","58","20.569582965385504","20","20","0","-0.029978050809763346","0","0","0","false","true","false","0.5695829653855036","true","state-displacement"
"3","feedback","20","20","20","0.05","0.25","2","4","-1.5","160","59","59","20.541103817116227","20","20","0","-0.02847914826927518","0","0","0","false","true","false","0.5411038171162268","true","state-displacement"
"3","feedback","20","20","20","0.05","0.25","2","4","-1.5","160","60","60","20.514048626260415","20","20","0","-0.02705519085581134","0","0","0","false","true","false","0.5140486262604149","true","state-displacement"
"3","feedback","20","20","20","0.05","0.25","2","4","-1.5","160","61","61","20.488346194947393","20","20","0","-0.025702431313020746","0","0","0","false","true","false","0.4883461949473933","true","state-displacement"
"3","feedback","20","20","20","0.05","0.25","2","4","-1.5","160","62","62","20.463928885200023","20","20","0","-0.024417309747369664","0","0","0","false","true","false","0.46392888520002273","true","state-displacement"
"3","feedback","20","20","20","0.05","0.25","2","4","-1.5","160","63","63","20.44073244094002","20","20","0","-0.02319644426000114","0","0","0","false","true","false","0.44073244094002106","true","state-displacement"
"3","feedback","20","20","20","0.05","0.25","2","4","-1.5","160","64","64","20.41869581889302","20","20","0","-0.022036622047001055","0","0","0","false","true","false","0.41869581889302054","true","state-displacement"
"3","feedback","20","20","20","0.05","0.25","2","4","-1.5","160","65","65","20.39776102794837","20","20","0","-0.02093479094465103","0","0","0","false","true","false","0.39776102794836987","true","state-displacement"
"3","feedback","20","20","20","0.05","0.25","2","4","-1.5","160","66","66","20.37787297655095","20","20","0","-0.019888051397418494","0","0","0","false","true","false","0.3778729765509503","true","state-displacement"
"3","feedback","20","20","20","0.05","0.25","2","4","-1.5","160","67","67","20.358979327723404","20","20","0","-0.018893648827547516","0","0","0","false","true","false","0.3589793277234037","true","state-displacement"
"3","feedback","20","20","20","0.05","0.25","2","4","-1.5","160","68","68","20.341030361337232","20","20","0","-0.017948966386170186","0","0","0","false","true","false","0.3410303613372321","true","state-displacement"
"3","feedback","20","20","20","0.05","0.25","2","4","-1.5","160","69","69","20.32397884327037","20","20","0","-0.017051518066861605","0","0","0","false","true","false","0.3239788432703712","true","state-displacement"
"3","feedback","20","20","20","0.05","0.25","2","4","-1.5","160","70","70","20.30777990110685","20","20","0","-0.01619894216351856","0","0","0","false","true","false","0.3077799011068514","true","state-displacement"
"3","feedback","20","20","20","0.05","0.25","2","4","-1.5","160","71","71","20.29239090605151","20","20","0","-0.01538899505534257","0","0","0","false","true","false","0.29239090605150864","true","state-displacement"
"3","feedback","20","20","20","0.05","0.25","2","4","-1.5","160","72","72","20.277771360748932","20","20","0","-0.014619545302575433","0","0","0","false","true","false","0.2777713607489325","true","state-displacement"
"3","feedback","20","20","20","0.05","0.25","2","4","-1.5","160","73","73","20.263882792711485","20","20","0","-0.013888568037446626","0","0","0","false","true","false","0.2638827927114846","true","state-displacement"
"3","feedback","20","20","20","0.05","0.25","2","4","-1.5","160","74","74","20.250688653075912","20","20","0","-0.013194139635574233","0","0","0","false","true","false","0.2506886530759118","true","state-displacement"
"3","feedback","20","20","20","0.05","0.25","2","4","-1.5","160","75","75","20.238154220422118","20","20","0","-0.012534432653795592","0","0","0","false","true","false","0.23815422042211765","true","state-displacement"
"3","feedback","20","20","20","0.05","0.25","2","4","-1.5","160","76","76","20.22624650940101","20","20","0","-0.011907711021105882","0","0","0","false","true","false","0.22624650940101176","true","state-displacement"
"3","feedback","20","20","20","0.05","0.25","2","4","-1.5","160","77","77","20.21493418393096","20","20","0","-0.011312325470050589","0","0","0","false","true","false","0.21493418393096064","true","state-displacement"
"3","feedback","20","20","20","0.05","0.25","2","4","-1.5","160","78","78","20.20418747473441","20","20","0","-0.010746709196548033","0","0","0","false","true","false","0.204187474734411","true","state-displacement"
"3","feedback","20","20","20","0.05","0.25","2","4","-1.5","160","79","79","20.19397810099769","20","20","0","-0.010209373736720552","0","0","0","false","true","false","0.19397810099768975","true","state-displacement"
"3","feedback","20","20","20","0.05","0.25","2","4","-1.5","160","80","80","20.184279195947806","20","20","0","-0.009698905049884488","0","0","0","false","true","false","0.18427919594780562","true","state-displacement"
"3","feedback","20","20","20","0.05","0.25","2","4","-1.5","160","81","81","20.175065236150417","20","20","0","-0.009213959797390281","0","0","0","false","true","false","0.17506523615041658","true","state-displacement"
"3","feedback","20","20","20","0.05","0.25","2","4","-1.5","160","82","82","20.166311974342896","20","20","0","-0.00875326180752083","0","0","0","false","true","false","0.16631197434289646","true","state-displacement"
"3","feedback","20","20","20","0.05","0.25","2","4","-1.5","160","83","83","20.15799637562575","20","20","0","-0.008315598717144823","0","0","0","false","true","false","0.15799637562574986","true","state-displacement"
"3","feedback","20","20","20","0.05","0.25","2","4","-1.5","160","84","84","20.150096556844463","20","20","0","-0.007899818781287494","0","0","0","false","true","false","0.15009655684446344","true","state-displacement"
"3","feedback","20","20","20","0.05","0.25","2","4","-1.5","160","85","85","20.14259172900224","20","20","0","-0.007504827842223172","0","0","0","false","true","false","0.14259172900224115","true","state-displacement"
"3","feedback","20","20","20","0.05","0.25","2","4","-1.5","160","86","86","20.13546214255213","20","20","0","-0.007129586450112058","0","0","0","false","true","false","0.13546214255212874","true","state-displacement"
"3","feedback","20","20","20","0.05","0.25","2","4","-1.5","160","87","87","20.12868903542452","20","20","0","-0.006773107127606437","0","0","0","false","true","false","0.1286890354245216","true","state-displacement"
"3","feedback","20","20","20","0.05","0.25","2","4","-1.5","160","88","88","20.122254583653294","20","20","0","-0.00643445177122608","0","0","0","false","true","false","0.12225458365329445","true","state-displacement"
"3","feedback","20","20","20","0.05","0.25","2","4","-1.5","160","89","89","20.11614185447063","20","20","0","-0.006112729182664723","0","0","0","false","true","false","0.11614185447063008","true","state-displacement"
"3","feedback","20","20","20","0.05","0.25","2","4","-1.5","160","90","90","20.110334761747097","20","20","0","-0.0058070927235315045","0","0","0","false","true","false","0.11033476174709733","true","state-displacement"
"3","feedback","20","20","20","0.05","0.25","2","4","-1.5","160","91","91","20.104818023659742","20","20","0","-0.005516738087354867","0","0","0","false","true","false","0.10481802365974247","true","state-displacement"
"3","feedback","20","20","20","0.05","0.25","2","4","-1.5","160","92","92","20.099577122476756","20","20","0","-0.005240901182987124","0","0","0","false","true","false","0.09957712247675587","true","state-displacement"
"3","feedback","20","20","20","0.05","0.25","2","4","-1.5","160","93","93","20.094598266352918","20","20","0","-0.0049788561238377944","0","0","0","false","true","false","0.0945982663529179","true","state-displacement"
"3","feedback","20","20","20","0.05","0.25","2","4","-1.5","160","94","94","20.08986835303527","20","20","0","-0.004729913317645895","0","0","0","false","true","false","0.0898683530352713","true","state-displacement"
"3","feedback","20","20","20","0.05","0.25","2","4","-1.5","160","95","95","20.08537493538351","20","20","0","-0.004493417651763565","0","0","0","false","true","false","0.08537493538350915","true","state-displacement"
"3","feedback","20","20","20","0.05","0.25","2","4","-1.5","160","96","96","20.081106188614335","20","20","0","-0.004268746769175458","0","0","0","false","true","false","0.08110618861433494","true","state-displacement"
"3","feedback","20","20","20","0.05","0.25","2","4","-1.5","160","97","97","20.077050879183616","20","20","0","-0.004055309430716747","0","0","0","false","true","false","0.07705087918361642","true","state-displacement"
"3","feedback","20","20","20","0.05","0.25","2","4","-1.5","160","98","98","20.073198335224436","20","20","0","-0.003852543959180821","0","0","0","false","true","false","0.0731983352244363","true","state-displacement"
"3","feedback","20","20","20","0.05","0.25","2","4","-1.5","160","99","99","20.069538418463214","20","20","0","-0.0036599167612218157","0","0","0","false","true","false","0.06953841846321396","true","state-displacement"
"3","feedback","20","20","20","0.05","0.25","2","4","-1.5","160","100","100","20.066061497540055","20","20","0","-0.003476920923160698","0","0","0","false","true","false","0.06606149754005486","true","state-displacement"
"3","feedback","20","20","20","0.05","0.25","2","4","-1.5","160","101","101","20.06275842266305","20","20","0","-0.003303074877002743","0","0","0","false","true","false","0.06275842266305176","true","state-displacement"
"3","feedback","20","20","20","0.05","0.25","2","4","-1.5","160","102","102","20.0596205015299","20","20","0","-0.003137921133152588","0","0","0","false","true","false","0.05962050152989917","true","state-displacement"
"3","feedback","20","20","20","0.05","0.25","2","4","-1.5","160","103","103","20.056639476453405","20","20","0","-0.002981025076494959","0","0","0","false","true","false","0.05663947645340528","true","state-displacement"
"3","feedback","20","20","20","0.05","0.25","2","4","-1.5","160","104","104","20.053807502630736","20","20","0","-0.002831973822670264","0","0","0","false","true","false","0.05380750263073608","true","state-displacement"
"3","feedback","20","20","20","0.05","0.25","2","4","-1.5","160","105","105","20.0511171274992","20","20","0","-0.002690375131536804","0","0","0","false","true","false","0.051117127499200166","true","state-displacement"
"3","feedback","20","20","20","0.05","0.25","2","4","-1.5","160","106","106","20.04856127112424","20","20","0","-0.0025558563749600084","0","0","0","false","true","false","0.048561271124238914","true","state-displacement"
"3","feedback","20","20","20","0.05","0.25","2","4","-1.5","160","107","107","20.046133207568026","20","20","0","-0.0024280635562119457","0","0","0","false","true","false","0.04613320756802608","true","state-displacement"
"3","feedback","20","20","20","0.05","0.25","2","4","-1.5","160","108","108","20.043826547189624","20","20","0","-0.002306660378401304","0","0","0","false","true","false","0.04382654718962442","true","state-displacement"
"3","feedback","20","20","20","0.05","0.25","2","4","-1.5","160","109","109","20.041635219830145","20","20","0","-0.002191327359481221","0","0","0","false","true","false","0.04163521983014462","true","state-displacement"
"3","feedback","20","20","20","0.05","0.25","2","4","-1.5","160","110","110","20.039553458838636","20","20","0","-0.002081760991507231","0","0","0","false","true","false","0.039553458838636146","true","state-displacement"
"3","feedback","20","20","20","0.05","0.25","2","4","-1.5","160","111","111","20.037575785896703","20","20","0","-0.0019776729419318075","0","0","0","false","true","false","0.03757578589670274","true","state-displacement"
"3","feedback","20","20","20","0.05","0.25","2","4","-1.5","160","112","112","20.035696996601867","20","20","0","-0.001878789294835137","0","0","0","false","true","false","0.035696996601867426","true","state-displacement"
"3","feedback","20","20","20","0.05","0.25","2","4","-1.5","160","113","113","20.033912146771772","20","20","0","-0.0017848498300933715","0","0","0","false","true","false","0.033912146771772456","true","state-displacement"
"3","feedback","20","20","20","0.05","0.25","2","4","-1.5","160","114","114","20.032216539433183","20","20","0","-0.0016956073385886229","0","0","0","false","true","false","0.03221653943318259","true","state-displacement"
"3","feedback","20","20","20","0.05","0.25","2","4","-1.5","160","115","115","20.030605712461522","20","20","0","-0.0016108269716591296","0","0","0","false","true","false","0.030605712461522216","true","state-displacement"
"3","feedback","20","20","20","0.05","0.25","2","4","-1.5","160","116","116","20.029075426838446","20","20","0","-0.0015302856230761108","0","0","0","false","true","false","0.029075426838446106","true","state-displacement"
"3","feedback","20","20","20","0.05","0.25","2","4","-1.5","160","117","117","20.027621655496525","20","20","0","-0.0014537713419223053","0","0","0","false","true","false","0.02762165549652451","true","state-displacement"
"3","feedback","20","20","20","0.05","0.25","2","4","-1.5","160","118","118","20.026240572721697","20","20","0","-0.0013810827748262256","0","0","0","false","true","false","0.02624057272169722","true","state-displacement"
"3","feedback","20","20","20","0.05","0.25","2","4","-1.5","160","119","119","20.02492854408561","20","20","0","-0.001312028636084861","0","0","0","false","true","false","0.024928544085611293","true","state-displacement"
"3","feedback","20","20","20","0.05","0.25","2","4","-1.5","160","120","120","20.023682116881332","20","20","0","-0.0012464272042805647","0","0","0","false","true","false","0.02368211688133215","true","state-displacement"
"3","feedback","20","20","20","0.05","0.25","2","4","-1.5","160","121","121","20.022498011037264","20","20","0","-0.0011841058440666076","0","0","0","false","true","false","0.02249801103726412","true","state-displacement"
"3","feedback","20","20","20","0.05","0.25","2","4","-1.5","160","122","122","20.0213731104854","20","20","0","-0.001124900551863206","0","0","0","false","true","false","0.02137311048539914","true","state-displacement"
"3","feedback","20","20","20","0.05","0.25","2","4","-1.5","160","123","123","20.020304454961128","20","20","0","-0.001068655524269957","0","0","0","false","true","false","0.02030445496112776","true","state-displacement"
"3","feedback","20","20","20","0.05","0.25","2","4","-1.5","160","124","124","20.019289232213072","20","20","0","-0.001015222748056388","0","0","0","false","true","false","0.019289232213072438","true","state-displacement"
"3","feedback","20","20","20","0.05","0.25","2","4","-1.5","160","125","125","20.01832477060242","20","20","0","-9.64461610653622E-4","0","0","0","false","true","false","0.018324770602418994","true","state-displacement"
"3","feedback","20","20","20","0.05","0.25","2","4","-1.5","160","126","126","20.0174085320723","20","20","0","-9.162385301209497E-4","0","0","0","false","true","false","0.017408532072298755","true","state-displacement"
"3","feedback","20","20","20","0.05","0.25","2","4","-1.5","160","127","127","20.016538105468683","20","20","0","-8.704266036149378E-4","0","0","0","false","true","false","0.016538105468683284","true","state-displacement"
"3","feedback","20","20","20","0.05","0.25","2","4","-1.5","160","128","128","20.01571120019525","20","20","0","-8.269052734341643E-4","0","0","0","false","true","false","0.01571120019524841","true","state-displacement"
"3","feedback","20","20","20","0.05","0.25","2","4","-1.5","160","129","129","20.014925640185485","20","20","0","-7.855600097624205E-4","0","0","0","false","true","false","0.014925640185484923","true","state-displacement"
"3","feedback","20","20","20","0.05","0.25","2","4","-1.5","160","130","130","20.01417935817621","20","20","0","-7.462820092742462E-4","0","0","0","false","true","false","0.014179358176210854","true","state-displacement"
"3","feedback","20","20","20","0.05","0.25","2","4","-1.5","160","131","131","20.0134703902674","20","20","0","-7.089679088105428E-4","0","0","0","false","true","false","0.01347039026740049","true","state-displacement"
"3","feedback","20","20","20","0.05","0.25","2","4","-1.5","160","132","132","20.01279687075403","20","20","0","-6.735195133700245E-4","0","0","0","false","true","false","0.012796870754030465","true","state-displacement"
"3","feedback","20","20","20","0.05","0.25","2","4","-1.5","160","133","133","20.01215702721633","20","20","0","-6.398435377015232E-4","0","0","0","false","true","false","0.012157027216328942","true","state-displacement"
"3","feedback","20","20","20","0.05","0.25","2","4","-1.5","160","134","134","20.011549175855514","20","20","0","-6.078513608164471E-4","0","0","0","false","true","false","0.011549175855513738","true","state-displacement"
"3","feedback","20","20","20","0.05","0.25","2","4","-1.5","160","135","135","20.010971717062738","20","20","0","-5.774587927756869E-4","0","0","0","false","true","false","0.010971717062737696","true","state-displacement"
"3","feedback","20","20","20","0.05","0.25","2","4","-1.5","160","136","136","20.0104231312096","20","20","0","-5.485858531368848E-4","0","0","0","false","true","false","0.010423131209599035","true","state-displacement"
"3","feedback","20","20","20","0.05","0.25","2","4","-1.5","160","137","137","20.009901974649118","20","20","0","-5.211565604799518E-4","0","0","0","false","true","false","0.009901974649118017","true","state-displacement"
"3","feedback","20","20","20","0.05","0.25","2","4","-1.5","160","138","138","20.00940687591666","20","20","0","-4.950987324559009E-4","0","0","0","false","true","false","0.00940687591666034","true","state-displacement"
"3","feedback","20","20","20","0.05","0.25","2","4","-1.5","160","139","139","20.008936532120828","20","20","0","-4.70343795833017E-4","0","0","0","false","true","false","0.008936532120827678","true","state-displacement"
"3","feedback","20","20","20","0.05","0.25","2","4","-1.5","160","140","140","20.008489705514787","20","20","0","-4.4682660604138395E-4","0","0","0","false","true","false","0.008489705514787005","true","state-displacement"
"3","feedback","20","20","20","0.05","0.25","2","4","-1.5","160","141","141","20.008065220239047","20","20","0","-4.2448527573935024E-4","0","0","0","false","true","false","0.008065220239046766","true","state-displacement"
"3","feedback","20","20","20","0.05","0.25","2","4","-1.5","160","142","142","20.007661959227093","20","20","0","-4.0326101195233834E-4","0","0","0","false","true","false","0.007661959227093007","true","state-displacement"
"3","feedback","20","20","20","0.05","0.25","2","4","-1.5","160","143","143","20.00727886126574","20","20","0","-3.830979613546504E-4","0","0","0","false","true","false","0.007278861265739067","true","state-displacement"
"3","feedback","20","20","20","0.05","0.25","2","4","-1.5","160","144","144","20.00691491820245","20","20","0","-3.639430632869534E-4","0","0","0","false","true","false","0.006914918202451048","true","state-displacement"
"3","feedback","20","20","20","0.05","0.25","2","4","-1.5","160","145","145","20.006569172292327","20","20","0","-3.457459101225524E-4","0","0","0","false","true","false","0.006569172292326897","true","state-displacement"
"3","feedback","20","20","20","0.05","0.25","2","4","-1.5","160","146","146","20.00624071367771","20","20","0","-3.2845861461634486E-4","0","0","0","false","true","false","0.006240713677708953","true","state-displacement"
"3","feedback","20","20","20","0.05","0.25","2","4","-1.5","160","147","147","20.005928677993822","20","20","0","-3.120356838854477E-4","0","0","0","false","true","false","0.005928677993821907","true","state-displacement"
"3","feedback","20","20","20","0.05","0.25","2","4","-1.5","160","148","148","20.00563224409413","20","20","0","-2.9643389969109536E-4","0","0","0","false","true","false","0.005632244094130101","true","state-displacement"
"3","feedback","20","20","20","0.05","0.25","2","4","-1.5","160","149","149","20.005350631889424","20","20","0","-2.8161220470650504E-4","0","0","0","false","true","false","0.0053506318894243066","true","state-displacement"
"3","feedback","20","20","20","0.05","0.25","2","4","-1.5","160","150","150","20.005083100294954","20","20","0","-2.6753159447121536E-4","0","0","0","false","true","false","0.005083100294953624","true","state-displacement"
"3","feedback","20","20","20","0.05","0.25","2","4","-1.5","160","151","151","20.004828945280206","20","20","0","-2.541550147476812E-4","0","0","0","false","true","false","0.004828945280205943","true","state-displacement"
"3","feedback","20","20","20","0.05","0.25","2","4","-1.5","160","152","152","20.004587498016196","20","20","0","-2.4144726401029715E-4","0","0","0","false","true","false","0.004587498016196179","true","state-displacement"
"3","feedback","20","20","20","0.05","0.25","2","4","-1.5","160","153","153","20.004358123115388","20","20","0","-2.2937490080980895E-4","0","0","0","false","true","false","0.0043581231153879685","true","state-displacement"
"3","feedback","20","20","20","0.05","0.25","2","4","-1.5","160","154","154","20.00414021695962","20","20","0","-2.1790615576939843E-4","0","0","0","false","true","false","0.004140216959619636","true","state-displacement"
"3","feedback","20","20","20","0.05","0.25","2","4","-1.5","160","155","155","20.00393320611164","20","20","0","-2.070108479809818E-4","0","0","0","false","true","false","0.00393320611163972","true","state-displacement"
"3","feedback","20","20","20","0.05","0.25","2","4","-1.5","160","156","156","20.003736545806056","20","20","0","-1.9666030558198602E-4","0","0","0","false","true","false","0.003736545806056313","true","state-displacement"
"3","feedback","20","20","20","0.05","0.25","2","4","-1.5","160","157","157","20.003549718515753","20","20","0","-1.8682729030281565E-4","0","0","0","false","true","false","0.003549718515753142","true","state-displacement"
"3","feedback","20","20","20","0.05","0.25","2","4","-1.5","160","158","158","20.003372232589964","20","20","0","-1.774859257876571E-4","0","0","0","false","true","false","0.003372232589963886","true","state-displacement"
"3","feedback","20","20","20","0.05","0.25","2","4","-1.5","160","159","159","20.003203620960466","20","20","0","-1.686116294981943E-4","0","0","0","false","true","false","0.0032036209604662247","true","state-displacement"
"3","feedback","20","20","20","0.05","0.25","2","4","-1.5","160","160","160","20.003043439912442","20","20","0","-1.6018104802331126E-4","0","0","0","false","true","false","0.0030434399124423805","true","state-displacement"
"4","feedback","20","20","20","0.05","0.25","2","8","-1.5","160","0","0","20","20","20","0","0","0","0","0","false","false","false","0","true","setup"
"4","feedback","20","20","20","0.05","0.25","2","8","-1.5","160","1","1","20","20","20","0","0","0","0","0","false","false","false","0","true","setup"
"4","feedback","20","20","20","0.05","0.25","2","8","-1.5","160","2","2","20","20","20","0","0","0","0","0","false","false","false","0","true","setup"
"4","feedback","20","20","20","0.05","0.25","2","8","-1.5","160","3","3","20","20","20","0","0","0","0","0","false","false","false","0","true","setup"
"4","feedback","20","20","20","0.05","0.25","2","8","-1.5","160","4","4","20","20","20","0","0","0","0","0","false","false","false","0","true","setup"
"4","feedback","20","20","20","0.05","0.25","2","8","-1.5","160","5","5","20","20","20","0","0","0","0","0","false","false","false","0","true","setup"
"4","feedback","20","20","20","0.05","0.25","2","8","-1.5","160","6","6","20","20","20","0","0","0","0","0","false","false","false","0","true","setup"
"4","feedback","20","20","20","0.05","0.25","2","8","-1.5","160","7","7","20","20","20","0","0","0","0","0","false","false","false","0","true","setup"
"4","feedback","20","20","20","0.05","0.25","2","8","-1.5","160","8","8","20","20","20","0","0","0","0","0","false","false","false","0","true","setup"
"4","feedback","20","20","20","0.05","0.25","2","8","-1.5","160","9","9","20","20","20","0","0","0","0","0","false","false","false","0","true","setup"
"4","feedback","20","20","20","0.05","0.25","2","8","-1.5","160","10","10","20","20","20","0","0","0","0","0","false","false","false","0","true","setup"
"4","feedback","20","20","20","0.05","0.25","2","8","-1.5","160","11","11","20","20","20","0","0","0","0","0","false","false","false","0","true","setup"
"4","feedback","20","20","20","0.05","0.25","2","8","-1.5","160","12","12","20","20","20","0","0","0","0","0","false","false","false","0","true","setup"
"4","feedback","20","20","20","0.05","0.25","2","8","-1.5","160","13","13","20","20","20","0","0","0","0","0","false","false","false","0","true","setup"
"4","feedback","20","20","20","0.05","0.25","2","8","-1.5","160","14","14","20","20","20","0","0","0","0","0","false","false","false","0","true","setup"
"4","feedback","20","20","20","0.05","0.25","2","8","-1.5","160","15","15","20","20","20","0","0","0","0","0","false","false","false","0","true","setup"
"4","feedback","20","20","20","0.05","0.25","2","8","-1.5","160","16","16","20","20","20","0","0","0","0","0","false","false","false","0","true","setup"
"4","feedback","20","20","20","0.05","0.25","2","8","-1.5","160","17","17","20","20","20","0","0","0","0","0","false","false","false","0","true","setup"
"4","feedback","20","20","20","0.05","0.25","2","8","-1.5","160","18","18","20","20","20","0","0","0","0","0","false","false","false","0","true","setup"
"4","feedback","20","20","20","0.05","0.25","2","8","-1.5","160","19","19","20","20","20","0","0","0","0","0","false","false","false","0","true","setup"
"4","feedback","20","20","20","0.05","0.25","2","8","-1.5","160","20","20","20","20","20","0","0","0","0","0","false","false","false","0","true","setup"
"4","feedback","20","20","20","0.05","0.25","2","8","-1.5","160","21","21","27.6","20","20","0","-0.4","0","0","0","false","true","false","7.600000000000001","true","state-displacement"
"4","feedback","20","20","20","0.05","0.25","2","8","-1.5","160","22","22","27.220000000000002","20","20","0","-0.3800000000000001","0","0","0","false","true","false","7.220000000000002","true","state-displacement"
"4","feedback","20","20","20","0.05","0.25","2","8","-1.5","160","23","23","26.859","20","20","0","-0.36100000000000015","0","0","0","false","true","false","6.859000000000002","true","state-displacement"
"4","feedback","20","20","20","0.05","0.25","2","8","-1.5","160","24","24","26.51605","20","20","0","-0.3429500000000001","0","0","0","false","true","false","6.51605","true","state-displacement"
"4","feedback","20","20","20","0.05","0.25","2","8","-1.5","160","25","25","26.190247499999998","20","20","0","-0.3258025","0","0","0","false","true","false","6.190247499999998","true","state-displacement"
"4","feedback","20","20","20","0.05","0.25","2","8","-1.5","160","26","26","25.880735124999998","20","20","0","-0.30951237499999995","0","0","0","false","true","false","5.8807351249999975","true","state-displacement"
"4","feedback","20","20","20","0.05","0.25","2","8","-1.5","160","27","27","25.586698368749996","20","20","0","-0.29403675624999986","0","0","0","false","true","false","5.586698368749996","true","state-displacement"
"4","feedback","20","20","20","0.05","0.25","2","8","-1.5","160","28","28","25.307363450312497","20","20","0","-0.2793349184374998","0","0","0","false","true","false","5.307363450312497","true","state-displacement"
"4","feedback","20","20","20","0.05","0.25","2","8","-1.5","160","29","29","25.04199527779687","20","20","0","-0.2653681725156249","0","0","0","false","true","false","5.041995277796872","true","state-displacement"
"4","feedback","20","20","20","0.05","0.25","2","8","-1.5","160","30","30","24.789895513907027","20","20","0","-0.2520997638898436","0","0","0","false","true","false","4.789895513907027","true","state-displacement"
"4","feedback","20","20","20","0.05","0.25","2","8","-1.5","160","31","31","24.550400738211675","20","20","0","-0.23949477569535135","0","0","0","false","true","false","4.550400738211675","true","state-displacement"
"4","feedback","20","20","20","0.05","0.25","2","8","-1.5","160","32","32","24.32288070130109","20","20","0","-0.22752003691058376","0","0","0","false","true","false","4.3228807013010915","true","state-displacement"
"4","feedback","20","20","20","0.05","0.25","2","8","-1.5","160","33","33","24.10673666623604","20","20","0","-0.21614403506505458","0","0","0","false","true","false","4.1067366662360385","true","state-displacement"
"4","feedback","20","20","20","0.05","0.25","2","8","-1.5","160","34","34","23.901399832924238","20","20","0","-0.20533683331180194","0","0","0","false","true","false","3.9013998329242376","true","state-displacement"
"4","feedback","20","20","20","0.05","0.25","2","8","-1.5","160","35","35","23.706329841278027","20","20","0","-0.1950699916462119","0","0","0","false","true","false","3.706329841278027","true","state-displacement"
"4","feedback","20","20","20","0.05","0.25","2","8","-1.5","160","36","36","23.521013349214126","20","20","0","-0.18531649206390136","0","0","0","false","true","false","3.521013349214126","true","state-displacement"
"4","feedback","20","20","20","0.05","0.25","2","8","-1.5","160","37","37","23.34496268175342","20","20","0","-0.1760506674607063","0","0","0","false","true","false","3.344962681753419","true","state-displacement"
"4","feedback","20","20","20","0.05","0.25","2","8","-1.5","160","38","38","23.177714547665747","20","20","0","-0.16724813408767095","0","0","0","false","true","false","3.1777145476657473","true","state-displacement"
"4","feedback","20","20","20","0.05","0.25","2","8","-1.5","160","39","39","23.01882882028246","20","20","0","-0.15888572738328738","0","0","0","false","true","false","3.0188288202824616","true","state-displacement"
"4","feedback","20","20","20","0.05","0.25","2","8","-1.5","160","40","40","22.86788737926834","20","20","0","-0.1509414410141231","0","0","0","false","true","false","2.867887379268339","true","state-displacement"
"4","feedback","20","20","20","0.05","0.25","2","8","-1.5","160","41","41","22.724493010304922","20","20","0","-0.14339436896341695","0","0","0","false","true","false","2.724493010304922","true","state-displacement"
"4","feedback","20","20","20","0.05","0.25","2","8","-1.5","160","42","42","22.588268359789677","20","20","0","-0.1362246505152461","0","0","0","false","true","false","2.5882683597896765","true","state-displacement"
"4","feedback","20","20","20","0.05","0.25","2","8","-1.5","160","43","43","22.458854941800194","20","20","0","-0.12941341798948383","0","0","0","false","true","false","2.458854941800194","true","state-displacement"
"4","feedback","20","20","20","0.05","0.25","2","8","-1.5","160","44","44","22.335912194710183","20","20","0","-0.1229427470900097","0","0","0","false","true","false","2.3359121947101826","true","state-displacement"
"4","feedback","20","20","20","0.05","0.25","2","8","-1.5","160","45","45","22.219116584974675","20","20","0","-0.11679560973550913","0","0","0","false","true","false","2.2191165849746746","true","state-displacement"
"4","feedback","20","20","20","0.05","0.25","2","8","-1.5","160","46","46","22.10816075572594","20","20","0","-0.11095582924873373","0","0","0","false","true","false","2.1081607557259403","true","state-displacement"
"4","feedback","20","20","20","0.05","0.25","2","8","-1.5","160","47","47","22.002752717939643","20","20","0","-0.10540803778629702","0","0","0","false","true","false","2.002752717939643","true","state-displacement"
"4","feedback","20","20","20","0.05","0.25","2","8","-1.5","160","48","48","21.90261508204266","20","20","0","-0.10013763589698216","0","0","0","false","true","false","1.9026150820426615","true","state-displacement"
"4","feedback","20","20","20","0.05","0.25","2","8","-1.5","160","49","49","21.80748432794053","20","20","0","-0.09513075410213308","0","0","0","false","true","false","1.8074843279405286","true","state-displacement"
"4","feedback","20","20","20","0.05","0.25","2","8","-1.5","160","50","50","21.7171101115435","20","20","0","-0.09037421639702643","0","0","0","false","true","false","1.7171101115435015","true","state-displacement"
"4","feedback","20","20","20","0.05","0.25","2","8","-1.5","160","51","51","21.631254605966326","20","20","0","-0.08585550557717508","0","0","0","false","true","false","1.6312546059663262","true","state-displacement"
"4","feedback","20","20","20","0.05","0.25","2","8","-1.5","160","52","52","21.54969187566801","20","20","0","-0.08156273029831632","0","0","0","false","true","false","1.5496918756680103","true","state-displacement"
"4","feedback","20","20","20","0.05","0.25","2","8","-1.5","160","53","53","21.47220728188461","20","20","0","-0.07748459378340052","0","0","0","false","true","false","1.4722072818846108","true","state-displacement"
"4","feedback","20","20","20","0.05","0.25","2","8","-1.5","160","54","54","21.398596917790382","20","20","0","-0.07361036409423054","0","0","0","false","true","false","1.3985969177903819","true","state-displacement"
"4","feedback","20","20","20","0.05","0.25","2","8","-1.5","160","55","55","21.328667071900863","20","20","0","-0.0699298458895191","0","0","0","false","true","false","1.3286670719008633","true","state-displacement"
"4","feedback","20","20","20","0.05","0.25","2","8","-1.5","160","56","56","21.26223371830582","20","20","0","-0.06643335359504317","0","0","0","false","true","false","1.2622337183058185","true","state-displacement"
"4","feedback","20","20","20","0.05","0.25","2","8","-1.5","160","57","57","21.199122032390527","20","20","0","-0.06311168591529093","0","0","0","false","true","false","1.1991220323905267","true","state-displacement"
"4","feedback","20","20","20","0.05","0.25","2","8","-1.5","160","58","58","21.139165930771","20","20","0","-0.05995610161952634","0","0","0","false","true","false","1.139165930771","true","state-displacement"
"4","feedback","20","20","20","0.05","0.25","2","8","-1.5","160","59","59","21.08220763423245","20","20","0","-0.05695829653855","0","0","0","false","true","false","1.08220763423245","true","state-displacement"
"4","feedback","20","20","20","0.05","0.25","2","8","-1.5","160","60","60","21.028097252520826","20","20","0","-0.0541103817116225","0","0","0","false","true","false","1.0280972525208263","true","state-displacement"
"4","feedback","20","20","20","0.05","0.25","2","8","-1.5","160","61","61","20.976692389894787","20","20","0","-0.05140486262604132","0","0","0","false","true","false","0.9766923898947866","true","state-displacement"
"4","feedback","20","20","20","0.05","0.25","2","8","-1.5","160","62","62","20.927857770400045","20","20","0","-0.04883461949473933","0","0","0","false","true","false","0.9278577704000455","true","state-displacement"
"4","feedback","20","20","20","0.05","0.25","2","8","-1.5","160","63","63","20.881464881880042","20","20","0","-0.04639288852000228","0","0","0","false","true","false","0.8814648818800421","true","state-displacement"
"4","feedback","20","20","20","0.05","0.25","2","8","-1.5","160","64","64","20.83739163778604","20","20","0","-0.04407324409400211","0","0","0","false","true","false","0.8373916377860411","true","state-displacement"
"4","feedback","20","20","20","0.05","0.25","2","8","-1.5","160","65","65","20.79552205589674","20","20","0","-0.04186958188930206","0","0","0","false","true","false","0.7955220558967397","true","state-displacement"
"4","feedback","20","20","20","0.05","0.25","2","8","-1.5","160","66","66","20.755745953101904","20","20","0","-0.03977610279483699","0","0","0","false","true","false","0.7557459531019042","true","state-displacement"
"4","feedback","20","20","20","0.05","0.25","2","8","-1.5","160","67","67","20.717958655446807","20","20","0","-0.03778729765509521","0","0","0","false","true","false","0.7179586554468074","true","state-displacement"
"4","feedback","20","20","20","0.05","0.25","2","8","-1.5","160","68","68","20.682060722674468","20","20","0","-0.03589793277234037","0","0","0","false","true","false","0.6820607226744677","true","state-displacement"
"4","feedback","20","20","20","0.05","0.25","2","8","-1.5","160","69","69","20.647957686540746","20","20","0","-0.03410303613372339","0","0","0","false","true","false","0.6479576865407459","true","state-displacement"
"4","feedback","20","20","20","0.05","0.25","2","8","-1.5","160","70","70","20.61555980221371","20","20","0","-0.032397884327037295","0","0","0","false","true","false","0.6155598022137099","true","state-displacement"
"4","feedback","20","20","20","0.05","0.25","2","8","-1.5","160","71","71","20.584781812103024","20","20","0","-0.030777990110685494","0","0","0","false","true","false","0.5847818121030244","true","state-displacement"
"4","feedback","20","20","20","0.05","0.25","2","8","-1.5","160","72","72","20.555542721497872","20","20","0","-0.02923909060515122","0","0","0","false","true","false","0.5555427214978721","true","state-displacement"
"4","feedback","20","20","20","0.05","0.25","2","8","-1.5","160","73","73","20.52776558542298","20","20","0","-0.027777136074893606","0","0","0","false","true","false","0.5277655854229799","true","state-displacement"
"4","feedback","20","20","20","0.05","0.25","2","8","-1.5","160","74","74","20.50137730615183","20","20","0","-0.026388279271148996","0","0","0","false","true","false","0.5013773061518307","true","state-displacement"
"4","feedback","20","20","20","0.05","0.25","2","8","-1.5","160","75","75","20.47630844084424","20","20","0","-0.025068865307591538","0","0","0","false","true","false","0.47630844084423885","true","state-displacement"
"4","feedback","20","20","20","0.05","0.25","2","8","-1.5","160","76","76","20.452493018802027","20","20","0","-0.023815422042211945","0","0","0","false","true","false","0.4524930188020271","true","state-displacement"
"4","feedback","20","20","20","0.05","0.25","2","8","-1.5","160","77","77","20.429868367861925","20","20","0","-0.022624650940101354","0","0","0","false","true","false","0.42986836786192484","true","state-displacement"
"4","feedback","20","20","20","0.05","0.25","2","8","-1.5","160","78","78","20.40837494946883","20","20","0","-0.021493418393096243","0","0","0","false","true","false","0.40837494946882913","true","state-displacement"
"4","feedback","20","20","20","0.05","0.25","2","8","-1.5","160","79","79","20.387956201995387","20","20","0","-0.020418747473441457","0","0","0","false","true","false","0.3879562019953866","true","state-displacement"
"4","feedback","20","20","20","0.05","0.25","2","8","-1.5","160","80","80","20.36855839189562","20","20","0","-0.019397810099769333","0","0","0","false","true","false","0.36855839189561834","true","state-displacement"
"4","feedback","20","20","20","0.05","0.25","2","8","-1.5","160","81","81","20.350130472300837","20","20","0","-0.018427919594780916","0","0","0","false","true","false","0.3501304723008367","true","state-displacement"
"4","feedback","20","20","20","0.05","0.25","2","8","-1.5","160","82","82","20.332623948685796","20","20","0","-0.017506523615041836","0","0","0","false","true","false","0.3326239486857965","true","state-displacement"
"4","feedback","20","20","20","0.05","0.25","2","8","-1.5","160","83","83","20.315992751251507","20","20","0","-0.016631197434289823","0","0","0","false","true","false","0.31599275125150683","true","state-displacement"
"4","feedback","20","20","20","0.05","0.25","2","8","-1.5","160","84","84","20.30019311368893","20","20","0","-0.015799637562575342","0","0","0","false","true","false","0.3001931136889304","true","state-displacement"
"4","feedback","20","20","20","0.05","0.25","2","8","-1.5","160","85","85","20.285183458004482","20","20","0","-0.015009655684446522","0","0","0","false","true","false","0.2851834580044823","true","state-displacement"
"4","feedback","20","20","20","0.05","0.25","2","8","-1.5","160","86","86","20.270924285104257","20","20","0","-0.014259172900224116","0","0","0","false","true","false","0.2709242851042575","true","state-displacement"
"4","feedback","20","20","20","0.05","0.25","2","8","-1.5","160","87","87","20.257378070849043","20","20","0","-0.013546214255212874","0","0","0","false","true","false","0.2573780708490432","true","state-displacement"
"4","feedback","20","20","20","0.05","0.25","2","8","-1.5","160","88","88","20.244509167306592","20","20","0","-0.01286890354245216","0","0","0","false","true","false","0.24450916730659245","true","state-displacement"
"4","feedback","20","20","20","0.05","0.25","2","8","-1.5","160","89","89","20.232283708941264","20","20","0","-0.012225458365329622","0","0","0","false","true","false","0.2322837089412637","true","state-displacement"
"4","feedback","20","20","20","0.05","0.25","2","8","-1.5","160","90","90","20.2206695234942","20","20","0","-0.011614185447063186","0","0","0","false","true","false","0.22066952349420177","true","state-displacement"
"4","feedback","20","20","20","0.05","0.25","2","8","-1.5","160","91","91","20.209636047319492","20","20","0","-0.011033476174710089","0","0","0","false","true","false","0.20963604731949204","true","state-displacement"
"4","feedback","20","20","20","0.05","0.25","2","8","-1.5","160","92","92","20.19915424495352","20","20","0","-0.010481802365974603","0","0","0","false","true","false","0.19915424495351886","true","state-displacement"
"4","feedback","20","20","20","0.05","0.25","2","8","-1.5","160","93","93","20.189196532705843","20","20","0","-0.009957712247675943","0","0","0","false","true","false","0.1891965327058429","true","state-displacement"
"4","feedback","20","20","20","0.05","0.25","2","8","-1.5","160","94","94","20.17973670607055","20","20","0","-0.009459826635292146","0","0","0","false","true","false","0.1797367060705497","true","state-displacement"
"4","feedback","20","20","20","0.05","0.25","2","8","-1.5","160","95","95","20.170749870767022","20","20","0","-0.008986835303527485","0","0","0","false","true","false","0.17074987076702186","true","state-displacement"
"4","feedback","20","20","20","0.05","0.25","2","8","-1.5","160","96","96","20.16221237722867","20","20","0","-0.008537493538351093","0","0","0","false","true","false","0.16221237722866988","true","state-displacement"
"4","feedback","20","20","20","0.05","0.25","2","8","-1.5","160","97","97","20.154101758367236","20","20","0","-0.008110618861433494","0","0","0","false","true","false","0.15410175836723639","true","state-displacement"
"4","feedback","20","20","20","0.05","0.25","2","8","-1.5","160","98","98","20.146396670448876","20","20","0","-0.00770508791836182","0","0","0","false","true","false","0.14639667044887616","true","state-displacement"
"4","feedback","20","20","20","0.05","0.25","2","8","-1.5","160","99","99","20.13907683692643","20","20","0","-0.007319833522443808","0","0","0","false","true","false","0.13907683692643147","true","state-displacement"
"4","feedback","20","20","20","0.05","0.25","2","8","-1.5","160","100","100","20.13212299508011","20","20","0","-0.006953841846321574","0","0","0","false","true","false","0.13212299508010972","true","state-displacement"
"4","feedback","20","20","20","0.05","0.25","2","8","-1.5","160","101","101","20.125516845326104","20","20","0","-0.006606149754005486","0","0","0","false","true","false","0.12551684532610352","true","state-displacement"
"4","feedback","20","20","20","0.05","0.25","2","8","-1.5","160","102","102","20.1192410030598","20","20","0","-0.006275842266305176","0","0","0","false","true","false","0.11924100305979835","true","state-displacement"
"4","feedback","20","20","20","0.05","0.25","2","8","-1.5","160","103","103","20.113278952906807","20","20","0","-0.005962050152989918","0","0","0","false","true","false","0.113278952906807","true","state-displacement"
"4","feedback","20","20","20","0.05","0.25","2","8","-1.5","160","104","104","20.107615005261465","20","20","0","-0.0056639476453403505","0","0","0","false","true","false","0.10761500526146506","true","state-displacement"
"4","feedback","20","20","20","0.05","0.25","2","8","-1.5","160","105","105","20.102234254998393","20","20","0","-0.005380750263073253","0","0","0","false","true","false","0.10223425499839323","true","state-displacement"
"4","feedback","20","20","20","0.05","0.25","2","8","-1.5","160","106","106","20.097122542248474","20","20","0","-0.005111712749919662","0","0","0","false","true","false","0.09712254224847428","true","state-displacement"
"4","feedback","20","20","20","0.05","0.25","2","8","-1.5","160","107","107","20.092266415136052","20","20","0","-0.0048561271124237144","0","0","0","false","true","false","0.09226641513605216","true","state-displacement"
"4","feedback","20","20","20","0.05","0.25","2","8","-1.5","160","108","108","20.08765309437925","20","20","0","-0.004613320756802608","0","0","0","false","true","false","0.08765309437924884","true","state-displacement"
"4","feedback","20","20","20","0.05","0.25","2","8","-1.5","160","109","109","20.083270439660286","20","20","0","-0.004382654718962442","0","0","0","false","true","false","0.08327043966028569","true","state-displacement"
"4","feedback","20","20","20","0.05","0.25","2","8","-1.5","160","110","110","20.079106917677272","20","20","0","-0.0041635219830142844","0","0","0","false","true","false","0.07910691767727229","true","state-displacement"
"4","feedback","20","20","20","0.05","0.25","2","8","-1.5","160","111","111","20.07515157179341","20","20","0","-0.003955345883863615","0","0","0","false","true","false","0.07515157179340903","true","state-displacement"
"4","feedback","20","20","20","0.05","0.25","2","8","-1.5","160","112","112","20.07139399320374","20","20","0","-0.003757578589670452","0","0","0","false","true","false","0.0713939932037384","true","state-displacement"
"4","feedback","20","20","20","0.05","0.25","2","8","-1.5","160","113","113","20.067824293543552","20","20","0","-0.0035696996601869203","0","0","0","false","true","false","0.06782429354355202","true","state-displacement"
"4","feedback","20","20","20","0.05","0.25","2","8","-1.5","160","114","114","20.064433078866376","20","20","0","-0.003391214677177601","0","0","0","false","true","false","0.06443307886637584","true","state-displacement"
"4","feedback","20","20","20","0.05","0.25","2","8","-1.5","160","115","115","20.06121142492306","20","20","0","-0.003221653943318792","0","0","0","false","true","false","0.061211424923058644","true","state-displacement"
"4","feedback","20","20","20","0.05","0.25","2","8","-1.5","160","116","116","20.058150853676906","20","20","0","-0.0030605712461529325","0","0","0","false","true","false","0.05815085367690642","true","state-displacement"
"4","feedback","20","20","20","0.05","0.25","2","8","-1.5","160","117","117","20.05524331099306","20","20","0","-0.0029075426838453215","0","0","0","false","true","false","0.05524331099305968","true","state-displacement"
"4","feedback","20","20","20","0.05","0.25","2","8","-1.5","160","118","118","20.052481145443405","20","20","0","-0.002762165549652984","0","0","0","false","true","false","0.0524811454434051","true","state-displacement"
"4","feedback","20","20","20","0.05","0.25","2","8","-1.5","160","119","119","20.049857088171233","20","20","0","-0.002624057272170255","0","0","0","false","true","false","0.049857088171233244","true","state-displacement"
"4","feedback","20","20","20","0.05","0.25","2","8","-1.5","160","120","120","20.04736423376267","20","20","0","-0.0024928544085616624","0","0","0","false","true","false","0.047364233762671404","true","state-displacement"
"4","feedback","20","20","20","0.05","0.25","2","8","-1.5","160","121","121","20.04499602207454","20","20","0","-0.0023682116881335704","0","0","0","false","true","false","0.0449960220745389","true","state-displacement"
"4","feedback","20","20","20","0.05","0.25","2","8","-1.5","160","122","122","20.042746220970812","20","20","0","-0.002249801103726945","0","0","0","false","true","false","0.04274622097081249","true","state-displacement"
"4","feedback","20","20","20","0.05","0.25","2","8","-1.5","160","123","123","20.040608909922273","20","20","0","-0.0021373110485406245","0","0","0","false","true","false","0.040608909922273284","true","state-displacement"
"4","feedback","20","20","20","0.05","0.25","2","8","-1.5","160","124","124","20.03857846442616","20","20","0","-0.002030445496113664","0","0","0","false","true","false","0.03857846442615909","true","state-displacement"
"4","feedback","20","20","20","0.05","0.25","2","8","-1.5","160","125","125","20.036649541204852","20","20","0","-0.0019289232213079545","0","0","0","false","true","false","0.0366495412048522","true","state-displacement"
"4","feedback","20","20","20","0.05","0.25","2","8","-1.5","160","126","126","20.034817064144608","20","20","0","-0.00183247706024261","0","0","0","false","true","false","0.03481706414460817","true","state-displacement"
"4","feedback","20","20","20","0.05","0.25","2","8","-1.5","160","127","127","20.033076210937377","20","20","0","-0.0017408532072304085","0","0","0","false","true","false","0.033076210937377226","true","state-displacement"
"4","feedback","20","20","20","0.05","0.25","2","8","-1.5","160","128","128","20.031422400390507","20","20","0","-0.0016538105468688613","0","0","0","false","true","false","0.03142240039050748","true","state-displacement"
"4","feedback","20","20","20","0.05","0.25","2","8","-1.5","160","129","129","20.02985128037098","20","20","0","-0.001571120019525374","0","0","0","false","true","false","0.029851280370980504","true","state-displacement"
"4","feedback","20","20","20","0.05","0.25","2","8","-1.5","160","130","130","20.028358716352432","20","20","0","-0.0014925640185490252","0","0","0","false","true","false","0.028358716352432367","true","state-displacement"
"4","feedback","20","20","20","0.05","0.25","2","8","-1.5","160","131","131","20.02694078053481","20","20","0","-0.0014179358176216184","0","0","0","false","true","false","0.026940780534811637","true","state-displacement"
"4","feedback","20","20","20","0.05","0.25","2","8","-1.5","160","132","132","20.02559374150807","20","20","0","-0.001347039026740582","0","0","0","false","true","false","0.025593741508071588","true","state-displacement"
"4","feedback","20","20","20","0.05","0.25","2","8","-1.5","160","133","133","20.02431405443267","20","20","0","-0.0012796870754035795","0","0","0","false","true","false","0.02431405443266854","true","state-displacement"
"4","feedback","20","20","20","0.05","0.25","2","8","-1.5","160","134","134","20.023098351711035","20","20","0","-0.0012157027216334272","0","0","0","false","true","false","0.02309835171103458","true","state-displacement"
"4","feedback","20","20","20","0.05","0.25","2","8","-1.5","160","135","135","20.021943434125482","20","20","0","-0.0011549175855517292","0","0","0","false","true","false","0.021943434125482497","true","state-displacement"
"4","feedback","20","20","20","0.05","0.25","2","8","-1.5","160","136","136","20.02084626241921","20","20","0","-0.001097171706274125","0","0","0","false","true","false","0.020846262419208728","true","state-displacement"
"4","feedback","20","20","20","0.05","0.25","2","8","-1.5","160","137","137","20.019803949298247","20","20","0","-0.0010423131209604363","0","0","0","false","true","false","0.019803949298246692","true","state-displacement"
"4","feedback","20","20","20","0.05","0.25","2","8","-1.5","160","138","138","20.018813751833335","20","20","0","-9.901974649123347E-4","0","0","0","false","true","false","0.01881375183333489","true","state-displacement"
"4","feedback","20","20","20","0.05","0.25","2","8","-1.5","160","139","139","20.01787306424167","20","20","0","-9.406875916667446E-4","0","0","0","false","true","false","0.017873064241669567","true","state-displacement"
"4","feedback","20","20","20","0.05","0.25","2","8","-1.5","160","140","140","20.016979411029585","20","20","0","-8.936532120834784E-4","0","0","0","false","true","false","0.016979411029584668","true","state-displacement"
"4","feedback","20","20","20","0.05","0.25","2","8","-1.5","160","141","141","20.016130440478104","20","20","0","-8.489705514792335E-4","0","0","0","false","true","false","0.01613044047810419","true","state-displacement"
"4","feedback","20","20","20","0.05","0.25","2","8","-1.5","160","142","142","20.0153239184542","20","20","0","-8.065220239052096E-4","0","0","0","false","true","false","0.015323918454200225","true","state-displacement"
"4","feedback","20","20","20","0.05","0.25","2","8","-1.5","160","143","143","20.01455772253149","20","20","0","-7.661959227100113E-4","0","0","0","false","true","false","0.014557722531488793","true","state-displacement"
"4","feedback","20","20","20","0.05","0.25","2","8","-1.5","160","144","144","20.013829836404913","20","20","0","-7.278861265744397E-4","0","0","0","false","true","false","0.013829836404912754","true","state-displacement"
"4","feedback","20","20","20","0.05","0.25","2","8","-1.5","160","145","145","20.013138344584668","20","20","0","-6.914918202456377E-4","0","0","0","false","true","false","0.013138344584668005","true","state-displacement"
"4","feedback","20","20","20","0.05","0.25","2","8","-1.5","160","146","146","20.012481427355436","20","20","0","-6.569172292334003E-4","0","0","0","false","true","false","0.01248142735543567","true","state-displacement"
"4","feedback","20","20","20","0.05","0.25","2","8","-1.5","160","147","147","20.011857355987665","20","20","0","-6.240713677717835E-4","0","0","0","false","true","false","0.01185735598766513","true","state-displacement"
"4","feedback","20","20","20","0.05","0.25","2","8","-1.5","160","148","148","20.01126448818828","20","20","0","-5.928677993832566E-4","0","0","0","false","true","false","0.011264488188281518","true","state-displacement"
"4","feedback","20","20","20","0.05","0.25","2","8","-1.5","160","149","149","20.010701263778866","20","20","0","-5.63224409414076E-4","0","0","0","false","true","false","0.010701263778866377","true","state-displacement"
"4","feedback","20","20","20","0.05","0.25","2","8","-1.5","160","150","150","20.01016620058992","20","20","0","-5.350631889433189E-4","0","0","0","false","true","false","0.01016620058992146","true","state-displacement"
"4","feedback","20","20","20","0.05","0.25","2","8","-1.5","160","151","151","20.009657890560426","20","20","0","-5.08310029496073E-4","0","0","0","false","true","false","0.009657890560426097","true","state-displacement"
"4","feedback","20","20","20","0.05","0.25","2","8","-1.5","160","152","152","20.009174996032407","20","20","0","-4.8289452802130484E-4","0","0","0","false","true","false","0.009174996032406568","true","state-displacement"
"4","feedback","20","20","20","0.05","0.25","2","8","-1.5","160","153","153","20.008716246230787","20","20","0","-4.5874980162032843E-4","0","0","0","false","true","false","0.008716246230786595","true","state-displacement"
"4","feedback","20","20","20","0.05","0.25","2","8","-1.5","160","154","154","20.008280433919246","20","20","0","-4.3581231153932976E-4","0","0","0","false","true","false","0.008280433919246377","true","state-displacement"
"4","feedback","20","20","20","0.05","0.25","2","8","-1.5","160","155","155","20.007866412223283","20","20","0","-4.140216959623189E-4","0","0","0","false","true","false","0.007866412223282992","true","state-displacement"
"4","feedback","20","20","20","0.05","0.25","2","8","-1.5","160","156","156","20.00747309161212","20","20","0","-3.933206111641496E-4","0","0","0","false","true","false","0.007473091612119731","true","state-displacement"
"4","feedback","20","20","20","0.05","0.25","2","8","-1.5","160","157","157","20.007099437031513","20","20","0","-3.736545806059866E-4","0","0","0","false","true","false","0.007099437031513389","true","state-displacement"
"4","feedback","20","20","20","0.05","0.25","2","8","-1.5","160","158","158","20.00674446517994","20","20","0","-3.549718515756695E-4","0","0","0","false","true","false","0.00674446517993843","true","state-displacement"
"4","feedback","20","20","20","0.05","0.25","2","8","-1.5","160","159","159","20.006407241920943","20","20","0","-3.3722325899692156E-4","0","0","0","false","true","false","0.0064072419209431075","true","state-displacement"
"4","feedback","20","20","20","0.05","0.25","2","8","-1.5","160","160","160","20.006086879824895","20","20","0","-3.203620960471554E-4","0","0","0","false","true","false","0.006086879824895419","true","state-displacement"
