"BehaviorSpace results (NetLogo 7.0.4)","Table version 2.0"
"/home/brian/code/collective-competence/goal-discovery/src/experiments/adaptation/adaptation.nlogox"
"005-adaptive"
"08/29/2026 02:50:00:076 -0700"
"min-pxcor","max-pxcor","min-pycor","max-pycor"
"-10","9","-10","9"
"[run number]","arm","actuator-effectiveness","load-magnitude","initial-temperature","setpoint","ambient-temperature","relaxation-rate","initial-gain","learning-rate","max-gain","max-control","episode-length","episode-count","max-ticks","[step]","ticks","episode","episode-step","temperature","controller-gain"
"1","adaptive","0.42","-0.34","20","20","20","0.05","0.05","0.08","0.8","2","50","5","250","0","0","1","0","20","0.05"
"6","adaptive","0.87","0.28","20","20","20","0.05","0.05","0.08","0.8","2","50","5","250","0","0","1","0","20","0.05"
"5","adaptive","0.87","-0.34","20","20","20","0.05","0.05","0.08","0.8","2","50","5","250","0","0","1","0","20","0.05"
"8","adaptive","1.08","0.28","20","20","20","0.05","0.05","0.08","0.8","2","50","5","250","0","0","1","0","20","0.05"
"3","adaptive","0.63","-0.34","20","20","20","0.05","0.05","0.08","0.8","2","50","5","250","0","0","1","0","20","0.05"
"7","adaptive","1.08","-0.34","20","20","20","0.05","0.05","0.08","0.8","2","50","5","250","0","0","1","0","20","0.05"
"4","adaptive","0.63","0.28","20","20","20","0.05","0.05","0.08","0.8","2","50","5","250","0","0","1","0","20","0.05"
"2","adaptive","0.42","0.28","20","20","20","0.05","0.05","0.08","0.8","2","50","5","250","0","0","1","0","20","0.05"
"6","adaptive","0.87","0.28","20","20","20","0.05","0.05","0.08","0.8","2","50","5","250","1","1","1","1","20.28","0.05"
"4","adaptive","0.63","0.28","20","20","20","0.05","0.05","0.08","0.8","2","50","5","250","1","1","1","1","20.28","0.05"
"3","adaptive","0.63","-0.34","20","20","20","0.05","0.05","0.08","0.8","2","50","5","250","1","1","1","1","19.66","0.05"
"5","adaptive","0.87","-0.34","20","20","20","0.05","0.05","0.08","0.8","2","50","5","250","1","1","1","1","19.66","0.05"
"7","adaptive","1.08","-0.34","20","20","20","0.05","0.05","0.08","0.8","2","50","5","250","1","1","1","1","19.66","0.05"
"1","adaptive","0.42","-0.34","20","20","20","0.05","0.05","0.08","0.8","2","50","5","250","1","1","1","1","19.66","0.05"
"8","adaptive","1.08","0.28","20","20","20","0.05","0.05","0.08","0.8","2","50","5","250","1","1","1","1","20.28","0.05"
"2","adaptive","0.42","0.28","20","20","20","0.05","0.05","0.08","0.8","2","50","5","250","1","1","1","1","20.28","0.05"
"6","adaptive","0.87","0.28","20","20","20","0.05","0.05","0.08","0.8","2","50","5","250","2","2","1","2","20.533820000000002","0.05"
"7","adaptive","1.08","-0.34","20","20","20","0.05","0.05","0.08","0.8","2","50","5","250","2","2","1","2","19.35536","0.05"
"4","adaptive","0.63","0.28","20","20","20","0.05","0.05","0.08","0.8","2","50","5","250","2","2","1","2","20.537180000000003","0.05"
"1","adaptive","0.42","-0.34","20","20","20","0.05","0.05","0.08","0.8","2","50","5","250","2","2","1","2","19.34414","0.05"
"6","adaptive","0.87","0.28","20","20","20","0.05","0.05","0.08","0.8","2","50","5","250","3","3","1","3","20.763907830000004","0.05"
"2","adaptive","0.42","0.28","20","20","20","0.05","0.05","0.08","0.8","2","50","5","250","2","2","1","2","20.54012","0.05"
"8","adaptive","1.08","0.28","20","20","20","0.05","0.05","0.08","0.8","2","50","5","250","2","2","1","2","20.530880000000003","0.05"
"4","adaptive","0.63","0.28","20","20","20","0.05","0.05","0.08","0.8","2","50","5","250","3","3","1","3","20.773399830000002","0.05"
"3","adaptive","0.63","-0.34","20","20","20","0.05","0.05","0.08","0.8","2","50","5","250","2","2","1","2","19.34771","0.05"
"7","adaptive","1.08","-0.34","20","20","20","0.05","0.05","0.08","0.8","2","50","5","250","3","3","1","3","19.082402560000002","0.05"
"8","adaptive","1.08","0.28","20","20","20","0.05","0.05","0.08","0.8","2","50","5","250","3","3","1","3","20.755668480000004","0.05"
"2","adaptive","0.42","0.28","20","20","20","0.05","0.05","0.08","0.8","2","50","5","250","3","3","1","3","20.781771480000003","0.05"
"3","adaptive","0.63","-0.34","20","20","20","0.05","0.05","0.08","0.8","2","50","5","250","3","3","1","3","19.060871635","0.05"
"7","adaptive","1.08","-0.34","20","20","20","0.05","0.05","0.08","0.8","2","50","5","250","4","4","1","4","18.837832693760003","0.05"
"8","adaptive","1.08","0.28","20","20","20","0.05","0.05","0.08","0.8","2","50","5","250","4","4","1","4","20.957078958080004","0.05"
"2","adaptive","0.42","0.28","20","20","20","0.05","0.05","0.08","0.8","2","50","5","250","4","4","1","4","21.006265704920004","0.05"
"3","adaptive","0.63","-0.34","20","20","20","0.05","0.05","0.08","0.8","2","50","5","250","4","4","1","4","18.797410596747504","0.05"
"7","adaptive","1.08","-0.34","20","20","20","0.05","0.05","0.08","0.8","2","50","5","250","5","5","1","5","18.618698093608963","0.05"
"3","adaptive","0.63","-0.34","20","20","20","0.05","0.05","0.08","0.8","2","50","5","250","5","5","1","5","18.555421633112584","0.05"
"2","adaptive","0.42","0.28","20","20","20","0.05","0.05","0.08","0.8","2","50","5","250","5","5","1","5","21.214820839870686","0.05"
"7","adaptive","1.08","-0.34","20","20","20","0.05","0.05","0.08","0.8","2","50","5","250","6","6","1","6","18.42235349187363","0.05"
"2","adaptive","0.42","0.28","20","20","20","0.05","0.05","0.08","0.8","2","50","5","250","6","6","1","6","21.408568560239868","0.05"
"7","adaptive","1.08","-0.34","20","20","20","0.05","0.05","0.08","0.8","2","50","5","250","7","7","1","7","18.246428728718772","0.05"
"7","adaptive","1.08","-0.34","20","20","20","0.05","0.05","0.08","0.8","2","50","5","250","8","8","1","8","18.08880014093202","0.05"
"2","adaptive","0.42","0.28","20","20","20","0.05","0.05","0.08","0.8","2","50","5","250","7","7","1","7","21.58856019246284","0.05"
"7","adaptive","1.08","-0.34","20","20","20","0.05","0.05","0.08","0.8","2","50","5","250","9","9","1","9","17.94756492627509","0.05"
"2","adaptive","0.42","0.28","20","20","20","0.05","0.05","0.08","0.8","2","50","5","250","8","8","1","8","21.755772418797978","0.05"
"7","adaptive","1.08","-0.34","20","20","20","0.05","0.05","0.08","0.8","2","50","5","250","10","10","1","10","17.82101817394248","0.05"
"2","adaptive","0.42","0.28","20","20","20","0.05","0.05","0.08","0.8","2","50","5","250","9","9","1","9","21.91111257706332","0.05"
"7","adaptive","1.08","-0.34","20","20","20","0.05","0.05","0.08","0.8","2","50","5","250","11","11","1","11","17.707632283852462","0.05"
"2","adaptive","0.42","0.28","20","20","20","0.05","0.05","0.08","0.8","2","50","5","250","10","10","1","10","22.055423584091827","0.05"
"7","adaptive","1.08","-0.34","20","20","20","0.05","0.05","0.08","0.8","2","50","5","250","12","12","1","12","17.606038526331805","0.05"
"2","adaptive","0.42","0.28","20","20","20","0.05","0.05","0.08","0.8","2","50","5","250","11","11","1","11","22.18948850962131","0.05"
"7","adaptive","1.08","-0.34","20","20","20","0.05","0.05","0.08","0.8","2","50","5","250","13","13","1","13","17.515010519593297","0.05"
"2","adaptive","0.42","0.28","20","20","20","0.05","0.05","0.08","0.8","2","50","5","250","12","12","1","12","22.3140348254382","0.05"
"7","adaptive","1.08","-0.34","20","20","20","0.05","0.05","0.08","0.8","2","50","5","250","14","14","1","14","17.433449425555594","0.05"
"2","adaptive","0.42","0.28","20","20","20","0.05","0.05","0.08","0.8","2","50","5","250","13","13","1","13","22.42973835283209","0.05"
"7","adaptive","1.08","-0.34","20","20","20","0.05","0.05","0.08","0.8","2","50","5","250","15","15","1","15","17.360370685297813","0.05"
"2","adaptive","0.42","0.28","20","20","20","0.05","0.05","0.08","0.8","2","50","5","250","14","14","1","14","22.537226929781013","0.05"
"7","adaptive","1.08","-0.34","20","20","20","0.05","0.05","0.08","0.8","2","50","5","250","16","16","1","16","17.29489213402684","0.05"
"2","adaptive","0.42","0.28","20","20","20","0.05","0.05","0.08","0.8","2","50","5","250","15","15","1","15","22.637083817766563","0.05"
"7","adaptive","1.08","-0.34","20","20","20","0.05","0.05","0.08","0.8","2","50","5","250","17","17","1","17","17.236223352088047","0.05"
"2","adaptive","0.42","0.28","20","20","20","0.05","0.05","0.08","0.8","2","50","5","250","16","16","1","16","22.729850866705135","0.05"
"7","adaptive","1.08","-0.34","20","20","20","0.05","0.05","0.08","0.8","2","50","5","250","18","18","1","18","17.18365612347089","0.05"
"2","adaptive","0.42","0.28","20","20","20","0.05","0.05","0.08","0.8","2","50","5","250","17","17","1","17","22.81603145516907","0.05"
"7","adaptive","1.08","-0.34","20","20","20","0.05","0.05","0.08","0.8","2","50","5","250","19","19","1","19","17.136555886629917","0.05"
"2","adaptive","0.42","0.28","20","20","20","0.05","0.05","0.08","0.8","2","50","5","250","18","18","1","18","22.89609322185207","0.05"
"7","adaptive","1.08","-0.34","20","20","20","0.05","0.05","0.08","0.8","2","50","5","250","20","20","1","20","17.094354074420405","0.05"
"2","adaptive","0.42","0.28","20","20","20","0.05","0.05","0.08","0.8","2","50","5","250","19","19","1","19","22.970470603100573","0.05"
"2","adaptive","0.42","0.28","20","20","20","0.05","0.05","0.08","0.8","2","50","5","250","20","20","1","20","23.039567190280433","0.05"
"7","adaptive","1.08","-0.34","20","20","20","0.05","0.05","0.08","0.8","2","50","5","250","21","21","1","21","17.05654125068068","0.05"
"2","adaptive","0.42","0.28","20","20","20","0.05","0.05","0.08","0.8","2","50","5","250","21","21","1","21","23.103757919770523","0.05"
"7","adaptive","1.08","-0.34","20","20","20","0.05","0.05","0.08","0.8","2","50","5","250","22","22","1","22","17.02266096060989","0.05"
"2","adaptive","0.42","0.28","20","20","20","0.05","0.05","0.08","0.8","2","50","5","250","22","22","1","22","23.16339110746682","0.05"
"7","adaptive","1.08","-0.34","20","20","20","0.05","0.05","0.08","0.8","2","50","5","250","23","23","1","23","16.992304220706462","0.05"
"2","adaptive","0.42","0.28","20","20","20","0.05","0.05","0.08","0.8","2","50","5","250","23","23","1","23","23.218790338836676","0.05"
"7","adaptive","1.08","-0.34","20","20","20","0.05","0.05","0.08","0.8","2","50","5","250","24","24","1","24","16.96510458175299","0.05"
"7","adaptive","1.08","-0.34","20","20","20","0.05","0.05","0.08","0.8","2","50","5","250","25","25","1","25","16.94073370525068","0.05"
"7","adaptive","1.08","-0.34","20","20","20","0.05","0.05","0.08","0.8","2","50","5","250","26","26","1","26","16.91889739990461","0.05"
"7","adaptive","1.08","-0.34","20","20","20","0.05","0.05","0.08","0.8","2","50","5","250","27","27","1","27","16.899332070314532","0.05"
"7","adaptive","1.08","-0.34","20","20","20","0.05","0.05","0.08","0.8","2","50","5","250","28","28","1","28","16.881801535001824","0.05"
"7","adaptive","1.08","-0.34","20","20","20","0.05","0.05","0.08","0.8","2","50","5","250","29","29","1","29","16.866094175361635","0.05"
"7","adaptive","1.08","-0.34","20","20","20","0.05","0.05","0.08","0.8","2","50","5","250","30","30","1","30","16.852020381124028","0.05"
"7","adaptive","1.08","-0.34","20","20","20","0.05","0.05","0.08","0.8","2","50","5","250","31","31","1","31","16.83941026148713","0.05"
"7","adaptive","1.08","-0.34","20","20","20","0.05","0.05","0.08","0.8","2","50","5","250","32","32","1","32","16.82811159429247","0.05"
"7","adaptive","1.08","-0.34","20","20","20","0.05","0.05","0.08","0.8","2","50","5","250","33","33","1","33","16.817987988486053","0.05"
"7","adaptive","1.08","-0.34","20","20","20","0.05","0.05","0.08","0.8","2","50","5","250","34","34","1","34","16.808917237683502","0.05"
"7","adaptive","1.08","-0.34","20","20","20","0.05","0.05","0.08","0.8","2","50","5","250","35","35","1","35","16.80078984496442","0.05"
"7","adaptive","1.08","-0.34","20","20","20","0.05","0.05","0.08","0.8","2","50","5","250","36","36","1","36","16.79350770108812","0.05"
"7","adaptive","1.08","-0.34","20","20","20","0.05","0.05","0.08","0.8","2","50","5","250","37","37","1","37","16.786982900174955","0.05"
"7","adaptive","1.08","-0.34","20","20","20","0.05","0.05","0.08","0.8","2","50","5","250","38","38","1","38","16.78113667855676","0.05"
"7","adaptive","1.08","-0.34","20","20","20","0.05","0.05","0.08","0.8","2","50","5","250","39","39","1","39","16.775898463986856","0.05"
"7","adaptive","1.08","-0.34","20","20","20","0.05","0.05","0.08","0.8","2","50","5","250","40","40","1","40","16.77120502373222","0.05"
"7","adaptive","1.08","-0.34","20","20","20","0.05","0.05","0.08","0.8","2","50","5","250","41","41","1","41","16.766999701264073","0.05"
"7","adaptive","1.08","-0.34","20","20","20","0.05","0.05","0.08","0.8","2","50","5","250","42","42","1","42","16.76323173233261","0.05"
"7","adaptive","1.08","-0.34","20","20","20","0.05","0.05","0.08","0.8","2","50","5","250","43","43","1","43","16.759855632170016","0.05"
"7","adaptive","1.08","-0.34","20","20","20","0.05","0.05","0.08","0.8","2","50","5","250","44","44","1","44","16.756830646424334","0.05"
"7","adaptive","1.08","-0.34","20","20","20","0.05","0.05","0.08","0.8","2","50","5","250","45","45","1","45","16.754120259196203","0.05"
"7","adaptive","1.08","-0.34","20","20","20","0.05","0.05","0.08","0.8","2","50","5","250","46","46","1","46","16.751691752239797","0.05"
"7","adaptive","1.08","-0.34","20","20","20","0.05","0.05","0.08","0.8","2","50","5","250","47","47","1","47","16.74951581000686","0.05"
"7","adaptive","1.08","-0.34","20","20","20","0.05","0.05","0.08","0.8","2","50","5","250","48","48","1","48","16.747566165766145","0.05"
"7","adaptive","1.08","-0.34","20","20","20","0.05","0.05","0.08","0.8","2","50","5","250","49","49","1","49","16.745819284526466","0.05"
"7","adaptive","1.08","-0.34","20","20","20","0.05","0.05","0.08","0.8","2","50","5","250","50","50","2","0","20","0.2666592562265599"
"7","adaptive","1.08","-0.34","20","20","20","0.05","0.05","0.08","0.8","2","50","5","250","51","51","2","1","19.66","0.2666592562265599"
"7","adaptive","1.08","-0.34","20","20","20","0.05","0.05","0.08","0.8","2","50","5","250","52","52","2","2","19.43491727888639","0.2666592562265599"
"7","adaptive","1.08","-0.34","20","20","20","0.05","0.05","0.08","0.8","2","50","5","250","53","53","2","3","19.285910716110198","0.2666592562265599"
"7","adaptive","1.08","-0.34","20","20","20","0.05","0.05","0.08","0.8","2","50","5","250","54","54","2","4","19.187267179011815","0.2666592562265599"
"7","adaptive","1.08","-0.34","20","20","20","0.05","0.05","0.08","0.8","2","50","5","250","55","55","2","5","19.1219643679813","0.2666592562265599"
"7","adaptive","1.08","-0.34","20","20","20","0.05","0.05","0.08","0.8","2","50","5","250","56","56","2","6","19.07873338444272","0.2666592562265599"
"7","adaptive","1.08","-0.34","20","20","20","0.05","0.05","0.08","0.8","2","50","5","250","57","57","2","7","19.050114127350717","0.2666592562265599"
"7","adaptive","1.08","-0.34","20","20","20","0.05","0.05","0.08","0.8","2","50","5","250","58","58","2","8","19.031167950108017","0.2666592562265599"
"7","adaptive","1.08","-0.34","20","20","20","0.05","0.05","0.08","0.8","2","50","5","250","59","59","2","9","19.018625429141878","0.2666592562265599"
"7","adaptive","1.08","-0.34","20","20","20","0.05","0.05","0.08","0.8","2","50","5","250","60","60","2","10","19.010322179881044","0.2666592562265599"
"7","adaptive","1.08","-0.34","20","20","20","0.05","0.05","0.08","0.8","2","50","5","250","61","61","2","11","19.004825362417183","0.2666592562265599"
"7","adaptive","1.08","-0.34","20","20","20","0.05","0.05","0.08","0.8","2","50","5","250","62","62","2","12","19.001186425263565","0.2666592562265599"
"7","adaptive","1.08","-0.34","20","20","20","0.05","0.05","0.08","0.8","2","50","5","250","63","63","2","13","18.998777419744453","0.2666592562265599"
"7","adaptive","1.08","-0.34","20","20","20","0.05","0.05","0.08","0.8","2","50","5","250","64","64","2","14","18.997182638810866","0.2666592562265599"
"7","adaptive","1.08","-0.34","20","20","20","0.05","0.05","0.08","0.8","2","50","5","250","65","65","2","15","18.99612688106936","0.2666592562265599"
"7","adaptive","1.08","-0.34","20","20","20","0.05","0.05","0.08","0.8","2","50","5","250","66","66","2","16","18.995427960994967","0.2666592562265599"
"7","adaptive","1.08","-0.34","20","20","20","0.05","0.05","0.08","0.8","2","50","5","250","67","67","2","17","18.994965270312065","0.2666592562265599"
"7","adaptive","1.08","-0.34","20","20","20","0.05","0.05","0.08","0.8","2","50","5","250","68","68","2","18","18.994658965376946","0.2666592562265599"
"7","adaptive","1.08","-0.34","20","20","20","0.05","0.05","0.08","0.8","2","50","5","250","69","69","2","19","18.994456189058454","0.2666592562265599"
"7","adaptive","1.08","-0.34","20","20","20","0.05","0.05","0.08","0.8","2","50","5","250","70","70","2","20","18.994321949512738","0.2666592562265599"
"7","adaptive","1.08","-0.34","20","20","20","0.05","0.05","0.08","0.8","2","50","5","250","71","71","2","21","18.994233081859115","0.2666592562265599"
"7","adaptive","1.08","-0.34","20","20","20","0.05","0.05","0.08","0.8","2","50","5","250","72","72","2","22","18.994174250761187","0.2666592562265599"
"7","adaptive","1.08","-0.34","20","20","20","0.05","0.05","0.08","0.8","2","50","5","250","73","73","2","23","18.994135304103516","0.2666592562265599"
"7","adaptive","1.08","-0.34","20","20","20","0.05","0.05","0.08","0.8","2","50","5","250","74","74","2","24","18.994109521104438","0.2666592562265599"
"7","adaptive","1.08","-0.34","20","20","20","0.05","0.05","0.08","0.8","2","50","5","250","75","75","2","25","18.9940924525527","0.2666592562265599"
"7","adaptive","1.08","-0.34","20","20","20","0.05","0.05","0.08","0.8","2","50","5","250","76","76","2","26","18.99408115303484","0.2666592562265599"
"7","adaptive","1.08","-0.34","20","20","20","0.05","0.05","0.08","0.8","2","50","5","250","77","77","2","27","18.994073672663585","0.2666592562265599"
"7","adaptive","1.08","-0.34","20","20","20","0.05","0.05","0.08","0.8","2","50","5","250","78","78","2","28","18.99406872059795","0.2666592562265599"
"7","adaptive","1.08","-0.34","20","20","20","0.05","0.05","0.08","0.8","2","50","5","250","79","79","2","29","18.994065442290868","0.2666592562265599"
"7","adaptive","1.08","-0.34","20","20","20","0.05","0.05","0.08","0.8","2","50","5","250","80","80","2","30","18.99406327202534","0.2666592562265599"
"7","adaptive","1.08","-0.34","20","20","20","0.05","0.05","0.08","0.8","2","50","5","250","81","81","2","31","18.99406183529219","0.2666592562265599"
"7","adaptive","1.08","-0.34","20","20","20","0.05","0.05","0.08","0.8","2","50","5","250","82","82","2","32","18.99406088416335","0.2666592562265599"
"7","adaptive","1.08","-0.34","20","20","20","0.05","0.05","0.08","0.8","2","50","5","250","83","83","2","33","18.994060254508444","0.2666592562265599"
"7","adaptive","1.08","-0.34","20","20","20","0.05","0.05","0.08","0.8","2","50","5","250","84","84","2","34","18.994059837671855","0.2666592562265599"
"7","adaptive","1.08","-0.34","20","20","20","0.05","0.05","0.08","0.8","2","50","5","250","85","85","2","35","18.994059561722697","0.2666592562265599"
"7","adaptive","1.08","-0.34","20","20","20","0.05","0.05","0.08","0.8","2","50","5","250","86","86","2","36","18.99405937904215","0.2666592562265599"
"7","adaptive","1.08","-0.34","20","20","20","0.05","0.05","0.08","0.8","2","50","5","250","87","87","2","37","18.994059258106162","0.2666592562265599"
"7","adaptive","1.08","-0.34","20","20","20","0.05","0.05","0.08","0.8","2","50","5","250","88","88","2","38","18.99405917804557","0.2666592562265599"
"7","adaptive","1.08","-0.34","20","20","20","0.05","0.05","0.08","0.8","2","50","5","250","89","89","2","39","18.99405912504482","0.2666592562265599"
"7","adaptive","1.08","-0.34","20","20","20","0.05","0.05","0.08","0.8","2","50","5","250","90","90","2","40","18.994059089957897","0.2666592562265599"
"7","adaptive","1.08","-0.34","20","20","20","0.05","0.05","0.08","0.8","2","50","5","250","91","91","2","41","18.994059066730074","0.2666592562265599"
"7","adaptive","1.08","-0.34","20","20","20","0.05","0.05","0.08","0.8","2","50","5","250","92","92","2","42","18.99405905135307","0.2666592562265599"
"7","adaptive","1.08","-0.34","20","20","20","0.05","0.05","0.08","0.8","2","50","5","250","93","93","2","43","18.99405904117337","0.2666592562265599"
"7","adaptive","1.08","-0.34","20","20","20","0.05","0.05","0.08","0.8","2","50","5","250","94","94","2","44","18.994059034434326","0.2666592562265599"
"7","adaptive","1.08","-0.34","20","20","20","0.05","0.05","0.08","0.8","2","50","5","250","95","95","2","45","18.994059029973027","0.2666592562265599"
"7","adaptive","1.08","-0.34","20","20","20","0.05","0.05","0.08","0.8","2","50","5","250","96","96","2","46","18.99405902701961","0.2666592562265599"
"7","adaptive","1.08","-0.34","20","20","20","0.05","0.05","0.08","0.8","2","50","5","250","97","97","2","47","18.994059025064427","0.2666592562265599"
"7","adaptive","1.08","-0.34","20","20","20","0.05","0.05","0.08","0.8","2","50","5","250","98","98","2","48","18.994059023770077","0.2666592562265599"
"7","adaptive","1.08","-0.34","20","20","20","0.05","0.05","0.08","0.8","2","50","5","250","99","99","2","49","18.99405902291321","0.2666592562265599"
"7","adaptive","1.08","-0.34","20","20","20","0.05","0.05","0.08","0.8","2","50","5","250","100","100","3","0","20","0.3439820765548791"
"7","adaptive","1.08","-0.34","20","20","20","0.05","0.05","0.08","0.8","2","50","5","250","101","101","3","1","19.66","0.3439820765548791"
"7","adaptive","1.08","-0.34","20","20","20","0.05","0.05","0.08","0.8","2","50","5","250","102","102","3","2","19.46331021851095","0.3439820765548791"
"7","adaptive","1.08","-0.34","20","20","20","0.05","0.05","0.08","0.8","2","50","5","250","103","103","3","3","19.349525306327983","0.3439820765548791"
"7","adaptive","1.08","-0.34","20","20","20","0.05","0.05","0.08","0.8","2","50","5","250","104","104","3","4","19.283700807757338","0.3439820765548791"
"7","adaptive","1.08","-0.34","20","20","20","0.05","0.05","0.08","0.8","2","50","5","250","105","105","3","5","19.245621377638262","0.3439820765548791"
"7","adaptive","1.08","-0.34","20","20","20","0.05","0.05","0.08","0.8","2","50","5","250","106","106","3","6","19.223592451787237","0.3439820765548791"
"7","adaptive","1.08","-0.34","20","20","20","0.05","0.05","0.08","0.8","2","50","5","250","107","107","3","7","19.21084873233995","0.3439820765548791"
"7","adaptive","1.08","-0.34","20","20","20","0.05","0.05","0.08","0.8","2","50","5","250","108","108","3","8","19.203476498829822","0.3439820765548791"
"7","adaptive","1.08","-0.34","20","20","20","0.05","0.05","0.08","0.8","2","50","5","250","109","109","3","9","19.199211666482192","0.3439820765548791"
"7","adaptive","1.08","-0.34","20","20","20","0.05","0.05","0.08","0.8","2","50","5","250","110","110","3","10","19.196744463710008","0.3439820765548791"
"7","adaptive","1.08","-0.34","20","20","20","0.05","0.05","0.08","0.8","2","50","5","250","111","111","3","11","19.195317188491924","0.3439820765548791"
"7","adaptive","1.08","-0.34","20","20","20","0.05","0.05","0.08","0.8","2","50","5","250","112","112","3","12","19.19449151069554","0.3439820765548791"
"7","adaptive","1.08","-0.34","20","20","20","0.05","0.05","0.08","0.8","2","50","5","250","113","113","3","13","19.194013856620973","0.3439820765548791"
"7","adaptive","1.08","-0.34","20","20","20","0.05","0.05","0.08","0.8","2","50","5","250","114","114","3","14","19.19373753404582","0.3439820765548791"
"7","adaptive","1.08","-0.34","20","20","20","0.05","0.05","0.08","0.8","2","50","5","250","115","115","3","15","19.19357768161368","0.3439820765548791"
"7","adaptive","1.08","-0.34","20","20","20","0.05","0.05","0.08","0.8","2","50","5","250","116","116","3","16","19.193485207084418","0.3439820765548791"
"7","adaptive","1.08","-0.34","20","20","20","0.05","0.05","0.08","0.8","2","50","5","250","117","117","3","17","19.193431710628676","0.3439820765548791"
"7","adaptive","1.08","-0.34","20","20","20","0.05","0.05","0.08","0.8","2","50","5","250","118","118","3","18","19.193400762963407","0.3439820765548791"
"7","adaptive","1.08","-0.34","20","20","20","0.05","0.05","0.08","0.8","2","50","5","250","119","119","3","19","19.193382859758938","0.3439820765548791"
"7","adaptive","1.08","-0.34","20","20","20","0.05","0.05","0.08","0.8","2","50","5","250","120","120","3","20","19.193372502766657","0.3439820765548791"
"7","adaptive","1.08","-0.34","20","20","20","0.05","0.05","0.08","0.8","2","50","5","250","121","121","3","21","19.19336651125328","0.3439820765548791"
"7","adaptive","1.08","-0.34","20","20","20","0.05","0.05","0.08","0.8","2","50","5","250","122","122","3","22","19.193363045166645","0.3439820765548791"
"7","adaptive","1.08","-0.34","20","20","20","0.05","0.05","0.08","0.8","2","50","5","250","123","123","3","23","19.193361040037754","0.3439820765548791"
"7","adaptive","1.08","-0.34","20","20","20","0.05","0.05","0.08","0.8","2","50","5","250","124","124","3","24","19.193359880071977","0.3439820765548791"
"7","adaptive","1.08","-0.34","20","20","20","0.05","0.05","0.08","0.8","2","50","5","250","125","125","3","25","19.193359209032522","0.3439820765548791"
"7","adaptive","1.08","-0.34","20","20","20","0.05","0.05","0.08","0.8","2","50","5","250","126","126","3","26","19.19335882083663","0.3439820765548791"
"7","adaptive","1.08","-0.34","20","20","20","0.05","0.05","0.08","0.8","2","50","5","250","127","127","3","27","19.193358596265554","0.3439820765548791"
"7","adaptive","1.08","-0.34","20","20","20","0.05","0.05","0.08","0.8","2","50","5","250","128","128","3","28","19.19335846635133","0.3439820765548791"
"7","adaptive","1.08","-0.34","20","20","20","0.05","0.05","0.08","0.8","2","50","5","250","129","129","3","29","19.193358391196035","0.3439820765548791"
"7","adaptive","1.08","-0.34","20","20","20","0.05","0.05","0.08","0.8","2","50","5","250","130","130","3","30","19.193358347718746","0.3439820765548791"
"7","adaptive","1.08","-0.34","20","20","20","0.05","0.05","0.08","0.8","2","50","5","250","131","131","3","31","19.193358322567164","0.3439820765548791"
"7","adaptive","1.08","-0.34","20","20","20","0.05","0.05","0.08","0.8","2","50","5","250","132","132","3","32","19.19335830801699","0.3439820765548791"
"7","adaptive","1.08","-0.34","20","20","20","0.05","0.05","0.08","0.8","2","50","5","250","133","133","3","33","19.193358299599723","0.3439820765548791"
"7","adaptive","1.08","-0.34","20","20","20","0.05","0.05","0.08","0.8","2","50","5","250","134","134","3","34","19.19335829473034","0.3439820765548791"
"5","adaptive","0.87","-0.34","20","20","20","0.05","0.05","0.08","0.8","2","50","5","250","2","2","1","2","19.35179","0.05"
"7","adaptive","1.08","-0.34","20","20","20","0.05","0.05","0.08","0.8","2","50","5","250","135","135","3","35","19.193358291913405","0.3439820765548791"
"5","adaptive","0.87","-0.34","20","20","20","0.05","0.05","0.08","0.8","2","50","5","250","3","3","1","3","19.072397635","0.05"
"7","adaptive","1.08","-0.34","20","20","20","0.05","0.05","0.08","0.8","2","50","5","250","136","136","3","36","19.193358290283808","0.3439820765548791"
"5","adaptive","0.87","-0.34","20","20","20","0.05","0.05","0.08","0.8","2","50","5","250","4","4","1","4","18.8191284561275","0.05"
"7","adaptive","1.08","-0.34","20","20","20","0.05","0.05","0.08","0.8","2","50","5","250","137","137","3","37","19.193358289341084","0.3439820765548791"
"1","adaptive","0.42","-0.34","20","20","20","0.05","0.05","0.08","0.8","2","50","5","250","3","3","1","3","19.05070606","0.05"
"6","adaptive","0.87","0.28","20","20","20","0.05","0.05","0.08","0.8","2","50","5","250","4","4","1","4","20.972482447895004","0.05"
"5","adaptive","0.87","-0.34","20","20","20","0.05","0.05","0.08","0.8","2","50","5","250","5","5","1","5","18.58953994547958","0.05"
"7","adaptive","1.08","-0.34","20","20","20","0.05","0.05","0.08","0.8","2","50","5","250","138","138","3","38","19.19335828879572","0.3439820765548791"
"6","adaptive","0.87","0.28","20","20","20","0.05","0.05","0.08","0.8","2","50","5","250","5","5","1","5","21.161555339016825","0.05"
"1","adaptive","0.42","-0.34","20","20","20","0.05","0.05","0.08","0.8","2","50","5","250","4","4","1","4","18.778105929739997","0.05"
"4","adaptive","0.63","0.28","20","20","20","0.05","0.05","0.08","0.8","2","50","5","250","4","4","1","4","20.990367743855003","0.05"
"5","adaptive","0.87","-0.34","20","20","20","0.05","0.05","0.08","0.8","2","50","5","250","6","6","1","6","18.381417960577238","0.05"
"7","adaptive","1.08","-0.34","20","20","20","0.05","0.05","0.08","0.8","2","50","5","250","139","139","3","39","19.19335828848023","0.3439820765548791"
"1","adaptive","0.42","-0.34","20","20","20","0.05","0.05","0.08","0.8","2","50","5","250","5","5","1","5","18.524860408728458","0.05"
"6","adaptive","0.87","0.28","20","20","20","0.05","0.05","0.08","0.8","2","50","5","250","6","6","1","6","21.33294991481875","0.05"
"7","adaptive","1.08","-0.34","20","20","20","0.05","0.05","0.08","0.8","2","50","5","250","140","140","3","40","19.19335828829772","0.3439820765548791"
"5","adaptive","0.87","-0.34","20","20","20","0.05","0.05","0.08","0.8","2","50","5","250","7","7","1","7","18.192755381263265","0.05"
"4","adaptive","0.63","0.28","20","20","20","0.05","0.05","0.08","0.8","2","50","5","250","5","5","1","5","21.18965277273082","0.05"
"1","adaptive","0.42","-0.34","20","20","20","0.05","0.05","0.08","0.8","2","50","5","250","6","6","1","6","18.289595319708738","0.05"
"6","adaptive","0.87","0.28","20","20","20","0.05","0.05","0.08","0.8","2","50","5","250","7","7","1","7","21.4883190977832","0.05"
"4","adaptive","0.63","0.28","20","20","20","0.05","0.05","0.08","0.8","2","50","5","250","6","6","1","6","21.372696071753257","0.05"
"7","adaptive","1.08","-0.34","20","20","20","0.05","0.05","0.08","0.8","2","50","5","250","141","141","3","41","19.193358288192137","0.3439820765548791"
"5","adaptive","0.87","-0.34","20","20","20","0.05","0.05","0.08","0.8","2","50","5","250","8","8","1","8","18.02173275311515","0.05"
"1","adaptive","0.42","-0.34","20","20","20","0.05","0.05","0.08","0.8","2","50","5","250","7","7","1","7","18.071034052009416","0.05"
"6","adaptive","0.87","0.28","20","20","20","0.05","0.05","0.08","0.8","2","50","5","250","8","8","1","8","21.62916126214047","0.05"
"4","adaptive","0.63","0.28","20","20","20","0.05","0.05","0.08","0.8","2","50","5","250","7","7","1","7","21.540821341905367","0.05"
"5","adaptive","0.87","-0.34","20","20","20","0.05","0.05","0.08","0.8","2","50","5","250","9","9","1","9","17.86670074069888","0.05"
"7","adaptive","1.08","-0.34","20","20","20","0.05","0.05","0.08","0.8","2","50","5","250","142","142","3","42","19.19335828813106","0.3439820765548791"
"1","adaptive","0.42","-0.34","20","20","20","0.05","0.05","0.08","0.8","2","50","5","250","8","8","1","8","17.867990634316747","0.05"
"6","adaptive","0.87","0.28","20","20","20","0.05","0.05","0.08","0.8","2","50","5","250","9","9","1","9","21.756834684130336","0.05"
"5","adaptive","0.87","-0.34","20","20","20","0.05","0.05","0.08","0.8","2","50","5","250","10","10","1","10","17.726164221443536","0.05"
"1","adaptive","0.42","-0.34","20","20","20","0.05","0.05","0.08","0.8","2","50","5","250","9","9","1","9","17.679363299280258","0.05"
"4","adaptive","0.63","0.28","20","20","20","0.05","0.05","0.08","0.8","2","50","5","250","8","8","1","8","21.69524440254008","0.05"
"7","adaptive","1.08","-0.34","20","20","20","0.05","0.05","0.08","0.8","2","50","5","250","143","143","3","43","19.193358288095723","0.3439820765548791"
"6","adaptive","0.87","0.28","20","20","20","0.05","0.05","0.08","0.8","2","50","5","250","10","10","1","10","21.87257064116415","0.05"
"1","adaptive","0.42","-0.34","20","20","20","0.05","0.05","0.08","0.8","2","50","5","250","10","10","1","10","17.50412850503136","0.05"
"5","adaptive","0.87","-0.34","20","20","20","0.05","0.05","0.08","0.8","2","50","5","250","11","11","1","11","17.598767866738566","0.05"
"4","adaptive","0.63","0.28","20","20","20","0.05","0.05","0.08","0.8","2","50","5","250","9","9","1","9","21.837081983733064","0.05"
"7","adaptive","1.08","-0.34","20","20","20","0.05","0.05","0.08","0.8","2","50","5","250","144","144","3","44","19.19335828807528","0.3439820765548791"
"6","adaptive","0.87","0.28","20","20","20","0.05","0.05","0.08","0.8","2","50","5","250","11","11","1","11","21.977485286215302","0.05"
"1","adaptive","0.42","-0.34","20","20","20","0.05","0.05","0.08","0.8","2","50","5","250","11","11","1","11","17.341335381174133","0.05"
"8","adaptive","1.08","0.28","20","20","20","0.05","0.05","0.08","0.8","2","50","5","250","5","5","1","5","21.137542746439685","0.05"
"7","adaptive","1.08","-0.34","20","20","20","0.05","0.05","0.08","0.8","2","50","5","250","145","145","3","45","19.193358288063457","0.3439820765548791"
"5","adaptive","0.87","-0.34","20","20","20","0.05","0.05","0.08","0.8","2","50","5","250","12","12","1","12","17.48328307119851","0.05"
"4","adaptive","0.63","0.28","20","20","20","0.05","0.05","0.08","0.8","2","50","5","250","10","10","1","10","21.96735980205882","0.05"
"6","adaptive","0.87","0.28","20","20","20","0.05","0.05","0.08","0.8","2","50","5","250","12","12","1","12","22.07259041195417","0.05"
"1","adaptive","0.42","-0.34","20","20","20","0.05","0.05","0.08","0.8","2","50","5","250","12","12","1","12","17.190100569110772","0.05"
"8","adaptive","1.08","0.28","20","20","20","0.05","0.05","0.08","0.8","2","50","5","250","6","6","1","6","21.29923830080996","0.05"
"5","adaptive","0.87","-0.34","20","20","20","0.05","0.05","0.08","0.8","2","50","5","250","13","13","1","13","17.378596104041453","0.05"
"6","adaptive","0.87","0.28","20","20","20","0.05","0.05","0.08","0.8","2","50","5","250","13","13","1","13","22.158803208436456","0.05"
"7","adaptive","1.08","-0.34","20","20","20","0.05","0.05","0.08","0.8","2","50","5","250","146","146","3","46","19.193358288056615","0.3439820765548791"
"1","adaptive","0.42","-0.34","20","20","20","0.05","0.05","0.08","0.8","2","50","5","250","13","13","1","13","17.049603428703907","0.05"
"8","adaptive","1.08","0.28","20","20","20","0.05","0.05","0.08","0.8","2","50","5","250","7","7","1","7","21.444117517525726","0.05"
"5","adaptive","0.87","-0.34","20","20","20","0.05","0.05","0.08","0.8","2","50","5","250","14","14","1","14","17.28369736831358","0.05"
"4","adaptive","0.63","0.28","20","20","20","0.05","0.05","0.08","0.8","2","50","5","250","11","11","1","11","22.087019978191027","0.05"
"3","adaptive","0.63","-0.34","20","20","20","0.05","0.05","0.08","0.8","2","50","5","250","6","6","1","6","18.33315477001391","0.05"
"7","adaptive","1.08","-0.34","20","20","20","0.05","0.05","0.08","0.8","2","50","5","250","147","147","3","47","19.193358288052657","0.3439820765548791"
"6","adaptive","0.87","0.28","20","20","20","0.05","0.05","0.08","0.8","2","50","5","250","14","14","1","14","22.23695510844765","0.05"
"1","adaptive","0.42","-0.34","20","20","20","0.05","0.05","0.08","0.8","2","50","5","250","14","14","1","14","16.91908158526593","0.05"
"4","adaptive","0.63","0.28","20","20","20","0.05","0.05","0.08","0.8","2","50","5","250","12","12","1","12","22.196927849968457","0.05"
"3","adaptive","0.63","-0.34","20","20","20","0.05","0.05","0.08","0.8","2","50","5","250","7","7","1","7","18.129002656257775","0.05"
"8","adaptive","1.08","0.28","20","20","20","0.05","0.05","0.08","0.8","2","50","5","250","8","8","1","8","21.573929295703053","0.05"
"5","adaptive","0.87","-0.34","20","20","20","0.05","0.05","0.08","0.8","2","50","5","250","15","15","1","15","17.19767166437626","0.05"
"6","adaptive","0.87","0.28","20","20","20","0.05","0.05","0.08","0.8","2","50","5","250","15","15","1","15","22.307799805807797","0.05"
"3","adaptive","0.63","-0.34","20","20","20","0.05","0.05","0.08","0.8","2","50","5","250","8","8","1","8","17.941488939772768","0.05"
"7","adaptive","1.08","-0.34","20","20","20","0.05","0.05","0.08","0.8","2","50","5","250","148","148","3","48","19.19335828805037","0.3439820765548791"
"1","adaptive","0.42","-0.34","20","20","20","0.05","0.05","0.08","0.8","2","50","5","250","15","15","1","15","16.797826792712048","0.05"
"8","adaptive","1.08","0.28","20","20","20","0.05","0.05","0.08","0.8","2","50","5","250","9","9","1","9","21.690240648949935","0.05"
"5","adaptive","0.87","-0.34","20","20","20","0.05","0.05","0.08","0.8","2","50","5","250","16","16","1","16","17.11968936375708","0.05"
"6","adaptive","0.87","0.28","20","20","20","0.05","0.05","0.08","0.8","2","50","5","250","16","16","1","16","22.37202052396477","0.05"
"4","adaptive","0.63","0.28","20","20","20","0.05","0.05","0.08","0.8","2","50","5","250","13","13","1","13","22.29787823019603","0.05"
"3","adaptive","0.63","-0.34","20","20","20","0.05","0.05","0.08","0.8","2","50","5","250","9","9","1","9","17.769257591181287","0.05"
"7","adaptive","1.08","-0.34","20","20","20","0.05","0.05","0.08","0.8","2","50","5","250","149","149","3","49","19.193358288049044","0.3439820765548791"
"6","adaptive","0.87","0.28","20","20","20","0.05","0.05","0.08","0.8","2","50","5","250","17","17","1","17","22.430236604974066","0.05"
"5","adaptive","0.87","-0.34","20","20","20","0.05","0.05","0.08","0.8","2","50","5","250","17","17","1","17","17.048998408245794","0.05"
"1","adaptive","0.42","-0.34","20","20","20","0.05","0.05","0.08","0.8","2","50","5","250","16","16","1","16","16.68518109042949","0.05"
"8","adaptive","1.08","0.28","20","20","20","0.05","0.05","0.08","0.8","2","50","5","250","10","10","1","10","21.794455621459143","0.05"
"3","adaptive","0.63","-0.34","20","20","20","0.05","0.05","0.08","0.8","2","50","5","250","10","10","1","10","17.61106309750001","0.05"
"4","adaptive","0.63","0.28","20","20","20","0.05","0.05","0.08","0.8","2","50","5","250","14","14","1","14","22.390601154435053","0.05"
"7","adaptive","1.08","-0.34","20","20","20","0.05","0.05","0.08","0.8","2","50","5","250","150","150","4","0","20","0.406742059772759"
"8","adaptive","1.08","0.28","20","20","20","0.05","0.05","0.08","0.8","2","50","5","250","11","11","1","11","21.887832236827393","0.05"
"1","adaptive","0.42","-0.34","20","20","20","0.05","0.05","0.08","0.8","2","50","5","250","17","17","1","17","16.580533233008996","0.05"
"6","adaptive","0.87","0.28","20","20","20","0.05","0.05","0.08","0.8","2","50","5","250","18","18","1","18","22.483009482408992","0.05"
"3","adaptive","0.63","-0.34","20","20","20","0.05","0.05","0.08","0.8","2","50","5","250","11","11","1","11","17.465761455053762","0.05"
"5","adaptive","0.87","-0.34","20","20","20","0.05","0.05","0.08","0.8","2","50","5","250","18","18","1","18","16.98491705707481","0.05"
"7","adaptive","1.08","-0.34","20","20","20","0.05","0.05","0.08","0.8","2","50","5","250","151","151","4","1","19.66","0.406742059772759"
"4","adaptive","0.63","0.28","20","20","20","0.05","0.05","0.08","0.8","2","50","5","250","15","15","1","15","22.475767160348596","0.05"
"3","adaptive","0.63","-0.34","20","20","20","0.05","0.05","0.08","0.8","2","50","5","250","12","12","1","12","17.33230189646688","0.05"
"1","adaptive","0.42","-0.34","20","20","20","0.05","0.05","0.08","0.8","2","50","5","250","18","18","1","18","16.48331537346536","0.05"
"8","adaptive","1.08","0.28","20","20","20","0.05","0.05","0.08","0.8","2","50","5","250","12","12","1","12","21.971497684197345","0.05"
"6","adaptive","0.87","0.28","20","20","20","0.05","0.05","0.08","0.8","2","50","5","250","19","19","1","19","22.530848095803755","0.05"
"7","adaptive","1.08","-0.34","20","20","20","0.05","0.05","0.08","0.8","2","50","5","250","152","152","4","2","19.486355684348556","0.406742059772759"
"5","adaptive","0.87","-0.34","20","20","20","0.05","0.05","0.08","0.8","2","50","5","250","19","19","1","19","16.926827312238316","0.05"
"1","adaptive","0.42","-0.34","20","20","20","0.05","0.05","0.08","0.8","2","50","5","250","19","19","1","19","16.39299998194932","0.05"
"6","adaptive","0.87","0.28","20","20","20","0.05","0.05","0.08","0.8","2","50","5","250","20","20","1","20","22.574213798846106","0.05"
"3","adaptive","0.63","-0.34","20","20","20","0.05","0.05","0.08","0.8","2","50","5","250","13","13","1","13","17.20971929190483","0.05"
"4","adaptive","0.63","0.28","20","20","20","0.05","0.05","0.08","0.8","2","50","5","250","16","16","1","16","22.553992136780188","0.05"
"7","adaptive","1.08","-0.34","20","20","20","0.05","0.05","0.08","0.8","2","50","5","250","153","153","4","3","19.39767230682486","0.406742059772759"
"8","adaptive","1.08","0.28","20","20","20","0.05","0.05","0.08","0.8","2","50","5","250","13","13","1","13","22.046461925040823","0.05"
"1","adaptive","0.42","-0.34","20","20","20","0.05","0.05","0.08","0.8","2","50","5","250","20","20","1","20","16.30909698323092","0.05"
"6","adaptive","0.87","0.28","20","20","20","0.05","0.05","0.08","0.8","2","50","5","250","21","21","1","21","22.613524808653995","0.05"
"5","adaptive","0.87","-0.34","20","20","20","0.05","0.05","0.08","0.8","2","50","5","250","20","20","1","20","16.874168958544033","0.05"
"3","adaptive","0.63","-0.34","20","20","20","0.05","0.05","0.08","0.8","2","50","5","250","14","14","1","14","17.097127169614584","0.05"
"7","adaptive","1.08","-0.34","20","20","20","0.05","0.05","0.08","0.8","2","50","5","250","154","154","4","4","19.352380058590267","0.406742059772759"
"1","adaptive","0.42","-0.34","20","20","20","0.05","0.05","0.08","0.8","2","50","5","250","21","21","1","21","16.231151097421524","0.05"
"3","adaptive","0.63","-0.34","20","20","20","0.05","0.05","0.08","0.8","2","50","5","250","15","15","1","15","16.993711305290997","0.05"
"5","adaptive","0.87","-0.34","20","20","20","0.05","0.05","0.08","0.8","2","50","5","250","21","21","1","21","16.826434160920165","0.05"
"8","adaptive","1.08","0.28","20","20","20","0.05","0.05","0.08","0.8","2","50","5","250","14","14","1","14","22.113629884836577","0.05"
"4","adaptive","0.63","0.28","20","20","20","0.05","0.05","0.08","0.8","2","50","5","250","17","17","1","17","22.625841777632605","0.05"
"6","adaptive","0.87","0.28","20","20","20","0.05","0.05","0.08","0.8","2","50","5","250","22","22","1","22","22.64916023904485","0.05"
"7","adaptive","1.08","-0.34","20","20","20","0.05","0.05","0.08","0.8","2","50","5","250","155","155","4","5","19.329248466093176","0.406742059772759"
"1","adaptive","0.42","-0.34","20","20","20","0.05","0.05","0.08","0.8","2","50","5","250","22","22","1","22","16.158739369504595","0.05"
"3","adaptive","0.63","-0.34","20","20","20","0.05","0.05","0.08","0.8","2","50","5","250","16","16","1","16","16.89872383390978","0.05"
"5","adaptive","0.87","-0.34","20","20","20","0.05","0.05","0.08","0.8","2","50","5","250","22","22","1","22","16.78316256687413","0.05"
"8","adaptive","1.08","0.28","20","20","20","0.05","0.05","0.08","0.8","2","50","5","250","15","15","1","15","22.173812376813576","0.05"
"6","adaptive","0.87","0.28","20","20","20","0.05","0.05","0.08","0.8","2","50","5","250","23","23","1","23","22.681463756694157","0.05"
"1","adaptive","0.42","-0.34","20","20","20","0.05","0.05","0.08","0.8","2","50","5","250","23","23","1","23","16.09146887426977","0.05"
"3","adaptive","0.63","-0.34","20","20","20","0.05","0.05","0.08","0.8","2","50","5","250","17","17","1","17","16.811477841446134","0.05"
"7","adaptive","1.08","-0.34","20","20","20","0.05","0.05","0.08","0.8","2","50","5","250","156","156","4","6","19.317434732125278","0.406742059772759"
"4","adaptive","0.63","0.28","20","20","20","0.05","0.05","0.08","0.8","2","50","5","250","18","18","1","18","22.69183567275555","0.05"
"5","adaptive","0.87","-0.34","20","20","20","0.05","0.05","0.08","0.8","2","50","5","250","23","23","1","23","16.7439368668714","0.05"
"6","adaptive","0.87","0.28","20","20","20","0.05","0.05","0.08","0.8","2","50","5","250","24","24","1","24","22.710746895443254","0.05"
"1","adaptive","0.42","-0.34","20","20","20","0.05","0.05","0.08","0.8","2","50","5","250","24","24","1","24","16.028974584196618","0.05"
"7","adaptive","1.08","-0.34","20","20","20","0.05","0.05","0.08","0.8","2","50","5","250","157","157","4","7","19.3114012387425","0.406742059772759"
"4","adaptive","0.63","0.28","20","20","20","0.05","0.05","0.08","0.8","2","50","5","250","19","19","1","19","22.752451065425973","0.05"
"5","adaptive","0.87","-0.34","20","20","20","0.05","0.05","0.08","0.8","2","50","5","250","24","24","1","24","16.708378769818925","0.05"
"6","adaptive","0.87","0.28","20","20","20","0.05","0.05","0.08","0.8","2","50","5","250","25","25","1","25","22.73729206071931","0.05"
"7","adaptive","1.08","-0.34","20","20","20","0.05","0.05","0.08","0.8","2","50","5","250","158","158","4","8","19.308319821597088","0.406742059772759"
"1","adaptive","0.42","-0.34","20","20","20","0.05","0.05","0.08","0.8","2","50","5","250","25","25","1","25","15.970917388718657","0.05"
"4","adaptive","0.63","0.28","20","20","20","0.05","0.05","0.08","0.8","2","50","5","250","20","20","1","20","22.808126303593756","0.05"
"5","adaptive","0.87","-0.34","20","20","20","0.05","0.05","0.08","0.8","2","50","5","250","25","25","1","25","16.676145354840855","0.05"
"6","adaptive","0.87","0.28","20","20","20","0.05","0.05","0.08","0.8","2","50","5","250","26","26","1","26","22.76135525304205","0.05"
"4","adaptive","0.63","0.28","20","20","20","0.05","0.05","0.08","0.8","2","50","5","250","21","21","1","21","22.859264009850865","0.05"
"1","adaptive","0.42","-0.34","20","20","20","0.05","0.05","0.08","0.8","2","50","5","250","26","26","1","26","15.916982254119631","0.05"
"5","adaptive","0.87","-0.34","20","20","20","0.05","0.05","0.08","0.8","2","50","5","250","26","26","1","26","16.646925764163235","0.05"
"7","adaptive","1.08","-0.34","20","20","20","0.05","0.05","0.08","0.8","2","50","5","250","159","159","4","9","19.30674608462223","0.406742059772759"
"4","adaptive","0.63","0.28","20","20","20","0.05","0.05","0.08","0.8","2","50","5","250","22","22","1","22","22.906233993048023","0.05"
"1","adaptive","0.42","-0.34","20","20","20","0.05","0.05","0.08","0.8","2","50","5","250","27","27","1","27","15.866876514077138","0.05"
"5","adaptive","0.87","-0.34","20","20","20","0.05","0.05","0.08","0.8","2","50","5","250","27","27","1","27","16.620438205213976","0.05"
"7","adaptive","1.08","-0.34","20","20","20","0.05","0.05","0.08","0.8","2","50","5","250","160","160","4","10","19.305942347916304","0.406742059772759"
"1","adaptive","0.42","-0.34","20","20","20","0.05","0.05","0.08","0.8","2","50","5","250","28","28","1","28","15.820328281577659","0.05"
"5","adaptive","0.87","-0.34","20","20","20","0.05","0.05","0.08","0.8","2","50","5","250","28","28","1","28","16.596427233026468","0.05"
"2","adaptive","0.42","0.28","20","20","20","0.05","0.05","0.08","0.8","2","50","5","250","24","24","1","24","23.270256224779274","0.05"
"7","adaptive","1.08","-0.34","20","20","20","0.05","0.05","0.08","0.8","2","50","5","250","161","161","4","11","19.305531864650824","0.406742059772759"
"1","adaptive","0.42","-0.34","20","20","20","0.05","0.05","0.08","0.8","2","50","5","250","29","29","1","29","15.777084973585644","0.05"
"5","adaptive","0.87","-0.34","20","20","20","0.05","0.05","0.08","0.8","2","50","5","250","29","29","1","29","16.574661286738493","0.05"
"2","adaptive","0.42","0.28","20","20","20","0.05","0.05","0.08","0.8","2","50","5","250","25","25","1","25","23.318068032819948","0.05"
"1","adaptive","0.42","-0.34","20","20","20","0.05","0.05","0.08","0.8","2","50","5","250","30","30","1","30","15.736911940461063","0.05"
"7","adaptive","1.08","-0.34","20","20","20","0.05","0.05","0.08","0.8","2","50","5","250","162","162","4","12","19.30532222322223","0.406742059772759"
"5","adaptive","0.87","-0.34","20","20","20","0.05","0.05","0.08","0.8","2","50","5","250","30","30","1","30","16.554930456428448","0.05"
"1","adaptive","0.42","-0.34","20","20","20","0.05","0.05","0.08","0.8","2","50","5","250","31","31","1","31","15.699591192688327","0.05"
"7","adaptive","1.08","-0.34","20","20","20","0.05","0.05","0.08","0.8","2","50","5","250","163","163","4","13","19.30521515545047","0.406742059772759"
"2","adaptive","0.42","0.28","20","20","20","0.05","0.05","0.08","0.8","2","50","5","250","26","26","1","26","23.362485202489733","0.05"
"5","adaptive","0.87","-0.34","20","20","20","0.05","0.05","0.08","0.8","2","50","5","250","31","31","1","31","16.53704445875239","0.05"
"1","adaptive","0.42","-0.34","20","20","20","0.05","0.05","0.08","0.8","2","50","5","250","32","32","1","32","15.664920218007456","0.05"
"7","adaptive","1.08","-0.34","20","20","20","0.05","0.05","0.08","0.8","2","50","5","250","164","164","4","14","19.305160473950597","0.406742059772759"
"2","adaptive","0.42","0.28","20","20","20","0.05","0.05","0.08","0.8","2","50","5","250","27","27","1","27","23.403748753112964","0.05"
"5","adaptive","0.87","-0.34","20","20","20","0.05","0.05","0.08","0.8","2","50","5","250","32","32","1","32","16.52083080185904","0.05"
"1","adaptive","0.42","-0.34","20","20","20","0.05","0.05","0.08","0.8","2","50","5","250","33","33","1","33","15.632710882528928","0.05"
"2","adaptive","0.42","0.28","20","20","20","0.05","0.05","0.08","0.8","2","50","5","250","28","28","1","28","23.442082591641945","0.05"
"7","adaptive","1.08","-0.34","20","20","20","0.05","0.05","0.08","0.8","2","50","5","250","165","165","4","15","19.305132547092878","0.406742059772759"
"5","adaptive","0.87","-0.34","20","20","20","0.05","0.05","0.08","0.8","2","50","5","250","33","33","1","33","16.50613312188522","0.05"
"2","adaptive","0.42","0.28","20","20","20","0.05","0.05","0.08","0.8","2","50","5","250","29","29","1","29","23.477694727635367","0.05"
"7","adaptive","1.08","-0.34","20","20","20","0.05","0.05","0.08","0.8","2","50","5","250","166","166","4","16","19.305118284327886","0.406742059772759"
"1","adaptive","0.42","-0.34","20","20","20","0.05","0.05","0.08","0.8","2","50","5","250","34","34","1","34","15.602788409869374","0.05"
"5","adaptive","0.87","-0.34","20","20","20","0.05","0.05","0.08","0.8","2","50","5","250","34","34","1","34","16.49280967498895","0.05"
"7","adaptive","1.08","-0.34","20","20","20","0.05","0.05","0.08","0.8","2","50","5","250","167","167","4","17","19.305111000068866","0.406742059772759"
"2","adaptive","0.42","0.28","20","20","20","0.05","0.05","0.08","0.8","2","50","5","250","30","30","1","30","23.510778401973255","0.05"
"1","adaptive","0.42","-0.34","20","20","20","0.05","0.05","0.08","0.8","2","50","5","250","35","35","1","35","15.574990432768647","0.05"
"2","adaptive","0.42","0.28","20","20","20","0.05","0.05","0.08","0.8","2","50","5","250","31","31","1","31","23.541513135433153","0.05"
"5","adaptive","0.87","-0.34","20","20","20","0.05","0.05","0.08","0.8","2","50","5","250","35","35","1","35","16.480731970377484","0.05"
"2","adaptive","0.42","0.28","20","20","20","0.05","0.05","0.08","0.8","2","50","5","250","32","32","1","32","23.570065702817402","0.05"
"5","adaptive","0.87","-0.34","20","20","20","0.05","0.05","0.08","0.8","2","50","5","250","36","36","1","36","16.46978353114719","0.05"
"2","adaptive","0.42","0.28","20","20","20","0.05","0.05","0.08","0.8","2","50","5","250","33","33","1","33","23.596591037917367","0.05"
"5","adaptive","0.87","-0.34","20","20","20","0.05","0.05","0.08","0.8","2","50","5","250","37","37","1","37","16.459858770984926","0.05"
"2","adaptive","0.42","0.28","20","20","20","0.05","0.05","0.08","0.8","2","50","5","250","34","34","1","34","23.621233074225238","0.05"
"5","adaptive","0.87","-0.34","20","20","20","0.05","0.05","0.08","0.8","2","50","5","250","38","38","1","38","16.450861975897837","0.05"
"2","adaptive","0.42","0.28","20","20","20","0.05","0.05","0.08","0.8","2","50","5","250","35","35","1","35","23.644125525955246","0.05"
"5","adaptive","0.87","-0.34","20","20","20","0.05","0.05","0.08","0.8","2","50","5","250","39","39","1","39","16.44270638115139","0.05"
"2","adaptive","0.42","0.28","20","20","20","0.05","0.05","0.08","0.8","2","50","5","250","36","36","1","36","23.665392613612426","0.05"
"5","adaptive","0.87","-0.34","20","20","20","0.05","0.05","0.08","0.8","2","50","5","250","40","40","1","40","16.435313334513733","0.05"
"2","adaptive","0.42","0.28","20","20","20","0.05","0.05","0.08","0.8","2","50","5","250","37","37","1","37","23.685149738045947","0.05"
"5","adaptive","0.87","-0.34","20","20","20","0.05","0.05","0.08","0.8","2","50","5","250","41","41","1","41","16.4286115377367","0.05"
"2","adaptive","0.42","0.28","20","20","20","0.05","0.05","0.08","0.8","2","50","5","250","38","38","1","38","23.703504106644687","0.05"
"5","adaptive","0.87","-0.34","20","20","20","0.05","0.05","0.08","0.8","2","50","5","250","42","42","1","42","16.422536358958318","0.05"
"2","adaptive","0.42","0.28","20","20","20","0.05","0.05","0.08","0.8","2","50","5","250","39","39","1","39","23.720555315072914","0.05"
"5","adaptive","0.87","-0.34","20","20","20","0.05","0.05","0.08","0.8","2","50","5","250","43","43","1","43","16.417029209395714","0.05"
"2","adaptive","0.42","0.28","20","20","20","0.05","0.05","0.08","0.8","2","50","5","250","40","40","1","40","23.736395887702738","0.05"
"5","adaptive","0.87","-0.34","20","20","20","0.05","0.05","0.08","0.8","2","50","5","250","44","44","1","44","16.412036978317214","0.05"
"2","adaptive","0.42","0.28","20","20","20","0.05","0.05","0.08","0.8","2","50","5","250","41","41","1","41","23.751111779675846","0.05"
"5","adaptive","0.87","-0.34","20","20","20","0.05","0.05","0.08","0.8","2","50","5","250","45","45","1","45","16.407511520844555","0.05"
"2","adaptive","0.42","0.28","20","20","20","0.05","0.05","0.08","0.8","2","50","5","250","42","42","1","42","23.764782843318862","0.05"
"5","adaptive","0.87","-0.34","20","20","20","0.05","0.05","0.08","0.8","2","50","5","250","46","46","1","46","16.40340919364559","0.05"
"2","adaptive","0.42","0.28","20","20","20","0.05","0.05","0.08","0.8","2","50","5","250","43","43","1","43","23.777483261443223","0.05"
"2","adaptive","0.42","0.28","20","20","20","0.05","0.05","0.08","0.8","2","50","5","250","44","44","1","44","23.789281949880756","0.05"
"2","adaptive","0.42","0.28","20","20","20","0.05","0.05","0.08","0.8","2","50","5","250","45","45","1","45","23.80024293143922","0.05"
"2","adaptive","0.42","0.28","20","20","20","0.05","0.05","0.08","0.8","2","50","5","250","46","46","1","46","23.81042568330704","0.05"
"2","adaptive","0.42","0.28","20","20","20","0.05","0.05","0.08","0.8","2","50","5","250","47","47","1","47","23.819885459792243","0.05"
"2","adaptive","0.42","0.28","20","20","20","0.05","0.05","0.08","0.8","2","50","5","250","48","48","1","48","23.828673592146995","0.05"
"2","adaptive","0.42","0.28","20","20","20","0.05","0.05","0.08","0.8","2","50","5","250","49","49","1","49","23.83683776710456","0.05"
"2","adaptive","0.42","0.28","20","20","20","0.05","0.05","0.08","0.8","2","50","5","250","50","50","2","0","20","0.2850091649947128"
"2","adaptive","0.42","0.28","20","20","20","0.05","0.05","0.08","0.8","2","50","5","250","51","51","2","1","20.28","0.2850091649947128"
"2","adaptive","0.42","0.28","20","20","20","0.05","0.05","0.08","0.8","2","50","5","250","52","52","2","2","20.512482922196625","0.2850091649947128"
"2","adaptive","0.42","0.28","20","20","20","0.05","0.05","0.08","0.8","2","50","5","250","53","53","2","3","20.705512597600485","0.2850091649947128"
"2","adaptive","0.42","0.28","20","20","20","0.05","0.05","0.08","0.8","2","50","5","250","54","54","2","4","20.865784394059606","0.2850091649947128"
"2","adaptive","0.42","0.28","20","20","20","0.05","0.05","0.08","0.8","2","50","5","250","55","55","2","5","20.998857449725747","0.2850091649947128"
"2","adaptive","0.42","0.28","20","20","20","0.05","0.05","0.08","0.8","2","50","5","250","56","56","2","6","21.109347495607526","0.2850091649947128"
"2","adaptive","0.42","0.28","20","20","20","0.05","0.05","0.08","0.8","2","50","5","250","57","57","2","7","21.20108695539408","0.2850091649947128"
"2","adaptive","0.42","0.28","20","20","20","0.05","0.05","0.08","0.8","2","50","5","250","58","58","2","8","21.277257875722356","0.2850091649947128"
"2","adaptive","0.42","0.28","20","20","20","0.05","0.05","0.08","0.8","2","50","5","250","59","59","2","9","21.340502297666365","0.2850091649947128"
"2","adaptive","0.42","0.28","20","20","20","0.05","0.05","0.08","0.8","2","50","5","250","60","60","2","10","21.393013897759868","0.2850091649947128"
"2","adaptive","0.42","0.28","20","20","20","0.05","0.05","0.08","0.8","2","50","5","250","61","61","2","11","21.436614077184718","0.2850091649947128"
"2","adaptive","0.42","0.28","20","20","20","0.05","0.05","0.08","0.8","2","50","5","250","62","62","2","12","21.472815138331097","0.2850091649947128"
"2","adaptive","0.42","0.28","20","20","20","0.05","0.05","0.08","0.8","2","50","5","250","63","63","2","13","21.502872740052272","0.2850091649947128"
"2","adaptive","0.42","0.28","20","20","20","0.05","0.05","0.08","0.8","2","50","5","250","64","64","2","14","21.5278294510607","0.2850091649947128"
"2","adaptive","0.42","0.28","20","20","20","0.05","0.05","0.08","0.8","2","50","5","250","65","65","2","15","21.54855091214519","0.2850091649947128"
"2","adaptive","0.42","0.28","20","20","20","0.05","0.05","0.08","0.8","2","50","5","250","66","66","2","16","21.56575586152056","0.2850091649947128"
"2","adaptive","0.42","0.28","20","20","20","0.05","0.05","0.08","0.8","2","50","5","250","67","67","2","17","21.58004106475996","0.2850091649947128"
"2","adaptive","0.42","0.28","20","20","20","0.05","0.05","0.08","0.8","2","50","5","250","68","68","2","18","21.59190201402163","0.2850091649947128"
"2","adaptive","0.42","0.28","20","20","20","0.05","0.05","0.08","0.8","2","50","5","250","69","69","2","19","21.601750114537275","0.2850091649947128"
"2","adaptive","0.42","0.28","20","20","20","0.05","0.05","0.08","0.8","2","50","5","250","70","70","2","20","21.60992695448714","0.2850091649947128"
"2","adaptive","0.42","0.28","20","20","20","0.05","0.05","0.08","0.8","2","50","5","250","71","71","2","21","21.616716153222423","0.2850091649947128"
"2","adaptive","0.42","0.28","20","20","20","0.05","0.05","0.08","0.8","2","50","5","250","72","72","2","22","21.62235319879868","0.2850091649947128"
"2","adaptive","0.42","0.28","20","20","20","0.05","0.05","0.08","0.8","2","50","5","250","73","73","2","23","21.62703361604198","0.2850091649947128"
"2","adaptive","0.42","0.28","20","20","20","0.05","0.05","0.08","0.8","2","50","5","250","74","74","2","24","21.63091974846277","0.2850091649947128"
"2","adaptive","0.42","0.28","20","20","20","0.05","0.05","0.08","0.8","2","50","5","250","75","75","2","25","21.634146389252873","0.2850091649947128"
"2","adaptive","0.42","0.28","20","20","20","0.05","0.05","0.08","0.8","2","50","5","250","76","76","2","26","21.636825456680594","0.2850091649947128"
"2","adaptive","0.42","0.28","20","20","20","0.05","0.05","0.08","0.8","2","50","5","250","77","77","2","27","21.639049876053303","0.2850091649947128"
"2","adaptive","0.42","0.28","20","20","20","0.05","0.05","0.08","0.8","2","50","5","250","78","78","2","28","21.640896802896012","0.2850091649947128"
"2","adaptive","0.42","0.28","20","20","20","0.05","0.05","0.08","0.8","2","50","5","250","79","79","2","29","21.64243029914414","0.2850091649947128"
"2","adaptive","0.42","0.28","20","20","20","0.05","0.05","0.08","0.8","2","50","5","250","80","80","2","30","21.643703555176078","0.2850091649947128"
"2","adaptive","0.42","0.28","20","20","20","0.05","0.05","0.08","0.8","2","50","5","250","81","81","2","31","21.644760734758254","0.2850091649947128"
"2","adaptive","0.42","0.28","20","20","20","0.05","0.05","0.08","0.8","2","50","5","250","82","82","2","32","21.645638506895935","0.2850091649947128"
"2","adaptive","0.42","0.28","20","20","20","0.05","0.05","0.08","0.8","2","50","5","250","83","83","2","33","21.646367317723044","0.2850091649947128"
"2","adaptive","0.42","0.28","20","20","20","0.05","0.05","0.08","0.8","2","50","5","250","84","84","2","34","21.646972446547384","0.2850091649947128"
"2","adaptive","0.42","0.28","20","20","20","0.05","0.05","0.08","0.8","2","50","5","250","85","85","2","35","21.64747488268091","0.2850091649947128"
"2","adaptive","0.42","0.28","20","20","20","0.05","0.05","0.08","0.8","2","50","5","250","86","86","2","36","21.647892053468553","0.2850091649947128"
"2","adaptive","0.42","0.28","20","20","20","0.05","0.05","0.08","0.8","2","50","5","250","87","87","2","37","21.64823842876772","0.2850091649947128"
"2","adaptive","0.42","0.28","20","20","20","0.05","0.05","0.08","0.8","2","50","5","250","88","88","2","38","21.648526022845314","0.2850091649947128"
"2","adaptive","0.42","0.28","20","20","20","0.05","0.05","0.08","0.8","2","50","5","250","89","89","2","39","21.648764811100904","0.2850091649947128"
"2","adaptive","0.42","0.28","20","20","20","0.05","0.05","0.08","0.8","2","50","5","250","90","90","2","40","21.648963076070356","0.2850091649947128"
"2","adaptive","0.42","0.28","20","20","20","0.05","0.05","0.08","0.8","2","50","5","250","91","91","2","41","21.64912769471131","0.2850091649947128"
"2","adaptive","0.42","0.28","20","20","20","0.05","0.05","0.08","0.8","2","50","5","250","92","92","2","42","21.64926437693523","0.2850091649947128"
"2","adaptive","0.42","0.28","20","20","20","0.05","0.05","0.08","0.8","2","50","5","250","93","93","2","43","21.649377863659616","0.2850091649947128"
"2","adaptive","0.42","0.28","20","20","20","0.05","0.05","0.08","0.8","2","50","5","250","94","94","2","44","21.649472091250033","0.2850091649947128"
"2","adaptive","0.42","0.28","20","20","20","0.05","0.05","0.08","0.8","2","50","5","250","95","95","2","45","21.649550328055646","0.2850091649947128"
"2","adaptive","0.42","0.28","20","20","20","0.05","0.05","0.08","0.8","2","50","5","250","96","96","2","46","21.64961528777419","0.2850091649947128"
"2","adaptive","0.42","0.28","20","20","20","0.05","0.05","0.08","0.8","2","50","5","250","97","97","2","47","21.649669223578446","0.2850091649947128"
"2","adaptive","0.42","0.28","20","20","20","0.05","0.05","0.08","0.8","2","50","5","250","98","98","2","48","21.649714006269107","0.2850091649947128"
"2","adaptive","0.42","0.28","20","20","20","0.05","0.05","0.08","0.8","2","50","5","250","99","99","2","49","21.649751189164782","0.2850091649947128"
"2","adaptive","0.42","0.28","20","20","20","0.05","0.05","0.08","0.8","2","50","5","250","100","100","3","0","20","0.40408900773679074"
"2","adaptive","0.42","0.28","20","20","20","0.05","0.05","0.08","0.8","2","50","5","250","101","101","3","1","20.28","0.40408900773679074"
"2","adaptive","0.42","0.28","20","20","20","0.05","0.05","0.08","0.8","2","50","5","250","102","102","3","2","20.498479132690157","0.40408900773679074"
"2","adaptive","0.42","0.28","20","20","20","0.05","0.05","0.08","0.8","2","50","5","250","103","103","3","3","20.66895460205102","0.40408900773679074"
"2","adaptive","0.42","0.28","20","20","20","0.05","0.05","0.08","0.8","2","50","5","250","104","104","3","4","20.801973647375693","0.40408900773679074"
"2","adaptive","0.42","0.28","20","20","20","0.05","0.05","0.08","0.8","2","50","5","250","105","105","3","5","20.90576609613929","0.40408900773679074"
"2","adaptive","0.42","0.28","20","20","20","0.05","0.05","0.08","0.8","2","50","5","250","106","106","3","6","20.986753539659496","0.40408900773679074"
"2","adaptive","0.42","0.28","20","20","20","0.05","0.05","0.08","0.8","2","50","5","250","107","107","3","7","21.049946634013377","0.40408900773679074"
"2","adaptive","0.42","0.28","20","20","20","0.05","0.05","0.08","0.8","2","50","5","250","108","108","3","8","21.09925510703639","0.40408900773679074"
"2","adaptive","0.42","0.28","20","20","20","0.05","0.05","0.08","0.8","2","50","5","250","109","109","3","9","21.13772965139476","0.40408900773679074"
"2","adaptive","0.42","0.28","20","20","20","0.05","0.05","0.08","0.8","2","50","5","250","110","110","3","10","21.167750669544994","0.40408900773679074"
"2","adaptive","0.42","0.28","20","20","20","0.05","0.05","0.08","0.8","2","50","5","250","111","111","3","11","21.19117554814477","0.40408900773679074"
"2","adaptive","0.42","0.28","20","20","20","0.05","0.05","0.08","0.8","2","50","5","250","112","112","3","12","21.20945357371567","0.40408900773679074"
"2","adaptive","0.42","0.28","20","20","20","0.05","0.05","0.08","0.8","2","50","5","250","113","113","3","13","21.223715599337165","0.40408900773679074"
"2","adaptive","0.42","0.28","20","20","20","0.05","0.05","0.08","0.8","2","50","5","250","114","114","3","14","21.23484401000927","0.40408900773679074"
"2","adaptive","0.42","0.28","20","20","20","0.05","0.05","0.08","0.8","2","50","5","250","115","115","3","15","21.243527315408773","0.40408900773679074"
"2","adaptive","0.42","0.28","20","20","20","0.05","0.05","0.08","0.8","2","50","5","250","116","116","3","16","21.250302747667945","0.40408900773679074"
"2","adaptive","0.42","0.28","20","20","20","0.05","0.05","0.08","0.8","2","50","5","250","117","117","3","17","21.255589499680745","0.40408900773679074"
"2","adaptive","0.42","0.28","20","20","20","0.05","0.05","0.08","0.8","2","50","5","250","118","118","3","18","21.259714660375405","0.40408900773679074"
"2","adaptive","0.42","0.28","20","20","20","0.05","0.05","0.08","0.8","2","50","5","250","119","119","3","19","21.262933451556748","0.40408900773679074"
"2","adaptive","0.42","0.28","20","20","20","0.05","0.05","0.08","0.8","2","50","5","250","120","120","3","20","21.265445018362502","0.40408900773679074"
"2","adaptive","0.42","0.28","20","20","20","0.05","0.05","0.08","0.8","2","50","5","250","121","121","3","21","21.26740475028184","0.40408900773679074"
"8","adaptive","1.08","0.28","20","20","20","0.05","0.05","0.08","0.8","2","50","5","250","16","16","1","16","22.227735889624963","0.05"
"3","adaptive","0.63","-0.34","20","20","20","0.05","0.05","0.08","0.8","2","50","5","250","18","18","1","18","16.731342397368273","0.05"
"8","adaptive","1.08","0.28","20","20","20","0.05","0.05","0.08","0.8","2","50","5","250","17","17","1","17","22.276051357103967","0.05"
"3","adaptive","0.63","-0.34","20","20","20","0.05","0.05","0.08","0.8","2","50","5","250","19","19","1","19","16.65773799198276","0.05"
"8","adaptive","1.08","0.28","20","20","20","0.05","0.05","0.08","0.8","2","50","5","250","18","18","1","18","22.319342015965155","0.05"
"3","adaptive","0.63","-0.34","20","20","20","0.05","0.05","0.08","0.8","2","50","5","250","20","20","1","20","16.590132345636164","0.05"
"6","adaptive","0.87","0.28","20","20","20","0.05","0.05","0.08","0.8","2","50","5","250","27","27","1","27","22.78316853688262","0.05"
"8","adaptive","1.08","0.28","20","20","20","0.05","0.05","0.08","0.8","2","50","5","250","19","19","1","19","22.35813044630478","0.05"
"3","adaptive","0.63","-0.34","20","20","20","0.05","0.05","0.08","0.8","2","50","5","250","21","21","1","21","16.528036559466816","0.05"
"6","adaptive","0.87","0.28","20","20","20","0.05","0.05","0.08","0.8","2","50","5","250","28","28","1","28","22.802942278684096","0.05"
"8","adaptive","1.08","0.28","20","20","20","0.05","0.05","0.08","0.8","2","50","5","250","20","20","1","20","22.392884879889085","0.05"
"4","adaptive","0.63","0.28","20","20","20","0.05","0.05","0.08","0.8","2","50","5","250","23","23","1","23","22.94937592261461","0.05"
"3","adaptive","0.63","-0.34","20","20","20","0.05","0.05","0.08","0.8","2","50","5","250","22","22","1","22","16.47100157987027","0.05"
"6","adaptive","0.87","0.28","20","20","20","0.05","0.05","0.08","0.8","2","50","5","250","29","29","1","29","22.820867175627136","0.05"
"8","adaptive","1.08","0.28","20","20","20","0.05","0.05","0.08","0.8","2","50","5","250","21","21","1","21","22.424024852380622","0.05"
"3","adaptive","0.63","-0.34","20","20","20","0.05","0.05","0.08","0.8","2","50","5","250","23","23","1","23","16.418614951110843","0.05"
"4","adaptive","0.63","0.28","20","20","20","0.05","0.05","0.08","0.8","2","50","5","250","24","24","1","24","22.98900178492152","0.05"
"6","adaptive","0.87","0.28","20","20","20","0.05","0.05","0.08","0.8","2","50","5","250","30","30","1","30","22.837116094706","0.05"
"8","adaptive","1.08","0.28","20","20","20","0.05","0.05","0.08","0.8","2","50","5","250","22","22","1","22","22.45192626773304","0.05"
"4","adaptive","0.63","0.28","20","20","20","0.05","0.05","0.08","0.8","2","50","5","250","25","25","1","25","23.025398139450417","0.05"
"3","adaptive","0.63","-0.34","20","20","20","0.05","0.05","0.08","0.8","2","50","5","250","24","24","1","24","16.37049783259531","0.05"
"6","adaptive","0.87","0.28","20","20","20","0.05","0.05","0.08","0.8","2","50","5","250","31","31","1","31","22.85184573985099","0.05"
"8","adaptive","1.08","0.28","20","20","20","0.05","0.05","0.08","0.8","2","50","5","250","23","23","1","23","22.476925935888804","0.05"
"4","adaptive","0.63","0.28","20","20","20","0.05","0.05","0.08","0.8","2","50","5","250","26","26","1","26","23.05882819108521","0.05"
"3","adaptive","0.63","-0.34","20","20","20","0.05","0.05","0.08","0.8","2","50","5","250","25","25","1","25","16.326302259238794","0.05"
"6","adaptive","0.87","0.28","20","20","20","0.05","0.05","0.08","0.8","2","50","5","250","32","32","1","32","22.865198163174924","0.05"
"4","adaptive","0.63","0.28","20","20","20","0.05","0.05","0.08","0.8","2","50","5","250","27","27","1","27","23.08953369351177","0.05"
"8","adaptive","1.08","0.28","20","20","20","0.05","0.05","0.08","0.8","2","50","5","250","24","24","1","24","22.49932563855637","0.05"
"3","adaptive","0.63","-0.34","20","20","20","0.05","0.05","0.08","0.8","2","50","5","250","26","26","1","26","16.285708625110836","0.05"
"6","adaptive","0.87","0.28","20","20","20","0.05","0.05","0.08","0.8","2","50","5","250","33","33","1","33","22.877302134918068","0.05"
"4","adaptive","0.63","0.28","20","20","20","0.05","0.05","0.08","0.8","2","50","5","250","28","28","1","28","23.11773669749056","0.05"
"8","adaptive","1.08","0.28","20","20","20","0.05","0.05","0.08","0.8","2","50","5","250","25","25","1","25","22.51939577214651","0.05"
"6","adaptive","0.87","0.28","20","20","20","0.05","0.05","0.08","0.8","2","50","5","250","34","34","1","34","22.88827438530323","0.05"
"3","adaptive","0.63","-0.34","20","20","20","0.05","0.05","0.08","0.8","2","50","5","250","27","27","1","27","16.248423372164304","0.05"
"8","adaptive","1.08","0.28","20","20","20","0.05","0.05","0.08","0.8","2","50","5","250","26","26","1","26","22.537378611843273","0.05"
"4","adaptive","0.63","0.28","20","20","20","0.05","0.05","0.08","0.8","2","50","5","250","29","29","1","29","23.143641156645078","0.05"
"6","adaptive","0.87","0.28","20","20","20","0.05","0.05","0.08","0.8","2","50","5","250","35","35","1","35","22.898220730277377","0.05"
"3","adaptive","0.63","-0.34","20","20","20","0.05","0.05","0.08","0.8","2","50","5","250","28","28","1","28","16.214176867332913","0.05"
"8","adaptive","1.08","0.28","20","20","20","0.05","0.05","0.08","0.8","2","50","5","250","27","27","1","27","22.553491236211574","0.05"
"4","adaptive","0.63","0.28","20","20","20","0.05","0.05","0.08","0.8","2","50","5","250","30","30","1","30","23.167434402378504","0.05"
"3","adaptive","0.63","-0.34","20","20","20","0.05","0.05","0.08","0.8","2","50","5","250","29","29","1","29","16.182721452645282","0.05"
"6","adaptive","0.87","0.28","20","20","20","0.05","0.05","0.08","0.8","2","50","5","250","36","36","1","36","22.907237091996443","0.05"
"8","adaptive","1.08","0.28","20","20","20","0.05","0.05","0.08","0.8","2","50","5","250","28","28","1","28","22.56792814764557","0.05"
"4","adaptive","0.63","0.28","20","20","20","0.05","0.05","0.08","0.8","2","50","5","250","31","31","1","31","23.189288498584656","0.05"
"3","adaptive","0.63","-0.34","20","20","20","0.05","0.05","0.08","0.8","2","50","5","250","30","30","1","30","16.153829654254693","0.05"
"6","adaptive","0.87","0.28","20","20","20","0.05","0.05","0.08","0.8","2","50","5","250","37","37","1","37","22.915410423894777","0.05"
"8","adaptive","1.08","0.28","20","20","20","0.05","0.05","0.08","0.8","2","50","5","250","29","29","1","29","22.580863620290433","0.05"
"4","adaptive","0.63","0.28","20","20","20","0.05","0.05","0.08","0.8","2","50","5","250","32","32","1","32","23.20936148595001","0.05"
"3","adaptive","0.63","-0.34","20","20","20","0.05","0.05","0.08","0.8","2","50","5","250","31","31","1","31","16.127292537432936","0.05"
"7","adaptive","1.08","-0.34","20","20","20","0.05","0.05","0.08","0.8","2","50","5","250","168","168","4","18","19.305107279862476","0.406742059772759"
"6","adaptive","0.87","0.28","20","20","20","0.05","0.05","0.08","0.8","2","50","5","250","38","38","1","38","22.922819549260616","0.05"
"8","adaptive","1.08","0.28","20","20","20","0.05","0.05","0.08","0.8","2","50","5","250","30","30","1","30","22.59245380378023","0.05"
"1","adaptive","0.42","-0.34","20","20","20","0.05","0.05","0.08","0.8","2","50","5","250","36","36","1","36","15.549166112042075","0.05"
"3","adaptive","0.63","-0.34","20","20","20","0.05","0.05","0.08","0.8","2","50","5","250","32","32","1","32","16.10291819563215","0.05"
"4","adaptive","0.63","0.28","20","20","20","0.05","0.05","0.08","0.8","2","50","5","250","33","33","1","33","23.227798524845085","0.05"
"7","adaptive","1.08","-0.34","20","20","20","0.05","0.05","0.08","0.8","2","50","5","250","169","169","4","19","19.305105379883972","0.406742059772759"
"1","adaptive","0.42","-0.34","20","20","20","0.05","0.05","0.08","0.8","2","50","5","250","37","37","1","37","15.525175318087088","0.05"
"3","adaptive","0.63","-0.34","20","20","20","0.05","0.05","0.08","0.8","2","50","5","250","33","33","1","33","16.08053036268813","0.05"
"6","adaptive","0.87","0.28","20","20","20","0.05","0.05","0.08","0.8","2","50","5","250","39","39","1","39","22.92953592140475","0.05"
"8","adaptive","1.08","0.28","20","20","20","0.05","0.05","0.08","0.8","2","50","5","250","31","31","1","31","22.602838608187085","0.05"
"7","adaptive","1.08","-0.34","20","20","20","0.05","0.05","0.08","0.8","2","50","5","250","170","170","4","20","19.305104409529655","0.406742059772759"
"4","adaptive","0.63","0.28","20","20","20","0.05","0.05","0.08","0.8","2","50","5","250","34","34","1","34","23.24473294507021","0.05"
"1","adaptive","0.42","-0.34","20","20","20","0.05","0.05","0.08","0.8","2","50","5","250","38","38","1","38","15.502887870502907","0.05"
"3","adaptive","0.63","-0.34","20","20","20","0.05","0.05","0.08","0.8","2","50","5","250","34","34","1","34","16.059967138129046","0.05"
"6","adaptive","0.87","0.28","20","20","20","0.05","0.05","0.08","0.8","2","50","5","250","40","40","1","40","22.935624312753404","0.05"
"7","adaptive","1.08","-0.34","20","20","20","0.05","0.05","0.08","0.8","2","50","5","250","171","171","4","21","19.305103913951683","0.406742059772759"
"4","adaptive","0.63","0.28","20","20","20","0.05","0.05","0.08","0.8","2","50","5","250","35","35","1","35","23.26028721004699","0.05"
"8","adaptive","1.08","0.28","20","20","20","0.05","0.05","0.08","0.8","2","50","5","250","32","32","1","32","22.61214339293563","0.05"
"1","adaptive","0.42","-0.34","20","20","20","0.05","0.05","0.08","0.8","2","50","5","250","39","39","1","39","15.4821828316972","0.05"
"7","adaptive","1.08","-0.34","20","20","20","0.05","0.05","0.08","0.8","2","50","5","250","172","172","4","22","19.305103660850808","0.406742059772759"
"3","adaptive","0.63","-0.34","20","20","20","0.05","0.05","0.08","0.8","2","50","5","250","35","35","1","35","16.04107981637153","0.05"
"6","adaptive","0.87","0.28","20","20","20","0.05","0.05","0.08","0.8","2","50","5","250","41","41","1","41","22.941143439510963","0.05"
"4","adaptive","0.63","0.28","20","20","20","0.05","0.05","0.08","0.8","2","50","5","250","36","36","1","36","23.27457380242816","0.05"
"8","adaptive","1.08","0.28","20","20","20","0.05","0.05","0.08","0.8","2","50","5","250","33","33","1","33","22.620480480070327","0.05"
"7","adaptive","1.08","-0.34","20","20","20","0.05","0.05","0.08","0.8","2","50","5","250","173","173","4","23","19.305103531587488","0.406742059772759"
"1","adaptive","0.42","-0.34","20","20","20","0.05","0.05","0.08","0.8","2","50","5","250","40","40","1","40","15.462947850646698","0.05"
"3","adaptive","0.63","-0.34","20","20","20","0.05","0.05","0.08","0.8","2","50","5","250","36","36","1","36","16.023731811337246","0.05"
"6","adaptive","0.87","0.28","20","20","20","0.05","0.05","0.08","0.8","2","50","5","250","42","42","1","42","22.94614652791669","0.05"
"8","adaptive","1.08","0.28","20","20","20","0.05","0.05","0.08","0.8","2","50","5","250","34","34","1","34","22.627950510143016","0.05"
"4","adaptive","0.63","0.28","20","20","20","0.05","0.05","0.08","0.8","2","50","5","250","37","37","1","37","23.287696037530267","0.05"
"7","adaptive","1.08","-0.34","20","20","20","0.05","0.05","0.08","0.8","2","50","5","250","174","174","4","24","19.30510346557031","0.406742059772759"
"1","adaptive","0.42","-0.34","20","20","20","0.05","0.05","0.08","0.8","2","50","5","250","41","41","1","41","15.445078553250783","0.05"
"7","adaptive","1.08","-0.34","20","20","20","0.05","0.05","0.08","0.8","2","50","5","250","175","175","4","25","19.30510343185411","0.406742059772759"
"6","adaptive","0.87","0.28","20","20","20","0.05","0.05","0.08","0.8","2","50","5","250","43","43","1","43","22.95068182755648","0.05"
"4","adaptive","0.63","0.28","20","20","20","0.05","0.05","0.08","0.8","2","50","5","250","38","38","1","38","23.299748810471552","0.05"
"8","adaptive","1.08","0.28","20","20","20","0.05","0.05","0.08","0.8","2","50","5","250","35","35","1","35","22.634643657088144","0.05"
"1","adaptive","0.42","-0.34","20","20","20","0.05","0.05","0.08","0.8","2","50","5","250","42","42","1","42","15.428477975969976","0.05"
"7","adaptive","1.08","-0.34","20","20","20","0.05","0.05","0.08","0.8","2","50","5","250","176","176","4","26","19.30510341463462","0.406742059772759"
"7","adaptive","1.08","-0.34","20","20","20","0.05","0.05","0.08","0.8","2","50","5","250","177","177","4","27","19.305103405840306","0.406742059772759"
"1","adaptive","0.42","-0.34","20","20","20","0.05","0.05","0.08","0.8","2","50","5","250","43","43","1","43","15.413056039676107","0.05"
"6","adaptive","0.87","0.28","20","20","20","0.05","0.05","0.08","0.8","2","50","5","250","44","44","1","44","22.954793076679948","0.05"
"4","adaptive","0.63","0.28","20","20","20","0.05","0.05","0.08","0.8","2","50","5","250","39","39","1","39","23.31081928241812","0.05"
"8","adaptive","1.08","0.28","20","20","20","0.05","0.05","0.08","0.8","2","50","5","250","36","36","1","36","22.64064071675098","0.05"
"7","adaptive","1.08","-0.34","20","20","20","0.05","0.05","0.08","0.8","2","50","5","250","178","178","4","28","19.305103401348887","0.406742059772759"
"1","adaptive","0.42","-0.34","20","20","20","0.05","0.05","0.08","0.8","2","50","5","250","44","44","1","44","15.398729060859104","0.05"
"6","adaptive","0.87","0.28","20","20","20","0.05","0.05","0.08","0.8","2","50","5","250","45","45","1","45","22.958519924010375","0.05"
"7","adaptive","1.08","-0.34","20","20","20","0.05","0.05","0.08","0.8","2","50","5","250","179","179","4","29","19.305103399055035","0.406742059772759"
"4","adaptive","0.63","0.28","20","20","20","0.05","0.05","0.08","0.8","2","50","5","250","40","40","1","40","23.32098751090104","0.05"
"8","adaptive","1.08","0.28","20","20","20","0.05","0.05","0.08","0.8","2","50","5","250","37","37","1","37","22.64601408220888","0.05"
"1","adaptive","0.42","-0.34","20","20","20","0.05","0.05","0.08","0.8","2","50","5","250","45","45","1","45","15.385419297538107","0.05"
"7","adaptive","1.08","-0.34","20","20","20","0.05","0.05","0.08","0.8","2","50","5","250","180","180","4","30","19.305103397883524","0.406742059772759"
"6","adaptive","0.87","0.28","20","20","20","0.05","0.05","0.08","0.8","2","50","5","250","46","46","1","46","22.961898311115405","0.05"
"5","adaptive","0.87","-0.34","20","20","20","0.05","0.05","0.08","0.8","2","50","5","250","47","47","1","47","16.399690434039726","0.05"
"4","adaptive","0.63","0.28","20","20","20","0.05","0.05","0.08","0.8","2","50","5","250","41","41","1","41","23.33032702876261","0.05"
"8","adaptive","1.08","0.28","20","20","20","0.05","0.05","0.08","0.8","2","50","5","250","38","38","1","38","22.650828617659155","0.05"
"7","adaptive","1.08","-0.34","20","20","20","0.05","0.05","0.08","0.8","2","50","5","250","181","181","4","31","19.305103397285208","0.406742059772759"
"1","adaptive","0.42","-0.34","20","20","20","0.05","0.05","0.08","0.8","2","50","5","250","46","46","1","46","15.3730545274129","0.05"
"7","adaptive","1.08","-0.34","20","20","20","0.05","0.05","0.08","0.8","2","50","5","250","182","182","4","32","19.30510339697964","0.406742059772759"
"5","adaptive","0.87","-0.34","20","20","20","0.05","0.05","0.08","0.8","2","50","5","250","48","48","1","48","16.39631937845701","0.05"
"6","adaptive","0.87","0.28","20","20","20","0.05","0.05","0.08","0.8","2","50","5","250","47","47","1","47","22.964960819026118","0.05"
"1","adaptive","0.42","-0.34","20","20","20","0.05","0.05","0.08","0.8","2","50","5","250","47","47","1","47","15.361567655966585","0.05"
"4","adaptive","0.63","0.28","20","20","20","0.05","0.05","0.08","0.8","2","50","5","250","42","42","1","42","23.33890537591846","0.05"
"8","adaptive","1.08","0.28","20","20","20","0.05","0.05","0.08","0.8","2","50","5","250","39","39","1","39","22.6551424414226","0.05"
"7","adaptive","1.08","-0.34","20","20","20","0.05","0.05","0.08","0.8","2","50","5","250","183","183","4","33","19.305103396823583","0.406742059772759"
"5","adaptive","0.87","-0.34","20","20","20","0.05","0.05","0.08","0.8","2","50","5","250","49","49","1","49","16.39326351657128","0.05"
"7","adaptive","1.08","-0.34","20","20","20","0.05","0.05","0.08","0.8","2","50","5","250","184","184","4","34","19.30510339674388","0.406742059772759"
"1","adaptive","0.42","-0.34","20","20","20","0.05","0.05","0.08","0.8","2","50","5","250","48","48","1","48","15.350896352392958","0.05"
"6","adaptive","0.87","0.28","20","20","20","0.05","0.05","0.08","0.8","2","50","5","250","48","48","1","48","22.967736982447178","0.05"
"4","adaptive","0.63","0.28","20","20","20","0.05","0.05","0.08","0.8","2","50","5","250","43","43","1","43","23.346784587781105","0.05"
"7","adaptive","1.08","-0.34","20","20","20","0.05","0.05","0.08","0.8","2","50","5","250","185","185","4","35","19.305103396703174","0.406742059772759"
"5","adaptive","0.87","-0.34","20","20","20","0.05","0.05","0.08","0.8","2","50","5","250","50","50","2","0","20","0.2849173432633187"
"1","adaptive","0.42","-0.34","20","20","20","0.05","0.05","0.08","0.8","2","50","5","250","49","49","1","49","15.340982711373059","0.05"
"6","adaptive","0.87","0.28","20","20","20","0.05","0.05","0.08","0.8","2","50","5","250","49","49","1","49","22.970253574588366","0.05"
"4","adaptive","0.63","0.28","20","20","20","0.05","0.05","0.08","0.8","2","50","5","250","44","44","1","44","23.354021643876948","0.05"
"7","adaptive","1.08","-0.34","20","20","20","0.05","0.05","0.08","0.8","2","50","5","250","186","186","4","36","19.305103396682384","0.406742059772759"
"5","adaptive","0.87","-0.34","20","20","20","0.05","0.05","0.08","0.8","2","50","5","250","51","51","2","1","19.66","0.2849173432633187"
"4","adaptive","0.63","0.28","20","20","20","0.05","0.05","0.08","0.8","2","50","5","250","45","45","1","45","23.360668879900977","0.05"
"1","adaptive","0.42","-0.34","20","20","20","0.05","0.05","0.08","0.8","2","50","5","250","50","50","2","0","20","0.33536827177929285"
"7","adaptive","1.08","-0.34","20","20","20","0.05","0.05","0.08","0.8","2","50","5","250","187","187","4","37","19.305103396671765","0.406742059772759"
"6","adaptive","0.87","0.28","20","20","20","0.05","0.05","0.08","0.8","2","50","5","250","50","50","2","0","20","0.24346134151096915"
"5","adaptive","0.87","-0.34","20","20","20","0.05","0.05","0.08","0.8","2","50","5","250","52","52","2","2","19.421278550137288","0.2849173432633187"
"1","adaptive","0.42","-0.34","20","20","20","0.05","0.05","0.08","0.8","2","50","5","250","51","51","2","1","19.66","0.33536827177929285"
"7","adaptive","1.08","-0.34","20","20","20","0.05","0.05","0.08","0.8","2","50","5","250","188","188","4","38","19.30510339666634","0.406742059772759"
"4","adaptive","0.63","0.28","20","20","20","0.05","0.05","0.08","0.8","2","50","5","250","46","46","1","46","23.36677436618905","0.05"
"1","adaptive","0.42","-0.34","20","20","20","0.05","0.05","0.08","0.8","2","50","5","250","52","52","2","2","19.384890589210084","0.33536827177929285"
"6","adaptive","0.87","0.28","20","20","20","0.05","0.05","0.08","0.8","2","50","5","250","51","51","2","1","20.28","0.24346134151096915"
"5","adaptive","0.87","-0.34","20","20","20","0.05","0.05","0.08","0.8","2","50","5","250","53","53","2","3","19.253666989476834","0.2849173432633187"
"7","adaptive","1.08","-0.34","20","20","20","0.05","0.05","0.08","0.8","2","50","5","250","189","189","4","39","19.305103396663572","0.406742059772759"
"1","adaptive","0.42","-0.34","20","20","20","0.05","0.05","0.08","0.8","2","50","5","250","53","53","2","3","19.162287095371333","0.33536827177929285"
"6","adaptive","0.87","0.28","20","20","20","0.05","0.05","0.08","0.8","2","50","5","250","52","52","2","2","20.48669281720793","0.24346134151096915"
"7","adaptive","1.08","-0.34","20","20","20","0.05","0.05","0.08","0.8","2","50","5","250","190","190","4","40","19.305103396662158","0.406742059772759"
"4","adaptive","0.63","0.28","20","20","20","0.05","0.05","0.08","0.8","2","50","5","250","47","47","1","47","23.37238225534464","0.05"
"1","adaptive","0.42","-0.34","20","20","20","0.05","0.05","0.08","0.8","2","50","5","250","54","54","2","4","18.982168518813225","0.33536827177929285"
"5","adaptive","0.87","-0.34","20","20","20","0.05","0.05","0.08","0.8","2","50","5","250","54","54","2","4","19.13598324013973","0.2849173432633187"
"7","adaptive","1.08","-0.34","20","20","20","0.05","0.05","0.08","0.8","2","50","5","250","191","191","4","41","19.305103396661437","0.406742059772759"
"1","adaptive","0.42","-0.34","20","20","20","0.05","0.05","0.08","0.8","2","50","5","250","55","55","2","5","18.836426414491992","0.33536827177929285"
"6","adaptive","0.87","0.28","20","20","20","0.05","0.05","0.08","0.8","2","50","5","250","53","53","2","3","20.639271105369897","0.24346134151096915"
"7","adaptive","1.08","-0.34","20","20","20","0.05","0.05","0.08","0.8","2","50","5","250","192","192","4","42","19.305103396661067","0.406742059772759"
"5","adaptive","0.87","-0.34","20","20","20","0.05","0.05","0.08","0.8","2","50","5","250","55","55","2","5","19.053354901119043","0.2849173432633187"
"1","adaptive","0.42","-0.34","20","20","20","0.05","0.05","0.08","0.8","2","50","5","250","56","56","2","6","18.718499872000532","0.33536827177929285"
"6","adaptive","0.87","0.28","20","20","20","0.05","0.05","0.08","0.8","2","50","5","250","54","54","2","4","20.75190266331618","0.24346134151096915"
"7","adaptive","1.08","-0.34","20","20","20","0.05","0.05","0.08","0.8","2","50","5","250","193","193","4","43","19.30510339666088","0.406742059772759"
"4","adaptive","0.63","0.28","20","20","20","0.05","0.05","0.08","0.8","2","50","5","250","48","48","1","48","23.377533101534052","0.05"
"5","adaptive","0.87","-0.34","20","20","20","0.05","0.05","0.08","0.8","2","50","5","250","56","56","2","6","18.995339733793262","0.2849173432633187"
"1","adaptive","0.42","-0.34","20","20","20","0.05","0.05","0.08","0.8","2","50","5","250","57","57","2","7","18.6230801613496","0.33536827177929285"
"6","adaptive","0.87","0.28","20","20","20","0.05","0.05","0.08","0.8","2","50","5","250","55","55","2","5","20.835045999096305","0.24346134151096915"
"7","adaptive","1.08","-0.34","20","20","20","0.05","0.05","0.08","0.8","2","50","5","250","194","194","4","44","19.305103396660783","0.406742059772759"
"1","adaptive","0.42","-0.34","20","20","20","0.05","0.05","0.08","0.8","2","50","5","250","58","58","2","8","18.545871748482178","0.33536827177929285"
"5","adaptive","0.87","-0.34","20","20","20","0.05","0.05","0.08","0.8","2","50","5","250","57","57","2","7","18.954606013622563","0.2849173432633187"
"7","adaptive","1.08","-0.34","20","20","20","0.05","0.05","0.08","0.8","2","50","5","250","195","195","4","45","19.305103396660733","0.406742059772759"
"4","adaptive","0.63","0.28","20","20","20","0.05","0.05","0.08","0.8","2","50","5","250","49","49","1","49","23.382264153759028","0.05"
"6","adaptive","0.87","0.28","20","20","20","0.05","0.05","0.08","0.8","2","50","5","250","56","56","2","6","20.896421464469373","0.24346134151096915"
"5","adaptive","0.87","-0.34","20","20","20","0.05","0.05","0.08","0.8","2","50","5","250","58","58","2","8","18.92600597615947","0.2849173432633187"
"7","adaptive","1.08","-0.34","20","20","20","0.05","0.05","0.08","0.8","2","50","5","250","196","196","4","46","19.30510339666071","0.406742059772759"
"1","adaptive","0.42","-0.34","20","20","20","0.05","0.05","0.08","0.8","2","50","5","250","59","59","2","9","18.483398922093997","0.33536827177929285"
"6","adaptive","0.87","0.28","20","20","20","0.05","0.05","0.08","0.8","2","50","5","250","57","57","2","7","20.94172813534583","0.24346134151096915"
"7","adaptive","1.08","-0.34","20","20","20","0.05","0.05","0.08","0.8","2","50","5","250","197","197","4","47","19.305103396660694","0.406742059772759"
"1","adaptive","0.42","-0.34","20","20","20","0.05","0.05","0.08","0.8","2","50","5","250","60","60","2","10","18.432849326629196","0.33536827177929285"
"5","adaptive","0.87","-0.34","20","20","20","0.05","0.05","0.08","0.8","2","50","5","250","59","59","2","9","18.90592526319089","0.2849173432633187"
"4","adaptive","0.63","0.28","20","20","20","0.05","0.05","0.08","0.8","2","50","5","250","50","50","2","0","20","0.26377961343270534"
"7","adaptive","1.08","-0.34","20","20","20","0.05","0.05","0.08","0.8","2","50","5","250","198","198","4","48","19.305103396660687","0.406742059772759"
"6","adaptive","0.87","0.28","20","20","20","0.05","0.05","0.08","0.8","2","50","5","250","58","58","2","8","20.97517300478071","0.24346134151096915"
"1","adaptive","0.42","-0.34","20","20","20","0.05","0.05","0.08","0.8","2","50","5","250","61","61","2","11","18.39194735773511","0.33536827177929285"
"5","adaptive","0.87","-0.34","20","20","20","0.05","0.05","0.08","0.8","2","50","5","250","60","60","2","10","18.891826154619903","0.2849173432633187"
"7","adaptive","1.08","-0.34","20","20","20","0.05","0.05","0.08","0.8","2","50","5","250","199","199","4","49","19.305103396660684","0.406742059772759"
"1","adaptive","0.42","-0.34","20","20","20","0.05","0.05","0.08","0.8","2","50","5","250","62","62","2","12","18.358851720786284","0.33536827177929285"
"6","adaptive","0.87","0.28","20","20","20","0.05","0.05","0.08","0.8","2","50","5","250","59","59","2","9","20.999861627225876","0.24346134151096915"
"7","adaptive","1.08","-0.34","20","20","20","0.05","0.05","0.08","0.8","2","50","5","250","200","200","5","0","20","0.4611732400672119"
"4","adaptive","0.63","0.28","20","20","20","0.05","0.05","0.08","0.8","2","50","5","250","51","51","2","1","20.28","0.26377961343270534"
"5","adaptive","0.87","-0.34","20","20","20","0.05","0.05","0.08","0.8","2","50","5","250","61","61","2","11","18.881926861561553","0.2849173432633187"
"1","adaptive","0.42","-0.34","20","20","20","0.05","0.05","0.08","0.8","2","50","5","250","63","63","2","13","18.332072540843026","0.33536827177929285"
"6","adaptive","0.87","0.28","20","20","20","0.05","0.05","0.08","0.8","2","50","5","250","60","60","2","10","21.0180864876765","0.24346134151096915"
"7","adaptive","1.08","-0.34","20","20","20","0.05","0.05","0.08","0.8","2","50","5","250","201","201","5","1","19.66","0.4611732400672119"
"5","adaptive","0.87","-0.34","20","20","20","0.05","0.05","0.08","0.8","2","50","5","250","62","62","2","12","18.874976350998306","0.2849173432633187"
"1","adaptive","0.42","-0.34","20","20","20","0.05","0.05","0.08","0.8","2","50","5","250","64","64","2","14","18.31040429256177","0.33536827177929285"
"4","adaptive","0.63","0.28","20","20","20","0.05","0.05","0.08","0.8","2","50","5","250","52","52","2","2","20.499469276190474","0.26377961343270534"
"7","adaptive","1.08","-0.34","20","20","20","0.05","0.05","0.08","0.8","2","50","5","250","202","202","5","2","19.50634281375268","0.4611732400672119"
"6","adaptive","0.87","0.28","20","20","20","0.05","0.05","0.08","0.8","2","50","5","250","61","61","2","11","21.03153987249707","0.24346134151096915"
"1","adaptive","0.42","-0.34","20","20","20","0.05","0.05","0.08","0.8","2","50","5","250","65","65","2","15","18.292871530745575","0.33536827177929285"
"5","adaptive","0.87","-0.34","20","20","20","0.05","0.05","0.08","0.8","2","50","5","250","63","63","2","13","18.870096245236702","0.2849173432633187"
"7","adaptive","1.08","-0.34","20","20","20","0.05","0.05","0.08","0.8","2","50","5","250","203","203","5","3","19.436900075854318","0.4611732400672119"
"6","adaptive","0.87","0.28","20","20","20","0.05","0.05","0.08","0.8","2","50","5","250","62","62","2","12","21.041471008245452","0.24346134151096915"
"1","adaptive","0.42","-0.34","20","20","20","0.05","0.05","0.08","0.8","2","50","5","250","66","66","2","16","18.27868497847271","0.33536827177929285"
"7","adaptive","1.08","-0.34","20","20","20","0.05","0.05","0.08","0.8","2","50","5","250","204","204","5","4","19.405516617881457","0.4611732400672119"
"1","adaptive","0.42","-0.34","20","20","20","0.05","0.05","0.08","0.8","2","50","5","250","67","67","2","17","18.26720599601116","0.33536827177929285"
"4","adaptive","0.63","0.28","20","20","20","0.05","0.05","0.08","0.8","2","50","5","250","53","53","2","3","20.67149343044608","0.26377961343270534"
"5","adaptive","0.87","-0.34","20","20","20","0.05","0.05","0.08","0.8","2","50","5","250","64","64","2","14","18.866669816051722","0.2849173432633187"
"7","adaptive","1.08","-0.34","20","20","20","0.05","0.05","0.08","0.8","2","50","5","250","205","205","5","5","19.391333400684925","0.4611732400672119"
"6","adaptive","0.87","0.28","20","20","20","0.05","0.05","0.08","0.8","2","50","5","250","63","63","2","13","21.048802059766548","0.24346134151096915"
"1","adaptive","0.42","-0.34","20","20","20","0.05","0.05","0.08","0.8","2","50","5","250","68","68","2","18","18.25791783100685","0.33536827177929285"
"5","adaptive","0.87","-0.34","20","20","20","0.05","0.05","0.08","0.8","2","50","5","250","65","65","2","15","18.86426404504322","0.2849173432633187"
"7","adaptive","1.08","-0.34","20","20","20","0.05","0.05","0.08","0.8","2","50","5","250","206","206","5","6","19.384923538195647","0.4611732400672119"
"1","adaptive","0.42","-0.34","20","20","20","0.05","0.05","0.08","0.8","2","50","5","250","69","69","2","19","18.250402355707866","0.33536827177929285"
"7","adaptive","1.08","-0.34","20","20","20","0.05","0.05","0.08","0.8","2","50","5","250","207","207","5","7","19.382026710447608","0.4611732400672119"
"6","adaptive","0.87","0.28","20","20","20","0.05","0.05","0.08","0.8","2","50","5","250","64","64","2","14","21.05421375866652","0.24346134151096915"
"4","adaptive","0.63","0.28","20","20","20","0.05","0.05","0.08","0.8","2","50","5","250","54","54","2","4","20.806329204095206","0.26377961343270534"
"5","adaptive","0.87","-0.34","20","20","20","0.05","0.05","0.08","0.8","2","50","5","250","66","66","2","16","18.862574900504438","0.2849173432633187"
"1","adaptive","0.42","-0.34","20","20","20","0.05","0.05","0.08","0.8","2","50","5","250","70","70","2","20","18.24432124399813","0.33536827177929285"
"7","adaptive","1.08","-0.34","20","20","20","0.05","0.05","0.08","0.8","2","50","5","250","208","208","5","8","19.380717538680525","0.4611732400672119"
"5","adaptive","0.87","-0.34","20","20","20","0.05","0.05","0.08","0.8","2","50","5","250","67","67","2","17","18.861388915112297","0.2849173432633187"
"4","adaptive","0.63","0.28","20","20","20","0.05","0.05","0.08","0.8","2","50","5","250","55","55","2","5","20.912016024264336","0.26377961343270534"
"6","adaptive","0.87","0.28","20","20","20","0.05","0.05","0.08","0.8","2","50","5","250","65","65","2","15","21.058208613279078","0.24346134151096915"
"7","adaptive","1.08","-0.34","20","20","20","0.05","0.05","0.08","0.8","2","50","5","250","209","209","5","9","19.38012588088628","0.4611732400672119"
"1","adaptive","0.42","-0.34","20","20","20","0.05","0.05","0.08","0.8","2","50","5","250","71","71","2","21","18.23940074088221","0.33536827177929285"
"6","adaptive","0.87","0.28","20","20","20","0.05","0.05","0.08","0.8","2","50","5","250","66","66","2","16","21.0611575695441","0.24346134151096915"
"5","adaptive","0.87","-0.34","20","20","20","0.05","0.05","0.08","0.8","2","50","5","250","68","68","2","18","18.860556208781922","0.2849173432633187"
"4","adaptive","0.63","0.28","20","20","20","0.05","0.05","0.08","0.8","2","50","5","250","56","56","2","6","20.994855345426448","0.26377961343270534"
"1","adaptive","0.42","-0.34","20","20","20","0.05","0.05","0.08","0.8","2","50","5","250","72","72","2","22","18.23541933878512","0.33536827177929285"
"7","adaptive","1.08","-0.34","20","20","20","0.05","0.05","0.08","0.8","2","50","5","250","210","210","5","10","19.37985849126309","0.4611732400672119"
"5","adaptive","0.87","-0.34","20","20","20","0.05","0.05","0.08","0.8","2","50","5","250","69","69","2","19","18.859971547421637","0.2849173432633187"
"6","adaptive","0.87","0.28","20","20","20","0.05","0.05","0.08","0.8","2","50","5","250","67","67","2","17","21.063334455537817","0.24346134151096915"
"1","adaptive","0.42","-0.34","20","20","20","0.05","0.05","0.08","0.8","2","50","5","250","73","73","2","23","18.23219780588792","0.33536827177929285"
"4","adaptive","0.63","0.28","20","20","20","0.05","0.05","0.08","0.8","2","50","5","250","57","57","2","7","21.059786366339157","0.26377961343270534"
"7","adaptive","1.08","-0.34","20","20","20","0.05","0.05","0.08","0.8","2","50","5","250","211","211","5","11","19.379737649095055","0.4611732400672119"
"5","adaptive","0.87","-0.34","20","20","20","0.05","0.05","0.08","0.8","2","50","5","250","70","70","2","20","18.859561043869856","0.2849173432633187"
"6","adaptive","0.87","0.28","20","20","20","0.05","0.05","0.08","0.8","2","50","5","250","68","68","2","18","21.064941408033466","0.24346134151096915"
"1","adaptive","0.42","-0.34","20","20","20","0.05","0.05","0.08","0.8","2","50","5","250","74","74","2","24","18.22959111760207","0.33536827177929285"
"4","adaptive","0.63","0.28","20","20","20","0.05","0.05","0.08","0.8","2","50","5","250","58","58","2","8","21.11068052406066","0.26377961343270534"
"5","adaptive","0.87","-0.34","20","20","20","0.05","0.05","0.08","0.8","2","50","5","250","71","71","2","21","18.85927282033146","0.2849173432633187"
"7","adaptive","1.08","-0.34","20","20","20","0.05","0.05","0.08","0.8","2","50","5","250","212","212","5","12","19.379683036543526","0.4611732400672119"
"6","adaptive","0.87","0.28","20","20","20","0.05","0.05","0.08","0.8","2","50","5","250","69","69","2","19","21.06612764209934","0.24346134151096915"
"7","adaptive","1.08","-0.34","20","20","20","0.05","0.05","0.08","0.8","2","50","5","250","213","213","5","13","19.379658355334698","0.4611732400672119"
"6","adaptive","0.87","0.28","20","20","20","0.05","0.05","0.08","0.8","2","50","5","250","70","70","2","20","21.067003306602707","0.24346134151096915"
"1","adaptive","0.42","-0.34","20","20","20","0.05","0.05","0.08","0.8","2","50","5","250","75","75","2","25","18.22748192795962","0.33536827177929285"
"5","adaptive","0.87","-0.34","20","20","20","0.05","0.05","0.08","0.8","2","50","5","250","72","72","2","22","18.85907045226978","0.2849173432633187"
"4","adaptive","0.63","0.28","20","20","20","0.05","0.05","0.08","0.8","2","50","5","250","59","59","2","9","21.150572323908733","0.26377961343270534"
"5","adaptive","0.87","-0.34","20","20","20","0.05","0.05","0.08","0.8","2","50","5","250","73","73","2","23","18.858928365219516","0.2849173432633187"
"6","adaptive","0.87","0.28","20","20","20","0.05","0.05","0.08","0.8","2","50","5","250","71","71","2","21","21.067649712185315","0.24346134151096915"
"7","adaptive","1.08","-0.34","20","20","20","0.05","0.05","0.08","0.8","2","50","5","250","214","214","5","14","19.3796472010844","0.4611732400672119"
"4","adaptive","0.63","0.28","20","20","20","0.05","0.05","0.08","0.8","2","50","5","250","60","60","2","10","21.181840268332277","0.26377961343270534"
"1","adaptive","0.42","-0.34","20","20","20","0.05","0.05","0.08","0.8","2","50","5","250","76","76","2","26","18.22577528701909","0.33536827177929285"
"6","adaptive","0.87","0.28","20","20","20","0.05","0.05","0.08","0.8","2","50","5","250","72","72","2","22","21.06812688143863","0.24346134151096915"
"7","adaptive","1.08","-0.34","20","20","20","0.05","0.05","0.08","0.8","2","50","5","250","215","215","5","15","19.379642160111704","0.4611732400672119"
"6","adaptive","0.87","0.28","20","20","20","0.05","0.05","0.08","0.8","2","50","5","250","73","73","2","23","21.06847912235739","0.24346134151096915"
"1","adaptive","0.42","-0.34","20","20","20","0.05","0.05","0.08","0.8","2","50","5","250","77","77","2","27","18.224394366479157","0.33536827177929285"
"5","adaptive","0.87","-0.34","20","20","20","0.05","0.05","0.08","0.8","2","50","5","250","74","74","2","24","18.858828602788204","0.2849173432633187"
"7","adaptive","1.08","-0.34","20","20","20","0.05","0.05","0.08","0.8","2","50","5","250","216","216","5","16","19.37963988193029","0.4611732400672119"
"4","adaptive","0.63","0.28","20","20","20","0.05","0.05","0.08","0.8","2","50","5","250","61","61","2","11","21.206348672370133","0.26377961343270534"
"6","adaptive","0.87","0.28","20","20","20","0.05","0.05","0.08","0.8","2","50","5","250","74","74","2","24","21.068739142599657","0.24346134151096915"
"5","adaptive","0.87","-0.34","20","20","20","0.05","0.05","0.08","0.8","2","50","5","250","75","75","2","25","18.858758557399252","0.2849173432633187"
"7","adaptive","1.08","-0.34","20","20","20","0.05","0.05","0.08","0.8","2","50","5","250","217","217","5","17","19.37963885234516","0.4611732400672119"
"1","adaptive","0.42","-0.34","20","20","20","0.05","0.05","0.08","0.8","2","50","5","250","78","78","2","28","18.22327700107889","0.33536827177929285"
"6","adaptive","0.87","0.28","20","20","20","0.05","0.05","0.08","0.8","2","50","5","250","75","75","2","25","21.06893108658682","0.24346134151096915"
"7","adaptive","1.08","-0.34","20","20","20","0.05","0.05","0.08","0.8","2","50","5","250","218","218","5","18","19.379638387041762","0.4611732400672119"
"5","adaptive","0.87","-0.34","20","20","20","0.05","0.05","0.08","0.8","2","50","5","250","76","76","2","26","18.858709376996877","0.2849173432633187"
"1","adaptive","0.42","-0.34","20","20","20","0.05","0.05","0.08","0.8","2","50","5","250","79","79","2","29","18.222372890087996","0.33536827177929285"
"6","adaptive","0.87","0.28","20","20","20","0.05","0.05","0.08","0.8","2","50","5","250","76","76","2","26","21.06907277745629","0.24346134151096915"
"7","adaptive","1.08","-0.34","20","20","20","0.05","0.05","0.08","0.8","2","50","5","250","219","219","5","19","19.379638176755847","0.4611732400672119"
"1","adaptive","0.42","-0.34","20","20","20","0.05","0.05","0.08","0.8","2","50","5","250","80","80","2","30","18.221641332905666","0.33536827177929285"
"5","adaptive","0.87","-0.34","20","20","20","0.05","0.05","0.08","0.8","2","50","5","250","77","77","2","27","18.858674846358763","0.2849173432633187"
"6","adaptive","0.87","0.28","20","20","20","0.05","0.05","0.08","0.8","2","50","5","250","77","77","2","27","21.06917737204552","0.24346134151096915"
"7","adaptive","1.08","-0.34","20","20","20","0.05","0.05","0.08","0.8","2","50","5","250","220","220","5","20","19.379638081720724","0.4611732400672119"
"1","adaptive","0.42","-0.34","20","20","20","0.05","0.05","0.08","0.8","2","50","5","250","81","81","2","31","18.22104939683099","0.33536827177929285"
"5","adaptive","0.87","-0.34","20","20","20","0.05","0.05","0.08","0.8","2","50","5","250","78","78","2","28","18.858650601641127","0.2849173432633187"
"6","adaptive","0.87","0.28","20","20","20","0.05","0.05","0.08","0.8","2","50","5","250","78","78","2","28","21.069254582582346","0.24346134151096915"
"1","adaptive","0.42","-0.34","20","20","20","0.05","0.05","0.08","0.8","2","50","5","250","82","82","2","32","18.22057043452296","0.33536827177929285"
"7","adaptive","1.08","-0.34","20","20","20","0.05","0.05","0.08","0.8","2","50","5","250","221","221","5","21","19.379638038771226","0.4611732400672119"
"5","adaptive","0.87","-0.34","20","20","20","0.05","0.05","0.08","0.8","2","50","5","250","79","79","2","29","18.858633578893638","0.2849173432633187"
"6","adaptive","0.87","0.28","20","20","20","0.05","0.05","0.08","0.8","2","50","5","250","79","79","2","29","21.069311578522974","0.24346134151096915"
"1","adaptive","0.42","-0.34","20","20","20","0.05","0.05","0.08","0.8","2","50","5","250","83","83","2","33","18.220182884410157","0.33536827177929285"
"7","adaptive","1.08","-0.34","20","20","20","0.05","0.05","0.08","0.8","2","50","5","250","222","222","5","22","19.379638019360932","0.4611732400672119"
"5","adaptive","0.87","-0.34","20","20","20","0.05","0.05","0.08","0.8","2","50","5","250","80","80","2","30","18.858621626849636","0.2849173432633187"
"5","adaptive","0.87","-0.34","20","20","20","0.05","0.05","0.08","0.8","2","50","5","250","81","81","2","31","18.858613235057657","0.2849173432633187"
"1","adaptive","0.42","-0.34","20","20","20","0.05","0.05","0.08","0.8","2","50","5","250","84","84","2","34","18.21986930004785","0.33536827177929285"
"6","adaptive","0.87","0.28","20","20","20","0.05","0.05","0.08","0.8","2","50","5","250","80","80","2","30","21.069353652278465","0.24346134151096915"
"7","adaptive","1.08","-0.34","20","20","20","0.05","0.05","0.08","0.8","2","50","5","250","223","223","5","23","19.379638010588785","0.4611732400672119"
"5","adaptive","0.87","-0.34","20","20","20","0.05","0.05","0.08","0.8","2","50","5","250","82","82","2","32","18.858607342996635","0.2849173432633187"
"1","adaptive","0.42","-0.34","20","20","20","0.05","0.05","0.08","0.8","2","50","5","250","85","85","2","35","18.21961556472683","0.33536827177929285"
"7","adaptive","1.08","-0.34","20","20","20","0.05","0.05","0.08","0.8","2","50","5","250","224","224","5","24","19.37963800662436","0.4611732400672119"
"6","adaptive","0.87","0.28","20","20","20","0.05","0.05","0.08","0.8","2","50","5","250","81","81","2","31","21.06938471064651","0.24346134151096915"
"1","adaptive","0.42","-0.34","20","20","20","0.05","0.05","0.08","0.8","2","50","5","250","86","86","2","36","18.21941025597782","0.33536827177929285"
"5","adaptive","0.87","-0.34","20","20","20","0.05","0.05","0.08","0.8","2","50","5","250","83","83","2","33","18.858603206051487","0.2849173432633187"
"7","adaptive","1.08","-0.34","20","20","20","0.05","0.05","0.08","0.8","2","50","5","250","225","225","5","25","19.379638004832707","0.4611732400672119"
"6","adaptive","0.87","0.28","20","20","20","0.05","0.05","0.08","0.8","2","50","5","250","82","82","2","32","21.069407637580756","0.24346134151096915"
"1","adaptive","0.42","-0.34","20","20","20","0.05","0.05","0.08","0.8","2","50","5","250","87","87","2","37","18.219244131363205","0.33536827177929285"
"5","adaptive","0.87","-0.34","20","20","20","0.05","0.05","0.08","0.8","2","50","5","250","84","84","2","34","18.858600301411652","0.2849173432633187"
"7","adaptive","1.08","-0.34","20","20","20","0.05","0.05","0.08","0.8","2","50","5","250","226","226","5","26","19.379638004023","0.4611732400672119"
"6","adaptive","0.87","0.28","20","20","20","0.05","0.05","0.08","0.8","2","50","5","250","83","83","2","33","21.069424561983006","0.24346134151096915"
"1","adaptive","0.42","-0.34","20","20","20","0.05","0.05","0.08","0.8","2","50","5","250","88","88","2","38","18.219109712407775","0.33536827177929285"
"7","adaptive","1.08","-0.34","20","20","20","0.05","0.05","0.08","0.8","2","50","5","250","227","227","5","27","19.379638003657067","0.4611732400672119"
"6","adaptive","0.87","0.28","20","20","20","0.05","0.05","0.08","0.8","2","50","5","250","84","84","2","34","21.069437055384366","0.24346134151096915"
"1","adaptive","0.42","-0.34","20","20","20","0.05","0.05","0.08","0.8","2","50","5","250","89","89","2","39","18.219000947938287","0.33536827177929285"
"7","adaptive","1.08","-0.34","20","20","20","0.05","0.05","0.08","0.8","2","50","5","250","228","228","5","28","19.379638003491692","0.4611732400672119"
"6","adaptive","0.87","0.28","20","20","20","0.05","0.05","0.08","0.8","2","50","5","250","85","85","2","35","21.069446277871236","0.24346134151096915"
"1","adaptive","0.42","-0.34","20","20","20","0.05","0.05","0.08","0.8","2","50","5","250","90","90","2","40","18.218912941676184","0.33536827177929285"
"7","adaptive","1.08","-0.34","20","20","20","0.05","0.05","0.08","0.8","2","50","5","250","229","229","5","29","19.379638003416954","0.4611732400672119"
"6","adaptive","0.87","0.28","20","20","20","0.05","0.05","0.08","0.8","2","50","5","250","86","86","2","36","21.06945308580621","0.24346134151096915"
"1","adaptive","0.42","-0.34","20","20","20","0.05","0.05","0.08","0.8","2","50","5","250","91","91","2","41","18.218841731820554","0.33536827177929285"
"7","adaptive","1.08","-0.34","20","20","20","0.05","0.05","0.08","0.8","2","50","5","250","230","230","5","30","19.379638003383175","0.4611732400672119"
"6","adaptive","0.87","0.28","20","20","20","0.05","0.05","0.08","0.8","2","50","5","250","87","87","2","37","21.06945811134642","0.24346134151096915"
"1","adaptive","0.42","-0.34","20","20","20","0.05","0.05","0.08","0.8","2","50","5","250","92","92","2","42","18.218784112698717","0.33536827177929285"
"7","adaptive","1.08","-0.34","20","20","20","0.05","0.05","0.08","0.8","2","50","5","250","231","231","5","31","19.379638003367912","0.4611732400672119"
"6","adaptive","0.87","0.28","20","20","20","0.05","0.05","0.08","0.8","2","50","5","250","88","88","2","38","21.06946182114308","0.24346134151096915"
"1","adaptive","0.42","-0.34","20","20","20","0.05","0.05","0.08","0.8","2","50","5","250","93","93","2","43","18.218737490455602","0.33536827177929285"
"7","adaptive","1.08","-0.34","20","20","20","0.05","0.05","0.08","0.8","2","50","5","250","232","232","5","32","19.379638003361013","0.4611732400672119"
"6","adaptive","0.87","0.28","20","20","20","0.05","0.05","0.08","0.8","2","50","5","250","89","89","2","39","21.069464559672802","0.24346134151096915"
"1","adaptive","0.42","-0.34","20","20","20","0.05","0.05","0.08","0.8","2","50","5","250","94","94","2","44","18.218699766285507","0.33536827177929285"
"7","adaptive","1.08","-0.34","20","20","20","0.05","0.05","0.08","0.8","2","50","5","250","233","233","5","33","19.379638003357893","0.4611732400672119"
"6","adaptive","0.87","0.28","20","20","20","0.05","0.05","0.08","0.8","2","50","5","250","90","90","2","40","21.06946658122431","0.24346134151096915"
"1","adaptive","0.42","-0.34","20","20","20","0.05","0.05","0.08","0.8","2","50","5","250","95","95","2","45","18.218669241949602","0.33536827177929285"
"7","adaptive","1.08","-0.34","20","20","20","0.05","0.05","0.08","0.8","2","50","5","250","234","234","5","34","19.379638003356487","0.4611732400672119"
"6","adaptive","0.87","0.28","20","20","20","0.05","0.05","0.08","0.8","2","50","5","250","91","91","2","41","21.06946807351066","0.24346134151096915"
"1","adaptive","0.42","-0.34","20","20","20","0.05","0.05","0.08","0.8","2","50","5","250","96","96","2","46","18.21864454332588","0.33536827177929285"
"6","adaptive","0.87","0.28","20","20","20","0.05","0.05","0.08","0.8","2","50","5","250","92","92","2","42","21.069469175099478","0.24346134151096915"
"7","adaptive","1.08","-0.34","20","20","20","0.05","0.05","0.08","0.8","2","50","5","250","235","235","5","35","19.379638003355847","0.4611732400672119"
"2","adaptive","0.42","0.28","20","20","20","0.05","0.05","0.08","0.8","2","50","5","250","122","122","3","22","21.26893389503199","0.40408900773679074"
"1","adaptive","0.42","-0.34","20","20","20","0.05","0.05","0.08","0.8","2","50","5","250","97","97","2","47","18.218624558549937","0.33536827177929285"
"6","adaptive","0.87","0.28","20","20","20","0.05","0.05","0.08","0.8","2","50","5","250","93","93","2","43","21.069469988279824","0.24346134151096915"
"7","adaptive","1.08","-0.34","20","20","20","0.05","0.05","0.08","0.8","2","50","5","250","236","236","5","36","19.37963800335556","0.4611732400672119"
"2","adaptive","0.42","0.28","20","20","20","0.05","0.05","0.08","0.8","2","50","5","250","123","123","3","23","21.270127060099025","0.40408900773679074"
"1","adaptive","0.42","-0.34","20","20","20","0.05","0.05","0.08","0.8","2","50","5","250","98","98","2","48","18.218608387961897","0.33536827177929285"
"6","adaptive","0.87","0.28","20","20","20","0.05","0.05","0.08","0.8","2","50","5","250","94","94","2","44","21.06947058856031","0.24346134151096915"
"7","adaptive","1.08","-0.34","20","20","20","0.05","0.05","0.08","0.8","2","50","5","250","237","237","5","37","19.37963800335543","0.4611732400672119"
"1","adaptive","0.42","-0.34","20","20","20","0.05","0.05","0.08","0.8","2","50","5","250","99","99","2","49","18.21859530360617","0.33536827177929285"
"2","adaptive","0.42","0.28","20","20","20","0.05","0.05","0.08","0.8","2","50","5","250","124","124","3","24","21.27105806605975","0.40408900773679074"
"6","adaptive","0.87","0.28","20","20","20","0.05","0.05","0.08","0.8","2","50","5","250","95","95","2","45","21.069471031680543","0.24346134151096915"
"7","adaptive","1.08","-0.34","20","20","20","0.05","0.05","0.08","0.8","2","50","5","250","238","238","5","38","19.37963800335537","0.4611732400672119"
"1","adaptive","0.42","-0.34","20","20","20","0.05","0.05","0.08","0.8","2","50","5","250","100","100","3","0","20","0.4658011362144686"
"2","adaptive","0.42","0.28","20","20","20","0.05","0.05","0.08","0.8","2","50","5","250","125","125","3","25","21.271784513826994","0.40408900773679074"
"7","adaptive","1.08","-0.34","20","20","20","0.05","0.05","0.08","0.8","2","50","5","250","239","239","5","39","19.379638003355343","0.4611732400672119"
"1","adaptive","0.42","-0.34","20","20","20","0.05","0.05","0.08","0.8","2","50","5","250","101","101","3","1","19.66","0.4658011362144686"
"2","adaptive","0.42","0.28","20","20","20","0.05","0.05","0.08","0.8","2","50","5","250","126","126","3","26","21.27235134839175","0.40408900773679074"
"7","adaptive","1.08","-0.34","20","20","20","0.05","0.05","0.08","0.8","2","50","5","250","240","240","5","40","19.379638003355332","0.4611732400672119"
"1","adaptive","0.42","-0.34","20","20","20","0.05","0.05","0.08","0.8","2","50","5","250","102","102","3","2","19.403516402251427","0.4658011362144686"
"7","adaptive","1.08","-0.34","20","20","20","0.05","0.05","0.08","0.8","2","50","5","250","241","241","5","41","19.37963800335533","0.4611732400672119"
"2","adaptive","0.42","0.28","20","20","20","0.05","0.05","0.08","0.8","2","50","5","250","127","127","3","27","21.272793639549207","0.40408900773679074"
"1","adaptive","0.42","-0.34","20","20","20","0.05","0.05","0.08","0.8","2","50","5","250","103","103","3","3","19.210034531915976","0.4658011362144686"
"7","adaptive","1.08","-0.34","20","20","20","0.05","0.05","0.08","0.8","2","50","5","250","242","242","5","42","19.379638003355325","0.4611732400672119"
"2","adaptive","0.42","0.28","20","20","20","0.05","0.05","0.08","0.8","2","50","5","250","128","128","3","28","21.27313875165091","0.40408900773679074"
"1","adaptive","0.42","-0.34","20","20","20","0.05","0.05","0.08","0.8","2","50","5","250","104","104","3","4","19.064078866613748","0.4658011362144686"
"2","adaptive","0.42","0.28","20","20","20","0.05","0.05","0.08","0.8","2","50","5","250","129","129","3","29","21.273408036624698","0.40408900773679074"
"7","adaptive","1.08","-0.34","20","20","20","0.05","0.05","0.08","0.8","2","50","5","250","243","243","5","43","19.379638003355325","0.4611732400672119"
"1","adaptive","0.42","-0.34","20","20","20","0.05","0.05","0.08","0.8","2","50","5","250","105","105","3","5","18.95397523676521","0.4658011362144686"
"2","adaptive","0.42","0.28","20","20","20","0.05","0.05","0.08","0.8","2","50","5","250","130","130","3","30","21.2736181550087","0.40408900773679074"
"7","adaptive","1.08","-0.34","20","20","20","0.05","0.05","0.08","0.8","2","50","5","250","244","244","5","44","19.379638003355325","0.4611732400672119"
"1","adaptive","0.42","-0.34","20","20","20","0.05","0.05","0.08","0.8","2","50","5","250","106","106","3","6","18.87091707468071","0.4658011362144686"
"7","adaptive","1.08","-0.34","20","20","20","0.05","0.05","0.08","0.8","2","50","5","250","245","245","5","45","19.379638003355325","0.4611732400672119"
"2","adaptive","0.42","0.28","20","20","20","0.05","0.05","0.08","0.8","2","50","5","250","131","131","3","31","21.273782106731193","0.40408900773679074"
"1","adaptive","0.42","-0.34","20","20","20","0.05","0.05","0.08","0.8","2","50","5","250","107","107","3","7","18.808261026934186","0.4658011362144686"
"2","adaptive","0.42","0.28","20","20","20","0.05","0.05","0.08","0.8","2","50","5","250","132","132","3","32","21.273910035410243","0.40408900773679074"
"7","adaptive","1.08","-0.34","20","20","20","0.05","0.05","0.08","0.8","2","50","5","250","246","246","5","46","19.379638003355325","0.4611732400672119"
"1","adaptive","0.42","-0.34","20","20","20","0.05","0.05","0.08","0.8","2","50","5","250","108","108","3","8","18.760995590032028","0.4658011362144686"
"2","adaptive","0.42","0.28","20","20","20","0.05","0.05","0.08","0.8","2","50","5","250","133","133","3","33","21.27400985593469","0.40408900773679074"
"7","adaptive","1.08","-0.34","20","20","20","0.05","0.05","0.08","0.8","2","50","5","250","247","247","5","47","19.379638003355325","0.4611732400672119"
"2","adaptive","0.42","0.28","20","20","20","0.05","0.05","0.08","0.8","2","50","5","250","134","134","3","34","21.27408774415471","0.40408900773679074"
"1","adaptive","0.42","-0.34","20","20","20","0.05","0.05","0.08","0.8","2","50","5","250","109","109","3","9","18.72534026854431","0.4658011362144686"
"7","adaptive","1.08","-0.34","20","20","20","0.05","0.05","0.08","0.8","2","50","5","250","248","248","5","48","19.379638003355325","0.4611732400672119"
"2","adaptive","0.42","0.28","20","20","20","0.05","0.05","0.08","0.8","2","50","5","250","135","135","3","35","21.27414851897884","0.40408900773679074"
"1","adaptive","0.42","-0.34","20","20","20","0.05","0.05","0.08","0.8","2","50","5","250","110","110","3","10","18.69844319462063","0.4658011362144686"
"7","adaptive","1.08","-0.34","20","20","20","0.05","0.05","0.08","0.8","2","50","5","250","249","249","5","49","19.379638003355325","0.4611732400672119"
"2","adaptive","0.42","0.28","20","20","20","0.05","0.05","0.08","0.8","2","50","5","250","136","136","3","36","21.274195940517647","0.40408900773679074"
"1","adaptive","0.42","-0.34","20","20","20","0.05","0.05","0.08","0.8","2","50","5","250","111","111","3","11","18.678153023182823","0.4658011362144686"
"7","adaptive","1.08","-0.34","20","20","20","0.05","0.05","0.08","0.8","2","50","5","250","250","250","5","50","19.379638003355325","0.5099837248433894"
"2","adaptive","0.42","0.28","20","20","20","0.05","0.05","0.08","0.8","2","50","5","250","137","137","3","37","21.274232942720037","0.40408900773679074"
"1","adaptive","0.42","-0.34","20","20","20","0.05","0.05","0.08","0.8","2","50","5","250","112","112","3","12","18.662846857978984","0.4658011362144686"
"1","adaptive","0.42","-0.34","20","20","20","0.05","0.05","0.08","0.8","2","50","5","250","113","113","3","13","18.65130044527541","0.4658011362144686"
"2","adaptive","0.42","0.28","20","20","20","0.05","0.05","0.08","0.8","2","50","5","250","138","138","3","38","21.27426181489534","0.40408900773679074"
"2","adaptive","0.42","0.28","20","20","20","0.05","0.05","0.08","0.8","2","50","5","250","139","139","3","39","21.27428434335184","0.40408900773679074"
"1","adaptive","0.42","-0.34","20","20","20","0.05","0.05","0.08","0.8","2","50","5","250","114","114","3","14","18.642590252712758","0.4658011362144686"
"2","adaptive","0.42","0.28","20","20","20","0.05","0.05","0.08","0.8","2","50","5","250","140","140","3","40","21.274301921914827","0.40408900773679074"
"1","adaptive","0.42","-0.34","20","20","20","0.05","0.05","0.08","0.8","2","50","5","250","115","115","3","15","18.636019601167018","0.4658011362144686"
"2","adaptive","0.42","0.28","20","20","20","0.05","0.05","0.08","0.8","2","50","5","250","141","141","3","41","21.274315638161955","0.40408900773679074"
"1","adaptive","0.42","-0.34","20","20","20","0.05","0.05","0.08","0.8","2","50","5","250","116","116","3","16","18.631062941319946","0.4658011362144686"
"2","adaptive","0.42","0.28","20","20","20","0.05","0.05","0.08","0.8","2","50","5","250","142","142","3","42","21.274326340711156","0.40408900773679074"
"1","adaptive","0.42","-0.34","20","20","20","0.05","0.05","0.08","0.8","2","50","5","250","117","117","3","17","18.62732381793644","0.4658011362144686"
"2","adaptive","0.42","0.28","20","20","20","0.05","0.05","0.08","0.8","2","50","5","250","143","143","3","43","21.274334691724253","0.40408900773679074"
"1","adaptive","0.42","-0.34","20","20","20","0.05","0.05","0.08","0.8","2","50","5","250","118","118","3","18","18.62450315964871","0.4658011362144686"
"2","adaptive","0.42","0.28","20","20","20","0.05","0.05","0.08","0.8","2","50","5","250","144","144","3","44","21.274341207874606","0.40408900773679074"
"1","adaptive","0.42","-0.34","20","20","20","0.05","0.05","0.08","0.8","2","50","5","250","119","119","3","19","18.62237535792619","0.4658011362144686"
"2","adaptive","0.42","0.28","20","20","20","0.05","0.05","0.08","0.8","2","50","5","250","145","145","3","45","21.274346292313453","0.40408900773679074"
"1","adaptive","0.42","-0.34","20","20","20","0.05","0.05","0.08","0.8","2","50","5","250","120","120","3","20","18.620770221922996","0.4658011362144686"
"2","adaptive","0.42","0.28","20","20","20","0.05","0.05","0.08","0.8","2","50","5","250","146","146","3","46","21.2743502596127","0.40408900773679074"
"1","adaptive","0.42","-0.34","20","20","20","0.05","0.05","0.08","0.8","2","50","5","250","121","121","3","21","18.619559365873066","0.4658011362144686"
"2","adaptive","0.42","0.28","20","20","20","0.05","0.05","0.08","0.8","2","50","5","250","147","147","3","47","21.27435335522734","0.40408900773679074"
"1","adaptive","0.42","-0.34","20","20","20","0.05","0.05","0.08","0.8","2","50","5","250","122","122","3","22","18.61864594023765","0.4658011362144686"
"2","adaptive","0.42","0.28","20","20","20","0.05","0.05","0.08","0.8","2","50","5","250","148","148","3","48","21.27435577068163","0.40408900773679074"
"1","adaptive","0.42","-0.34","20","20","20","0.05","0.05","0.08","0.8","2","50","5","250","123","123","3","23","18.61795688525751","0.4658011362144686"
"2","adaptive","0.42","0.28","20","20","20","0.05","0.05","0.08","0.8","2","50","5","250","149","149","3","49","21.274357655418626","0.40408900773679074"
"1","adaptive","0.42","-0.34","20","20","20","0.05","0.05","0.08","0.8","2","50","5","250","124","124","3","24","18.617437087315295","0.4658011362144686"
"2","adaptive","0.42","0.28","20","20","20","0.05","0.05","0.08","0.8","2","50","5","250","150","150","4","0","20","0.49879714258970315"
"1","adaptive","0.42","-0.34","20","20","20","0.05","0.05","0.08","0.8","2","50","5","250","125","125","3","25","18.61704497070847","0.4658011362144686"
"2","adaptive","0.42","0.28","20","20","20","0.05","0.05","0.08","0.8","2","50","5","250","151","151","4","1","20.28","0.49879714258970315"
"1","adaptive","0.42","-0.34","20","20","20","0.05","0.05","0.08","0.8","2","50","5","250","126","126","3","26","18.6167491722436","0.4658011362144686"
"2","adaptive","0.42","0.28","20","20","20","0.05","0.05","0.08","0.8","2","50","5","250","152","152","4","2","20.487341456031455","0.49879714258970315"
"1","adaptive","0.42","-0.34","20","20","20","0.05","0.05","0.08","0.8","2","50","5","250","127","127","3","27","18.616526032671604","0.4658011362144686"
"2","adaptive","0.42","0.28","20","20","20","0.05","0.05","0.08","0.8","2","50","5","250","153","153","4","3","20.640878882421603","0.49879714258970315"
"1","adaptive","0.42","-0.34","20","20","20","0.05","0.05","0.08","0.8","2","50","5","250","128","128","3","28","18.616357704318002","0.4658011362144686"
"2","adaptive","0.42","0.28","20","20","20","0.05","0.05","0.08","0.8","2","50","5","250","154","154","4","4","20.75457414507537","0.49879714258970315"
"1","adaptive","0.42","-0.34","20","20","20","0.05","0.05","0.08","0.8","2","50","5","250","129","129","3","29","18.61623072354819","0.4658011362144686"
"2","adaptive","0.42","0.28","20","20","20","0.05","0.05","0.08","0.8","2","50","5","250","155","155","4","5","20.838766078298622","0.49879714258970315"
"1","adaptive","0.42","-0.34","20","20","20","0.05","0.05","0.08","0.8","2","50","5","250","130","130","3","30","18.61613493388735","0.4658011362144686"
"1","adaptive","0.42","-0.34","20","20","20","0.05","0.05","0.08","0.8","2","50","5","250","131","131","3","31","18.61606267366135","0.4658011362144686"
"2","adaptive","0.42","0.28","20","20","20","0.05","0.05","0.08","0.8","2","50","5","250","156","156","4","6","20.90111064265795","0.49879714258970315"
"1","adaptive","0.42","-0.34","20","20","20","0.05","0.05","0.08","0.8","2","50","5","250","132","132","3","32","18.61600816318271","0.4658011362144686"
"2","adaptive","0.42","0.28","20","20","20","0.05","0.05","0.08","0.8","2","50","5","250","157","157","4","7","20.94727711676477","0.49879714258970315"
"1","adaptive","0.42","-0.34","20","20","20","0.05","0.05","0.08","0.8","2","50","5","250","133","133","3","33","18.61596704246601","0.4658011362144686"
"2","adaptive","0.42","0.28","20","20","20","0.05","0.05","0.08","0.8","2","50","5","250","158","158","4","8","20.981463630911723","0.49879714258970315"
"1","adaptive","0.42","-0.34","20","20","20","0.05","0.05","0.08","0.8","2","50","5","250","134","134","3","34","18.615936022497305","0.4658011362144686"
"2","adaptive","0.42","0.28","20","20","20","0.05","0.05","0.08","0.8","2","50","5","250","159","159","4","9","21.006778922411254","0.49879714258970315"
"1","adaptive","0.42","-0.34","20","20","20","0.05","0.05","0.08","0.8","2","50","5","250","135","135","3","35","18.615912622164434","0.4658011362144686"
"2","adaptive","0.42","0.28","20","20","20","0.05","0.05","0.08","0.8","2","50","5","250","160","160","4","10","21.025525027409017","0.49879714258970315"
"1","adaptive","0.42","-0.34","20","20","20","0.05","0.05","0.08","0.8","2","50","5","250","136","136","3","36","18.615894969806895","0.4658011362144686"
"2","adaptive","0.42","0.28","20","20","20","0.05","0.05","0.08","0.8","2","50","5","250","161","161","4","11","21.039406615641713","0.49879714258970315"
"1","adaptive","0.42","-0.34","20","20","20","0.05","0.05","0.08","0.8","2","50","5","250","137","137","3","37","18.615881653512275","0.4658011362144686"
"2","adaptive","0.42","0.28","20","20","20","0.05","0.05","0.08","0.8","2","50","5","250","162","162","4","12","21.04968600391384","0.49879714258970315"
"2","adaptive","0.42","0.28","20","20","20","0.05","0.05","0.08","0.8","2","50","5","250","163","163","4","13","21.057297944383325","0.49879714258970315"
"1","adaptive","0.42","-0.34","20","20","20","0.05","0.05","0.08","0.8","2","50","5","250","138","138","3","38","18.615871608185355","0.4658011362144686"
"2","adaptive","0.42","0.28","20","20","20","0.05","0.05","0.08","0.8","2","50","5","250","164","164","4","14","21.062934625883926","0.49879714258970315"
"1","adaptive","0.42","-0.34","20","20","20","0.05","0.05","0.08","0.8","2","50","5","250","139","139","3","39","18.61586403035715","0.4658011362144686"
"2","adaptive","0.42","0.28","20","20","20","0.05","0.05","0.08","0.8","2","50","5","250","165","165","4","15","21.067108617846497","0.49879714258970315"
"1","adaptive","0.42","-0.34","20","20","20","0.05","0.05","0.08","0.8","2","50","5","250","140","140","3","40","18.615858313919976","0.4658011362144686"
"2","adaptive","0.42","0.28","20","20","20","0.05","0.05","0.08","0.8","2","50","5","250","166","166","4","16","21.070199480600007","0.49879714258970315"
"1","adaptive","0.42","-0.34","20","20","20","0.05","0.05","0.08","0.8","2","50","5","250","141","141","3","41","18.615854001648287","0.4658011362144686"
"2","adaptive","0.42","0.28","20","20","20","0.05","0.05","0.08","0.8","2","50","5","250","167","167","4","17","21.072488280541815","0.49879714258970315"
"1","adaptive","0.42","-0.34","20","20","20","0.05","0.05","0.08","0.8","2","50","5","250","142","142","3","42","18.615850748627828","0.4658011362144686"
"2","adaptive","0.42","0.28","20","20","20","0.05","0.05","0.08","0.8","2","50","5","250","168","168","4","18","21.074183148800742","0.49879714258970315"
"1","adaptive","0.42","-0.34","20","20","20","0.05","0.05","0.08","0.8","2","50","5","250","143","143","3","43","18.615848294667856","0.4658011362144686"
"2","adaptive","0.42","0.28","20","20","20","0.05","0.05","0.08","0.8","2","50","5","250","169","169","4","19","21.075438207559984","0.49879714258970315"
"1","adaptive","0.42","-0.34","20","20","20","0.05","0.05","0.08","0.8","2","50","5","250","144","144","3","44","18.615846443489964","0.4658011362144686"
"2","adaptive","0.42","0.28","20","20","20","0.05","0.05","0.08","0.8","2","50","5","250","170","170","4","20","21.076367585097646","0.49879714258970315"
"1","adaptive","0.42","-0.34","20","20","20","0.05","0.05","0.08","0.8","2","50","5","250","145","145","3","45","18.61584504702889","0.4658011362144686"
"2","adaptive","0.42","0.28","20","20","20","0.05","0.05","0.08","0.8","2","50","5","250","171","171","4","21","21.077055793997154","0.49879714258970315"
"1","adaptive","0.42","-0.34","20","20","20","0.05","0.05","0.08","0.8","2","50","5","250","146","146","3","46","18.615843993589593","0.4658011362144686"
"2","adaptive","0.42","0.28","20","20","20","0.05","0.05","0.08","0.8","2","50","5","250","172","172","4","22","21.077565416266005","0.49879714258970315"
"1","adaptive","0.42","-0.34","20","20","20","0.05","0.05","0.08","0.8","2","50","5","250","147","147","3","47","18.615843198913414","0.4658011362144686"
"2","adaptive","0.42","0.28","20","20","20","0.05","0.05","0.08","0.8","2","50","5","250","173","173","4","23","21.07794279420618","0.49879714258970315"
"1","adaptive","0.42","-0.34","20","20","20","0.05","0.05","0.08","0.8","2","50","5","250","148","148","3","48","18.61584259943869","0.4658011362144686"
"2","adaptive","0.42","0.28","20","20","20","0.05","0.05","0.08","0.8","2","50","5","250","174","174","4","24","21.078222244533286","0.49879714258970315"
"1","adaptive","0.42","-0.34","20","20","20","0.05","0.05","0.08","0.8","2","50","5","250","149","149","3","49","18.615842147216828","0.4658011362144686"
"2","adaptive","0.42","0.28","20","20","20","0.05","0.05","0.08","0.8","2","50","5","250","175","175","4","25","21.07842917895368","0.49879714258970315"
"1","adaptive","0.42","-0.34","20","20","20","0.05","0.05","0.08","0.8","2","50","5","250","150","150","4","0","20","0.5697325505057611"
"2","adaptive","0.42","0.28","20","20","20","0.05","0.05","0.08","0.8","2","50","5","250","176","176","4","26","21.078582414968064","0.49879714258970315"
"1","adaptive","0.42","-0.34","20","20","20","0.05","0.05","0.08","0.8","2","50","5","250","151","151","4","1","19.66","0.5697325505057611"
"2","adaptive","0.42","0.28","20","20","20","0.05","0.05","0.08","0.8","2","50","5","250","177","177","4","27","21.07869588703356","0.49879714258970315"
"1","adaptive","0.42","-0.34","20","20","20","0.05","0.05","0.08","0.8","2","50","5","250","152","152","4","2","19.41835780821222","0.5697325505057611"
"2","adaptive","0.42","0.28","20","20","20","0.05","0.05","0.08","0.8","2","50","5","250","178","178","4","28","21.078779913688127","0.49879714258970315"
"1","adaptive","0.42","-0.34","20","20","20","0.05","0.05","0.08","0.8","2","50","5","250","153","153","4","3","19.246619723353394","0.5697325505057611"
"2","adaptive","0.42","0.28","20","20","20","0.05","0.05","0.08","0.8","2","50","5","250","179","179","4","29","21.078842135862786","0.49879714258970315"
"1","adaptive","0.42","-0.34","20","20","20","0.05","0.05","0.08","0.8","2","50","5","250","154","154","4","4","19.12456334912186","0.5697325505057611"
"2","adaptive","0.42","0.28","20","20","20","0.05","0.05","0.08","0.8","2","50","5","250","180","180","4","30","21.07888821170668","0.49879714258970315"
"1","adaptive","0.42","-0.34","20","20","20","0.05","0.05","0.08","0.8","2","50","5","250","155","155","4","5","19.0378163791484","0.5697325505057611"
"2","adaptive","0.42","0.28","20","20","20","0.05","0.05","0.08","0.8","2","50","5","250","181","181","4","31","21.078922331108686","0.49879714258970315"
"1","adaptive","0.42","-0.34","20","20","20","0.05","0.05","0.08","0.8","2","50","5","250","156","156","4","6","18.976164238103294","0.5697325505057611"
"2","adaptive","0.42","0.28","20","20","20","0.05","0.05","0.08","0.8","2","50","5","250","182","182","4","32","21.078947596703294","0.49879714258970315"
"1","adaptive","0.42","-0.34","20","20","20","0.05","0.05","0.08","0.8","2","50","5","250","157","157","4","7","18.932347301366388","0.5697325505057611"
"2","adaptive","0.42","0.28","20","20","20","0.05","0.05","0.08","0.8","2","50","5","250","183","183","4","33","21.078966306007487","0.49879714258970315"
"1","adaptive","0.42","-0.34","20","20","20","0.05","0.05","0.08","0.8","2","50","5","250","158","158","4","8","18.90120606421776","0.5697325505057611"
"2","adaptive","0.42","0.28","20","20","20","0.05","0.05","0.08","0.8","2","50","5","250","184","184","4","34","21.078980160344532","0.49879714258970315"
"1","adaptive","0.42","-0.34","20","20","20","0.05","0.05","0.08","0.8","2","50","5","250","159","159","4","9","18.879073603042535","0.5697325505057611"
"2","adaptive","0.42","0.28","20","20","20","0.05","0.05","0.08","0.8","2","50","5","250","185","185","4","35","21.078990419553158","0.49879714258970315"
"1","adaptive","0.42","-0.34","20","20","20","0.05","0.05","0.08","0.8","2","50","5","250","160","160","4","10","18.863343790018888","0.5697325505057611"
"2","adaptive","0.42","0.28","20","20","20","0.05","0.05","0.08","0.8","2","50","5","250","186","186","4","36","21.078998016550493","0.49879714258970315"
"1","adaptive","0.42","-0.34","20","20","20","0.05","0.05","0.08","0.8","2","50","5","250","161","161","4","11","18.85216441797346","0.5697325505057611"
"2","adaptive","0.42","0.28","20","20","20","0.05","0.05","0.08","0.8","2","50","5","250","187","187","4","37","21.079003642166523","0.49879714258970315"
"1","adaptive","0.42","-0.34","20","20","20","0.05","0.05","0.08","0.8","2","50","5","250","162","162","4","12","18.844219100432667","0.5697325505057611"
"2","adaptive","0.42","0.28","20","20","20","0.05","0.05","0.08","0.8","2","50","5","250","188","188","4","38","21.079007807964448","0.49879714258970315"
"1","adaptive","0.42","-0.34","20","20","20","0.05","0.05","0.08","0.8","2","50","5","250","163","163","4","13","18.838572265300296","0.5697325505057611"
"2","adaptive","0.42","0.28","20","20","20","0.05","0.05","0.08","0.8","2","50","5","250","189","189","4","39","21.079010892759477","0.49879714258970315"
"1","adaptive","0.42","-0.34","20","20","20","0.05","0.05","0.08","0.8","2","50","5","250","164","164","4","14","18.834558989953088","0.5697325505057611"
"2","adaptive","0.42","0.28","20","20","20","0.05","0.05","0.08","0.8","2","50","5","250","190","190","4","40","21.079013177066237","0.49879714258970315"
"1","adaptive","0.42","-0.34","20","20","20","0.05","0.05","0.08","0.8","2","50","5","250","165","165","4","15","18.83170670568501","0.5697325505057611"
"2","adaptive","0.42","0.28","20","20","20","0.05","0.05","0.08","0.8","2","50","5","250","191","191","4","41","21.07901486860727","0.49879714258970315"
"1","adaptive","0.42","-0.34","20","20","20","0.05","0.05","0.08","0.8","2","50","5","250","166","166","4","16","18.82967955209048","0.5697325505057611"
"2","adaptive","0.42","0.28","20","20","20","0.05","0.05","0.08","0.8","2","50","5","250","192","192","4","42","21.0790161212022","0.49879714258970315"
"1","adaptive","0.42","-0.34","20","20","20","0.05","0.05","0.08","0.8","2","50","5","250","167","167","4","17","18.8282388290385","0.5697325505057611"
"2","adaptive","0.42","0.28","20","20","20","0.05","0.05","0.08","0.8","2","50","5","250","193","193","4","43","21.07901704875526","0.49879714258970315"
"1","adaptive","0.42","-0.34","20","20","20","0.05","0.05","0.08","0.8","2","50","5","250","168","168","4","18","18.82721488940309","0.5697325505057611"
"2","adaptive","0.42","0.28","20","20","20","0.05","0.05","0.08","0.8","2","50","5","250","194","194","4","44","21.079017735613128","0.49879714258970315"
"1","adaptive","0.42","-0.34","20","20","20","0.05","0.05","0.08","0.8","2","50","5","250","169","169","4","19","18.82648716288027","0.5697325505057611"
"2","adaptive","0.42","0.28","20","20","20","0.05","0.05","0.08","0.8","2","50","5","250","195","195","4","45","21.07901824423495","0.49879714258970315"
"1","adaptive","0.42","-0.34","20","20","20","0.05","0.05","0.08","0.8","2","50","5","250","170","170","4","20","18.825969958668516","0.5697325505057611"
"2","adaptive","0.42","0.28","20","20","20","0.05","0.05","0.08","0.8","2","50","5","250","196","196","4","46","21.079018620872052","0.49879714258970315"
"1","adaptive","0.42","-0.34","20","20","20","0.05","0.05","0.08","0.8","2","50","5","250","171","171","4","21","18.825602375258722","0.5697325505057611"
"2","adaptive","0.42","0.28","20","20","20","0.05","0.05","0.08","0.8","2","50","5","250","197","197","4","47","21.079018899773786","0.49879714258970315"
"2","adaptive","0.42","0.28","20","20","20","0.05","0.05","0.08","0.8","2","50","5","250","198","198","4","48","21.07901910630197","0.49879714258970315"
"1","adaptive","0.42","-0.34","20","20","20","0.05","0.05","0.08","0.8","2","50","5","250","172","172","4","22","18.825341129197522","0.5697325505057611"
"2","adaptive","0.42","0.28","20","20","20","0.05","0.05","0.08","0.8","2","50","5","250","199","199","4","49","21.079019259237164","0.49879714258970315"
"1","adaptive","0.42","-0.34","20","20","20","0.05","0.05","0.08","0.8","2","50","5","250","173","173","4","23","18.82515545840098","0.5697325505057611"
"2","adaptive","0.42","0.28","20","20","20","0.05","0.05","0.08","0.8","2","50","5","250","200","200","5","0","20","0.5801921026389437"
"1","adaptive","0.42","-0.34","20","20","20","0.05","0.05","0.08","0.8","2","50","5","250","174","174","4","24","18.825023499876785","0.5697325505057611"
"2","adaptive","0.42","0.28","20","20","20","0.05","0.05","0.08","0.8","2","50","5","250","201","201","5","1","20.28","0.5801921026389437"
"1","adaptive","0.42","-0.34","20","20","20","0.05","0.05","0.08","0.8","2","50","5","250","175","175","4","25","18.82492971532675","0.5697325505057611"
"1","adaptive","0.42","-0.34","20","20","20","0.05","0.05","0.08","0.8","2","50","5","250","176","176","4","26","18.824863061490788","0.5697325505057611"
"2","adaptive","0.42","0.28","20","20","20","0.05","0.05","0.08","0.8","2","50","5","250","202","202","5","2","20.477769408729664","0.5801921026389437"
"1","adaptive","0.42","-0.34","20","20","20","0.05","0.05","0.08","0.8","2","50","5","250","177","177","4","27","18.824815689787812","0.5697325505057611"
"2","adaptive","0.42","0.28","20","20","20","0.05","0.05","0.08","0.8","2","50","5","250","203","203","5","3","20.617457762405664","0.5801921026389437"
"1","adaptive","0.42","-0.34","20","20","20","0.05","0.05","0.08","0.8","2","50","5","250","178","178","4","28","18.824782022134467","0.5697325505057611"
"2","adaptive","0.42","0.28","20","20","20","0.05","0.05","0.08","0.8","2","50","5","250","204","204","5","4","20.716122344951813","0.5801921026389437"
"1","adaptive","0.42","-0.34","20","20","20","0.05","0.05","0.08","0.8","2","50","5","250","179","179","4","29","18.824758094118156","0.5697325505057611"
"2","adaptive","0.42","0.28","20","20","20","0.05","0.05","0.08","0.8","2","50","5","250","205","205","5","5","20.785811045497205","0.5801921026389437"
"1","adaptive","0.42","-0.34","20","20","20","0.05","0.05","0.08","0.8","2","50","5","250","180","180","4","30","18.82474108818196","0.5697325505057611"
"2","adaptive","0.42","0.28","20","20","20","0.05","0.05","0.08","0.8","2","50","5","250","206","206","5","6","20.835033520861497","0.5801921026389437"
"1","adaptive","0.42","-0.34","20","20","20","0.05","0.05","0.08","0.8","2","50","5","250","181","181","4","31","18.824729001853445","0.5697325505057611"
"2","adaptive","0.42","0.28","20","20","20","0.05","0.05","0.08","0.8","2","50","5","250","207","207","5","7","20.86980030603652","0.5801921026389437"
"1","adaptive","0.42","-0.34","20","20","20","0.05","0.05","0.08","0.8","2","50","5","250","182","182","4","32","18.82472041195076","0.5697325505057611"
"2","adaptive","0.42","0.28","20","20","20","0.05","0.05","0.08","0.8","2","50","5","250","208","208","5","8","20.894356757991858","0.5801921026389437"
"1","adaptive","0.42","-0.34","20","20","20","0.05","0.05","0.08","0.8","2","50","5","250","183","183","4","33","18.824714307001017","0.5697325505057611"
"2","adaptive","0.42","0.28","20","20","20","0.05","0.05","0.08","0.8","2","50","5","250","209","209","5","9","20.911701454362234","0.5801921026389437"
"1","adaptive","0.42","-0.34","20","20","20","0.05","0.05","0.08","0.8","2","50","5","250","184","184","4","34","18.824709968137967","0.5697325505057611"
"2","adaptive","0.42","0.28","20","20","20","0.05","0.05","0.08","0.8","2","50","5","250","210","210","5","10","20.923952348454254","0.5801921026389437"
"2","adaptive","0.42","0.28","20","20","20","0.05","0.05","0.08","0.8","2","50","5","250","211","211","5","11","20.93260539160064","0.5801921026389437"
"1","adaptive","0.42","-0.34","20","20","20","0.05","0.05","0.08","0.8","2","50","5","250","185","185","4","35","18.824706884454507","0.5697325505057611"
"2","adaptive","0.42","0.28","20","20","20","0.05","0.05","0.08","0.8","2","50","5","250","212","212","5","12","20.938717203124828","0.5801921026389437"
"1","adaptive","0.42","-0.34","20","20","20","0.05","0.05","0.08","0.8","2","50","5","250","186","186","4","36","18.82470469284265","0.5697325505057611"
"2","adaptive","0.42","0.28","20","20","20","0.05","0.05","0.08","0.8","2","50","5","250","213","213","5","13","20.943034093665563","0.5801921026389437"
"1","adaptive","0.42","-0.34","20","20","20","0.05","0.05","0.08","0.8","2","50","5","250","187","187","4","37","18.824703135237087","0.5697325505057611"
"2","adaptive","0.42","0.28","20","20","20","0.05","0.05","0.08","0.8","2","50","5","250","214","214","5","14","20.946083196843393","0.5801921026389437"
"1","adaptive","0.42","-0.34","20","20","20","0.05","0.05","0.08","0.8","2","50","5","250","188","188","4","38","18.824702028227605","0.5697325505057611"
"2","adaptive","0.42","0.28","20","20","20","0.05","0.05","0.08","0.8","2","50","5","250","215","215","5","15","20.94823683731709","0.5801921026389437"
"1","adaptive","0.42","-0.34","20","20","20","0.05","0.05","0.08","0.8","2","50","5","250","189","189","4","39","18.82470124146232","0.5697325505057611"
"1","adaptive","0.42","-0.34","20","20","20","0.05","0.05","0.08","0.8","2","50","5","250","190","190","4","40","18.824700682298534","0.5697325505057611"
"2","adaptive","0.42","0.28","20","20","20","0.05","0.05","0.08","0.8","2","50","5","250","216","216","5","16","20.9497579951853","0.5801921026389437"
"1","adaptive","0.42","-0.34","20","20","20","0.05","0.05","0.08","0.8","2","50","5","250","191","191","4","41","18.82470028489394","0.5697325505057611"
"2","adaptive","0.42","0.28","20","20","20","0.05","0.05","0.08","0.8","2","50","5","250","217","217","5","17","20.95083241837166","0.5801921026389437"
"1","adaptive","0.42","-0.34","20","20","20","0.05","0.05","0.08","0.8","2","50","5","250","192","192","4","42","18.824700002453593","0.5697325505057611"
"2","adaptive","0.42","0.28","20","20","20","0.05","0.05","0.08","0.8","2","50","5","250","218","218","5","18","20.951591304222703","0.5801921026389437"
"1","adaptive","0.42","-0.34","20","20","20","0.05","0.05","0.08","0.8","2","50","5","250","193","193","4","43","18.824699801719753","0.5697325505057611"
"2","adaptive","0.42","0.28","20","20","20","0.05","0.05","0.08","0.8","2","50","5","250","219","219","5","19","20.95212731995861","0.5801921026389437"
"1","adaptive","0.42","-0.34","20","20","20","0.05","0.05","0.08","0.8","2","50","5","250","194","194","4","44","18.82469965905574","0.5697325505057611"
"2","adaptive","0.42","0.28","20","20","20","0.05","0.05","0.08","0.8","2","50","5","250","220","220","5","20","20.95250591822704","0.5801921026389437"
"1","adaptive","0.42","-0.34","20","20","20","0.05","0.05","0.08","0.8","2","50","5","250","195","195","4","45","18.82469955766267","0.5697325505057611"
"2","adaptive","0.42","0.28","20","20","20","0.05","0.05","0.08","0.8","2","50","5","250","221","221","5","21","20.952773329497372","0.5801921026389437"
"1","adaptive","0.42","-0.34","20","20","20","0.05","0.05","0.08","0.8","2","50","5","250","196","196","4","46","18.82469948560136","0.5697325505057611"
"2","adaptive","0.42","0.28","20","20","20","0.05","0.05","0.08","0.8","2","50","5","250","222","222","5","22","20.952962207243164","0.5801921026389437"
"2","adaptive","0.42","0.28","20","20","20","0.05","0.05","0.08","0.8","2","50","5","250","223","223","5","23","20.953095615243548","0.5801921026389437"
"1","adaptive","0.42","-0.34","20","20","20","0.05","0.05","0.08","0.8","2","50","5","250","197","197","4","47","18.824699434386503","0.5697325505057611"
"1","adaptive","0.42","-0.34","20","20","20","0.05","0.05","0.08","0.8","2","50","5","250","198","198","4","48","18.82469939798747","0.5697325505057611"
"2","adaptive","0.42","0.28","20","20","20","0.05","0.05","0.08","0.8","2","50","5","250","224","224","5","24","20.953189843891245","0.5801921026389437"
"3","adaptive","0.63","-0.34","20","20","20","0.05","0.05","0.08","0.8","2","50","5","250","37","37","1","37","16.007797668713263","0.05"
"1","adaptive","0.42","-0.34","20","20","20","0.05","0.05","0.08","0.8","2","50","5","250","199","199","4","49","18.82469937211823","0.5697325505057611"
"2","adaptive","0.42","0.28","20","20","20","0.05","0.05","0.08","0.8","2","50","5","250","225","225","5","25","20.95325639940532","0.5801921026389437"
"3","adaptive","0.63","-0.34","20","20","20","0.05","0.05","0.08","0.8","2","50","5","250","38","38","1","38","15.993162158713133","0.05"
"1","adaptive","0.42","-0.34","20","20","20","0.05","0.05","0.08","0.8","2","50","5","250","200","200","5","0","20","0.6591367025619821"
"2","adaptive","0.42","0.28","20","20","20","0.05","0.05","0.08","0.8","2","50","5","250","226","226","5","26","20.95330340885055","0.5801921026389437"
"3","adaptive","0.63","-0.34","20","20","20","0.05","0.05","0.08","0.8","2","50","5","250","39","39","1","39","15.979719442778013","0.05"
"1","adaptive","0.42","-0.34","20","20","20","0.05","0.05","0.08","0.8","2","50","5","250","201","201","5","1","19.66","0.6591367025619821"
"3","adaptive","0.63","-0.34","20","20","20","0.05","0.05","0.08","0.8","2","50","5","250","40","40","1","40","15.967372308191603","0.05"
"2","adaptive","0.42","0.28","20","20","20","0.05","0.05","0.08","0.8","2","50","5","250","227","227","5","27","20.953336612529796","0.5801921026389437"
"1","adaptive","0.42","-0.34","20","20","20","0.05","0.05","0.08","0.8","2","50","5","250","202","202","5","2","19.43112472112585","0.6591367025619821"
"3","adaptive","0.63","-0.34","20","20","20","0.05","0.05","0.08","0.8","2","50","5","250","41","41","1","41","15.956031465073988","0.05"
"2","adaptive","0.42","0.28","20","20","20","0.05","0.05","0.08","0.8","2","50","5","250","228","228","5","28","20.95336006492984","0.5801921026389437"
"3","adaptive","0.63","-0.34","20","20","20","0.05","0.05","0.08","0.8","2","50","5","250","42","42","1","42","15.945614900670456","0.05"
"1","adaptive","0.42","-0.34","20","20","20","0.05","0.05","0.08","0.8","2","50","5","250","203","203","5","3","19.277054446773732","0.6591367025619821"
"2","adaptive","0.42","0.28","20","20","20","0.05","0.05","0.08","0.8","2","50","5","250","229","229","5","29","20.953376629813018","0.5801921026389437"
"1","adaptive","0.42","-0.34","20","20","20","0.05","0.05","0.08","0.8","2","50","5","250","204","204","5","4","19.17334010263092","0.6591367025619821"
"3","adaptive","0.63","-0.34","20","20","20","0.05","0.05","0.08","0.8","2","50","5","250","43","43","1","43","15.936047286265815","0.05"
"2","adaptive","0.42","0.28","20","20","20","0.05","0.05","0.08","0.8","2","50","5","250","230","230","5","30","20.95338832990999","0.5801921026389437"
"1","adaptive","0.42","-0.34","20","20","20","0.05","0.05","0.08","0.8","2","50","5","250","205","205","5","5","19.10352348663405","0.6591367025619821"
"2","adaptive","0.42","0.28","20","20","20","0.05","0.05","0.08","0.8","2","50","5","250","231","231","5","31","20.95339659391449","0.5801921026389437"
"3","adaptive","0.63","-0.34","20","20","20","0.05","0.05","0.08","0.8","2","50","5","250","44","44","1","44","15.92725943243515","0.05"
"1","adaptive","0.42","-0.34","20","20","20","0.05","0.05","0.08","0.8","2","50","5","250","206","206","5","6","19.056525552938954","0.6591367025619821"
"3","adaptive","0.63","-0.34","20","20","20","0.05","0.05","0.08","0.8","2","50","5","250","45","45","1","45","15.919187788691687","0.05"
"2","adaptive","0.42","0.28","20","20","20","0.05","0.05","0.08","0.8","2","50","5","250","232","232","5","32","20.953402430940503","0.5801921026389437"
"3","adaptive","0.63","-0.34","20","20","20","0.05","0.05","0.08","0.8","2","50","5","250","46","46","1","46","15.911773983913314","0.05"
"1","adaptive","0.42","-0.34","20","20","20","0.05","0.05","0.08","0.8","2","50","5","250","207","207","5","7","19.024888302406673","0.6591367025619821"
"2","adaptive","0.42","0.28","20","20","20","0.05","0.05","0.08","0.8","2","50","5","250","233","233","5","33","20.95340655374473","0.5801921026389437"
"3","adaptive","0.63","-0.34","20","20","20","0.05","0.05","0.08","0.8","2","50","5","250","47","47","1","47","15.90496440422438","0.05"
"1","adaptive","0.42","-0.34","20","20","20","0.05","0.05","0.08","0.8","2","50","5","250","208","208","5","8","19.003591289058477","0.6591367025619821"
"2","adaptive","0.42","0.28","20","20","20","0.05","0.05","0.08","0.8","2","50","5","250","234","234","5","34","20.953409465761","0.5801921026389437"
"8","adaptive","1.08","0.28","20","20","20","0.05","0.05","0.08","0.8","2","50","5","250","40","40","1","40","22.65900762751465","0.05"
"3","adaptive","0.63","-0.34","20","20","20","0.05","0.05","0.08","0.8","2","50","5","250","48","48","1","48","15.898709805280092","0.05"
"1","adaptive","0.42","-0.34","20","20","20","0.05","0.05","0.08","0.8","2","50","5","250","209","209","5","9","18.989254936501847","0.6591367025619821"
"2","adaptive","0.42","0.28","20","20","20","0.05","0.05","0.08","0.8","2","50","5","250","235","235","5","35","20.953411522574335","0.5801921026389437"
"8","adaptive","1.08","0.28","20","20","20","0.05","0.05","0.08","0.8","2","50","5","250","41","41","1","41","22.662470834253128","0.05"
"1","adaptive","0.42","-0.34","20","20","20","0.05","0.05","0.08","0.8","2","50","5","250","210","210","5","10","18.979604240356444","0.6591367025619821"
"3","adaptive","0.63","-0.34","20","20","20","0.05","0.05","0.08","0.8","2","50","5","250","49","49","1","49","15.892964956149761","0.05"
"2","adaptive","0.42","0.28","20","20","20","0.05","0.05","0.08","0.8","2","50","5","250","236","236","5","36","20.953412975341326","0.5801921026389437"
"1","adaptive","0.42","-0.34","20","20","20","0.05","0.05","0.08","0.8","2","50","5","250","211","211","5","11","18.973107752792888","0.6591367025619821"
"8","adaptive","1.08","0.28","20","20","20","0.05","0.05","0.08","0.8","2","50","5","250","42","42","1","42","22.665573867490803","0.05"
"3","adaptive","0.63","-0.34","20","20","20","0.05","0.05","0.08","0.8","2","50","5","250","50","50","2","0","20","0.30958953059685546"
"2","adaptive","0.42","0.28","20","20","20","0.05","0.05","0.08","0.8","2","50","5","250","237","237","5","37","20.953414001458714","0.5801921026389437"
"1","adaptive","0.42","-0.34","20","20","20","0.05","0.05","0.08","0.8","2","50","5","250","212","212","5","12","18.96873456043168","0.6591367025619821"
"8","adaptive","1.08","0.28","20","20","20","0.05","0.05","0.08","0.8","2","50","5","250","43","43","1","43","22.668354185271763","0.05"
"3","adaptive","0.63","-0.34","20","20","20","0.05","0.05","0.08","0.8","2","50","5","250","51","51","2","1","19.66","0.30958953059685546"
"2","adaptive","0.42","0.28","20","20","20","0.05","0.05","0.08","0.8","2","50","5","250","238","238","5","38","20.95341472622525","0.5801921026389437"
"8","adaptive","1.08","0.28","20","20","20","0.05","0.05","0.08","0.8","2","50","5","250","44","44","1","44","22.6708453500035","0.05"
"2","adaptive","0.42","0.28","20","20","20","0.05","0.05","0.08","0.8","2","50","5","250","239","239","5","39","20.953415238141854","0.5801921026389437"
"3","adaptive","0.63","-0.34","20","20","20","0.05","0.05","0.08","0.8","2","50","5","250","52","52","2","2","19.403314077453846","0.30958953059685546"
"8","adaptive","1.08","0.28","20","20","20","0.05","0.05","0.08","0.8","2","50","5","250","45","45","1","45","22.673077433603137","0.05"
"3","adaptive","0.63","-0.34","20","20","20","0.05","0.05","0.08","0.8","2","50","5","250","53","53","2","3","19.20952683382629","0.30958953059685546"
"2","adaptive","0.42","0.28","20","20","20","0.05","0.05","0.08","0.8","2","50","5","250","240","240","5","40","20.95341559971844","0.5801921026389437"
"8","adaptive","1.08","0.28","20","20","20","0.05","0.05","0.08","0.8","2","50","5","250","46","46","1","46","22.675077380508412","0.05"
"2","adaptive","0.42","0.28","20","20","20","0.05","0.05","0.08","0.8","2","50","5","250","241","241","5","41","20.953415855106968","0.5801921026389437"
"3","adaptive","0.63","-0.34","20","20","20","0.05","0.05","0.08","0.8","2","50","5","250","54","54","2","4","19.063225488508007","0.30958953059685546"
"8","adaptive","1.08","0.28","20","20","20","0.05","0.05","0.08","0.8","2","50","5","250","47","47","1","47","22.67686933293554","0.05"
"2","adaptive","0.42","0.28","20","20","20","0.05","0.05","0.08","0.8","2","50","5","250","242","242","5","42","20.95341603549282","0.5801921026389437"
"3","adaptive","0.63","-0.34","20","20","20","0.05","0.05","0.08","0.8","2","50","5","250","55","55","2","5","18.952774030293984","0.30958953059685546"
"8","adaptive","1.08","0.28","20","20","20","0.05","0.05","0.08","0.8","2","50","5","250","48","48","1","48","22.678474922310244","0.05"
"2","adaptive","0.42","0.28","20","20","20","0.05","0.05","0.08","0.8","2","50","5","250","243","243","5","43","20.95341616290283","0.5801921026389437"
"3","adaptive","0.63","-0.34","20","20","20","0.05","0.05","0.08","0.8","2","50","5","250","56","56","2","6","18.869387752505062","0.30958953059685546"
"8","adaptive","1.08","0.28","20","20","20","0.05","0.05","0.08","0.8","2","50","5","250","49","49","1","49","22.679913530389978","0.05"
"3","adaptive","0.63","-0.34","20","20","20","0.05","0.05","0.08","0.8","2","50","5","250","57","57","2","7","18.80643456532289","0.30958953059685546"
"2","adaptive","0.42","0.28","20","20","20","0.05","0.05","0.08","0.8","2","50","5","250","244","244","5","44","20.95341625289498","0.5801921026389437"
"8","adaptive","1.08","0.28","20","20","20","0.05","0.05","0.08","0.8","2","50","5","250","50","50","2","0","20","0.22842526983363842"
"2","adaptive","0.42","0.28","20","20","20","0.05","0.05","0.08","0.8","2","50","5","250","245","245","5","45","20.95341631645817","0.5801921026389437"
"3","adaptive","0.63","-0.34","20","20","20","0.05","0.05","0.08","0.8","2","50","5","250","58","58","2","8","18.758907515531483","0.30958953059685546"
"8","adaptive","1.08","0.28","20","20","20","0.05","0.05","0.08","0.8","2","50","5","250","51","51","2","1","20.28","0.22842526983363842"
"2","adaptive","0.42","0.28","20","20","20","0.05","0.05","0.08","0.8","2","50","5","250","246","246","5","46","20.953416361354083","0.5801921026389437"
"3","adaptive","0.63","-0.34","20","20","20","0.05","0.05","0.08","0.8","2","50","5","250","59","59","2","9","18.72302656076206","0.30958953059685546"
"8","adaptive","1.08","0.28","20","20","20","0.05","0.05","0.08","0.8","2","50","5","250","52","52","2","2","20.476924198402312","0.22842526983363842"
"2","adaptive","0.42","0.28","20","20","20","0.05","0.05","0.08","0.8","2","50","5","250","247","247","5","47","20.953416393064934","0.5801921026389437"
"3","adaptive","0.63","-0.34","20","20","20","0.05","0.05","0.08","0.8","2","50","5","250","60","60","2","10","18.695937925536104","0.30958953059685546"
"8","adaptive","1.08","0.28","20","20","20","0.05","0.05","0.08","0.8","2","50","5","250","53","53","2","3","20.615421126675137","0.22842526983363842"
"2","adaptive","0.42","0.28","20","20","20","0.05","0.05","0.08","0.8","2","50","5","250","248","248","5","48","20.953416415462918","0.5801921026389437"
"3","adaptive","0.63","-0.34","20","20","20","0.05","0.05","0.08","0.8","2","50","5","250","61","61","2","11","18.675487127525837","0.30958953059685546"
"8","adaptive","1.08","0.28","20","20","20","0.05","0.05","0.08","0.8","2","50","5","250","54","54","2","4","20.712826114465525","0.22842526983363842"
"2","adaptive","0.42","0.28","20","20","20","0.05","0.05","0.08","0.8","2","50","5","250","249","249","5","49","20.95341643128305","0.5801921026389437"
"3","adaptive","0.63","-0.34","20","20","20","0.05","0.05","0.08","0.8","2","50","5","250","62","62","2","12","18.660047621778567","0.30958953059685546"
"2","adaptive","0.42","0.28","20","20","20","0.05","0.05","0.08","0.8","2","50","5","250","250","250","5","50","20.95341644245711","0.6527965839884156"
"8","adaptive","1.08","0.28","20","20","20","0.05","0.05","0.08","0.8","2","50","5","250","55","55","2","5","20.781331111397698","0.22842526983363842"
"3","adaptive","0.63","-0.34","20","20","20","0.05","0.05","0.08","0.8","2","50","5","250","63","63","2","13","18.64839143420094","0.30958953059685546"
"8","adaptive","1.08","0.28","20","20","20","0.05","0.05","0.08","0.8","2","50","5","250","56","56","2","6","20.82951072428134","0.22842526983363842"
"3","adaptive","0.63","-0.34","20","20","20","0.05","0.05","0.08","0.8","2","50","5","250","64","64","2","14","18.639591495195837","0.30958953059685546"
"8","adaptive","1.08","0.28","20","20","20","0.05","0.05","0.08","0.8","2","50","5","250","57","57","2","7","20.863395480161508","0.22842526983363842"
"3","adaptive","0.63","-0.34","20","20","20","0.05","0.05","0.08","0.8","2","50","5","250","65","65","2","15","18.632947905602087","0.30958953059685546"
"8","adaptive","1.08","0.28","20","20","20","0.05","0.05","0.08","0.8","2","50","5","250","58","58","2","8","20.887226652982076","0.22842526983363842"
"3","adaptive","0.63","-0.34","20","20","20","0.05","0.05","0.08","0.8","2","50","5","250","66","66","2","16","18.627932270531822","0.30958953059685546"
"8","adaptive","1.08","0.28","20","20","20","0.05","0.05","0.08","0.8","2","50","5","250","59","59","2","9","20.903987133713066","0.22842526983363842"
"3","adaptive","0.63","-0.34","20","20","20","0.05","0.05","0.08","0.8","2","50","5","250","67","67","2","17","18.624145673722513","0.30958953059685546"
"8","adaptive","1.08","0.28","20","20","20","0.05","0.05","0.08","0.8","2","50","5","250","60","60","2","10","20.915774791687305","0.22842526983363842"
"3","adaptive","0.63","-0.34","20","20","20","0.05","0.05","0.08","0.8","2","50","5","250","68","68","2","18","18.621286949912786","0.30958953059685546"
"8","adaptive","1.08","0.28","20","20","20","0.05","0.05","0.08","0.8","2","50","5","250","61","61","2","11","20.92406505989308","0.22842526983363842"
"3","adaptive","0.63","-0.34","20","20","20","0.05","0.05","0.08","0.8","2","50","5","250","69","69","2","19","18.61912873179983","0.30958953059685546"
"8","adaptive","1.08","0.28","20","20","20","0.05","0.05","0.08","0.8","2","50","5","250","62","62","2","12","20.92989561139652","0.22842526983363842"
"3","adaptive","0.63","-0.34","20","20","20","0.05","0.05","0.08","0.8","2","50","5","250","70","70","2","20","18.617499366484008","0.30958953059685546"
"8","adaptive","1.08","0.28","20","20","20","0.05","0.05","0.08","0.8","2","50","5","250","63","63","2","13","20.9339962424003","0.22842526983363842"
"3","adaptive","0.63","-0.34","20","20","20","0.05","0.05","0.08","0.8","2","50","5","250","71","71","2","21","18.61626926313325","0.30958953059685546"
"8","adaptive","1.08","0.28","20","20","20","0.05","0.05","0.08","0.8","2","50","5","250","64","64","2","14","20.936880219090884","0.22842526983363842"
"3","adaptive","0.63","-0.34","20","20","20","0.05","0.05","0.08","0.8","2","50","5","250","72","72","2","22","18.615340586034968","0.30958953059685546"
"8","adaptive","1.08","0.28","20","20","20","0.05","0.05","0.08","0.8","2","50","5","250","65","65","2","15","20.9389085219409","0.22842526983363842"
"3","adaptive","0.63","-0.34","20","20","20","0.05","0.05","0.08","0.8","2","50","5","250","73","73","2","23","18.61463947327697","0.30958953059685546"
"8","adaptive","1.08","0.28","20","20","20","0.05","0.05","0.08","0.8","2","50","5","250","66","66","2","16","20.940335028772523","0.22842526983363842"
"3","adaptive","0.63","-0.34","20","20","20","0.05","0.05","0.08","0.8","2","50","5","250","74","74","2","24","18.614110162173745","0.30958953059685546"
"8","adaptive","1.08","0.28","20","20","20","0.05","0.05","0.08","0.8","2","50","5","250","67","67","2","17","20.941338292038","0.22842526983363842"
"3","adaptive","0.63","-0.34","20","20","20","0.05","0.05","0.08","0.8","2","50","5","250","75","75","2","25","18.613710554206556","0.30958953059685546"
"8","adaptive","1.08","0.28","20","20","20","0.05","0.05","0.08","0.8","2","50","5","250","68","68","2","18","20.942043887803504","0.22842526983363842"
"3","adaptive","0.63","-0.34","20","20","20","0.05","0.05","0.08","0.8","2","50","5","250","76","76","2","26","18.613408866736805","0.30958953059685546"
"8","adaptive","1.08","0.28","20","20","20","0.05","0.05","0.08","0.8","2","50","5","250","69","69","2","19","20.942540133805355","0.22842526983363842"
"3","adaptive","0.63","-0.34","20","20","20","0.05","0.05","0.08","0.8","2","50","5","250","77","77","2","27","18.613181105188296","0.30958953059685546"
"8","adaptive","1.08","0.28","20","20","20","0.05","0.05","0.08","0.8","2","50","5","250","70","70","2","20","20.942889143970085","0.22842526983363842"
"3","adaptive","0.63","-0.34","20","20","20","0.05","0.05","0.08","0.8","2","50","5","250","78","78","2","28","18.613009154649472","0.30958953059685546"
"8","adaptive","1.08","0.28","20","20","20","0.05","0.05","0.08","0.8","2","50","5","250","71","71","2","21","20.943134603066238","0.22842526983363842"
"3","adaptive","0.63","-0.34","20","20","20","0.05","0.05","0.08","0.8","2","50","5","250","79","79","2","29","18.612879339112148","0.30958953059685546"
"8","adaptive","1.08","0.28","20","20","20","0.05","0.05","0.08","0.8","2","50","5","250","72","72","2","22","20.94330723462249","0.22842526983363842"
"3","adaptive","0.63","-0.34","20","20","20","0.05","0.05","0.08","0.8","2","50","5","250","80","80","2","30","18.612781333756388","0.30958953059685546"
"8","adaptive","1.08","0.28","20","20","20","0.05","0.05","0.08","0.8","2","50","5","250","73","73","2","23","20.943428646518328","0.22842526983363842"
"3","adaptive","0.63","-0.34","20","20","20","0.05","0.05","0.08","0.8","2","50","5","250","81","81","2","31","18.612707343770627","0.30958953059685546"
"8","adaptive","1.08","0.28","20","20","20","0.05","0.05","0.08","0.8","2","50","5","250","74","74","2","24","20.9435140355907","0.22842526983363842"
"3","adaptive","0.63","-0.34","20","20","20","0.05","0.05","0.08","0.8","2","50","5","250","82","82","2","32","18.61265148439488","0.30958953059685546"
"8","adaptive","1.08","0.28","20","20","20","0.05","0.05","0.08","0.8","2","50","5","250","75","75","2","25","20.943574089785805","0.22842526983363842"
"3","adaptive","0.63","-0.34","20","20","20","0.05","0.05","0.08","0.8","2","50","5","250","83","83","2","33","18.612609312879012","0.30958953059685546"
"8","adaptive","1.08","0.28","20","20","20","0.05","0.05","0.08","0.8","2","50","5","250","76","76","2","26","20.943616325943776","0.22842526983363842"
"3","adaptive","0.63","-0.34","20","20","20","0.05","0.05","0.08","0.8","2","50","5","250","84","84","2","34","18.61257747513061","0.30958953059685546"
"8","adaptive","1.08","0.28","20","20","20","0.05","0.05","0.08","0.8","2","50","5","250","77","77","2","27","20.943646030663604","0.22842526983363842"
"3","adaptive","0.63","-0.34","20","20","20","0.05","0.05","0.08","0.8","2","50","5","250","85","85","2","35","18.612553438948787","0.30958953059685546"
"8","adaptive","1.08","0.28","20","20","20","0.05","0.05","0.08","0.8","2","50","5","250","78","78","2","28","20.943666922014106","0.22842526983363842"
"3","adaptive","0.63","-0.34","20","20","20","0.05","0.05","0.08","0.8","2","50","5","250","86","86","2","36","18.612535292626706","0.30958953059685546"
"8","adaptive","1.08","0.28","20","20","20","0.05","0.05","0.08","0.8","2","50","5","250","79","79","2","29","20.943681614915718","0.22842526983363842"
"3","adaptive","0.63","-0.34","20","20","20","0.05","0.05","0.08","0.8","2","50","5","250","87","87","2","37","18.612521592904876","0.30958953059685546"
"8","adaptive","1.08","0.28","20","20","20","0.05","0.05","0.08","0.8","2","50","5","250","80","80","2","30","20.94369194844383","0.22842526983363842"
"4","adaptive","0.63","0.28","20","20","20","0.05","0.05","0.08","0.8","2","50","5","250","62","62","2","12","21.225558821280032","0.26377961343270534"
"3","adaptive","0.63","-0.34","20","20","20","0.05","0.05","0.08","0.8","2","50","5","250","88","88","2","38","18.61251125018212","0.30958953059685546"
"8","adaptive","1.08","0.28","20","20","20","0.05","0.05","0.08","0.8","2","50","5","250","81","81","2","31","20.94369921602148","0.22842526983363842"
"4","adaptive","0.63","0.28","20","20","20","0.05","0.05","0.08","0.8","2","50","5","250","63","63","2","13","21.24061609798277","0.26377961343270534"
"3","adaptive","0.63","-0.34","20","20","20","0.05","0.05","0.08","0.8","2","50","5","250","89","89","2","39","18.61250344185467","0.30958953059685546"
"8","adaptive","1.08","0.28","20","20","20","0.05","0.05","0.08","0.8","2","50","5","250","82","82","2","32","20.943704327313984","0.22842526983363842"
"4","adaptive","0.63","0.28","20","20","20","0.05","0.05","0.08","0.8","2","50","5","250","64","64","2","14","21.25241827519473","0.26377961343270534"
"3","adaptive","0.63","-0.34","20","20","20","0.05","0.05","0.08","0.8","2","50","5","250","90","90","2","40","18.612497546890747","0.30958953059685546"
"8","adaptive","1.08","0.28","20","20","20","0.05","0.05","0.08","0.8","2","50","5","250","83","83","2","33","20.94370792208963","0.22842526983363842"
"4","adaptive","0.63","0.28","20","20","20","0.05","0.05","0.08","0.8","2","50","5","250","65","65","2","15","21.261669044088233","0.26377961343270534"
"3","adaptive","0.63","-0.34","20","20","20","0.05","0.05","0.08","0.8","2","50","5","250","91","91","2","41","18.61249309643706","0.30958953059685546"
"8","adaptive","1.08","0.28","20","20","20","0.05","0.05","0.08","0.8","2","50","5","250","84","84","2","34","20.943710450297885","0.22842526983363842"
"4","adaptive","0.63","0.28","20","20","20","0.05","0.05","0.08","0.8","2","50","5","250","66","66","2","16","21.268919971064168","0.26377961343270534"
"3","adaptive","0.63","-0.34","20","20","20","0.05","0.05","0.08","0.8","2","50","5","250","92","92","2","42","18.612489736528794","0.30958953059685546"
"8","adaptive","1.08","0.28","20","20","20","0.05","0.05","0.08","0.8","2","50","5","250","85","85","2","35","20.943712228388545","0.22842526983363842"
"4","adaptive","0.63","0.28","20","20","20","0.05","0.05","0.08","0.8","2","50","5","250","67","67","2","17","21.27460338426102","0.26377961343270534"
"3","adaptive","0.63","-0.34","20","20","20","0.05","0.05","0.08","0.8","2","50","5","250","93","93","2","43","18.612487199937167","0.30958953059685546"
"8","adaptive","1.08","0.28","20","20","20","0.05","0.05","0.08","0.8","2","50","5","250","86","86","2","36","20.943713478920966","0.22842526983363842"
"4","adaptive","0.63","0.28","20","20","20","0.05","0.05","0.08","0.8","2","50","5","250","68","68","2","18","21.279058150620322","0.26377961343270534"
"3","adaptive","0.63","-0.34","20","20","20","0.05","0.05","0.08","0.8","2","50","5","250","94","94","2","44","18.612485284915515","0.30958953059685546"
"8","adaptive","1.08","0.28","20","20","20","0.05","0.05","0.08","0.8","2","50","5","250","87","87","2","37","20.9437143584213","0.22842526983363842"
"4","adaptive","0.63","0.28","20","20","20","0.05","0.05","0.08","0.8","2","50","5","250","69","69","2","19","21.2825498804363","0.26377961343270534"
"3","adaptive","0.63","-0.34","20","20","20","0.05","0.05","0.08","0.8","2","50","5","250","95","95","2","45","18.61248383915346","0.30958953059685546"
"8","adaptive","1.08","0.28","20","20","20","0.05","0.05","0.08","0.8","2","50","5","250","88","88","2","38","20.943714976974512","0.22842526983363842"
"4","adaptive","0.63","0.28","20","20","20","0.05","0.05","0.08","0.8","2","50","5","250","70","70","2","20","21.285286764062608","0.26377961343270534"
"3","adaptive","0.63","-0.34","20","20","20","0.05","0.05","0.08","0.8","2","50","5","250","96","96","2","46","18.612482747662966","0.30958953059685546"
"4","adaptive","0.63","0.28","20","20","20","0.05","0.05","0.08","0.8","2","50","5","250","71","71","2","21","21.287431985021474","0.26377961343270534"
"8","adaptive","1.08","0.28","20","20","20","0.05","0.05","0.08","0.8","2","50","5","250","89","89","2","39","20.94371541200342","0.22842526983363842"
"3","adaptive","0.63","-0.34","20","20","20","0.05","0.05","0.08","0.8","2","50","5","250","97","97","2","47","18.612481923632835","0.30958953059685546"
"4","adaptive","0.63","0.28","20","20","20","0.05","0.05","0.08","0.8","2","50","5","250","72","72","2","22","21.289113449632584","0.26377961343270534"
"8","adaptive","1.08","0.28","20","20","20","0.05","0.05","0.08","0.8","2","50","5","250","90","90","2","40","20.94371571795956","0.22842526983363842"
"3","adaptive","0.63","-0.34","20","20","20","0.05","0.05","0.08","0.8","2","50","5","250","98","98","2","48","18.612481301524205","0.30958953059685546"
"4","adaptive","0.63","0.28","20","20","20","0.05","0.05","0.08","0.8","2","50","5","250","73","73","2","23","21.290431413279517","0.26377961343270534"
"8","adaptive","1.08","0.28","20","20","20","0.05","0.05","0.08","0.8","2","50","5","250","91","91","2","41","20.943715933138733","0.22842526983363842"
"3","adaptive","0.63","-0.34","20","20","20","0.05","0.05","0.08","0.8","2","50","5","250","99","99","2","49","18.61248083185795","0.30958953059685546"
"4","adaptive","0.63","0.28","20","20","20","0.05","0.05","0.08","0.8","2","50","5","250","74","74","2","24","21.29146445802108","0.26377961343270534"
"8","adaptive","1.08","0.28","20","20","20","0.05","0.05","0.08","0.8","2","50","5","250","92","92","2","42","20.943716084474396","0.22842526983363842"
"3","adaptive","0.63","-0.34","20","20","20","0.05","0.05","0.08","0.8","2","50","5","250","100","100","3","0","20","0.41375139014361556"
"4","adaptive","0.63","0.28","20","20","20","0.05","0.05","0.08","0.8","2","50","5","250","75","75","2","25","21.292274177955733","0.26377961343270534"
"8","adaptive","1.08","0.28","20","20","20","0.05","0.05","0.08","0.8","2","50","5","250","93","93","2","43","20.943716190908876","0.22842526983363842"
"3","adaptive","0.63","-0.34","20","20","20","0.05","0.05","0.08","0.8","2","50","5","250","101","101","3","1","19.66","0.41375139014361556"
"4","adaptive","0.63","0.28","20","20","20","0.05","0.05","0.08","0.8","2","50","5","250","76","76","2","26","21.2929088516985","0.26377961343270534"
"8","adaptive","1.08","0.28","20","20","20","0.05","0.05","0.08","0.8","2","50","5","250","94","94","2","44","20.943716265764323","0.22842526983363842"
"3","adaptive","0.63","-0.34","20","20","20","0.05","0.05","0.08","0.8","2","50","5","250","102","102","3","2","19.425625547768764","0.41375139014361556"
"4","adaptive","0.63","0.28","20","20","20","0.05","0.05","0.08","0.8","2","50","5","250","77","77","2","27","21.29340632093758","0.26377961343270534"
"8","adaptive","1.08","0.28","20","20","20","0.05","0.05","0.08","0.8","2","50","5","250","95","95","2","45","20.94371631841021","0.22842526983363842"
"3","adaptive","0.63","-0.34","20","20","20","0.05","0.05","0.08","0.8","2","50","5","250","103","103","3","3","19.264062654066727","0.41375139014361556"
"4","adaptive","0.63","0.28","20","20","20","0.05","0.05","0.08","0.8","2","50","5","250","78","78","2","28","21.293796246701255","0.26377961343270534"
"8","adaptive","1.08","0.28","20","20","20","0.05","0.05","0.08","0.8","2","50","5","250","96","96","2","46","20.9437163554361","0.22842526983363842"
"3","adaptive","0.63","-0.34","20","20","20","0.05","0.05","0.08","0.8","2","50","5","250","104","104","3","4","19.152691434324645","0.41375139014361556"
"4","adaptive","0.63","0.28","20","20","20","0.05","0.05","0.08","0.8","2","50","5","250","79","79","2","29","21.294101877862403","0.26377961343270534"
"8","adaptive","1.08","0.28","20","20","20","0.05","0.05","0.08","0.8","2","50","5","250","97","97","2","47","20.943716381476435","0.22842526983363842"
"3","adaptive","0.63","-0.34","20","20","20","0.05","0.05","0.08","0.8","2","50","5","250","105","105","3","5","19.075919173673537","0.41375139014361556"
"4","adaptive","0.63","0.28","20","20","20","0.05","0.05","0.08","0.8","2","50","5","250","80","80","2","30","21.29434143732568","0.26377961343270534"
"8","adaptive","1.08","0.28","20","20","20","0.05","0.05","0.08","0.8","2","50","5","250","98","98","2","48","20.94371639979062","0.22842526983363842"
"3","adaptive","0.63","-0.34","20","20","20","0.05","0.05","0.08","0.8","2","50","5","250","106","106","3","6","19.02299724268337","0.41375139014361556"
"4","adaptive","0.63","0.28","20","20","20","0.05","0.05","0.08","0.8","2","50","5","250","81","81","2","31","21.294529208547146","0.26377961343270534"
"8","adaptive","1.08","0.28","20","20","20","0.05","0.05","0.08","0.8","2","50","5","250","99","99","2","49","20.943716412671","0.22842526983363842"
"3","adaptive","0.63","-0.34","20","20","20","0.05","0.05","0.08","0.8","2","50","5","250","107","107","3","7","18.98651621742796","0.41375139014361556"
"3","adaptive","0.63","-0.34","20","20","20","0.05","0.05","0.08","0.8","2","50","5","250","108","108","3","8","18.96136851063069","0.41375139014361556"
"8","adaptive","1.08","0.28","20","20","20","0.05","0.05","0.08","0.8","2","50","5","250","100","100","3","0","20","0.300343384679452"
"4","adaptive","0.63","0.28","20","20","20","0.05","0.05","0.08","0.8","2","50","5","250","82","82","2","32","21.294676387168803","0.26377961343270534"
"3","adaptive","0.63","-0.34","20","20","20","0.05","0.05","0.08","0.8","2","50","5","250","109","109","3","9","18.944033275320454","0.41375139014361556"
"8","adaptive","1.08","0.28","20","20","20","0.05","0.05","0.08","0.8","2","50","5","250","101","101","3","1","20.28","0.300343384679452"
"4","adaptive","0.63","0.28","20","20","20","0.05","0.05","0.08","0.8","2","50","5","250","83","83","2","33","21.294791748545826","0.26377961343270534"
"3","adaptive","0.63","-0.34","20","20","20","0.05","0.05","0.08","0.8","2","50","5","250","110","110","3","10","18.932083462731814","0.41375139014361556"
"8","adaptive","1.08","0.28","20","20","20","0.05","0.05","0.08","0.8","2","50","5","250","102","102","3","2","20.455176160472938","0.300343384679452"
"5","adaptive","0.87","-0.34","20","20","20","0.05","0.05","0.08","0.8","2","50","5","250","85","85","2","35","18.858598262000378","0.2849173432633187"
"4","adaptive","0.63","0.28","20","20","20","0.05","0.05","0.08","0.8","2","50","5","250","84","84","2","34","21.294882170966954","0.26377961343270534"
"3","adaptive","0.63","-0.34","20","20","20","0.05","0.05","0.08","0.8","2","50","5","250","111","111","3","11","18.923846019262026","0.41375139014361556"
"8","adaptive","1.08","0.28","20","20","20","0.05","0.05","0.08","0.8","2","50","5","250","103","103","3","3","20.564771471894506","0.300343384679452"
"5","adaptive","0.87","-0.34","20","20","20","0.05","0.05","0.08","0.8","2","50","5","250","86","86","2","36","18.858596830085038","0.2849173432633187"
"4","adaptive","0.63","0.28","20","20","20","0.05","0.05","0.08","0.8","2","50","5","250","85","85","2","35","21.29495304576451","0.26377961343270534"
"3","adaptive","0.63","-0.34","20","20","20","0.05","0.05","0.08","0.8","2","50","5","250","112","112","3","12","18.918167647788447","0.41375139014361556"
"5","adaptive","0.87","-0.34","20","20","20","0.05","0.05","0.08","0.8","2","50","5","250","87","87","2","37","18.8585958247059","0.2849173432633187"
"8","adaptive","1.08","0.28","20","20","20","0.05","0.05","0.08","0.8","2","50","5","250","104","104","3","4","20.633337492825458","0.300343384679452"
"4","adaptive","0.63","0.28","20","20","20","0.05","0.05","0.08","0.8","2","50","5","250","86","86","2","36","21.29500859876637","0.26377961343270534"
"3","adaptive","0.63","-0.34","20","20","20","0.05","0.05","0.08","0.8","2","50","5","250","113","113","3","13","18.914253338365842","0.41375139014361556"
"8","adaptive","1.08","0.28","20","20","20","0.05","0.05","0.08","0.8","2","50","5","250","105","105","3","5","20.67623439384542","0.300343384679452"
"5","adaptive","0.87","-0.34","20","20","20","0.05","0.05","0.08","0.8","2","50","5","250","88","88","2","38","18.858595118807184","0.2849173432633187"
"4","adaptive","0.63","0.28","20","20","20","0.05","0.05","0.08","0.8","2","50","5","250","87","87","2","37","21.29505214225604","0.26377961343270534"
"8","adaptive","1.08","0.28","20","20","20","0.05","0.05","0.08","0.8","2","50","5","250","106","106","3","6","20.703071945334223","0.300343384679452"
"3","adaptive","0.63","-0.34","20","20","20","0.05","0.05","0.08","0.8","2","50","5","250","114","114","3","14","18.91155506152235","0.41375139014361556"
"4","adaptive","0.63","0.28","20","20","20","0.05","0.05","0.08","0.8","2","50","5","250","88","88","2","38","21.29508627246376","0.26377961343270534"
"5","adaptive","0.87","-0.34","20","20","20","0.05","0.05","0.08","0.8","2","50","5","250","89","89","2","39","18.858594623180224","0.2849173432633187"
"8","adaptive","1.08","0.28","20","20","20","0.05","0.05","0.08","0.8","2","50","5","250","107","107","3","7","20.719862299713878","0.300343384679452"
"4","adaptive","0.63","0.28","20","20","20","0.05","0.05","0.08","0.8","2","50","5","250","89","89","2","39","21.295113024363705","0.26377961343270534"
"3","adaptive","0.63","-0.34","20","20","20","0.05","0.05","0.08","0.8","2","50","5","250","115","115","3","15","18.909695040471874","0.41375139014361556"
"5","adaptive","0.87","-0.34","20","20","20","0.05","0.05","0.08","0.8","2","50","5","250","90","90","2","40","18.858594275189674","0.2849173432633187"
"8","adaptive","1.08","0.28","20","20","20","0.05","0.05","0.08","0.8","2","50","5","250","108","108","3","8","20.73036683476105","0.300343384679452"
"4","adaptive","0.63","0.28","20","20","20","0.05","0.05","0.08","0.8","2","50","5","250","90","90","2","40","21.295133993006978","0.26377961343270534"
"3","adaptive","0.63","-0.34","20","20","20","0.05","0.05","0.08","0.8","2","50","5","250","116","116","3","16","18.908412859839984","0.41375139014361556"
"5","adaptive","0.87","-0.34","20","20","20","0.05","0.05","0.08","0.8","2","50","5","250","91","91","2","41","18.858594030857887","0.2849173432633187"
"8","adaptive","1.08","0.28","20","20","20","0.05","0.05","0.08","0.8","2","50","5","250","109","109","3","9","20.736938778036468","0.300343384679452"
"3","adaptive","0.63","-0.34","20","20","20","0.05","0.05","0.08","0.8","2","50","5","250","117","117","3","17","18.90752900577157","0.41375139014361556"
"4","adaptive","0.63","0.28","20","20","20","0.05","0.05","0.08","0.8","2","50","5","250","91","91","2","41","21.295150428624698","0.26377961343270534"
"5","adaptive","0.87","-0.34","20","20","20","0.05","0.05","0.08","0.8","2","50","5","250","92","92","2","42","18.858593859307184","0.2849173432633187"
"8","adaptive","1.08","0.28","20","20","20","0.05","0.05","0.08","0.8","2","50","5","250","110","110","3","10","20.74105037728587","0.300343384679452"
"3","adaptive","0.63","-0.34","20","20","20","0.05","0.05","0.08","0.8","2","50","5","250","118","118","3","18","18.906919732791753","0.41375139014361556"
"5","adaptive","0.87","-0.34","20","20","20","0.05","0.05","0.08","0.8","2","50","5","250","93","93","2","43","18.858593738857678","0.2849173432633187"
"4","adaptive","0.63","0.28","20","20","20","0.05","0.05","0.08","0.8","2","50","5","250","92","92","2","42","21.295163311171574","0.26377961343270534"
"3","adaptive","0.63","-0.34","20","20","20","0.05","0.05","0.08","0.8","2","50","5","250","119","119","3","19","18.906499738612624","0.41375139014361556"
"4","adaptive","0.63","0.28","20","20","20","0.05","0.05","0.08","0.8","2","50","5","250","93","93","2","43","21.295173408754568","0.26377961343270534"
"5","adaptive","0.87","-0.34","20","20","20","0.05","0.05","0.08","0.8","2","50","5","250","94","94","2","44","18.858593654287443","0.2849173432633187"
"8","adaptive","1.08","0.28","20","20","20","0.05","0.05","0.08","0.8","2","50","5","250","111","111","3","11","20.743622713606992","0.300343384679452"
"5","adaptive","0.87","-0.34","20","20","20","0.05","0.05","0.08","0.8","2","50","5","250","95","95","2","45","18.858593594908825","0.2849173432633187"
"8","adaptive","1.08","0.28","20","20","20","0.05","0.05","0.08","0.8","2","50","5","250","112","112","3","12","20.74523204217906","0.300343384679452"
"4","adaptive","0.63","0.28","20","20","20","0.05","0.05","0.08","0.8","2","50","5","250","94","94","2","44","21.29518132343039","0.26377961343270534"
"3","adaptive","0.63","-0.34","20","20","20","0.05","0.05","0.08","0.8","2","50","5","250","120","120","3","20","18.906210221242993","0.41375139014361556"
"5","adaptive","0.87","-0.34","20","20","20","0.05","0.05","0.08","0.8","2","50","5","250","96","96","2","46","18.858593553217798","0.2849173432633187"
"6","adaptive","0.87","0.28","20","20","20","0.05","0.05","0.08","0.8","2","50","5","250","96","96","2","46","21.06947135878686","0.24346134151096915"
"3","adaptive","0.63","-0.34","20","20","20","0.05","0.05","0.08","0.8","2","50","5","250","121","121","3","21","18.906010646316766","0.41375139014361556"
"8","adaptive","1.08","0.28","20","20","20","0.05","0.05","0.08","0.8","2","50","5","250","113","113","3","13","20.7462388850369","0.300343384679452"
"5","adaptive","0.87","-0.34","20","20","20","0.05","0.05","0.08","0.8","2","50","5","250","97","97","2","47","18.858593523945615","0.2849173432633187"
"3","adaptive","0.63","-0.34","20","20","20","0.05","0.05","0.08","0.8","2","50","5","250","122","122","3","22","18.905873072010845","0.41375139014361556"
"5","adaptive","0.87","-0.34","20","20","20","0.05","0.05","0.08","0.8","2","50","5","250","98","98","2","48","18.85859350339297","0.2849173432633187"
"6","adaptive","0.87","0.28","20","20","20","0.05","0.05","0.08","0.8","2","50","5","250","97","97","2","47","21.069471600253024","0.24346134151096915"
"8","adaptive","1.08","0.28","20","20","20","0.05","0.05","0.08","0.8","2","50","5","250","114","114","3","14","20.746868795272743","0.300343384679452"
"3","adaptive","0.63","-0.34","20","20","20","0.05","0.05","0.08","0.8","2","50","5","250","123","123","3","23","18.90577823700322","0.41375139014361556"
"5","adaptive","0.87","-0.34","20","20","20","0.05","0.05","0.08","0.8","2","50","5","250","99","99","2","49","18.858593488962512","0.2849173432633187"
"6","adaptive","0.87","0.28","20","20","20","0.05","0.05","0.08","0.8","2","50","5","250","98","98","2","48","21.069471778500603","0.24346134151096915"
"4","adaptive","0.63","0.28","20","20","20","0.05","0.05","0.08","0.8","2","50","5","250","95","95","2","45","21.295187527102446","0.26377961343270534"
"3","adaptive","0.63","-0.34","20","20","20","0.05","0.05","0.08","0.8","2","50","5","250","124","124","3","24","18.90571286375921","0.41375139014361556"
"8","adaptive","1.08","0.28","20","20","20","0.05","0.05","0.08","0.8","2","50","5","250","115","115","3","15","20.74726288547473","0.300343384679452"
"5","adaptive","0.87","-0.34","20","20","20","0.05","0.05","0.08","0.8","2","50","5","250","100","100","3","0","20","0.37192525201268956"
"6","adaptive","0.87","0.28","20","20","20","0.05","0.05","0.08","0.8","2","50","5","250","99","99","2","49","21.06947191008094","0.24346134151096915"
"3","adaptive","0.63","-0.34","20","20","20","0.05","0.05","0.08","0.8","2","50","5","250","125","125","3","25","18.905667799587867","0.41375139014361556"
"4","adaptive","0.63","0.28","20","20","20","0.05","0.05","0.08","0.8","2","50","5","250","96","96","2","46","21.295192389657498","0.26377961343270534"
"5","adaptive","0.87","-0.34","20","20","20","0.05","0.05","0.08","0.8","2","50","5","250","101","101","3","1","19.66","0.37192525201268956"
"6","adaptive","0.87","0.28","20","20","20","0.05","0.05","0.08","0.8","2","50","5","250","100","100","3","0","20","0.3241944468252685"
"3","adaptive","0.63","-0.34","20","20","20","0.05","0.05","0.08","0.8","2","50","5","250","126","126","3","26","18.905636735204123","0.41375139014361556"
"8","adaptive","1.08","0.28","20","20","20","0.05","0.05","0.08","0.8","2","50","5","250","116","116","3","16","20.747509439790676","0.300343384679452"
"5","adaptive","0.87","-0.34","20","20","20","0.05","0.05","0.08","0.8","2","50","5","250","102","102","3","2","19.447015489545354","0.37192525201268956"
"3","adaptive","0.63","-0.34","20","20","20","0.05","0.05","0.08","0.8","2","50","5","250","127","127","3","27","18.905615321386698","0.41375139014361556"
"4","adaptive","0.63","0.28","20","20","20","0.05","0.05","0.08","0.8","2","50","5","250","97","97","2","47","21.295196201019778","0.26377961343270534"
"6","adaptive","0.87","0.28","20","20","20","0.05","0.05","0.08","0.8","2","50","5","250","101","101","3","1","20.28","0.3241944468252685"
"8","adaptive","1.08","0.28","20","20","20","0.05","0.05","0.08","0.8","2","50","5","250","117","117","3","17","20.747663691356443","0.300343384679452"
"3","adaptive","0.63","-0.34","20","20","20","0.05","0.05","0.08","0.8","2","50","5","250","128","128","3","28","18.905600560058083","0.41375139014361556"
"5","adaptive","0.87","-0.34","20","20","20","0.05","0.05","0.08","0.8","2","50","5","250","103","103","3","3","19.31359666103475","0.37192525201268956"
"6","adaptive","0.87","0.28","20","20","20","0.05","0.05","0.08","0.8","2","50","5","250","102","102","3","2","20.467026232753366","0.3241944468252685"
"3","adaptive","0.63","-0.34","20","20","20","0.05","0.05","0.08","0.8","2","50","5","250","129","129","3","29","18.905590384533646","0.41375139014361556"
"4","adaptive","0.63","0.28","20","20","20","0.05","0.05","0.08","0.8","2","50","5","250","98","98","2","48","21.29519918843735","0.26377961343270534"
"5","adaptive","0.87","-0.34","20","20","20","0.05","0.05","0.08","0.8","2","50","5","250","104","104","3","4","19.230019767282506","0.37192525201268956"
"6","adaptive","0.87","0.28","20","20","20","0.05","0.05","0.08","0.8","2","50","5","250","103","103","3","3","20.591950560388778","0.3241944468252685"
"8","adaptive","1.08","0.28","20","20","20","0.05","0.05","0.08","0.8","2","50","5","250","118","118","3","18","20.74776019563158","0.300343384679452"
"3","adaptive","0.63","-0.34","20","20","20","0.05","0.05","0.08","0.8","2","50","5","250","130","130","3","30","18.905583370171986","0.41375139014361556"
"4","adaptive","0.63","0.28","20","20","20","0.05","0.05","0.08","0.8","2","50","5","250","99","99","2","49","21.29520153003154","0.26377961343270534"
"6","adaptive","0.87","0.28","20","20","20","0.05","0.05","0.08","0.8","2","50","5","250","104","104","3","4","20.6753938688777","0.3241944468252685"
"5","adaptive","0.87","-0.34","20","20","20","0.05","0.05","0.08","0.8","2","50","5","250","105","105","3","5","19.177665109043854","0.37192525201268956"
"3","adaptive","0.63","-0.34","20","20","20","0.05","0.05","0.08","0.8","2","50","5","250","131","131","3","31","18.905578534915595","0.41375139014361556"
"6","adaptive","0.87","0.28","20","20","20","0.05","0.05","0.08","0.8","2","50","5","250","105","105","3","5","20.73112989614613","0.3241944468252685"
"3","adaptive","0.63","-0.34","20","20","20","0.05","0.05","0.08","0.8","2","50","5","250","132","132","3","32","18.905575201796278","0.41375139014361556"
"5","adaptive","0.87","-0.34","20","20","20","0.05","0.05","0.08","0.8","2","50","5","250","106","106","3","6","19.144868840646854","0.37192525201268956"
"4","adaptive","0.63","0.28","20","20","20","0.05","0.05","0.08","0.8","2","50","5","250","100","100","3","0","20","0.35988268112607597"
"8","adaptive","1.08","0.28","20","20","20","0.05","0.05","0.08","0.8","2","50","5","250","119","119","3","19","20.74782057151868","0.300343384679452"
"5","adaptive","0.87","-0.34","20","20","20","0.05","0.05","0.08","0.8","2","50","5","250","107","107","3","7","19.12432443720781","0.37192525201268956"
"3","adaptive","0.63","-0.34","20","20","20","0.05","0.05","0.08","0.8","2","50","5","250","133","133","3","33","18.90557290415506","0.41375139014361556"
"4","adaptive","0.63","0.28","20","20","20","0.05","0.05","0.08","0.8","2","50","5","250","101","101","3","1","20.28","0.35988268112607597"
"6","adaptive","0.87","0.28","20","20","20","0.05","0.05","0.08","0.8","2","50","5","250","106","106","3","6","20.76835882189132","0.3241944468252685"
"8","adaptive","1.08","0.28","20","20","20","0.05","0.05","0.08","0.8","2","50","5","250","120","120","3","20","20.74785834443328","0.300343384679452"
"5","adaptive","0.87","-0.34","20","20","20","0.05","0.05","0.08","0.8","2","50","5","250","108","108","3","8","19.11145490865179","0.37192525201268956"
"3","adaptive","0.63","-0.34","20","20","20","0.05","0.05","0.08","0.8","2","50","5","250","134","134","3","34","18.90557132030682","0.41375139014361556"
"4","adaptive","0.63","0.28","20","20","20","0.05","0.05","0.08","0.8","2","50","5","250","102","102","3","2","20.482516695049362","0.35988268112607597"
"6","adaptive","0.87","0.28","20","20","20","0.05","0.05","0.08","0.8","2","50","5","250","107","107","3","7","20.79322591378981","0.3241944468252685"
"3","adaptive","0.63","-0.34","20","20","20","0.05","0.05","0.08","0.8","2","50","5","250","135","135","3","35","18.90557022850222","0.41375139014361556"
"5","adaptive","0.87","-0.34","20","20","20","0.05","0.05","0.08","0.8","2","50","5","250","109","109","3","9","19.10339311383036","0.37192525201268956"
"8","adaptive","1.08","0.28","20","20","20","0.05","0.05","0.08","0.8","2","50","5","250","121","121","3","21","20.747881976269525","0.300343384679452"
"6","adaptive","0.87","0.28","20","20","20","0.05","0.05","0.08","0.8","2","50","5","250","108","108","3","8","20.809835908494478","0.3241944468252685"
"4","adaptive","0.63","0.28","20","20","20","0.05","0.05","0.08","0.8","2","50","5","250","103","103","3","3","20.628991737098346","0.35988268112607597"
"3","adaptive","0.63","-0.34","20","20","20","0.05","0.05","0.08","0.8","2","50","5","250","136","136","3","36","18.90556947588132","0.41375139014361556"
"5","adaptive","0.87","-0.34","20","20","20","0.05","0.05","0.08","0.8","2","50","5","250","110","110","3","10","19.098343003761457","0.37192525201268956"
"8","adaptive","1.08","0.28","20","20","20","0.05","0.05","0.08","0.8","2","50","5","250","122","122","3","22","20.74789676103502","0.300343384679452"
"6","adaptive","0.87","0.28","20","20","20","0.05","0.05","0.08","0.8","2","50","5","250","109","109","3","9","20.820930568264718","0.3241944468252685"
"4","adaptive","0.63","0.28","20","20","20","0.05","0.05","0.08","0.8","2","50","5","250","104","104","3","4","20.734933313608973","0.35988268112607597"
"3","adaptive","0.63","-0.34","20","20","20","0.05","0.05","0.08","0.8","2","50","5","250","137","137","3","37","18.905568957072173","0.41375139014361556"
"5","adaptive","0.87","-0.34","20","20","20","0.05","0.05","0.08","0.8","2","50","5","250","111","111","3","11","19.095179488406256","0.37192525201268956"
"8","adaptive","1.08","0.28","20","20","20","0.05","0.05","0.08","0.8","2","50","5","250","123","123","3","23","20.74790601081521","0.300343384679452"
"6","adaptive","0.87","0.28","20","20","20","0.05","0.05","0.08","0.8","2","50","5","250","110","110","3","10","20.82834125548082","0.3241944468252685"
"4","adaptive","0.63","0.28","20","20","20","0.05","0.05","0.08","0.8","2","50","5","250","105","105","3","5","20.81155809197773","0.35988268112607597"
"3","adaptive","0.63","-0.34","20","20","20","0.05","0.05","0.08","0.8","2","50","5","250","138","138","3","38","18.905568599438023","0.41375139014361556"
"5","adaptive","0.87","-0.34","20","20","20","0.05","0.05","0.08","0.8","2","50","5","250","112","112","3","12","19.0931977832026","0.37192525201268956"
"6","adaptive","0.87","0.28","20","20","20","0.05","0.05","0.08","0.8","2","50","5","250","111","111","3","11","20.833291230167035","0.3241944468252685"
"4","adaptive","0.63","0.28","20","20","20","0.05","0.05","0.08","0.8","2","50","5","250","106","106","3","6","20.866978795099623","0.35988268112607597"
"3","adaptive","0.63","-0.34","20","20","20","0.05","0.05","0.08","0.8","2","50","5","250","139","139","3","39","18.90556835290771","0.41375139014361556"
"8","adaptive","1.08","0.28","20","20","20","0.05","0.05","0.08","0.8","2","50","5","250","124","124","3","24","20.747911797747275","0.300343384679452"
"5","adaptive","0.87","-0.34","20","20","20","0.05","0.05","0.08","0.8","2","50","5","250","113","113","3","13","19.091956393459466","0.37192525201268956"
"6","adaptive","0.87","0.28","20","20","20","0.05","0.05","0.08","0.8","2","50","5","250","112","112","3","12","20.83659756987342","0.3241944468252685"
"4","adaptive","0.63","0.28","20","20","20","0.05","0.05","0.08","0.8","2","50","5","250","107","107","3","7","20.9070631437909","0.35988268112607597"
"3","adaptive","0.63","-0.34","20","20","20","0.05","0.05","0.08","0.8","2","50","5","250","140","140","3","40","18.905568182965332","0.41375139014361556"
"5","adaptive","0.87","-0.34","20","20","20","0.05","0.05","0.08","0.8","2","50","5","250","114","114","3","14","19.09117875585145","0.37192525201268956"
"8","adaptive","1.08","0.28","20","20","20","0.05","0.05","0.08","0.8","2","50","5","250","125","125","3","25","20.747915418220632","0.300343384679452"
"6","adaptive","0.87","0.28","20","20","20","0.05","0.05","0.08","0.8","2","50","5","250","113","113","3","13","20.838806042228732","0.3241944468252685"
"5","adaptive","0.87","-0.34","20","20","20","0.05","0.05","0.08","0.8","2","50","5","250","115","115","3","15","19.090691624188935","0.37192525201268956"
"3","adaptive","0.63","-0.34","20","20","20","0.05","0.05","0.08","0.8","2","50","5","250","141","141","3","41","18.90556806581783","0.41375139014361556"
"4","adaptive","0.63","0.28","20","20","20","0.05","0.05","0.08","0.8","2","50","5","250","108","108","3","8","20.936055107434342","0.35988268112607597"
"8","adaptive","1.08","0.28","20","20","20","0.05","0.05","0.08","0.8","2","50","5","250","126","126","3","26","20.747917683294283","0.300343384679452"
"6","adaptive","0.87","0.28","20","20","20","0.05","0.05","0.08","0.8","2","50","5","250","114","114","3","14","20.840281193174288","0.3241944468252685"
"5","adaptive","0.87","-0.34","20","20","20","0.05","0.05","0.08","0.8","2","50","5","250","116","116","3","16","19.090386472722265","0.37192525201268956"
"3","adaptive","0.63","-0.34","20","20","20","0.05","0.05","0.08","0.8","2","50","5","250","142","142","3","42","18.90556798506376","0.41375139014361556"
"4","adaptive","0.63","0.28","20","20","20","0.05","0.05","0.08","0.8","2","50","5","250","109","109","3","9","20.957024238363132","0.35988268112607597"
"6","adaptive","0.87","0.28","20","20","20","0.05","0.05","0.08","0.8","2","50","5","250","115","115","3","15","20.841266521474605","0.3241944468252685"
"5","adaptive","0.87","-0.34","20","20","20","0.05","0.05","0.08","0.8","2","50","5","250","117","117","3","17","19.090195318205375","0.37192525201268956"
"8","adaptive","1.08","0.28","20","20","20","0.05","0.05","0.08","0.8","2","50","5","250","127","127","3","27","20.747919100390373","0.300343384679452"
"4","adaptive","0.63","0.28","20","20","20","0.05","0.05","0.08","0.8","2","50","5","250","110","110","3","10","20.972190663697976","0.35988268112607597"
"3","adaptive","0.63","-0.34","20","20","20","0.05","0.05","0.08","0.8","2","50","5","250","143","143","3","43","18.90556792939703","0.41375139014361556"
"5","adaptive","0.87","-0.34","20","20","20","0.05","0.05","0.08","0.8","2","50","5","250","118","118","3","18","19.090075574231253","0.37192525201268956"
"6","adaptive","0.87","0.28","20","20","20","0.05","0.05","0.08","0.8","2","50","5","250","116","116","3","16","20.841924672331867","0.3241944468252685"
"3","adaptive","0.63","-0.34","20","20","20","0.05","0.05","0.08","0.8","2","50","5","250","144","144","3","44","18.90556789102391","0.41375139014361556"
"8","adaptive","1.08","0.28","20","20","20","0.05","0.05","0.08","0.8","2","50","5","250","128","128","3","28","20.747919986966988","0.300343384679452"
"4","adaptive","0.63","0.28","20","20","20","0.05","0.05","0.08","0.8","2","50","5","250","111","111","3","11","20.983160143464136","0.35988268112607597"
"3","adaptive","0.63","-0.34","20","20","20","0.05","0.05","0.08","0.8","2","50","5","250","145","145","3","45","18.905567864571914","0.41375139014361556"
"5","adaptive","0.87","-0.34","20","20","20","0.05","0.05","0.08","0.8","2","50","5","250","119","119","3","19","19.090000563608584","0.37192525201268956"
"6","adaptive","0.87","0.28","20","20","20","0.05","0.05","0.08","0.8","2","50","5","250","117","117","3","17","20.84236428474407","0.3241944468252685"
"8","adaptive","1.08","0.28","20","20","20","0.05","0.05","0.08","0.8","2","50","5","250","129","129","3","29","20.747920541635157","0.300343384679452"
"4","adaptive","0.63","0.28","20","20","20","0.05","0.05","0.08","0.8","2","50","5","250","112","112","3","12","20.99109408199504","0.35988268112607597"
"3","adaptive","0.63","-0.34","20","20","20","0.05","0.05","0.08","0.8","2","50","5","250","146","146","3","46","18.905567846337586","0.41375139014361556"
"5","adaptive","0.87","-0.34","20","20","20","0.05","0.05","0.08","0.8","2","50","5","250","120","120","3","20","19.08995357507697","0.37192525201268956"
"6","adaptive","0.87","0.28","20","20","20","0.05","0.05","0.08","0.8","2","50","5","250","118","118","3","18","20.842657924220237","0.3241944468252685"
"8","adaptive","1.08","0.28","20","20","20","0.05","0.05","0.08","0.8","2","50","5","250","130","130","3","30","20.747920888651727","0.300343384679452"
"4","adaptive","0.63","0.28","20","20","20","0.05","0.05","0.08","0.8","2","50","5","250","113","113","3","13","20.996832492745057","0.35988268112607597"
"3","adaptive","0.63","-0.34","20","20","20","0.05","0.05","0.08","0.8","2","50","5","250","147","147","3","47","18.905567833767993","0.41375139014361556"
"5","adaptive","0.87","-0.34","20","20","20","0.05","0.05","0.08","0.8","2","50","5","250","121","121","3","21","19.08992414028461","0.37192525201268956"
"6","adaptive","0.87","0.28","20","20","20","0.05","0.05","0.08","0.8","2","50","5","250","119","119","3","19","20.842854060952433","0.3241944468252685"
"3","adaptive","0.63","-0.34","20","20","20","0.05","0.05","0.08","0.8","2","50","5","250","148","148","3","48","18.90556782510331","0.41375139014361556"
"8","adaptive","1.08","0.28","20","20","20","0.05","0.05","0.08","0.8","2","50","5","250","131","131","3","31","20.74792110575541","0.300343384679452"
"4","adaptive","0.63","0.28","20","20","20","0.05","0.05","0.08","0.8","2","50","5","250","114","114","3","14","21.000982935530516","0.35988268112607597"
"5","adaptive","0.87","-0.34","20","20","20","0.05","0.05","0.08","0.8","2","50","5","250","122","122","3","22","19.0899057015939","0.37192525201268956"
"6","adaptive","0.87","0.28","20","20","20","0.05","0.05","0.08","0.8","2","50","5","250","120","120","3","20","20.842985070645746","0.3241944468252685"
"3","adaptive","0.63","-0.34","20","20","20","0.05","0.05","0.08","0.8","2","50","5","250","149","149","3","49","18.905567819130432","0.41375139014361556"
"4","adaptive","0.63","0.28","20","20","20","0.05","0.05","0.08","0.8","2","50","5","250","115","115","3","15","21.003984842515884","0.35988268112607597"
"5","adaptive","0.87","-0.34","20","20","20","0.05","0.05","0.08","0.8","2","50","5","250","123","123","3","23","19.089894151136505","0.37192525201268956"
"8","adaptive","1.08","0.28","20","20","20","0.05","0.05","0.08","0.8","2","50","5","250","132","132","3","32","20.7479212415818","0.300343384679452"
"6","adaptive","0.87","0.28","20","20","20","0.05","0.05","0.08","0.8","2","50","5","250","121","121","3","21","20.843072578679298","0.3241944468252685"
"4","adaptive","0.63","0.28","20","20","20","0.05","0.05","0.08","0.8","2","50","5","250","116","116","3","16","21.006156043521322","0.35988268112607597"
"3","adaptive","0.63","-0.34","20","20","20","0.05","0.05","0.08","0.8","2","50","5","250","150","150","4","0","20","0.49742043685161996"
"5","adaptive","0.87","-0.34","20","20","20","0.05","0.05","0.08","0.8","2","50","5","250","124","124","3","24","19.089886915640875","0.37192525201268956"
"8","adaptive","1.08","0.28","20","20","20","0.05","0.05","0.08","0.8","2","50","5","250","133","133","3","33","20.74792132655875","0.300343384679452"
"3","adaptive","0.63","-0.34","20","20","20","0.05","0.05","0.08","0.8","2","50","5","250","151","151","4","1","19.66","0.49742043685161996"
"6","adaptive","0.87","0.28","20","20","20","0.05","0.05","0.08","0.8","2","50","5","250","122","122","3","22","20.843131029743052","0.3241944468252685"
"5","adaptive","0.87","-0.34","20","20","20","0.05","0.05","0.08","0.8","2","50","5","250","125","125","3","25","19.0898823831453","0.37192525201268956"
"4","adaptive","0.63","0.28","20","20","20","0.05","0.05","0.08","0.8","2","50","5","250","117","117","3","17","21.007726416563855","0.35988268112607597"
"8","adaptive","1.08","0.28","20","20","20","0.05","0.05","0.08","0.8","2","50","5","250","134","134","3","34","20.747921379722804","0.300343384679452"
"4","adaptive","0.63","0.28","20","20","20","0.05","0.05","0.08","0.8","2","50","5","250","118","118","3","18","21.008862226415882","0.35988268112607597"
"6","adaptive","0.87","0.28","20","20","20","0.05","0.05","0.08","0.8","2","50","5","250","123","123","3","23","20.84317007217967","0.3241944468252685"
"5","adaptive","0.87","-0.34","20","20","20","0.05","0.05","0.08","0.8","2","50","5","250","126","126","3","26","19.089879543876627","0.37192525201268956"
"3","adaptive","0.63","-0.34","20","20","20","0.05","0.05","0.08","0.8","2","50","5","250","152","152","4","2","19.443547457573615","0.49742043685161996"
"6","adaptive","0.87","0.28","20","20","20","0.05","0.05","0.08","0.8","2","50","5","250","124","124","3","24","20.843196150607668","0.3241944468252685"
"3","adaptive","0.63","-0.34","20","20","20","0.05","0.05","0.08","0.8","2","50","5","250","153","153","4","3","19.30574833074172","0.49742043685161996"
"4","adaptive","0.63","0.28","20","20","20","0.05","0.05","0.08","0.8","2","50","5","250","119","119","3","19","21.009683728049584","0.35988268112607597"
"8","adaptive","1.08","0.28","20","20","20","0.05","0.05","0.08","0.8","2","50","5","250","135","135","3","35","20.747921412983786","0.300343384679452"
"5","adaptive","0.87","-0.34","20","20","20","0.05","0.05","0.08","0.8","2","50","5","250","127","127","3","27","19.08987776528766","0.37192525201268956"
"3","adaptive","0.63","-0.34","20","20","20","0.05","0.05","0.08","0.8","2","50","5","250","154","154","4","4","19.21802194442731","0.49742043685161996"
"6","adaptive","0.87","0.28","20","20","20","0.05","0.05","0.08","0.8","2","50","5","250","125","125","3","25","20.843213569715328","0.3241944468252685"
"4","adaptive","0.63","0.28","20","20","20","0.05","0.05","0.08","0.8","2","50","5","250","120","120","3","20","21.010277898749","0.35988268112607597"
"5","adaptive","0.87","-0.34","20","20","20","0.05","0.05","0.08","0.8","2","50","5","250","128","128","3","28","19.08987665113501","0.37192525201268956"
"4","adaptive","0.63","0.28","20","20","20","0.05","0.05","0.08","0.8","2","50","5","250","121","121","3","21","21.0107076469145","0.35988268112607597"
"8","adaptive","1.08","0.28","20","20","20","0.05","0.05","0.08","0.8","2","50","5","250","136","136","3","36","20.747921433792825","0.300343384679452"
"3","adaptive","0.63","-0.34","20","20","20","0.05","0.05","0.08","0.8","2","50","5","250","155","155","4","5","19.162173122793092","0.49742043685161996"
"6","adaptive","0.87","0.28","20","20","20","0.05","0.05","0.08","0.8","2","50","5","250","126","126","3","26","20.843225204822765","0.3241944468252685"
"4","adaptive","0.63","0.28","20","20","20","0.05","0.05","0.08","0.8","2","50","5","250","122","122","3","22","21.01101847255086","0.35988268112607597"
"3","adaptive","0.63","-0.34","20","20","20","0.05","0.05","0.08","0.8","2","50","5","250","156","156","4","6","19.126618359751202","0.49742043685161996"
"6","adaptive","0.87","0.28","20","20","20","0.05","0.05","0.08","0.8","2","50","5","250","127","127","3","27","20.843232976502453","0.3241944468252685"
"5","adaptive","0.87","-0.34","20","20","20","0.05","0.05","0.08","0.8","2","50","5","250","129","129","3","29","19.089875953201904","0.37192525201268956"
"8","adaptive","1.08","0.28","20","20","20","0.05","0.05","0.08","0.8","2","50","5","250","137","137","3","37","20.747921446811567","0.300343384679452"
"4","adaptive","0.63","0.28","20","20","20","0.05","0.05","0.08","0.8","2","50","5","250","123","123","3","23","21.011243284624474","0.35988268112607597"
"3","adaptive","0.63","-0.34","20","20","20","0.05","0.05","0.08","0.8","2","50","5","250","157","157","4","7","19.10398330429301","0.49742043685161996"
"6","adaptive","0.87","0.28","20","20","20","0.05","0.05","0.08","0.8","2","50","5","250","128","128","3","28","20.843238167602358","0.3241944468252685"
"4","adaptive","0.63","0.28","20","20","20","0.05","0.05","0.08","0.8","2","50","5","250","124","124","3","24","21.011405885332174","0.35988268112607597"
"5","adaptive","0.87","-0.34","20","20","20","0.05","0.05","0.08","0.8","2","50","5","250","130","130","3","30","19.089875515999136","0.37192525201268956"
"8","adaptive","1.08","0.28","20","20","20","0.05","0.05","0.08","0.8","2","50","5","250","138","138","3","38","20.747921454956472","0.300343384679452"
"3","adaptive","0.63","-0.34","20","20","20","0.05","0.05","0.08","0.8","2","50","5","250","158","158","4","8","19.089573259287455","0.49742043685161996"
"6","adaptive","0.87","0.28","20","20","20","0.05","0.05","0.08","0.8","2","50","5","250","129","129","3","29","20.843241635001856","0.3241944468252685"
"4","adaptive","0.63","0.28","20","20","20","0.05","0.05","0.08","0.8","2","50","5","250","125","125","3","25","21.011523490181943","0.35988268112607597"
"3","adaptive","0.63","-0.34","20","20","20","0.05","0.05","0.08","0.8","2","50","5","250","159","159","4","9","19.08039946258766","0.49742043685161996"
"5","adaptive","0.87","-0.34","20","20","20","0.05","0.05","0.08","0.8","2","50","5","250","131","131","3","31","19.08987524212438","0.37192525201268956"
"6","adaptive","0.87","0.28","20","20","20","0.05","0.05","0.08","0.8","2","50","5","250","130","130","3","30","20.843243951054234","0.3241944468252685"
"8","adaptive","1.08","0.28","20","20","20","0.05","0.05","0.08","0.8","2","50","5","250","139","139","3","39","20.74792146005216","0.300343384679452"
"4","adaptive","0.63","0.28","20","20","20","0.05","0.05","0.08","0.8","2","50","5","250","126","126","3","26","21.011608550701578","0.35988268112607597"
"3","adaptive","0.63","-0.34","20","20","20","0.05","0.05","0.08","0.8","2","50","5","250","160","160","4","10","19.074559193118915","0.49742043685161996"
"6","adaptive","0.87","0.28","20","20","20","0.05","0.05","0.08","0.8","2","50","5","250","131","131","3","31","20.843245498063343","0.3241944468252685"
"4","adaptive","0.63","0.28","20","20","20","0.05","0.05","0.08","0.8","2","50","5","250","127","127","3","27","21.011670072756274","0.35988268112607597"
"5","adaptive","0.87","-0.34","20","20","20","0.05","0.05","0.08","0.8","2","50","5","250","132","132","3","32","19.089875070562375","0.37192525201268956"
"8","adaptive","1.08","0.28","20","20","20","0.05","0.05","0.08","0.8","2","50","5","250","140","140","3","40","20.747921463240175","0.300343384679452"
"3","adaptive","0.63","-0.34","20","20","20","0.05","0.05","0.08","0.8","2","50","5","250","161","161","4","11","19.070841130839604","0.49742043685161996"
"6","adaptive","0.87","0.28","20","20","20","0.05","0.05","0.08","0.8","2","50","5","250","132","132","3","32","20.843246531389365","0.3241944468252685"
"4","adaptive","0.63","0.28","20","20","20","0.05","0.05","0.08","0.8","2","50","5","250","128","128","3","28","21.011714570053382","0.35988268112607597"
"5","adaptive","0.87","-0.34","20","20","20","0.05","0.05","0.08","0.8","2","50","5","250","133","133","3","33","19.08987496309164","0.37192525201268956"
"8","adaptive","1.08","0.28","20","20","20","0.05","0.05","0.08","0.8","2","50","5","250","141","141","3","41","20.74792146523469","0.300343384679452"
"4","adaptive","0.63","0.28","20","20","20","0.05","0.05","0.08","0.8","2","50","5","250","129","129","3","29","21.011746753787484","0.35988268112607597"
"3","adaptive","0.63","-0.34","20","20","20","0.05","0.05","0.08","0.8","2","50","5","250","162","162","4","12","19.068474118977086","0.49742043685161996"
"6","adaptive","0.87","0.28","20","20","20","0.05","0.05","0.08","0.8","2","50","5","250","133","133","3","33","20.84324722160034","0.3241944468252685"
"5","adaptive","0.87","-0.34","20","20","20","0.05","0.05","0.08","0.8","2","50","5","250","134","134","3","34","19.08987489576928","0.37192525201268956"
"8","adaptive","1.08","0.28","20","20","20","0.05","0.05","0.08","0.8","2","50","5","250","142","142","3","42","20.747921466482513","0.300343384679452"
"6","adaptive","0.87","0.28","20","20","20","0.05","0.05","0.08","0.8","2","50","5","250","134","134","3","34","20.843247682627332","0.3241944468252685"
"4","adaptive","0.63","0.28","20","20","20","0.05","0.05","0.08","0.8","2","50","5","250","130","130","3","30","21.011770031442715","0.35988268112607597"
"3","adaptive","0.63","-0.34","20","20","20","0.05","0.05","0.08","0.8","2","50","5","250","163","163","4","13","19.066967219754748","0.49742043685161996"
"5","adaptive","0.87","-0.34","20","20","20","0.05","0.05","0.08","0.8","2","50","5","250","135","135","3","35","19.08987485359687","0.37192525201268956"
"8","adaptive","1.08","0.28","20","20","20","0.05","0.05","0.08","0.8","2","50","5","250","143","143","3","43","20.74792146726319","0.300343384679452"
"6","adaptive","0.87","0.28","20","20","20","0.05","0.05","0.08","0.8","2","50","5","250","135","135","3","35","20.843247990570696","0.3241944468252685"
"4","adaptive","0.63","0.28","20","20","20","0.05","0.05","0.08","0.8","2","50","5","250","131","131","3","31","21.01178686756345","0.35988268112607597"
"3","adaptive","0.63","-0.34","20","20","20","0.05","0.05","0.08","0.8","2","50","5","250","164","164","4","14","19.066007889849292","0.49742043685161996"
"5","adaptive","0.87","-0.34","20","20","20","0.05","0.05","0.08","0.8","2","50","5","250","136","136","3","36","19.089874827179017","0.37192525201268956"
"8","adaptive","1.08","0.28","20","20","20","0.05","0.05","0.08","0.8","2","50","5","250","144","144","3","44","20.747921467751603","0.300343384679452"
"6","adaptive","0.87","0.28","20","20","20","0.05","0.05","0.08","0.8","2","50","5","250","136","136","3","36","20.843248196261722","0.3241944468252685"
"3","adaptive","0.63","-0.34","20","20","20","0.05","0.05","0.08","0.8","2","50","5","250","165","165","4","15","19.06539715632852","0.49742043685161996"
"4","adaptive","0.63","0.28","20","20","20","0.05","0.05","0.08","0.8","2","50","5","250","132","132","3","32","21.011799044690342","0.35988268112607597"
"5","adaptive","0.87","-0.34","20","20","20","0.05","0.05","0.08","0.8","2","50","5","250","137","137","3","37","19.08987481063021","0.37192525201268956"
"8","adaptive","1.08","0.28","20","20","20","0.05","0.05","0.08","0.8","2","50","5","250","145","145","3","45","20.747921468057168","0.300343384679452"
"6","adaptive","0.87","0.28","20","20","20","0.05","0.05","0.08","0.8","2","50","5","250","137","137","3","37","20.843248333653214","0.3241944468252685"
"5","adaptive","0.87","-0.34","20","20","20","0.05","0.05","0.08","0.8","2","50","5","250","138","138","3","38","19.089874800263626","0.37192525201268956"
"3","adaptive","0.63","-0.34","20","20","20","0.05","0.05","0.08","0.8","2","50","5","250","166","166","4","16","19.065008348024648","0.49742043685161996"
"4","adaptive","0.63","0.28","20","20","20","0.05","0.05","0.08","0.8","2","50","5","250","133","133","3","33","21.01180785208853","0.35988268112607597"
"8","adaptive","1.08","0.28","20","20","20","0.05","0.05","0.08","0.8","2","50","5","250","146","146","3","46","20.747921468248336","0.300343384679452"
"5","adaptive","0.87","-0.34","20","20","20","0.05","0.05","0.08","0.8","2","50","5","250","139","139","3","39","19.089874793769738","0.37192525201268956"
"6","adaptive","0.87","0.28","20","20","20","0.05","0.05","0.08","0.8","2","50","5","250","138","138","3","38","20.843248425423976","0.3241944468252685"
"3","adaptive","0.63","-0.34","20","20","20","0.05","0.05","0.08","0.8","2","50","5","250","167","167","4","17","19.06476082288968","0.49742043685161996"
"8","adaptive","1.08","0.28","20","20","20","0.05","0.05","0.08","0.8","2","50","5","250","147","147","3","47","20.747921468367938","0.300343384679452"
"4","adaptive","0.63","0.28","20","20","20","0.05","0.05","0.08","0.8","2","50","5","250","134","134","3","34","21.01181422224986","0.35988268112607597"
"5","adaptive","0.87","-0.34","20","20","20","0.05","0.05","0.08","0.8","2","50","5","250","140","140","3","40","19.089874789701803","0.37192525201268956"
"6","adaptive","0.87","0.28","20","20","20","0.05","0.05","0.08","0.8","2","50","5","250","139","139","3","39","20.84324848672233","0.3241944468252685"
"3","adaptive","0.63","-0.34","20","20","20","0.05","0.05","0.08","0.8","2","50","5","250","168","168","4","18","19.064603242169746","0.49742043685161996"
"8","adaptive","1.08","0.28","20","20","20","0.05","0.05","0.08","0.8","2","50","5","250","148","148","3","48","20.747921468442765","0.300343384679452"
"5","adaptive","0.87","-0.34","20","20","20","0.05","0.05","0.08","0.8","2","50","5","250","141","141","3","41","19.089874787153548","0.37192525201268956"
"4","adaptive","0.63","0.28","20","20","20","0.05","0.05","0.08","0.8","2","50","5","250","135","135","3","35","21.01181882962136","0.35988268112607597"
"6","adaptive","0.87","0.28","20","20","20","0.05","0.05","0.08","0.8","2","50","5","250","140","140","3","40","20.84324852766662","0.3241944468252685"
"3","adaptive","0.63","-0.34","20","20","20","0.05","0.05","0.08","0.8","2","50","5","250","169","169","4","19","19.06450292232425","0.49742043685161996"
"5","adaptive","0.87","-0.34","20","20","20","0.05","0.05","0.08","0.8","2","50","5","250","142","142","3","42","19.089874785557257","0.37192525201268956"
"4","adaptive","0.63","0.28","20","20","20","0.05","0.05","0.08","0.8","2","50","5","250","136","136","3","36","21.011822162012965","0.35988268112607597"
"8","adaptive","1.08","0.28","20","20","20","0.05","0.05","0.08","0.8","2","50","5","250","149","149","3","49","20.747921468489583","0.300343384679452"
"6","adaptive","0.87","0.28","20","20","20","0.05","0.05","0.08","0.8","2","50","5","250","141","141","3","41","20.843248555015393","0.3241944468252685"
"3","adaptive","0.63","-0.34","20","20","20","0.05","0.05","0.08","0.8","2","50","5","250","170","170","4","20","19.064439056190096","0.49742043685161996"
"5","adaptive","0.87","-0.34","20","20","20","0.05","0.05","0.08","0.8","2","50","5","250","143","143","3","43","19.089874784557303","0.37192525201268956"
"6","adaptive","0.87","0.28","20","20","20","0.05","0.05","0.08","0.8","2","50","5","250","142","142","3","42","20.843248573283027","0.3241944468252685"
"3","adaptive","0.63","-0.34","20","20","20","0.05","0.05","0.08","0.8","2","50","5","250","171","171","4","21","19.06439839740447","0.49742043685161996"
"4","adaptive","0.63","0.28","20","20","20","0.05","0.05","0.08","0.8","2","50","5","250","137","137","3","37","21.011824572244873","0.35988268112607597"
"8","adaptive","1.08","0.28","20","20","20","0.05","0.05","0.08","0.8","2","50","5","250","150","150","4","0","20","0.35817728209674715"
"3","adaptive","0.63","-0.34","20","20","20","0.05","0.05","0.08","0.8","2","50","5","250","172","172","4","22","19.064372512999995","0.49742043685161996"
"5","adaptive","0.87","-0.34","20","20","20","0.05","0.05","0.08","0.8","2","50","5","250","144","144","3","44","19.089874783930906","0.37192525201268956"
"4","adaptive","0.63","0.28","20","20","20","0.05","0.05","0.08","0.8","2","50","5","250","138","138","3","38","21.01182631550273","0.35988268112607597"
"6","adaptive","0.87","0.28","20","20","20","0.05","0.05","0.08","0.8","2","50","5","250","143","143","3","43","20.843248585484908","0.3241944468252685"
"3","adaptive","0.63","-0.34","20","20","20","0.05","0.05","0.08","0.8","2","50","5","250","173","173","4","23","19.06435603433777","0.49742043685161996"
"4","adaptive","0.63","0.28","20","20","20","0.05","0.05","0.08","0.8","2","50","5","250","139","139","3","39","21.01182757635566","0.35988268112607597"
"8","adaptive","1.08","0.28","20","20","20","0.05","0.05","0.08","0.8","2","50","5","250","151","151","4","1","20.28","0.35817728209674715"
"6","adaptive","0.87","0.28","20","20","20","0.05","0.05","0.08","0.8","2","50","5","250","144","144","3","44","20.843248593635163","0.3241944468252685"
"5","adaptive","0.87","-0.34","20","20","20","0.05","0.05","0.08","0.8","2","50","5","250","145","145","3","45","19.089874783538512","0.37192525201268956"
"3","adaptive","0.63","-0.34","20","20","20","0.05","0.05","0.08","0.8","2","50","5","250","174","174","4","24","19.064345543607374","0.49742043685161996"
"8","adaptive","1.08","0.28","20","20","20","0.05","0.05","0.08","0.8","2","50","5","250","152","152","4","2","20.437687189893946","0.35817728209674715"
"6","adaptive","0.87","0.28","20","20","20","0.05","0.05","0.08","0.8","2","50","5","250","145","145","3","45","20.843248599079132","0.3241944468252685"
"4","adaptive","0.63","0.28","20","20","20","0.05","0.05","0.08","0.8","2","50","5","250","140","140","3","40","21.01182848829769","0.35988268112607597"
"5","adaptive","0.87","-0.34","20","20","20","0.05","0.05","0.08","0.8","2","50","5","250","146","146","3","46","19.08987478329271","0.37192525201268956"
"3","adaptive","0.63","-0.34","20","20","20","0.05","0.05","0.08","0.8","2","50","5","250","175","175","4","25","19.064338864944826","0.49742043685161996"
"6","adaptive","0.87","0.28","20","20","20","0.05","0.05","0.08","0.8","2","50","5","250","146","146","3","46","20.843248602715438","0.3241944468252685"
"4","adaptive","0.63","0.28","20","20","20","0.05","0.05","0.08","0.8","2","50","5","250","141","141","3","41","21.011829147881567","0.35988268112607597"
"8","adaptive","1.08","0.28","20","20","20","0.05","0.05","0.08","0.8","2","50","5","250","153","153","4","3","20.52649165366769","0.35817728209674715"
"3","adaptive","0.63","-0.34","20","20","20","0.05","0.05","0.08","0.8","2","50","5","250","176","176","4","26","19.06433461314045","0.49742043685161996"
"5","adaptive","0.87","-0.34","20","20","20","0.05","0.05","0.08","0.8","2","50","5","250","147","147","3","47","19.089874783138733","0.37192525201268956"
"4","adaptive","0.63","0.28","20","20","20","0.05","0.05","0.08","0.8","2","50","5","250","142","142","3","42","21.011829624941377","0.35988268112607597"
"6","adaptive","0.87","0.28","20","20","20","0.05","0.05","0.08","0.8","2","50","5","250","147","147","3","47","20.84324860514431","0.3241944468252685"
"3","adaptive","0.63","-0.34","20","20","20","0.05","0.05","0.08","0.8","2","50","5","250","177","177","4","27","19.064331906334957","0.49742043685161996"
"5","adaptive","0.87","-0.34","20","20","20","0.05","0.05","0.08","0.8","2","50","5","250","148","148","3","48","19.089874783042276","0.37192525201268956"
"4","adaptive","0.63","0.28","20","20","20","0.05","0.05","0.08","0.8","2","50","5","250","143","143","3","43","21.011829969986294","0.35988268112607597"
"8","adaptive","1.08","0.28","20","20","20","0.05","0.05","0.08","0.8","2","50","5","250","154","154","4","4","20.576503533462407","0.35817728209674715"
"3","adaptive","0.63","-0.34","20","20","20","0.05","0.05","0.08","0.8","2","50","5","250","178","178","4","28","19.064330183114574","0.49742043685161996"
"6","adaptive","0.87","0.28","20","20","20","0.05","0.05","0.08","0.8","2","50","5","250","148","148","3","48","20.843248606766682","0.3241944468252685"
"5","adaptive","0.87","-0.34","20","20","20","0.05","0.05","0.08","0.8","2","50","5","250","149","149","3","49","19.089874782981855","0.37192525201268956"
"4","adaptive","0.63","0.28","20","20","20","0.05","0.05","0.08","0.8","2","50","5","250","144","144","3","44","21.011830219548276","0.35988268112607597"
"8","adaptive","1.08","0.28","20","20","20","0.05","0.05","0.08","0.8","2","50","5","250","155","155","4","5","20.604668650555773","0.35817728209674715"
"6","adaptive","0.87","0.28","20","20","20","0.05","0.05","0.08","0.8","2","50","5","250","149","149","3","49","20.843248607850345","0.3241944468252685"
"3","adaptive","0.63","-0.34","20","20","20","0.05","0.05","0.08","0.8","2","50","5","250","179","179","4","29","19.06432908606918","0.49742043685161996"
"5","adaptive","0.87","-0.34","20","20","20","0.05","0.05","0.08","0.8","2","50","5","250","150","150","4","0","20","0.4422934560317528"
"4","adaptive","0.63","0.28","20","20","20","0.05","0.05","0.08","0.8","2","50","5","250","145","145","3","45","21.011830400049952","0.35988268112607597"
"3","adaptive","0.63","-0.34","20","20","20","0.05","0.05","0.08","0.8","2","50","5","250","180","180","4","30","19.06432838766252","0.49742043685161996"
"8","adaptive","1.08","0.28","20","20","20","0.05","0.05","0.08","0.8","2","50","5","250","156","156","4","6","20.620530358296797","0.35817728209674715"
"6","adaptive","0.87","0.28","20","20","20","0.05","0.05","0.08","0.8","2","50","5","250","150","150","4","0","20","0.38894028644660567"
"5","adaptive","0.87","-0.34","20","20","20","0.05","0.05","0.08","0.8","2","50","5","250","151","151","4","1","19.66","0.4422934560317528"
"4","adaptive","0.63","0.28","20","20","20","0.05","0.05","0.08","0.8","2","50","5","250","146","146","3","46","21.0118305306021","0.35988268112607597"
"3","adaptive","0.63","-0.34","20","20","20","0.05","0.05","0.08","0.8","2","50","5","250","181","181","4","31","19.064327943039295","0.49742043685161996"
"6","adaptive","0.87","0.28","20","20","20","0.05","0.05","0.08","0.8","2","50","5","250","151","151","4","1","20.28","0.38894028644660567"
"8","adaptive","1.08","0.28","20","20","20","0.05","0.05","0.08","0.8","2","50","5","250","157","157","4","7","20.62946317301323","0.35817728209674715"
"5","adaptive","0.87","-0.34","20","20","20","0.05","0.05","0.08","0.8","2","50","5","250","152","152","4","2","19.467830404294194","0.4422934560317528"
"3","adaptive","0.63","-0.34","20","20","20","0.05","0.05","0.08","0.8","2","50","5","250","182","182","4","32","19.064327659980975","0.49742043685161996"
"4","adaptive","0.63","0.28","20","20","20","0.05","0.05","0.08","0.8","2","50","5","250","147","147","3","47","21.011830625027066","0.35988268112607597"
"6","adaptive","0.87","0.28","20","20","20","0.05","0.05","0.08","0.8","2","50","5","250","152","152","4","2","20.451254146221608","0.38894028644660567"
"3","adaptive","0.63","-0.34","20","20","20","0.05","0.05","0.08","0.8","2","50","5","250","183","183","4","33","19.06432747977894","0.49742043685161996"
"8","adaptive","1.08","0.28","20","20","20","0.05","0.05","0.08","0.8","2","50","5","250","158","158","4","8","20.634493853193508","0.35817728209674715"
"5","adaptive","0.87","-0.34","20","20","20","0.05","0.05","0.08","0.8","2","50","5","250","153","153","4","3","19.35921524690086","0.4422934560317528"
"4","adaptive","0.63","0.28","20","20","20","0.05","0.05","0.08","0.8","2","50","5","250","148","148","3","48","21.011830693322178","0.35988268112607597"
"6","adaptive","0.87","0.28","20","20","20","0.05","0.05","0.08","0.8","2","50","5","250","153","153","4","3","20.55599694121479","0.38894028644660567"
"4","adaptive","0.63","0.28","20","20","20","0.05","0.05","0.08","0.8","2","50","5","250","149","149","3","49","21.011830742718253","0.35988268112607597"
"3","adaptive","0.63","-0.34","20","20","20","0.05","0.05","0.08","0.8","2","50","5","250","184","184","4","34","19.064327365057792","0.49742043685161996"
"5","adaptive","0.87","-0.34","20","20","20","0.05","0.05","0.08","0.8","2","50","5","250","154","154","4","4","19.2978254501838","0.4422934560317528"
"8","adaptive","1.08","0.28","20","20","20","0.05","0.05","0.08","0.8","2","50","5","250","159","159","4","9","20.637326973982375","0.35817728209674715"
"6","adaptive","0.87","0.28","20","20","20","0.05","0.05","0.08","0.8","2","50","5","250","154","154","4","4","20.620059933819874","0.38894028644660567"
"4","adaptive","0.63","0.28","20","20","20","0.05","0.05","0.08","0.8","2","50","5","250","150","150","4","0","20","0.43659778515354114"
"5","adaptive","0.87","-0.34","20","20","20","0.05","0.05","0.08","0.8","2","50","5","250","155","155","4","5","19.263127648961508","0.4422934560317528"
"8","adaptive","1.08","0.28","20","20","20","0.05","0.05","0.08","0.8","2","50","5","250","160","160","4","10","20.63892249846747","0.35817728209674715"
"3","adaptive","0.63","-0.34","20","20","20","0.05","0.05","0.08","0.8","2","50","5","250","185","185","4","35","19.06432729202343","0.49742043685161996"
"6","adaptive","0.87","0.28","20","20","20","0.05","0.05","0.08","0.8","2","50","5","250","155","155","4","5","20.659242266330534","0.38894028644660567"
"5","adaptive","0.87","-0.34","20","20","20","0.05","0.05","0.08","0.8","2","50","5","250","156","156","4","6","19.24351628886513","0.4422934560317528"
"4","adaptive","0.63","0.28","20","20","20","0.05","0.05","0.08","0.8","2","50","5","250","151","151","4","1","20.28","0.43659778515354114"
"8","adaptive","1.08","0.28","20","20","20","0.05","0.05","0.08","0.8","2","50","5","250","161","161","4","11","20.639821047654834","0.35817728209674715"
"3","adaptive","0.63","-0.34","20","20","20","0.05","0.05","0.08","0.8","2","50","5","250","186","186","4","36","19.06432724552792","0.49742043685161996"
"6","adaptive","0.87","0.28","20","20","20","0.05","0.05","0.08","0.8","2","50","5","250","156","156","4","6","20.683207040977262","0.38894028644660567"
"5","adaptive","0.87","-0.34","20","20","20","0.05","0.05","0.08","0.8","2","50","5","250","157","157","4","7","19.232431856097598","0.4422934560317528"
"4","adaptive","0.63","0.28","20","20","20","0.05","0.05","0.08","0.8","2","50","5","250","152","152","4","2","20.46898415069892","0.43659778515354114"
"8","adaptive","1.08","0.28","20","20","20","0.05","0.05","0.08","0.8","2","50","5","250","162","162","4","12","20.640327082284607","0.35817728209674715"
"3","adaptive","0.63","-0.34","20","20","20","0.05","0.05","0.08","0.8","2","50","5","250","187","187","4","37","19.064327215927708","0.49742043685161996"
"6","adaptive","0.87","0.28","20","20","20","0.05","0.05","0.08","0.8","2","50","5","250","157","157","4","7","20.697864423196968","0.38894028644660567"
"5","adaptive","0.87","-0.34","20","20","20","0.05","0.05","0.08","0.8","2","50","5","250","158","158","4","8","19.226166882675347","0.4422934560317528"
"4","adaptive","0.63","0.28","20","20","20","0.05","0.05","0.08","0.8","2","50","5","250","153","153","4","3","20.5965377550396","0.43659778515354114"
"3","adaptive","0.63","-0.34","20","20","20","0.05","0.05","0.08","0.8","2","50","5","250","188","188","4","38","19.064327197083472","0.49742043685161996"
"8","adaptive","1.08","0.28","20","20","20","0.05","0.05","0.08","0.8","2","50","5","250","163","163","4","13","20.640612065065888","0.35817728209674715"
"5","adaptive","0.87","-0.34","20","20","20","0.05","0.05","0.08","0.8","2","50","5","250","159","159","4","9","19.222625890293994","0.4422934560317528"
"6","adaptive","0.87","0.28","20","20","20","0.05","0.05","0.08","0.8","2","50","5","250","158","158","4","8","20.706829199903684","0.38894028644660567"
"4","adaptive","0.63","0.28","20","20","20","0.05","0.05","0.08","0.8","2","50","5","250","154","154","4","4","20.682629217842845","0.43659778515354114"
"3","adaptive","0.63","-0.34","20","20","20","0.05","0.05","0.08","0.8","2","50","5","250","189","189","4","39","19.064327185086757","0.49742043685161996"
"8","adaptive","1.08","0.28","20","20","20","0.05","0.05","0.08","0.8","2","50","5","250","164","164","4","14","20.640772558401416","0.35817728209674715"
"5","adaptive","0.87","-0.34","20","20","20","0.05","0.05","0.08","0.8","2","50","5","250","160","160","4","10","19.220624504781277","0.4422934560317528"
"6","adaptive","0.87","0.28","20","20","20","0.05","0.05","0.08","0.8","2","50","5","250","159","159","4","9","20.712312254121453","0.38894028644660567"
"4","adaptive","0.63","0.28","20","20","20","0.05","0.05","0.08","0.8","2","50","5","250","155","155","4","5","20.7407360820582","0.43659778515354114"
"3","adaptive","0.63","-0.34","20","20","20","0.05","0.05","0.08","0.8","2","50","5","250","190","190","4","40","19.064327177449346","0.49742043685161996"
"5","adaptive","0.87","-0.34","20","20","20","0.05","0.05","0.08","0.8","2","50","5","250","161","161","4","11","19.219493312296482","0.4422934560317528"
"8","adaptive","1.08","0.28","20","20","20","0.05","0.05","0.08","0.8","2","50","5","250","165","165","4","15","20.640862943198115","0.35817728209674715"
"6","adaptive","0.87","0.28","20","20","20","0.05","0.05","0.08","0.8","2","50","5","250","160","160","4","10","20.71566581043842","0.38894028644660567"
"4","adaptive","0.63","0.28","20","20","20","0.05","0.05","0.08","0.8","2","50","5","250","156","156","4","6","20.77995492628504","0.43659778515354114"
"3","adaptive","0.63","-0.34","20","20","20","0.05","0.05","0.08","0.8","2","50","5","250","191","191","4","41","19.06432717258718","0.49742043685161996"
"5","adaptive","0.87","-0.34","20","20","20","0.05","0.05","0.08","0.8","2","50","5","250","162","162","4","12","19.218853956995105","0.4422934560317528"
"8","adaptive","1.08","0.28","20","20","20","0.05","0.05","0.08","0.8","2","50","5","250","166","166","4","16","20.64091384507169","0.35817728209674715"
"6","adaptive","0.87","0.28","20","20","20","0.05","0.05","0.08","0.8","2","50","5","250","161","161","4","11","20.717716919095096","0.38894028644660567"
"4","adaptive","0.63","0.28","20","20","20","0.05","0.05","0.08","0.8","2","50","5","250","157","157","4","7","20.806425426169334","0.43659778515354114"
"3","adaptive","0.63","-0.34","20","20","20","0.05","0.05","0.08","0.8","2","50","5","250","192","192","4","42","19.064327169491804","0.49742043685161996"
"5","adaptive","0.87","-0.34","20","20","20","0.05","0.05","0.08","0.8","2","50","5","250","163","163","4","13","19.218492590378112","0.4422934560317528"
"6","adaptive","0.87","0.28","20","20","20","0.05","0.05","0.08","0.8","2","50","5","250","162","162","4","12","20.718971422172974","0.38894028644660567"
"8","adaptive","1.08","0.28","20","20","20","0.05","0.05","0.08","0.8","2","50","5","250","167","167","4","17","20.640942511405274","0.35817728209674715"
"4","adaptive","0.63","0.28","20","20","20","0.05","0.05","0.08","0.8","2","50","5","250","158","158","4","8","20.824291515237938","0.43659778515354114"
"3","adaptive","0.63","-0.34","20","20","20","0.05","0.05","0.08","0.8","2","50","5","250","193","193","4","43","19.064327167521206","0.49742043685161996"
"5","adaptive","0.87","-0.34","20","20","20","0.05","0.05","0.08","0.8","2","50","5","250","164","164","4","14","19.218288344270203","0.4422934560317528"
"6","adaptive","0.87","0.28","20","20","20","0.05","0.05","0.08","0.8","2","50","5","250","163","163","4","13","20.719738703792743","0.38894028644660567"
"8","adaptive","1.08","0.28","20","20","20","0.05","0.05","0.08","0.8","2","50","5","250","168","168","4","18","20.640958655382377","0.35817728209674715"
"4","adaptive","0.63","0.28","20","20","20","0.05","0.05","0.08","0.8","2","50","5","250","159","159","4","9","20.836350114055584","0.43659778515354114"
"3","adaptive","0.63","-0.34","20","20","20","0.05","0.05","0.08","0.8","2","50","5","250","194","194","4","44","19.064327166266676","0.49742043685161996"
"6","adaptive","0.87","0.28","20","20","20","0.05","0.05","0.08","0.8","2","50","5","250","164","164","4","14","20.72020799007383","0.38894028644660567"
"8","adaptive","1.08","0.28","20","20","20","0.05","0.05","0.08","0.8","2","50","5","250","169","169","4","19","20.640967747162314","0.35817728209674715"
"5","adaptive","0.87","-0.34","20","20","20","0.05","0.05","0.08","0.8","2","50","5","250","165","165","4","15","19.218172903411435","0.4422934560317528"
"3","adaptive","0.63","-0.34","20","20","20","0.05","0.05","0.08","0.8","2","50","5","250","195","195","4","45","19.06432716546801","0.49742043685161996"
"4","adaptive","0.63","0.28","20","20","20","0.05","0.05","0.08","0.8","2","50","5","250","160","160","4","10","20.84448898568477","0.43659778515354114"
"6","adaptive","0.87","0.28","20","20","20","0.05","0.05","0.08","0.8","2","50","5","250","165","165","4","15","20.72049501586455","0.38894028644660567"
"5","adaptive","0.87","-0.34","20","20","20","0.05","0.05","0.08","0.8","2","50","5","250","166","166","4","16","19.218107655696265","0.4422934560317528"
"3","adaptive","0.63","-0.34","20","20","20","0.05","0.05","0.08","0.8","2","50","5","250","196","196","4","46","19.06432716495956","0.49742043685161996"
"8","adaptive","1.08","0.28","20","20","20","0.05","0.05","0.08","0.8","2","50","5","250","170","170","4","20","20.640972867366703","0.35817728209674715"
"4","adaptive","0.63","0.28","20","20","20","0.05","0.05","0.08","0.8","2","50","5","250","161","161","4","11","20.849982263336518","0.43659778515354114"
"6","adaptive","0.87","0.28","20","20","20","0.05","0.05","0.08","0.8","2","50","5","250","166","166","4","16","20.720670567138598","0.38894028644660567"
"5","adaptive","0.87","-0.34","20","20","20","0.05","0.05","0.08","0.8","2","50","5","250","167","167","4","17","19.218070777381428","0.4422934560317528"
"3","adaptive","0.63","-0.34","20","20","20","0.05","0.05","0.08","0.8","2","50","5","250","197","197","4","47","19.06432716463587","0.49742043685161996"
"4","adaptive","0.63","0.28","20","20","20","0.05","0.05","0.08","0.8","2","50","5","250","162","162","4","12","20.853689914806406","0.43659778515354114"
"6","adaptive","0.87","0.28","20","20","20","0.05","0.05","0.08","0.8","2","50","5","250","167","167","4","17","20.72077793815129","0.38894028644660567"
"5","adaptive","0.87","-0.34","20","20","20","0.05","0.05","0.08","0.8","2","50","5","250","168","168","4","18","19.2180499335848","0.4422934560317528"
"3","adaptive","0.63","-0.34","20","20","20","0.05","0.05","0.08","0.8","2","50","5","250","198","198","4","48","19.064327164429802","0.49742043685161996"
"4","adaptive","0.63","0.28","20","20","20","0.05","0.05","0.08","0.8","2","50","5","250","163","163","4","13","20.85619236967828","0.43659778515354114"
"6","adaptive","0.87","0.28","20","20","20","0.05","0.05","0.08","0.8","2","50","5","250","168","168","4","18","20.720843608619536","0.38894028644660567"
"5","adaptive","0.87","-0.34","20","20","20","0.05","0.05","0.08","0.8","2","50","5","250","169","169","4","19","19.218038152573126","0.4422934560317528"
"3","adaptive","0.63","-0.34","20","20","20","0.05","0.05","0.08","0.8","2","50","5","250","199","199","4","49","19.06432716429861","0.49742043685161996"
"4","adaptive","0.63","0.28","20","20","20","0.05","0.05","0.08","0.8","2","50","5","250","164","164","4","14","20.857881385066218","0.43659778515354114"
"3","adaptive","0.63","-0.34","20","20","20","0.05","0.05","0.08","0.8","2","50","5","250","200","200","5","0","20","0.5696514171774324"
"5","adaptive","0.87","-0.34","20","20","20","0.05","0.05","0.08","0.8","2","50","5","250","170","170","4","20","19.218031493890035","0.4422934560317528"
"6","adaptive","0.87","0.28","20","20","20","0.05","0.05","0.08","0.8","2","50","5","250","169","169","4","19","20.720883774119432","0.38894028644660567"
"5","adaptive","0.87","-0.34","20","20","20","0.05","0.05","0.08","0.8","2","50","5","250","171","171","4","21","19.218027730371098","0.4422934560317528"
"3","adaptive","0.63","-0.34","20","20","20","0.05","0.05","0.08","0.8","2","50","5","250","201","201","5","1","19.66","0.5696514171774324"
"4","adaptive","0.63","0.28","20","20","20","0.05","0.05","0.08","0.8","2","50","5","250","165","165","4","15","20.85902137484696","0.43659778515354114"
"6","adaptive","0.87","0.28","20","20","20","0.05","0.05","0.08","0.8","2","50","5","250","170","170","4","20","20.720908340220834","0.38894028644660567"
"5","adaptive","0.87","-0.34","20","20","20","0.05","0.05","0.08","0.8","2","50","5","250","172","172","4","22","19.218025603212535","0.4422934560317528"
"3","adaptive","0.63","-0.34","20","20","20","0.05","0.05","0.08","0.8","2","50","5","250","202","202","5","2","19.459019333559407","0.5696514171774324"
"4","adaptive","0.63","0.28","20","20","20","0.05","0.05","0.08","0.8","2","50","5","250","166","166","4","16","20.859790803420243","0.43659778515354114"
"6","adaptive","0.87","0.28","20","20","20","0.05","0.05","0.08","0.8","2","50","5","250","171","171","4","21","20.720923365387694","0.38894028644660567"
"3","adaptive","0.63","-0.34","20","20","20","0.05","0.05","0.08","0.8","2","50","5","250","203","203","5","3","19.340215720962625","0.5696514171774324"
"5","adaptive","0.87","-0.34","20","20","20","0.05","0.05","0.08","0.8","2","50","5","250","173","173","4","23","19.21802440093253","0.4422934560317528"
"4","adaptive","0.63","0.28","20","20","20","0.05","0.05","0.08","0.8","2","50","5","250","167","167","4","17","20.860310124153976","0.43659778515354114"
"6","adaptive","0.87","0.28","20","20","20","0.05","0.05","0.08","0.8","2","50","5","250","172","172","4","22","20.720932555109563","0.38894028644660567"
"3","adaptive","0.63","-0.34","20","20","20","0.05","0.05","0.08","0.8","2","50","5","250","204","204","5","4","19.269988576153064","0.5696514171774324"
"6","adaptive","0.87","0.28","20","20","20","0.05","0.05","0.08","0.8","2","50","5","250","173","173","4","23","20.72093817574518","0.38894028644660567"
"5","adaptive","0.87","-0.34","20","20","20","0.05","0.05","0.08","0.8","2","50","5","250","174","174","4","24","19.21802372139823","0.4422934560317528"
"4","adaptive","0.63","0.28","20","20","20","0.05","0.05","0.08","0.8","2","50","5","250","168","168","4","18","20.86066063625328","0.43659778515354114"
"3","adaptive","0.63","-0.34","20","20","20","0.05","0.05","0.08","0.8","2","50","5","250","205","205","5","5","19.228475933899986","0.5696514171774324"
"6","adaptive","0.87","0.28","20","20","20","0.05","0.05","0.08","0.8","2","50","5","250","174","174","4","24","20.7209416134493","0.38894028644660567"
"4","adaptive","0.63","0.28","20","20","20","0.05","0.05","0.08","0.8","2","50","5","250","169","169","4","19","20.860897212079696","0.43659778515354114"
"5","adaptive","0.87","-0.34","20","20","20","0.05","0.05","0.08","0.8","2","50","5","250","175","175","4","25","19.218023337322254","0.4422934560317528"
"3","adaptive","0.63","-0.34","20","20","20","0.05","0.05","0.08","0.8","2","50","5","250","206","206","5","6","19.20393699711842","0.5696514171774324"
"6","adaptive","0.87","0.28","20","20","20","0.05","0.05","0.08","0.8","2","50","5","250","175","175","4","25","20.7209437160246","0.38894028644660567"
"3","adaptive","0.63","-0.34","20","20","20","0.05","0.05","0.08","0.8","2","50","5","250","207","207","5","7","19.189431550447527","0.5696514171774324"
"5","adaptive","0.87","-0.34","20","20","20","0.05","0.05","0.08","0.8","2","50","5","250","176","176","4","26","19.21802312024071","0.4422934560317528"
"4","adaptive","0.63","0.28","20","20","20","0.05","0.05","0.08","0.8","2","50","5","250","170","170","4","20","20.861056887371234","0.43659778515354114"
"6","adaptive","0.87","0.28","20","20","20","0.05","0.05","0.08","0.8","2","50","5","250","176","176","4","26","20.720945002005806","0.38894028644660567"
"5","adaptive","0.87","-0.34","20","20","20","0.05","0.05","0.08","0.8","2","50","5","250","177","177","4","27","19.2180229975452","0.4422934560317528"
"3","adaptive","0.63","-0.34","20","20","20","0.05","0.05","0.08","0.8","2","50","5","250","208","208","5","8","19.180857096509484","0.5696514171774324"
"4","adaptive","0.63","0.28","20","20","20","0.05","0.05","0.08","0.8","2","50","5","250","171","171","4","21","20.86116465915466","0.43659778515354114"
"5","adaptive","0.87","-0.34","20","20","20","0.05","0.05","0.08","0.8","2","50","5","250","178","178","4","28","19.218022928197126","0.4422934560317528"
"6","adaptive","0.87","0.28","20","20","20","0.05","0.05","0.08","0.8","2","50","5","250","177","177","4","27","20.720945788540142","0.38894028644660567"
"3","adaptive","0.63","-0.34","20","20","20","0.05","0.05","0.08","0.8","2","50","5","250","209","209","5","9","19.175788568665862","0.5696514171774324"
"4","adaptive","0.63","0.28","20","20","20","0.05","0.05","0.08","0.8","2","50","5","250","172","172","4","22","20.861237399008086","0.43659778515354114"
"5","adaptive","0.87","-0.34","20","20","20","0.05","0.05","0.08","0.8","2","50","5","250","179","179","4","29","19.218022889001265","0.4422934560317528"
"6","adaptive","0.87","0.28","20","20","20","0.05","0.05","0.08","0.8","2","50","5","250","178","178","4","28","20.720946269601807","0.38894028644660567"
"3","adaptive","0.63","-0.34","20","20","20","0.05","0.05","0.08","0.8","2","50","5","250","210","210","5","10","19.172792462477968","0.5696514171774324"
"4","adaptive","0.63","0.28","20","20","20","0.05","0.05","0.08","0.8","2","50","5","250","173","173","4","23","20.86128649429174","0.43659778515354114"
"5","adaptive","0.87","-0.34","20","20","20","0.05","0.05","0.08","0.8","2","50","5","250","180","180","4","30","19.218022866847583","0.4422934560317528"
"6","adaptive","0.87","0.28","20","20","20","0.05","0.05","0.08","0.8","2","50","5","250","179","179","4","29","20.72094656382968","0.38894028644660567"
"3","adaptive","0.63","-0.34","20","20","20","0.05","0.05","0.08","0.8","2","50","5","250","211","211","5","11","19.171021405365117","0.5696514171774324"
"4","adaptive","0.63","0.28","20","20","20","0.05","0.05","0.08","0.8","2","50","5","250","174","174","4","24","20.861319630829183","0.43659778515354114"
"5","adaptive","0.87","-0.34","20","20","20","0.05","0.05","0.08","0.8","2","50","5","250","181","181","4","31","19.218022854326218","0.4422934560317528"
"6","adaptive","0.87","0.28","20","20","20","0.05","0.05","0.08","0.8","2","50","5","250","180","180","4","30","20.720946743785905","0.38894028644660567"
"3","adaptive","0.63","-0.34","20","20","20","0.05","0.05","0.08","0.8","2","50","5","250","212","212","5","12","19.169974498780277","0.5696514171774324"
"4","adaptive","0.63","0.28","20","20","20","0.05","0.05","0.08","0.8","2","50","5","250","175","175","4","25","20.861341996116273","0.43659778515354114"
"5","adaptive","0.87","-0.34","20","20","20","0.05","0.05","0.08","0.8","2","50","5","250","182","182","4","32","19.218022847249085","0.4422934560317528"
"6","adaptive","0.87","0.28","20","20","20","0.05","0.05","0.08","0.8","2","50","5","250","181","181","4","31","20.720946853851082","0.38894028644660567"
"3","adaptive","0.63","-0.34","20","20","20","0.05","0.05","0.08","0.8","2","50","5","250","213","213","5","13","19.169355651771095","0.5696514171774324"
"4","adaptive","0.63","0.28","20","20","20","0.05","0.05","0.08","0.8","2","50","5","250","176","176","4","26","20.86135709141908","0.43659778515354114"
"5","adaptive","0.87","-0.34","20","20","20","0.05","0.05","0.08","0.8","2","50","5","250","183","183","4","33","19.218022843249052","0.4422934560317528"
"6","adaptive","0.87","0.28","20","20","20","0.05","0.05","0.08","0.8","2","50","5","250","182","182","4","32","20.72094692116936","0.38894028644660567"
"3","adaptive","0.63","-0.34","20","20","20","0.05","0.05","0.08","0.8","2","50","5","250","214","214","5","14","19.168989839170123","0.5696514171774324"
"5","adaptive","0.87","-0.34","20","20","20","0.05","0.05","0.08","0.8","2","50","5","250","184","184","4","34","19.218022840988215","0.4422934560317528"
"4","adaptive","0.63","0.28","20","20","20","0.05","0.05","0.08","0.8","2","50","5","250","177","177","4","27","20.86136727989401","0.43659778515354114"
"6","adaptive","0.87","0.28","20","20","20","0.05","0.05","0.08","0.8","2","50","5","250","183","183","4","33","20.720946962342698","0.38894028644660567"
"3","adaptive","0.63","-0.34","20","20","20","0.05","0.05","0.08","0.8","2","50","5","250","215","215","5","15","19.168773600169136","0.5696514171774324"
"4","adaptive","0.63","0.28","20","20","20","0.05","0.05","0.08","0.8","2","50","5","250","178","178","4","28","20.861374156537877","0.43659778515354114"
"6","adaptive","0.87","0.28","20","20","20","0.05","0.05","0.08","0.8","2","50","5","250","184","184","4","34","20.720946987525217","0.38894028644660567"
"3","adaptive","0.63","-0.34","20","20","20","0.05","0.05","0.08","0.8","2","50","5","250","216","216","5","16","19.168645777055815","0.5696514171774324"
"5","adaptive","0.87","-0.34","20","20","20","0.05","0.05","0.08","0.8","2","50","5","250","185","185","4","35","19.21802283971038","0.4422934560317528"
"6","adaptive","0.87","0.28","20","20","20","0.05","0.05","0.08","0.8","2","50","5","250","185","185","4","35","20.720947002927396","0.38894028644660567"
"3","adaptive","0.63","-0.34","20","20","20","0.05","0.05","0.08","0.8","2","50","5","250","217","217","5","17","19.16857021830728","0.5696514171774324"
"5","adaptive","0.87","-0.34","20","20","20","0.05","0.05","0.08","0.8","2","50","5","250","186","186","4","36","19.21802283898814","0.4422934560317528"
"4","adaptive","0.63","0.28","20","20","20","0.05","0.05","0.08","0.8","2","50","5","250","179","179","4","29","20.861378797883233","0.43659778515354114"
"6","adaptive","0.87","0.28","20","20","20","0.05","0.05","0.08","0.8","2","50","5","250","186","186","4","36","20.720947012347708","0.38894028644660567"
"3","adaptive","0.63","-0.34","20","20","20","0.05","0.05","0.08","0.8","2","50","5","250","218","218","5","18","19.168525554049527","0.5696514171774324"
"5","adaptive","0.87","-0.34","20","20","20","0.05","0.05","0.08","0.8","2","50","5","250","187","187","4","37","19.21802283857993","0.4422934560317528"
"4","adaptive","0.63","0.28","20","20","20","0.05","0.05","0.08","0.8","2","50","5","250","180","180","4","30","20.861381930528626","0.43659778515354114"
"6","adaptive","0.87","0.28","20","20","20","0.05","0.05","0.08","0.8","2","50","5","250","187","187","4","37","20.720947018109378","0.38894028644660567"
"3","adaptive","0.63","-0.34","20","20","20","0.05","0.05","0.08","0.8","2","50","5","250","219","219","5","19","19.16849915213103","0.5696514171774324"
"4","adaptive","0.63","0.28","20","20","20","0.05","0.05","0.08","0.8","2","50","5","250","181","181","4","31","20.861384044886947","0.43659778515354114"
"6","adaptive","0.87","0.28","20","20","20","0.05","0.05","0.08","0.8","2","50","5","250","188","188","4","38","20.72094702163334","0.38894028644660567"
"5","adaptive","0.87","-0.34","20","20","20","0.05","0.05","0.08","0.8","2","50","5","250","188","188","4","38","19.218022838349206","0.4422934560317528"
"3","adaptive","0.63","-0.34","20","20","20","0.05","0.05","0.08","0.8","2","50","5","250","220","220","5","20","19.168483545439337","0.5696514171774324"
"4","adaptive","0.63","0.28","20","20","20","0.05","0.05","0.08","0.8","2","50","5","250","182","182","4","32","20.86138547195913","0.43659778515354114"
"6","adaptive","0.87","0.28","20","20","20","0.05","0.05","0.08","0.8","2","50","5","250","189","189","4","39","20.72094702378867","0.38894028644660567"
"5","adaptive","0.87","-0.34","20","20","20","0.05","0.05","0.08","0.8","2","50","5","250","189","189","4","39","19.2180228382188","0.4422934560317528"
"3","adaptive","0.63","-0.34","20","20","20","0.05","0.05","0.08","0.8","2","50","5","250","221","221","5","21","19.16847432001788","0.5696514171774324"
"4","adaptive","0.63","0.28","20","20","20","0.05","0.05","0.08","0.8","2","50","5","250","183","183","4","33","20.861386435152074","0.43659778515354114"
"6","adaptive","0.87","0.28","20","20","20","0.05","0.05","0.08","0.8","2","50","5","250","190","190","4","40","20.72094702510692","0.38894028644660567"
"3","adaptive","0.63","-0.34","20","20","20","0.05","0.05","0.08","0.8","2","50","5","250","222","222","5","22","19.168468866690368","0.5696514171774324"
"1","adaptive","0.42","-0.34","20","20","20","0.05","0.05","0.08","0.8","2","50","5","250","213","213","5","13","18.96579069095744","0.6591367025619821"
"5","adaptive","0.87","-0.34","20","20","20","0.05","0.05","0.08","0.8","2","50","5","250","190","190","4","40","19.218022838145092","0.4422934560317528"
"6","adaptive","0.87","0.28","20","20","20","0.05","0.05","0.08","0.8","2","50","5","250","191","191","4","41","20.72094702591319","0.38894028644660567"
"4","adaptive","0.63","0.28","20","20","20","0.05","0.05","0.08","0.8","2","50","5","250","184","184","4","34","20.86138708525279","0.43659778515354114"
"1","adaptive","0.42","-0.34","20","20","20","0.05","0.05","0.08","0.8","2","50","5","250","214","214","5","14","18.96380898817248","0.6591367025619821"
"6","adaptive","0.87","0.28","20","20","20","0.05","0.05","0.08","0.8","2","50","5","250","192","192","4","42","20.72094702640632","0.38894028644660567"
"3","adaptive","0.63","-0.34","20","20","20","0.05","0.05","0.08","0.8","2","50","5","250","223","223","5","23","19.168465643121554","0.5696514171774324"
"1","adaptive","0.42","-0.34","20","20","20","0.05","0.05","0.08","0.8","2","50","5","250","215","215","5","15","18.962474980003204","0.6591367025619821"
"4","adaptive","0.63","0.28","20","20","20","0.05","0.05","0.08","0.8","2","50","5","250","185","185","4","35","20.861387524033976","0.43659778515354114"
"5","adaptive","0.87","-0.34","20","20","20","0.05","0.05","0.08","0.8","2","50","5","250","191","191","4","41","19.218022838103437","0.4422934560317528"
"6","adaptive","0.87","0.28","20","20","20","0.05","0.05","0.08","0.8","2","50","5","250","193","193","4","43","20.720947026707933","0.38894028644660567"
"3","adaptive","0.63","-0.34","20","20","20","0.05","0.05","0.08","0.8","2","50","5","250","224","224","5","24","19.16846373760682","0.5696514171774324"
"1","adaptive","0.42","-0.34","20","20","20","0.05","0.05","0.08","0.8","2","50","5","250","216","216","5","16","18.961576975615667","0.6591367025619821"
"4","adaptive","0.63","0.28","20","20","20","0.05","0.05","0.08","0.8","2","50","5","250","186","186","4","36","20.861387820186437","0.43659778515354114"
"6","adaptive","0.87","0.28","20","20","20","0.05","0.05","0.08","0.8","2","50","5","250","194","194","4","44","20.720947026892404","0.38894028644660567"
"3","adaptive","0.63","-0.34","20","20","20","0.05","0.05","0.08","0.8","2","50","5","250","225","225","5","25","19.1684626112197","0.5696514171774324"
"1","adaptive","0.42","-0.34","20","20","20","0.05","0.05","0.08","0.8","2","50","5","250","217","217","5","17","18.960972472660877","0.6591367025619821"
"4","adaptive","0.63","0.28","20","20","20","0.05","0.05","0.08","0.8","2","50","5","250","187","187","4","37","20.861388020072585","0.43659778515354114"
"5","adaptive","0.87","-0.34","20","20","20","0.05","0.05","0.08","0.8","2","50","5","250","192","192","4","42","19.21802283807989","0.4422934560317528"
"6","adaptive","0.87","0.28","20","20","20","0.05","0.05","0.08","0.8","2","50","5","250","195","195","4","45","20.72094702700523","0.38894028644660567"
"1","adaptive","0.42","-0.34","20","20","20","0.05","0.05","0.08","0.8","2","50","5","250","218","218","5","18","18.96056554388924","0.6591367025619821"
"3","adaptive","0.63","-0.34","20","20","20","0.05","0.05","0.08","0.8","2","50","5","250","226","226","5","26","19.168461945390188","0.5696514171774324"
"4","adaptive","0.63","0.28","20","20","20","0.05","0.05","0.08","0.8","2","50","5","250","188","188","4","38","20.86138815498442","0.43659778515354114"
"1","adaptive","0.42","-0.34","20","20","20","0.05","0.05","0.08","0.8","2","50","5","250","219","219","5","19","18.960291614665444","0.6591367025619821"
"6","adaptive","0.87","0.28","20","20","20","0.05","0.05","0.08","0.8","2","50","5","250","196","196","4","46","20.72094702707424","0.38894028644660567"
"5","adaptive","0.87","-0.34","20","20","20","0.05","0.05","0.08","0.8","2","50","5","250","193","193","4","43","19.21802283806658","0.4422934560317528"
"3","adaptive","0.63","-0.34","20","20","20","0.05","0.05","0.08","0.8","2","50","5","250","227","227","5","27","19.168461551805308","0.5696514171774324"
"4","adaptive","0.63","0.28","20","20","20","0.05","0.05","0.08","0.8","2","50","5","250","189","189","4","39","20.861388246042274","0.43659778515354114"
"1","adaptive","0.42","-0.34","20","20","20","0.05","0.05","0.08","0.8","2","50","5","250","220","220","5","20","18.960107215761067","0.6591367025619821"
"6","adaptive","0.87","0.28","20","20","20","0.05","0.05","0.08","0.8","2","50","5","250","197","197","4","47","20.720947027116445","0.38894028644660567"
"3","adaptive","0.63","-0.34","20","20","20","0.05","0.05","0.08","0.8","2","50","5","250","228","228","5","28","19.16846131914957","0.5696514171774324"
"5","adaptive","0.87","-0.34","20","20","20","0.05","0.05","0.08","0.8","2","50","5","250","194","194","4","44","19.21802283805906","0.4422934560317528"
"6","adaptive","0.87","0.28","20","20","20","0.05","0.05","0.08","0.8","2","50","5","250","198","198","4","48","20.72094702714226","0.38894028644660567"
"1","adaptive","0.42","-0.34","20","20","20","0.05","0.05","0.08","0.8","2","50","5","250","221","221","5","21","18.95998308531794","0.6591367025619821"
"4","adaptive","0.63","0.28","20","20","20","0.05","0.05","0.08","0.8","2","50","5","250","190","190","4","40","20.861388307501173","0.43659778515354114"
"3","adaptive","0.63","-0.34","20","20","20","0.05","0.05","0.08","0.8","2","50","5","250","229","229","5","29","19.168461181622202","0.5696514171774324"
"1","adaptive","0.42","-0.34","20","20","20","0.05","0.05","0.08","0.8","2","50","5","250","222","222","5","22","18.959899525347975","0.6591367025619821"
"6","adaptive","0.87","0.28","20","20","20","0.05","0.05","0.08","0.8","2","50","5","250","199","199","4","49","20.720947027158047","0.38894028644660567"
"5","adaptive","0.87","-0.34","20","20","20","0.05","0.05","0.08","0.8","2","50","5","250","195","195","4","45","19.21802283805481","0.4422934560317528"
"4","adaptive","0.63","0.28","20","20","20","0.05","0.05","0.08","0.8","2","50","5","250","191","191","4","41","20.861388348982448","0.43659778515354114"
"3","adaptive","0.63","-0.34","20","20","20","0.05","0.05","0.08","0.8","2","50","5","250","230","230","5","30","19.16846110032708","0.5696514171774324"
"5","adaptive","0.87","-0.34","20","20","20","0.05","0.05","0.08","0.8","2","50","5","250","196","196","4","46","19.218022838052406","0.4422934560317528"
"1","adaptive","0.42","-0.34","20","20","20","0.05","0.05","0.08","0.8","2","50","5","250","223","223","5","23","18.959843275902596","0.6591367025619821"
"6","adaptive","0.87","0.28","20","20","20","0.05","0.05","0.08","0.8","2","50","5","250","200","200","5","0","20","0.4447994803447476"
"4","adaptive","0.63","0.28","20","20","20","0.05","0.05","0.08","0.8","2","50","5","250","192","192","4","42","20.861388376979964","0.43659778515354114"
"3","adaptive","0.63","-0.34","20","20","20","0.05","0.05","0.08","0.8","2","50","5","250","231","231","5","31","19.168461052271937","0.5696514171774324"
"5","adaptive","0.87","-0.34","20","20","20","0.05","0.05","0.08","0.8","2","50","5","250","197","197","4","47","19.218022838051045","0.4422934560317528"
"1","adaptive","0.42","-0.34","20","20","20","0.05","0.05","0.08","0.8","2","50","5","250","224","224","5","24","18.959805410880545","0.6591367025619821"
"4","adaptive","0.63","0.28","20","20","20","0.05","0.05","0.08","0.8","2","50","5","250","193","193","4","43","20.861388395876702","0.43659778515354114"
"6","adaptive","0.87","0.28","20","20","20","0.05","0.05","0.08","0.8","2","50","5","250","201","201","5","1","20.28","0.4447994803447476"
"3","adaptive","0.63","-0.34","20","20","20","0.05","0.05","0.08","0.8","2","50","5","250","232","232","5","32","19.1684610238656","0.5696514171774324"
"5","adaptive","0.87","-0.34","20","20","20","0.05","0.05","0.08","0.8","2","50","5","250","198","198","4","48","19.218022838050278","0.4422934560317528"
"1","adaptive","0.42","-0.34","20","20","20","0.05","0.05","0.08","0.8","2","50","5","250","225","225","5","25","18.959779921564422","0.6591367025619821"
"4","adaptive","0.63","0.28","20","20","20","0.05","0.05","0.08","0.8","2","50","5","250","194","194","4","44","20.86138840863093","0.43659778515354114"
"6","adaptive","0.87","0.28","20","20","20","0.05","0.05","0.08","0.8","2","50","5","250","202","202","5","2","20.437646846588024","0.4447994803447476"
"3","adaptive","0.63","-0.34","20","20","20","0.05","0.05","0.08","0.8","2","50","5","250","233","233","5","33","19.168461007074058","0.5696514171774324"
"5","adaptive","0.87","-0.34","20","20","20","0.05","0.05","0.08","0.8","2","50","5","250","199","199","4","49","19.218022838049844","0.4422934560317528"
"4","adaptive","0.63","0.28","20","20","20","0.05","0.05","0.08","0.8","2","50","5","250","195","195","4","45","20.86138841723931","0.43659778515354114"
"1","adaptive","0.42","-0.34","20","20","20","0.05","0.05","0.08","0.8","2","50","5","250","226","226","5","26","18.959762763110497","0.6591367025619821"
"6","adaptive","0.87","0.28","20","20","20","0.05","0.05","0.08","0.8","2","50","5","250","203","203","5","3","20.526405876013545","0.4447994803447476"
"3","adaptive","0.63","-0.34","20","20","20","0.05","0.05","0.08","0.8","2","50","5","250","234","234","5","34","19.168460997148248","0.5696514171774324"
"5","adaptive","0.87","-0.34","20","20","20","0.05","0.05","0.08","0.8","2","50","5","250","200","200","5","0","20","0.5032252005325203"
"4","adaptive","0.63","0.28","20","20","20","0.05","0.05","0.08","0.8","2","50","5","250","196","196","4","46","20.86138842304948","0.43659778515354114"
"1","adaptive","0.42","-0.34","20","20","20","0.05","0.05","0.08","0.8","2","50","5","250","227","227","5","27","18.959751212681297","0.6591367025619821"
"6","adaptive","0.87","0.28","20","20","20","0.05","0.05","0.08","0.8","2","50","5","250","204","204","5","4","20.576379379924784","0.4447994803447476"
"5","adaptive","0.87","-0.34","20","20","20","0.05","0.05","0.08","0.8","2","50","5","250","201","201","5","1","19.66","0.5032252005325203"
"3","adaptive","0.63","-0.34","20","20","20","0.05","0.05","0.08","0.8","2","50","5","250","235","235","5","35","19.168460991280906","0.5696514171774324"
"4","adaptive","0.63","0.28","20","20","20","0.05","0.05","0.08","0.8","2","50","5","250","197","197","4","47","20.861388426971015","0.43659778515354114"
"1","adaptive","0.42","-0.34","20","20","20","0.05","0.05","0.08","0.8","2","50","5","250","228","228","5","28","18.95974343736452","0.6591367025619821"
"6","adaptive","0.87","0.28","20","20","20","0.05","0.05","0.08","0.8","2","50","5","250","205","205","5","5","20.60451568458393","0.4447994803447476"
"5","adaptive","0.87","-0.34","20","20","20","0.05","0.05","0.08","0.8","2","50","5","250","202","202","5","2","19.485854014317518","0.5032252005325203"
"3","adaptive","0.63","-0.34","20","20","20","0.05","0.05","0.08","0.8","2","50","5","250","236","236","5","36","19.168460987812605","0.5696514171774324"
"6","adaptive","0.87","0.28","20","20","20","0.05","0.05","0.08","0.8","2","50","5","250","206","206","5","6","20.62035711209877","0.4447994803447476"
"3","adaptive","0.63","-0.34","20","20","20","0.05","0.05","0.08","0.8","2","50","5","250","237","237","5","37","19.168460985762422","0.5696514171774324"
"1","adaptive","0.42","-0.34","20","20","20","0.05","0.05","0.08","0.8","2","50","5","250","229","229","5","29","18.959738203312178","0.6591367025619821"
"4","adaptive","0.63","0.28","20","20","20","0.05","0.05","0.08","0.8","2","50","5","250","198","198","4","48","20.86138842961783","0.43659778515354114"
"5","adaptive","0.87","-0.34","20","20","20","0.05","0.05","0.08","0.8","2","50","5","250","203","203","5","3","19.396657472172453","0.5032252005325203"
"6","adaptive","0.87","0.28","20","20","20","0.05","0.05","0.08","0.8","2","50","5","250","207","207","5","7","20.62927622314579","0.4447994803447476"
"3","adaptive","0.63","-0.34","20","20","20","0.05","0.05","0.08","0.8","2","50","5","250","238","238","5","38","19.16846098455052","0.5696514171774324"
"1","adaptive","0.42","-0.34","20","20","20","0.05","0.05","0.08","0.8","2","50","5","250","230","230","5","30","18.959734679943974","0.6591367025619821"
"4","adaptive","0.63","0.28","20","20","20","0.05","0.05","0.08","0.8","2","50","5","250","199","199","4","49","20.86138843140428","0.43659778515354114"
"5","adaptive","0.87","-0.34","20","20","20","0.05","0.05","0.08","0.8","2","50","5","250","204","204","5","4","19.35097153172739","0.5032252005325203"
"6","adaptive","0.87","0.28","20","20","20","0.05","0.05","0.08","0.8","2","50","5","250","208","208","5","8","20.63429790075626","0.4447994803447476"
"3","adaptive","0.63","-0.34","20","20","20","0.05","0.05","0.08","0.8","2","50","5","250","239","239","5","39","19.16846098383414","0.5696514171774324"
"1","adaptive","0.42","-0.34","20","20","20","0.05","0.05","0.08","0.8","2","50","5","250","231","231","5","31","18.95973230814433","0.6591367025619821"
"5","adaptive","0.87","-0.34","20","20","20","0.05","0.05","0.08","0.8","2","50","5","250","205","205","5","5","19.327571463696103","0.5032252005325203"
"4","adaptive","0.63","0.28","20","20","20","0.05","0.05","0.08","0.8","2","50","5","250","200","200","5","0","20","0.5026471384034317"
"6","adaptive","0.87","0.28","20","20","20","0.05","0.05","0.08","0.8","2","50","5","250","209","209","5","9","20.63712522804152","0.4447994803447476"
"3","adaptive","0.63","-0.34","20","20","20","0.05","0.05","0.08","0.8","2","50","5","250","240","240","5","40","19.168460983410675","0.5696514171774324"
"1","adaptive","0.42","-0.34","20","20","20","0.05","0.05","0.08","0.8","2","50","5","250","232","232","5","32","18.959730711537546","0.6591367025619821"
"5","adaptive","0.87","-0.34","20","20","20","0.05","0.05","0.08","0.8","2","50","5","250","206","206","5","6","19.315586087483325","0.5032252005325203"
"6","adaptive","0.87","0.28","20","20","20","0.05","0.05","0.08","0.8","2","50","5","250","210","210","5","10","20.63871708243721","0.4447994803447476"
"1","adaptive","0.42","-0.34","20","20","20","0.05","0.05","0.08","0.8","2","50","5","250","233","233","5","33","18.959729636761598","0.6591367025619821"
"3","adaptive","0.63","-0.34","20","20","20","0.05","0.05","0.08","0.8","2","50","5","250","241","241","5","41","19.168460983160358","0.5696514171774324"
"4","adaptive","0.63","0.28","20","20","20","0.05","0.05","0.08","0.8","2","50","5","250","201","201","5","1","20.28","0.5026471384034317"
"5","adaptive","0.87","-0.34","20","20","20","0.05","0.05","0.08","0.8","2","50","5","250","207","207","5","7","19.30944724879406","0.5032252005325203"
"1","adaptive","0.42","-0.34","20","20","20","0.05","0.05","0.08","0.8","2","50","5","250","234","234","5","34","18.959728913262644","0.6591367025619821"
"3","adaptive","0.63","-0.34","20","20","20","0.05","0.05","0.08","0.8","2","50","5","250","242","242","5","42","19.16846098301239","0.5696514171774324"
"4","adaptive","0.63","0.28","20","20","20","0.05","0.05","0.08","0.8","2","50","5","250","202","202","5","2","20.45733304478564","0.5026471384034317"
"5","adaptive","0.87","-0.34","20","20","20","0.05","0.05","0.08","0.8","2","50","5","250","208","208","5","8","19.306302971986746","0.5032252005325203"
"6","adaptive","0.87","0.28","20","20","20","0.05","0.05","0.08","0.8","2","50","5","250","211","211","5","11","20.639613335386166","0.4447994803447476"
"1","adaptive","0.42","-0.34","20","20","20","0.05","0.05","0.08","0.8","2","50","5","250","235","235","5","35","18.959728426230217","0.6591367025619821"
"3","adaptive","0.63","-0.34","20","20","20","0.05","0.05","0.08","0.8","2","50","5","250","243","243","5","43","19.168460982924923","0.5696514171774324"
"6","adaptive","0.87","0.28","20","20","20","0.05","0.05","0.08","0.8","2","50","5","250","212","212","5","12","20.640117947711698","0.4447994803447476"
"5","adaptive","0.87","-0.34","20","20","20","0.05","0.05","0.08","0.8","2","50","5","250","209","209","5","9","19.30469249203419","0.5032252005325203"
"4","adaptive","0.63","0.28","20","20","20","0.05","0.05","0.08","0.8","2","50","5","250","203","203","5","3","20.569643790403294","0.5026471384034317"
"1","adaptive","0.42","-0.34","20","20","20","0.05","0.05","0.08","0.8","2","50","5","250","236","236","5","36","18.959728098378207","0.6591367025619821"
"3","adaptive","0.63","-0.34","20","20","20","0.05","0.05","0.08","0.8","2","50","5","250","244","244","5","44","19.168460982873217","0.5696514171774324"
"6","adaptive","0.87","0.28","20","20","20","0.05","0.05","0.08","0.8","2","50","5","250","213","213","5","13","20.640402056789803","0.4447994803447476"
"5","adaptive","0.87","-0.34","20","20","20","0.05","0.05","0.08","0.8","2","50","5","250","210","210","5","10","19.30386761374372","0.5032252005325203"
"4","adaptive","0.63","0.28","20","20","20","0.05","0.05","0.08","0.8","2","50","5","250","204","204","5","4","20.640773813555164","0.5026471384034317"
"3","adaptive","0.63","-0.34","20","20","20","0.05","0.05","0.08","0.8","2","50","5","250","245","245","5","45","19.168460982842653","0.5696514171774324"
"1","adaptive","0.42","-0.34","20","20","20","0.05","0.05","0.08","0.8","2","50","5","250","237","237","5","37","18.959727877680503","0.6591367025619821"
"5","adaptive","0.87","-0.34","20","20","20","0.05","0.05","0.08","0.8","2","50","5","250","211","211","5","11","19.3034451159703","0.5032252005325203"
"6","adaptive","0.87","0.28","20","20","20","0.05","0.05","0.08","0.8","2","50","5","250","214","214","5","14","20.64056201714784","0.4447994803447476"
"4","adaptive","0.63","0.28","20","20","20","0.05","0.05","0.08","0.8","2","50","5","250","205","205","5","5","20.685822754916572","0.5026471384034317"
"1","adaptive","0.42","-0.34","20","20","20","0.05","0.05","0.08","0.8","2","50","5","250","238","238","5","38","18.959727729115066","0.6591367025619821"
"3","adaptive","0.63","-0.34","20","20","20","0.05","0.05","0.08","0.8","2","50","5","250","246","246","5","46","19.168460982824588","0.5696514171774324"
"5","adaptive","0.87","-0.34","20","20","20","0.05","0.05","0.08","0.8","2","50","5","250","212","212","5","12","19.303228715113832","0.5032252005325203"
"1","adaptive","0.42","-0.34","20","20","20","0.05","0.05","0.08","0.8","2","50","5","250","239","239","5","39","18.95972762910637","0.6591367025619821"
"6","adaptive","0.87","0.28","20","20","20","0.05","0.05","0.08","0.8","2","50","5","250","215","215","5","15","20.64065207874078","0.4447994803447476"
"3","adaptive","0.63","-0.34","20","20","20","0.05","0.05","0.08","0.8","2","50","5","250","247","247","5","47","19.16846098281391","0.5696514171774324"
"4","adaptive","0.63","0.28","20","20","20","0.05","0.05","0.08","0.8","2","50","5","250","206","206","5","6","20.71435370468796","0.5026471384034317"
"5","adaptive","0.87","-0.34","20","20","20","0.05","0.05","0.08","0.8","2","50","5","250","213","213","5","13","19.303117875877206","0.5032252005325203"
"1","adaptive","0.42","-0.34","20","20","20","0.05","0.05","0.08","0.8","2","50","5","250","240","240","5","40","18.95972756178426","0.6591367025619821"
"6","adaptive","0.87","0.28","20","20","20","0.05","0.05","0.08","0.8","2","50","5","250","216","216","5","16","20.640702785619798","0.4447994803447476"
"3","adaptive","0.63","-0.34","20","20","20","0.05","0.05","0.08","0.8","2","50","5","250","248","248","5","48","19.1684609828076","0.5696514171774324"
"4","adaptive","0.63","0.28","20","20","20","0.05","0.05","0.08","0.8","2","50","5","250","207","207","5","7","20.732423276807907","0.5026471384034317"
"5","adaptive","0.87","-0.34","20","20","20","0.05","0.05","0.08","0.8","2","50","5","250","214","214","5","14","19.303061104676868","0.5032252005325203"
"1","adaptive","0.42","-0.34","20","20","20","0.05","0.05","0.08","0.8","2","50","5","250","241","241","5","41","18.959727516465534","0.6591367025619821"
"3","adaptive","0.63","-0.34","20","20","20","0.05","0.05","0.08","0.8","2","50","5","250","249","249","5","49","19.168460982803868","0.5696514171774324"
"6","adaptive","0.87","0.28","20","20","20","0.05","0.05","0.08","0.8","2","50","5","250","217","217","5","17","20.640731334832576","0.4447994803447476"
"5","adaptive","0.87","-0.34","20","20","20","0.05","0.05","0.08","0.8","2","50","5","250","215","215","5","15","19.30303202680439","0.5032252005325203"
"1","adaptive","0.42","-0.34","20","20","20","0.05","0.05","0.08","0.8","2","50","5","250","242","242","5","42","18.959727485958663","0.6591367025619821"
"4","adaptive","0.63","0.28","20","20","20","0.05","0.05","0.08","0.8","2","50","5","250","208","208","5","8","20.74386732052935","0.5026471384034317"
"3","adaptive","0.63","-0.34","20","20","20","0.05","0.05","0.08","0.8","2","50","5","250","250","250","5","50","19.168460982801662","0.6342510850416563"
"6","adaptive","0.87","0.28","20","20","20","0.05","0.05","0.08","0.8","2","50","5","250","218","218","5","18","20.64074740873746","0.4447994803447476"
"5","adaptive","0.87","-0.34","20","20","20","0.05","0.05","0.08","0.8","2","50","5","250","216","216","5","16","19.303017133290382","0.5032252005325203"
"1","adaptive","0.42","-0.34","20","20","20","0.05","0.05","0.08","0.8","2","50","5","250","243","243","5","43","18.959727465422578","0.6591367025619821"
"4","adaptive","0.63","0.28","20","20","20","0.05","0.05","0.08","0.8","2","50","5","250","209","209","5","9","20.751115203092862","0.5026471384034317"
"6","adaptive","0.87","0.28","20","20","20","0.05","0.05","0.08","0.8","2","50","5","250","219","219","5","19","20.64075645873895","0.4447994803447476"
"5","adaptive","0.87","-0.34","20","20","20","0.05","0.05","0.08","0.8","2","50","5","250","217","217","5","17","19.303009504920745","0.5032252005325203"
"1","adaptive","0.42","-0.34","20","20","20","0.05","0.05","0.08","0.8","2","50","5","250","244","244","5","44","18.959727451598457","0.6591367025619821"
"4","adaptive","0.63","0.28","20","20","20","0.05","0.05","0.08","0.8","2","50","5","250","210","210","5","10","20.75570552124728","0.5026471384034317"
"6","adaptive","0.87","0.28","20","20","20","0.05","0.05","0.08","0.8","2","50","5","250","220","220","5","20","20.64076155411108","0.4447994803447476"
"5","adaptive","0.87","-0.34","20","20","20","0.05","0.05","0.08","0.8","2","50","5","250","218","218","5","18","19.303005597715007","0.5032252005325203"
"1","adaptive","0.42","-0.34","20","20","20","0.05","0.05","0.08","0.8","2","50","5","250","245","245","5","45","18.959727442292575","0.6591367025619821"
"6","adaptive","0.87","0.28","20","20","20","0.05","0.05","0.08","0.8","2","50","5","250","221","221","5","21","20.640764422930182","0.4447994803447476"
"4","adaptive","0.63","0.28","20","20","20","0.05","0.05","0.08","0.8","2","50","5","250","211","211","5","11","20.758612718014625","0.5026471384034317"
"1","adaptive","0.42","-0.34","20","20","20","0.05","0.05","0.08","0.8","2","50","5","250","246","246","5","46","18.959727436028203","0.6591367025619821"
"5","adaptive","0.87","-0.34","20","20","20","0.05","0.05","0.08","0.8","2","50","5","250","219","219","5","19","19.303003596467377","0.5032252005325203"
"6","adaptive","0.87","0.28","20","20","20","0.05","0.05","0.08","0.8","2","50","5","250","222","222","5","22","20.640766038145486","0.4447994803447476"
"4","adaptive","0.63","0.28","20","20","20","0.05","0.05","0.08","0.8","2","50","5","250","212","212","5","12","20.760453939637998","0.5026471384034317"
"1","adaptive","0.42","-0.34","20","20","20","0.05","0.05","0.08","0.8","2","50","5","250","247","247","5","47","18.959727431811263","0.6591367025619821"
"5","adaptive","0.87","-0.34","20","20","20","0.05","0.05","0.08","0.8","2","50","5","250","220","220","5","20","19.3030025714402","0.5032252005325203"
"6","adaptive","0.87","0.28","20","20","20","0.05","0.05","0.08","0.8","2","50","5","250","223","223","5","23","20.640766947551196","0.4447994803447476"
"4","adaptive","0.63","0.28","20","20","20","0.05","0.05","0.08","0.8","2","50","5","250","213","213","5","13","20.761620044768705","0.5026471384034317"
"1","adaptive","0.42","-0.34","20","20","20","0.05","0.05","0.08","0.8","2","50","5","250","248","248","5","48","18.959727428972577","0.6591367025619821"
"5","adaptive","0.87","-0.34","20","20","20","0.05","0.05","0.08","0.8","2","50","5","250","221","221","5","21","19.303002046427352","0.5032252005325203"
"6","adaptive","0.87","0.28","20","20","20","0.05","0.05","0.08","0.8","2","50","5","250","224","224","5","24","20.640767459568846","0.4447994803447476"
"4","adaptive","0.63","0.28","20","20","20","0.05","0.05","0.08","0.8","2","50","5","250","214","214","5","14","20.76235857681645","0.5026471384034317"
"1","adaptive","0.42","-0.34","20","20","20","0.05","0.05","0.08","0.8","2","50","5","250","249","249","5","49","18.95972742706168","0.6591367025619821"
"5","adaptive","0.87","-0.34","20","20","20","0.05","0.05","0.08","0.8","2","50","5","250","222","222","5","22","19.303001777518883","0.5032252005325203"
"4","adaptive","0.63","0.28","20","20","20","0.05","0.05","0.08","0.8","2","50","5","250","215","215","5","15","20.762826313018945","0.5026471384034317"
"1","adaptive","0.42","-0.34","20","20","20","0.05","0.05","0.08","0.8","2","50","5","250","250","250","5","50","18.95972742577533","0.7389303940944774"
"5","adaptive","0.87","-0.34","20","20","20","0.05","0.05","0.08","0.8","2","50","5","250","223","223","5","23","19.303001639785556","0.5032252005325203"
"6","adaptive","0.87","0.28","20","20","20","0.05","0.05","0.08","0.8","2","50","5","250","225","225","5","25","20.640767747847306","0.4447994803447476"
"4","adaptive","0.63","0.28","20","20","20","0.05","0.05","0.08","0.8","2","50","5","250","216","216","5","16","20.763122545465176","0.5026471384034317"
"6","adaptive","0.87","0.28","20","20","20","0.05","0.05","0.08","0.8","2","50","5","250","226","226","5","26","20.640767910155127","0.4447994803447476"
"5","adaptive","0.87","-0.34","20","20","20","0.05","0.05","0.08","0.8","2","50","5","250","224","224","5","24","19.30300156923936","0.5032252005325203"
"4","adaptive","0.63","0.28","20","20","20","0.05","0.05","0.08","0.8","2","50","5","250","217","217","5","17","20.763310159042515","0.5026471384034317"
"6","adaptive","0.87","0.28","20","20","20","0.05","0.05","0.08","0.8","2","50","5","250","227","227","5","27","20.6407680015384","0.4447994803447476"
"5","adaptive","0.87","-0.34","20","20","20","0.05","0.05","0.08","0.8","2","50","5","250","225","225","5","25","19.30300153310602","0.5032252005325203"
"4","adaptive","0.63","0.28","20","20","20","0.05","0.05","0.08","0.8","2","50","5","250","218","218","5","18","20.763428980781487","0.5026471384034317"
"6","adaptive","0.87","0.28","20","20","20","0.05","0.05","0.08","0.8","2","50","5","250","228","228","5","28","20.640768052989415","0.4447994803447476"
"5","adaptive","0.87","-0.34","20","20","20","0.05","0.05","0.08","0.8","2","50","5","250","226","226","5","26","19.303001514598733","0.5032252005325203"
"4","adaptive","0.63","0.28","20","20","20","0.05","0.05","0.08","0.8","2","50","5","250","219","219","5","19","20.763504234427057","0.5026471384034317"
"6","adaptive","0.87","0.28","20","20","20","0.05","0.05","0.08","0.8","2","50","5","250","229","229","5","29","20.640768081957596","0.4447994803447476"
"5","adaptive","0.87","-0.34","20","20","20","0.05","0.05","0.08","0.8","2","50","5","250","227","227","5","27","19.30300150511941","0.5032252005325203"
"4","adaptive","0.63","0.28","20","20","20","0.05","0.05","0.08","0.8","2","50","5","250","220","220","5","20","20.763551894991696","0.5026471384034317"
"6","adaptive","0.87","0.28","20","20","20","0.05","0.05","0.08","0.8","2","50","5","250","230","230","5","30","20.64076809826739","0.4447994803447476"
"5","adaptive","0.87","-0.34","20","20","20","0.05","0.05","0.08","0.8","2","50","5","250","228","228","5","28","19.303001500264163","0.5032252005325203"
"4","adaptive","0.63","0.28","20","20","20","0.05","0.05","0.08","0.8","2","50","5","250","221","221","5","21","20.763582079966856","0.5026471384034317"
"6","adaptive","0.87","0.28","20","20","20","0.05","0.05","0.08","0.8","2","50","5","250","231","231","5","31","20.640768107450203","0.4447994803447476"
"5","adaptive","0.87","-0.34","20","20","20","0.05","0.05","0.08","0.8","2","50","5","250","229","229","5","29","19.30300149777733","0.5032252005325203"
"4","adaptive","0.63","0.28","20","20","20","0.05","0.05","0.08","0.8","2","50","5","250","222","222","5","22","20.763601197086683","0.5026471384034317"
"6","adaptive","0.87","0.28","20","20","20","0.05","0.05","0.08","0.8","2","50","5","250","232","232","5","32","20.64076811262035","0.4447994803447476"
"5","adaptive","0.87","-0.34","20","20","20","0.05","0.05","0.08","0.8","2","50","5","250","230","230","5","30","19.30300149650359","0.5032252005325203"
"4","adaptive","0.63","0.28","20","20","20","0.05","0.05","0.08","0.8","2","50","5","250","223","223","5","23","20.763613304576204","0.5026471384034317"
"6","adaptive","0.87","0.28","20","20","20","0.05","0.05","0.08","0.8","2","50","5","250","233","233","5","33","20.64076811553127","0.4447994803447476"
"5","adaptive","0.87","-0.34","20","20","20","0.05","0.05","0.08","0.8","2","50","5","250","231","231","5","31","19.303001495851188","0.5032252005325203"
"4","adaptive","0.63","0.28","20","20","20","0.05","0.05","0.08","0.8","2","50","5","250","224","224","5","24","20.763620972640425","0.5026471384034317"
"6","adaptive","0.87","0.28","20","20","20","0.05","0.05","0.08","0.8","2","50","5","250","234","234","5","34","20.640768117170186","0.4447994803447476"
"4","adaptive","0.63","0.28","20","20","20","0.05","0.05","0.08","0.8","2","50","5","250","225","225","5","25","20.763625829073195","0.5026471384034317"
"5","adaptive","0.87","-0.34","20","20","20","0.05","0.05","0.08","0.8","2","50","5","250","232","232","5","32","19.30300149551703","0.5032252005325203"
"6","adaptive","0.87","0.28","20","20","20","0.05","0.05","0.08","0.8","2","50","5","250","235","235","5","35","20.64076811809294","0.4447994803447476"
"4","adaptive","0.63","0.28","20","20","20","0.05","0.05","0.08","0.8","2","50","5","250","226","226","5","26","20.763628904808943","0.5026471384034317"
"5","adaptive","0.87","-0.34","20","20","20","0.05","0.05","0.08","0.8","2","50","5","250","233","233","5","33","19.303001495345878","0.5032252005325203"
"4","adaptive","0.63","0.28","20","20","20","0.05","0.05","0.08","0.8","2","50","5","250","227","227","5","27","20.76363085277175","0.5026471384034317"
"6","adaptive","0.87","0.28","20","20","20","0.05","0.05","0.08","0.8","2","50","5","250","236","236","5","36","20.64076811861247","0.4447994803447476"
"5","adaptive","0.87","-0.34","20","20","20","0.05","0.05","0.08","0.8","2","50","5","250","234","234","5","34","19.303001495258215","0.5032252005325203"
"4","adaptive","0.63","0.28","20","20","20","0.05","0.05","0.08","0.8","2","50","5","250","228","228","5","28","20.76363208647952","0.5026471384034317"
"6","adaptive","0.87","0.28","20","20","20","0.05","0.05","0.08","0.8","2","50","5","250","237","237","5","37","20.64076811890498","0.4447994803447476"
"5","adaptive","0.87","-0.34","20","20","20","0.05","0.05","0.08","0.8","2","50","5","250","235","235","5","35","19.303001495213316","0.5032252005325203"
"4","adaptive","0.63","0.28","20","20","20","0.05","0.05","0.08","0.8","2","50","5","250","229","229","5","29","20.7636328678265","0.5026471384034317"
"5","adaptive","0.87","-0.34","20","20","20","0.05","0.05","0.08","0.8","2","50","5","250","236","236","5","36","19.30300149519032","0.5032252005325203"
"6","adaptive","0.87","0.28","20","20","20","0.05","0.05","0.08","0.8","2","50","5","250","238","238","5","38","20.64076811906967","0.4447994803447476"
"5","adaptive","0.87","-0.34","20","20","20","0.05","0.05","0.08","0.8","2","50","5","250","237","237","5","37","19.30300149517854","0.5032252005325203"
"4","adaptive","0.63","0.28","20","20","20","0.05","0.05","0.08","0.8","2","50","5","250","230","230","5","30","20.763633362678785","0.5026471384034317"
"5","adaptive","0.87","-0.34","20","20","20","0.05","0.05","0.08","0.8","2","50","5","250","238","238","5","38","19.303001495172502","0.5032252005325203"
"4","adaptive","0.63","0.28","20","20","20","0.05","0.05","0.08","0.8","2","50","5","250","231","231","5","31","20.76363367608472","0.5026471384034317"
"6","adaptive","0.87","0.28","20","20","20","0.05","0.05","0.08","0.8","2","50","5","250","239","239","5","39","20.640768119162395","0.4447994803447476"
"4","adaptive","0.63","0.28","20","20","20","0.05","0.05","0.08","0.8","2","50","5","250","232","232","5","32","20.763633874574822","0.5026471384034317"
"5","adaptive","0.87","-0.34","20","20","20","0.05","0.05","0.08","0.8","2","50","5","250","239","239","5","39","19.30300149516941","0.5032252005325203"
"6","adaptive","0.87","0.28","20","20","20","0.05","0.05","0.08","0.8","2","50","5","250","240","240","5","40","20.640768119214602","0.4447994803447476"
"4","adaptive","0.63","0.28","20","20","20","0.05","0.05","0.08","0.8","2","50","5","250","233","233","5","33","20.763634000285016","0.5026471384034317"
"5","adaptive","0.87","-0.34","20","20","20","0.05","0.05","0.08","0.8","2","50","5","250","240","240","5","40","19.30300149516783","0.5032252005325203"
"6","adaptive","0.87","0.28","20","20","20","0.05","0.05","0.08","0.8","2","50","5","250","241","241","5","41","20.640768119243994","0.4447994803447476"
"4","adaptive","0.63","0.28","20","20","20","0.05","0.05","0.08","0.8","2","50","5","250","234","234","5","34","20.763634079901347","0.5026471384034317"
"6","adaptive","0.87","0.28","20","20","20","0.05","0.05","0.08","0.8","2","50","5","250","242","242","5","42","20.640768119260542","0.4447994803447476"
"5","adaptive","0.87","-0.34","20","20","20","0.05","0.05","0.08","0.8","2","50","5","250","241","241","5","41","19.30300149516702","0.5032252005325203"
"4","adaptive","0.63","0.28","20","20","20","0.05","0.05","0.08","0.8","2","50","5","250","235","235","5","35","20.763634130324938","0.5026471384034317"
"6","adaptive","0.87","0.28","20","20","20","0.05","0.05","0.08","0.8","2","50","5","250","243","243","5","43","20.640768119269858","0.4447994803447476"
"5","adaptive","0.87","-0.34","20","20","20","0.05","0.05","0.08","0.8","2","50","5","250","242","242","5","42","19.303001495166605","0.5032252005325203"
"4","adaptive","0.63","0.28","20","20","20","0.05","0.05","0.08","0.8","2","50","5","250","236","236","5","36","20.763634162259827","0.5026471384034317"
"6","adaptive","0.87","0.28","20","20","20","0.05","0.05","0.08","0.8","2","50","5","250","244","244","5","44","20.640768119275105","0.4447994803447476"
"5","adaptive","0.87","-0.34","20","20","20","0.05","0.05","0.08","0.8","2","50","5","250","243","243","5","43","19.30300149516639","0.5032252005325203"
"4","adaptive","0.63","0.28","20","20","20","0.05","0.05","0.08","0.8","2","50","5","250","237","237","5","37","20.763634182485227","0.5026471384034317"
"6","adaptive","0.87","0.28","20","20","20","0.05","0.05","0.08","0.8","2","50","5","250","245","245","5","45","20.640768119278057","0.4447994803447476"
"5","adaptive","0.87","-0.34","20","20","20","0.05","0.05","0.08","0.8","2","50","5","250","244","244","5","44","19.30300149516628","0.5032252005325203"
"4","adaptive","0.63","0.28","20","20","20","0.05","0.05","0.08","0.8","2","50","5","250","238","238","5","38","20.763634195294625","0.5026471384034317"
"6","adaptive","0.87","0.28","20","20","20","0.05","0.05","0.08","0.8","2","50","5","250","246","246","5","46","20.640768119279723","0.4447994803447476"
"5","adaptive","0.87","-0.34","20","20","20","0.05","0.05","0.08","0.8","2","50","5","250","245","245","5","45","19.303001495166228","0.5032252005325203"
"4","adaptive","0.63","0.28","20","20","20","0.05","0.05","0.08","0.8","2","50","5","250","239","239","5","39","20.76363420340723","0.5026471384034317"
"6","adaptive","0.87","0.28","20","20","20","0.05","0.05","0.08","0.8","2","50","5","250","247","247","5","47","20.640768119280658","0.4447994803447476"
"5","adaptive","0.87","-0.34","20","20","20","0.05","0.05","0.08","0.8","2","50","5","250","246","246","5","46","19.303001495166196","0.5032252005325203"
"4","adaptive","0.63","0.28","20","20","20","0.05","0.05","0.08","0.8","2","50","5","250","240","240","5","40","20.763634208545202","0.5026471384034317"
"5","adaptive","0.87","-0.34","20","20","20","0.05","0.05","0.08","0.8","2","50","5","250","247","247","5","47","19.303001495166182","0.5032252005325203"
"6","adaptive","0.87","0.28","20","20","20","0.05","0.05","0.08","0.8","2","50","5","250","248","248","5","48","20.640768119281184","0.4447994803447476"
"4","adaptive","0.63","0.28","20","20","20","0.05","0.05","0.08","0.8","2","50","5","250","241","241","5","41","20.763634211799246","0.5026471384034317"
"5","adaptive","0.87","-0.34","20","20","20","0.05","0.05","0.08","0.8","2","50","5","250","248","248","5","48","19.303001495166175","0.5032252005325203"
"6","adaptive","0.87","0.28","20","20","20","0.05","0.05","0.08","0.8","2","50","5","250","249","249","5","49","20.640768119281482","0.4447994803447476"
"4","adaptive","0.63","0.28","20","20","20","0.05","0.05","0.08","0.8","2","50","5","250","242","242","5","42","20.763634213860136","0.5026471384034317"
"5","adaptive","0.87","-0.34","20","20","20","0.05","0.05","0.08","0.8","2","50","5","250","249","249","5","49","19.30300149516617","0.5032252005325203"
"6","adaptive","0.87","0.28","20","20","20","0.05","0.05","0.08","0.8","2","50","5","250","250","250","5","50","20.64076811928165","0.49473996583421675"
"4","adaptive","0.63","0.28","20","20","20","0.05","0.05","0.08","0.8","2","50","5","250","243","243","5","43","20.763634215165368","0.5026471384034317"
"5","adaptive","0.87","-0.34","20","20","20","0.05","0.05","0.08","0.8","2","50","5","250","250","250","5","50","19.303001495166168","0.5578141283352405"
"4","adaptive","0.63","0.28","20","20","20","0.05","0.05","0.08","0.8","2","50","5","250","244","244","5","44","20.76363421599201","0.5026471384034317"
"4","adaptive","0.63","0.28","20","20","20","0.05","0.05","0.08","0.8","2","50","5","250","245","245","5","45","20.76363421651555","0.5026471384034317"
"4","adaptive","0.63","0.28","20","20","20","0.05","0.05","0.08","0.8","2","50","5","250","246","246","5","46","20.763634216847123","0.5026471384034317"
"4","adaptive","0.63","0.28","20","20","20","0.05","0.05","0.08","0.8","2","50","5","250","247","247","5","47","20.763634217057124","0.5026471384034317"
"4","adaptive","0.63","0.28","20","20","20","0.05","0.05","0.08","0.8","2","50","5","250","248","248","5","48","20.76363421719012","0.5026471384034317"
"4","adaptive","0.63","0.28","20","20","20","0.05","0.05","0.08","0.8","2","50","5","250","249","249","5","49","20.763634217274355","0.5026471384034317"
"4","adaptive","0.63","0.28","20","20","20","0.05","0.05","0.08","0.8","2","50","5","250","250","250","5","50","20.763634217327702","0.5616274778707776"
"8","adaptive","1.08","0.28","20","20","20","0.05","0.05","0.08","0.8","2","50","5","250","171","171","4","21","20.640975750904712","0.35817728209674715"
"8","adaptive","1.08","0.28","20","20","20","0.05","0.05","0.08","0.8","2","50","5","250","172","172","4","22","20.640977374822587","0.35817728209674715"
"8","adaptive","1.08","0.28","20","20","20","0.05","0.05","0.08","0.8","2","50","5","250","173","173","4","23","20.64097828936204","0.35817728209674715"
"8","adaptive","1.08","0.28","20","20","20","0.05","0.05","0.08","0.8","2","50","5","250","174","174","4","24","20.640978804401882","0.35817728209674715"
"8","adaptive","1.08","0.28","20","20","20","0.05","0.05","0.08","0.8","2","50","5","250","175","175","4","25","20.640979094456117","0.35817728209674715"
"8","adaptive","1.08","0.28","20","20","20","0.05","0.05","0.08","0.8","2","50","5","250","176","176","4","26","20.640979257805537","0.35817728209674715"
"8","adaptive","1.08","0.28","20","20","20","0.05","0.05","0.08","0.8","2","50","5","250","177","177","4","27","20.64097934979879","0.35817728209674715"
"8","adaptive","1.08","0.28","20","20","20","0.05","0.05","0.08","0.8","2","50","5","250","178","178","4","28","20.640979401606497","0.35817728209674715"
"8","adaptive","1.08","0.28","20","20","20","0.05","0.05","0.08","0.8","2","50","5","250","179","179","4","29","20.640979430782966","0.35817728209674715"
"8","adaptive","1.08","0.28","20","20","20","0.05","0.05","0.08","0.8","2","50","5","250","180","180","4","30","20.640979447214235","0.35817728209674715"
"8","adaptive","1.08","0.28","20","20","20","0.05","0.05","0.08","0.8","2","50","5","250","181","181","4","31","20.640979456467807","0.35817728209674715"
"8","adaptive","1.08","0.28","20","20","20","0.05","0.05","0.08","0.8","2","50","5","250","182","182","4","32","20.64097946167913","0.35817728209674715"
"8","adaptive","1.08","0.28","20","20","20","0.05","0.05","0.08","0.8","2","50","5","250","183","183","4","33","20.640979464613984","0.35817728209674715"
"8","adaptive","1.08","0.28","20","20","20","0.05","0.05","0.08","0.8","2","50","5","250","184","184","4","34","20.6409794662668","0.35817728209674715"
"8","adaptive","1.08","0.28","20","20","20","0.05","0.05","0.08","0.8","2","50","5","250","185","185","4","35","20.640979467197614","0.35817728209674715"
"8","adaptive","1.08","0.28","20","20","20","0.05","0.05","0.08","0.8","2","50","5","250","186","186","4","36","20.640979467721817","0.35817728209674715"
"8","adaptive","1.08","0.28","20","20","20","0.05","0.05","0.08","0.8","2","50","5","250","187","187","4","37","20.640979468017033","0.35817728209674715"
"8","adaptive","1.08","0.28","20","20","20","0.05","0.05","0.08","0.8","2","50","5","250","188","188","4","38","20.64097946818329","0.35817728209674715"
"8","adaptive","1.08","0.28","20","20","20","0.05","0.05","0.08","0.8","2","50","5","250","189","189","4","39","20.64097946827692","0.35817728209674715"
"8","adaptive","1.08","0.28","20","20","20","0.05","0.05","0.08","0.8","2","50","5","250","190","190","4","40","20.64097946832965","0.35817728209674715"
"8","adaptive","1.08","0.28","20","20","20","0.05","0.05","0.08","0.8","2","50","5","250","191","191","4","41","20.640979468359344","0.35817728209674715"
"8","adaptive","1.08","0.28","20","20","20","0.05","0.05","0.08","0.8","2","50","5","250","192","192","4","42","20.640979468376067","0.35817728209674715"
"8","adaptive","1.08","0.28","20","20","20","0.05","0.05","0.08","0.8","2","50","5","250","193","193","4","43","20.64097946838549","0.35817728209674715"
"8","adaptive","1.08","0.28","20","20","20","0.05","0.05","0.08","0.8","2","50","5","250","194","194","4","44","20.640979468390793","0.35817728209674715"
"8","adaptive","1.08","0.28","20","20","20","0.05","0.05","0.08","0.8","2","50","5","250","195","195","4","45","20.64097946839378","0.35817728209674715"
"8","adaptive","1.08","0.28","20","20","20","0.05","0.05","0.08","0.8","2","50","5","250","196","196","4","46","20.640979468395464","0.35817728209674715"
"8","adaptive","1.08","0.28","20","20","20","0.05","0.05","0.08","0.8","2","50","5","250","197","197","4","47","20.64097946839641","0.35817728209674715"
"8","adaptive","1.08","0.28","20","20","20","0.05","0.05","0.08","0.8","2","50","5","250","198","198","4","48","20.640979468396946","0.35817728209674715"
"8","adaptive","1.08","0.28","20","20","20","0.05","0.05","0.08","0.8","2","50","5","250","199","199","4","49","20.640979468397244","0.35817728209674715"
"8","adaptive","1.08","0.28","20","20","20","0.05","0.05","0.08","0.8","2","50","5","250","200","200","5","0","20","0.4081334656956668"
"8","adaptive","1.08","0.28","20","20","20","0.05","0.05","0.08","0.8","2","50","5","250","201","201","5","1","20.28","0.4081334656956668"
"8","adaptive","1.08","0.28","20","20","20","0.05","0.05","0.08","0.8","2","50","5","250","202","202","5","2","20.422580439973633","0.4081334656956668"
"8","adaptive","1.08","0.28","20","20","20","0.05","0.05","0.08","0.8","2","50","5","250","203","203","5","3","20.495184660913182","0.4081334656956668"
"8","adaptive","1.08","0.28","20","20","20","0.05","0.05","0.08","0.8","2","50","5","250","204","204","5","4","20.532155881504266","0.4081334656956668"
"8","adaptive","1.08","0.28","20","20","20","0.05","0.05","0.08","0.8","2","50","5","250","205","205","5","5","20.55098221328369","0.4081334656956668"
"8","adaptive","1.08","0.28","20","20","20","0.05","0.05","0.08","0.8","2","50","5","250","206","206","5","6","20.56056887995583","0.4081334656956668"
"8","adaptive","1.08","0.28","20","20","20","0.05","0.05","0.08","0.8","2","50","5","250","207","207","5","7","20.56545056264153","0.4081334656956668"
"8","adaptive","1.08","0.28","20","20","20","0.05","0.05","0.08","0.8","2","50","5","250","208","208","5","8","20.567936392874163","0.4081334656956668"
"8","adaptive","1.08","0.28","20","20","20","0.05","0.05","0.08","0.8","2","50","5","250","209","209","5","9","20.569202217046556","0.4081334656956668"
"8","adaptive","1.08","0.28","20","20","20","0.05","0.05","0.08","0.8","2","50","5","250","210","210","5","10","20.56984679478737","0.4081334656956668"
"8","adaptive","1.08","0.28","20","20","20","0.05","0.05","0.08","0.8","2","50","5","250","211","211","5","11","20.570175023994093","0.4081334656956668"
"8","adaptive","1.08","0.28","20","20","20","0.05","0.05","0.08","0.8","2","50","5","250","212","212","5","12","20.570342163510904","0.4081334656956668"
"8","adaptive","1.08","0.28","20","20","20","0.05","0.05","0.08","0.8","2","50","5","250","213","213","5","13","20.570427273603205","0.4081334656956668"
"8","adaptive","1.08","0.28","20","20","20","0.05","0.05","0.08","0.8","2","50","5","250","214","214","5","14","20.5704706130118","0.4081334656956668"
"8","adaptive","1.08","0.28","20","20","20","0.05","0.05","0.08","0.8","2","50","5","250","215","215","5","15","20.57049268212589","0.4081334656956668"
"8","adaptive","1.08","0.28","20","20","20","0.05","0.05","0.08","0.8","2","50","5","250","216","216","5","16","20.570503920068738","0.4081334656956668"
"8","adaptive","1.08","0.28","20","20","20","0.05","0.05","0.08","0.8","2","50","5","250","217","217","5","17","20.570509642607437","0.4081334656956668"
"8","adaptive","1.08","0.28","20","20","20","0.05","0.05","0.08","0.8","2","50","5","250","218","218","5","18","20.570512556614883","0.4081334656956668"
"8","adaptive","1.08","0.28","20","20","20","0.05","0.05","0.08","0.8","2","50","5","250","219","219","5","19","20.570514040473682","0.4081334656956668"
"8","adaptive","1.08","0.28","20","20","20","0.05","0.05","0.08","0.8","2","50","5","250","220","220","5","20","20.57051479607811","0.4081334656956668"
"8","adaptive","1.08","0.28","20","20","20","0.05","0.05","0.08","0.8","2","50","5","250","221","221","5","21","20.570515180843866","0.4081334656956668"
"8","adaptive","1.08","0.28","20","20","20","0.05","0.05","0.08","0.8","2","50","5","250","222","222","5","22","20.570515376772693","0.4081334656956668"
"8","adaptive","1.08","0.28","20","20","20","0.05","0.05","0.08","0.8","2","50","5","250","223","223","5","23","20.57051547654276","0.4081334656956668"
"8","adaptive","1.08","0.28","20","20","20","0.05","0.05","0.08","0.8","2","50","5","250","224","224","5","24","20.570515527347258","0.4081334656956668"
"8","adaptive","1.08","0.28","20","20","20","0.05","0.05","0.08","0.8","2","50","5","250","225","225","5","25","20.570515553217714","0.4081334656956668"
"8","adaptive","1.08","0.28","20","20","20","0.05","0.05","0.08","0.8","2","50","5","250","226","226","5","26","20.57051556639136","0.4081334656956668"
"8","adaptive","1.08","0.28","20","20","20","0.05","0.05","0.08","0.8","2","50","5","250","227","227","5","27","20.57051557309959","0.4081334656956668"
"8","adaptive","1.08","0.28","20","20","20","0.05","0.05","0.08","0.8","2","50","5","250","228","228","5","28","20.570515576515525","0.4081334656956668"
"8","adaptive","1.08","0.28","20","20","20","0.05","0.05","0.08","0.8","2","50","5","250","229","229","5","29","20.570515578254977","0.4081334656956668"
"8","adaptive","1.08","0.28","20","20","20","0.05","0.05","0.08","0.8","2","50","5","250","230","230","5","30","20.570515579140732","0.4081334656956668"
"8","adaptive","1.08","0.28","20","20","20","0.05","0.05","0.08","0.8","2","50","5","250","231","231","5","31","20.570515579591774","0.4081334656956668"
"8","adaptive","1.08","0.28","20","20","20","0.05","0.05","0.08","0.8","2","50","5","250","232","232","5","32","20.57051557982145","0.4081334656956668"
"8","adaptive","1.08","0.28","20","20","20","0.05","0.05","0.08","0.8","2","50","5","250","233","233","5","33","20.570515579938405","0.4081334656956668"
"8","adaptive","1.08","0.28","20","20","20","0.05","0.05","0.08","0.8","2","50","5","250","234","234","5","34","20.570515579997963","0.4081334656956668"
"8","adaptive","1.08","0.28","20","20","20","0.05","0.05","0.08","0.8","2","50","5","250","235","235","5","35","20.57051558002829","0.4081334656956668"
"8","adaptive","1.08","0.28","20","20","20","0.05","0.05","0.08","0.8","2","50","5","250","236","236","5","36","20.570515580043732","0.4081334656956668"
"8","adaptive","1.08","0.28","20","20","20","0.05","0.05","0.08","0.8","2","50","5","250","237","237","5","37","20.570515580051595","0.4081334656956668"
"8","adaptive","1.08","0.28","20","20","20","0.05","0.05","0.08","0.8","2","50","5","250","238","238","5","38","20.5705155800556","0.4081334656956668"
"8","adaptive","1.08","0.28","20","20","20","0.05","0.05","0.08","0.8","2","50","5","250","239","239","5","39","20.570515580057638","0.4081334656956668"
"8","adaptive","1.08","0.28","20","20","20","0.05","0.05","0.08","0.8","2","50","5","250","240","240","5","40","20.570515580058675","0.4081334656956668"
"8","adaptive","1.08","0.28","20","20","20","0.05","0.05","0.08","0.8","2","50","5","250","241","241","5","41","20.570515580059205","0.4081334656956668"
"8","adaptive","1.08","0.28","20","20","20","0.05","0.05","0.08","0.8","2","50","5","250","242","242","5","42","20.57051558005947","0.4081334656956668"
"8","adaptive","1.08","0.28","20","20","20","0.05","0.05","0.08","0.8","2","50","5","250","243","243","5","43","20.57051558005961","0.4081334656956668"
"8","adaptive","1.08","0.28","20","20","20","0.05","0.05","0.08","0.8","2","50","5","250","244","244","5","44","20.57051558005968","0.4081334656956668"
"8","adaptive","1.08","0.28","20","20","20","0.05","0.05","0.08","0.8","2","50","5","250","245","245","5","45","20.570515580059716","0.4081334656956668"
"8","adaptive","1.08","0.28","20","20","20","0.05","0.05","0.08","0.8","2","50","5","250","246","246","5","46","20.570515580059734","0.4081334656956668"
"8","adaptive","1.08","0.28","20","20","20","0.05","0.05","0.08","0.8","2","50","5","250","247","247","5","47","20.570515580059745","0.4081334656956668"
"8","adaptive","1.08","0.28","20","20","20","0.05","0.05","0.08","0.8","2","50","5","250","248","248","5","48","20.570515580059748","0.4081334656956668"
"8","adaptive","1.08","0.28","20","20","20","0.05","0.05","0.08","0.8","2","50","5","250","249","249","5","49","20.57051558005975","0.4081334656956668"
"8","adaptive","1.08","0.28","20","20","20","0.05","0.05","0.08","0.8","2","50","5","250","250","250","5","50","20.57051558005975","0.4528276054451659"
