arm,run_number,tick,a_dx,a_dy,b_dx,b_dy,all_dx,all_dy,mean_neighbors,local_disagreement,population,vision
discovery,1,0,-0.07309672890232312,0.13807471160049145,-0.13498222518648031,0.05931777543640533,-0.11951085111544103,0.07900700947742688,0.0,0.0,100,5.0
discovery,1,1,-0.06939553350009403,0.1473920270007129,-0.14265507598097313,0.06224581137647338,-0.12434019036075332,0.08353236528253326,1.52,79.87356184934333,100,5.0
discovery,1,2,-0.06920203983912081,0.1528216801486079,-0.14937431179137423,0.06016048773288817,-0.12933124380331082,0.08332578583681804,1.5,71.29864540473024,100,5.0
discovery,1,3,-0.07396311713747254,0.1530689239958445,-0.15265944314000218,0.05865258384083191,-0.1329853616393698,0.08225666887958503,1.76,72.82698574167632,100,5.0
discovery,1,4,-0.06744414208776224,0.14152963439704172,-0.1493793079858058,0.060303480605029935,-0.12889551651129494,0.08061001905303286,1.78,69.4962403621282,100,5.0
discovery,1,5,-0.06268687052933003,0.1436398070645954,-0.15096221487776323,0.05267560272184236,-0.1288933787906549,0.07541665380753063,1.82,68.80758306379157,100,5.0
discovery,1,6,-0.05013450547558543,0.1558661585374668,-0.15500865681261747,0.042455385173295855,-0.12879011897835946,0.07080807851433854,1.74,63.900548049788824,100,5.0
discovery,1,7,-0.03193431981606679,0.15949079400516486,-0.15714252068438636,0.03476201043336943,-0.12584047046730643,0.06594420632631827,1.84,57.7778897927159,100,5.0
discovery,1,8,-0.026223525842990324,0.1764520226816472,-0.15199875678465377,0.031531325140515175,-0.12055494904923778,0.06776149952579819,1.68,57.418310361397175,100,5.0
discovery,1,9,-0.014200389350052925,0.18906042658672262,-0.15426411180853877,0.033162128087396124,-0.11924818119391732,0.07213670271222776,1.66,52.39592976870003,100,5.0
discovery,1,10,-0.009485171454795176,0.19601485898001997,-0.15143061270344468,0.03971778441424977,-0.11594425239128232,0.07879205305569234,1.58,49.70124059211992,100,5.0
discovery,1,11,0.0007270449136944857,0.19667142927900735,-0.15611643233354952,0.04543970361669138,-0.11690556302173852,0.08324763503227041,1.68,51.049077329745835,100,5.0
discovery,1,12,-0.0038784595378252053,0.20529686577763717,-0.15717977545714096,0.05891396881698809,-0.11885444647731201,0.09550969305715037,1.92,55.770910380158675,100,5.0
discovery,1,13,-0.01580545643043808,0.21487695431819923,-0.15797774559017502,0.06300613236806858,-0.12243467330024084,0.10097383785560127,2.02,52.433591074089776,100,5.0
discovery,1,14,-0.022328579994300116,0.22201192276420664,-0.15661171112747369,0.06643906739138301,-0.12304092834418037,0.1053322812345889,2.06,45.18755255933524,100,5.0
discovery,1,15,-0.022378054365330496,0.22765991409682138,-0.1616195740632296,0.0722015667753968,-0.12680919413875488,0.11106615360575293,2.22,44.207976330964556,100,5.0
discovery,1,16,-0.019856121618637253,0.24099985286590894,-0.17308035164715058,0.06864033946684131,-0.1347742941400223,0.11173021781660815,2.28,39.48576715263686,100,5.0
discovery,1,17,-0.02261808991528157,0.2501471928017822,-0.18097603265600695,0.05800417664592831,-0.14138654697082564,0.10603993068489177,2.28,34.040803340338144,100,5.0
discovery,1,18,-0.018372883365256273,0.2601025449106193,-0.18576670799371278,0.04386507384997433,-0.14391825183659862,0.09792444161513555,2.46,35.00527401596933,100,5.0
discovery,1,19,-0.011022695857800264,0.2620630299886476,-0.1839416973119608,0.028525960335635224,-0.1407119469484207,0.08691022774888835,2.64,34.05259978153483,100,5.0
discovery,1,20,-0.008838067541695076,0.24321067923238843,-0.18678393237429525,0.021072511225945546,-0.14229746616614525,0.07660705322755626,3.0,37.236726696141254,100,5.0
discovery,1,21,-0.0116612334861507,0.24504796379367533,-0.18432129886672502,0.02359265907633874,-0.14115628252158147,0.0789564852556729,3.06,36.13766601396173,100,5.0
discovery,1,22,-0.020768174457458398,0.24940190790731356,-0.18142812741574135,0.03516220369071084,-0.14126313917617056,0.0887221297448615,3.16,33.39754982253033,100,5.0
discovery,1,23,-0.02785044393779029,0.24908495037120543,-0.17599698143986048,0.04728081143284591,-0.13896034706434293,0.0977318461674358,3.34,37.60977379731019,100,5.0
discovery,1,24,-0.04643441596367296,0.2570532480242082,-0.1680545408337329,0.06150437140800638,-0.13764950961621789,0.11039159056205683,3.48,42.67435011945216,100,5.0
discovery,1,25,-0.051351958307479954,0.2717067073245933,-0.163934900971716,0.077429141772783,-0.13578916530565702,0.12599853316073567,3.54,42.46866436394212,100,5.0
discovery,1,26,-0.0491507600153845,0.28332368738197106,-0.1538251487567559,0.08813801925926384,-0.1276565515714131,0.13693443628994062,3.48,35.112529304930824,100,5.0
discovery,1,27,-0.06591894004919202,0.2780205919985367,-0.14246373968953008,0.09474362282429581,-0.12332753977944569,0.14056286511785598,3.38,33.43248208469207,100,5.0
discovery,1,28,-0.08080780124577493,0.28335397746617047,-0.1404504735049965,0.0956044253713579,-0.12553980544019117,0.142541813395061,3.4,33.36607068581023,100,5.0
discovery,1,29,-0.08708460692098985,0.29625332369666,-0.14268594779359414,0.0979847242432662,-0.12878561257544308,0.14755187410661466,3.2,27.80281219955963,100,5.0
discovery,1,30,-0.08563536534699946,0.29584925462586215,-0.14166323517530338,0.0994913616431231,-0.12765626771822747,0.14858083488880786,3.16,26.923488825341696,100,5.0
discovery,1,31,-0.08363533917162164,0.3041455199533715,-0.1405733534613325,0.09548434687141905,-0.1263388498889048,0.14764964014190704,2.98,22.95415414132277,100,5.0
discovery,1,32,-0.08619910249074123,0.3048403369031844,-0.13374937910358042,0.09353736751309706,-0.12186180995037058,0.14636310986061893,3.26,23.77500235967438,100,5.0
discovery,1,33,-0.09314540254805596,0.30176978929913123,-0.13144032425590987,0.09506022802807733,-0.12186659382894632,0.14673761834584081,3.42,28.895314129902072,100,5.0
discovery,1,34,-0.09008424242479986,0.30216930240581946,-0.13177160015386016,0.1006613642308193,-0.12134976072159516,0.15103834877456937,3.84,33.07548673517855,100,5.0
discovery,1,35,-0.07681601598427007,0.3079054831727242,-0.13346879423683058,0.09695650726510201,-0.11930559967369042,0.1496937512420075,4.14,38.426211060660385,100,5.0
discovery,1,36,-0.06410372694844749,0.31697612946777576,-0.14251803472322794,0.09257114917921329,-0.12291445777953282,0.14867239425135392,4.72,40.16431683498535,100,5.0
discovery,1,37,-0.050075893780123316,0.3094104852508781,-0.15174835273352677,0.0871710113910428,-0.12633023799517593,0.14273087985600158,5.26,44.082635197382835,100,5.0
discovery,1,38,-0.05521262157680895,0.31235413023648106,-0.16415986297305718,0.08869463403927931,-0.13692305262399518,0.1446095080885798,5.78,43.404104079006636,100,5.0
discovery,1,39,-0.030176519531946576,0.3140225587730402,-0.16884957631495026,0.08913435733116691,-0.13418131211919934,0.14535640769163521,6.14,43.417185612514366,100,5.0
discovery,1,40,-0.03751439905500316,0.3199138622248023,-0.17170485493369572,0.0851787899082509,-0.13815724096402263,0.1438625579873887,6.32,42.49878971836149,100,5.0
discovery,1,41,-0.03977481086093771,0.31399704471282003,-0.17505895037047303,0.08113717986600681,-0.1412379154930892,0.13935214607771013,6.56,39.83592704872094,100,5.0
discovery,1,42,-0.037861579919258335,0.3037222840727386,-0.17118736967793227,0.08155723291050987,-0.13785592223826384,0.13709849570106708,6.28,33.87125068023558,100,5.0
discovery,1,43,-0.06130074901867592,0.3039015250914409,-0.16804282302155724,0.08356717221480155,-0.14135730452083692,0.13865076043396138,5.96,30.15344802574841,100,5.0
discovery,1,44,-0.0706060872109576,0.2988061169851596,-0.15637879497437313,0.08691068355929826,-0.13493561803351928,0.1398845419157636,5.52,24.418751903566903,100,5.0
discovery,1,45,-0.07987001187358776,0.2885030520786658,-0.15780564017688264,0.09326186410591941,-0.13832173310105897,0.14207216109910598,5.42,21.92716218134116,100,5.0
discovery,1,46,-0.09279608896773592,0.2784256554178197,-0.1664307769568607,0.09632944843036025,-0.14802210495957957,0.14185350017722512,5.24,19.65256243994865,100,5.0
discovery,1,47,-0.11226108717223666,0.27772471378742425,-0.17662682348476821,0.10046352459160618,-0.16053538940663536,0.14477882189056068,5.24,17.499049846528173,100,5.0
discovery,1,48,-0.11544151020182657,0.273745547981729,-0.1778722735432354,0.106435977179195,-0.16226458270788324,0.14826336987982847,5.54,19.1854396354765,100,5.0
discovery,1,49,-0.1265501369164222,0.2573913840601644,-0.18854130794990717,0.10172532293236876,-0.17304351519153596,0.14064183821431775,5.7,21.871236614795215,100,5.0
discovery,1,50,-0.12115198670604695,0.24325821462930614,-0.2034776044901408,0.09473517183820371,-0.18289620004411727,0.1318659325359793,5.9,26.945775202291713,100,5.0
discovery,1,51,-0.11095498649537734,0.22316126493043734,-0.22142346872042543,0.08238499656896718,-0.19380634816416342,0.11757906365933465,5.92,28.779886258799174,100,5.0
discovery,1,52,-0.09742560068915322,0.20587565478155895,-0.22888394634992854,0.06780386005126104,-0.19601935993473465,0.10232180873383552,6.1,32.76188922651983,100,5.0
discovery,1,53,-0.08874569328153292,0.19189079610497972,-0.23536786395415946,0.05364536865307989,-0.1987123212860029,0.0882067255160549,6.2,32.3313575001324,100,5.0
discovery,1,54,-0.061584569140995776,0.17722913375846383,-0.23337484782113235,0.042024134922711794,-0.19042727815109806,0.0758253846316498,5.96,28.60651071961131,100,5.0
discovery,1,55,-0.050014161316853156,0.16208889929527828,-0.23283113262460503,0.038563710940641364,-0.18712688979766706,0.06944500802930056,5.64,24.66967020218487,100,5.0
discovery,1,56,-0.04462654887048443,0.1486796220349846,-0.2355138708525509,0.031583666771118346,-0.18779204035703434,0.0608576555870849,5.66,24.783133954996778,100,5.0
discovery,1,57,-0.04167077783185768,0.14746370383459667,-0.236465209254912,0.025817790157921343,-0.18776660139914841,0.056229268577090166,5.44,24.193395606436056,100,5.0
discovery,1,58,-0.045927370274641624,0.13187284390308227,-0.24116259736223242,0.0207308774778399,-0.1923537905903347,0.04851636908415049,5.44,23.579953533000403,100,5.0
discovery,1,59,-0.05475079983847461,0.1204519135405345,-0.24047559224467993,0.018112606054018845,-0.19404439414312866,0.043697432925647754,5.52,23.316755315173445,100,5.0
discovery,1,60,-0.07348946366769345,0.10651487460447367,-0.2502057530911271,0.012284240738159358,-0.2060266807352688,0.03584189920473792,5.72,22.386885230912846,100,5.0
discovery,1,61,-0.06823718910296328,0.105553439530094,-0.26198475615838884,-0.00032777615034457864,-0.2135478643945325,0.026142527769765077,5.92,21.581433993880392,100,5.0
discovery,1,62,-0.06621705351725722,0.10149684067597446,-0.2813370033829721,-0.01260928851435285,-0.22755701591654337,0.015917243783228965,5.88,21.57999756538207,100,5.0
discovery,1,63,-0.07951784931212201,0.1024936450030952,-0.29491753197688375,-0.02059573848033574,-0.2410676113106933,0.010176607390521975,5.94,22.902479872996846,100,5.0
discovery,1,64,-0.08954023013341918,0.1029545906358939,-0.2996840363588118,-0.02162706152623694,-0.24714808480246375,0.009518351514295793,6.1,24.650210307513852,100,5.0
discovery,1,65,-0.09002959571630481,0.08507968993089793,-0.31142373665242523,-0.023257165976390118,-0.2560752014183951,0.0038270480004319054,6.04,25.309515491586662,100,5.0
discovery,1,66,-0.10345040329169215,0.07764077929188824,-0.31218043528499906,-0.020730484514019678,-0.25999792728667226,0.0038623314374573274,5.98,24.920225628918434,100,5.0
discovery,1,67,-0.10641625532782355,0.06087819384906389,-0.3119508615262743,-0.016277655894509798,-0.26056720997666166,0.003011306541383638,5.82,22.287234032802562,100,5.0
discovery,1,68,-0.09504821469143675,0.03433184539597674,-0.3220679591398052,-0.010578735311821857,-0.26531302302771315,0.0006489098651277869,5.74,21.0919475801584,100,5.0
discovery,1,69,-0.09324681379474149,0.013114432364895748,-0.3299037094696029,0.00013000442238891185,-0.2707394855508874,0.0033761114080156497,5.34,17.474999932234525,100,5.0
discovery,1,70,-0.09901897754770995,-0.00833213930416425,-0.32988785500332335,0.011289853670955795,-0.27217063563942007,0.006384355427175787,5.06,14.32975715490293,100,5.0
discovery,1,71,-0.10179998707773193,-0.016353871573121702,-0.3303181100018463,0.018850578493647276,-0.27318857927081763,0.010049465976955042,4.84,13.815824967877843,100,5.0
discovery,1,72,-0.11316303537895817,-0.011615294669133533,-0.336198212117392,0.016021894645914615,-0.2804394179327835,0.009112597317152589,4.7,10.575366078253214,100,5.0
discovery,1,73,-0.1243923606250553,0.0051479315931388745,-0.3489267065230992,0.010400016498892679,-0.2927931200485883,0.00908699527245425,4.86,9.962615719229483,100,5.0
discovery,1,74,-0.1318070474936544,0.005397042354452917,-0.35902268817559824,-0.0017388257665207744,-0.3022187780051123,4.514126372263255e-05,4.98,8.836179265946384,100,5.0
discovery,1,75,-0.14004981022766969,0.01072241119738746,-0.3704658604033247,-0.011177562565902506,-0.31286184785941096,-0.00570256912508001,5.18,9.525365677596094,100,5.0
discovery,1,76,-0.147847250238827,0.0033845163360095134,-0.37758741077268854,-0.018800764880652073,-0.32015237063922314,-0.013254444576486677,5.3,9.481271545483578,100,5.0
discovery,1,77,-0.1622199779088022,0.011970898856884316,-0.38417608000711173,-0.017176280464503178,-0.3286870544825344,-0.009889485634156306,5.4,9.52877697888785,100,5.0
discovery,1,78,-0.17783189569233587,0.01927528680536117,-0.39625500441022177,-0.016230158085441714,-0.3416492272307503,-0.007353796862740983,5.6,9.300267457419151,100,5.0
discovery,1,79,-0.18991227146305306,0.027075024281738257,-0.40709054683066703,-0.018715246292289607,-0.35279597798876344,-0.0072676786487826574,5.78,8.548237824884774,100,5.0
discovery,1,80,-0.2032281374142312,0.02924789466094961,-0.41875432309631966,-0.013925385569537345,-0.3648727766757976,-0.0031320655119156126,5.98,9.42606627758768,100,5.0
discovery,1,81,-0.21033005666113605,0.03147569820955123,-0.4288053783064966,-0.0161082949855823,-0.37418654789515654,-0.004212296686798895,6.16,10.06367196326322,100,5.0
discovery,1,82,-0.20958342231932875,0.029956853965443554,-0.43553905612434846,-0.019441475081196796,-0.3790501476730934,-0.007091892819536738,6.18,10.275629120283005,100,5.0
discovery,1,83,-0.2176351208301439,0.037056019357195456,-0.44339696240000054,-0.022480653611321545,-0.38695650200753645,-0.007596485369192321,6.24,9.51851596011449,100,5.0
discovery,1,84,-0.2300207374113801,0.05335943157417605,-0.4521209006384555,-0.02965653349851257,-0.3965958598316868,-0.008902542230340406,6.36,10.182399835041188,100,5.0
discovery,1,85,-0.24041671510109766,0.06425106124000313,-0.46080123980616217,-0.03539424818188922,-0.40570510862989595,-0.010482920826416118,6.36,9.90640313072694,100,5.0
discovery,1,86,-0.24400289181141427,0.07525630180742617,-0.4711662140050555,-0.036152010672692435,-0.4143753834566449,-0.008299932552662781,6.54,10.36187862620568,100,5.0
discovery,1,87,-0.2449926574649848,0.0754038883058051,-0.4784927269395497,-0.03365440537046964,-0.42011770957090894,-0.0063898319514009575,6.88,12.361108479589022,100,5.0
discovery,1,88,-0.2472370621730337,0.08357367736628385,-0.48798423117190187,-0.03171281147333299,-0.42779743892218486,-0.0028911892634287894,7.08,14.68272288762014,100,5.0
discovery,1,89,-0.25104364126043405,0.09738512019057233,-0.5007532588927576,-0.020884914771131764,-0.4383258544846767,0.008682593969294267,7.2,13.984313182007245,100,5.0
discovery,1,90,-0.25096499055111504,0.1147051637870401,-0.512807096901665,-0.013693659762641766,-0.4473465703140277,0.018406046124778697,7.38,14.507167080764889,100,5.0
discovery,1,91,-0.25483336547581614,0.12871942243571322,-0.5203467205751039,-0.005584924194129226,-0.4539683818002821,0.02799116246333136,7.34,13.725878917962472,100,5.0
discovery,1,92,-0.25113775209683015,0.13176307116860675,-0.5295534176729021,-0.004493521457935899,-0.459949501278884,0.029570626698699767,7.52,12.141614590482183,100,5.0
discovery,1,93,-0.2546770458617523,0.13353901284190234,-0.5381697298539264,0.002645570788401215,-0.4672965588558828,0.03536893130177647,7.46,11.790973400865141,100,5.0
discovery,1,94,-0.252768857558087,0.13443022805475316,-0.5444986884612257,0.008691085009096077,-0.4715662307354411,0.04012587077051036,7.46,11.512296902313562,100,5.0
discovery,1,95,-0.2563877022709514,0.14117530776498305,-0.5523781265925606,0.01284483785533082,-0.47838052051215824,0.044927455332743886,7.44,12.684927760886318,100,5.0
discovery,1,96,-0.2741770655420073,0.1640934325718865,-0.5591306439399827,0.016629290175797874,-0.4878922493404891,0.05349532577482001,7.22,11.754597349537915,100,5.0
discovery,1,97,-0.2883548120830871,0.17696090529265626,-0.5653700560870932,0.020137584376646648,-0.4961162450860917,0.05934341460564906,7.12,10.740760897586853,100,5.0
discovery,1,98,-0.29633513347700313,0.18612303799678692,-0.571321733145353,0.029880544286987783,-0.5025750832282657,0.06894116771443758,6.96,9.150352256985538,100,5.0
discovery,1,99,-0.2991104943605294,0.19868572647512583,-0.5678676311643778,0.041053812336720064,-0.5006783469634158,0.08046179087132152,6.74,8.779446278613985,100,5.0
discovery,1,100,-0.29625355305873086,0.19323768076339548,-0.5622493499899974,0.050385669881728795,-0.4957504007571807,0.08609867260214543,6.64,7.85591439596927,100,5.0
discovery,1,101,-0.28807903530723594,0.18337072050938874,-0.5546815692279488,0.05824394226109458,-0.4880309357477705,0.08952563682316811,6.44,6.685854873505399,100,5.0
discovery,1,102,-0.2919285338659462,0.18301361291404336,-0.5460175339195568,0.0655845199860674,-0.4824952839061541,0.09494179321806144,6.4,5.334676496741174,100,5.0
discovery,1,103,-0.2998346565400753,0.20021880294317185,-0.5396144493644179,0.07657460645553388,-0.4796695011583325,0.10748565557744336,6.52,6.075746099434525,100,5.0
discovery,1,104,-0.3152209442148362,0.21734822445643648,-0.5376474265998691,0.08561564500043814,-0.4820408060036108,0.1185487898644377,6.78,7.329645003606022,100,5.0
discovery,1,105,-0.33391043106320595,0.24527055535268846,-0.5410670782352679,0.09084025857940235,-0.48927791644225266,0.12944783277272395,7.22,9.265117456640448,100,5.0
discovery,1,106,-0.3618523855537393,0.26019584444697386,-0.5456318101366625,0.0941222302104291,-0.4996869539909319,0.13564063376956523,7.9,14.802975312646113,100,5.0
discovery,1,107,-0.39160838649167323,0.26839571194243367,-0.5500933019390533,0.09433570988792858,-0.5104720730772083,0.1378507104015548,8.64,17.823524421698117,100,5.0
discovery,1,108,-0.4042263466412149,0.27452374482897024,-0.5537454248537111,0.1029409986240334,-0.5163656553005869,0.14583668517526763,9.26,19.765245250737223,100,5.0
discovery,1,109,-0.4047914189979061,0.27450725449109786,-0.5547387902892008,0.11226028737493556,-0.5172519474663773,0.15282202915397614,9.68,22.30985124188237,100,5.0
discovery,1,110,-0.4126886303218826,0.27945040750141303,-0.5595450158814036,0.11361686216759419,-0.5228309194915233,0.15507524850104887,9.68,21.74568761714352,100,5.0
discovery,1,111,-0.42098088417115237,0.2882233350100012,-0.5637814024201775,0.10246107694215556,-0.5280812728579211,0.14890164145911694,9.18,18.225942029003555,100,5.0
discovery,1,112,-0.4145944009859498,0.28987819287501,-0.5690465469155894,0.10121076456291554,-0.5304335104331795,0.14837762164093915,8.64,14.568016243099525,100,5.0
discovery,1,113,-0.40671191548287716,0.28454397084191735,-0.5663073142212949,0.09981791285724098,-0.5264084645366904,0.14599942735341007,7.9,11.205775234105673,100,5.0
discovery,1,114,-0.397000198781575,0.28357785593612184,-0.5688360244219637,0.10980835405057775,-0.5258770680118664,0.15325072952196372,7.44,10.098749948965175,100,5.0
discovery,1,115,-0.3940630797433474,0.29369732921452824,-0.5722366142541067,0.10892584251276467,-0.5276932306264169,0.1551187141882056,7.36,7.893774132362469,100,5.0
discovery,1,116,-0.3978351278252271,0.29017308948930604,-0.5755576226935176,0.11622847108157894,-0.5311269989764452,0.1597146256835107,7.32,7.49032002709995,100,5.0
discovery,1,117,-0.39668517778046697,0.28957928094718904,-0.5761745716655029,0.11617985734347869,-0.5313022231942442,0.15952971324440626,7.26,7.3317845731303795,100,5.0
discovery,1,118,-0.3870701828203764,0.2882853425004309,-0.5761754143894303,0.1192390154770604,-0.528899106497167,0.16150059723290308,7.3,7.204481104850362,100,5.0
discovery,1,119,-0.37126109198735824,0.2902518561525684,-0.573701069033025,0.11926477813281484,-0.5230910747716082,0.16201154763775316,7.24,6.97563924998304,100,5.0
discovery,1,120,-0.35853591256013073,0.28386404699101886,-0.5729817801833936,0.1199750212003233,-0.5193703132775778,0.1609472776479972,7.2,7.076555420715934,100,5.0
discovery,1,121,-0.3350656094500319,0.2781453472784757,-0.573551952656404,0.11976744985448501,-0.513930366854811,0.15936192421048267,7.16,7.257287535588331,100,5.0
discovery,1,122,-0.3303119858195486,0.27016772441764614,-0.5723125721301238,0.11475303999653441,-0.5118124255524797,0.15360671110181243,7.14,7.408710180465024,100,5.0
discovery,1,123,-0.3253157652795728,0.2665561931589024,-0.5733059222912935,0.11111774150879128,-0.5113083830383632,0.14997735442131901,7.12,7.177494084785285,100,5.0
discovery,1,124,-0.32202536460667924,0.26362111453716996,-0.5774289416309751,0.11351479337926229,-0.5135780473749012,0.15104137366873918,7.18,9.444041132021956,100,5.0
discovery,1,125,-0.320602236426233,0.2708261960339261,-0.5802868436116162,0.12249098217775244,-0.5153656918152703,0.15957478564179586,7.1,10.46343362343947,100,5.0
discovery,1,126,-0.3249471856408176,0.27235150022580207,-0.5888531825610224,0.1253320643901401,-0.5228766833309713,0.16208692334905556,7.08,10.929294842193187,100,5.0
discovery,1,127,-0.334964721120444,0.27011281561108064,-0.5986624469469151,0.12946914347326513,-0.5327380154902973,0.1646300615077189,7.02,10.031582096551622,100,5.0
discovery,1,128,-0.33139975939228206,0.28888173310376947,-0.6025684366766634,0.13260169352638002,-0.5347762673555679,0.17167170342072743,6.96,8.85246173643743,100,5.0
discovery,1,129,-0.33873390701348555,0.30492643926277835,-0.6034152234016322,0.13658157543947122,-0.5372448943045958,0.17866779139529798,6.86,6.77318097827456,100,5.0
discovery,1,130,-0.34495927423050565,0.2882721061884185,-0.6040908336873714,0.13790835390473252,-0.539307943823155,0.17549929197565411,6.88,5.721574163357104,100,5.0
discovery,1,131,-0.3491490885637424,0.2893985896608046,-0.6043193887640054,0.13355113728152235,-0.5405268137139394,0.1725130003763429,6.88,5.478602510168226,100,5.0
discovery,1,132,-0.34512602286271465,0.2817704779151631,-0.6070373827275691,0.131060136655799,-0.5415595427613554,0.16873772197064008,6.84,4.47895628450417,100,5.0
discovery,1,133,-0.3395724787690598,0.28310890686418644,-0.6105938323074366,0.13224434755730366,-0.5428384939228427,0.16996048738402436,6.9,4.439601023981976,100,5.0
discovery,1,134,-0.33995326497432155,0.2778843012073578,-0.6129595374969299,0.12802603464956533,-0.5447079693662776,0.16549060128901338,6.94,4.636916926952282,100,5.0
discovery,1,135,-0.3365477785988665,0.27075416037680605,-0.6142234848957209,0.12180003881422323,-0.5448045583215072,0.15903856920486892,7.02,4.698838105252336,100,5.0
discovery,1,136,-0.3349973243297606,0.2538360818372148,-0.6138563318370683,0.1188168664102943,-0.5441415799602414,0.15257167026702442,7.0,4.5534563970805895,100,5.0
discovery,1,137,-0.3329607995074422,0.2658464835554631,-0.6121873707033946,0.11011929375974909,-0.5423807279044065,0.14905109120867757,6.92,4.7307026434187724,100,5.0
discovery,1,138,-0.33223845439055827,0.2515098914703978,-0.6110124582824694,0.11306360643296964,-0.5413189573094918,0.14767517769232666,6.96,4.7417087171196775,100,5.0
discovery,1,139,-0.33778521259592365,0.2569048444881712,-0.6105694363415313,0.10458506268963996,-0.5423733804051292,0.14266500813927283,7.02,5.027923157415803,100,5.0
discovery,1,140,-0.34686566924440165,0.25778590366149656,-0.6058680946628334,0.09879009000622183,-0.5411174883082254,0.13853904342004053,7.14,5.886731756351932,100,5.0
discovery,1,141,-0.35114400068028573,0.25947619052598,-0.6056580084282653,0.10287488948093225,-0.5420295064912707,0.1420252147421942,7.24,6.660060667937593,100,5.0
discovery,1,142,-0.35351153108375344,0.2650337799928674,-0.6065189628407048,0.11019211511628065,-0.5432671049014668,0.14890253133542727,7.46,6.623598338575455,100,5.0
discovery,1,143,-0.35509043992825645,0.28229180785967684,-0.6125733952979804,0.11769446405082666,-0.5482026564555494,0.15884380000303916,7.94,9.739714244860261,100,5.0
discovery,1,144,-0.3636250173124653,0.28787981067210355,-0.620687145569386,0.12338849391454201,-0.556421613505156,0.16451132310393235,8.66,14.183587073616273,100,5.0
discovery,1,145,-0.36172927343514627,0.2983597093944204,-0.6311405039715836,0.12479438466967623,-0.5637876963374745,0.16818571585086242,9.48,18.185910687353946,100,5.0
discovery,1,146,-0.3598903658203795,0.2885851848377917,-0.629407129812197,0.13020898149136997,-0.5620279388142425,0.1698030323279754,10.1,23.50874789528798,100,5.0
discovery,1,147,-0.35229570584550246,0.2961778105934402,-0.6343073025203348,0.1327532841396376,-0.5638044033516267,0.1736094157530882,10.4,27.17332278946179,100,5.0
discovery,1,148,-0.3630870861892746,0.28832014300350595,-0.6394391139843295,0.1343641209569993,-0.5703511070355658,0.172853126468626,10.38,25.7440094871808,100,5.0
discovery,1,149,-0.366947421177602,0.2920120986434133,-0.6370634024527789,0.13580325899978976,-0.5695344071339846,0.17485546891069564,10.0,22.53793385707551,100,5.0
discovery,1,150,-0.3724629601361583,0.28283806625497054,-0.6394811921909287,0.14210811588191422,-0.5727266341772362,0.1772906034751783,9.48,20.187983537184163,100,5.0
discovery,1,151,-0.3780526303165344,0.2873415945245663,-0.6429939861432935,0.14240506463105973,-0.5767586471866037,0.1786391971044362,8.96,16.22169940802347,100,5.0
discovery,1,152,-0.4000916216426472,0.2807220379331002,-0.6518832320167314,0.14219541112544165,-0.5889353294232105,0.17682706782735624,8.52,13.70415764466492,100,5.0
discovery,1,153,-0.4254606543877276,0.2719590007201614,-0.6565973006768914,0.13755927057443423,-0.5988131391046001,0.17115920311086597,8.3,12.145749189063167,100,5.0
discovery,1,154,-0.43812478005740096,0.2527614093705514,-0.6631422657608811,0.14263414743651326,-0.6068878943350112,0.17016596292002265,8.24,11.53052285134391,100,5.0
discovery,1,155,-0.4629611065767642,0.2467797397537111,-0.6674870174894839,0.14444217723601052,-0.6163555397613042,0.17002656786543568,8.24,10.843985980527895,100,5.0
discovery,1,156,-0.4762591641220709,0.24352182510373047,-0.6666977288134718,0.15715526857029466,-0.6190880876406216,0.1787469077036536,8.56,10.819183665132684,100,5.0
discovery,1,157,-0.4873355694290417,0.2433889663007419,-0.6529705480888972,0.16204543047996237,-0.6115618034239337,0.1823813144351572,9.0,11.869984503513534,100,5.0
discovery,1,158,-0.4935664150070756,0.23395694721201388,-0.6353385706898881,0.1668689277110341,-0.599895531769185,0.183640932586279,9.38,13.579145548354996,100,5.0
discovery,1,159,-0.4920040074240218,0.2290101454791633,-0.6221242173587161,0.16319040667910387,-0.5895941648750425,0.17964534137911872,9.62,14.404816114684134,100,5.0
discovery,1,160,-0.49418340580391884,0.2182645266671828,-0.6100029229548973,0.16502302839750552,-0.5810480436671527,0.1783334029649248,9.66,14.480913690433347,100,5.0
discovery,1,161,-0.49462195716698804,0.2030040775798002,-0.6055158525817564,0.16681491284903885,-0.5777923787280645,0.17586220403172928,9.74,13.472352298129413,100,5.0
discovery,1,162,-0.484122946706154,0.1995903125698668,-0.6148929802595667,0.1622890659600889,-0.5822004718712136,0.1716143776125334,9.68,12.084414888982737,100,5.0
discovery,1,163,-0.49347090187806836,0.2003517976849847,-0.6138055080306182,0.17215966958608125,-0.5837218564924807,0.17920770161080704,9.72,10.387078309458145,100,5.0
discovery,1,164,-0.5111139193943426,0.19408720347698133,-0.610568629065611,0.1787001287639114,-0.585704951647794,0.18254689744217892,9.8,10.372337782041292,100,5.0
discovery,1,165,-0.5160095647639943,0.1964668901127281,-0.6095064701335285,0.16947359279426474,-0.5861322437911449,0.17622191712388058,9.74,9.79123873555418,100,5.0
discovery,1,166,-0.5385099499137602,0.21660411827843326,-0.6126145023650953,0.15447559576602507,-0.5940883642522617,0.17000772639412723,9.62,8.65006341335576,100,5.0
discovery,1,167,-0.5571786242400422,0.2353817737832057,-0.6107354949488798,0.1545925299175258,-0.5973462772716703,0.17478984088394575,9.42,7.841268277948671,100,5.0
discovery,1,168,-0.5691746994021597,0.22712063553954717,-0.6118152753977458,0.15424824605697993,-0.6011551313988491,0.17246634342762174,9.02,7.184522891585232,100,5.0
discovery,1,169,-0.5728824056925534,0.23861817539000543,-0.6166378378299617,0.14580477294256106,-0.6056989797956097,0.16900812355442216,9.02,6.9454551830945475,100,5.0
discovery,1,170,-0.5853970199150835,0.2242110101182387,-0.6167580994288641,0.1435403665173253,-0.6089178295504193,0.16370802741755366,8.84,7.35988160665523,100,5.0
discovery,1,171,-0.5873436948928487,0.2256585374677968,-0.6236322499348324,0.13708265277392734,-0.6145601111743363,0.1592266239473948,8.68,7.168711670355424,100,5.0
discovery,1,172,-0.5877991263912125,0.22164065546087758,-0.6249105676188409,0.13864876877297902,-0.6156327073119336,0.15939674044495364,8.7,7.890460171538301,100,5.0
discovery,1,173,-0.5809232349157766,0.22585368314938278,-0.6268430887708717,0.13336171142068995,-0.6153631253070976,0.1564847043528632,8.7,8.523121036506597,100,5.0
discovery,1,174,-0.5813576725417438,0.22385113911866547,-0.628638691166606,0.13475046298607796,-0.6168184365103905,0.1570256320192248,8.6,7.663395719810504,100,5.0
discovery,1,175,-0.5774568072565727,0.23440774386387325,-0.6327748837932335,0.13935092385351883,-0.6189453646590686,0.16311512885610738,8.4,6.734249288408175,100,5.0
discovery,1,176,-0.5712850002358739,0.23806781260483004,-0.6329107091978179,0.15262632883780206,-0.617504281957332,0.17398669977955905,8.24,5.943803470565986,100,5.0
discovery,1,177,-0.5699127436920325,0.23707672591216705,-0.6323986836429804,0.163086246815539,-0.6167771986552436,0.18158386658969594,8.22,5.716144382443629,100,5.0
discovery,1,178,-0.5708715766550718,0.23507131313945262,-0.6306275061086783,0.16257149106631527,-0.6156885237452767,0.1806964465845996,8.36,6.141498108288033,100,5.0
discovery,1,179,-0.5704683326979513,0.23512454412152597,-0.6337262515836264,0.1625865471174573,-0.6179117718622077,0.18072104636847455,8.36,6.63683983747989,100,5.0
discovery,1,180,-0.5828380568855261,0.22987004423002907,-0.6315265542976398,0.16636985594020273,-0.6193544299446117,0.18224490301265928,8.48,6.712073833346485,100,5.0
discovery,1,181,-0.5965647198539277,0.23264879245379966,-0.6285704988631573,0.16221538808661906,-0.6205690541108495,0.17982373917841418,8.5,6.291869206532525,100,5.0
discovery,1,182,-0.607757492847871,0.22571556434200443,-0.6242373820779901,0.16781755160130712,-0.6201174097704605,0.18229205478648147,8.54,6.444223928036456,100,5.0
discovery,1,183,-0.6078079432185638,0.23448592848815583,-0.6220219333538117,0.17587112372040323,-0.61846843582,0.1905248249123414,8.52,6.143921050571665,100,5.0
discovery,1,184,-0.6025051751145702,0.2346765745900209,-0.616909868244988,0.17918810360246704,-0.6133086949623835,0.19306022134935558,8.54,5.579400172090406,100,5.0
discovery,1,185,-0.5948519431441402,0.23385206250410856,-0.6167733396701338,0.17100559443446514,-0.6112929905386354,0.18671721145187598,8.52,5.009229804202352,100,5.0
discovery,1,186,-0.5925222965701188,0.22992287695875788,-0.6147336840455568,0.16338995294787861,-0.6091808371766975,0.1800231839505984,8.58,5.064229939267001,100,5.0
discovery,1,187,-0.5873785764606138,0.229340759039069,-0.6124213020622252,0.1658144572173471,-0.6061606206618226,0.18169603267277765,8.6,5.982266965634932,100,5.0
discovery,1,188,-0.5817528623048733,0.23603315172562997,-0.6166513966220389,0.16551921697935826,-0.6079267630427476,0.18314770066592634,8.66,6.384223630036373,100,5.0
discovery,1,189,-0.5798787586169862,0.23103923687481484,-0.6254367114599511,0.17474711921415756,-0.6140472232492101,0.18882014862932195,8.8,6.293970095712742,100,5.0
discovery,1,190,-0.579696036209306,0.23705218003461367,-0.6341213350588286,0.17744059131084733,-0.6205150103464481,0.19234348849178892,8.82,6.02018081827237,100,5.0
discovery,1,191,-0.5842679434409275,0.23356375961974205,-0.6452964519487974,0.18015583557086273,-0.6300393248218302,0.19350781658308264,9.0,6.559072700633934,100,5.0
discovery,1,192,-0.5870396854377053,0.2385584437704954,-0.6493577861809601,0.16956864747929876,-0.6337782609951459,0.18681609655209794,9.12,7.155215406266017,100,5.0
discovery,1,193,-0.5882030442535717,0.22897686672229572,-0.6540691487751875,0.16371376729754328,-0.6376026226447835,0.18002954215373138,9.14,7.169231236004211,100,5.0
discovery,1,194,-0.5882136090404138,0.22404272039123282,-0.6575621203267387,0.1594429530501351,-0.6402249925051574,0.1755928948854094,9.3,8.115597607561119,100,5.0
discovery,1,195,-0.5824673600307574,0.2229981754737481,-0.6640944067697577,0.15666728572320468,-0.6436876450850078,0.1732500081608405,9.38,7.729113450903951,100,5.0
discovery,1,196,-0.5834718597460412,0.21922014885917407,-0.6680712877509369,0.1590925509546465,-0.6469214307497133,0.17412445043077834,9.44,7.81155069466125,100,5.0
discovery,1,197,-0.5795380066131753,0.2205418493167012,-0.6722873779077909,0.16603626581980493,-0.6491000350841369,0.17966266169402892,9.6,8.150225835288714,100,5.0
discovery,1,198,-0.5882126745886868,0.22048529996415023,-0.6743359651363213,0.16839160792027888,-0.6528051424994128,0.18141503093124683,9.66,8.247889909680639,100,5.0
discovery,1,199,-0.5931121663364608,0.21900307765810767,-0.6809671038365713,0.1763459768800546,-0.6590033694615437,0.18701025207456784,9.6,7.188398554325491,100,5.0
discovery,1,200,-0.6027059640167461,0.21814325732424217,-0.6868561497053481,0.18159932129071613,-0.6658186032831975,0.1907353052990976,9.78,7.187340320999414,100,5.0
discovery,2,0,0.004566043170349261,-0.14570077523860875,0.022311685775740144,-0.020585369786903344,0.01787527512439243,-0.05186422114982971,0.0,0.0,100,5.0
discovery,2,1,0.024435285711228057,-0.15115961850634985,0.017753950656516814,-0.02326989547692278,0.019424284420194646,-0.05524232623427952,1.5,86.77872191304313,100,5.0
discovery,2,2,0.049431202813248414,-0.15708891014925036,0.02086317277843431,-0.028861735223468573,0.028005180287137842,-0.060918528954914015,1.46,76.2298950722613,100,5.0
discovery,2,3,0.05841708314482313,-0.16902264956678248,0.023192380408423315,-0.027469571808714524,0.03199855609252329,-0.06285784124823149,1.58,77.6838894564649,100,5.0
discovery,2,4,0.07191946566122664,-0.18781035842858837,0.01761486039136768,-0.02211462204103417,0.031191011708832407,-0.06353855613792274,1.78,72.15227273294943,100,5.0
discovery,2,5,0.07431562465741623,-0.19201781142801289,0.011442206050171976,-0.007799235965088037,0.027160560701983028,-0.0538538798308192,1.88,70.70371443734861,100,5.0
discovery,2,6,0.06941636536716747,-0.1897730188848811,0.01645174142173781,-0.0043548486759713055,0.02969289740809521,-0.05070939122819874,1.92,69.67711013200783,100,5.0
discovery,2,7,0.08837130170043217,-0.1966443835351576,0.023109476485692004,-0.01367551069453226,0.039424932789377004,-0.059417728904688605,2.0,64.89425083586478,100,5.0
discovery,2,8,0.11771375673678311,-0.20713517040575,0.015354761058504718,-0.01647882434177247,0.040944509978074306,-0.06414291085776683,1.84,56.681718434520256,100,5.0
discovery,2,9,0.12366313643604294,-0.21669763428408173,0.01828301705116111,-0.013597541804621133,0.04462804689738156,-0.06437256492448629,1.92,52.49642152539767,100,5.0
discovery,2,10,0.11309893053203089,-0.22762019699535432,0.024527323305054402,-0.025165187950644156,0.04667022511179852,-0.07577894021182174,2.1,50.95199322965707,100,5.0
discovery,2,11,0.11003741958054493,-0.23037595013441578,0.01815756840694269,-0.03413439595719634,0.041127531200343244,-0.08319478450150122,2.1,47.321638392660134,100,5.0
discovery,2,12,0.12183783921149789,-0.2425699262775282,0.015939620004786464,-0.03928867337336876,0.042414174806464325,-0.09010898659940861,2.26,44.49531712873281,100,5.0
discovery,2,13,0.13689391767177278,-0.26149445546185757,0.019583718943104043,-0.045120185121710975,0.04891126862527117,-0.09921375270674761,2.34,46.13019983082951,100,5.0
discovery,2,14,0.12945586329291994,-0.2744139447076087,0.01639875127018077,-0.043587839404031416,0.044663029275865566,-0.10129436572992573,2.4,49.627069057990546,100,5.0
discovery,2,15,0.13297252170201232,-0.29619850504670414,0.016037884613878763,-0.04424202661325133,0.045271543885912154,-0.10723114622161446,2.58,51.72178743831191,100,5.0
discovery,2,16,0.13962027833673035,-0.2992141438982536,0.017499018777001184,-0.040131758222345076,0.048029333666933474,-0.10490235464132222,2.56,48.21833942112015,100,5.0
discovery,2,17,0.15243225769252144,-0.30194029897626484,0.016546423327413826,-0.041403199737465916,0.05051788191869072,-0.10653747454716563,2.84,47.16037884695236,100,5.0
discovery,2,18,0.13763222115514076,-0.3056000585778258,0.016653999799822617,-0.046374283202265665,0.046898555138652126,-0.11118072704615567,2.92,42.41474019621254,100,5.0
discovery,2,19,0.11674203645985387,-0.3110685189844875,0.016133883888435275,-0.057354748148977765,0.04128592203128992,-0.12078319085785523,3.12,41.41530209810775,100,5.0
discovery,2,20,0.10965023953184976,-0.3191973368019229,0.02007060126219524,-0.06757324227287677,0.042465510829608845,-0.1304792659051383,3.2,40.16989649122332,100,5.0
discovery,2,21,0.11048932548845113,-0.3107527372691427,0.01791953844760311,-0.07872280424942882,0.041061985207815094,-0.1367302875043573,3.26,41.66062746853455,100,5.0
discovery,2,22,0.11610335872696825,-0.31616046489702887,0.0245438927556176,-0.09544861877203595,0.04743375924845528,-0.15062658030328419,3.06,40.627877069112884,100,5.0
discovery,2,23,0.11259918738957264,-0.3083509359096927,0.03382277567904992,-0.10901308637259294,0.05351687860668061,-0.15884754875686788,3.1,41.7929609730762,100,5.0
discovery,2,24,0.1114251391332663,-0.3172935729674593,0.039607897693891544,-0.1304144535523812,0.05756220805373521,-0.17713423340615075,3.12,37.233742892152925,100,5.0
discovery,2,25,0.12028722546030153,-0.31914688212044506,0.03421365905810598,-0.14043498848959815,0.05573205065865486,-0.18511296189730989,2.92,33.25585446487409,100,5.0
discovery,2,26,0.11789207266867702,-0.320381701100316,0.033860379624492246,-0.15571412997273512,0.05486830288553845,-0.19688102275463035,3.22,39.4501601669137,100,5.0
discovery,2,27,0.11972427769920417,-0.32883870485382033,0.03218885947340316,-0.1648311128494348,0.05407271402985336,-0.20583301085053127,3.3,43.4831284158999,100,5.0
discovery,2,28,0.1377278292038194,-0.3319720855089176,0.029731802351914326,-0.16322985820927297,0.05673080906489061,-0.20541541503418415,3.12,43.36887354094142,100,5.0
discovery,2,29,0.15060330928354315,-0.3348083413981009,0.023312288434990492,-0.16927560900278513,0.05513504364712867,-0.21065879210161417,3.1,42.013197815572696,100,5.0
discovery,2,30,0.1722154585189046,-0.34166130511362974,0.02282678582300239,-0.18255044946236415,0.06017395399697795,-0.2223281633751806,2.92,37.748719004697264,100,5.0
discovery,2,31,0.1780010415851284,-0.34718763982752326,0.02202225771438154,-0.1820330315423637,0.061016953682068255,-0.22332168361365354,2.7,30.62329459266562,100,5.0
discovery,2,32,0.18177837633151334,-0.356084245605627,0.019313061005045064,-0.1857547714497972,0.05992938983666214,-0.22833713998875468,2.72,27.140280127670724,100,5.0
discovery,2,33,0.17152558617163355,-0.36118696001176526,0.016315065577819463,-0.18709379345330945,0.05511769572627298,-0.23061708509292322,2.84,21.017368185361192,100,5.0
discovery,2,34,0.16580289713443455,-0.3570939936163358,0.015363392976095026,-0.19051597444122106,0.0529732690156799,-0.23216047923499977,2.98,20.043228488085994,100,5.0
discovery,2,35,0.15044499906225578,-0.37997797491570734,0.014663756600622637,-0.19850636622755594,0.0486090672160309,-0.2438742683995938,3.28,24.987489663094472,100,5.0
discovery,2,36,0.14017917746225833,-0.39859428648197487,0.01028536516817302,-0.20899286080349166,0.04275881824169434,-0.25639321722311254,3.48,27.916811470339578,100,5.0
discovery,2,37,0.13171885358842572,-0.4121361357306745,0.012806398234385691,-0.21162054942690287,0.04253451207289568,-0.26174944600284566,3.68,28.287883738155926,100,5.0
discovery,2,38,0.12617779919847621,-0.43137815904305316,0.00670655955349545,-0.22182579637778999,0.03657436946474068,-0.2742138870441058,3.82,33.14312655695009,100,5.0
discovery,2,39,0.10823046360353324,-0.44012647679847844,0.0013162893034530812,-0.22204808258608105,0.028044832878473078,-0.2765676811391804,3.72,29.905922295366008,100,5.0
discovery,2,40,0.09438006829670213,-0.45178790819873355,-0.003520163861962029,-0.22676507202606236,0.020954894177703985,-0.2830207810692303,3.68,27.834425242364173,100,5.0
discovery,2,41,0.07937165771367061,-0.4690359837930276,-0.011036335630432072,-0.23558924106017662,0.011565662705593595,-0.2939509267433893,3.56,27.388234825574834,100,5.0
discovery,2,42,0.07546485356828085,-0.46948507696540176,-0.012473610395922844,-0.24597062039970297,0.009511005595128075,-0.3018492345411277,3.46,24.569264366015393,100,5.0
discovery,2,43,0.06514651587583234,-0.4740149555780588,-0.016641877446276866,-0.2571056486742273,0.0038052208842504188,-0.3113329754001851,3.52,19.840874905827434,100,5.0
discovery,2,44,0.06705811492163574,-0.4720563250412517,-0.022604590786978,-0.2596474090469189,-0.00018891435982453685,-0.31274963804550215,3.58,17.388216310787982,100,5.0
discovery,2,45,0.06547446919331555,-0.467826332809979,-0.02915443149331022,-0.2715628257996801,-0.005497206321653819,-0.32062870255225484,3.6,20.27740675516488,100,5.0
discovery,2,46,0.08408803349956882,-0.4631052520854573,-0.03843242568022572,-0.282906821314028,-0.007802310885277101,-0.3279564290068855,3.6,16.157383645111878,100,5.0
discovery,2,47,0.07834512087116355,-0.4635215492099352,-0.04422740367574751,-0.29725184018543754,-0.013584272539019752,-0.3388192674415619,3.62,13.972517844670822,100,5.0
discovery,2,48,0.07634647366432079,-0.46352462495736807,-0.052700897763668465,-0.3114622313786235,-0.020439054906671184,-0.34947782977330955,3.72,13.881032380343301,100,5.0
discovery,2,49,0.07041682676994414,-0.4661755425546405,-0.063367718393493,-0.32152828594222616,-0.029921582102633657,-0.3576901000953299,3.68,12.556493749645101,100,5.0
discovery,2,50,0.06810021857998186,-0.46536716943143086,-0.07527365291670819,-0.3273306230179474,-0.03943018504253568,-0.3618397596213183,3.74,14.662838113740635,100,5.0
discovery,2,51,0.0594987461683758,-0.465209659929194,-0.08508073123284877,-0.32518487574767413,-0.048935861882542654,-0.3601910717930541,3.76,14.124265285506933,100,5.0
discovery,2,52,0.05607123258697678,-0.4591391158328625,-0.09626832354989029,-0.32310792629290075,-0.05818343451567353,-0.3571157236778913,3.94,20.280065293629796,100,5.0
discovery,2,53,0.05216913917340592,-0.4601180401045972,-0.09522183743190833,-0.3235896589460811,-0.05837409328057977,-0.35772175423571023,4.02,19.784430718797672,100,5.0
discovery,2,54,0.05500112153392678,-0.46606261930009885,-0.09322193726225335,-0.3249915350250841,-0.05616617256320833,-0.3602593060938378,4.12,19.18960901025034,100,5.0
discovery,2,55,0.05906760374362172,-0.47234892646890303,-0.09223127933969072,-0.31568313010294596,-0.05440655856886261,-0.3548495791944353,4.4,22.26696384385029,100,5.0
discovery,2,56,0.05557986518278915,-0.4664988903340264,-0.0884296768105232,-0.3139970621795815,-0.052427291312195125,-0.3521225192181927,4.56,22.14447556681656,100,5.0
discovery,2,57,0.05300131651711555,-0.47359037021054784,-0.0848520078923261,-0.3090394240498599,-0.050388676789965656,-0.3501771605900319,4.94,23.520811527677203,100,5.0
discovery,2,58,0.05445385162094597,-0.48464015415467043,-0.08327464108423545,-0.30720922598507266,-0.04884251790794005,-0.3515669580274722,5.28,23.712452486819092,100,5.0
discovery,2,59,0.0579704008133948,-0.4961210368992993,-0.08473318434521383,-0.3087656851036488,-0.049057288055561664,-0.3556045230525614,5.48,25.06994797606454,100,5.0
discovery,2,60,0.07517047823542844,-0.5021599876753057,-0.09040394031338848,-0.3073364992177739,-0.0490103356761842,-0.35604237133215677,5.48,23.042773113272634,100,5.0
discovery,2,61,0.09460949164503774,-0.5057250060111537,-0.09977501725899574,-0.31697621437127443,-0.051178890032987374,-0.3641634122812443,5.48,23.81139259409636,100,5.0
discovery,2,62,0.11179945983083513,-0.5158475114544295,-0.09814509144136366,-0.3252872035215345,-0.04565895362331397,-0.3729272805047584,5.3,18.517317782182843,100,5.0
discovery,2,63,0.1202432343594759,-0.5273491291402527,-0.09202033741823627,-0.33190576466179533,-0.038954444473808275,-0.3807666057814095,5.14,16.74695299671379,100,5.0
discovery,2,64,0.11365163073487426,-0.5327380646277686,-0.08613379893953,-0.33858935606872154,-0.036187441520928953,-0.3871265332084832,5.18,18.12462781192956,100,5.0
discovery,2,65,0.1070969314410234,-0.5321253617394894,-0.08585128780605047,-0.3478817163444624,-0.037614232994281994,-0.3939426276932192,5.14,20.344524099047003,100,5.0
discovery,2,66,0.10819855008975508,-0.5408391886995275,-0.08151696549209567,-0.3627126927828577,-0.03408808659663299,-0.40724431676202505,5.16,19.608493098998647,100,5.0
discovery,2,67,0.10033883281400771,-0.550758910241139,-0.08309271853218027,-0.3709619883790028,-0.03723483069563328,-0.4159112188445369,5.4,19.605906502004473,100,5.0
discovery,2,68,0.08949299217099965,-0.5693163728744701,-0.07499379018264758,-0.38759091539731316,-0.03387209459423577,-0.43302227976660235,5.6,22.276314685255358,100,5.0
discovery,2,69,0.08416919317184504,-0.5802605929747915,-0.06586179120722856,-0.39728605539663364,-0.028354045112460168,-0.44302968979117296,5.68,20.30595177855974,100,5.0
discovery,2,70,0.05896157124550801,-0.5844570660777388,-0.05152692332200791,-0.41062305117273296,-0.023904799680128902,-0.4540815548989843,5.62,17.988905267938545,100,5.0
discovery,2,71,0.0545132463652937,-0.5947812951558199,-0.05110113116526035,-0.42268801117168664,-0.02469753678262184,-0.46571133216771954,5.64,17.55282698050442,100,5.0
discovery,2,72,0.035234378640829414,-0.5956154129047202,-0.043602645939077124,-0.43722974558721756,-0.023893389794100484,-0.4768261624165933,5.48,16.84329877331376,100,5.0
discovery,2,73,0.02711341713912017,-0.608025407296873,-0.03146619738763448,-0.45555832636813365,-0.01682129375594584,-0.49367509660031816,5.48,18.187102147235013,100,5.0
discovery,2,74,0.03232115521625584,-0.619419415207834,-0.021593869237434987,-0.4691201349414333,-0.008115113124012292,-0.5066949550080332,5.44,18.970970597515727,100,5.0
discovery,2,75,0.024328210852631028,-0.6287032769562182,-0.019669070508762005,-0.4798957007473258,-0.008669750168413752,-0.5170975947995489,5.42,18.81407475636684,100,5.0
discovery,2,76,0.010912850138722905,-0.635139367582622,-0.015235726023922634,-0.4873499524084777,-0.008698581983261247,-0.5242973062020138,5.46,17.84926309752414,100,5.0
discovery,2,77,0.002420861034998516,-0.641649715764454,-0.011643897222393194,-0.49659945610255807,-0.008127707658045314,-0.5328620210180322,5.46,16.744214130348247,100,5.0
discovery,2,78,-0.009380496488434647,-0.6420309598337047,0.00010525852015223307,-0.5091458248898733,-0.0022661802319944723,-0.5423671086258313,5.5,14.62234929014936,100,5.0
discovery,2,79,0.012664865054727928,-0.649749336368023,0.006624380490922582,-0.5289878290993613,0.008134501631873913,-0.5591782059165262,5.5,13.867743803032605,100,5.0
discovery,2,80,0.0278046032873232,-0.657878074935136,0.014842509988842758,-0.5480617472245191,0.01808303331346288,-0.5755158291521735,5.38,13.78736436009197,100,5.0
discovery,2,81,0.035776700609315745,-0.6715053016648023,0.012742597837581731,-0.5625299691802326,0.018501123530515206,-0.5897738023013751,5.34,14.03124414141929,100,5.0
discovery,2,82,0.044737001103348446,-0.684051262886056,0.00172975934756647,-0.5670045404161631,0.012481569786511954,-0.5962662210336362,5.26,12.257162452898989,100,5.0
discovery,2,83,0.06612847521556384,-0.6927357326705662,-0.002159981241630599,-0.5735474989282722,0.01491213287266801,-0.6033445573638458,5.22,12.690930883655007,100,5.0
discovery,2,84,0.05899890842993887,-0.7026952836835624,-0.005304179277124861,-0.5797759831491853,0.010771592649641053,-0.6105058082827796,5.18,11.95979616115505,100,5.0
discovery,2,85,0.057723825870550256,-0.7170113600527965,-0.010777030134932641,-0.588520418977922,0.006348183866438076,-0.6206431542466405,5.32,12.659194277591483,100,5.0
discovery,2,86,0.06188424013261824,-0.7170920281986581,-0.0004111876659110688,-0.5964235323067044,0.015162669283721257,-0.626590656279693,5.44,13.941526760400944,100,5.0
discovery,2,87,0.048631696473410015,-0.7125763924814069,0.015347323136540539,-0.60512146415062,0.023668416470757892,-0.6319851962333166,5.54,14.076631265361254,100,5.0
discovery,2,88,0.053661480757131404,-0.7165277545702382,0.024033808154213177,-0.6131295227389921,0.031440726304942726,-0.6389790806968034,5.68,14.485025408174376,100,5.0
discovery,2,89,0.04322897784213649,-0.718012608008559,0.029371895175224278,-0.6242903781270647,0.03283616584195235,-0.6477209355974383,5.76,15.310803352940836,100,5.0
discovery,2,90,0.0581665281275515,-0.7256771792379294,0.027505564849106694,-0.6325887139956448,0.03517080566871789,-0.6558608303062159,5.92,16.282147975416077,100,5.0
discovery,2,91,0.058463666327984144,-0.7333877783830429,0.03123073510843572,-0.6485880005029359,0.03803896791332283,-0.6697879449729627,6.32,19.700159378628385,100,5.0
discovery,2,92,0.06050585472598015,-0.7364388107582498,0.03512116144720703,-0.6615117912840197,0.04146733476690031,-0.6802435461525775,6.68,22.24407382036365,100,5.0
discovery,2,93,0.05825864151008506,-0.7454070256142954,0.03728005018406249,-0.6720447960632026,0.042524698015568144,-0.690385353450976,6.76,20.064295444073817,100,5.0
discovery,2,94,0.061427766813548626,-0.7602157113361068,0.041727754934077745,-0.6785455825926154,0.046652757903945484,-0.6989631147784882,6.88,20.300741463830892,100,5.0
discovery,2,95,0.06969882848444856,-0.7731830785100235,0.04596003143474958,-0.6853351822424136,0.051894730697174346,-0.7072971563093158,6.94,19.83011582036621,100,5.0
discovery,2,96,0.08575648082712747,-0.7816977582822991,0.06028007568381785,-0.686523832888712,0.06664917696964527,-0.7103173142371088,6.94,18.331850602187963,100,5.0
discovery,2,97,0.0933723624121389,-0.7932034928476829,0.07721591408546687,-0.6826021504456943,0.08125502616713487,-0.7102524860461915,6.72,15.441774293115385,100,5.0
discovery,2,98,0.10544538990834881,-0.802013823613557,0.09681787685842941,-0.683143510779303,0.09897475512090928,-0.7128610889878664,6.6,11.497200883213514,100,5.0
discovery,2,99,0.1128022443038228,-0.8078709240857245,0.11344131495926403,-0.6846967849083103,0.11328154729540377,-0.7154903197026639,6.4,9.9449848803245,100,5.0
discovery,2,100,0.12042465728595685,-0.8102258281168645,0.13002118885268257,-0.6824257458416343,0.1276220559610012,-0.714375766410442,6.42,8.861194010681436,100,5.0
discovery,2,101,0.1119290736206815,-0.8120648230844657,0.13339176899248437,-0.6855399010391927,0.12802609514953356,-0.7171711315505108,6.54,10.072443370161453,100,5.0
discovery,2,102,0.10975649758445093,-0.815133431990788,0.13038565560718227,-0.6885807579101234,0.12522836610149932,-0.7202189264302896,6.7,10.34357237325458,100,5.0
discovery,2,103,0.109904885643068,-0.8196732840725077,0.12856783189204427,-0.69147972722863,0.12390209532980012,-0.7235281164395996,6.94,10.90616990779265,100,5.0
discovery,2,104,0.10317439986724569,-0.8167160402509471,0.12991110668425904,-0.6974303395793846,0.12322692998000565,-0.7272517647472752,6.92,11.990556066732877,100,5.0
discovery,2,105,0.10282243276840282,-0.8198536769388158,0.1295442256185331,-0.6973329733867669,0.12286377740600049,-0.7279631492747792,6.92,10.886288978459541,100,5.0
discovery,2,106,0.09913380352347868,-0.828134647639058,0.13250718229465172,-0.7012015546658684,0.12416383760185841,-0.732934827909166,7.08,11.56497044949617,100,5.0
discovery,2,107,0.09797167583357588,-0.8277687122209091,0.13942823568961374,-0.7097774859415408,0.12906409572560432,-0.7392752925113826,7.16,11.010805523615213,100,5.0
discovery,2,108,0.10967505166162518,-0.8243924117692046,0.14621252978841898,-0.7198196471713575,0.13707816025672048,-0.7459628383208197,7.16,10.328075731042368,100,5.0
discovery,2,109,0.09489057274512971,-0.8270995284846349,0.14998425581110988,-0.7260714960609154,0.1362108350446148,-0.7513285041668456,7.12,10.40836717435526,100,5.0
discovery,2,110,0.10154781153986533,-0.8303076018058461,0.14747851019881528,-0.7278208486824892,0.13599583553407776,-0.7534425369633285,7.14,10.042630715608093,100,5.0
discovery,2,111,0.11916356117799923,-0.8344182891608166,0.1472590780923643,-0.7293226134155244,0.1402351988637731,-0.755596532351847,7.06,9.991011237985614,100,5.0
discovery,2,112,0.1223209507860366,-0.8325737465012086,0.14370836820509159,-0.7259989923856609,0.13836151385032797,-0.7526426809145481,7.04,8.897700930423513,100,5.0
discovery,2,113,0.1326255377954648,-0.8308968105298912,0.14029933559188226,-0.7274074173144583,0.1383808861427779,-0.7532797656183169,7.1,8.655104271445166,100,5.0
discovery,2,114,0.14906921862028105,-0.8286379271367195,0.14333485088723075,-0.7298082405598226,0.14476844282049334,-0.7545156622040469,7.04,8.095118073398982,100,5.0
discovery,2,115,0.14793292473333405,-0.826075325827807,0.13891905337113292,-0.7326236213898292,0.14117252121168322,-0.7559865474993234,7.0,8.089019424572406,100,5.0
discovery,2,116,0.13668479381985377,-0.8270548076539035,0.12960181694273426,-0.7358635151024931,0.13137256116201418,-0.7586613382403459,6.94,7.898524945841977,100,5.0
discovery,2,117,0.10458120822537903,-0.8240419766845638,0.12191228739439824,-0.7445359593239037,0.11757951760214343,-0.7644124636640687,7.04,9.125283435029793,100,5.0
discovery,2,118,0.09998054395608834,-0.8220829560731829,0.10822263486355387,-0.757255049757631,0.1061621121366874,-0.773462026336519,7.1,10.857495422095308,100,5.0
discovery,2,119,0.11735555841821144,-0.8224809685715051,0.10402130340253644,-0.7624054926961097,0.10735486715645515,-0.7774243616649585,7.1,10.14380434177562,100,5.0
discovery,2,120,0.11682474150981965,-0.8203714565920499,0.09778827600954106,-0.7653299882747139,0.10254739238461072,-0.7790903553540478,7.1,8.799495059971303,100,5.0
discovery,2,121,0.11577098020294102,-0.8143028054877568,0.09516365228382143,-0.769024601590966,0.10031548426360133,-0.7803441525651635,7.18,8.11285732483583,100,5.0
discovery,2,122,0.12833413668416202,-0.810020981406266,0.08760075063515203,-0.7664408546738878,0.09778409714740453,-0.7773358863569821,7.28,7.911574825802257,100,5.0
discovery,2,123,0.13083463050448588,-0.8108946453099485,0.08226259972605174,-0.7659908965778871,0.09440560742066027,-0.7772168337609021,7.2,7.078663362870199,100,5.0
discovery,2,124,0.11371783618342018,-0.812750344057418,0.0761099338881866,-0.767767809718387,0.08551190946199501,-0.7790134433031447,7.22,7.051176371701252,100,5.0
discovery,2,125,0.10388529635199818,-0.8140233392112978,0.07156662335497321,-0.7661972863091719,0.07964629160422952,-0.7781537995347033,7.22,7.354359366226915,100,5.0
discovery,2,126,0.09617554609337269,-0.814238943983665,0.07100601006540996,-0.7691943431645176,0.07729839407240063,-0.7804554933693045,7.28,6.9563876775741385,100,5.0
discovery,2,127,0.10252237598567264,-0.8077358731294412,0.07576499073559939,-0.7746519524896871,0.0824543370481177,-0.7829229326496256,7.44,7.522024716854282,100,5.0
discovery,2,128,0.10601878727830522,-0.8002166844800722,0.07288780325129043,-0.7759752130419346,0.08117054925804408,-0.7820355809014692,7.6,10.120700259661954,100,5.0
discovery,2,129,0.10955301429761871,-0.7983076624229837,0.07176705402060664,-0.7791116744471933,0.08121354408985962,-0.7839106714411409,7.76,11.776004808680305,100,5.0
discovery,2,130,0.1200688308756234,-0.7889127913592989,0.07091357711066622,-0.7801698077444803,0.08320239055190552,-0.782355553648185,7.98,13.382082381725636,100,5.0
discovery,2,131,0.1367252214525109,-0.7784857500910854,0.07064695097275937,-0.7847444500370901,0.08716651859269726,-0.7831797750505889,8.14,15.05836270232166,100,5.0
discovery,2,132,0.16234640490508853,-0.768324227325838,0.07347351372887742,-0.7854007729806572,0.09569173652293021,-0.7811316365669524,8.24,15.429765299260408,100,5.0
discovery,2,133,0.17853655691611275,-0.7741858518093396,0.07515681985700441,-0.7858258047260269,0.10100175412178146,-0.7829158164968554,8.32,14.673380619117381,100,5.0
discovery,2,134,0.1774499432551311,-0.7839099026126384,0.0764852205919249,-0.7896857542511831,0.10172640125772649,-0.7882417913415467,8.34,12.922951674591621,100,5.0
discovery,2,135,0.18241793636577788,-0.7909009800496463,0.08288218374378055,-0.7956236758540628,0.10776612189927989,-0.7944430019029592,8.22,12.012651692190916,100,5.0
discovery,2,136,0.18210226021977058,-0.7911567399952275,0.0898877925212178,-0.7987131401822443,0.11294140944585598,-0.7968240401354899,8.22,11.805802782711297,100,5.0
discovery,2,137,0.18119146975317385,-0.8015126829515254,0.09499607649187038,-0.8039422931056575,0.11654492480719625,-0.803334890567124,8.16,11.340176639311792,100,5.0
discovery,2,138,0.1768916803269219,-0.8095737279078051,0.10580539225847728,-0.8148636432623801,0.12357696427558842,-0.8135411644237368,8.12,11.02921632456135,100,5.0
discovery,2,139,0.17681977914515565,-0.8112468093544877,0.10954545879850111,-0.8191961309709109,0.12636403888516476,-0.8172088005668049,8.36,11.824996082166017,100,5.0
discovery,2,140,0.17524268085532924,-0.8185026655764058,0.11459644696982811,-0.8200116539626263,0.12975800544120336,-0.8196344068660711,8.64,12.802035234784077,100,5.0
discovery,2,141,0.18177085304804447,-0.8209856109776895,0.12059979423017933,-0.8217493044609226,0.13589255893464564,-0.8215583810901141,8.82,13.280501158952282,100,5.0
discovery,2,142,0.18474801953582606,-0.8200315233201637,0.1354592461868462,-0.8192375234251928,0.14778143952409117,-0.8194360233989358,9.26,13.77127982050775,100,5.0
discovery,2,143,0.17871905694417162,-0.8144388489145851,0.13609963084917365,-0.823105305052642,0.14675448737292313,-0.8209386910181274,9.4,13.704454103868143,100,5.0
discovery,2,144,0.1755934476868883,-0.8154310100078801,0.13561652557207693,-0.8264992180681369,0.14561075610077973,-0.8237321660530726,9.38,13.31490908017217,100,5.0
discovery,2,145,0.1717912248135594,-0.8207317706825169,0.12339567468531715,-0.8381455082156112,0.13549456221737774,-0.833792073832338,9.32,11.95902445072918,100,5.0
discovery,2,146,0.18236363461885324,-0.8193593995409744,0.11658867393247692,-0.8441943097960961,0.133032414104071,-0.8379855822323157,9.0,10.193048575594288,100,5.0
discovery,2,147,0.18855317311440778,-0.815092814924264,0.1122994275929735,-0.8457053399686203,0.1313628639733321,-0.838052208707531,8.82,9.51652139200648,100,5.0
discovery,2,148,0.18937905260906288,-0.8076598028486204,0.11195671944231708,-0.847596530810159,0.1313123027340035,-0.8376123488197745,8.74,9.523729879272212,100,5.0
discovery,2,149,0.1908953977429437,-0.8087871767991266,0.1140585935939049,-0.8473365942204103,0.13326779463116453,-0.8376992398650893,8.68,8.181313527595576,100,5.0
discovery,2,150,0.18532059706226633,-0.8117608991687626,0.11246604810456522,-0.8458950720919498,0.1306796853439905,-0.8373615288611529,8.64,7.565693975913192,100,5.0
discovery,2,151,0.17448010078480003,-0.8111295143222087,0.11481843493046623,-0.8429483411564136,0.12973385139404972,-0.8349936344478626,8.6,7.469194515242844,100,5.0
discovery,2,152,0.17521546251208597,-0.810764205253336,0.10295248166197364,-0.841681535464227,0.12101822687450171,-0.8339522029115045,8.52,6.952767340809653,100,5.0
discovery,2,153,0.17554286757866944,-0.8110075106926711,0.09002128685471988,-0.840413622070004,0.11140168203570731,-0.8330620942256707,8.46,6.581386130334234,100,5.0
discovery,2,154,0.16024361761890357,-0.8159515769459502,0.08037081629174837,-0.839038631722471,0.10033901662353722,-0.8332668680283405,8.38,6.518275305153569,100,5.0
discovery,2,155,0.14855202883677296,-0.8241507076785775,0.07292122129477768,-0.8392923405917105,0.09182892318027655,-0.8355069323634271,8.36,6.553504994125738,100,5.0
discovery,2,156,0.13464502068078316,-0.8277750276455985,0.0708864461196637,-0.8386704838682578,0.08682608975994352,-0.8359466198125929,8.42,7.607866535324267,100,5.0
discovery,2,157,0.11861953913874695,-0.8275249420392611,0.0685600919743509,-0.8365646052796756,0.0810749537654499,-0.834304689469572,8.38,7.937774679237407,100,5.0
discovery,2,158,0.10775527094241676,-0.8253544126008912,0.07004755309867622,-0.8338121928394746,0.07947448255961137,-0.8316977477798286,8.36,6.903766561901445,100,5.0
discovery,2,159,0.0958521620117703,-0.8231821048995787,0.06448250701659035,-0.8306591923919545,0.07232492076538533,-0.82878992051886,8.3,6.467623932435257,100,5.0
discovery,2,160,0.11025561724294405,-0.8288144198027492,0.06422874155973761,-0.8290939043072043,0.07573546048053922,-0.8290240331810905,8.34,7.312129962093898,100,5.0
discovery,2,161,0.10766464701884206,-0.8352233645402714,0.05655130806634994,-0.8264716053864721,0.069329642804473,-0.8286595451749218,8.56,8.636728060201362,100,5.0
discovery,2,162,0.11979102610574215,-0.8374711460300187,0.05383968527969555,-0.8289882168547813,0.0703275204862072,-0.831108949148591,8.84,9.945882186249774,100,5.0
discovery,2,163,0.13156234336424416,-0.8362592079870158,0.05634841727982369,-0.8267497087004325,0.07515189880092882,-0.8291270835220785,9.14,10.318549588610567,100,5.0
discovery,2,164,0.1372736090988353,-0.8341437952738607,0.0552283964962274,-0.8244968046520066,0.0757396996468794,-0.8269085523074705,9.32,10.787697059742301,100,5.0
discovery,2,165,0.14121896762259897,-0.8326286218424103,0.055187286667254996,-0.8242781436713333,0.076695206906091,-0.8263657632141027,9.18,10.885547534710959,100,5.0
discovery,2,166,0.13896341994481834,-0.8376045374309303,0.053687792691499696,-0.8240200382469449,0.07500669950482938,-0.8274161630429415,9.04,10.53174936734844,100,5.0
discovery,2,167,0.13475712118483907,-0.8545145164671939,0.052073128154649664,-0.828491940437455,0.07274412641219702,-0.8349975844448895,8.82,8.87727641216395,100,5.0
discovery,2,168,0.13581358259509105,-0.8521065666252965,0.048223745672861466,-0.8363748892615027,0.07012120490341883,-0.8403078086024515,8.56,8.06457865016957,100,5.0
discovery,2,169,0.13391837170000806,-0.8494558185351633,0.047536726753342425,-0.839426193371531,0.06913213799000885,-0.8419335996624389,8.66,7.649908655420876,100,5.0
discovery,2,170,0.14915543309602408,-0.8435207321299947,0.04902864945290384,-0.8404228626354221,0.07406034536368394,-0.841197330009065,8.8,7.135163820100928,100,5.0
discovery,2,171,0.15745838620047112,-0.8429440747396952,0.054901029614614696,-0.8421514715793337,0.0805403687610788,-0.8423496223694243,9.24,7.320982453018712,100,5.0
discovery,2,172,0.16077573011516477,-0.843487884965513,0.058973346799830774,-0.8408013839495092,0.08442394262866426,-0.8414730092035098,9.46,7.6743296706628685,100,5.0
discovery,2,173,0.16143944863802326,-0.8434530348137522,0.0670156528178858,-0.8434079533134056,0.09062160177292021,-0.8434192236884924,9.84,8.125198667866021,100,5.0
discovery,2,174,0.15903732040172608,-0.8427690476558767,0.07115429219341006,-0.8468589877932249,0.09312504924548906,-0.8458365027588877,10.18,8.339144354163338,100,5.0
discovery,2,175,0.15745076445486483,-0.8391271938971435,0.07146829914947546,-0.8499459360511694,0.09296391547582285,-0.8472412505126629,10.46,8.571038499921693,100,5.0
discovery,2,176,0.1426650691120248,-0.8413811175475397,0.07419390682582433,-0.8535514327748163,0.09131169739737445,-0.8505088539679972,10.6,8.541499695341214,100,5.0
discovery,2,177,0.1400164580915745,-0.8437801137806167,0.06849973369090016,-0.8554895874053964,0.08637891479106875,-0.852562218999201,10.76,8.601457677965678,100,5.0
discovery,2,178,0.14365694441357005,-0.8432678095868255,0.06461911651204602,-0.858826301835407,0.08437857348742706,-0.8549366787732612,11.0,8.865714400531216,100,5.0
discovery,2,179,0.14457286341097084,-0.8534462288455669,0.06266203321195465,-0.8599704585407966,0.08313974076170866,-0.8583394011169889,11.16,9.61070237150623,100,5.0
discovery,2,180,0.14966069028078943,-0.8648373410184401,0.051779045375378745,-0.8643561660550393,0.07624945660173138,-0.8644764597958897,11.32,9.081780240841587,100,5.0
discovery,2,181,0.15711550332936214,-0.8744300027474875,0.05069366967210309,-0.8679803768938388,0.07729912808641785,-0.8695927833572509,11.42,8.635735511667963,100,5.0
discovery,2,182,0.16934469383001016,-0.8749580298848086,0.04602867255039097,-0.866136318939635,0.07685767787029577,-0.8683417466759284,11.38,7.1880717770313725,100,5.0
discovery,2,183,0.163861676988189,-0.8777489337448567,0.04175136896077737,-0.863930577513042,0.07227894596763028,-0.8673851665709954,11.4,6.837248433375893,100,5.0
discovery,2,184,0.15127298042855172,-0.8765824533257925,0.03902427514774321,-0.8632033372899447,0.06708645146794533,-0.8665481162989072,11.32,6.542408931566936,100,5.0
discovery,2,185,0.1615866777207642,-0.8761605062879317,0.0371347175099076,-0.8658664855423968,0.06824770756262176,-0.8684399907287803,11.3,6.30493379042534,100,5.0
discovery,2,186,0.1511935919947977,-0.8745058927127564,0.03755831695213962,-0.8669261925463242,0.0659671357128041,-0.8688211175879325,11.26,5.887234186790965,100,5.0
discovery,2,187,0.15484338488641747,-0.8725340490724328,0.03719849589466477,-0.8661407074238244,0.06660971814260289,-0.8677390428359764,11.24,5.497222079167712,100,5.0
discovery,2,188,0.15805383811658266,-0.8712953578217147,0.03688094083940272,-0.8664476812203369,0.06717416515869772,-0.867659600370681,11.34,5.363016240841429,100,5.0
discovery,2,189,0.1690695876351848,-0.8718244784758644,0.042362666822553144,-0.8686922151030122,0.07403939702571105,-0.8694752809462247,11.46,6.1575506353408365,100,5.0
discovery,2,190,0.1686883340946766,-0.8722217795398153,0.04332505244277099,-0.8698045034033108,0.07466587285574737,-0.870408822437437,11.44,6.191903645339004,100,5.0
discovery,2,191,0.1660363147291223,-0.8727504894875114,0.03961744341810981,-0.8696589040399009,0.0712221612458629,-0.8704318004018033,11.48,6.304735012975098,100,5.0
discovery,2,192,0.1639429159333058,-0.8763260417696895,0.030478997556146893,-0.8648468423868252,0.06384497715043663,-0.867716642232541,11.72,8.517556541618811,100,5.0
discovery,2,193,0.17246912581366172,-0.882486780413511,0.02128258961966971,-0.8626199056371272,0.05907922366816769,-0.8675866243312231,11.84,8.01276252490927,100,5.0
discovery,2,194,0.16467589802979749,-0.8872693863287175,0.02675464938610097,-0.8646818923383797,0.06123496154702512,-0.8703287658359643,12.1,8.095611441254214,100,5.0
discovery,2,195,0.16437954818829414,-0.8820610295445163,0.032806043820989304,-0.8636307415308172,0.06569941991281555,-0.8682383135342416,12.28,6.246190905549896,100,5.0
discovery,2,196,0.16327290991958074,-0.8777950617851564,0.03642696429073089,-0.8651526421961173,0.06813845069794336,-0.8683132470933775,12.3,6.304192575099215,100,5.0
discovery,2,197,0.1546671242097669,-0.8774667817421089,0.0355249691427336,-0.8679035778126938,0.06531050790949192,-0.8702943787950476,12.4,6.558023502908719,100,5.0
discovery,2,198,0.16038785836702332,-0.8725616166228413,0.036002127379469055,-0.869797060719625,0.06709856012635765,-0.8704881996954288,12.44,6.224378853292442,100,5.0
discovery,2,199,0.14936731467121372,-0.8742862326495104,0.03384069400659929,-0.8713189679948892,0.06272234917275289,-0.8720607841585444,12.6,6.397916947071295,100,5.0
discovery,2,200,0.14120044852603772,-0.8749545861399695,0.03566271326435978,-0.872816143822577,0.06204714707977924,-0.8733507544019257,12.78,6.7995123356687905,100,5.0
discovery,3,0,0.08037971498476865,0.012600802593438556,0.11016303270252562,-0.13984284590051635,0.10271720327308635,-0.10173193377702763,0.0,0.0,100,5.0
discovery,3,1,0.0863780848684174,0.025042422006297436,0.11488042631877901,-0.149854930800669,0.10775484095618859,-0.10613059259892747,1.42,65.61342509960463,100,5.0
discovery,3,2,0.08947908572905455,0.02964206626358175,0.11878156269316903,-0.16301980176589687,0.11145594345214047,-0.11485433475852727,1.4,63.566105580440116,100,5.0
discovery,3,3,0.09977215772984031,0.03611422087848032,0.11393819962107447,-0.1758587523520859,0.11039668914826592,-0.12286550904444432,1.38,57.241848091372866,100,5.0
discovery,3,4,0.10545527130820614,0.04491793195111314,0.1134756933382874,-0.18040144269064776,0.11147058783076705,-0.12407159903020755,1.56,62.85034947837898,100,5.0
discovery,3,5,0.11699337511395232,0.05374437713453432,0.11835994774451282,-0.19201123248142718,0.11801830458687268,-0.13057233007743677,1.66,61.20961897610081,100,5.0
discovery,3,6,0.12931347643347593,0.06663618781454568,0.11616342650081364,-0.20283112179774546,0.11945093898397925,-0.1354642943946726,1.76,57.95387696140862,100,5.0
discovery,3,7,0.13498053399944912,0.07687827217442784,0.12701055203304482,-0.20493561687759443,0.12900304752464598,-0.13448214461458888,1.84,58.724385573022914,100,5.0
discovery,3,8,0.14643839370351702,0.07851657573747088,0.1363086589885691,-0.21026516224300087,0.13884109266730604,-0.13806972774788293,1.98,61.31419774100569,100,5.0
discovery,3,9,0.15995401713182164,0.07840859282044782,0.14278383421763194,-0.20724410331547408,0.14707637994617928,-0.13583092928149365,2.18,67.23096131948044,100,5.0
discovery,3,10,0.16524080804438476,0.05969781641920079,0.14320337070571287,-0.19641954242933737,0.14871273004038085,-0.13239020271720292,2.22,70.29119988557086,100,5.0
discovery,3,11,0.17702254539697385,0.04442348564031487,0.1432391502228805,-0.19705104264895612,0.1516849990164038,-0.1366824105766384,2.26,68.95367934312154,100,5.0
discovery,3,12,0.1724469894866761,0.02124183082570026,0.14186989917913595,-0.18949068923117363,0.1495141717560209,-0.13680755921695512,2.14,59.33329771633631,100,5.0
discovery,3,13,0.1862859929204818,-0.003072057056209352,0.13926101331792895,-0.187884056740829,0.15101725821856712,-0.14168105681967402,2.24,56.592657764850664,100,5.0
discovery,3,14,0.2023265742845507,-0.016685491827904516,0.14541537661844994,-0.18771414384791985,0.15964317603497508,-0.14495698084291592,2.12,44.39506527332963,100,5.0
discovery,3,15,0.20148589216185023,-0.03263998711797068,0.13945014225285543,-0.19827974576261645,0.15495907973010414,-0.15686980610145504,2.1,41.11001396345713,100,5.0
discovery,3,16,0.19825902478866161,-0.04666517724982543,0.13137134127526648,-0.21388040388988344,0.1480932621536153,-0.172076597229869,2.1,43.489817571332935,100,5.0
discovery,3,17,0.20002986861962352,-0.054654203027211044,0.12990857730198066,-0.22776557194543923,0.14743890013139138,-0.1844877297158822,2.1,41.05139358149218,100,5.0
discovery,3,18,0.20619915167075892,-0.05819365310292352,0.13738782953053305,-0.22874484201768122,0.15459066006558955,-0.18610704478899187,2.24,38.77966096262007,100,5.0
discovery,3,19,0.22168544356677963,-0.06122976079242784,0.13869893215298676,-0.23214030274223726,0.159445560006435,-0.18941266725478484,2.34,39.8696361774374,100,5.0
discovery,3,20,0.24282657247474823,-0.052115931859147244,0.1341964216832826,-0.24111753408366743,0.16135395938114905,-0.19386713352753746,2.5,43.546311001130185,100,5.0
discovery,3,21,0.26444406265443954,-0.05132788293151979,0.1363155824020179,-0.2531150329748227,0.16834770246512323,-0.20266824546399698,2.92,51.664628293562096,100,5.0
discovery,3,22,0.2883087317530309,-0.054070774752649486,0.13579167924347743,-0.2561761700429378,0.17392094237086575,-0.2056498212203658,3.2,52.2885725489562,100,5.0
discovery,3,23,0.3037476864995636,-0.0559882217880037,0.13910218311123349,-0.26993013740230914,0.18026355895831606,-0.21644465849873287,3.34,50.604545796499806,100,5.0
discovery,3,24,0.3090422852672911,-0.055297858455786365,0.14730850909115342,-0.27394184697123264,0.18774195313518793,-0.21928084984237103,3.36,49.667481848169054,100,5.0
discovery,3,25,0.31645880296253753,-0.07027407598314436,0.15914328410554338,-0.2866715194592071,0.19847216381979182,-0.23257215859019154,3.32,48.03855052362216,100,5.0
discovery,3,26,0.3248757079361031,-0.10410024447011273,0.1746191797122061,-0.29831790281642395,0.21218331176818037,-0.24976348822984598,3.2,39.35485945176757,100,5.0
discovery,3,27,0.33236831679758105,-0.12807597745323043,0.18122813902170554,-0.3085496101417947,0.21901318346567447,-0.2634312019696536,3.08,37.95605896670908,100,5.0
discovery,3,28,0.333360648400434,-0.133428428488091,0.1842309473007762,-0.32272052286800873,0.22151337257569068,-0.27539749927302914,2.94,37.087449486910934,100,5.0
discovery,3,29,0.3354262281594881,-0.13099295122807064,0.1871228242369971,-0.3352065248379691,0.2241986752176199,-0.2841531314354944,2.9,35.35421014414312,100,5.0
discovery,3,30,0.33244129386036875,-0.13064930801706723,0.200210107940603,-0.3428639272336886,0.23326790442054438,-0.28981027242953333,2.82,32.39104256937227,100,5.0
discovery,3,31,0.3245968958720226,-0.14496744665863806,0.2115136120127432,-0.3491490603179757,0.23978443297756313,-0.29810365690314133,2.6,33.254523717009754,100,5.0
discovery,3,32,0.3130435959922928,-0.15182056844361966,0.2289998347385621,-0.35755256495355014,0.2500107750519947,-0.30611956582606764,2.64,31.629423746277062,100,5.0
discovery,3,33,0.3076750323033545,-0.15902368008958034,0.2423486242962304,-0.3753510673733752,0.25868022629801146,-0.32126922055242646,2.5,31.564068010543767,100,5.0
discovery,3,34,0.29348410893137605,-0.1763881423052579,0.25232409213659207,-0.3892925035718886,0.2626140963352881,-0.33606641325523107,2.52,30.196522883852353,100,5.0
discovery,3,35,0.27324922645326294,-0.19484602726838626,0.25034804467772964,-0.3962317124098222,0.2560733401216129,-0.3458852911244631,2.6,31.121728494414757,100,5.0
discovery,3,36,0.270491751878004,-0.21003692650558256,0.25337724737556055,-0.39941253191471576,0.25765587350117136,-0.3520686305624323,2.86,35.42035979221255,100,5.0
discovery,3,37,0.2708022200811412,-0.21855989328719333,0.2658151156096767,-0.40046893804509526,0.2670618917275428,-0.35499167685561966,3.08,42.15217837767253,100,5.0
discovery,3,38,0.27272759412068925,-0.23344596256388683,0.2724152294532481,-0.4078511138313651,0.27249332062010834,-0.36424982601449557,3.1,41.66050004099043,100,5.0
discovery,3,39,0.2814787468622239,-0.23910424355276802,0.2844916483513764,-0.41436777417032167,0.28373842297908836,-0.3705518915159331,3.18,41.17096419321402,100,5.0
discovery,3,40,0.28431844494777164,-0.2330927007104297,0.2952862472431357,-0.42084328893142015,0.2925442966692947,-0.37390564187617265,3.02,35.77666674196869,100,5.0
discovery,3,41,0.2932209367253737,-0.23245017683556593,0.30091337689685393,-0.4258115510270217,0.29899026685398405,-0.37747120747915774,2.8,30.753372772498466,100,5.0
discovery,3,42,0.2999467600750609,-0.24539390901514457,0.31245438352075233,-0.43227836335959524,0.3093274776593295,-0.3855572497734825,2.78,30.542532223838798,100,5.0
discovery,3,43,0.2947831256662938,-0.26132643534825756,0.31412160518043125,-0.4385583954050501,0.3092869853018971,-0.3942504053908519,2.72,25.874152641881917,100,5.0
discovery,3,44,0.28909627386046816,-0.27433550529312767,0.3202825131781078,-0.4439813119096245,0.31248595334869783,-0.40156986025550034,2.78,23.61105370274226,100,5.0
discovery,3,45,0.30279194289696,-0.27521666660792554,0.3261116296242937,-0.45138399449092304,0.32028170794246025,-0.40734216252017375,2.8,21.357391503849133,100,5.0
discovery,3,46,0.3008564310933203,-0.28276221584858496,0.3266583235272383,-0.4522495010986908,0.3202078504187588,-0.4098776797861643,2.8,22.699818171554437,100,5.0
discovery,3,47,0.29842434624705666,-0.29544307614192233,0.3307164506279409,-0.4526120193097417,0.32264342453271977,-0.4133197835177871,2.94,25.249772045657956,100,5.0
discovery,3,48,0.3074256998158765,-0.2990169690652155,0.3247781751726617,-0.46004025399754755,0.32044005633346534,-0.41978443276446453,2.98,22.8615517824819,100,5.0
discovery,3,49,0.3020374412839651,-0.31382792974388446,0.32397321860938544,-0.46389278393210814,0.3184892742780303,-0.42637657038505217,3.0,21.013627087660264,100,5.0
discovery,3,50,0.30203338215377307,-0.3160418525163765,0.3265867621960506,-0.4733525823764373,0.3204484171854813,-0.4340248999114222,3.1,18.64044281857192,100,5.0
discovery,3,51,0.3010466046050301,-0.3265209017612264,0.3265721314202125,-0.4780226190238699,0.320190749716417,-0.4401471897082089,3.12,13.131110260832548,100,5.0
discovery,3,52,0.306335179705806,-0.3235123835863301,0.32249994618445,-0.4856358589371676,0.3184587545647889,-0.4451049900994582,3.24,14.915592116662195,100,5.0
discovery,3,53,0.307154893604223,-0.33597794446427715,0.31984351978129305,-0.495690858480918,0.3166713632370254,-0.4557626299767578,3.4,15.859828137928536,100,5.0
discovery,3,54,0.32711081767629935,-0.3448556169356495,0.32027195581265705,-0.5016973503671817,0.3219816712785677,-0.4624869170092986,3.62,19.7372261924283,100,5.0
discovery,3,55,0.3424798157826113,-0.35173514990572147,0.3183643095767324,-0.5120571804973104,0.32439318612820195,-0.4719766728494133,3.76,21.92667557115529,100,5.0
discovery,3,56,0.34752831293789105,-0.3804289189435304,0.3191446662791798,-0.5220119350951924,0.3262405779438577,-0.48661618105727666,3.94,19.88210625148562,100,5.0
discovery,3,57,0.34966514655759207,-0.3998869245928544,0.3187274924374415,-0.5281258744313717,0.32646190596747915,-0.4960661369717421,4.26,20.379806380971424,100,5.0
discovery,3,58,0.35906574855789436,-0.4111648926020882,0.33102610435296126,-0.5327000502629312,0.3380360154041947,-0.5023162608477206,4.56,21.62074520005851,100,5.0
discovery,3,59,0.37014629754696476,-0.42650595737415015,0.3448181067964741,-0.5343522874799808,0.35115015448409687,-0.5073907049535231,4.86,21.88628811183903,100,5.0
discovery,3,60,0.38626645249972524,-0.4317536175008769,0.36026331899394576,-0.5345057122241899,0.3667641023703906,-0.5088176885433616,5.08,20.29158859075152,100,5.0
discovery,3,61,0.38806370881005864,-0.4409732735104074,0.37065477271568115,-0.533794834343434,0.37500700673927556,-0.5105894441351774,5.3,19.365677942229024,100,5.0
discovery,3,62,0.3912090714599771,-0.4428377659851604,0.37846954850274067,-0.5360923377337861,0.38165442924204973,-0.5127786947966297,5.28,16.99465671487017,100,5.0
discovery,3,63,0.37719630243453073,-0.435630367443867,0.3838335925897791,-0.5380902838893845,0.38217427005096705,-0.5124753047780051,5.42,14.752122233287624,100,5.0
discovery,3,64,0.3746998467342415,-0.43040698911217334,0.38297249390827304,-0.546561079373271,0.3809043321147653,-0.5175225568079965,5.52,14.935534659068637,100,5.0
discovery,3,65,0.3711713700118702,-0.4377209670648296,0.38373224739476147,-0.5556033441958094,0.3805920280490387,-0.5261327499130644,5.54,13.605333481950733,100,5.0
discovery,3,66,0.3797239881195961,-0.43778405533778936,0.39640395204126133,-0.5635555948643934,0.392233961060845,-0.5321127099827426,5.5,14.666968808069198,100,5.0
discovery,3,67,0.3863711469005029,-0.44881290836157595,0.39895925110284375,-0.5686861591964738,0.39581222505225855,-0.5387178464877491,5.5,13.856957526014632,100,5.0
discovery,3,68,0.39557300349716745,-0.46118758341221555,0.40014766393003787,-0.5765515870503205,0.3990039988218206,-0.5477105861407942,5.52,15.537216970066233,100,5.0
discovery,3,69,0.4037461419419834,-0.46891070571860594,0.39727820029446625,-0.5878148439298415,0.3988951857063452,-0.5580888093770325,5.56,13.975513467986593,100,5.0
discovery,3,70,0.42468036902036166,-0.47038037391826326,0.3974243209821531,-0.5932923952476252,0.4042383329917051,-0.5625643899152846,5.52,15.380329709099179,100,5.0
discovery,3,71,0.44489162389452025,-0.47272222955402277,0.4026247454883405,-0.5910294980590561,0.41319146508988536,-0.5614526809327978,5.64,17.20246610084506,100,5.0
discovery,3,72,0.4675681254313035,-0.4739021870155621,0.41806980097154195,-0.5879275290356848,0.4304443820864823,-0.5594211935306541,5.68,16.74119670689567,100,5.0
discovery,3,73,0.482974991994222,-0.4700037484269119,0.440798225376291,-0.5740819706086092,0.45134241703077377,-0.548062415063185,5.68,16.515254473697233,100,5.0
discovery,3,74,0.4980203561214171,-0.4525823150444672,0.45355286705145925,-0.5655955672630264,0.46466973931894856,-0.5373422542083868,5.76,16.736939764241214,100,5.0
discovery,3,75,0.5107988854078691,-0.4423948206383248,0.46879388620896845,-0.5635208479798132,0.4792951360086936,-0.5332393411444412,5.68,14.84661534824932,100,5.0
discovery,3,76,0.5108544372074703,-0.44069577574945606,0.4812367161638006,-0.5594408878717432,0.48864114642471795,-0.5297546098411715,5.66,12.303293269997633,100,5.0
discovery,3,77,0.5066077494742176,-0.4448004520664762,0.4974139536588089,-0.5585556917993774,0.4997124026126609,-0.5301168818661519,5.62,9.735053141332301,100,5.0
discovery,3,78,0.520219372937344,-0.4436402198962729,0.5052676444806791,-0.5583905585548764,0.5090055765948454,-0.5297029738902255,5.62,8.866428861617944,100,5.0
discovery,3,79,0.5367347366778559,-0.44554902644398175,0.5084489956452372,-0.559100118018214,0.515520430903392,-0.5307123451246558,5.64,8.20358277404704,100,5.0
discovery,3,80,0.5525429057859078,-0.45033038921333535,0.5079377034566611,-0.5626437042054817,0.5190890040389732,-0.5345653754574449,5.64,9.26192247063202,100,5.0
discovery,3,81,0.5571093074196958,-0.4554720795225369,0.5048941755776462,-0.571414495907593,0.5179479585381586,-0.5424288918113285,5.58,10.256950193049237,100,5.0
discovery,3,82,0.5518587865396021,-0.46747802235295205,0.5025470155691372,-0.577114807773508,0.5148749583117535,-0.5497056114183688,5.86,10.189852475683129,100,5.0
discovery,3,83,0.55092897755288,-0.4841587241013688,0.5050465389434114,-0.5812066550346401,0.5165171485957789,-0.5569446723013222,6.32,12.66481824030666,100,5.0
discovery,3,84,0.553045916600092,-0.48667230367957315,0.50324912283431,-0.5850263337013845,0.5156983212757555,-0.5604378261959316,6.68,14.988653539868992,100,5.0
discovery,3,85,0.5467044230553797,-0.48891866464340794,0.5067014230110236,-0.5902108401680095,0.5167021730221127,-0.5648877962868588,7.12,18.12944155819393,100,5.0
discovery,3,86,0.5350908084203425,-0.49029677721793036,0.5040827614987089,-0.5929553274445256,0.5118347732291174,-0.5672906898878768,7.48,18.95952686631445,100,5.0
discovery,3,87,0.5439024464875436,-0.48990539156011204,0.5035112860680357,-0.5938198963043853,0.5136090761729125,-0.5678412701183171,7.66,19.037901870642585,100,5.0
discovery,3,88,0.5411281128735735,-0.4987100783555368,0.5085118867967298,-0.5897976808089951,0.5166659433159405,-0.5670257801956305,7.58,18.403952605379438,100,5.0
discovery,3,89,0.5465347015270662,-0.5100246800108316,0.5048564989116412,-0.5879145074173903,0.5152760495654973,-0.5684420505657507,7.36,16.93122862454461,100,5.0
discovery,3,90,0.5544910526789744,-0.5214226441676975,0.49397034714747595,-0.594139159694631,0.5091005235303505,-0.5759600308128976,7.14,14.691070221288724,100,5.0
discovery,3,91,0.560349305625855,-0.5332693618601417,0.4878218657085688,-0.6027667015595035,0.5059537256878901,-0.5853923666346631,6.92,12.69123243858786,100,5.0
discovery,3,92,0.5590890344447264,-0.5552313109536692,0.4861349609193177,-0.6070410342905077,0.5043734793006698,-0.5940886034562977,6.7,12.051838192494321,100,5.0
discovery,3,93,0.5570609275947815,-0.568548175736673,0.4888338333923886,-0.6119567934290248,0.5058906069429869,-0.6011046390059369,6.5,8.599553582933897,100,5.0
discovery,3,94,0.5605050176521008,-0.5702289588865774,0.4924835399502075,-0.6125414304657426,0.5094889093756808,-0.6019633125709514,6.4,7.163465113626028,100,5.0
discovery,3,95,0.559542530839414,-0.5692503010149974,0.4922820428637233,-0.6149288293888582,0.509097164857646,-0.6035091972953929,6.36,6.237672149439659,100,5.0
discovery,3,96,0.5673972486043544,-0.5733849327561358,0.48865488077424885,-0.6185477705839272,0.5083404727317753,-0.6072570611269796,6.3,5.55986382507338,100,5.0
discovery,3,97,0.564864046395248,-0.5742894975564119,0.4851780503720486,-0.6155212366117099,0.5050995493778485,-0.6052133018478851,6.28,4.932025489904629,100,5.0
discovery,3,98,0.5651158429447756,-0.5673616210348954,0.48898304214760896,-0.6089349013240939,0.5080162423469006,-0.598541581251794,6.36,4.939136324250971,100,5.0
discovery,3,99,0.5708675584003963,-0.5417883780279786,0.49282420740793376,-0.601536872935993,0.5123350451560492,-0.5865997492089893,6.34,5.189631532624113,100,5.0
discovery,3,100,0.5780682320639338,-0.5364750223163288,0.4915948652613493,-0.5946933462183743,0.5132132069619956,-0.580138765242863,6.42,6.011626578908324,100,5.0
discovery,3,101,0.5799813653255741,-0.5328345474488788,0.5001060819614179,-0.5873652448445975,0.5200749028024574,-0.5737325704956678,6.54,6.191845344380245,100,5.0
discovery,3,102,0.5835694591124466,-0.5162750918770835,0.5062558583959351,-0.5822237920243133,0.525584258575063,-0.5657366169875059,6.66,6.6656717745423295,100,5.0
discovery,3,103,0.5844862846039418,-0.5009902283177218,0.5028898665342565,-0.5827576900761883,0.5232889710516777,-0.5623158246365716,6.86,7.102353961999717,100,5.0
discovery,3,104,0.5911921191905762,-0.49901148276555296,0.5098703392210632,-0.5835694458756985,0.5302007842134413,-0.5624299550981621,7.0,6.516026340835874,100,5.0
discovery,3,105,0.5878595734763516,-0.507523902866318,0.5100069560370543,-0.5867051749673066,0.5294701103968786,-0.5669098569420591,7.22,7.736534874962368,100,5.0
discovery,3,106,0.5767817635378288,-0.5170088768736817,0.5068318023345614,-0.595042983137282,0.5243192926353784,-0.5755344565713819,7.44,7.257258527633325,100,5.0
discovery,3,107,0.5577802886519934,-0.5222120578747445,0.507025406617173,-0.5983033069622409,0.5197141271258781,-0.5792804946903667,7.58,6.83445017207017,100,5.0
discovery,3,108,0.5489783833117334,-0.5213921826676454,0.5039499125791571,-0.6027415810364521,0.5152070302623016,-0.5824042314442507,7.76,6.870342354354645,100,5.0
discovery,3,109,0.5360444334469061,-0.5221303162583875,0.5032909069399947,-0.6052392073974477,0.5114792885667224,-0.584461984612683,7.96,7.2167377473143715,100,5.0
discovery,3,110,0.5359512719079759,-0.5248091900609604,0.5053770778317141,-0.6072832610391206,0.5130206263507797,-0.5866647432945803,8.22,8.415776298491085,100,5.0
discovery,3,111,0.5325156631523202,-0.5216816221095872,0.5045296873919923,-0.6097207324353011,0.5115261813320742,-0.5877109548538728,8.34,8.800257387999478,100,5.0
discovery,3,112,0.5251102833745546,-0.5200614436048591,0.5018827064011766,-0.6114906504903023,0.5076896006445213,-0.5886333487689415,8.5,8.364652633909278,100,5.0
discovery,3,113,0.5197752820944471,-0.5127771390956966,0.5039781520554023,-0.6148123655420861,0.5079274345651633,-0.5893035589304888,8.58,9.240487990012676,100,5.0
discovery,3,114,0.5199401786886144,-0.5032711221843084,0.5053016515215543,-0.6203544380081362,0.5089612833133191,-0.5910836090521794,8.7,9.983931142903737,100,5.0
discovery,3,115,0.5134947194379379,-0.5010629829368548,0.5121267864937437,-0.6175035668068432,0.5124687697297925,-0.5883934208393463,8.84,10.002124973119983,100,5.0
discovery,3,116,0.514858504699147,-0.4974417472287916,0.5215772232650927,-0.6134067232551415,0.5198975436236064,-0.584415479248554,9.12,9.044973013789395,100,5.0
discovery,3,117,0.5173762009490779,-0.4984569206702385,0.530937515268945,-0.6028051866809265,0.527547186688978,-0.5767181201782544,9.22,8.916690063813341,100,5.0
discovery,3,118,0.5218988319263084,-0.4949994941204359,0.5337496434484866,-0.5978206242357764,0.5307869405679422,-0.5721153417069413,9.28,8.136604425201938,100,5.0
discovery,3,119,0.5155698360449023,-0.486150238165719,0.5379675569157711,-0.5934836976245788,0.5323681266980539,-0.5666503327598639,9.34,6.29896867811854,100,5.0
discovery,3,120,0.503029127345826,-0.47861953600252677,0.5325770549072331,-0.5890705992437376,0.5251900730168815,-0.5614578334334347,9.38,7.670201484876185,100,5.0
discovery,3,121,0.4903843510273655,-0.4773118792800066,0.5311017191431983,-0.5869735549754105,0.5209223771142398,-0.5595581360515595,9.36,7.571926821664093,100,5.0
discovery,3,122,0.4758289632665587,-0.47640136385897786,0.5243271581054754,-0.5931445648440448,0.5122026093957461,-0.5639587645977779,9.48,7.175642458898995,100,5.0
discovery,3,123,0.4535729850682213,-0.4843319108623869,0.5213148392657392,-0.5916661135434007,0.5043793757163595,-0.5648325628731473,9.5,7.315450628745053,100,5.0
discovery,3,124,0.43885374137585287,-0.48411622277153044,0.5207191441482912,-0.590120787738643,0.5002527934551816,-0.5636196464968648,9.46,7.743326552886208,100,5.0
discovery,3,125,0.4408549275419989,-0.4691399577339578,0.5247446958824913,-0.5822933092918172,0.5037722537973678,-0.5540049714023523,9.52,7.718006858758219,100,5.0
discovery,3,126,0.4432152158507277,-0.45789827118408,0.5215905704454823,-0.5863052542008717,0.5019967317967935,-0.5542035084466739,9.56,8.366341281890161,100,5.0
discovery,3,127,0.47068514177232557,-0.45195307208005175,0.5206894887369264,-0.5916606439845193,0.5081884019957762,-0.5567337510084025,9.76,9.30122717373817,100,5.0
discovery,3,128,0.4933977109903165,-0.4438280624154855,0.5157779322989263,-0.5981466603456492,0.5101828769717737,-0.5595670108631086,10.2,10.870726344352592,100,5.0
discovery,3,129,0.5082901608272006,-0.4445670672142421,0.5160072931730776,-0.6044654582035209,0.5140780100866084,-0.5644908604562012,10.76,12.603894717507071,100,5.0
discovery,3,130,0.5096892748538172,-0.4511775447615431,0.5174015810739769,-0.6092425654906414,0.515473504518937,-0.569726310308367,11.16,13.467012843580552,100,5.0
discovery,3,131,0.5127208942521997,-0.4418389381450615,0.5157199978334265,-0.6132193577128524,0.5149702219381198,-0.5703742528209045,11.46,14.133774432693146,100,5.0
discovery,3,132,0.5126171174541236,-0.44014215782820465,0.519497891539263,-0.6163046173785566,0.5177776980179781,-0.5722640024909689,11.7,15.016224328540865,100,5.0
discovery,3,133,0.5181790846327022,-0.4454011550661261,0.5260120705623689,-0.618795413407887,0.5240538240799524,-0.575446848822447,11.76,15.404066229514786,100,5.0
discovery,3,134,0.5197925523732233,-0.456568014832711,0.5290203248936047,-0.6212856478758849,0.5267133817635092,-0.5801062396150912,11.58,15.243014970410863,100,5.0
discovery,3,135,0.5291211281653547,-0.4700079880115565,0.5378293045006253,-0.6192129106542648,0.5356522604168077,-0.5819116799935881,11.36,13.192647725061681,100,5.0
discovery,3,136,0.5426296123654716,-0.48110279447882986,0.5337346522812138,-0.6226244098907431,0.5359583923022783,-0.5872440060377648,11.02,10.231148007708168,100,5.0
discovery,3,137,0.562250130422725,-0.4864291520869834,0.5309482436673731,-0.6236208974035051,0.538773715356211,-0.5893229610743745,11.04,10.347967735993313,100,5.0
discovery,3,138,0.5744897517717922,-0.48636230648308976,0.531627554425935,-0.6240056625821497,0.5423431037623994,-0.5895948235573849,11.12,10.035660564247866,100,5.0
discovery,3,139,0.5767878659867985,-0.4925725776017819,0.532364811621066,-0.6254196775872448,0.5434705752124988,-0.5922079025908793,10.96,9.737923728877657,100,5.0
discovery,3,140,0.5832382191076846,-0.5025967944737935,0.5429208724229665,-0.6184146440317474,0.5530002090941459,-0.5894601816422588,11.0,9.70186623826984,100,5.0
discovery,3,141,0.5896736075452164,-0.5097262502464387,0.5526335290418518,-0.6179453300439354,0.5618935486676929,-0.590890560094561,11.18,10.636602835660533,100,5.0
discovery,3,142,0.5961456497131301,-0.5125741963286837,0.5554378149066779,-0.6146547121223283,0.5656147736082913,-0.589134583173917,11.28,10.311329917660066,100,5.0
discovery,3,143,0.6095846849705148,-0.5311691632356788,0.5564333842810838,-0.6190544887578728,0.5697212094534414,-0.5970831573773242,11.72,10.916387769426048,100,5.0
discovery,3,144,0.6261845842780144,-0.5334395998066281,0.5560799332918901,-0.6238138310932244,0.5736060960384213,-0.601220273271575,12.12,11.527842637836159,100,5.0
discovery,3,145,0.6442556748202728,-0.5452441245162377,0.5523782372026024,-0.6300881644515338,0.5753475966070204,-0.6088771544677095,12.3,11.161160891798051,100,5.0
discovery,3,146,0.6528539393869595,-0.5524385146333463,0.553894468262153,-0.6332426188967023,0.5786343360433546,-0.6130415928308632,12.68,10.931918755106578,100,5.0
discovery,3,147,0.6597778761116259,-0.5672863570494049,0.5593454645548847,-0.6297196020122048,0.5844535674440701,-0.6141112907715047,12.64,10.595347543379257,100,5.0
discovery,3,148,0.673285295783036,-0.5661269012100987,0.5690870314736698,-0.6317181909889464,0.5951365975510116,-0.6153203685442342,12.74,10.24206498644417,100,5.0
discovery,3,149,0.6766419529999239,-0.5747713706119828,0.5816010377065066,-0.6261024727860295,0.6053612665298611,-0.613269697242518,12.56,9.474830189025635,100,5.0
discovery,3,150,0.6926776961478862,-0.5737780160351067,0.5882378127984875,-0.6232492351127136,0.6143477836358372,-0.610881430343312,12.52,9.064237664144265,100,5.0
discovery,3,151,0.6930682247658011,-0.5769989127320052,0.5896472758601623,-0.6235850259530322,0.6155025130865718,-0.6119384976477753,12.32,8.216457584066712,100,5.0
discovery,3,152,0.7022213183962585,-0.5744978141475039,0.5954867001848927,-0.622713438765953,0.622170354737734,-0.6106595326113409,11.94,7.664745561536565,100,5.0
discovery,3,153,0.703254559857744,-0.5711562611476628,0.605207659776568,-0.6123837827729353,0.6297193847968617,-0.6020769023666169,11.7,7.039929244067432,100,5.0
discovery,3,154,0.7121057551110205,-0.5603370425669134,0.6118962088375284,-0.5988316015373453,0.6369485954059013,-0.5892079617947372,11.54,6.830699868018597,100,5.0
discovery,3,155,0.7248930125319366,-0.5463981562183168,0.6225077172411347,-0.586859858597191,0.6481040410638355,-0.5767444330024726,11.32,6.116007603770742,100,5.0
discovery,3,156,0.7269223879723937,-0.5390548742981518,0.6261957271976183,-0.5731161736341512,0.6513773923913121,-0.5646008488001513,11.2,6.305057586311761,100,5.0
discovery,3,157,0.7299793321693167,-0.5259111733036509,0.6372965414962498,-0.5618574672541552,0.6604672391645167,-0.5528708937665291,11.08,5.950913472491516,100,5.0
discovery,3,158,0.7296044882819708,-0.5202817201187261,0.641772075313794,-0.5509783397959509,0.6637301785558383,-0.5433041848766448,11.1,5.5849857590903405,100,5.0
discovery,3,159,0.72647640381159,-0.5151820178537235,0.6462782972746696,-0.5468494964385933,0.6663278239089,-0.5389326267923761,11.04,5.46251386089264,100,5.0
discovery,3,160,0.7270440715059645,-0.5076560276742439,0.6449160229669663,-0.5511658168379269,0.6654480351017156,-0.540288369547006,11.14,4.8514649114287165,100,5.0
discovery,3,161,0.7203944699574731,-0.5084715129341656,0.6440420384211272,-0.5501191789465312,0.663130146305214,-0.5397072624434399,11.14,4.7612088170973195,100,5.0
discovery,3,162,0.7212133564162244,-0.5034483204996445,0.6407736878688451,-0.5509429188997722,0.6608836050056897,-0.5390692692997403,11.24,5.074286349074383,100,5.0
discovery,3,163,0.7191804881446308,-0.5037786630887507,0.6459692445135712,-0.54721123714197,0.6642720554213358,-0.5363530936286653,11.36,5.562316156085849,100,5.0
discovery,3,164,0.7191106374268577,-0.5065273958902029,0.6526933009951924,-0.5447925227840441,0.6692976351031086,-0.5352262410605838,11.4,6.061385291652244,100,5.0
discovery,3,165,0.7158802525723814,-0.51002760674108,0.6515925790854513,-0.541349660741771,0.6676644974571839,-0.5335191472415984,11.36,6.4253813400741455,100,5.0
discovery,3,166,0.7313608331575456,-0.5137101942675857,0.6494692029108996,-0.5396187582039282,0.669942110472561,-0.5331416172198423,11.3,6.207479125824319,100,5.0
discovery,3,167,0.7336592482466153,-0.5198315471125252,0.6478149946263463,-0.5344495748356821,0.6692760580314137,-0.5307950679048927,11.3,6.455267976897458,100,5.0
discovery,3,168,0.7352047170907415,-0.5196006469355637,0.6443883184456177,-0.533282256747847,0.6670924181068989,-0.5298618542947764,11.34,5.969162474131483,100,5.0
discovery,3,169,0.7280746208651075,-0.5132432790246453,0.64760639045436,-0.5266240133709494,0.6677234480570468,-0.5232788297843735,11.28,5.955453654459997,100,5.0
discovery,3,170,0.7176164058714163,-0.5180133337883674,0.646159389782563,-0.5286585270430341,0.6640236438047765,-0.5259972287293674,11.52,6.182302722862686,100,5.0
discovery,3,171,0.7252591573351252,-0.5071223043004028,0.6494702791755866,-0.5222092629606568,0.6684174987154712,-0.5184375232955933,11.7,6.077951294041104,100,5.0
discovery,3,172,0.7318985322743857,-0.49522891674841313,0.6486839106543691,-0.5150320875753874,0.6694875660593732,-0.5100812948686438,11.74,6.104584397792812,100,5.0
discovery,3,173,0.7225112809614358,-0.5014013875133558,0.6572123028587803,-0.5067278402022687,0.6735370473844441,-0.5053962270300406,11.92,8.147660687608857,100,5.0
discovery,3,174,0.726206175601076,-0.49481312156815915,0.6616983531855797,-0.5026341683950196,0.6778253087894538,-0.5006789066883042,12.18,8.245403730383602,100,5.0
discovery,3,175,0.7290414003981607,-0.4920801794910471,0.6701222856201305,-0.5011971039932956,0.684852064314638,-0.4989178728677336,12.54,8.794208325855365,100,5.0
discovery,3,176,0.7355407563115146,-0.4899539411949917,0.674119490411874,-0.5085625666110786,0.6894748068867842,-0.5039104102570569,12.74,8.349485223349628,100,5.0
discovery,3,177,0.731434661220072,-0.4947779848563238,0.6725833206919534,-0.513480676903233,0.687296155823983,-0.5088050038915056,12.84,7.09355219679171,100,5.0
discovery,3,178,0.7256522434627282,-0.5053899730630864,0.6730667653113578,-0.518851818012016,0.6862131348492001,-0.5154863567747837,12.92,7.712776151346623,100,5.0
discovery,3,179,0.7258707999059643,-0.50864720341167,0.6766812385206222,-0.5194186734917087,0.6889786288669575,-0.5167258059716991,12.94,7.877548860371473,100,5.0
discovery,3,180,0.7293288960251687,-0.5084365395759805,0.6731511789844316,-0.526122575826356,0.6871956082446157,-0.521701066763762,12.88,7.834009413164883,100,5.0
discovery,3,181,0.7337721835343082,-0.49713968451189877,0.6715413955279916,-0.5307618268995302,0.6870990925295709,-0.5223562913026223,12.78,7.853718712294691,100,5.0
discovery,3,182,0.7265271476467273,-0.4966390999293604,0.6741842792938733,-0.5272867774778214,0.6872699963820866,-0.5196248580907061,12.64,7.525291471165297,100,5.0
discovery,3,183,0.7175928932755298,-0.5078492436301145,0.6791013884155981,-0.5198598860471507,0.6887242646305813,-0.5168572254428914,12.52,8.331885718691217,100,5.0
discovery,3,184,0.7174371329663701,-0.5106468116555635,0.6846939830655617,-0.5128968138149715,0.6928797705407639,-0.5123343132751195,12.5,8.745827532788475,100,5.0
discovery,3,185,0.713913617353263,-0.5089509937833756,0.6892638564530154,-0.5096183667357247,0.6954262966780769,-0.5094515234976378,12.5,8.835483686264048,100,5.0
discovery,3,186,0.7111539451580653,-0.5045679982621377,0.6909611899321162,-0.5130120862639164,0.6960093787386039,-0.5109010642634716,12.38,8.221934176418012,100,5.0
discovery,3,187,0.7062462618810017,-0.5073657903771724,0.6910856907197584,-0.5205856047296725,0.6948758335100689,-0.5172806511415474,12.3,7.269188017095701,100,5.0
discovery,3,188,0.7037872632090023,-0.5037343476169484,0.6868413364468444,-0.5285855115492724,0.691077818137384,-0.5223727205661914,12.38,6.5557022656134745,100,5.0
discovery,3,189,0.7054944854669395,-0.5029972215651363,0.6826103558127858,-0.5269652809250708,0.6883313882263244,-0.5209732660850874,12.28,6.2026073278165486,100,5.0
discovery,3,190,0.7074741159549153,-0.5040660081241584,0.6833207575080905,-0.5309092760009557,0.6893590971197967,-0.5241984590317568,12.38,6.054907654152145,100,5.0
discovery,3,191,0.7138065377731411,-0.5037033641294046,0.6912964920703001,-0.5263740373963298,0.6969240034960101,-0.5207063690795984,12.32,5.649087873884839,100,5.0
discovery,3,192,0.7118119459238611,-0.5067284250400139,0.6997858712467232,-0.5208704007223158,0.7027923899160075,-0.5173349068017405,12.34,5.508586498819044,100,5.0
discovery,3,193,0.7124005982404579,-0.5053394809800217,0.6985048373783135,-0.518590418888362,0.7019787775938496,-0.5152776844112769,12.4,5.260013770775155,100,5.0
discovery,3,194,0.7119812372302667,-0.5010050024908252,0.6914808125707835,-0.5163000557961656,0.6966059187356543,-0.5124762924698306,12.36,5.463973816394421,100,5.0
discovery,3,195,0.7144659889077759,-0.5190656209275573,0.6885857478278083,-0.5136691229693318,0.6950558080978005,-0.5150182474588881,12.36,5.098407353514786,100,5.0
discovery,3,196,0.713171120607181,-0.5233055053306421,0.6854430624512038,-0.5127331049712194,0.6923750769901983,-0.5153762050610756,12.4,5.480689752691691,100,5.0
discovery,3,197,0.7052660958972438,-0.5406410020389599,0.680439116068053,-0.519103846662241,0.6866458610253511,-0.5244881355064207,12.44,5.31775038302688,100,5.0
discovery,3,198,0.7019904351941249,-0.5467434730671044,0.6767962998439403,-0.5297220640505438,0.6830948336814864,-0.5339774163046834,12.56,5.206610256567522,100,5.0
discovery,3,199,0.6984886172018027,-0.5514670869329418,0.6690525140897047,-0.5378525668521186,0.6764115398677292,-0.5412561968723242,12.62,5.261464411556744,100,5.0
discovery,3,200,0.692040107236627,-0.5576032070276609,0.6669986385316942,-0.5429371752303545,0.6732590057079275,-0.5466036831796806,12.74,5.653105351883578,100,5.0
discovery,4,0,-0.2535241327915038,0.04911280486704258,-0.11217195490503067,0.14256624749919602,-0.14750999937664896,0.11920288684115762,0.0,0.0,100,5.0
discovery,4,1,-0.24892387774051483,0.052982540259529504,-0.12176890201688229,0.13385391501484173,-0.15355764594779045,0.11363607132601368,1.56,81.17364950416858,100,5.0
discovery,4,2,-0.23870619715420283,0.056515940198765734,-0.14017692901223533,0.12727584087599988,-0.16480924604772715,0.10958586570669127,1.72,80.39599590626958,100,5.0
discovery,4,3,-0.24587904620848047,0.05530365307689303,-0.1552390553163895,0.1360283609263367,-0.17789905303941225,0.11584718396397577,1.7,73.45104232601824,100,5.0
discovery,4,4,-0.26496881460058896,0.04757321936994179,-0.16875783462794053,0.14113253842093718,-0.1928105796211026,0.11774270865818832,1.84,72.79576962566598,100,5.0
discovery,4,5,-0.2755942144792691,0.030909001329793673,-0.17914902314825643,0.14847022719119407,-0.20326032098100963,0.11907992072584392,1.7,62.29285422977527,100,5.0
discovery,4,6,-0.2884230255863541,0.016581385894048766,-0.192411475882691,0.15300759450076434,-0.21641436330860678,0.11890104234908544,1.68,54.20859569863298,100,5.0
discovery,4,7,-0.28596246821734267,0.0014329542622899848,-0.19257443527955384,0.15821149753595468,-0.215921443514001,0.11901686171753849,1.74,49.64009964431067,100,5.0
discovery,4,8,-0.28843507405775226,-0.008829209865286965,-0.18930320465980646,0.15849071076053187,-0.21408617200929292,0.11666073060407715,1.82,49.138712955345035,100,5.0
discovery,4,9,-0.29630462313816897,-0.026103219188950928,-0.19715012266273152,0.14771965218226338,-0.22193874778159084,0.10426393433945975,1.74,44.22590624974315,100,5.0
discovery,4,10,-0.3277867009466312,-0.03078724723925228,-0.2081015053024811,0.14783788092732916,-0.2380228042135185,0.10318159888568383,1.8,41.226094470696694,100,5.0
discovery,4,11,-0.34416107904161775,-0.040949920657474104,-0.21593911413201128,0.15113158445832547,-0.24799460535941298,0.10311120817937561,1.84,42.34654190187907,100,5.0
discovery,4,12,-0.3559183904584441,-0.037861232911232806,-0.22575051017360914,0.15223243466162398,-0.2582924802448178,0.10470901776840978,1.8,38.485156332063404,100,5.0
discovery,4,13,-0.3677508509964719,-0.04122623658990248,-0.23422721026345228,0.1570357584686594,-0.26760812044670723,0.10747025970401895,1.84,39.47558261483262,100,5.0
discovery,4,14,-0.3723437506359616,-0.03965941306204775,-0.23745209435174142,0.16079258260577128,-0.2711750084227965,0.11067958368881654,1.92,38.43494365370171,100,5.0
discovery,4,15,-0.3813622713393686,-0.0173571078116373,-0.24490716445861507,0.1695030452574055,-0.2790209411788036,0.12278800699014486,1.94,36.02639667129241,100,5.0
discovery,4,16,-0.379387494324382,0.00844577338794984,-0.24798439619198026,0.17362883390955786,-0.2808351707250806,0.13233306877915585,2.0,37.44377428250561,100,5.0
discovery,4,17,-0.37363637698342067,0.04466111879167904,-0.25013733401934457,0.1752404749045465,-0.2810120947603635,0.14259563587632956,2.06,37.54922957129076,100,5.0
discovery,4,18,-0.3678784563642044,0.07279911883916693,-0.2502590581198258,0.17233789295340676,-0.2796639076809206,0.1474531994248468,2.2,36.44699094137696,100,5.0
discovery,4,19,-0.37743447967158517,0.0893408420179255,-0.25436686011534926,0.17225751692989558,-0.28513376500440846,0.15152834820190308,2.36,40.36989973545011,100,5.0
discovery,4,20,-0.38135419089603345,0.09038634113325042,-0.2620342009246252,0.18434687997577018,-0.2918641984174773,0.1608567452651403,2.48,40.19496317123507,100,5.0
discovery,4,21,-0.37734216020894,0.09747863369026401,-0.2675105034098824,0.188652092724002,-0.29496841760964676,0.16585872796556753,2.68,40.680794050108446,100,5.0
discovery,4,22,-0.37567636023471757,0.12342784312931838,-0.27621241123071993,0.1902693688119084,-0.30107839848171936,0.1735589873912609,2.92,44.213097331088996,100,5.0
discovery,4,23,-0.394614425683247,0.13188878231313644,-0.28742317045920485,0.19081621825859013,-0.3142209842652155,0.17608435927222665,3.06,45.68791673732782,100,5.0
discovery,4,24,-0.41496587704575666,0.14221668920250066,-0.30094039442843257,0.18286272912231114,-0.3294467650827636,0.1727012191423585,3.12,44.25691437808841,100,5.0
discovery,4,25,-0.43470279713230187,0.14756259242229525,-0.301273680130652,0.17963581696721298,-0.3346309593810646,0.17161751083098362,3.26,43.76964643984208,100,5.0
discovery,4,26,-0.45205983793130394,0.15746600940443253,-0.3076752652280899,0.18223919997889693,-0.3437714084038933,0.17604590233528078,3.32,39.486911586792935,100,5.0
discovery,4,27,-0.45859349974830155,0.18248772511755962,-0.3137276548309786,0.1834090680828654,-0.3499441160603092,0.1831787323415389,3.3,37.914207224502945,100,5.0
discovery,4,28,-0.4565616005317586,0.1891137975002241,-0.3210561678829225,0.18756216767730963,-0.35493252604513154,0.18795007513303838,3.24,32.88864455221104,100,5.0
discovery,4,29,-0.4451055219449374,0.2052213438790671,-0.3326334882664726,0.1866617999556997,-0.36075149668608864,0.19130168593654154,3.16,31.237832275372924,100,5.0
discovery,4,30,-0.4420176627186659,0.21091633810284588,-0.33465519309506025,0.1961346506276592,-0.36149581050096175,0.19983007249645587,3.02,30.122745590571544,100,5.0
discovery,4,31,-0.4466153669079713,0.20864018251481067,-0.3412262968522005,0.20565382136332327,-0.36757356436614314,0.20640041165119513,3.16,28.6142342206201,100,5.0
discovery,4,32,-0.44895431798933394,0.20704606472420853,-0.3462015275265229,0.21443916197307195,-0.3718897251422255,0.21259088766085607,3.36,33.53189021131744,100,5.0
discovery,4,33,-0.44913163889058816,0.20810656308608372,-0.353102443473947,0.23353815118490806,-0.3771097423281071,0.22718025416020196,3.48,33.62367881941998,100,5.0
discovery,4,34,-0.43978084510711923,0.213394381066132,-0.35744691574267456,0.2473199721303224,-0.3780303980837858,0.23883857436427483,3.66,37.65564512306526,100,5.0
discovery,4,35,-0.43761611890368785,0.2355259345461735,-0.3643261383660111,0.25840015044079034,-0.38264863350043016,0.252681596467136,3.84,34.84571048336516,100,5.0
discovery,4,36,-0.435713151028755,0.25200564554328425,-0.3692560410908631,0.2729218565901862,-0.38587031857533594,0.2676928038284606,3.92,32.64343764101269,100,5.0
discovery,4,37,-0.4281735015654651,0.26242365726059175,-0.36760718214164956,0.28618510080954357,-0.38274876199760344,0.2802447399223056,3.88,28.41797976617646,100,5.0
discovery,4,38,-0.4330464051412221,0.2654645371196991,-0.3615182947787332,0.2970068328077581,-0.37940032236935545,0.2891212588857433,3.96,26.308347099467756,100,5.0
discovery,4,39,-0.4348087574903068,0.2760495245921144,-0.35646128721569603,0.3118317199207363,-0.3760481547843487,0.3028861710885808,3.92,23.436422565243898,100,5.0
discovery,4,40,-0.4329795898962567,0.29508582782686416,-0.3479064321853226,0.33536956518987804,-0.3691747216130561,0.32529863084912464,4.14,21.654687747428444,100,5.0
discovery,4,41,-0.43425365217348955,0.3284720856483924,-0.3488503805832776,0.34839831669597293,-0.3702011984808306,0.3434167589340777,4.1,18.47418063377742,100,5.0
discovery,4,42,-0.4415976820416683,0.336934219890637,-0.3445576288951842,0.36389398826483477,-0.3688176421818053,0.3571540461712853,4.24,18.232834874835653,100,5.0
discovery,4,43,-0.42762131419597815,0.3585870284969176,-0.34169759461600807,0.36932140068619024,-0.36317852451100047,0.36663780763887194,4.32,16.88201775516081,100,5.0
discovery,4,44,-0.42429902080567106,0.36660343474955015,-0.340788331815985,0.36815139752148013,-0.3616660040634065,0.36776440682849765,4.44,17.793006764900547,100,5.0
discovery,4,45,-0.43739748170384374,0.36666820665661537,-0.3449542619306787,0.37179700820818196,-0.36806506687396984,0.37051480782029034,4.54,22.565953320768315,100,5.0
discovery,4,46,-0.4374363350015235,0.3595734327533857,-0.3434093113941904,0.37948636386545137,-0.3669160672960238,0.3745081310874348,4.64,21.6616222714953,100,5.0
discovery,4,47,-0.44259860933746753,0.3638383429739775,-0.335830882160289,0.387564921871876,-0.3625228139545835,0.3816332771474014,4.92,22.822566448193037,100,5.0
discovery,4,48,-0.4358785253564443,0.3634669724453905,-0.3368700674636866,0.39217138544250135,-0.36162218193687595,0.3849952821932235,5.06,23.48875355514584,100,5.0
discovery,4,49,-0.4245544896327453,0.3572713895988404,-0.3340423463898243,0.39494027583339086,-0.35667038220055425,0.3855230542747533,5.1,22.55297760369822,100,5.0
discovery,4,50,-0.42415698870339646,0.34940227271972824,-0.33583807565529594,0.39471795662690234,-0.3579178039173211,0.3833890356501088,4.96,18.445713725229982,100,5.0
discovery,4,51,-0.4279812155656992,0.32859861169593524,-0.33448539674570893,0.39931969951903346,-0.35785935145070646,0.38163942756325897,4.8,16.916802739983044,100,5.0
discovery,4,52,-0.42318111419056864,0.32022598268930347,-0.3386445710427571,0.4027351074288532,-0.35977870682971014,0.3821078262439659,4.74,15.801773750859894,100,5.0
discovery,4,53,-0.4185235714434895,0.30416199904805014,-0.34436920710230534,0.4098801112840576,-0.36290779818760155,0.3834505832250558,4.54,13.006012026783512,100,5.0
discovery,4,54,-0.429403545128326,0.30008793076628726,-0.3520114924625601,0.42217382044198504,-0.3713595056290015,0.39165234802306054,4.58,12.91800511762779,100,5.0
discovery,4,55,-0.4284310117782799,0.30110591923961555,-0.36403150775150095,0.43232469256144423,-0.3801313837581957,0.39951999923098713,4.74,11.816213559862328,100,5.0
discovery,4,56,-0.43855835312863123,0.3072244781681694,-0.37585814873573303,0.4412608966679582,-0.3915331998339576,0.407751792043011,4.98,12.782874443966165,100,5.0
discovery,4,57,-0.4445088496079455,0.31571339755933847,-0.38363180589861245,0.44678690322132447,-0.39885106682594573,0.414018526805828,5.12,14.637450398246079,100,5.0
discovery,4,58,-0.45014181634737194,0.3208862941000952,-0.39350089214611506,0.45158511665035483,-0.40766112319642933,0.4189104110127899,5.34,14.013826994486838,100,5.0
discovery,4,59,-0.44883334995990587,0.32114191510321105,-0.3940088041725756,0.46254254241914944,-0.40771494061940805,0.42719238559016504,5.8,17.562348449220288,100,5.0
discovery,4,60,-0.45195406518329034,0.33799499646664893,-0.3960751694317874,0.48296474374719445,-0.4100448933696631,0.44672230692705805,5.9,18.88839287335541,100,5.0
discovery,4,61,-0.4668485904950313,0.3483589923518909,-0.4018313772868265,0.502812702160713,-0.4180856805888775,0.46419927470850736,5.98,20.36714282663196,100,5.0
discovery,4,62,-0.4724820456895242,0.37209242770816026,-0.4067504059005753,0.5189506077534993,-0.4231833158478125,0.48223606274216446,6.0,20.97465125170051,100,5.0
discovery,4,63,-0.47146191147304733,0.3887604566901503,-0.4168214054675479,0.5264909241135615,-0.4304815319689229,0.4920583072577084,6.02,20.864521275631233,100,5.0
discovery,4,64,-0.47593291554786915,0.40282658913155645,-0.42375820850559237,0.5313117021798508,-0.4368018852661615,0.49919042391777724,6.02,19.00773123482685,100,5.0
discovery,4,65,-0.4663812669405034,0.40731029447621586,-0.42953362570923626,0.5333222780253322,-0.438745536017053,0.5018192821380528,5.88,14.543241381870443,100,5.0
discovery,4,66,-0.4729027065425527,0.41345427630066817,-0.43579091593474467,0.5298378953628594,-0.4450688635866966,0.5007419905973116,5.84,12.359043085261757,100,5.0
discovery,4,67,-0.48073475464350046,0.4153469110892633,-0.44371329926437475,0.5229353350463444,-0.4529686631091561,0.4960382290570739,5.8,10.361351209418542,100,5.0
discovery,4,68,-0.4769323031523289,0.40899361993783395,-0.44676864556162105,0.515162323442185,-0.4543095599592981,0.48862014756609734,5.76,9.789712949566887,100,5.0
discovery,4,69,-0.47823339490393657,0.4036761952683062,-0.45016809275422437,0.5111916981120298,-0.45718441829165235,0.4843128224010988,5.76,9.686427286988026,100,5.0
discovery,4,70,-0.47969975835758594,0.3968071628151343,-0.4571715768447709,0.5048678053336464,-0.4628036222229746,0.4778526447040184,5.76,9.114823493258411,100,5.0
discovery,4,71,-0.47812784822180665,0.3904895096129602,-0.4597752998974396,0.504225428938292,-0.46436343697853144,0.4757914491069591,5.8,9.796537886708732,100,5.0
discovery,4,72,-0.4814540896225161,0.3848482347317349,-0.45875599595467936,0.5073243267934793,-0.4644305193716388,0.47670530377804354,5.84,9.535730354790925,100,5.0
discovery,4,73,-0.48458195340483295,0.3835926526719304,-0.4493521148182126,0.5122607529239096,-0.45815957446486766,0.48009372786091475,5.82,8.968305125075425,100,5.0
discovery,4,74,-0.4802843946493304,0.3929757830075363,-0.447095141567297,0.512534192616393,-0.4553924548378054,0.48264459021417877,5.8,8.276551124728611,100,5.0
discovery,4,75,-0.47536398425560167,0.4015942397396833,-0.4440717928115123,0.5118933664590539,-0.45189484067253466,0.48431858477921097,5.88,7.738662195674327,100,5.0
discovery,4,76,-0.4840369843282622,0.40101744829559816,-0.44706054503128295,0.5122767061505556,-0.45630465485552746,0.48446189168681625,5.96,7.953080258286407,100,5.0
discovery,4,77,-0.49264418298715656,0.4012184321731692,-0.45276290652449813,0.5128048620324523,-0.46273322564016256,0.48490825456763176,6.06,8.844020612436553,100,5.0
discovery,4,78,-0.5053006170550993,0.3935604591170594,-0.45824223618567717,0.5111235568556826,-0.47000683140303273,0.48173278242102685,6.12,9.95683998456708,100,5.0
discovery,4,79,-0.5117619837937726,0.38996684519250285,-0.4573932416783106,0.5125418676515375,-0.470985427207176,0.48189811203677907,6.28,10.501824902076034,100,5.0
discovery,4,80,-0.5190920196336072,0.3946588829270143,-0.46035468170522215,0.5086009306821614,-0.4750390161873186,0.4801154187433743,6.38,11.0581740702343,100,5.0
discovery,4,81,-0.523832977674513,0.4007951891209153,-0.4679617068281258,0.5080434354207928,-0.4819295245397223,0.4812313738458235,6.46,10.223787033146076,100,5.0
discovery,4,82,-0.5303461311532347,0.40719352924586844,-0.47434550431275235,0.5122043289188275,-0.48834566102287297,0.48595162900058786,6.52,9.598585089490589,100,5.0
discovery,4,83,-0.5291285298793157,0.4153074717435794,-0.48363308971601243,0.5163343573692177,-0.4950069497568383,0.4910776359628082,6.5,8.834117839587279,100,5.0
discovery,4,84,-0.5298588777575484,0.4230403268977259,-0.4891484665817838,0.5214442216015508,-0.49932606937572493,0.4968432479255947,6.4,8.151485704766449,100,5.0
discovery,4,85,-0.5370723744019122,0.4217951642477866,-0.4878182775309826,0.5294424497242765,-0.500131801748715,0.5025306283551542,6.36,6.026574020357411,100,5.0
discovery,4,86,-0.5312836868575571,0.4229632688796653,-0.4901576660397066,0.5318191283242076,-0.5004391712441691,0.5046051634630718,6.4,5.335964634443989,100,5.0
discovery,4,87,-0.5238141570858841,0.42369146765176113,-0.4902130430002175,0.5343799337963068,-0.49861332152163407,0.5067078172601702,6.38,4.761659326837556,100,5.0
discovery,4,88,-0.5285428349616104,0.4220839154557613,-0.484069125553654,0.5371494517568359,-0.4951875529056429,0.5083830676815673,6.42,4.836948622366058,100,5.0
discovery,4,89,-0.5327209974311632,0.41584108360228705,-0.48214240668687564,0.5416734009332618,-0.49478705437294723,0.5102153216005177,6.5,5.1162128449166655,100,5.0
discovery,4,90,-0.5333812964961292,0.4207219844156984,-0.48952618464516984,0.5416058030524882,-0.5004899626079095,0.5113848483932906,6.56,4.864488142797111,100,5.0
discovery,4,91,-0.5409098851555969,0.4239957180749729,-0.4931705939632727,0.5420034829058294,-0.5051054167613538,0.5125015416981151,6.74,5.398352326039106,100,5.0
discovery,4,92,-0.541710559162154,0.4232170362225439,-0.4998789865169094,0.5407562235103427,-0.5103368796782207,0.5113714266883929,6.94,7.7274434488571515,100,5.0
discovery,4,93,-0.5499821447821047,0.42883327093018403,-0.5107614274986282,0.5374805490271646,-0.5205666068194975,0.5103187295029196,7.06,7.9094448285321235,100,5.0
discovery,4,94,-0.554449877982393,0.4333445652856453,-0.5193720713924492,0.534305799485255,-0.528141523039935,0.5090654909353527,7.28,7.8402537584830725,100,5.0
discovery,4,95,-0.5521316747197421,0.4335725957745327,-0.526147393529843,0.5288557319504007,-0.5326434638273178,0.505034947906434,7.32,7.866076231984005,100,5.0
discovery,4,96,-0.5598446225307512,0.42353027453681535,-0.5313104596893418,0.5189198681762175,-0.5384440003996941,0.495072469766367,7.28,8.376706365080429,100,5.0
discovery,4,97,-0.558913584925984,0.4243759277736433,-0.5390811947985541,0.5077918618570636,-0.5440392923304115,0.48693787833620866,7.34,8.312664799041531,100,5.0
discovery,4,98,-0.5639011116734798,0.4200884256018628,-0.5439843291525225,0.505545818627054,-0.5489635247827617,0.48418147037075626,7.32,8.077191292018043,100,5.0
discovery,4,99,-0.5669823094082793,0.4246669529588752,-0.5480118203996243,0.5081247224928429,-0.552754442651788,0.4872602801093509,7.3,7.938484445827461,100,5.0
discovery,4,100,-0.5608829282221369,0.42676666280364456,-0.5528896176963708,0.510266442559632,-0.5548879453278123,0.48939149762063516,7.22,6.031934164424689,100,5.0
discovery,4,101,-0.5616094683260237,0.428402874689297,-0.5552711251136029,0.5164213732066578,-0.5568557109167079,0.4944167485773178,7.4,5.658081172231374,100,5.0
discovery,4,102,-0.5722611890037357,0.42274542841345714,-0.5519031925643076,0.5349427635710415,-0.5569926916741648,0.5068934297816456,7.56,5.954942730219146,100,5.0
discovery,4,103,-0.5739952920834327,0.43041788246234425,-0.554024796713793,0.5426338238482986,-0.5590174205562031,0.5145798385018101,7.86,6.704556443070574,100,5.0
discovery,4,104,-0.5876602778626087,0.42457351194909293,-0.5512600472965086,0.5570443397823067,-0.5603601049380336,0.5239266328240033,8.08,7.225534366773013,100,5.0
discovery,4,105,-0.5941670315762253,0.4185508031736248,-0.5543209186535459,0.5549060255795444,-0.564282446884216,0.5208172199780647,8.52,8.306266078591085,100,5.0
discovery,4,106,-0.5945191382266778,0.4125659272920045,-0.5590068787648342,0.5487228948252908,-0.5678849436302947,0.514683652941969,8.8,8.964725000248707,100,5.0
discovery,4,107,-0.6100573939497226,0.400691551901525,-0.5598096830337291,0.5409431146988847,-0.5723716107627275,0.505880223999545,8.92,9.146763869862857,100,5.0
discovery,4,108,-0.6126359044618465,0.39938003709355485,-0.5563204242960876,0.5474676062353019,-0.570399294337527,0.5104457139498648,9.1,9.777472104088963,100,5.0
discovery,4,109,-0.6133620729101916,0.39937243832265534,-0.5561985500998495,0.5429973972046056,-0.5704894308024349,0.5070911574841178,9.06,10.08223911431753,100,5.0
discovery,4,110,-0.615886590361399,0.4068043763921139,-0.5466267609835259,0.5552571909840004,-0.5639417183279941,0.5181439873360286,9.1,10.301103120502189,100,5.0
discovery,4,111,-0.6161875192754737,0.407529956475624,-0.5441615503599252,0.5643828337146247,-0.5621680425888121,0.5251696144048743,8.92,9.53830011570993,100,5.0
discovery,4,112,-0.6099379483778837,0.4107970262804826,-0.5429876631886807,0.5673904770042508,-0.5597252344859814,0.5282421143233085,8.82,10.380510331661846,100,5.0
discovery,4,113,-0.6023083238442172,0.4087258832098357,-0.5456465752104809,0.5646931932884242,-0.5598120123689148,0.5257013657687769,8.62,9.062270864317574,100,5.0
discovery,4,114,-0.5896046546669744,0.4218420360006893,-0.5487095431079765,0.5631068910044575,-0.5589333209977259,0.5277906772535154,8.5,6.998786996865737,100,5.0
discovery,4,115,-0.5888327564530219,0.4416596905638348,-0.5542504345719321,0.559168353753957,-0.5628960150422049,0.5297911879564264,8.5,6.721285093041223,100,5.0
discovery,4,116,-0.5788585563346286,0.4550333234186957,-0.5618310575339411,0.5570336628815152,-0.5660879322341128,0.5315335780158102,8.42,6.663906613815636,100,5.0
discovery,4,117,-0.5686118300067409,0.47052592411797456,-0.5676092379521299,0.5552886758565531,-0.5678598859657826,0.5340979879219084,8.26,5.534544718731329,100,5.0
discovery,4,118,-0.5701390172125818,0.4798060023330688,-0.5793656581529286,0.5532733808188174,-0.5770589979178419,0.53490653619738,8.24,5.026046851698835,100,5.0
discovery,4,119,-0.5585374767274094,0.48553407823061895,-0.5872384576770601,0.5488997534195245,-0.5800632124396474,0.533058334622298,8.18,4.84911561942497,100,5.0
discovery,4,120,-0.5467429199238282,0.4968942434423195,-0.5961681051000537,0.5423014981954318,-0.5838118088059973,0.5309496845071536,8.18,5.093171541238931,100,5.0
discovery,4,121,-0.5411001493852717,0.497175254567714,-0.6007218953576391,0.5400018615057054,-0.5858164588645471,0.5292952097712074,8.22,5.2165802411811475,100,5.0
discovery,4,122,-0.5306957065618318,0.5130729866043839,-0.6078624486981419,0.5374887310020037,-0.5885707631640645,0.5313847949025987,8.26,5.322726263003469,100,5.0
discovery,4,123,-0.5268615436179227,0.509468993536836,-0.6138348435748185,0.5338844957936026,-0.5920915185855945,0.527780620229411,8.22,5.341490224437491,100,5.0
discovery,4,124,-0.5259269974338432,0.506322744908236,-0.6172031926128724,0.5266340282027075,-0.5943841438181152,0.5215562073790898,8.22,5.5069421184151555,100,5.0
discovery,4,125,-0.5425488172180664,0.5060946727159307,-0.6184035869214002,0.5300271273459353,-0.5994398944955666,0.524044013688434,8.26,5.456568886825619,100,5.0
discovery,4,126,-0.5450980436536905,0.5059428106690482,-0.6135725746889019,0.543976762519899,-0.5964539419300988,0.5344682745571866,8.28,5.287816000983683,100,5.0
discovery,4,127,-0.5552378944928833,0.5116485137401731,-0.6106493281476323,0.5551476951965056,-0.596796469733945,0.5442728998324226,8.42,5.2153832744398585,100,5.0
discovery,4,128,-0.5587481535258239,0.5062031725906547,-0.6075318857463102,0.5586270564576227,-0.5953359526911888,0.5455210854908805,8.42,4.9068862213555775,100,5.0
discovery,4,129,-0.566513770437241,0.503874996321793,-0.6063681903876343,0.5629621147560456,-0.5964045854000359,0.5481903351474824,8.52,5.234490649314583,100,5.0
discovery,4,130,-0.5731060033888405,0.5064258873986089,-0.6058646861023623,0.5628744934022519,-0.597675015423982,0.5487623419013411,8.68,6.721567738730356,100,5.0
discovery,4,131,-0.5730504935970717,0.49977432082704687,-0.6159351835853677,0.5532394250011957,-0.6052140110882935,0.5398731489576584,8.82,7.058921444317082,100,5.0
discovery,4,132,-0.5815631844715177,0.4910117030821889,-0.619637392639968,0.5487867796214484,-0.6101188405978551,0.5343430104866337,8.9,7.42006208885019,100,5.0
discovery,4,133,-0.5903108904307706,0.4905996331120048,-0.6237746373869179,0.5467685908261708,-0.615408700647881,0.5327263513976292,9.04,7.276034054007823,100,5.0
discovery,4,134,-0.5979469252448404,0.4918078703727208,-0.6285670243419461,0.5448823317426306,-0.6209119995676696,0.5316137164001532,9.2,7.19613231125521,100,5.0
discovery,4,135,-0.6010209712979984,0.48603817550304995,-0.6304362025211615,0.5499890125417287,-0.6230823947153706,0.534001303282059,9.32,6.368730452487799,100,5.0
discovery,4,136,-0.5981768850004575,0.49423875785602284,-0.630805872851677,0.5558085345184058,-0.622648625888872,0.54041609035281,9.54,6.119309360178595,100,5.0
discovery,4,137,-0.5976777921783512,0.48853524590832736,-0.6276175409329415,0.5580916007566386,-0.620132603744294,0.5407025120445607,9.72,6.15709692041715,100,5.0
discovery,4,138,-0.5937030171820306,0.4973450710722043,-0.6278223852202631,0.5591600018967493,-0.619292543210705,0.543706269190613,9.96,5.996023544853247,100,5.0
discovery,4,139,-0.5975235234617863,0.5010225798601492,-0.6267143215780036,0.5692440098802766,-0.619416622048949,0.5521886523752445,10.02,5.635477819763648,100,5.0
discovery,4,140,-0.5932787855195248,0.5092413803278212,-0.6269252330862347,0.5766359407070398,-0.618513621194557,0.5597873006122353,10.06,5.114909911218427,100,5.0
discovery,4,141,-0.5962006838120956,0.513531485021916,-0.6275004576060887,0.5823180072677107,-0.6196755141575906,0.565121376706262,10.06,4.859195692793655,100,5.0
discovery,4,142,-0.5974007478177361,0.5065292482025151,-0.6282519575545855,0.5878822626002169,-0.620539155120373,0.5675440090007915,10.12,5.084723497010491,100,5.0
discovery,4,143,-0.6052463627490391,0.49950273653612426,-0.6218337861527385,0.5960656450913036,-0.6176869303018137,0.5719249179525089,10.16,5.46140871630589,100,5.0
discovery,4,144,-0.6030312094960469,0.49567581898533125,-0.620880293299498,0.5936276304095999,-0.6164180223486352,0.5691396775535328,10.16,6.210433733281036,100,5.0
discovery,4,145,-0.6030680490736785,0.4929610492021162,-0.6209275177178436,0.5853140843197046,-0.6164626505568024,0.5622258255403075,10.34,7.174024570838043,100,5.0
discovery,4,146,-0.6028764527709285,0.5007933624756875,-0.6209750083395711,0.5843557370971267,-0.6164503694474105,0.563465143441767,10.54,7.672394907673411,100,5.0
discovery,4,147,-0.6062614609893661,0.5024322051741081,-0.6216286565355914,0.5861971048272215,-0.6177868576490352,0.5652558799139429,10.7,8.209229170417075,100,5.0
discovery,4,148,-0.6063265273910831,0.5045670039519944,-0.6269859084634353,0.5831220064378737,-0.6218210631953472,0.5634832558164039,10.84,7.656864515727531,100,5.0
discovery,4,149,-0.6009557514057046,0.5069090840146947,-0.630849036688766,0.5758307889941375,-0.6233757153680006,0.5586003627492769,10.94,7.616724000431516,100,5.0
discovery,4,150,-0.6000622803080244,0.5114866074804012,-0.634503895867885,0.5738871453069071,-0.6258934919779197,0.5582870108502807,11.02,7.793133938174164,100,5.0
discovery,4,151,-0.6013975243851463,0.5118941030894845,-0.6355763113774365,0.5716807149833201,-0.6270316146293637,0.5567340620098611,11.04,7.919300253810871,100,5.0
discovery,4,152,-0.5966694709282834,0.5162984224747479,-0.633705267613956,0.5727549395655175,-0.6244463184425378,0.5586408102928252,11.14,8.02078204533217,100,5.0
discovery,4,153,-0.5996826244757433,0.5188570970274841,-0.631147010167325,0.5752967748239641,-0.6232809137444295,0.5611868553748444,11.18,7.75292537532612,100,5.0
discovery,4,154,-0.5956702020387112,0.531554799899178,-0.6312229446510275,0.5751248069029774,-0.6223347589979487,0.5642323051520276,11.0,7.100450639704397,100,5.0
discovery,4,155,-0.5948193625264682,0.5473437486097469,-0.6323329207898719,0.5723707266596737,-0.6229545312240209,0.5661139821471921,10.98,6.706511549749449,100,5.0
discovery,4,156,-0.6059458451134151,0.5517928585569915,-0.6295248575112429,0.5644231246798077,-0.623630104411786,0.5612655581491033,10.92,6.075328678669921,100,5.0
discovery,4,157,-0.6155385213882962,0.5527230543875878,-0.6240262912430176,0.5652988436466115,-0.6219043487793373,0.5621548963318559,10.82,5.742364531968088,100,5.0
discovery,4,158,-0.619855038098867,0.5531872353439004,-0.6300066569333312,0.5588298018541229,-0.627468752224715,0.5574191602265676,10.82,5.78137069193245,100,5.0
discovery,4,159,-0.6183816637775452,0.5545259004488092,-0.6308692721533099,0.5681196978659028,-0.6277473700593689,0.5647212485116294,10.86,5.415443480151279,100,5.0
discovery,4,160,-0.6175506325327267,0.5464182614796139,-0.6270420049089424,0.5688196712396255,-0.6246691618148883,0.5632193187996224,10.82,5.267063282554252,100,5.0
discovery,4,161,-0.6254364047631435,0.5413573795975659,-0.6242082002126104,0.5711487851436299,-0.6245152513502437,0.5637009337571142,10.82,5.526214760798321,100,5.0
discovery,4,162,-0.6262734485729711,0.5455544091326112,-0.6279602261402737,0.5702385527522188,-0.6275385317484481,0.5640675168473168,10.86,5.791875740024044,100,5.0
discovery,4,163,-0.6397461521025744,0.529889423511484,-0.6281472989091029,0.5735484864084683,-0.6310470122074707,0.5626337206842225,10.84,5.827348797815776,100,5.0
discovery,4,164,-0.6502641097013026,0.5198458425469663,-0.6278031202528386,0.5762632115313838,-0.6334183676149546,0.5621588692852795,10.86,5.707903154455281,100,5.0
discovery,4,165,-0.6472540538979292,0.5013496143599636,-0.6322100860817337,0.5676420793835043,-0.6359710780357826,0.5510689631276189,10.8,5.456083949501017,100,5.0
discovery,4,166,-0.6506282388725624,0.48410246620144826,-0.6324414967472963,0.5642339218054038,-0.6369881822786128,0.5442010579044148,10.8,5.703165844545019,100,5.0
discovery,4,167,-0.6543102021775531,0.47753373178349806,-0.6296432604675214,0.5704695285073473,-0.6358099958950294,0.5472355793263851,10.84,5.783321732362829,100,5.0
discovery,4,168,-0.6620527325048647,0.4709518576144771,-0.6275269304694558,0.5760489969102396,-0.6361583809783081,0.5497747120862988,10.86,5.7609303108357945,100,5.0
discovery,4,169,-0.65961155105503,0.4590918107462847,-0.6270800239639664,0.5785184585958727,-0.6352129057367324,0.5486617966334756,10.9,5.981333333424259,100,5.0
discovery,4,170,-0.6563950765902885,0.4642090058088735,-0.6311813724676498,0.5793108102652756,-0.6374847984983096,0.5505353591511752,11.12,5.82894579812976,100,5.0
discovery,4,171,-0.6510564231967914,0.48562638409032954,-0.6346132734975678,0.5805491411396811,-0.6387240609223734,0.5568184518773431,11.2,5.321057272308257,100,5.0
discovery,4,172,-0.6446687515125543,0.5110672478564233,-0.6318287119534626,0.5842563100961549,-0.6350387218432356,0.5659590445362219,11.44,5.163393046821778,100,5.0
discovery,4,173,-0.6401746808910395,0.5126855588267136,-0.6298092031728,0.5864085410565555,-0.6324005726023599,0.5679777954990951,11.66,5.073256826176393,100,5.0
discovery,4,174,-0.6398009713580594,0.5215638643951478,-0.6245098413018823,0.590785547666187,-0.6283326238159263,0.5734801268484273,11.8,5.3592993233777495,100,5.0
discovery,4,175,-0.6333453112197711,0.5240049721693579,-0.6228899459431652,0.5877347303287822,-0.6255037872623168,0.571802290788926,12.02,5.952368339582388,100,5.0
discovery,4,176,-0.6374111391410383,0.5314777718910956,-0.6216728961871268,0.5861158778779868,-0.6256074569256047,0.5724563513812639,12.36,6.726274392818489,100,5.0
discovery,4,177,-0.6377246221357986,0.5392963394407708,-0.6236120334168356,0.58277426205984,-0.6271401805965764,0.5719047814050723,12.66,7.582902545995114,100,5.0
discovery,4,178,-0.6384037857843996,0.5415040003399944,-0.6295176673291882,0.582291136483091,-0.631739196942991,0.572094352447317,12.84,8.176231170398507,100,5.0
discovery,4,179,-0.6368958751924793,0.5398227897835909,-0.6343457476526624,0.5787362858719332,-0.6349832795376166,0.5690079118498477,13.04,8.012391113932512,100,5.0
discovery,4,180,-0.6332465740754373,0.5507196311182649,-0.6321801465779642,0.5895497575832749,-0.6324467534523324,0.5798422259670226,13.16,7.860867785697874,100,5.0
discovery,4,181,-0.6289008003432857,0.5609724179765411,-0.627874178225819,0.6022993241453857,-0.6281308337551856,0.5919675976031745,13.36,7.492411789025791,100,5.0
discovery,4,182,-0.6336729296545084,0.5557327351452095,-0.6226805454307759,0.6100285115926743,-0.6254286414867091,0.5964545674808079,13.5,7.375173010277479,100,5.0
discovery,4,183,-0.6356806678561013,0.5363406809308607,-0.6267682957004601,0.6056083171086604,-0.6289963887393707,0.5882914080642108,13.66,6.903051834061752,100,5.0
discovery,4,184,-0.6311755204966396,0.5301151057027123,-0.6360474828046847,0.6046157910675283,-0.6348294922276734,0.5859906197263239,13.96,6.5095889143028565,100,5.0
discovery,4,185,-0.6325117871732987,0.533408474611306,-0.642050896435909,0.6088910441182327,-0.6396661191202562,0.5900204017415009,14.2,6.429635921099531,100,5.0
discovery,4,186,-0.6372752384068535,0.5366927463049014,-0.6440219947589076,0.614818925772625,-0.6423353056708941,0.5952873809056939,14.36,6.20334701912662,100,5.0
discovery,4,187,-0.6398320011501124,0.537421261467726,-0.6472387236161568,0.6166969872881498,-0.6453870429996458,0.5968780558330438,14.78,6.475046985387851,100,5.0
discovery,4,188,-0.636796324903771,0.5415212850707166,-0.6525659679320032,0.618459742110818,-0.6486235571749454,0.599225127850793,15.04,6.6460020409577085,100,5.0
discovery,4,189,-0.6414926436530606,0.5432994857663048,-0.6529364259274549,0.6126608328814046,-0.6500754803588563,0.5953204961026297,15.36,6.839153527148608,100,5.0
discovery,4,190,-0.6379464797965955,0.5326704621932102,-0.6535187402812509,0.6096132772189736,-0.6496256751600872,0.5903775734625331,15.4,7.0684492718221055,100,5.0
discovery,4,191,-0.6356870777595508,0.5295636563492263,-0.6516122899253464,0.6079309069508312,-0.6476309868838972,0.5883390943004299,15.42,7.277832128849164,100,5.0
discovery,4,192,-0.6325945117647518,0.523712012509308,-0.6532680074503121,0.602454383125205,-0.648099633528922,0.5827687904712304,15.62,7.298861434087676,100,5.0
discovery,4,193,-0.6325552084392329,0.5099693218756451,-0.6591849697057484,0.5935297024774613,-0.6525275293891194,0.5726396073270071,15.76,7.333931200240488,100,5.0
discovery,4,194,-0.6435552651658445,0.5092295358925272,-0.6599668261305875,0.5855656280759695,-0.6558639358894017,0.566481605030109,15.84,7.2491640849021675,100,5.0
discovery,4,195,-0.6420912349180492,0.5297621502722859,-0.6663409891092011,0.5819755245745433,-0.660278550561413,0.5689221809989788,15.76,7.024865904638187,100,5.0
discovery,4,196,-0.6422858164423196,0.5531208638442022,-0.6697563944857682,0.580351158893317,-0.6628887499749061,0.5735435851310383,15.8,6.900946012532222,100,5.0
discovery,4,197,-0.6397885610492453,0.578312856111258,-0.6769920890382278,0.5729733758729444,-0.6676912070409822,0.5743082459325228,15.58,6.633512055530221,100,5.0
discovery,4,198,-0.6430907162191016,0.5861371225169728,-0.6814127617158199,0.5684645442549872,-0.6718322503416403,0.5728826888204834,15.5,6.465885751066801,100,5.0
discovery,4,199,-0.643293640485853,0.5820355136705095,-0.6797701490012982,0.569870930742197,-0.670651021872437,0.572912076474275,15.6,6.523511204182808,100,5.0
discovery,4,200,-0.6384221164662709,0.589223348568948,-0.6758029147779733,0.5762130007547125,-0.6664577152000478,0.5794655877082713,15.64,6.453837260267797,100,5.0
discovery,5,0,0.20797175589316097,-0.018068240990718635,-0.027459507369420783,0.1507206751337472,0.03139830844622465,0.10852344610263077,0.0,0.0,100,5.0
discovery,5,1,0.20148500969741626,-0.033821324558257954,-0.032849656004333205,0.1619968123789951,0.025734010421104157,0.11304227814468185,1.78,88.05950972121678,100,5.0
discovery,5,2,0.18635110121244772,-0.04448545057157311,-0.03617049233026295,0.17221770427204103,0.01945990605541471,0.11804191556113755,1.94,88.84068592233304,100,5.0
discovery,5,3,0.18401665215697713,-0.034135738425207715,-0.035426320268703376,0.17841684957905027,0.01943442283771675,0.1252787025779858,2.0,77.45096304761401,100,5.0
discovery,5,4,0.18101668117572683,-0.014934917456724338,-0.040856616596844794,0.17550451562686994,0.014611707846298115,0.12789465735597136,2.04,77.33454026328117,100,5.0
discovery,5,5,0.17463477457845802,-0.010654172958583613,-0.04045085923228523,0.18861494288046005,0.013320549220400584,0.1387976639206991,2.02,70.61958438116537,100,5.0
discovery,5,6,0.17329248941308595,0.006360690525321595,-0.04101424069489527,0.19973380019974254,0.012562441832100044,0.15139052278113727,2.04,73.19920036065217,100,5.0
discovery,5,7,0.1780048635241104,0.018507791412329087,-0.04328140910037419,0.2067105987959516,0.012040159055746978,0.15965989695004595,2.0,68.3921715099859,100,5.0
discovery,5,8,0.17514680983292708,0.013390059228882168,-0.0440845798062653,0.2187876349906656,0.010723267603532781,0.16743824105021982,2.0,71.38620024740453,100,5.0
discovery,5,9,0.16867680571812485,0.011440406016047996,-0.03441302179604509,0.22895955395607534,0.016359435082497386,0.17457976697106847,1.96,72.07532495754646,100,5.0
discovery,5,10,0.15925241847361848,0.025665401937373065,-0.03029815087582185,0.240682708323382,0.01708949146153825,0.1869283817268797,1.84,69.1926796289413,100,5.0
discovery,5,11,0.152220345364955,0.039673184014367424,-0.029891098891581643,0.2539179561746483,0.015636762172552502,0.20035676313457818,2.04,63.253179365473976,100,5.0
discovery,5,12,0.13916268899035805,0.04030100406076423,-0.04140095740038794,0.2667502372526073,0.003739954197298562,0.21013792895464653,2.0,63.396064080942054,100,5.0
discovery,5,13,0.14671333574131576,0.041453559710487885,-0.05075447199967162,0.27858081065900114,-0.0013875200644247832,0.21929899792187282,2.14,67.60258189718246,100,5.0
discovery,5,14,0.14742557814857996,0.060446852497296054,-0.054223768152219305,0.2998008242877551,-0.0038114315770194423,0.23996233134014033,2.04,62.82302016164088,100,5.0
discovery,5,15,0.1681611271705416,0.09303668290147979,-0.05266843536029096,0.3141917110796636,0.002538955272417176,0.2589029540351175,2.2,54.58017261578971,100,5.0
discovery,5,16,0.17233771307169207,0.12589605415884958,-0.04268113972113304,0.3203531838198193,0.011073573477073224,0.27173890140457685,2.3,50.70416296461285,100,5.0
discovery,5,17,0.18070501837315764,0.1394042183513848,-0.03218741621435779,0.3325041976380716,0.021035692432521066,0.2842292028164,2.4,47.26245829902762,100,5.0
discovery,5,18,0.18735705393337476,0.15027276901880937,-0.025228996752644495,0.34697910695711576,0.027917515918860297,0.29780252247253913,2.42,47.09516457259463,100,5.0
discovery,5,19,0.19566972874817318,0.1498571880475734,-0.019050239026802605,0.3552253110757978,0.03462975291694134,0.3038832803187418,2.44,43.88057083885354,100,5.0
discovery,5,20,0.20704816769396175,0.15624365898636067,-0.009934394234428136,0.35797351726621185,0.044311246247669335,0.307541052696249,2.42,46.192134218799254,100,5.0
discovery,5,21,0.2142964084094121,0.17679335469842353,0.006205304607832152,0.3662026107549765,0.05822808055822714,0.3188502967408383,2.34,46.45710252117226,100,5.0
discovery,5,22,0.22080946525620643,0.1850871485441516,0.02139829483166614,0.36753707598230545,0.07125108743780122,0.3219245941227672,2.28,42.75727474910195,100,5.0
discovery,5,23,0.232850284697886,0.19868155561130532,0.029029930493161327,0.3616318840690071,0.07998501904434244,0.32089430195458163,2.26,44.595473598217694,100,5.0
discovery,5,24,0.23802432321916733,0.21117138003077318,0.03685463164807958,0.3593478320335605,0.08714705454085156,0.32230371903286376,2.38,47.10395277197354,100,5.0
discovery,5,25,0.23969692799411235,0.22605119120987155,0.033577377691050764,0.36127733831002257,0.08510726526681613,0.32747080153498487,2.58,49.45550678242656,100,5.0
discovery,5,26,0.2302679368782643,0.23593334303084793,0.034962841603381214,0.36322706815340833,0.083789115422102,0.3314036368727682,2.56,47.38223900107899,100,5.0
discovery,5,27,0.21834004291462583,0.23717353431038632,0.033877225905636056,0.37616058415925807,0.07999293015788353,0.3414138216970402,2.88,46.11091831306809,100,5.0
discovery,5,28,0.2212821988649905,0.24886141865928696,0.032303802534321524,0.3844586815226771,0.07954840161698878,0.35055936580682945,3.0,42.4395192808549,100,5.0
discovery,5,29,0.22061910655542388,0.2617089211579556,0.028956222842439972,0.3895039885876066,0.0768719437706859,0.35755522173019394,3.24,45.31362746397103,100,5.0
discovery,5,30,0.22136804156323875,0.2558764211024514,0.030382200941254094,0.3981722318887407,0.0781286610967502,0.3625982791921683,3.16,51.62881656708454,100,5.0
discovery,5,31,0.23038025794602707,0.2560446149268878,0.031366956206088696,0.4050545135717503,0.0811202816410733,0.3678020389105347,3.3,46.54306524886273,100,5.0
discovery,5,32,0.22385140111287707,0.2513486388379878,0.04439614394510867,0.40490662520826065,0.08925995823705075,0.36651712861569236,3.24,45.46293648777683,100,5.0
discovery,5,33,0.21760533252471048,0.25015193530332724,0.0663516630773348,0.4146244288372601,0.10416508043917876,0.37350630545377705,3.28,43.355395326232795,100,5.0
discovery,5,34,0.22835425036237045,0.2825289480539036,0.08588896742800477,0.42574747019691905,0.12150528816159621,0.3899428396611652,3.32,46.412125504329495,100,5.0
discovery,5,35,0.23633620453060733,0.308966307651684,0.10176064076744629,0.4333694639057912,0.13540453170823652,0.4022686748422646,3.3,41.898789552273655,100,5.0
discovery,5,36,0.24124460290444216,0.3389546283568026,0.11689406961121743,0.4418754517242927,0.14798170293452353,0.41614524588242024,3.16,36.533378675456305,100,5.0
discovery,5,37,0.23997046200315794,0.36021418121755905,0.1274366782221944,0.4482445797045153,0.15557012416743532,0.42623698008277616,3.16,32.29050782392852,100,5.0
discovery,5,38,0.24408776860100231,0.37583646170763624,0.14540286956500068,0.45052054886829457,0.17007409432400103,0.43184952707813,3.12,32.19661198048911,100,5.0
discovery,5,39,0.2591567295821083,0.3811688822355965,0.1552549542728389,0.4659707593976184,0.18123039810015626,0.4447702901071128,2.88,28.05134025440713,100,5.0
discovery,5,40,0.267109986854326,0.37813778380499613,0.17477700083911493,0.47541400173090625,0.19786024734291768,0.4510949472494287,2.98,29.933341812452856,100,5.0
discovery,5,41,0.28129783267511427,0.37793068980489575,0.1901714663483755,0.48588953121931694,0.21295305793006025,0.4588998208657115,2.98,30.810650707252705,100,5.0
discovery,5,42,0.2806807628192459,0.3850914748960713,0.19917799785638673,0.5002199188966783,0.21955368909710157,0.4714378078965263,3.02,27.33227722421426,100,5.0
discovery,5,43,0.2840810105825131,0.38306777760371236,0.2087750402277738,0.5112195001704234,0.22760153281645862,0.4791815695287455,3.26,29.387486354645397,100,5.0
discovery,5,44,0.2907827741694476,0.3905070828922716,0.2197217373666144,0.5192846186378006,0.23748699656732267,0.4870902347014185,3.28,24.512717359930072,100,5.0
discovery,5,45,0.3166940447270901,0.40015663870017204,0.2351999326660049,0.5316115559275583,0.2555734606812761,0.4987478266207116,3.36,25.37762620279279,100,5.0
discovery,5,46,0.3303459758807814,0.41350582444653133,0.25212935897603395,0.5388311257207082,0.2716835132022209,0.507499800402164,3.5,24.04222212415963,100,5.0
discovery,5,47,0.34118904463631977,0.42337799526800424,0.2672159417179727,0.5418241433240713,0.28570921744755945,0.5122126063100543,3.6,23.22480649119897,100,5.0
discovery,5,48,0.36035779944117485,0.42749528066779763,0.2771353166213961,0.5460330512767839,0.29794093732634075,0.5163986086245376,3.62,23.12474018610276,100,5.0
discovery,5,49,0.369026728187925,0.4378555877298649,0.28869670888439347,0.551077201915091,0.3087792137102765,0.5227717983687844,3.72,20.041217276244737,100,5.0
discovery,5,50,0.3770162544872837,0.4448784291023422,0.303037027349885,0.555139416340462,0.32153183413423475,0.5275741695309318,3.7,18.663921343955653,100,5.0
discovery,5,51,0.37529727531272444,0.4376276666240402,0.31107969511323685,0.5591867296898201,0.3271340901631087,0.5287969639233753,3.74,17.803876720357987,100,5.0
discovery,5,52,0.3770299441125576,0.4559681092655666,0.3173625063114348,0.5595502024792698,0.33227936576171563,0.5336546791758441,3.78,16.990365455344325,100,5.0
discovery,5,53,0.3736064254097316,0.47165619039866225,0.32054624571417145,0.5583978340684647,0.3338112906380614,0.536712423151014,3.94,16.507364208216448,100,5.0
discovery,5,54,0.3682812314638603,0.4915470560886668,0.31817832680031977,0.5504941718437285,0.33070405296620486,0.535757392904963,3.94,17.315449163035968,100,5.0
discovery,5,55,0.3721826209847834,0.5037369013068325,0.31411581636253205,0.5491569559351347,0.3286325175180949,0.5378019422780591,3.9,16.336712604126657,100,5.0
discovery,5,56,0.3697741465167036,0.5169037552177588,0.3158453680098316,0.5544084975114795,0.3293275626365496,0.5450323119380495,3.9,16.39441882936011,100,5.0
discovery,5,57,0.36649049862971794,0.5305641238207848,0.3156497873266714,0.5595369015508458,0.32835996515243304,0.5522937071183308,3.82,14.15624893625644,100,5.0
discovery,5,58,0.36442121604695465,0.5376615139666153,0.31866476588924536,0.5618027219777969,0.33010387842867284,0.5557674199750017,3.82,12.726499543811403,100,5.0
discovery,5,59,0.3583616252911696,0.5356048567315096,0.3200551226125749,0.5589070115729373,0.3296317482822236,0.5530814728625806,3.88,11.141743160541687,100,5.0
discovery,5,60,0.37996873248014024,0.5299842742187584,0.3348148410862373,0.5541203721997928,0.346103313934713,0.5480863477045341,4.0,10.810934840111793,100,5.0
discovery,5,61,0.4043931701137122,0.5207848761010946,0.35009024188006344,0.5466370416183302,0.3636659739384758,0.5401740002390212,3.9,8.945199653617319,100,5.0
discovery,5,62,0.41922312651956195,0.5170310619715662,0.36748315933046494,0.5396892930902828,0.3804181511277392,0.5340247353106037,4.18,10.145580247069178,100,5.0
discovery,5,63,0.4312735543983532,0.5205224242042396,0.3829737630857418,0.5312311139096033,0.3950487109138948,0.5285539414832623,4.34,11.850417655334834,100,5.0
discovery,5,64,0.4421238697004622,0.5205649767458628,0.3902385527570891,0.5230333037419246,0.40320988199293234,0.522416221992909,4.38,11.096172057243532,100,5.0
discovery,5,65,0.452430101621076,0.5268153517701074,0.39584768831042194,0.5218653975178286,0.40999329163808546,0.5231028860808984,4.48,12.51124915365776,100,5.0
discovery,5,66,0.46058763647560963,0.5288836989266023,0.39706159611313746,0.5185741413211858,0.41294310620375524,0.5211515307225401,4.6,12.777716243580086,100,5.0
discovery,5,67,0.4750320530059474,0.5377393230148333,0.396068210813564,0.5185663600314634,0.41580917136165985,0.5233596007773059,4.62,15.015959127783034,100,5.0
discovery,5,68,0.4766182863369333,0.5354751800048375,0.39570097034519874,0.5217822059686319,0.41593029934313214,0.5252054494776836,4.72,14.093046550143447,100,5.0
discovery,5,69,0.4716957008943286,0.5373693159777169,0.3965123376648636,0.5194128864396405,0.4153081784722298,0.5239019938241593,4.98,16.005808921573077,100,5.0
discovery,5,70,0.4740321694311497,0.5280434791016675,0.3983424381627357,0.5228476451974015,0.41726487097983933,0.5241466036734679,5.06,16.16838339940361,100,5.0
discovery,5,71,0.4730983255816652,0.5264541534322333,0.401151596523021,0.5303426604330308,0.419138278787682,0.5293705336828316,5.04,14.053048953758282,100,5.0
discovery,5,72,0.4737372537482439,0.5298894003359442,0.4071896367624237,0.5415832903712106,0.42382654100887895,0.5386598178623939,5.1,13.277314735677766,100,5.0
discovery,5,73,0.47285139431404294,0.5490264494913446,0.41458207958785986,0.5500358369369004,0.4291494082694055,0.5497834900755116,5.34,12.93186698834225,100,5.0
discovery,5,74,0.47428543833182635,0.5532299356277022,0.4183648421920573,0.5580998195684939,0.4323449912269994,0.5568823485832961,5.46,11.728689990966974,100,5.0
discovery,5,75,0.4752460443629237,0.5655336794671397,0.43058156947182047,0.5686544195512648,0.44174768819459653,0.5678742345302337,5.5,10.748640049627157,100,5.0
discovery,5,76,0.4828436354614219,0.5628776556588009,0.4344904771903723,0.5713772045564405,0.44657876675813485,0.5692523173320307,5.82,11.401704632345004,100,5.0
discovery,5,77,0.49140290337732057,0.5708100610689725,0.4299717282981924,0.5747819038480493,0.44532952206797455,0.5737889431532801,5.8,11.04845272138211,100,5.0
discovery,5,78,0.4953512845592728,0.5728684251060837,0.4333143165920531,0.584383192288949,0.44882355858385786,0.5815045004932324,6.0,11.153378291671508,100,5.0
discovery,5,79,0.4863611672090922,0.5877187336717407,0.43066198430113417,0.5939897402842824,0.44458678002812346,0.592421988631147,6.18,13.790697952670575,100,5.0
discovery,5,80,0.4850218547078446,0.594987883691173,0.4285663312171529,0.6073653034322497,0.44268021208982583,0.6042709484969806,6.24,14.076598116443385,100,5.0
discovery,5,81,0.4916474711414552,0.6011438898918977,0.42742915233090345,0.6194255907465056,0.44348373203354136,0.6148551655328535,6.42,13.346550813291223,100,5.0
discovery,5,82,0.5055087245453525,0.6033416557314878,0.4279256812872985,0.6327279811088744,0.447321442101812,0.6253813997645277,6.54,12.186651206898912,100,5.0
discovery,5,83,0.5141965702296889,0.6063262560183871,0.43406908765703484,0.6418103079227717,0.4541009583001982,0.6329392949466757,6.62,11.791508497296974,100,5.0
discovery,5,84,0.5210023535113808,0.6164167900477568,0.4392027724165345,0.6403519617712852,0.45965266769024615,0.6343681688404031,6.88,11.29861170890076,100,5.0
discovery,5,85,0.5229674973199381,0.6245740453889378,0.44376057176301337,0.6381595497205423,0.4635623031522444,0.6347631736376412,6.96,10.525203310328664,100,5.0
discovery,5,86,0.519731220269971,0.6374902706430795,0.44687545286357866,0.6417871416644269,0.4650893947151767,0.6407129239090901,7.26,11.894809686108557,100,5.0
discovery,5,87,0.514503295811561,0.6554071910297755,0.45244458544978966,0.6476669335776298,0.46795926304023255,0.6496019979406661,7.38,11.540533936256027,100,5.0
discovery,5,88,0.511995531446162,0.6704070912203273,0.4570237044389595,0.6533534280229787,0.4707666611907602,0.6576168438223161,7.56,11.422271638347794,100,5.0
discovery,5,89,0.512454451909813,0.6833189057600303,0.45959589825715547,0.6588206653667132,0.4728105366703197,0.6649452254650425,7.74,10.671282204319853,100,5.0
discovery,5,90,0.5136237863833617,0.6937932593983943,0.46360203426155505,0.673820474251199,0.4761074722920069,0.6788136705379978,7.92,10.515715689351609,100,5.0
discovery,5,91,0.5163762804648055,0.7123212380492524,0.47023546662775784,0.679229458930569,0.48177067008701985,0.6875024037102402,8.14,10.409372640534587,100,5.0
discovery,5,92,0.5172865646438088,0.7256084437631813,0.47687036455031506,0.6849921395298285,0.4869744145736884,0.695146215588167,8.28,10.840990718516473,100,5.0
discovery,5,93,0.5303498562325286,0.7302570807556502,0.48802658138549276,0.6899237161172779,0.4986074000972516,0.7000070572768707,8.32,10.309831034387402,100,5.0
discovery,5,94,0.5445289121166217,0.7318037517600654,0.49999572444438695,0.6888010595114676,0.5111290213624458,0.6995517325736168,8.36,9.871168811622406,100,5.0
discovery,5,95,0.5391850737127271,0.7436053520612512,0.5088667289398907,0.6888667591327792,0.5164463151330996,0.702551407364897,8.32,9.02284144345427,100,5.0
discovery,5,96,0.5381118843945569,0.7448800967237017,0.5210519099687018,0.6854811758446245,0.5253169035751655,0.7003309060643936,8.28,9.00001559658007,100,5.0
discovery,5,97,0.5384924979703132,0.7496162967033682,0.5340766716751557,0.6867290458021479,0.5351806282489455,0.7024508585274526,8.3,8.40495434993218,100,5.0
discovery,5,98,0.5388133691681201,0.7515708674452891,0.5477150195465259,0.6837740644242919,0.5454896069519245,0.7007232651795414,8.34,8.950718539599409,100,5.0
discovery,5,99,0.529160259993105,0.7572536135175486,0.5582013335351346,0.680204444297618,0.5509410651496272,0.6994667366026006,8.26,8.971957393658872,100,5.0
discovery,5,100,0.5261397879522434,0.7554325681960308,0.5588524525816602,0.6815603276458213,0.5506742864243059,0.7000283877833737,8.2,8.457679115473042,100,5.0
discovery,5,101,0.5121480375732766,0.7640261896154718,0.5599346952920101,0.6847416935823392,0.5479880308623267,0.7045628175906222,8.2,7.463623487507478,100,5.0
discovery,5,102,0.5206858152513876,0.7611468524705177,0.5574763494245356,0.6887431532815729,0.5482787158812485,0.7068440780788088,8.14,6.95238078464431,100,5.0
discovery,5,103,0.5138330836655163,0.7616105683784608,0.5662159355941201,0.6837439425778072,0.5531202226119691,0.7032105990279703,8.06,6.589897752633783,100,5.0
discovery,5,104,0.5174580014594664,0.7688459098284381,0.5709271577901474,0.6819235855821084,0.557559868707477,0.703654166643691,8.08,6.04211579302916,100,5.0
discovery,5,105,0.4977090506868496,0.7846084932019864,0.574404767568057,0.6823980713728148,0.5552308383477551,0.7079506768301078,8.12,5.424795607449548,100,5.0
discovery,5,106,0.4929930850898905,0.7917123090068722,0.5694794518306171,0.683976404900331,0.5503578601454354,0.7109103809269661,8.1,4.816735663051882,100,5.0
discovery,5,107,0.4763706475765948,0.7987773697021625,0.566596312414211,0.6890230588691526,0.5440398962048066,0.7164616365774055,8.02,4.6130966431511915,100,5.0
discovery,5,108,0.4758871636459553,0.8008661109926556,0.5582899471708289,0.6955125233126607,0.5376892512896105,0.7218509202326593,8.06,4.867430660586494,100,5.0
discovery,5,109,0.4651257681217521,0.8011466177495119,0.5515774928610457,0.7032085605616242,0.5299645616762224,0.7276930748585958,8.14,5.3974580115844155,100,5.0
discovery,5,110,0.4589178054304167,0.8116315187396502,0.547219292947729,0.710574546521545,0.5251439210684007,0.735838789576071,8.1,4.957152691695223,100,5.0
discovery,5,111,0.4485320190104149,0.8083991450564563,0.545428899947566,0.7164854681245169,0.5212046797132782,0.7394638873575019,8.1,4.84150435944479,100,5.0
discovery,5,112,0.4538495160653955,0.8103317120375096,0.542834173816931,0.7190290512342252,0.5205880093790476,0.7418547164350465,8.16,5.100948627711425,100,5.0
discovery,5,113,0.4452570445967321,0.8134002722457168,0.5399321350784538,0.7243503947797674,0.5162633624580234,0.7466128641462546,8.18,5.210155341684491,100,5.0
discovery,5,114,0.44221432350534956,0.8156281930551614,0.5356178378184819,0.7264170620512499,0.512266959240199,0.748719844802228,8.28,5.6596825146323475,100,5.0
discovery,5,115,0.4433185654172547,0.8144410460661899,0.5372227107421251,0.7267710579333478,0.5137466744109076,0.7486885549665587,8.32,5.364843900986455,100,5.0
discovery,5,116,0.4344762679101417,0.8203880320841681,0.5339221392373567,0.7319212854826905,0.5090606714055529,0.7540379721330595,8.46,4.784997630986477,100,5.0
discovery,5,117,0.42862734988262813,0.8296242448850556,0.5357342546558109,0.7286460198718827,0.5089575284625153,0.7538905761251756,8.52,5.02722141677434,100,5.0
discovery,5,118,0.4300249161296483,0.8290119619652926,0.5369585266828145,0.7280635696151582,0.510225124044523,0.7533006677026921,8.56,5.138060128945404,100,5.0
discovery,5,119,0.43864851101330543,0.827877690712304,0.5449089381445417,0.7251438603102653,0.5183438313617326,0.7508273179107751,8.62,4.902832913407938,100,5.0
discovery,5,120,0.43013488675537914,0.8319194091427695,0.5441617254546578,0.725442716636966,0.5156550157798381,0.752061889763417,8.8,5.3141050991502485,100,5.0
discovery,5,121,0.4450681318893708,0.8239639547963081,0.5421401514676312,0.7258011593870004,0.517872146573066,0.7503418582393272,8.8,5.406017437722121,100,5.0
discovery,5,122,0.46297277379807156,0.8125602888474707,0.5384640330978893,0.7276545157439542,0.5195912182729348,0.7488809590198333,8.88,5.493112598509513,100,5.0
discovery,5,123,0.4684894003720501,0.8135843232357146,0.5393640824801058,0.729315283725542,0.5216454119530917,0.7503825436030853,8.92,5.400583792566823,100,5.0
discovery,5,124,0.4623998934317497,0.8116241924778603,0.5372257728733342,0.7349059779511226,0.5185193030129378,0.754085531582807,8.98,5.648212764658047,100,5.0
discovery,5,125,0.4661316308136999,0.8170925023312984,0.5382048721332162,0.7357046223079833,0.5201865618033371,0.7560515923138117,9.06,5.291230745457416,100,5.0
discovery,5,126,0.4696754299224738,0.8203450530052053,0.5400458058309051,0.735303047983353,0.5224532118537972,0.7565635492388162,9.14,5.209724142555611,100,5.0
discovery,5,127,0.4761312791494621,0.8134944310646419,0.5308065042058548,0.7441224925178647,0.5171376979417571,0.7614654771545591,9.16,5.166180640309168,100,5.0
discovery,5,128,0.477708999458756,0.8158379512318293,0.5315681748880173,0.7437315540068424,0.5181033810307017,0.7617581533130895,9.22,5.708438933915294,100,5.0
discovery,5,129,0.47894761479234593,0.8180058593175211,0.5354429807158628,0.7420604561719615,0.5213191392349836,0.7610468069583516,9.24,5.8890144560001465,100,5.0
discovery,5,130,0.4773799761586773,0.8134449092805697,0.5354374722172095,0.7396191266046308,0.5209230982025764,0.7580755722736155,9.28,5.876101958061823,100,5.0
discovery,5,131,0.47501975980906985,0.8164319334027779,0.541750621255317,0.7358259858724102,0.5250679058937553,0.7559774727550019,9.32,5.979523320119946,100,5.0
discovery,5,132,0.4669326908688642,0.8182073098665908,0.536743255066908,0.7372994757528133,0.519290614017397,0.757526434281258,9.44,6.487764730004947,100,5.0
discovery,5,133,0.4551676474902323,0.8276141901562074,0.5294752756323591,0.741772647153751,0.5108983685968276,0.763233032904365,9.52,6.905398389115996,100,5.0
discovery,5,134,0.4402457947767697,0.8346568692773613,0.5228116230887085,0.747205691764043,0.5021701660107235,0.7690684861423724,9.58,6.8475674594802705,100,5.0
discovery,5,135,0.42127300444305077,0.843484888417821,0.5202875023192924,0.7491933145163298,0.4955338778502316,0.7727662079917027,9.6,7.095863306224406,100,5.0
discovery,5,136,0.42939245916697233,0.8419330925148494,0.5168571697010501,0.7518909651635041,0.4949909920675307,0.7744014970013403,9.7,7.137867685575776,100,5.0
discovery,5,137,0.42971150725802404,0.8403984326307911,0.5207969121821814,0.7531104553931857,0.49802556095114225,0.774932449702587,9.72,6.602981876752468,100,5.0
discovery,5,138,0.4315969112386478,0.8420015963327667,0.5247536322256829,0.7545107384479502,0.5014644519789244,0.7763834529191547,9.8,5.38043000695492,100,5.0
discovery,5,139,0.4484928537720808,0.8304879682747317,0.5256507166868303,0.7538864795938525,0.5063612509581428,0.7730368517640721,9.76,4.621415124063468,100,5.0
discovery,5,140,0.4462687392101829,0.8324542990566579,0.5250803956875378,0.7524782562756824,0.5053774815681991,0.7724722669709264,9.8,4.8965891430052135,100,5.0
discovery,5,141,0.43856914251993473,0.8271565661581876,0.5222639877048468,0.753715339178397,0.5013402764086188,0.7720756459233447,9.82,4.941357758315129,100,5.0
discovery,5,142,0.42945451255121936,0.8305081355402831,0.5180648467371207,0.7544454754475046,0.49591226319064546,0.7734611404706989,9.86,5.157826474501552,100,5.0
discovery,5,143,0.4375437193196159,0.827518476197776,0.5205455838385262,0.7534227672265197,0.4997951177087985,0.7719466944693333,9.9,5.521166656993745,100,5.0
discovery,5,144,0.43930264668677305,0.8209173602093727,0.5279348438524983,0.7515003698949256,0.5057767945610671,0.7688546174735371,9.92,5.377349193580323,100,5.0
discovery,5,145,0.4564142350076844,0.8166867848899014,0.5342608342045739,0.7515941167543131,0.5147991844053512,0.7678672837882107,9.96,4.940960391343798,100,5.0
discovery,5,146,0.46887528587237043,0.8130048376243928,0.5387441683121446,0.7496757593345259,0.5212769477022009,0.7655080289069928,10.02,5.153722974555257,100,5.0
discovery,5,147,0.46848790128691403,0.8095937066356904,0.5401195569074009,0.7493255751496669,0.5222116430022793,0.7643926080211725,10.06,5.251434000665917,100,5.0
discovery,5,148,0.46554104798851575,0.8060939549855012,0.5431139769728603,0.7449823820330804,0.5237207447267743,0.7602602752711854,10.12,5.761477270895155,100,5.0
discovery,5,149,0.4672823959308877,0.8033915822210277,0.5433190913387692,0.7457130174481384,0.524309917486799,0.7601326586413609,10.16,5.372554522912373,100,5.0
discovery,5,150,0.48751516396058553,0.803973566831865,0.5397521796524467,0.7513076809212409,0.5266929257294815,0.7644741523988974,10.26,4.874655077399972,100,5.0
discovery,5,151,0.4900865294326968,0.7982057012486975,0.5316509215137455,0.7599717345671,0.5212598234934837,0.7695302262374993,10.42,5.0672427448634725,100,5.0
discovery,5,152,0.49327510678609676,0.7977667461027207,0.530254309718512,0.7597790820890317,0.5210095089854081,0.769275998092454,10.48,5.2366891400951285,100,5.0
discovery,5,153,0.4909140728203212,0.7981608479524706,0.5321746306038366,0.7544842124035406,0.5218594911579578,0.7654033712907732,10.52,5.3882623416919095,100,5.0
discovery,5,154,0.49543837587030554,0.795320178591415,0.5311407579108558,0.7499776398464145,0.5222151624007183,0.7613132745326645,10.54,5.673525437417205,100,5.0
discovery,5,155,0.5020198902162546,0.7923700779780567,0.5271581379532682,0.7514253664216229,0.5208735760190146,0.7616615443107313,10.62,6.14394924236439,100,5.0
discovery,5,156,0.5097613775849971,0.7801844898153125,0.5194624550403751,0.7561900214462639,0.5170371856765306,0.7621886385385261,10.74,6.306986015420511,100,5.0
discovery,5,157,0.5171131921964061,0.7719683941363387,0.5129939642490658,0.7581635253029012,0.5140237712359008,0.7616147425112604,10.9,6.901801674990734,100,5.0
discovery,5,158,0.5341757808785915,0.7691100938562925,0.5101905028969285,0.760081301526316,0.5161868223923443,0.7623384996088105,11.16,7.191829242799474,100,5.0
discovery,5,159,0.5446360319243799,0.7693626092561567,0.5117538862068693,0.755970935957585,0.5199744226362465,0.7593188542822282,11.3,7.62503066990162,100,5.0
discovery,5,160,0.5440498005565915,0.7711063678539726,0.5151553755161695,0.7513491885019983,0.5223789817762752,0.7562884833399919,11.58,7.871317920252547,100,5.0
discovery,5,161,0.5262672579706436,0.7848088228559554,0.5231093883682859,0.7432960388788796,0.5238988557688754,0.753674234873148,11.84,7.764395120781458,100,5.0
discovery,5,162,0.4982169225382478,0.8015870147601042,0.5276787130556522,0.7408831457176197,0.5203132654263012,0.7560591129782409,12.22,7.770241427554306,100,5.0
discovery,5,163,0.48669906964757986,0.8109796682610857,0.5252086664264627,0.747033136456483,0.515581267231742,0.7630197694076334,12.62,8.25858292518119,100,5.0
discovery,5,164,0.49459379728177105,0.8119301960071845,0.5252541182763327,0.7532017529958214,0.5175890380276921,0.7678838637486625,13.0,8.37628052801939,100,5.0
discovery,5,165,0.5034311227176506,0.8061709750197834,0.5292117700520593,0.7606893501052098,0.5227666082184572,0.772059756333853,13.38,8.67019157515772,100,5.0
discovery,5,166,0.49985094583872935,0.801188183161939,0.5356056080759528,0.7645831907868592,0.5266669425166468,0.773734438880629,13.86,8.366967586508645,100,5.0
discovery,5,167,0.4923934879730379,0.8074590472056792,0.5411728925259379,0.7625896902193813,0.528978041387713,0.7738070294659559,14.08,8.218847830646496,100,5.0
discovery,5,168,0.4836276477327718,0.812786998507304,0.5380992197507833,0.7667373786207183,0.5244813267462805,0.7782497835923649,14.38,8.179194733362419,100,5.0
discovery,5,169,0.4685195172093415,0.8217062136437151,0.5371007824582262,0.7692933908750952,0.519955466146005,0.7823965965672498,14.82,8.354662345116846,100,5.0
discovery,5,170,0.4560980301176414,0.826998571683379,0.5376829820018177,0.7683829764873688,0.5172867440307737,0.7830368752863711,15.16,7.988619466223985,100,5.0
discovery,5,171,0.45285965818706797,0.8236115206943321,0.5430285438233824,0.7676736606049127,0.5204863224143037,0.7816581256272674,15.48,7.810532560553167,100,5.0
discovery,5,172,0.4473496297146262,0.8248163206634267,0.541257389827618,0.7711104040790268,0.5177804497993703,0.7845368832251267,15.82,7.290136257071683,100,5.0
discovery,5,173,0.4389548809593671,0.8350689830141859,0.540914070769886,0.770800343242553,0.515424273317256,0.7868675031854615,16.0,7.30895328541877,100,5.0
discovery,5,174,0.42923085927495536,0.8449374234506031,0.5365323516240698,0.7728663668358359,0.5097069785367911,0.7908841309895274,16.16,7.532355049883913,100,5.0
discovery,5,175,0.4242366769064907,0.8524983142745828,0.5307471455153645,0.7728217933769383,0.504119528363146,0.7927409236013496,16.28,7.886246948160841,100,5.0
discovery,5,176,0.42369728744910695,0.8551368195053931,0.5294887326018851,0.7709648889813953,0.5030408713136905,0.7920078716123946,16.42,8.28600734678087,100,5.0
discovery,5,177,0.43430546398627234,0.8538332108642871,0.5283469660956238,0.7748713350306904,0.5048365905682862,0.7946118039890895,16.68,8.552886889472813,100,5.0
discovery,5,178,0.44622677724996246,0.8519288425299552,0.5330202571310148,0.7746351065022687,0.5113218871607519,0.7939585405091905,16.8,8.634041246781239,100,5.0
discovery,5,179,0.45650422655832446,0.8469427054210317,0.5400741959468373,0.7764431192366417,0.5191817035997092,0.7940680157827386,16.88,8.521737470553273,100,5.0
discovery,5,180,0.4555183726316846,0.8464486926812459,0.5464953516889777,0.7734989936986403,0.5237511069246543,0.7917364184442914,16.96,8.19054026043955,100,5.0
discovery,5,181,0.444723230906501,0.852235992740902,0.5515722225390487,0.77271887214783,0.5248599746309118,0.7925981522960983,17.12,8.372423065018257,100,5.0
discovery,5,182,0.44295247658400716,0.8489996809969437,0.5510465750173993,0.7727542799894423,0.524023050409051,0.7918156302413175,16.98,8.638326161961789,100,5.0
discovery,5,183,0.45145576123551884,0.8536262251412129,0.5589774179806736,0.7669699696196276,0.5320970037943848,0.7886340335000243,17.16,8.119983659223248,100,5.0
discovery,5,184,0.4515468653507231,0.854873235960762,0.5683555818546833,0.758265589060001,0.5391534027286932,0.7824175007851912,17.3,7.773766268981154,100,5.0
discovery,5,185,0.4540858430338368,0.8513630308683411,0.5715214342358131,0.7571470284479296,0.542162536435319,0.7807010290530322,17.4,7.506449488485478,100,5.0
discovery,5,186,0.44217182763434026,0.8566712379000841,0.5712818894728414,0.757617780258223,0.5390043740132161,0.7823811446686879,17.26,7.357709683173355,100,5.0
discovery,5,187,0.43335396104033785,0.8609915238302664,0.57417644507206,0.7561350915814493,0.5389708240641291,0.7823491996436536,17.14,7.385832329207854,100,5.0
discovery,5,188,0.4304707543126536,0.8609733324535246,0.5716315876875034,0.7613486145528052,0.5363413793437908,0.7862547940279854,16.9,7.072570283943345,100,5.0
discovery,5,189,0.4455672466680784,0.8549155296956357,0.5744478927650508,0.768151197063993,0.5422277312408075,0.7898422802219032,16.9,6.0468948962743045,100,5.0
discovery,5,190,0.4514953156410232,0.8528485310128587,0.5766417193108648,0.772207970881835,0.5453551183934042,0.7923681109145906,16.88,5.774223238976714,100,5.0
discovery,5,191,0.4605495030103207,0.8487729241266946,0.5839412284114053,0.7698955787399949,0.5530932970611342,0.7896149150866703,16.82,5.7160657444664995,100,5.0
discovery,5,192,0.4650591859929953,0.8416258962280314,0.589334619955667,0.7667884503441533,0.5582657614649991,0.7854978118151229,16.92,5.825718683717275,100,5.0
discovery,5,193,0.4605319426831091,0.846415456301735,0.5876140844547684,0.7683120773563858,0.5558435490118536,0.7878379220927235,17.0,6.08846891701294,100,5.0
discovery,5,194,0.4679859542377537,0.8434679431555415,0.5859057741045609,0.7709207993077901,0.5564258191378593,0.7890575852697279,17.12,6.339904379989405,100,5.0
discovery,5,195,0.4604796694695443,0.8481100598192374,0.5850891973620054,0.7688945467714948,0.55393681538889,0.7886984250334302,17.18,6.830556589044672,100,5.0
discovery,5,196,0.45156839233170176,0.8518485620141918,0.5820833344093839,0.7720383664235462,0.5494545988899633,0.7919909153212075,17.14,6.604054356218085,100,5.0
discovery,5,197,0.4479659989390779,0.848562553172912,0.5817765260259331,0.7735709265128795,0.5483238942542195,0.7923188331778874,16.98,6.700227796056472,100,5.0
discovery,5,198,0.4565139563020402,0.8458437436752689,0.5770933769223496,0.7774880821638942,0.5469485217672722,0.794576997541738,17.08,6.458586778978525,100,5.0
discovery,5,199,0.47405857229436266,0.8404469417477037,0.5767529265643525,0.7782557264870752,0.5510793379968553,0.7938035303022329,17.08,6.4833892006558065,100,5.0
discovery,5,200,0.4916643622227906,0.8294902123381713,0.5774729524968527,0.7773742786929485,0.5560208049283368,0.7904032621042542,17.06,6.406373198484881,100,5.0
discovery,6,0,-0.025507393270057868,-0.008356683619779348,0.08762177466727855,-0.10764261675098907,0.05933948268294449,-0.08282113346818662,0.0,0.0,100,5.0
discovery,6,1,-0.01753912678537266,0.004331062999701674,0.09125065585491343,-0.10965241191407393,0.0640532101948419,-0.08115654318563005,1.42,92.56012167638875,100,5.0
discovery,6,2,-0.007029192054535445,-0.007765709483177919,0.08985585294235823,-0.11989653536254342,0.06563459169313479,-0.09186382889270207,1.44,80.10475693221574,100,5.0
discovery,6,3,0.00894653453931196,-0.019729715338021894,0.08955133875784162,-0.13152231834577996,0.0694001377032092,-0.10357416759384043,1.56,75.1333106615994,100,5.0
discovery,6,4,0.02654450470579675,-0.029410384552812117,0.08889536067220509,-0.14765978703803773,0.07330764668060304,-0.11809743641673132,1.5,70.91490107788616,100,5.0
discovery,6,5,0.036619721918802195,-0.03165868713143289,0.09178035803436395,-0.15494793081716243,0.07799019900547353,-0.12412561989573001,1.76,71.33280904564442,100,5.0
discovery,6,6,0.043680608813025275,-0.04102388000813388,0.08769420048250856,-0.171289445517213,0.07669080256513774,-0.1387230541399432,1.86,68.03311049730802,100,5.0
discovery,6,7,0.07361596388032693,-0.04235683060368268,0.0972215520291542,-0.18020389069050305,0.09132015499194734,-0.14574212566879793,2.04,71.17075990910166,100,5.0
discovery,6,8,0.09258266120870041,-0.03976584788513796,0.10238190833787653,-0.19051517272210783,0.0999320965555825,-0.15282784151286544,2.16,68.12370706539551,100,5.0
discovery,6,9,0.10497810609126507,-0.04498024950619383,0.1051609929983821,-0.19504766891404487,0.1051152712716029,-0.15753081406208222,2.16,62.297079883722546,100,5.0
discovery,6,10,0.09403673522530967,-0.06463647478267592,0.1019935994132245,-0.20120784690830487,0.10000438336624576,-0.1670650038768977,2.1,58.74545929952785,100,5.0
discovery,6,11,0.08636779586658029,-0.07663346742012202,0.10301717695235788,-0.20982344427225888,0.09885483168091344,-0.17652595005922464,2.2,56.668493280331695,100,5.0
discovery,6,12,0.07020820461101547,-0.08016340902591529,0.10997404321532722,-0.2267624123213183,0.10003258356424928,-0.1901126614974675,2.16,47.35775565976555,100,5.0
discovery,6,13,0.05523587452198923,-0.08739179626984858,0.11009500691503869,-0.24398504679634958,0.0963802238167763,-0.20483673416472425,2.34,51.90899642333344,100,5.0
discovery,6,14,0.023179908601720013,-0.09248759344712001,0.1140279225619823,-0.25329313184271934,0.09131591907191662,-0.21309174724381952,2.4,48.22742501799628,100,5.0
discovery,6,15,0.007947540701079414,-0.09064850122166077,0.11624350215553614,-0.2671342400102895,0.089169511791922,-0.22301280531313247,2.52,46.05297708261517,100,5.0
discovery,6,16,0.003468326734594034,-0.09618259270199735,0.11195565285951285,-0.2673117093594345,0.08483382132828314,-0.22452943019507515,2.56,48.92226440304093,100,5.0
discovery,6,17,0.007543697623779978,-0.10502923043298963,0.10280567382680994,-0.265028058240065,0.07899017977605244,-0.22502835128829607,2.52,50.04583932177933,100,5.0
discovery,6,18,0.01344030621393402,-0.12038536000136242,0.11159791460039903,-0.2647732170077553,0.08705851250378281,-0.22867625275615708,2.58,49.75988633406713,100,5.0
discovery,6,19,0.014960967432952863,-0.13844164731401246,0.11325549036540994,-0.2545969961558449,0.08868185963229568,-0.22555815894538675,2.38,42.676224380318494,100,5.0
discovery,6,20,0.015118172837454926,-0.15847671288915977,0.11954671283285666,-0.24632673357765938,0.09343957783400628,-0.22436422840553447,2.46,44.843075858907234,100,5.0
discovery,6,21,0.02637911004572061,-0.17336971327215045,0.12604456696151242,-0.2435868847158094,0.10112820273256443,-0.22603259185489455,2.46,39.80187744902051,100,5.0
discovery,6,22,0.027346708058217605,-0.17250486425688252,0.14341114525656543,-0.243664339792906,0.11439503595697854,-0.22587447090890006,2.52,36.139119708756574,100,5.0
discovery,6,23,0.03185676499969739,-0.18905079892426646,0.15778655256619814,-0.23488461637824376,0.12630410567457295,-0.2234261620147494,2.76,33.89601843790341,100,5.0
discovery,6,24,0.029908785059026347,-0.1956856005314336,0.16520790596561852,-0.23454187616609568,0.1313831257389704,-0.22482780725743023,2.78,32.67151695997709,100,5.0
discovery,6,25,0.03377255056298841,-0.20334937443472995,0.1769157454600502,-0.23390180852126033,0.1411299467357848,-0.2262636999996277,2.92,30.5426349548128,100,5.0
discovery,6,26,0.025808513243079832,-0.2103989316126967,0.17856680416201876,-0.23246906663430006,0.14037723143228403,-0.2269515328788992,3.0,33.9595809818155,100,5.0
discovery,6,27,0.007515673042881872,-0.22755537998311814,0.1857464878844117,-0.2315805779406,0.14118878417402927,-0.23057427845122958,3.18,37.14429125454854,100,5.0
discovery,6,28,-0.006784557639303901,-0.2370281894353112,0.1928135285553198,-0.2326086314424215,0.14291400700666393,-0.23371352094064382,3.48,38.35907920424936,100,5.0
discovery,6,29,-0.020115965465959566,-0.23227286019714247,0.20489645621750113,-0.23110113078238015,0.14864335079663601,-0.2313940631360707,3.66,40.48685867549187,100,5.0
discovery,6,30,-0.045078675139564754,-0.2117246392052198,0.2102869095018806,-0.22939515039906605,0.1464455133415192,-0.22497752260060447,3.58,37.421874353949626,100,5.0
discovery,6,31,-0.06222335287372076,-0.17807436777565896,0.2043398293000422,-0.22946719578374047,0.13769903375660145,-0.21661898878172003,3.6,36.42502964052827,100,5.0
discovery,6,32,-0.08418803248574816,-0.1593273669264396,0.20078434069591566,-0.2367925385294336,0.12954124740049977,-0.21742624562868518,3.52,32.26056662533291,100,5.0
discovery,6,33,-0.10214915009182304,-0.14353864836916708,0.19769964388424832,-0.2546361171821736,0.12273744539023042,-0.22686174997892197,3.5,31.389345964836508,100,5.0
discovery,6,34,-0.09527494553938684,-0.15383963362007713,0.2016041600319795,-0.263492920499687,0.12738438363913787,-0.23607959877978446,3.46,32.369773429608784,100,5.0
discovery,6,35,-0.08189091987613539,-0.1582042712421706,0.20806905563385683,-0.27188956235266315,0.13557906175635878,-0.24346823957504016,3.5,29.947609156624015,100,5.0
discovery,6,36,-0.07490714299179316,-0.15788568988599044,0.20763118483787907,-0.289936788516253,0.136996602880461,-0.2569240138586874,3.36,29.823808178963496,100,5.0
discovery,6,37,-0.06936185594544306,-0.14494535564743954,0.2182876588976785,-0.29594497701251427,0.14637528018689808,-0.25819507167124556,3.4,27.879424091529856,100,5.0
discovery,6,38,-0.06130925562008743,-0.13862326859459517,0.21970790822942518,-0.31112474432528686,0.14945361726704712,-0.26799937539261387,3.24,21.521883704376478,100,5.0
discovery,6,39,-0.05481741565608325,-0.1452905221429256,0.2187790004482873,-0.3227308548164497,0.15037989642219457,-0.27837077164806856,3.24,20.506846916261424,100,5.0
discovery,6,40,-0.0516827666853732,-0.14843982260154948,0.21514645982935762,-0.3333267401896467,0.14843915320067494,-0.28710501079262235,3.62,23.498572284270022,100,5.0
discovery,6,41,-0.05432197032377464,-0.1511972093353546,0.21040364782181556,-0.3432554503697554,0.14422224328541786,-0.29524089011115523,3.88,27.908402588029777,100,5.0
discovery,6,42,-0.05594229047225028,-0.1438272745938908,0.2089640847458132,-0.35546676210238276,0.14273749094129745,-0.30255689022525967,4.38,29.396357413596405,100,5.0
discovery,6,43,-0.05720335374813415,-0.14216596558089803,0.20105157510367358,-0.36832324872285066,0.13648784289072158,-0.3117839279373625,4.56,29.465782482365068,100,5.0
discovery,6,44,-0.05558605392625182,-0.13141568854657007,0.20141413537594077,-0.3849609882778691,0.13716408805039262,-0.32157466334504436,4.94,31.933239659624178,100,5.0
discovery,6,45,-0.04987284195695242,-0.1325635301162574,0.1926406391219945,-0.39650330261595024,0.1320122688522577,-0.33051835949102704,4.86,31.328496797418577,100,5.0
discovery,6,46,-0.05555319845705522,-0.12621589640268416,0.18376273394066125,-0.41292332646774504,0.12393375084123213,-0.34124646895148,4.96,29.861241576023076,100,5.0
discovery,6,47,-0.05360444100635022,-0.13121240704230105,0.1795355116354253,-0.42282973026641063,0.12125052347498148,-0.34992539946038337,5.04,28.12884593230625,100,5.0
discovery,6,48,-0.04155543665438013,-0.1392337140537883,0.1751997232279532,-0.4340116242086094,0.1210109332573699,-0.36031714666990416,5.0,26.426244221264888,100,5.0
discovery,6,49,-0.03821301936259293,-0.1501209919415594,0.177578919924438,-0.4421195946057107,0.12363093510268035,-0.3691199439396728,5.02,23.869951006420067,100,5.0
discovery,6,50,-0.027189928540529706,-0.16965715587597166,0.18405145961700456,-0.45097790554009026,0.131241112577621,-0.3806477181240605,5.02,22.103901131826056,100,5.0
discovery,6,51,-0.021049876568358973,-0.16992733537940632,0.18861836307814553,-0.4567500645694572,0.13620130316651946,-0.3850443822719445,5.02,20.906111278748668,100,5.0
discovery,6,52,-0.01217159617452368,-0.1673202789546282,0.1929308835704342,-0.4695647908417313,0.14165526363419473,-0.3940036628699554,5.24,24.419892633550848,100,5.0
discovery,6,53,-0.0006914945397035144,-0.16958436827405998,0.19374882487299785,-0.47768250372944976,0.14513874501982243,-0.40065796986560215,5.5,22.836874136326436,100,5.0
discovery,6,54,0.008581968047127474,-0.17768163194621667,0.18708771628868087,-0.4826648780626319,0.14246127922829255,-0.406419066533528,5.54,23.042821534638723,100,5.0
discovery,6,55,0.012416891530525142,-0.1841396207845035,0.18896936138312828,-0.49268330727942755,0.14483124391997745,-0.41554738565569643,5.6,22.358971296786326,100,5.0
discovery,6,56,0.015444924315640231,-0.19061276516609799,0.1861419250418091,-0.5032887760683267,0.14346767486026687,-0.4251197733427695,5.7,22.84867060152299,100,5.0
discovery,6,57,0.026192627989691294,-0.19790946868154968,0.1730461600622492,-0.5145081939949917,0.13633277704410973,-0.4353585126666312,5.6,21.542913207198023,100,5.0
discovery,6,58,0.03738556830307829,-0.21138013216195695,0.17104920085883316,-0.5153907832060611,0.1376332927198945,-0.43938812044503517,5.68,19.408083420011405,100,5.0
discovery,6,59,0.04532948414699346,-0.22310063664783109,0.15725683885344413,-0.5095597898507772,0.12927500017683147,-0.43794500155004074,5.82,19.637891599914212,100,5.0
discovery,6,60,0.06072676548606845,-0.22694322649089563,0.1443589758989187,-0.5133444449577333,0.12345092329570613,-0.4417441403410238,5.7,17.523687315279098,100,5.0
discovery,6,61,0.06824035252588724,-0.23351945137803395,0.1346018233195919,-0.5137492417947668,0.11801145562116576,-0.4436917941905836,5.46,16.162234384863112,100,5.0
discovery,6,62,0.05884724404405798,-0.2552617906769629,0.1283785443981266,-0.5214878046467313,0.11099571930960943,-0.45493130115428926,5.44,17.916276202406433,100,5.0
discovery,6,63,0.04433391756238015,-0.28198575454856084,0.1167217723967738,-0.5329207986324775,0.09862480868817533,-0.47018703761149844,5.42,20.031357407340742,100,5.0
discovery,6,64,0.026670417717844418,-0.2912949500542531,0.1046159503989146,-0.5485080688555536,0.08512956722864706,-0.4842047891552284,5.42,21.14477865546934,100,5.0
discovery,6,65,0.02171141410257351,-0.29818923716697404,0.09707781478622146,-0.5634506390668669,0.07823621461530945,-0.4971352885918936,5.64,22.864229952427813,100,5.0
discovery,6,66,0.02354491710350968,-0.3182212688382113,0.08612519831706439,-0.5759295489982577,0.07048012801367574,-0.511502478958246,5.82,22.752659992103172,100,5.0
discovery,6,67,0.021160260951204858,-0.31676911822635206,0.08901196155438026,-0.5894694008688444,0.07204903640358644,-0.5212943302082212,5.7,20.929225024779054,100,5.0
discovery,6,68,0.014040776990915538,-0.32334325889288557,0.09366629294074892,-0.6028082056245594,0.0737599139532906,-0.5329419689416408,5.48,20.239073263113664,100,5.0
discovery,6,69,-0.0008603057703485328,-0.34150965083550916,0.0872328109509762,-0.6121296287773839,0.06520953177064502,-0.5444746342919154,5.36,19.19045883761449,100,5.0
discovery,6,70,0.0039254376833443684,-0.35646619808727287,0.08167953380950291,-0.6213589215858747,0.06224100977796329,-0.5551357407112243,5.26,17.213840760378925,100,5.0
discovery,6,71,-0.0023994869454922706,-0.36037792055395884,0.07579979756709729,-0.6280433882810837,0.05624997643894991,-0.5611270213493027,5.14,16.65333909947519,100,5.0
discovery,6,72,0.001582954882243346,-0.3555670567104056,0.07205618253051838,-0.6320387770855255,0.0544378756184496,-0.5629208469917453,5.26,17.41228056369591,100,5.0
discovery,6,73,-0.00989336372604082,-0.3629491209166779,0.05735580215271363,-0.6420411214059717,0.04054351068302501,-0.572268121283648,5.22,15.676919173124176,100,5.0
discovery,6,74,-0.02535315817131819,-0.37101636570821406,0.05234580547358781,-0.6496853383019883,0.03292106456236133,-0.5800180951535444,5.3,15.026703525653682,100,5.0
discovery,6,75,-0.04976900395349085,-0.3962392362799161,0.044188576838056846,-0.6581634038822437,0.020699181640169942,-0.5926823619816617,5.34,14.018351485914911,100,5.0
discovery,6,76,-0.055454801441582574,-0.40726885397749163,0.03773725782497579,-0.661176060275988,0.014439243008336211,-0.5976992587013639,5.24,10.770862102770732,100,5.0
discovery,6,77,-0.05654398552688513,-0.4083464251165988,0.03405618250360265,-0.6687161712797883,0.011406140495980684,-0.6036237347389911,5.12,11.59796291764321,100,5.0
discovery,6,78,-0.04200631733196662,-0.4097560868329899,0.03836631031657131,-0.6658108602283794,0.018273153404436835,-0.6017971668795319,5.08,13.292995625701026,100,5.0
discovery,6,79,-0.03805346146390554,-0.41209607161135126,0.038512210603002,-0.6640646073273894,0.019370792586275103,-0.6010724733983799,5.28,16.638301111955673,100,5.0
discovery,6,80,-0.02537811559511674,-0.41500971544850657,0.03338345984939849,-0.6645615947567634,0.018693065988269694,-0.602173624929699,5.46,16.218707725720677,100,5.0
discovery,6,81,-0.023283243515515428,-0.4216649260759961,0.027544191388500044,-0.6640646970436345,0.014837332662496195,-0.6034647543017251,5.6,15.223603972805858,100,5.0
discovery,6,82,-0.03708316700104188,-0.42734232974506897,0.025822012601242415,-0.666616430336255,0.010095717700671334,-0.6067979051884583,5.84,15.40961074320765,100,5.0
discovery,6,83,-0.046710554596329744,-0.4322327420011387,0.023304223667205477,-0.6672831959798234,0.005800529101321679,-0.6085205824851524,5.9,15.678673243252506,100,5.0
discovery,6,84,-0.0399982786266929,-0.4340021187315737,0.01980199128421109,-0.6724928827654569,0.0048519238064851115,-0.6128701917569862,6.02,14.151737258284435,100,5.0
discovery,6,85,-0.04921427304739605,-0.4438267671311275,0.008429392112707695,-0.6824111270842536,-0.005981524177318239,-0.6227650370959721,5.96,14.860364845854036,100,5.0
discovery,6,86,-0.0507334801004332,-0.4525044466742291,0.006583035136611821,-0.6901768041849469,-0.007746093672649428,-0.6307587148072674,6.0,17.975887996399166,100,5.0
discovery,6,87,-0.06139181684367649,-0.46086948438810366,-0.004018304240927355,-0.7036103947511709,-0.018361682391614623,-0.6429251671604042,5.98,19.93864061409036,100,5.0
discovery,6,88,-0.08253753717396313,-0.48818877352497686,-0.0024327067047085673,-0.7129262123280902,-0.022458914322022187,-0.6567418526273116,5.96,19.93062349267346,100,5.0
discovery,6,89,-0.10175849880990608,-0.49892379438577905,-0.006866469919734585,-0.7211921633080496,-0.03058947714227747,-0.665625071077482,5.94,18.044119183424776,100,5.0
discovery,6,90,-0.11312858795432902,-0.5094963776737994,-0.010875976577169964,-0.7280102827384118,-0.036439129421459715,-0.6733818064722584,5.8,16.639788476419263,100,5.0
discovery,6,91,-0.12758557609326118,-0.5137769142454907,-0.015749113692846737,-0.7302119194603159,-0.04370822929295032,-0.6761031681566096,5.68,14.047484074919243,100,5.0
discovery,6,92,-0.1274371414177316,-0.5220884760420885,-0.02835213447477368,-0.7275479301557636,-0.053123386210513164,-0.6761830666273447,5.78,13.174774530860837,100,5.0
discovery,6,93,-0.11388609439178364,-0.5305229682968847,-0.04042493995282403,-0.7256285300963424,-0.05879022856256391,-0.6768521396464781,5.86,11.914644492612721,100,5.0
discovery,6,94,-0.11516985196471184,-0.5447380932043323,-0.04988697644548598,-0.720607762734656,-0.06620769532529244,-0.6766403453520747,5.88,11.26018630595964,100,5.0
discovery,6,95,-0.11988324442393834,-0.5575331860540027,-0.054685169315595486,-0.7202312282193063,-0.0709846880926812,-0.6795567176779802,5.96,12.445393826377906,100,5.0
discovery,6,96,-0.11501488588759785,-0.5678506094913848,-0.061370925870762365,-0.7234690209798753,-0.07478191587497127,-0.6845644181077526,5.94,11.124139786890636,100,5.0
discovery,6,97,-0.11282456642927459,-0.5827843239177676,-0.0622198267465902,-0.7256546149271307,-0.07487101166726129,-0.6899370421747897,5.9,11.371517941778514,100,5.0
discovery,6,98,-0.11936587516787035,-0.5940264353578699,-0.06998095886934198,-0.7283879259305907,-0.08232718794397409,-0.6947975532874104,5.96,10.58960878561973,100,5.0
discovery,6,99,-0.11197146668227555,-0.6014682070098916,-0.06701029049541464,-0.7267473982265404,-0.07825058454212987,-0.6954276004223783,5.88,9.801869727296582,100,5.0
discovery,6,100,-0.10503683486614039,-0.5983945235386615,-0.06766257135859317,-0.7256075213704385,-0.07700613723547996,-0.693804271912494,5.84,9.040208899288517,100,5.0
discovery,6,101,-0.09963544947859827,-0.5970594937344224,-0.06924268213387261,-0.7218034365317818,-0.07684087397005404,-0.6906174508324416,5.86,10.229703678334177,100,5.0
discovery,6,102,-0.10033147581951786,-0.5820784580890931,-0.06342798971108747,-0.7170743167534105,-0.07265386123819509,-0.6833253520873315,5.84,8.536337455017486,100,5.0
discovery,6,103,-0.11005217063321762,-0.5725683527402331,-0.06097448994745312,-0.7066550517540334,-0.07324391011889428,-0.6731333770005834,6.0,9.350187854022828,100,5.0
discovery,6,104,-0.10588542792660335,-0.5637674944962776,-0.05774769992908981,-0.7051989429851123,-0.06978213192846824,-0.6698410808629035,6.02,9.757834254081343,100,5.0
discovery,6,105,-0.11214451968897848,-0.5572506152087451,-0.05941186448888693,-0.7014796023089687,-0.07259502828890982,-0.6654223555339129,6.1,9.223327256875386,100,5.0
discovery,6,106,-0.1042701039814882,-0.5511379833339685,-0.054965092700219056,-0.6967134121625402,-0.06729134552053632,-0.6603195549553973,6.12,9.243737243188137,100,5.0
discovery,6,107,-0.08903773954757777,-0.5520218592116491,-0.05758816574619177,-0.6982942789181158,-0.06545055919653825,-0.661726173991499,6.2,8.857117944953535,100,5.0
discovery,6,108,-0.07240628582798958,-0.5553202434023055,-0.06583906337242389,-0.7002921856923464,-0.06748086898631532,-0.664049200119836,6.32,9.272494250207144,100,5.0
discovery,6,109,-0.06931152948778692,-0.5569598194228584,-0.06976881124043026,-0.7028758664152132,-0.06965449080226944,-0.6663968546671244,6.52,9.448840418058174,100,5.0
discovery,6,110,-0.05251032679440086,-0.5684785421623713,-0.07476321322399997,-0.7077199692429254,-0.06919999161660022,-0.672909612472787,6.78,14.143419358631096,100,5.0
discovery,6,111,-0.03701763040179437,-0.5777750328509706,-0.0819796835844651,-0.7156000820278025,-0.07073917028879742,-0.6811438197335946,7.0,15.935912034318447,100,5.0
discovery,6,112,-0.0232319390032323,-0.5814224488089701,-0.08335731010125663,-0.7251441220390147,-0.0683259673267505,-0.6892137037315034,7.64,20.463965819027276,100,5.0
discovery,6,113,-0.017621220055436537,-0.5890490282803117,-0.08434465246635318,-0.7381550024351642,-0.06766379436362399,-0.7008785088964509,8.44,24.12289421410171,100,5.0
discovery,6,114,-0.010620487996289833,-0.604081455580988,-0.07877350625332208,-0.7513944989426709,-0.06173525168906397,-0.7145662381022503,9.14,25.538746014229588,100,5.0
discovery,6,115,0.0030467460478129714,-0.6124949287290155,-0.07825918689597439,-0.7622383739118668,-0.057932703660027535,-0.7248025126161538,9.88,26.246962186181694,100,5.0
discovery,6,116,5.085753435203344e-05,-0.6151209828080006,-0.08163135005685083,-0.7696266882204075,-0.06121079815905012,-0.7310002618673056,10.4,26.52068627895642,100,5.0
discovery,6,117,-0.007319969838052404,-0.6283001643226371,-0.08925129222548742,-0.7752489438094917,-0.06876846162862871,-0.7385117489377783,10.64,26.73571520651817,100,5.0
discovery,6,118,-0.00792149124306607,-0.6484534805559548,-0.09651853732546312,-0.7793726171265215,-0.07436927580486387,-0.7466428329838796,10.6,23.94304470996114,100,5.0
discovery,6,119,-0.0023942360604328615,-0.6634839877824495,-0.10779470851469848,-0.7809786889348721,-0.08144459040113207,-0.751605013646766,10.32,20.205016211782812,100,5.0
discovery,6,120,-0.006573539128180945,-0.6729612827064719,-0.12092929894108498,-0.7827576668460084,-0.09234035898785897,-0.7553085708111241,10.22,18.20236708668678,100,5.0
discovery,6,121,0.0037233539268882003,-0.6856500503102949,-0.13934808095195586,-0.7879379742923066,-0.10358022223224486,-0.7623659932968035,9.94,17.085533207313745,100,5.0
discovery,6,122,0.006390977608909183,-0.7098197614700268,-0.1671663936784147,-0.7910754569932316,-0.12377705085658368,-0.7707615331124308,9.6,15.009104102982675,100,5.0
discovery,6,123,0.011550777619181232,-0.7293025531297591,-0.18352298281403276,-0.7931441047194991,-0.13475454270572926,-0.7771837168220643,9.06,12.950048060192374,100,5.0
discovery,6,124,0.016653246319649696,-0.7489996812650003,-0.19110599205066733,-0.7994297213429633,-0.13916618245808807,-0.7868222113234725,8.98,14.31880889443475,100,5.0
discovery,6,125,0.012833632808374764,-0.7661319768653925,-0.1945654898915614,-0.8074136606339929,-0.14271570921657736,-0.7970932396918426,8.7,14.466639717351718,100,5.0
discovery,6,126,0.0034377956840484615,-0.777670418495696,-0.19802839804780448,-0.8179972340287471,-0.1476618496148413,-0.8079155301454845,8.42,12.798115143941295,100,5.0
discovery,6,127,-0.004041219822050424,-0.7874302097500661,-0.1906964975509361,-0.8287092341973072,-0.14403267811871473,-0.8183894780854969,8.2,11.013421704482486,100,5.0
discovery,6,128,-0.020402624916552713,-0.8083808607550103,-0.18953011660633498,-0.8371606215190319,-0.14724824368388942,-0.8299656813280265,7.92,8.926619743145046,100,5.0
discovery,6,129,-0.03660458845709788,-0.8259186719021864,-0.1866943309342927,-0.8389826667572381,-0.149171895314994,-0.8357166680434746,7.9,7.068280455301491,100,5.0
discovery,6,130,-0.043571199038387166,-0.8405568711433758,-0.18894549527564317,-0.8428101652716156,-0.15260192121632915,-0.8422468417395557,7.6,5.67847489813975,100,5.0
discovery,6,131,-0.042574136858181386,-0.8455899057786254,-0.1885278156050857,-0.8463983000984128,-0.15203939591835958,-0.8461962015184661,7.36,5.343665848352724,100,5.0
discovery,6,132,-0.03826234251186393,-0.8483748420121111,-0.18452252711454736,-0.8460904048603438,-0.1479574809638766,-0.8466615141482862,7.26,4.965597945172019,100,5.0
discovery,6,133,-0.038821916651597205,-0.8524377245294427,-0.17522930117747607,-0.8504643711074151,-0.14112745504600638,-0.8509577094629219,7.18,5.891268774928439,100,5.0
discovery,6,134,-0.05150414322838194,-0.8547739417075821,-0.18308806195362967,-0.8537567039100171,-0.15019208227231784,-0.8540110133594083,7.1,6.624682149424687,100,5.0
discovery,6,135,-0.06451469421484175,-0.8621452645161253,-0.17762958779598217,-0.8622545141823942,-0.14935086440069706,-0.8622272017658266,7.2,7.700654711954044,100,5.0
discovery,6,136,-0.07738904807327422,-0.872447519556462,-0.17704626866536552,-0.8695292028130504,-0.15213196351734268,-0.8702587819989032,7.32,8.171140649910251,100,5.0
discovery,6,137,-0.08238187102865256,-0.8773167594610893,-0.1872581266004943,-0.8707228099298275,-0.16103906270753376,-0.8723712973126432,7.5,8.836290324403112,100,5.0
discovery,6,138,-0.11173956607822572,-0.8765832504825931,-0.19119523302694597,-0.8733435895586293,-0.1713313162897659,-0.8741535047896204,7.58,8.647404392984894,100,5.0
discovery,6,139,-0.13348797170928176,-0.8736131616391818,-0.19744869114939698,-0.8741665489239151,-0.1814585112893682,-0.8740282021027319,7.72,8.68714295036927,100,5.0
discovery,6,140,-0.14746391890281918,-0.8741814488719558,-0.19753977429428027,-0.8763613999565903,-0.185020810446415,-0.8758164121854323,8.02,8.893865646516193,100,5.0
discovery,6,141,-0.1578724654914268,-0.8764147739775732,-0.2023034940181466,-0.8771233706711121,-0.19119573688646663,-0.8769462214977272,8.18,9.610636834886858,100,5.0
discovery,6,142,-0.17041405093310766,-0.8792437691707259,-0.20014607038477467,-0.8835836324115866,-0.19271306552185777,-0.8824986666013713,8.3,9.841734416734612,100,5.0
discovery,6,143,-0.18000523647017613,-0.879577778976512,-0.20886870179712336,-0.8836382538066478,-0.20165283546538645,-0.8826231350991139,8.44,9.716327796219142,100,5.0
discovery,6,144,-0.1810453124626924,-0.8832794928796247,-0.21929808144952484,-0.8833217074774745,-0.20973488920281663,-0.8833111538280121,8.42,9.585579173057482,100,5.0
discovery,6,145,-0.17021283980505242,-0.8927548411196732,-0.232364272033818,-0.8831277386866894,-0.21682641397662653,-0.8855345142949353,8.32,10.65899067989507,100,5.0
discovery,6,146,-0.1743848965435732,-0.9003068021690889,-0.23426766514549371,-0.8850852705525155,-0.21929697299501372,-0.8888906534566591,8.18,10.02704339060575,100,5.0
discovery,6,147,-0.18913468974450595,-0.9059757977809504,-0.22618738840959846,-0.8905908135370311,-0.21692421374332543,-0.8944370595980108,8.16,9.024478578498243,100,5.0
discovery,6,148,-0.19627016117037255,-0.9086815382687109,-0.21802591697654583,-0.8957992248974725,-0.21258697802500254,-0.8990198032402823,8.1,8.210219547009068,100,5.0
discovery,6,149,-0.20627702426706837,-0.9094204574774496,-0.21621364684612723,-0.9006452935425867,-0.21372949120136256,-0.9028390845263025,8.18,7.473501251039959,100,5.0
discovery,6,150,-0.20700045379934115,-0.9109094004464677,-0.216587001868327,-0.9033167766216589,-0.2141903648510806,-0.9052149325778603,8.12,7.9622459268363475,100,5.0
discovery,6,151,-0.19599618537536403,-0.913657243068859,-0.2233946032010594,-0.9013192850914233,-0.2165449987446355,-0.9044037745857816,8.18,7.059793383853213,100,5.0
discovery,6,152,-0.19007645259571818,-0.9136547323433486,-0.22017014074416527,-0.8992012879187492,-0.21264671870705354,-0.9028146490248986,8.2,6.9316103623656184,100,5.0
discovery,6,153,-0.1804142707165063,-0.9130449602405526,-0.21761603849550817,-0.896628145413577,-0.20831559655075765,-0.9007323491203212,8.26,6.8490781761328074,100,5.0
discovery,6,154,-0.1713437340444273,-0.9154094738953201,-0.20862214439109186,-0.8966339191367837,-0.1993025418044259,-0.9013278078264179,8.28,6.786699220854877,100,5.0
discovery,6,155,-0.16825257407219496,-0.9203542416585662,-0.2089629497944234,-0.8929932396056256,-0.19878535586386636,-0.89983349011886,8.34,6.310617854371956,100,5.0
discovery,6,156,-0.17939701069640396,-0.9152747111242554,-0.20724573301770616,-0.8939605250015458,-0.20028355243738055,-0.8992890715322227,8.38,5.829022448439054,100,5.0
discovery,6,157,-0.1940779619071596,-0.9092726344707128,-0.20746465313457324,-0.8917286434888473,-0.20411798032771988,-0.8961146412343136,8.4,5.641360250927351,100,5.0
discovery,6,158,-0.20339669712483502,-0.9086415231350792,-0.20536608017319208,-0.8921117845359947,-0.20487373441110285,-0.896244219185766,8.44,5.445799535403259,100,5.0
discovery,6,159,-0.1913473197692414,-0.9109542277169098,-0.2003048936198658,-0.8954160626029405,-0.19806550015720975,-0.8993006038814326,8.44,4.703746845488436,100,5.0
discovery,6,160,-0.19320803191139924,-0.9116548552589221,-0.19675641188130485,-0.8996696762140615,-0.19586931688882847,-0.9026659709752767,8.46,4.101014745291525,100,5.0
discovery,6,161,-0.19693227937487368,-0.9108150144971074,-0.19753428239682363,-0.9012254546268639,-0.19738378164133608,-0.9036228445944251,8.64,3.8492327983805743,100,5.0
discovery,6,162,-0.1969150129480207,-0.9114308304378663,-0.19670424180375307,-0.9020169522205991,-0.19675693458981997,-0.9043704217749157,8.76,3.804123236923376,100,5.0
discovery,6,163,-0.19390706838479407,-0.9104642130598133,-0.19809691897976178,-0.9032177612404084,-0.19704945633102006,-0.9050293741952593,8.84,3.932294961185454,100,5.0
discovery,6,164,-0.1951332911133035,-0.910186937163409,-0.19151006604882706,-0.9044994956258057,-0.19241587231494622,-0.9059213560102066,8.92,4.256545403196281,100,5.0
discovery,6,165,-0.19656380812571228,-0.9081558113355787,-0.19465637976035183,-0.9037055499534952,-0.19513323685169193,-0.9048181152990158,9.08,4.763429744546478,100,5.0
discovery,6,166,-0.18247815625872557,-0.9129283306103879,-0.19868145840467882,-0.9022892939635561,-0.1946306328681905,-0.904949053125264,9.2,4.90563149504709,100,5.0
discovery,6,167,-0.16741092692834406,-0.9177364522406762,-0.19997393228843008,-0.8996661678908529,-0.1918331809484086,-0.9041837389783086,9.3,5.295055849936896,100,5.0
discovery,6,168,-0.1694342790865619,-0.9208645148934186,-0.20237477451771804,-0.8974927945289408,-0.19413965065992897,-0.9033357246200607,9.34,5.435380605495723,100,5.0
discovery,6,169,-0.18160533313435093,-0.9181716916576108,-0.19301040535165234,-0.8968589857888877,-0.19015913729732697,-0.9021871622560685,9.36,5.660314093595784,100,5.0
discovery,6,170,-0.1858611534218818,-0.9165637225531187,-0.19112276797931393,-0.8970902311221587,-0.18980736433995585,-0.9019586039798986,9.44,5.613807860047583,100,5.0
discovery,6,171,-0.19694518056364355,-0.9131556833960329,-0.19675303192801177,-0.8950102146233652,-0.19680106908691972,-0.8995465818165321,9.38,5.6195794252001905,100,5.0
discovery,6,172,-0.1920607754077935,-0.9158237684083746,-0.1983240563054051,-0.8950892541661498,-0.1967582360810022,-0.9002728827267057,9.42,5.454666002209331,100,5.0
discovery,6,173,-0.17086969510460037,-0.923921724365934,-0.20754997920304968,-0.8952164013697175,-0.19837990817843734,-0.9023927321187718,9.48,5.171384184840534,100,5.0
discovery,6,174,-0.1628899920963277,-0.9266986950428036,-0.2110242130760463,-0.8934320147357213,-0.19899065783111677,-0.9017486848124916,9.66,6.107961211453195,100,5.0
discovery,6,175,-0.16637409124145036,-0.9210684936695048,-0.20363032833611117,-0.8965053510224726,-0.19431626906244598,-0.9026461366842304,9.68,5.669967325487649,100,5.0
discovery,6,176,-0.17508502605842516,-0.9147139504754523,-0.1977402083202127,-0.8986771919997973,-0.19207641275476572,-0.9026863816187111,9.72,5.99954117926737,100,5.0
discovery,6,177,-0.17659664228850172,-0.9148112412030297,-0.19769336639938143,-0.9004707508142151,-0.19241918537166158,-0.9040558734114192,9.8,6.202381805918592,100,5.0
discovery,6,178,-0.17233858232057195,-0.9169518461968589,-0.19648440852431368,-0.8974135240422174,-0.19044795197337824,-0.902298104580878,9.72,5.52111752874371,100,5.0
discovery,6,179,-0.15631026251151808,-0.9187210044315118,-0.19604226295601404,-0.8962089184407637,-0.18610926284489002,-0.9018369399384509,9.72,5.760118252150787,100,5.0
discovery,6,180,-0.15762046695722823,-0.9127748739460553,-0.19990763792538987,-0.8951807347888471,-0.18933584518334942,-0.8995792695781488,9.68,5.89866194254325,100,5.0
discovery,6,181,-0.15542808115390222,-0.9089676468034551,-0.2015741425487597,-0.8933125383166064,-0.1900376272000454,-0.8972263154383182,9.62,6.048021433140739,100,5.0
discovery,6,182,-0.15136704829738915,-0.9116664159692802,-0.19718204984201673,-0.8956997814484556,-0.18572829945585984,-0.8996914400786618,9.78,6.528702264683777,100,5.0
discovery,6,183,-0.14426846824357598,-0.9160777144720211,-0.19556695293313617,-0.8971428847062576,-0.18274233176074609,-0.9018765921476983,10.0,7.486757431758565,100,5.0
discovery,6,184,-0.14450046073606262,-0.915331702912079,-0.18975828965045188,-0.8980138372142691,-0.17844383242185455,-0.9023433036387216,10.1,8.006520691826147,100,5.0
discovery,6,185,-0.14290650046429212,-0.9122255220366279,-0.19063075574896524,-0.8963168182049576,-0.1786996919277969,-0.9002939941628755,10.24,8.842747143392133,100,5.0
discovery,6,186,-0.1564476477413822,-0.9085843368072571,-0.19306697718511864,-0.8946437848032629,-0.18391214482418447,-0.8981289228042613,10.42,8.892646395419838,100,5.0
discovery,6,187,-0.1645529152944162,-0.90533304069459,-0.19893975609561895,-0.8918848703447741,-0.19034304589531817,-0.8952469129322282,10.68,9.091306108223577,100,5.0
discovery,6,188,-0.16048847290407267,-0.9038119246761037,-0.20137967158471473,-0.8902639010568782,-0.19115687191455424,-0.8936509069616849,10.74,9.117262090270737,100,5.0
discovery,6,189,-0.15805382943471424,-0.8999942510176815,-0.20180155311785483,-0.8889568975785181,-0.19086462219706976,-0.8917162359383087,10.72,11.97380130271247,100,5.0
discovery,6,190,-0.1574654873621471,-0.8968542127724263,-0.1967255886979709,-0.889365961840034,-0.18691056336401501,-0.8912380245731321,10.58,11.738575840633635,100,5.0
discovery,6,191,-0.15184713645770637,-0.895894127864913,-0.19143496903486065,-0.8900448597497566,-0.1815380108905721,-0.8915071767785454,10.46,11.658359054048324,100,5.0
discovery,6,192,-0.1542909683631708,-0.8949057560984337,-0.18359459974286285,-0.8926966973550541,-0.1762686918979399,-0.8932489620408991,10.34,11.248683024815058,100,5.0
discovery,6,193,-0.1504275027800064,-0.8928989712478136,-0.18044264684507488,-0.892419243223662,-0.17293886082880777,-0.8925391752296998,10.32,11.456570442626994,100,5.0
discovery,6,194,-0.14863471631114858,-0.8953648866577255,-0.1794523569600512,-0.8917497129849856,-0.1717479467978255,-0.8926535064031702,10.34,9.287219234591037,100,5.0
discovery,6,195,-0.15268218702649985,-0.8978559180479095,-0.1788299141218966,-0.8916251715449904,-0.17229298234804738,-0.8931828581707206,10.42,9.561778640445874,100,5.0
discovery,6,196,-0.14889819901333656,-0.9028913566645039,-0.17500779801031896,-0.8928821261384893,-0.16848039826107336,-0.8953844337699928,10.42,9.186826380266666,100,5.0
discovery,6,197,-0.14629912391978794,-0.9073004122002879,-0.17769471226218067,-0.8927219079434598,-0.16984581517658248,-0.8963665340076669,10.44,8.768019968036068,100,5.0
discovery,6,198,-0.14983858170814,-0.9128007058969851,-0.17872711666374938,-0.8939289312843217,-0.17150498292484698,-0.8986468749374878,10.3,7.827806641929247,100,5.0
discovery,6,199,-0.14969510886413034,-0.91755965435268,-0.17774225057385878,-0.895355850135576,-0.17073046514642662,-0.900906801189852,10.24,7.51619299076446,100,5.0
discovery,6,200,-0.14925434254888034,-0.9260452959418808,-0.17379700432589384,-0.8991531028037072,-0.16766133888164048,-0.90587615108825,10.24,7.875463615056829,100,5.0
discovery,7,0,0.19646126262322045,0.08807405539781199,0.01446627802807661,-0.02780908208868281,0.059965024176862586,0.0011617022829408985,0.0,0.0,100,5.0
discovery,7,1,0.18591695237956318,0.07849552340873196,0.024839690452332544,-0.03533044339292107,0.06510900593414021,-0.006873951692507803,1.46,79.62021480373882,100,5.0
discovery,7,2,0.15795164325453828,0.0577880220466046,0.039060745388480554,-0.0442199016412799,0.06878346985499498,-0.018717920719308764,1.52,74.59741696213223,100,5.0
discovery,7,3,0.15362651659477752,0.05635394839013963,0.045140960390815436,-0.05423078466580124,0.07226234944180603,-0.026584601401816017,1.64,66.37876159565273,100,5.0
discovery,7,4,0.15392024723578893,0.05780288529898639,0.04693357341245129,-0.04574031524102015,0.07368024186828567,-0.019854515106018517,1.74,65.31610882371331,100,5.0
discovery,7,5,0.16033741557437853,0.06222803707898478,0.05501937655705795,-0.04230947720440847,0.0813488863113881,-0.016175098633560175,1.74,61.99484091666382,100,5.0
discovery,7,6,0.18782233931165326,0.07151611694435864,0.07255310206965113,-0.035304875813726,0.10137041138015167,-0.008599627624204841,1.82,60.17189288419271,100,5.0
discovery,7,7,0.19714632761239353,0.07485381013303397,0.08265255744497763,-0.037281016691358616,0.11127599998683163,-0.009247309985260466,1.82,54.27371985230448,100,5.0
discovery,7,8,0.21404931021639292,0.06477286067997139,0.09335851173694956,-0.04373578974763321,0.12353121135681039,-0.016608627140732052,2.02,52.68771725260079,100,5.0
discovery,7,9,0.20322420502834387,0.04616825710861077,0.08391705528521098,-0.0474977346149254,0.1137438427209942,-0.024081236684041343,2.06,50.396152400279995,100,5.0
discovery,7,10,0.19266525102931933,0.03918847561440916,0.09136939677314765,-0.05709100813362732,0.11669336033719052,-0.033021137196618186,2.14,49.58208843962659,100,5.0
discovery,7,11,0.2010876350314126,0.038571181892364116,0.09567098735672944,-0.06833032890228723,0.12202514927540013,-0.04160495120362439,2.24,47.08105717413832,100,5.0
discovery,7,12,0.2155240527130401,0.019733207281809436,0.097434933408986,-0.07939363766179824,0.12695721323499945,-0.054611926425896386,2.36,48.12141470211773,100,5.0
discovery,7,13,0.22013292439567803,-0.005847198382349288,0.10482021783729367,-0.07900522745461154,0.13364839447688973,-0.06071572018654601,2.28,45.909076058995,100,5.0
discovery,7,14,0.22469730082865422,-0.013908093815915259,0.09865124466691247,-0.08419494685790851,0.13016275870734786,-0.0666232335974102,2.18,42.36582455345032,100,5.0
discovery,7,15,0.23154544632615665,-0.025848312914982668,0.10194338231314831,-0.09841957761578864,0.13434389831640034,-0.08027676144058715,2.18,42.39015274633816,100,5.0
discovery,7,16,0.21273466717468728,-0.05200878262021809,0.09983535016188679,-0.11302805723726429,0.1280601794150869,-0.09777323858300278,2.24,41.84845813546349,100,5.0
discovery,7,17,0.20792715244381335,-0.07122708653647074,0.1079351189201323,-0.12782995257876426,0.13293312730105247,-0.11367923606819083,2.4,46.97489495674599,100,5.0
discovery,7,18,0.213953090974356,-0.09107974555246541,0.11867157927774862,-0.13852700381490954,0.14249195720190044,-0.12666518924929843,2.56,51.797346238016395,100,5.0
discovery,7,19,0.2116786573336017,-0.10855474154039502,0.12150752359449178,-0.14637088250665273,0.14405030702926933,-0.1369168472650882,2.66,47.25133189283421,100,5.0
discovery,7,20,0.2173428063208952,-0.1430213639230601,0.1342676697906604,-0.15897891804534348,0.15503645392321913,-0.15498952951477263,2.7,46.724695021113675,100,5.0
discovery,7,21,0.22437323207040547,-0.15771867930584324,0.14610771417728988,-0.16849503642858493,0.16567409365056882,-0.16580094714789953,2.62,45.33356498019695,100,5.0
discovery,7,22,0.20625486638082235,-0.15947709550177494,0.15082216245771296,-0.17090245729192777,0.1646803384384904,-0.16804611684438947,2.44,39.92887037847913,100,5.0
discovery,7,23,0.21503028179140046,-0.1694110569508592,0.15264643583305362,-0.17262254274646646,0.16824239732264037,-0.17181967129756465,2.52,39.12783272535803,100,5.0
discovery,7,24,0.22361619908548178,-0.17117876714982047,0.15267190778331105,-0.18834323493882882,0.17040798060885362,-0.1840521179915768,2.7,40.564840793102086,100,5.0
discovery,7,25,0.23838819026969446,-0.17314987228886022,0.1600597527055935,-0.19381296103039836,0.17964186209661873,-0.18864718884501377,2.74,39.74856415289156,100,5.0
discovery,7,26,0.24306559669939268,-0.16864578285849166,0.16968130920885094,-0.20008386441529588,0.18802738108148634,-0.19222434402609487,2.74,38.59152095177906,100,5.0
discovery,7,27,0.24975083550020802,-0.1708551380609267,0.17941842150144324,-0.21079036202488635,0.19700152500113446,-0.2008065560338964,2.82,34.625675911720066,100,5.0
discovery,7,28,0.25641730207537133,-0.1755149918332644,0.1936673520632021,-0.21956440725035667,0.20935483956624446,-0.2085520533960836,2.66,27.695392839042974,100,5.0
discovery,7,29,0.25870309467419883,-0.18047574494780727,0.20619168158183426,-0.22658452479091745,0.21931953485492542,-0.21505732983014003,2.8,29.387782113897742,100,5.0
discovery,7,30,0.2546392390360156,-0.19488863412057542,0.23286551508779088,-0.2360069933052014,0.23830894607484712,-0.22572740350904488,2.84,24.475022451217598,100,5.0
discovery,7,31,0.2593199597182237,-0.20698876298622054,0.25302603190126377,-0.24686552803090409,0.2545995138555038,-0.23689633676973318,2.94,24.8434594683769,100,5.0
discovery,7,32,0.2637604174137808,-0.2365616639785907,0.2690484538987738,-0.25345931279960526,0.26772644477752555,-0.24923490059435147,3.06,24.48856468483209,100,5.0
discovery,7,33,0.27025628989939066,-0.26195739384069694,0.2827634703830465,-0.25609992239562585,0.27963667526213265,-0.25756429025689365,3.24,25.726773109011138,100,5.0
discovery,7,34,0.27152954888120195,-0.2902618335219557,0.28517315706976326,-0.2660510874043628,0.281762255022623,-0.27210377393376095,3.28,26.322982581412163,100,5.0
discovery,7,35,0.26103696076471733,-0.30675456456273126,0.2879607821920033,-0.27962628460669936,0.28122982683518183,-0.2864083545957074,3.26,25.423348119432962,100,5.0
discovery,7,36,0.2665806964533916,-0.3365791826207697,0.29027414451555145,-0.285686605554257,0.28435078250001167,-0.2984097498208852,3.22,22.317044782769358,100,5.0
discovery,7,37,0.27244964802290617,-0.3636990049249234,0.2914790119918059,-0.28472313325905463,0.286721670999581,-0.30446710117552206,3.28,22.910724073517247,100,5.0
discovery,7,38,0.2742426798589363,-0.3796516696328141,0.2893014811558667,-0.29241999651597145,0.28553678083163414,-0.31422791479518214,3.32,22.175871931756483,100,5.0
discovery,7,39,0.27640526702286006,-0.3943956656160954,0.27960920872643596,-0.3031436104071221,0.278808223300542,-0.32595662420936533,3.46,21.153412731166494,100,5.0
discovery,7,40,0.27890535816347084,-0.40412634155891575,0.2743145685859506,-0.3151574535037484,0.27546226598033074,-0.33739967551754035,3.68,22.855180694347922,100,5.0
discovery,7,41,0.28277534877733007,-0.4207650416158687,0.2655710858666055,-0.3295607433845207,0.26987215159428657,-0.35236181794235777,3.84,21.222002270390583,100,5.0
discovery,7,42,0.28886938935194717,-0.4230948775459911,0.25710354161041077,-0.3468251030334897,0.26504500354579485,-0.365892546661615,4.18,23.742690709199366,100,5.0
discovery,7,43,0.2963642463930443,-0.42800639674163354,0.25106645535969085,-0.3580201608895792,0.26239090311802915,-0.375516719852593,4.5,24.758952476477464,100,5.0
discovery,7,44,0.30237244826044946,-0.4376177360114801,0.2497339710792635,-0.3706450333801158,0.26289359037456,-0.38738820903795684,4.76,26.625923224182177,100,5.0
discovery,7,45,0.3067431144020599,-0.4494202302270435,0.2461583034569097,-0.38152131545567425,0.26130450619319723,-0.3984960441485165,4.82,26.39882655976487,100,5.0
discovery,7,46,0.3143292691762084,-0.4609500030763703,0.24871796186240577,-0.3867374669529784,0.2651207886908563,-0.4052906009838265,4.86,26.909301681296835,100,5.0
discovery,7,47,0.3221691455146098,-0.48347836921328186,0.25152355804018306,-0.3937420826118983,0.2691849549087899,-0.4161761542622443,4.82,25.648811497783118,100,5.0
discovery,7,48,0.33713612454242586,-0.4890105641342566,0.26555581343452117,-0.4057344492041297,0.28345089121149736,-0.42655347793666115,4.74,24.1970352368985,100,5.0
discovery,7,49,0.3365951991213336,-0.49278115090603336,0.27145499942143164,-0.41113796451706147,0.28774004934640707,-0.4315487611143042,4.48,21.571986187417895,100,5.0
discovery,7,50,0.3274779000746728,-0.49831187769071794,0.2828908861350208,-0.41473109448299067,0.2940376396199339,-0.43562629028492234,4.54,20.618151910809754,100,5.0
discovery,7,51,0.33740444532804914,-0.5000490850843751,0.29053266263369987,-0.4162650322720308,0.30225060830728717,-0.43721104547511686,4.52,19.3444119158989,100,5.0
discovery,7,52,0.33227055980701364,-0.5092337778480065,0.29983714678268175,-0.4176184473702829,0.3079455000387648,-0.4405222799897138,4.56,17.353813756193485,100,5.0
discovery,7,53,0.3212960155060574,-0.5307606566837982,0.31644463381386384,-0.42071785283269847,0.31765747923691223,-0.4482285537954733,4.7,19.79973956469564,100,5.0
discovery,7,54,0.3149918657890354,-0.5528015809796251,0.3371723949798894,-0.4232598148256717,0.3316272626821761,-0.45564525636416,4.6,19.847321402646802,100,5.0
discovery,7,55,0.30448057690659813,-0.5622198149617051,0.35115674709376804,-0.42522165887340085,0.33948770454697547,-0.4594711978954767,4.36,15.72279380348244,100,5.0
discovery,7,56,0.30186366117604174,-0.5603646930973141,0.3681375874223909,-0.43112012894900326,0.3515691058608035,-0.4634312699860811,4.3,16.038553621884255,100,5.0
discovery,7,57,0.2976387268109692,-0.5597401039911586,0.37571381536584236,-0.43130634609241375,0.35619504322712414,-0.46341478556709986,4.24,16.165527540834123,100,5.0
discovery,7,58,0.3060948624011093,-0.5633772374072841,0.3844558836682182,-0.4364329460052033,0.3648656283514409,-0.4681690188557237,4.26,17.057676306825975,100,5.0
discovery,7,59,0.3176153676591902,-0.5535926151691316,0.39144058163363077,-0.4402652537696421,0.37298427814002066,-0.4685970941195145,4.38,16.636967586843188,100,5.0
discovery,7,60,0.3337957017670884,-0.5589507154469187,0.40643875056172735,-0.44231659453093497,0.3882779883630676,-0.4714751247599311,4.52,18.322252039500892,100,5.0
discovery,7,61,0.3445023207794323,-0.5781017710682353,0.4285697532140171,-0.4453925466114264,0.40755289510537085,-0.47856985272562885,4.54,18.14894671670191,100,5.0
discovery,7,62,0.3478520726879082,-0.5887825565622152,0.448124702420186,-0.4514837103003695,0.4230565449871165,-0.4858084218658308,4.54,16.08939757218462,100,5.0
discovery,7,63,0.3507418014627525,-0.5982902358825012,0.4675718709606731,-0.45700906383468415,0.43836435358619275,-0.4923293568466384,4.42,14.219748461232667,100,5.0
discovery,7,64,0.36084244023633966,-0.6083260803032082,0.4871545553436522,-0.4647243928905538,0.45557652656682407,-0.5006248147437175,4.36,11.44523815163135,100,5.0
discovery,7,65,0.3754162274038038,-0.6109253624751476,0.4970015061582204,-0.47165271137335435,0.4666051864696164,-0.5064708741488027,4.22,9.621390256866446,100,5.0
discovery,7,66,0.3988081580775649,-0.6111072011503613,0.5151159187242911,-0.46500606303614916,0.4860389785626096,-0.5015313475647022,4.18,8.063938869334685,100,5.0
discovery,7,67,0.4155996034482296,-0.6034081446014746,0.5236405693588946,-0.46460878327346333,0.4966303278812284,-0.49930862360546613,4.2,8.027112517322312,100,5.0
discovery,7,68,0.43168407910709156,-0.5898445156552298,0.5307502105332434,-0.4589539905670888,0.5059836776767053,-0.491676621839124,4.34,7.91565561000028,100,5.0
discovery,7,69,0.4525649757622159,-0.575200439755838,0.5361285591574365,-0.44887799087303826,0.5152376633086313,-0.4804586030937385,4.42,8.594546394048036,100,5.0
discovery,7,70,0.46891144220046527,-0.5612918310804897,0.546789482590789,-0.4379951974275224,0.527319972493208,-0.4688193558407643,4.44,9.636535516464303,100,5.0
discovery,7,71,0.4842606300444829,-0.5514542534894081,0.5498195544645564,-0.4267556531415824,0.5334298233595379,-0.4579303032285387,4.46,9.192128658286466,100,5.0
discovery,7,72,0.4955506829572775,-0.5440288378278201,0.5574269985632981,-0.4181253804376386,0.5419579196617927,-0.44960124478518393,4.46,8.804425752087814,100,5.0
discovery,7,73,0.5028352340741215,-0.5458310148825609,0.5612717178009485,-0.4123555785094968,0.5466625968692418,-0.4457244376027628,4.58,10.881489234790303,100,5.0
discovery,7,74,0.5016353949763144,-0.5491874859451507,0.5632144076831684,-0.4065806678447987,0.5478196545064545,-0.4422323723698867,4.56,11.816658812514984,100,5.0
discovery,7,75,0.5082771351025525,-0.5426981938738207,0.5690501658432127,-0.39581302746760194,0.5538569081580477,-0.43253431906915674,4.62,11.928106901299417,100,5.0
discovery,7,76,0.5136100883150825,-0.5404694264994473,0.5708812530794117,-0.3850801027690334,0.5565634618883295,-0.42392743370163677,4.58,11.275399774415064,100,5.0
discovery,7,77,0.5195313610330414,-0.5372493477035409,0.5761051006848615,-0.3715774890989573,0.5619616657719065,-0.4129954537501033,4.6,9.780438067372621,100,5.0
discovery,7,78,0.5260910431745429,-0.5367159848838403,0.5796436388799586,-0.3591130756970224,0.5662554899536046,-0.40351380299372686,4.64,9.165248608051488,100,5.0
discovery,7,79,0.5327452798535893,-0.5411866177239913,0.5826502108720539,-0.3501721192788253,0.570173978117438,-0.39792574389011676,4.68,9.704691428139757,100,5.0
discovery,7,80,0.5220271684877109,-0.5490727836515051,0.5839400517546869,-0.3449265270486617,0.568461830937943,-0.3959630911993724,4.66,5.292129212524375,100,5.0
discovery,7,81,0.5235456531133471,-0.547347044060544,0.582572985682157,-0.34207532191771617,0.5678161525399545,-0.3933932524534233,4.74,5.417108640582309,100,5.0
discovery,7,82,0.5308322649266466,-0.5365561083038314,0.5811593807805676,-0.3377658887978101,0.5685776018170874,-0.38746344367431546,4.84,7.0301162101347385,100,5.0
discovery,7,83,0.5387819541037031,-0.5340599076097936,0.5811931825454489,-0.33477579813464636,0.5705903754350125,-0.3845968255034331,4.94,9.404881728907025,100,5.0
discovery,7,84,0.5376223372485885,-0.5358768248122476,0.5800033977996505,-0.3330152146549056,0.5694081326618851,-0.38373061719424095,5.14,12.072639730060496,100,5.0
discovery,7,85,0.5426397650724852,-0.5332570912811544,0.5778166365376145,-0.3320646315446444,0.5690224186713323,-0.3823627464787721,5.24,13.943298694798544,100,5.0
discovery,7,86,0.5582686721681884,-0.5277690574296647,0.573810292460693,-0.33218122605565364,0.5699248873875667,-0.3810781838991562,5.4,14.31270896408702,100,5.0
discovery,7,87,0.5641672975453277,-0.5212130228338794,0.578055639629728,-0.32682411794946775,0.5745835541086278,-0.37542134417057066,5.52,14.571544449171896,100,5.0
discovery,7,88,0.5796631598942493,-0.5174798357197166,0.5802443100958254,-0.3259633742283599,0.5800990225454317,-0.37384248960119915,5.54,14.551014546872105,100,5.0
discovery,7,89,0.5841707535500573,-0.5122483542609588,0.5852420254001968,-0.32591686634725986,0.5849742074376618,-0.37249973832568456,5.5,12.848349496783525,100,5.0
discovery,7,90,0.5882998922036927,-0.5132079468177057,0.5892190594812005,-0.3209469868264413,0.5889892676618238,-0.36901222682425755,5.64,11.722210752802916,100,5.0
discovery,7,91,0.601244420574052,-0.5140653594624722,0.5946996181977039,-0.3156337277625065,0.596335818791791,-0.36524163568749785,5.78,11.158668886496553,100,5.0
discovery,7,92,0.6184246515120448,-0.5064283789686715,0.5956164650990491,-0.31259836756825815,0.6013185117022979,-0.3610558704183614,5.9,10.870286062184912,100,5.0
discovery,7,93,0.6211515199993798,-0.5058705304862107,0.5964249484934729,-0.3130017641019344,0.6026065913699497,-0.36121895569800344,6.02,10.576927620017935,100,5.0
discovery,7,94,0.6353939864473701,-0.5027955657531215,0.6016841126078325,-0.31130344926990716,0.6101115810677169,-0.35917647839071065,6.08,11.420278503853897,100,5.0
discovery,7,95,0.6540097339939017,-0.4941139912524609,0.6013691304888148,-0.3160684633137115,0.6145292813650862,-0.3605798452983987,6.22,10.886772087518294,100,5.0
discovery,7,96,0.6588233677582309,-0.4886098841254603,0.6102300802774683,-0.3149441784159427,0.6223784021476593,-0.3583606048433223,6.3,10.327851304651853,100,5.0
discovery,7,97,0.6694185611522925,-0.4871162964684553,0.6165709440800334,-0.30926592211130505,0.6297828483480984,-0.3537285157005926,6.38,9.9656827958727,100,5.0
discovery,7,98,0.6681767018375223,-0.4947259298960865,0.6181929971752738,-0.31108983440301696,0.6306889233408359,-0.3569988582762843,6.42,9.676613161665031,100,5.0
discovery,7,99,0.6745736503903796,-0.48874923867275016,0.6233794278598657,-0.3092645858076106,0.6361779834924943,-0.35413574902389555,6.4,9.38150509266286,100,5.0
discovery,7,100,0.6860906215421565,-0.47577415610446566,0.634919931405715,-0.3074878111154874,0.6477126039398255,-0.3495593973627317,6.32,9.068084308900886,100,5.0
discovery,7,101,0.7059414973195662,-0.452571185807711,0.6463961227770034,-0.30539044532592385,0.6612824664126439,-0.34218563044637057,6.12,8.929869415281658,100,5.0
discovery,7,102,0.7238032371920885,-0.42914325821203086,0.6623879603540751,-0.3083643323557042,0.6777417795635788,-0.3385590638197859,6.22,9.7887835616144,100,5.0
discovery,7,103,0.7296069924298816,-0.42916663370460606,0.6788654814255052,-0.31054418161483366,0.6915508591765991,-0.34019979463727684,6.26,9.466601152436578,100,5.0
discovery,7,104,0.7404287296400567,-0.4216091108009155,0.6925808535143929,-0.32180573765894177,0.7045428225458089,-0.34675658094443507,6.36,9.412989942989844,100,5.0
discovery,7,105,0.7516604243135095,-0.41095838193040785,0.7057208885823799,-0.3294618836703355,0.7172057725151627,-0.3498360082353535,6.4,8.616776307563825,100,5.0
discovery,7,106,0.7507209067926164,-0.4127655163606643,0.7128010706958038,-0.33603444334888066,0.7222810297200067,-0.35521721160182657,6.36,8.406646727309205,100,5.0
discovery,7,107,0.7441038508504201,-0.412073635867853,0.7199792533204626,-0.3351038072097631,0.7260104027029521,-0.35434626437428585,6.54,8.662789198269023,100,5.0
discovery,7,108,0.7510751222162604,-0.4077176138167065,0.7250591588478461,-0.338721969904473,0.7315631496899501,-0.35597088088253126,6.9,10.586405760513928,100,5.0
discovery,7,109,0.7562784776597254,-0.41186973291042284,0.7283364909648127,-0.34679370286855227,0.7353219876385408,-0.36306271037901994,7.32,11.999482926984314,100,5.0
discovery,7,110,0.7575901836442346,-0.4203766502409279,0.7363866526581259,-0.3480280739543163,0.7416875354046532,-0.3661152180259693,7.6,13.220684998927746,100,5.0
discovery,7,111,0.7679364554716809,-0.42219533236842915,0.7445230719231566,-0.3454436456237449,0.7503764178102874,-0.3646315673099159,7.96,14.45061864380708,100,5.0
discovery,7,112,0.7719856434091831,-0.42831488180510113,0.7624115344586068,-0.3415112740759148,0.7648050616962512,-0.36321217600821143,8.1,13.70305582108122,100,5.0
discovery,7,113,0.7806714329357556,-0.4266036304920813,0.7772750024814162,-0.33435979967571305,0.7781241100950009,-0.35742075737980517,8.06,12.210224374415741,100,5.0
discovery,7,114,0.7874928333160665,-0.4222152071876692,0.7881759483175884,-0.3299898794620453,0.788005169567208,-0.3530462113934513,7.94,10.369154991565075,100,5.0
discovery,7,115,0.7882170085218654,-0.4194182653785799,0.8009566251368287,-0.3277919674781911,0.7977717209830879,-0.3506985419532882,7.66,8.332104693498158,100,5.0
discovery,7,116,0.7853067514922049,-0.4216699341844463,0.8137680291822361,-0.3235020136900257,0.8066527097597286,-0.34804399381363077,7.44,6.917312117917538,100,5.0
discovery,7,117,0.7911008375024832,-0.4144749779158579,0.8206361354658843,-0.3201195855537884,0.8132523109750344,-0.34370843364430603,7.3,6.12922676524922,100,5.0
discovery,7,118,0.7970935338162335,-0.4065989600075223,0.829178731433408,-0.3151333090065417,0.8211574320291143,-0.33799972175678666,7.14,5.696814699319192,100,5.0
discovery,7,119,0.804381214709387,-0.4025244085230497,0.832519180276357,-0.3198804356513295,0.8254846888846146,-0.34054142886925953,7.1,5.332287825320207,100,5.0
discovery,7,120,0.8068413228907518,-0.4006025098920961,0.8337971804256304,-0.3237746681433624,0.8270582160419105,-0.34298162858054576,7.0,4.855054220379642,100,5.0
discovery,7,121,0.8080626459222816,-0.3997693417588875,0.8328082047918235,-0.3236652021214699,0.8266218150744379,-0.34269123703082444,6.96,4.684171660593792,100,5.0
discovery,7,122,0.820524915793651,-0.389475101596919,0.8305668860234912,-0.3300781117370051,0.828056393466031,-0.34492735920198364,6.94,4.196692896582176,100,5.0
discovery,7,123,0.830954124221046,-0.3770932135939285,0.8340066640265975,-0.32992406786244655,0.8332435290752097,-0.34171635429531705,6.98,4.077138726364864,100,5.0
discovery,7,124,0.8406669831300221,-0.3682914496525372,0.837255290111448,-0.32875664482664657,0.8381082133660915,-0.33864034603311916,7.0,4.739380671693838,100,5.0
discovery,7,125,0.844715094808188,-0.3620757935027518,0.8401737432994002,-0.3293279578916367,0.841309081176597,-0.3375149167944154,7.08,5.148875196458594,100,5.0
discovery,7,126,0.8493394761573693,-0.36014864806254104,0.8430918236576334,-0.32854896530267585,0.8446537367825673,-0.3364488859926423,7.22,6.054973198353913,100,5.0
discovery,7,127,0.853217993718159,-0.3617530129230634,0.8445470154471644,-0.32996176813637085,0.8467147600149127,-0.337909579333044,7.38,6.443525956987136,100,5.0
discovery,7,128,0.8571629120799407,-0.36490704633529747,0.8454753473815778,-0.3301352717347213,0.848397238556168,-0.3388282153848654,7.6,7.695196405842998,100,5.0
discovery,7,129,0.8533801087704981,-0.38135649874008565,0.8439095229189485,-0.330161386348898,0.8462771693818361,-0.3429601644466949,7.82,8.573363433331307,100,5.0
discovery,7,130,0.8532839485978744,-0.3880762936363412,0.844433333275711,-0.32639085806431756,0.8466459871062518,-0.34181221695732356,7.86,8.814574519879033,100,5.0
discovery,7,131,0.8583528408695154,-0.3810016251362973,0.8466613596363698,-0.32219718890516547,0.8495842299446558,-0.3368982979629484,7.9,8.833386708443815,100,5.0
discovery,7,132,0.8675841652053028,-0.3628063400585019,0.8540814050652376,-0.3127442713075674,0.8574570951002535,-0.3252597884953011,7.88,8.242831072515477,100,5.0
discovery,7,133,0.8777794287092158,-0.3415300680916486,0.858944338078627,-0.3070549345106002,0.8636531107362737,-0.31567371790586224,7.86,7.7687785513026055,100,5.0
discovery,7,134,0.8851786602550934,-0.3369395923788232,0.8661672037084484,-0.29679781400538646,0.8709200678451101,-0.30683325859874566,7.82,7.340833970958967,100,5.0
discovery,7,135,0.8929463903820056,-0.326103010598344,0.8714698098615088,-0.2907308971215418,0.8768389549916326,-0.2995739254907422,7.8,6.8572605109780085,100,5.0
discovery,7,136,0.897105236920228,-0.3266741576294059,0.872365205604112,-0.2848734795607413,0.8785502134331411,-0.2953236490779076,7.68,6.403485028957211,100,5.0
discovery,7,137,0.8986183671387173,-0.3282560745745397,0.8730018399291803,-0.2808625448190692,0.8794059717315651,-0.29271092725793685,7.58,5.880666375955673,100,5.0
discovery,7,138,0.8994983161736662,-0.3229556100719433,0.8748959288799767,-0.27241427706178944,0.8810465257033989,-0.2850496103143278,7.66,6.113401962869339,100,5.0
discovery,7,139,0.9009385104343941,-0.32541372692667786,0.8766512271566215,-0.2688989678606321,0.8827230479760647,-0.28302765762714355,7.68,5.8749943346373295,100,5.0
discovery,7,140,0.9033973402524292,-0.32642816025470894,0.8770250695721651,-0.2684920105644758,0.8836181372422317,-0.282976047987034,7.58,5.357094228649757,100,5.0
discovery,7,141,0.8981550897611603,-0.3423582647606703,0.879164167340511,-0.2714507094428729,0.8839118979456733,-0.2891775982723225,7.54,5.230932314640591,100,5.0
discovery,7,142,0.8892721174754996,-0.3654447751109686,0.8790438664664966,-0.27673861566598584,0.8816009292187474,-0.2989151555272316,7.6,4.895405261014161,100,5.0
discovery,7,143,0.8806795158993798,-0.38380543345383233,0.8828551707117004,-0.27397394499959704,0.8823112570086197,-0.30143181711315586,7.58,4.204854079545303,100,5.0
discovery,7,144,0.8767704879497341,-0.3942142402933488,0.880314734055516,-0.27502251397832983,0.879428672529071,-0.3048204455570845,7.6,4.005238706256873,100,5.0
discovery,7,145,0.8753773566916958,-0.39687922972974965,0.8792637597404981,-0.2742190229447482,0.8782921589782976,-0.30488407464099837,7.6,4.265362269957172,100,5.0
discovery,7,146,0.8745528559969642,-0.3970575937372238,0.8812428980718838,-0.26869185815998226,0.8795703875531535,-0.30078329205429255,7.6,4.458393371969331,100,5.0
discovery,7,147,0.8698339640496168,-0.4026329897687653,0.8838244293543952,-0.2630747586571396,0.8803268130282008,-0.297964316435046,7.7,4.458542962454357,100,5.0
discovery,7,148,0.8638776800779469,-0.41134762500070693,0.8864988684280274,-0.26143277353693123,0.880843571340507,-0.29891148640287507,7.7,4.35730942873746,100,5.0
discovery,7,149,0.8628435215762298,-0.4135050452521203,0.8913897097849381,-0.2586943876492526,0.8842531627327607,-0.29739705204996947,7.88,4.966614145953189,100,5.0
discovery,7,150,0.8653462017832926,-0.4088470112559085,0.8929692793768286,-0.2580212162104074,0.8860635099784453,-0.29572766497178266,7.9,5.300617415693778,100,5.0
discovery,7,151,0.8672976368838593,-0.4083185038994463,0.8987559370440678,-0.2582026647678294,0.8908913620040156,-0.29573162455073354,8.08,5.686275515298016,100,5.0
discovery,7,152,0.8681915623072878,-0.4032826781549004,0.9004522602707836,-0.2651946173955688,0.8923870857799097,-0.2997166325854017,8.2,6.104339012806087,100,5.0
discovery,7,153,0.8668587503285992,-0.4014160544547876,0.8994181762705413,-0.2746793615210839,0.8912783197850552,-0.30636353475450984,8.28,6.2107407409996656,100,5.0
discovery,7,154,0.8707844873981636,-0.395011605647961,0.8943575571645681,-0.28670788338778297,0.8884642897229666,-0.31378381395282756,8.5,6.436541888414657,100,5.0
discovery,7,155,0.874322307206501,-0.386082312627144,0.8916640410052399,-0.29645896142455447,0.8873286075555556,-0.31886479922520183,8.54,6.379293014518703,100,5.0
discovery,7,156,0.8745062919832811,-0.3840117319009714,0.8936174933585054,-0.30151700476540655,0.8888396930146992,-0.3221406865492977,8.8,8.018642367208194,100,5.0
discovery,7,157,0.8763452324425169,-0.3872681672946887,0.8950437605143378,-0.30147955526224185,0.8903691284963827,-0.3229267082703536,9.1,8.018739350113322,100,5.0
discovery,7,158,0.8791585384331094,-0.3807970891481521,0.8959078746274703,-0.3026662207916517,0.89172054057888,-0.3221989378807769,9.4,8.0188246548695,100,5.0
discovery,7,159,0.8734185975899896,-0.3968199819762782,0.8967147134304766,-0.30214982423267034,0.8908906844703551,-0.3258173636685723,9.58,8.01270338725368,100,5.0
discovery,7,160,0.8747139745369636,-0.40503381038916425,0.8936036801140524,-0.3119957178433921,0.8888812537197803,-0.33525524097983495,9.7,7.8600227971093,100,5.0
discovery,7,161,0.8814357390232153,-0.4069838178180468,0.8911823968546317,-0.32133198362537074,0.8887457323967775,-0.34274494217353985,9.76,7.486645646015523,100,5.0
discovery,7,162,0.8843446991398922,-0.4076334763215473,0.8886433075278969,-0.33408124182810517,0.887568655430896,-0.3524693004514657,9.72,7.490734502077767,100,5.0
discovery,7,163,0.8880695378078073,-0.40456759637460443,0.8842520682219415,-0.3437259654459941,0.8852064356184082,-0.35893637317814664,9.78,7.109204171211716,100,5.0
discovery,7,164,0.8943591083890492,-0.3903893428883606,0.8826438610160025,-0.3519654318139176,0.885572672859264,-0.3615714095825285,9.76,6.74682440323631,100,5.0
discovery,7,165,0.8954714977418452,-0.37712836635804514,0.8843491133788405,-0.35109523612513954,0.8871297094695919,-0.357603518683366,9.82,6.5453097780565095,100,5.0
discovery,7,166,0.9021963975956576,-0.35794589331198845,0.8838451074393091,-0.35126831379090745,0.8884329299783954,-0.35293770867117774,9.94,6.3654941467511295,100,5.0
discovery,7,167,0.9037464755467062,-0.3487444731325214,0.885038075635236,-0.3519364433116324,0.8897151756131033,-0.35113845076685457,9.86,5.997522495083972,100,5.0
discovery,7,168,0.9072899581659776,-0.3354333742391187,0.8866188547323958,-0.3537966169337611,0.8917866305907913,-0.3492058062601005,9.88,6.109837908619224,100,5.0
discovery,7,169,0.9088438773641566,-0.3472846456190862,0.88953674845571,-0.34727256843626736,0.894363530682822,-0.347275587731972,9.86,5.633453822981426,100,5.0
discovery,7,170,0.9118610637783248,-0.34592033774228914,0.8932072387102119,-0.34323553927167155,0.89787069497724,-0.3439067388893259,9.84,5.010567422572524,100,5.0
discovery,7,171,0.9081975047622004,-0.34954958939430975,0.893696114624225,-0.3378130149712446,0.8973214621587191,-0.34074715857701093,9.82,5.32843925222225,100,5.0
discovery,7,172,0.9098153605697419,-0.34116080908731616,0.8927372768311871,-0.342292489445096,0.897006797765826,-0.3420095693556511,9.8,5.535644908214417,100,5.0
discovery,7,173,0.9030015650611888,-0.3526945939869451,0.8901814460599172,-0.3523238140787907,0.8933864758102353,-0.3524165090558293,9.86,5.739103414534029,100,5.0
discovery,7,174,0.9001981280888535,-0.3582289189959532,0.8892452970815159,-0.3544305260509799,0.8919835048333502,-0.35538012428722326,9.9,5.609056800626846,100,5.0
discovery,7,175,0.8934829306160753,-0.36541777403390296,0.8875881116296814,-0.35510687587894774,0.8890618163762798,-0.35768460041768646,9.9,5.686685941716991,100,5.0
discovery,7,176,0.8937196192374786,-0.36939552272105547,0.8893945040352389,-0.3471914716740702,0.8904757828357992,-0.35274248443581646,9.88,5.825139979378825,100,5.0
discovery,7,177,0.8974930675095081,-0.36729533999589437,0.8880633349238605,-0.34372009252696023,0.8904207680702722,-0.3496139043941937,9.84,6.1136756049534915,100,5.0
discovery,7,178,0.8997674473031557,-0.36627482165497055,0.8932420094205031,-0.3303111721320967,0.8948733688911663,-0.33930208451281507,9.82,5.881716500679447,100,5.0
discovery,7,179,0.900036098138625,-0.36574186888833893,0.8944950003428909,-0.32303837319135753,0.8958802747918244,-0.3337142471156027,9.86,5.978468702379584,100,5.0
discovery,7,180,0.8999072201013861,-0.3690029613899788,0.8971536033776173,-0.3195001262188692,0.8978420075585593,-0.3318758350116466,9.88,5.855226393459629,100,5.0
discovery,7,181,0.9027911595084812,-0.36635056406921357,0.8974489535437067,-0.33141848727378176,0.8987845050349003,-0.3401515064726396,9.92,5.031628299028293,100,5.0
discovery,7,182,0.9070544780441963,-0.36370127681871073,0.8933456881094232,-0.34345339979976225,0.8967728855931167,-0.3485153690544994,9.98,5.026609588726607,100,5.0
discovery,7,183,0.909337629651108,-0.3553254894447572,0.8960048595390309,-0.3466386425793183,0.89933805206705,-0.34881035429567775,10.04,4.940632922729615,100,5.0
discovery,7,184,0.9145481605592881,-0.34990166909851367,0.8951011081815949,-0.35141022174330594,0.8999628712760186,-0.3510330835821078,10.08,4.658069377377458,100,5.0
discovery,7,185,0.9151959051981078,-0.34803051582394645,0.8942468299661154,-0.350945446298766,0.8994840987741142,-0.35021671368006113,10.12,4.64008679491292,100,5.0
discovery,7,186,0.9175506850344896,-0.3448602256319883,0.8925351926277432,-0.34800706841913714,0.89878906572943,-0.34722035772234977,10.22,4.917651215583094,100,5.0
discovery,7,187,0.9188873512852226,-0.3493956372674883,0.8921254289093097,-0.34152928567232566,0.8988159095032883,-0.34349587357111633,10.36,5.141898942640552,100,5.0
discovery,7,188,0.9243873743415963,-0.3374200484350584,0.893095712160452,-0.33426336093651055,0.9009186277057382,-0.33505253281114755,10.48,5.169093421045784,100,5.0
discovery,7,189,0.9234405308289447,-0.3393259757231204,0.8939634740728396,-0.33178395156020296,0.9013327382618657,-0.33366945760093236,10.5,4.979542306423773,100,5.0
discovery,7,190,0.9246741215051536,-0.3357016984738099,0.891648841685593,-0.33901387299740576,0.8999051616404828,-0.33818582936650693,10.62,5.464944312300325,100,5.0
discovery,7,191,0.9238346902050365,-0.33442866642841,0.889204812522998,-0.35016447751991786,0.8978622819435077,-0.3462305247470409,10.82,6.097168572946783,100,5.0
discovery,7,192,0.920601466145839,-0.34012767229149643,0.8886932615781536,-0.3481622728708137,0.8966703127200752,-0.3461536227259843,10.92,6.386995162208499,100,5.0
discovery,7,193,0.9139403628705292,-0.3473614077214017,0.8891842303209329,-0.3473590747542507,0.8953732634583313,-0.34735965799603863,11.06,6.61510885457492,100,5.0
discovery,7,194,0.9194343346622995,-0.3334764103767529,0.887301619930304,-0.35020111658828235,0.8953347986133027,-0.3460199400354,11.12,6.506419832224244,100,5.0
discovery,7,195,0.9138946020192897,-0.340769194326034,0.8899691686444987,-0.344888709982224,0.8959505269881969,-0.3438588310681765,11.2,6.820317367797927,100,5.0
discovery,7,196,0.9066325489944493,-0.35235286620284034,0.8921981090398475,-0.33738463764855836,0.8958067190284982,-0.3411266947871291,11.34,7.075244311936656,100,5.0
discovery,7,197,0.9009238623799287,-0.36959505415489785,0.89468803785666,-0.3311389074338999,0.896246993987477,-0.3407529441141493,11.36,7.245999067538324,100,5.0
discovery,7,198,0.9022133936927239,-0.36843275760925065,0.89507554828124,-0.32792676229223666,0.8968600096341109,-0.33805326112149003,11.3,6.954976844864014,100,5.0
discovery,7,199,0.9045843345012078,-0.3633009853943399,0.8964311002077722,-0.3218332112342658,0.8984694087811306,-0.33220015477428433,11.2,6.581779233784773,100,5.0
discovery,7,200,0.9114405367841327,-0.34803655179790655,0.9004181158639468,-0.31859391015588373,0.9031737210939932,-0.3259545705663893,11.08,6.418908843625859,100,5.0
discovery,8,0,-0.2632999528537593,-0.06799684234637134,-0.0033005797611042973,0.12501021327721942,-0.06830042303426803,0.07675844937132169,0.0,0.0,100,5.0
discovery,8,1,-0.27456410878774123,-0.07860827382233623,-0.0018315978675383748,0.12990636612335893,-0.07001472559758908,0.0777777061369351,1.48,74.34280333581505,100,5.0
discovery,8,2,-0.26926346883970065,-0.07468202274105601,-0.005735880965200002,0.13923957171353404,-0.07161777793382519,0.08575917309988655,1.38,71.04531930924917,100,5.0
discovery,8,3,-0.2677151282842931,-0.07916866347357436,-0.01630012633375942,0.13791480853872196,-0.0791538768213928,0.08364394053564783,1.48,71.03178874079038,100,5.0
discovery,8,4,-0.26149192792122333,-0.10106576186026649,-0.030932111709689993,0.14386943931400842,-0.08857206576257332,0.08263563902043963,1.48,64.81563242282432,100,5.0
discovery,8,5,-0.2616179778758202,-0.10237988284231526,-0.05384679922261732,0.14377870793298675,-0.10578959388591808,0.08223906023916117,1.58,68.2532728936388,100,5.0
discovery,8,6,-0.2635661905002118,-0.09898303933048043,-0.06657253776722907,0.14262002211624952,-0.11582095095047466,0.08221925675456704,1.74,63.195803558743584,100,5.0
discovery,8,7,-0.2604519101110762,-0.09154858417696478,-0.0835810851407189,0.14319119870961838,-0.12779879138330819,0.08450625298797262,2.04,60.18967948066151,100,5.0
discovery,8,8,-0.2517234065209687,-0.09410657785135478,-0.0947376630700594,0.14362929500468385,-0.1339840989327867,0.08419532679067424,2.2,63.878368509564964,100,5.0
discovery,8,9,-0.23471491943023465,-0.09416891193064209,-0.08818087297213226,0.14729519427213963,-0.12481438458665788,0.08692916772144421,2.44,62.392170222178095,100,5.0
discovery,8,10,-0.22300650815723294,-0.08289593839476037,-0.09256212865148501,0.15240000819463734,-0.12517322352792204,0.09357602154728789,2.36,59.72607754743031,100,5.0
discovery,8,11,-0.21629684515184322,-0.056519043073470644,-0.09308942910276348,0.13998001103110455,-0.12389128311503338,0.0908552475049607,2.26,57.72295702127746,100,5.0
discovery,8,12,-0.22911089680529031,-0.021357837864118923,-0.09530258108344881,0.1402816536732084,-0.12875466001390914,0.09987178078887655,2.1,52.63088594561974,100,5.0
discovery,8,13,-0.25082686326420384,-0.002242659671593612,-0.1001049067408553,0.13915212903559848,-0.13778539587169245,0.10380343185880049,2.04,45.98540149903594,100,5.0
discovery,8,14,-0.2552151190353154,0.01732835828831212,-0.11674556850913419,0.14266822647614907,-0.15136295614067952,0.11133325942918985,2.1,46.7631542887458,100,5.0
discovery,8,15,-0.2596235647422439,0.031664823140962015,-0.13572191941142386,0.14898701823516527,-0.16669733074412885,0.11965646946161441,2.1,47.18435365869213,100,5.0
discovery,8,16,-0.2526440440923405,0.042314469209464016,-0.14247895857524365,0.15469347275802395,-0.17002022995451782,0.12659872187088397,2.2,45.43511368818329,100,5.0
discovery,8,17,-0.2436514233922585,0.04826085302740405,-0.1526218805900556,0.1549437750415471,-0.17537926629060632,0.12827304453801136,2.34,48.348845437100316,100,5.0
discovery,8,18,-0.2289419050324637,0.04682932759217894,-0.16386540272371097,0.14761869662447277,-0.18013452830089907,0.12242135436639931,2.3,43.15501568499859,100,5.0
discovery,8,19,-0.2169062718704552,0.04816286674059397,-0.16455639567251046,0.13832983142398134,-0.1776438647219966,0.11578809025313448,2.42,41.95910197816402,100,5.0
discovery,8,20,-0.19669415375836935,0.05036651797351644,-0.16896422543659873,0.13461668852556125,-0.1758967075170413,0.11355414588755003,2.5,43.979810840736185,100,5.0
discovery,8,21,-0.20311557621193313,0.04364305148522431,-0.18434284623658728,0.13082885581909828,-0.18903602873042366,0.10903240473562978,2.56,40.710798736090325,100,5.0
discovery,8,22,-0.20515077232988582,0.046586918756235815,-0.1930839745865398,0.12980598948169964,-0.1961006740223764,0.10900122180033361,2.48,37.850929373747434,100,5.0
discovery,8,23,-0.19858140050079354,0.047688842351485974,-0.20172037185732702,0.12318916395812955,-0.20093562901819362,0.10431408355646868,2.64,37.16092474219817,100,5.0
discovery,8,24,-0.19780874678424307,0.045713647092200244,-0.21572003798215283,0.12527098663343747,-0.21124221518267539,0.10538165174812818,2.66,35.987703345539124,100,5.0
discovery,8,25,-0.205714258596793,0.027380492394746755,-0.23347635019810145,0.1294270631596576,-0.22653582729777427,0.10391542046842991,2.54,32.27004180030629,100,5.0
discovery,8,26,-0.22455403968831053,0.01185620592455992,-0.24487181770549435,0.13172994581416256,-0.23979237320119842,0.10176151084176187,2.56,33.84966631782905,100,5.0
discovery,8,27,-0.244831311131135,-0.011589375964644964,-0.25402588121520603,0.13547233135782977,-0.2517272386941881,0.09870690452721113,2.54,29.416093333137688,100,5.0
discovery,8,28,-0.26799497277829326,-0.028802007586010623,-0.2629252338316506,0.13798111122073733,-0.2641926685683113,0.09628533151905039,2.4,28.20009242709705,100,5.0
discovery,8,29,-0.2874637536716198,-0.05208824251323728,-0.264704860712694,0.13967854705309216,-0.27039458395242544,0.09173684966150983,2.3,25.270376053166352,100,5.0
discovery,8,30,-0.30234367124565986,-0.07003104550853015,-0.2627120563227846,0.141273732143535,-0.2726199600535036,0.08844753773051871,2.4,24.11598490841195,100,5.0
discovery,8,31,-0.3076607294141377,-0.07895782904937784,-0.26390506586538626,0.1427706295742939,-0.2748439817525741,0.08733851491837602,2.42,21.947995722004272,100,5.0
discovery,8,32,-0.31599108886849026,-0.09522817332381915,-0.2698217480528204,0.1426305330955424,-0.2813640832567379,0.08316585649070203,2.4,17.43140206431512,100,5.0
discovery,8,33,-0.3288636022596148,-0.10773221551312652,-0.2768929394106576,0.1429706312566197,-0.28988560512289696,0.08029491956418312,2.48,18.160930969289108,100,5.0
discovery,8,34,-0.3413755851903181,-0.11694727373201609,-0.28097300207837905,0.13309183567646576,-0.29607364785636375,0.07058205832434529,2.76,18.11559900163575,100,5.0
discovery,8,35,-0.3497560855139744,-0.1257911777672066,-0.2861753131163657,0.13407069494620313,-0.3020705062157679,0.0691052267678507,2.84,17.005480945045818,100,5.0
discovery,8,36,-0.35563153769729006,-0.143850486276944,-0.2918715323518647,0.13490571422430353,-0.307811533688221,0.0652166640989917,2.94,17.7635013809843,100,5.0
discovery,8,37,-0.3653995532152969,-0.16228923708659132,-0.30417973636560236,0.13562780543982383,-0.3194846905780261,0.06114854480822007,3.18,20.316816683507678,100,5.0
discovery,8,38,-0.37804374664794,-0.18524075558085162,-0.3166773389699695,0.13763125544064106,-0.3320189408894621,0.056913252685267875,3.32,17.037575940067857,100,5.0
discovery,8,39,-0.4052626708247993,-0.2019207013250394,-0.3304640270162286,0.14442605240484674,-0.34916368796837133,0.05783936397237523,3.38,17.257752582163665,100,5.0
discovery,8,40,-0.4181921446068474,-0.21911857639342924,-0.35058829924650015,0.14952146253189624,-0.3674892605865869,0.05736145280056485,3.54,18.123347959675414,100,5.0
discovery,8,41,-0.42740465304371145,-0.22797339310114131,-0.3637483606866713,0.14929699585924178,-0.37966243377593145,0.05497939861914606,3.7,17.533879701946443,100,5.0
discovery,8,42,-0.4391282790866885,-0.234031514796296,-0.3676939429793356,0.15279193259840018,-0.3855525270061738,0.05608607074972613,3.64,16.13453616573276,100,5.0
discovery,8,43,-0.43880753954588636,-0.23145655611727103,-0.3741812491786421,0.15726764561824275,-0.39033782177045323,0.06008659518436435,3.62,15.939344945373598,100,5.0
discovery,8,44,-0.4363516204800726,-0.2236189345791761,-0.38487400144509204,0.15743317564804124,-0.3977434062038372,0.06217014809123694,3.7,16.86483702559216,100,5.0
discovery,8,45,-0.4286379899640982,-0.21169821553063273,-0.39444335558139815,0.154221990511469,-0.40299201417707337,0.06274193900094352,3.62,14.556165834611559,100,5.0
discovery,8,46,-0.43009933753759483,-0.20286019950599501,-0.4044886878799036,0.15100634198101784,-0.41089135029432655,0.06253970660926457,3.56,15.157752643775568,100,5.0
discovery,8,47,-0.44514562087418486,-0.18447331845836426,-0.41589437267523816,0.14793136468257823,-0.423207184724975,0.06483019389734265,3.78,16.922077734985304,100,5.0
discovery,8,48,-0.4585674919433626,-0.16341780823912624,-0.43036743396801275,0.15833834348553777,-0.43741744846185016,0.07789930555437176,4.02,18.76115478709579,100,5.0
discovery,8,49,-0.4716340445350782,-0.15022809601214768,-0.44424149315757216,0.16829121195434166,-0.4510896310019487,0.08866138496271934,4.02,18.27697168530655,100,5.0
discovery,8,50,-0.485259061166238,-0.13743407564779253,-0.4626549525176376,0.17214753752693354,-0.4683059796797876,0.09475213423325203,4.18,20.664300538975375,100,5.0
discovery,8,51,-0.4975420972693898,-0.1307637023796897,-0.4795766702931177,0.1795786347637903,-0.48406802703718577,0.10199305047792025,4.44,20.64092646623761,100,5.0
discovery,8,52,-0.5057597824497642,-0.1259943445169713,-0.4983319174711646,0.18578304148598682,-0.5001888837158145,0.10783869498524719,4.74,23.01312271950446,100,5.0
discovery,8,53,-0.5185354172010628,-0.12379558118139773,-0.5153209355016503,0.18896977182200153,-0.5161245559265031,0.11077843357115168,4.72,19.95352817032128,100,5.0
discovery,8,54,-0.5293039599106443,-0.12511722158375416,-0.5307395429725206,0.1875178468178491,-0.5303806472070515,0.10935907971744817,4.78,18.201956088436955,100,5.0
discovery,8,55,-0.5342872638097539,-0.12187370053225438,-0.5415666786603729,0.18368864733614176,-0.5397468249477181,0.10729806036904278,4.84,14.173089974140332,100,5.0
discovery,8,56,-0.5383688608862774,-0.1203239326478068,-0.5455515614752731,0.1817354676041274,-0.5437558863280241,0.1062206175411438,5.02,14.421408516667254,100,5.0
discovery,8,57,-0.5349175486145201,-0.12332049963520912,-0.5476223712809091,0.18420474980614104,-0.5444461656143119,0.1073234374458035,5.1,15.0349403483909,100,5.0
discovery,8,58,-0.5326613826981756,-0.12543311611796415,-0.5576690272531033,0.18278466295043969,-0.5514171161143712,0.10573021818333878,5.12,14.312395679556198,100,5.0
discovery,8,59,-0.5302082160200631,-0.13534936154959964,-0.5672888752922189,0.18134918674198655,-0.5580187104741797,0.10217454966909005,5.32,13.380583141326893,100,5.0
discovery,8,60,-0.5318538539669307,-0.13592125151560555,-0.5818695690952189,0.17941990303352445,-0.5693656403131468,0.100584614396242,5.48,12.833669001385777,100,5.0
discovery,8,61,-0.5396168086125299,-0.14405612038318996,-0.5910305930114598,0.1735036749119659,-0.5781771469117272,0.09411372608817682,5.54,12.011862205871514,100,5.0
discovery,8,62,-0.544425312544287,-0.15481461282256878,-0.5961174385577824,0.16962343747129988,-0.5831944070544083,0.08851392489783275,5.84,13.24902042569407,100,5.0
discovery,8,63,-0.5424993804899529,-0.1716032892713913,-0.5993409663827707,0.1697895969046666,-0.5851305699095664,0.08444137536065219,6.08,14.763499665461923,100,5.0
discovery,8,64,-0.5399301245929036,-0.18229414585017806,-0.6063421180336587,0.1770220138427686,-0.5897391196734698,0.08719297391953189,6.4,15.746110855850423,100,5.0
discovery,8,65,-0.5380939009162902,-0.18915066386157872,-0.6148411258196548,0.17565209951569513,-0.5956543195938138,0.08445140867137671,6.4,17.848350855403275,100,5.0
discovery,8,66,-0.5389665213389536,-0.2070980691425525,-0.6190106761806607,0.17735508595296712,-0.5989996374702341,0.08124179717908715,6.48,17.57197401602501,100,5.0
discovery,8,67,-0.5520188514698436,-0.21909963321868225,-0.6243392730749879,0.17224088827904124,-0.6062591676737019,0.07440575790461039,6.62,17.848932267829806,100,5.0
discovery,8,68,-0.555087494696965,-0.2172450211877533,-0.6288219981508478,0.173208186840793,-0.6103883722873769,0.07559488483365642,6.48,16.874612669613366,100,5.0
discovery,8,69,-0.557324944843382,-0.2240954752488015,-0.6339043884147635,0.17486766834132747,-0.6147595275219181,0.07512688244379523,6.36,16.666846311251273,100,5.0
discovery,8,70,-0.5627059722035896,-0.23500853770158286,-0.6432816179231379,0.18755654224902799,-0.6231377064932508,0.08191527226137531,6.32,17.550417520565794,100,5.0
discovery,8,71,-0.5667535739183617,-0.24212182639977647,-0.6572137302520835,0.19767960636067272,-0.6345986911686533,0.08772924817056037,6.3,17.335790007892882,100,5.0
discovery,8,72,-0.5752551712983679,-0.2523724657541627,-0.6709342615914644,0.20517216798733276,-0.6470144890181905,0.0907860095519589,6.46,17.421712914403848,100,5.0
discovery,8,73,-0.5929412470436626,-0.2668132688775128,-0.6816260888798069,0.19955078159722114,-0.6594548784207707,0.08295976897853768,6.48,15.567881494986063,100,5.0
discovery,8,74,-0.5999946963344573,-0.2812347937724782,-0.6903891635129636,0.1927038207453295,-0.667790546718337,0.07421916711587753,6.68,17.544004360932973,100,5.0
discovery,8,75,-0.6033722187409447,-0.29399687692986265,-0.6947939180136022,0.19122174372076903,-0.6719384931954374,0.06991708855811107,6.56,15.585520006684536,100,5.0
discovery,8,76,-0.6044478000110934,-0.30206548697888563,-0.6970892552563395,0.18608527261043456,-0.6739288914450278,0.06404758271310454,6.48,15.008601830088663,100,5.0
discovery,8,77,-0.6078136283018201,-0.3051182287402769,-0.6998832240876163,0.18106226375012088,-0.6768658251411673,0.05951714062752144,6.38,14.45664151403904,100,5.0
discovery,8,78,-0.6143993495643126,-0.30851857511859593,-0.7097947365092937,0.1819837924415613,-0.6859458897730484,0.059358200551521974,6.22,14.86417614208561,100,5.0
discovery,8,79,-0.6098385637637412,-0.302131024373164,-0.7226462265202211,0.18366022463226464,-0.6944443108311015,0.062212412380907495,6.1,12.689674955616539,100,5.0
discovery,8,80,-0.6064712445855612,-0.2784024456941891,-0.7375950731945476,0.1826540042834162,-0.7048141160423007,0.06738989178901494,5.92,9.639963219100379,100,5.0
discovery,8,81,-0.6094532783525104,-0.24318781090906605,-0.7483345540118469,0.1784561887754766,-0.7136142350970128,0.07304518885434097,5.9,10.037825835829967,100,5.0
discovery,8,82,-0.6063598844939723,-0.2213563341814656,-0.751693003268254,0.18228639447774747,-0.7153597235746838,0.08137571231294417,5.88,7.445829222207386,100,5.0
discovery,8,83,-0.6105905773718076,-0.2004618958210793,-0.750190326093389,0.19062593063712782,-0.7152903889129935,0.09285397402257609,5.98,7.0006977930527645,100,5.0
discovery,8,84,-0.6072758214152799,-0.18882715047590545,-0.7507752904087654,0.19896987576232025,-0.714900423160394,0.1020206192027638,6.2,7.603084039303819,100,5.0
discovery,8,85,-0.605569562827156,-0.1771524299650442,-0.752375282067959,0.20889800984037366,-0.7156738522577585,0.11238539988901917,6.34,7.666256917346597,100,5.0
discovery,8,86,-0.6010464351176832,-0.17836098162495553,-0.757904631748203,0.2161974986436673,-0.7186900825905732,0.11755787857651163,6.56,7.858955592715619,100,5.0
discovery,8,87,-0.6052050994858259,-0.17579848769519665,-0.7626532639766642,0.22016752066571393,-0.7232912228539545,0.12117601857548628,6.72,8.362894617368932,100,5.0
discovery,8,88,-0.6118433404141322,-0.1831307884068731,-0.767994862009881,0.21853993924913803,-0.7289569816109439,0.11812225733513522,6.86,8.923737552314039,100,5.0
discovery,8,89,-0.6104744867193556,-0.18361566750187705,-0.771364273692104,0.21783794052088998,-0.7311418269489163,0.11747453851519818,6.98,9.431062357025839,100,5.0
discovery,8,90,-0.6129756976297913,-0.1783633709348886,-0.778448294755289,0.21251325018642178,-0.7370801454739145,0.11479409490609414,7.12,9.8840474012645,100,5.0
discovery,8,91,-0.6066691609212315,-0.17643157545216373,-0.7836329632363207,0.20923807337358344,-0.7393920126575486,0.11282066116714659,7.36,9.986251618197882,100,5.0
discovery,8,92,-0.6051323908229737,-0.16841881983912263,-0.7923817332322248,0.20627772031457903,-0.7455693976299124,0.11260358527615356,7.48,9.341192492886082,100,5.0
discovery,8,93,-0.6164058757065431,-0.17554222662811753,-0.7977722425200499,0.20909672685953176,-0.7524306508166733,0.11293698848761935,7.72,10.66159713900728,100,5.0
discovery,8,94,-0.6224855310356533,-0.17839356860582833,-0.8036654025917578,0.20264164195308448,-0.7583704347027319,0.1073828393133563,8.02,10.970445437724385,100,5.0
discovery,8,95,-0.6323566499807024,-0.17878816452287186,-0.8095892520447258,0.2075969735737877,-0.7652811015287202,0.11100068904962285,8.24,10.794129402166494,100,5.0
discovery,8,96,-0.6366881102838479,-0.18103144502404894,-0.8133323792557938,0.19959744160480036,-0.7691713120128072,0.10444021994758808,8.28,10.46219374367682,100,5.0
discovery,8,97,-0.6425169361218505,-0.16420201303363136,-0.8207624061066882,0.20118367508645632,-0.7762010386104785,0.10983725305643434,8.48,10.009116231670452,100,5.0
discovery,8,98,-0.6437989620497717,-0.1701164848524556,-0.8262200067544573,0.20331200432901886,-0.7806147455782857,0.10995488203365028,8.66,8.339405988401957,100,5.0
discovery,8,99,-0.6452936019682584,-0.16821047288190147,-0.8240033282701242,0.21152930624363608,-0.7793258966946576,0.1165943614622517,8.86,8.140021571193202,100,5.0
discovery,8,100,-0.6473986360092193,-0.16305364699628425,-0.8225548926731993,0.21861975695454086,-0.7787658285072044,0.12320140596683465,8.88,8.216196922981704,100,5.0
discovery,8,101,-0.6511425181828358,-0.16795810329023222,-0.8251893451890064,0.21712616140362723,-0.7816776384374642,0.12085509523016238,8.98,7.563519886341243,100,5.0
discovery,8,102,-0.6590164923021722,-0.181618852383682,-0.828111589559581,0.2146797172457822,-0.7858378152452293,0.11560507483841617,8.9,6.938074581321245,100,5.0
discovery,8,103,-0.6692885427291415,-0.17557991780796653,-0.8285814228004965,0.21977083453990853,-0.7887582027826574,0.12093314645293976,8.86,6.275314821836465,100,5.0
discovery,8,104,-0.6699719755142539,-0.1670065123549863,-0.8311839811358231,0.21480624808246088,-0.790880979730431,0.11935305797309907,8.78,5.81895097019103,100,5.0
discovery,8,105,-0.6777200882102808,-0.1636921943472587,-0.8363699550851128,0.2068509130669216,-0.7967074883664048,0.11421513621337648,8.88,6.161543790286666,100,5.0
discovery,8,106,-0.6741533916161069,-0.1777703675627117,-0.8393548978405502,0.20371372160780554,-0.7980545212844398,0.10834269931517629,8.8,6.377826311726855,100,5.0
discovery,8,107,-0.6815026774820168,-0.18097044261697953,-0.8394689468654835,0.2022719423039369,-0.7999773795196167,0.10646134607370787,8.88,7.14513941186448,100,5.0
discovery,8,108,-0.6781067024956335,-0.17333851259791544,-0.8387656209606918,0.1988468864382699,-0.7986008913444275,0.10580053667922361,9.12,8.460637135357628,100,5.0
discovery,8,109,-0.678535191176579,-0.1537167801761264,-0.8398974395641607,0.19586715910033467,-0.7995568774672651,0.10847117428121943,9.36,9.060705941383754,100,5.0
discovery,8,110,-0.6823374516623656,-0.16116805843192375,-0.8417243666448337,0.18690303390577573,-0.8018776378992165,0.09988526082135085,9.56,9.722275996236865,100,5.0
discovery,8,111,-0.6769207310887565,-0.14991764384282388,-0.845557754174218,0.18010250743750286,-0.8033984984028525,0.0975974696174212,9.9,10.712097352931693,100,5.0
discovery,8,112,-0.6738951064156699,-0.16087741005763306,-0.8505016988143627,0.17141632367308937,-0.8063500507146896,0.08834289024040869,10.4,10.353243512222186,100,5.0
discovery,8,113,-0.6813996014687287,-0.171630843142817,-0.8513585025767038,0.16800076583263465,-0.8088687772997101,0.08309286358877176,10.8,11.51436709849123,100,5.0
discovery,8,114,-0.6955070396841027,-0.17392708935115211,-0.8524497974688788,0.16683752257780085,-0.8132141080226846,0.0816463695955626,11.02,11.801306247595129,100,5.0
discovery,8,115,-0.7021972613731058,-0.17913398354025709,-0.8539197163837858,0.1675619883764122,-0.815989102631116,0.08088799539724487,11.22,14.22525608479409,100,5.0
discovery,8,116,-0.7116431711554386,-0.20406206553128606,-0.8536212334613572,0.1625338773517002,-0.8181267178848773,0.07088489163095361,11.16,13.845288554343423,100,5.0
discovery,8,117,-0.7230564056957296,-0.2188513787154142,-0.8557544283076383,0.15718802585953728,-0.8225799226546607,0.0631781747157994,11.2,12.477865175419197,100,5.0
discovery,8,118,-0.739343966831715,-0.22454794508849396,-0.8598200499862256,0.150196176340259,-0.8297010291975981,0.05651014598307077,11.26,11.27115671857896,100,5.0
discovery,8,119,-0.7567845476773887,-0.22589646569503036,-0.8650827352220163,0.14027436929760376,-0.8380081883358592,0.04873166054944526,11.12,11.401859056280447,100,5.0
discovery,8,120,-0.7714354679071578,-0.2058722244659598,-0.865046437404654,0.12255751430519077,-0.8416436950302797,0.04045007961240309,11.26,10.38863654773401,100,5.0
discovery,8,121,-0.7917829365173671,-0.18298615087844997,-0.8634200698350492,0.12260537826019335,-0.8455107865056287,0.046207495975532524,11.36,9.556105365209659,100,5.0
discovery,8,122,-0.8061382141356388,-0.15679689254898213,-0.8681251313977727,0.11851377610162511,-0.8526284020822391,0.04968610893897329,11.32,7.866315387483387,100,5.0
discovery,8,123,-0.8142339414735086,-0.13023168461331308,-0.8706591855144651,0.11301967107722778,-0.8565528745042263,0.052206832154592604,11.34,6.861037921489123,100,5.0
discovery,8,124,-0.8275449840764979,-0.11290605871835314,-0.8717682495632469,0.10825570664024094,-0.8607124331915599,0.05296526530059243,11.38,5.614100185601502,100,5.0
discovery,8,125,-0.8428218940014941,-0.09120319746480135,-0.8739346470065303,0.10954893030267115,-0.8661564587552713,0.059360898360803036,11.24,5.132491851983571,100,5.0
discovery,8,126,-0.845536797465832,-0.06394690177052065,-0.8768350404728771,0.11013962172046568,-0.869010479721116,0.06661799084771905,11.26,4.832399404806026,100,5.0
discovery,8,127,-0.855444334277883,-0.06122096124664069,-0.878932622984821,0.12165311597079483,-0.8730605508080864,0.07593459666643593,11.38,5.158316890274696,100,5.0
discovery,8,128,-0.8531168339053101,-0.04951763984744069,-0.8829546610994009,0.12620458256794523,-0.8754952043008782,0.08227402696409875,11.52,5.464404353393186,100,5.0
discovery,8,129,-0.856466330416009,-0.04230048380130055,-0.8905177030572787,0.12787896092550602,-0.8820048598969613,0.08533409974380433,11.6,6.081226455175946,100,5.0
discovery,8,130,-0.8584435830569757,-0.036849265182934424,-0.89525626167431,0.12515902711567656,-0.8860530920199767,0.08465695404102379,11.86,7.626699485296015,100,5.0
discovery,8,131,-0.8603182453220896,-0.043291971360158804,-0.9009246703467703,0.1350842422828995,-0.8907730640906003,0.09049018887213486,11.96,7.828661760206492,100,5.0
discovery,8,132,-0.8655310231368932,-0.049614981710497996,-0.9033859781369588,0.14622254633459833,-0.8939222393869422,0.09726316432332417,12.06,8.178001831860215,100,5.0
discovery,8,133,-0.8647306234997452,-0.03974606473287107,-0.9061609701609378,0.1498561148123952,-0.8958033834956397,0.10245556992607865,12.02,8.172744924790008,100,5.0
discovery,8,134,-0.8628191369734721,-0.034731389372496604,-0.9103441421011457,0.1545801762534032,-0.8984628908192271,0.10725228484692825,11.98,8.45250449651817,100,5.0
discovery,8,135,-0.867516516777401,-0.043582613612838515,-0.9147340230243344,0.15825457752956126,-0.9029296464626012,0.10779527974396133,11.94,8.349885304465278,100,5.0
discovery,8,136,-0.8706185321067015,-0.04405092681108925,-0.9212401683793827,0.16808790728063094,-0.9085847593112125,0.11505319875770095,11.96,7.742883948184368,100,5.0
discovery,8,137,-0.8755437629716909,-0.05767627078998732,-0.925529306630613,0.16714717104128765,-0.9130329207158826,0.11094131058346889,11.86,6.728342309210642,100,5.0
discovery,8,138,-0.8774441769936874,-0.06836509895333841,-0.9274211424319304,0.1688199478322694,-0.9149269010723698,0.10952368613586737,11.76,5.471826180423849,100,5.0
discovery,8,139,-0.8787309609822301,-0.0797078821479745,-0.9266546758956289,0.1794369595659367,-0.9146737471672793,0.11465074913745889,11.82,5.219766599877963,100,5.0
discovery,8,140,-0.8809692937401352,-0.08958057419552874,-0.924706788167121,0.18942086583568118,-0.913772414560375,0.11967050582787869,11.78,5.006047011685419,100,5.0
discovery,8,141,-0.8816184022299559,-0.09715420365390492,-0.9240998928055264,0.19614750244021703,-0.9134795201616336,0.12282207591668654,11.94,4.947766155279724,100,5.0
discovery,8,142,-0.883372981522175,-0.10334898142871161,-0.9252911078530707,0.20236862795990254,-0.9148115762703464,0.12593922561274898,11.96,5.051404539827196,100,5.0
discovery,8,143,-0.8833928357854437,-0.10657308891912624,-0.9223090112851344,0.20581889271832596,-0.9125799674102116,0.12772089730896283,12.04,5.346098999496627,100,5.0
discovery,8,144,-0.8828034802743506,-0.10491281977136321,-0.9209140127827038,0.20886360810430146,-0.9113863796556155,0.13041950113538525,12.04,5.764588762890868,100,5.0
discovery,8,145,-0.8824230730053241,-0.09252391612901333,-0.9208766148942986,0.20799883996232735,-0.9112632294220546,0.1328681509394921,12.14,5.962913029371923,100,5.0
discovery,8,146,-0.8808148336856187,-0.09385283950507141,-0.9213264956273363,0.2073464337056377,-0.9111985801419066,0.13204661540296042,12.22,5.977591421999998,100,5.0
discovery,8,147,-0.8864964274791639,-0.09949769465619383,-0.9215999701705476,0.2073330527883049,-0.9128240844977016,0.13062536592718016,12.28,6.17086923723989,100,5.0
discovery,8,148,-0.892620079037224,-0.1010383419342622,-0.9280041377019124,0.201266672431864,-0.9191581230357403,0.12569041884033247,12.26,5.730518530646715,100,5.0
discovery,8,149,-0.8936726457805433,-0.09926697920850383,-0.9323930676020257,0.19891873605229157,-0.9227129621466552,0.1243723072370927,12.36,5.790743723615868,100,5.0
discovery,8,150,-0.8941779871716159,-0.10433380421796126,-0.9351116204188997,0.1996083624199303,-0.9248782121070785,0.12362282076045741,12.4,6.158731754144355,100,5.0
discovery,8,151,-0.8977053930069405,-0.0975457933617725,-0.934729881838536,0.19451181496335226,-0.9254737596306368,0.12149741288207105,12.3,6.18861895411134,100,5.0
discovery,8,152,-0.9002997140368666,-0.09865524666426669,-0.9360320449070524,0.1883811509427899,-0.9270989621895059,0.11662205154102576,12.36,5.8962197306818345,100,5.0
discovery,8,153,-0.8984759930372518,-0.10345700355750852,-0.9375473534469433,0.18158221066994584,-0.9277795133445204,0.11032240711308228,12.28,5.919345116802514,100,5.0
discovery,8,154,-0.8947024059953327,-0.10835015306249372,-0.9380852128403575,0.1810948810688407,-0.9272395111291014,0.10873362253600716,12.22,6.122149639470609,100,5.0
discovery,8,155,-0.8923716035772411,-0.11261064496497919,-0.9365751455089165,0.18818165495865158,-0.925524260025998,0.11298357997774389,12.2,6.425824316572768,100,5.0
discovery,8,156,-0.8947895106716236,-0.11997046323856832,-0.9347562170070703,0.19262520344323925,-0.9247645404232085,0.11447628677278734,12.16,6.395511018207753,100,5.0
discovery,8,157,-0.8944014501161633,-0.11143918730617729,-0.934453504547682,0.19108434093053164,-0.9244404909398027,0.1154534588713544,12.14,6.423675853105019,100,5.0
discovery,8,158,-0.8953096737971589,-0.08273347624234141,-0.9323269258993889,0.19529938504280128,-0.9230726128738311,0.12579116972151555,12.16,6.277885199204182,100,5.0
discovery,8,159,-0.8910734971209862,-0.07783395012998184,-0.9324885661045927,0.18952073719140353,-0.9221347988586911,0.12268206536105715,12.12,6.205229132314418,100,5.0
discovery,8,160,-0.8872363264695564,-0.0795161400306926,-0.9313109689966194,0.1896206385523096,-0.9202923083648541,0.12233644390655905,12.1,6.038858970517364,100,5.0
discovery,8,161,-0.8812349028168672,-0.09104610372598099,-0.9330221016030108,0.19135679353762786,-0.920075301906475,0.12075606922172559,12.02,5.88491548601827,100,5.0
discovery,8,162,-0.8831995285775691,-0.09969625438008953,-0.9325120458136437,0.19332548989040407,-0.920183916504625,0.12007005382278059,12.1,5.780734847341589,100,5.0
discovery,8,163,-0.8857135292259004,-0.10421626551265,-0.9330552501494983,0.19614325707388217,-0.9212198199185986,0.12105337642724914,12.14,5.69430911188964,100,5.0
discovery,8,164,-0.8869147492023071,-0.11421250486804123,-0.9333928116893598,0.1912463320635882,-0.921773296067597,0.11488162283068093,12.14,5.577075772097858,100,5.0
discovery,8,165,-0.8927497814077604,-0.1059664735236315,-0.937510487532255,0.17542811558208155,-0.9263203110011317,0.10507946830565328,12.18,5.2048859719687455,100,5.0
discovery,8,166,-0.8942670353775837,-0.10282518535607289,-0.9426605822046348,0.16234399447515932,-0.9305621954978721,0.09605169951735122,12.24,5.10513203982513,100,5.0
discovery,8,167,-0.895890171973714,-0.09515847290081321,-0.9468634538054802,0.14775674037060402,-0.9341201333475385,0.08702793705274965,12.32,5.171754771240704,100,5.0
discovery,8,168,-0.9067145952767774,-0.08646083181333215,-0.9468392330038347,0.14220595341010778,-0.9368080735720703,0.0850392571042478,12.38,5.3982196189146565,100,5.0
discovery,8,169,-0.9101389545667459,-0.0907451170097001,-0.943418434518877,0.1466791459043158,-0.9350985645308444,0.08732308017581177,12.56,5.821891716663495,100,5.0
discovery,8,170,-0.9101883697050879,-0.09904771652666688,-0.9418797423706347,0.1535592981936563,-0.9339568992042477,0.09040754451357536,12.74,6.478460315772541,100,5.0
discovery,8,171,-0.9091611882098392,-0.08718746896464136,-0.9424373414690651,0.15085585100915666,-0.9341183031542586,0.0913450210157072,12.88,6.632650346939148,100,5.0
discovery,8,172,-0.9090963350646503,-0.081475179901258,-0.9442539009230945,0.14706114471584952,-0.9354645094584833,0.08992706356157268,12.86,6.936650612882561,100,5.0
discovery,8,173,-0.9156937231627406,-0.08078840473267851,-0.9432852603620205,0.14361889603741804,-0.9363873760621999,0.08751707084489388,12.84,7.164450911836271,100,5.0
discovery,8,174,-0.9129556152824574,-0.08229878793801175,-0.9406006980890538,0.1443449485108818,-0.9336894273874052,0.08768401439865832,12.82,7.379507520409819,100,5.0
discovery,8,175,-0.9191164293774621,-0.0931461941511685,-0.9398070723733154,0.1402331786106084,-0.9346344116243519,0.08188833542016419,12.9,7.381015493257654,100,5.0
discovery,8,176,-0.9261373557742897,-0.09779205877551604,-0.9403511214333262,0.13343347321068397,-0.9367976800185673,0.07562709021413395,12.9,7.156658703585037,100,5.0
discovery,8,177,-0.9325382837099493,-0.11619869599553738,-0.936694049248307,0.13507714790240524,-0.9356551078637176,0.0722581869279196,12.84,6.322387146400556,100,5.0
discovery,8,178,-0.9327382335026985,-0.12111330322179346,-0.9322560552927815,0.13722602545075158,-0.932376599845261,0.07264119328261531,12.8,5.767036210962545,100,5.0
discovery,8,179,-0.9365965016973771,-0.12295162428859635,-0.9303449201358819,0.13889531728766563,-0.9319078155262553,0.07343358189360011,12.88,5.27942557846639,100,5.0
discovery,8,180,-0.9373711287938772,-0.12432210409308805,-0.9259202883053144,0.1451221481725991,-0.9287829984274555,0.07776108510617732,12.94,4.910522399378582,100,5.0
discovery,8,181,-0.9393177150759329,-0.13699909092618076,-0.926149798721932,0.14010102526378346,-0.9294417778104325,0.07082599621629238,12.98,4.962929362525458,100,5.0
discovery,8,182,-0.9414785133896879,-0.13905692694164326,-0.9224330343555386,0.15295454718823942,-0.9271944041140763,0.07995167865576877,13.0,4.873809301510783,100,5.0
discovery,8,183,-0.9445297831153383,-0.13845391911249036,-0.920393988509773,0.15980327440934347,-0.9264279371611643,0.08523897602888503,13.02,4.895818315328075,100,5.0
discovery,8,184,-0.9449249881803048,-0.1310603477875153,-0.9191233853930868,0.15870080856881386,-0.9255737860898915,0.08626051947973154,12.98,5.064756571720492,100,5.0
discovery,8,185,-0.9440237209997625,-0.11896032700267338,-0.9153580160114747,0.16424359157785615,-0.9225244422585461,0.09344261193272377,13.04,5.695309555399601,100,5.0
discovery,8,186,-0.9403907174467483,-0.12254300240592732,-0.9158337230914207,0.15662927888071068,-0.9219729716802523,0.08683620855905116,13.06,6.0122641568739335,100,5.0
discovery,8,187,-0.9385032145147834,-0.12887494424071136,-0.9194520818087453,0.14837109154081374,-0.9242148649852544,0.07905958259543247,13.0,6.323431190557629,100,5.0
discovery,8,188,-0.9395646308463218,-0.12386210085933451,-0.9203833643532999,0.13972838887758365,-0.9251786809765556,0.07383076644335414,13.02,6.774424164734531,100,5.0
discovery,8,189,-0.9377891473963709,-0.1171882118318741,-0.9194754645051421,0.13813363964260889,-0.9240538852279494,0.07430317677398814,12.9,6.934338998554437,100,5.0
discovery,8,190,-0.9408476087127486,-0.1116974260051407,-0.9188303145124959,0.13014777268515682,-0.9243346380625589,0.06968647301258242,12.94,6.475497122528096,100,5.0
discovery,8,191,-0.9432894310397311,-0.10850798810671289,-0.9196194010172128,0.1376806263767176,-0.9255369085228424,0.07613347275586003,12.98,6.389736668726923,100,5.0
discovery,8,192,-0.9433244178223625,-0.11580118376425858,-0.9197915577901183,0.14036842160802845,-0.9256747727981791,0.07632602026495668,13.0,6.222316394105089,100,5.0
discovery,8,193,-0.9400602119108779,-0.12090298118051498,-0.9204778544567789,0.1434921470587149,-0.9253734438203035,0.07739336499890737,12.96,6.142869460370187,100,5.0
discovery,8,194,-0.9362900055680803,-0.14073694575676235,-0.9197388697219913,0.13843155316925435,-0.9238766536835139,0.06863942843775017,12.92,5.89357069038202,100,5.0
discovery,8,195,-0.9304734863895456,-0.15669086019093267,-0.9209376166760456,0.13547811122544778,-0.9233215841044207,0.06243586837135264,12.96,5.272924897197496,100,5.0
discovery,8,196,-0.9266154691458388,-0.16558132734287884,-0.9217399310424507,0.14043030666375678,-0.9229588155682977,0.06392739816209789,13.04,5.562005824511289,100,5.0
discovery,8,197,-0.9259894775863848,-0.1614329521696613,-0.9209448507672179,0.1405261249207584,-0.9222060074720099,0.06503635564815347,13.08,5.764837192742715,100,5.0
discovery,8,198,-0.9276354121446642,-0.1544063317828957,-0.9188751576004095,0.14453132613102462,-0.9210652212364733,0.06979691165254456,13.1,5.747885713256359,100,5.0
discovery,8,199,-0.9293012349975295,-0.1502401404871257,-0.9176989482874465,0.14332062330759515,-0.9205995199649677,0.069930432358915,13.1,5.929687109281087,100,5.0
discovery,8,200,-0.930500432567618,-0.15714824112042577,-0.9157982845996545,0.14186541629200705,-0.9194738215916455,0.06711200193889882,13.2,6.108742549057655,100,5.0
discovery,9,0,-0.3340376378561027,0.16458841524106838,0.021369677034172887,-0.03598785658805634,-0.06748215168839602,0.01415621136922484,0.0,0.0,100,5.0
discovery,9,1,-0.33455991749459324,0.17493426081861052,0.008673455679885542,-0.029859568030941214,-0.07713488761373416,0.021338889181446725,1.56,72.3644906093223,100,5.0
discovery,9,2,-0.3179561586072897,0.1819128517943839,-0.0014187956280231632,-0.031196671569892136,-0.08055313637283984,0.02208070927117688,1.66,67.48252332709646,100,5.0
discovery,9,3,-0.3032815677657012,0.2090189646331545,-0.0059402895223037155,-0.029139305371234134,-0.08027560908315301,0.030400262129863017,1.68,72.10890858703058,100,5.0
discovery,9,4,-0.2922228555270177,0.22724156632716347,-0.013212025452238575,-0.03538404473794561,-0.0829647329709334,0.030272358028331694,1.82,71.89493161950836,100,5.0
discovery,9,5,-0.2659079979092006,0.25044180178462816,-0.01790644897197072,-0.03935293834792397,-0.07990683620627813,0.03309574668521402,1.9,65.66728880874439,100,5.0
discovery,9,6,-0.23496835999752133,0.2667726413726504,-0.021437294418491255,-0.04423227790767719,-0.07482006081324878,0.03351895191240464,2.06,63.014060674904016,100,5.0
discovery,9,7,-0.21613895352864465,0.27041478076595393,-0.034227511921194505,-0.04745025073713371,-0.07970537232305705,0.032016007138638204,2.2,63.67384301200687,100,5.0
discovery,9,8,-0.19902999817865635,0.2698582675727506,-0.04740874069317867,-0.05952079358825145,-0.08531405506454813,0.02282397170199906,2.26,63.17778037505962,100,5.0
discovery,9,9,-0.20063734129268038,0.2729490996938179,-0.05853694805446955,-0.06653850745728898,-0.09406204636402223,0.018333394330487755,2.34,60.72028807047359,100,5.0
discovery,9,10,-0.20423370926029946,0.2734529176185064,-0.0670446198803917,-0.06643714868110522,-0.10134189222536864,0.01853536789379767,2.24,56.160096888049104,100,5.0
discovery,9,11,-0.2059105826514076,0.2758755717111882,-0.07826823557868902,-0.0678793985491184,-0.11017882234686865,0.01805934401595827,2.2,55.050115723130126,100,5.0
discovery,9,12,-0.20661252925603651,0.2795463177254948,-0.08837084137626625,-0.06296168202913509,-0.11793126334620889,0.022665317909522368,2.06,44.85773102733128,100,5.0
discovery,9,13,-0.20315784894583952,0.2786881373830682,-0.09438448991474456,-0.0514563202093452,-0.12157782967251823,0.031079794188758187,1.96,44.033946358329224,100,5.0
discovery,9,14,-0.21797503423762385,0.277240020033353,-0.10276358461285222,-0.04719334508544022,-0.13156644701904507,0.03391499619425811,2.08,38.49140827467956,100,5.0
discovery,9,15,-0.21972162020264147,0.28358167369103826,-0.11776960862584493,-0.04773306257515908,-0.14325761152004404,0.03509562149139024,2.16,37.41064108431481,100,5.0
discovery,9,16,-0.2251813657972647,0.2987830032391284,-0.1282401460140737,-0.04686783324285247,-0.15247545095987133,0.03954487587764273,2.22,33.34013052962865,100,5.0
discovery,9,17,-0.23550994908257628,0.30737843425697703,-0.1392696028532776,-0.052433518867338914,-0.1633296894106022,0.03751946941374006,2.32,31.341702687350054,100,5.0
discovery,9,18,-0.24028382525411487,0.30384615550072835,-0.15101076764478566,-0.05554322004384014,-0.17332903204711786,0.03430412384230196,2.36,36.59229688633623,100,5.0
discovery,9,19,-0.25146914379880575,0.2994117232772588,-0.1616195870829028,-0.05780371932616983,-0.1840819762618785,0.03150014132468732,2.32,35.905691523013694,100,5.0
discovery,9,20,-0.26161457907862096,0.2873655933916444,-0.17032531836868076,-0.06451444936419716,-0.19314763354616563,0.023455561324763244,2.38,34.640186295408306,100,5.0
discovery,9,21,-0.26879893367212554,0.27551129522264817,-0.18303069403511743,-0.06645519515183827,-0.20447275394436942,0.01903642744178329,2.54,33.1202533099724,100,5.0
discovery,9,22,-0.2788770476323015,0.2591844067714822,-0.20004989964112263,-0.06477922705842927,-0.21975668663891731,0.016211681399048602,2.66,32.352681940219256,100,5.0
discovery,9,23,-0.2895572283275776,0.23629166011816516,-0.20675675426898685,-0.06489296911358383,-0.22745687278363455,0.01040318819435342,2.74,30.845643568415547,100,5.0
discovery,9,24,-0.2954804920401612,0.22341055602900134,-0.2222006087583775,-0.05974575463071054,-0.24052057957882336,0.01104332303421747,2.7,30.18939834502339,100,5.0
discovery,9,25,-0.305578015055746,0.2100128853334996,-0.23732003435904087,-0.0552693769119959,-0.25438452953321705,0.011051188649377952,2.72,27.851914736431205,100,5.0
discovery,9,26,-0.311122840668677,0.21566677296752537,-0.24954777180778237,-0.046837041118478986,-0.2649415390230059,0.01878891240302206,2.8,29.872384471402228,100,5.0
discovery,9,27,-0.30504643470878406,0.20975716022356725,-0.26049594635833473,-0.04134037736868493,-0.2716335684459471,0.021434007029378095,2.92,29.59323034302317,100,5.0
discovery,9,28,-0.295441344140216,0.21695481170941947,-0.27054192490627893,-0.030779427776323434,-0.27676677971476304,0.031154132095112263,2.92,27.6353783804741,100,5.0
discovery,9,29,-0.27482979884248093,0.20786745927584355,-0.27914018601587953,-0.03318436957783327,-0.27806258922252974,0.027078587635585936,2.84,24.376400714859926,100,5.0
discovery,9,30,-0.26210588377964417,0.19898512091409173,-0.29208536376774896,-0.02675927653694975,-0.2845904937707227,0.0296768228258106,2.86,23.847780809982865,100,5.0
discovery,9,31,-0.26302828246275095,0.20139512827014022,-0.3044843161821082,-0.01960872496448759,-0.2941203077522689,0.035642238344169345,2.98,25.422800875748194,100,5.0
discovery,9,32,-0.27855613938164486,0.20073321253127066,-0.3169190319705123,-0.013066594927607532,-0.30732830882329554,0.04038335693711201,3.02,23.966187668380915,100,5.0
discovery,9,33,-0.28280774894723815,0.2037447821459084,-0.3271151945284491,-0.008758098201309962,-0.31603833313314633,0.044367621885494604,3.06,22.255816644594503,100,5.0
discovery,9,34,-0.2925506910371117,0.20787494769548967,-0.32887873607022017,0.005433543434757923,-0.31979672481194305,0.05604389449994082,3.18,18.43165959818195,100,5.0
discovery,9,35,-0.3019663929486283,0.22256751023022608,-0.33216442410179936,0.010189877165711016,-0.3246149163135065,0.0632842854318398,3.2,17.174350217323965,100,5.0
discovery,9,36,-0.3082618189296649,0.22466414743192473,-0.33325854449709025,0.017210940685953097,-0.327009363105234,0.06907424237244603,3.38,15.074542244981767,100,5.0
discovery,9,37,-0.3192867709698938,0.23940538017105667,-0.33507629903640984,0.01994524091701012,-0.3311289170197809,0.07481027573052179,3.44,17.583976474033648,100,5.0
discovery,9,38,-0.32531303632761976,0.23500248982930372,-0.3433501996523092,0.021824323543833325,-0.33884090882113677,0.07511886511520087,3.54,20.28716187164948,100,5.0
discovery,9,39,-0.3268755342320499,0.23964254714536434,-0.3532928189791243,0.01999785398359747,-0.34668849779235544,0.07490902727403924,3.76,23.602529968110584,100,5.0
discovery,9,40,-0.34008498883922766,0.2444914302619569,-0.3690991018780259,0.01102449539284536,-0.3618455736183263,0.06939122911012324,3.8,20.86729230304981,100,5.0
discovery,9,41,-0.34932879984462173,0.23265515836812956,-0.3798872351990027,0.004084358968014318,-0.37224762636040754,0.06122705881804314,3.82,19.103282537406486,100,5.0
discovery,9,42,-0.3643400250776979,0.2460403413942184,-0.39760150170397174,-0.0005576462687736579,-0.3892861325474033,0.061091850646974366,3.96,19.47315709224971,100,5.0
discovery,9,43,-0.37557129811795553,0.25057003056637656,-0.40635150199680403,-0.0022641964715209863,-0.39865645102709196,0.060944360287953414,3.88,17.867242609049306,100,5.0
discovery,9,44,-0.3714163791554824,0.2513770295974651,-0.40797170478547573,0.00021038559010769047,-0.39883287337797735,0.06300204659194703,4.0,17.822441415222787,100,5.0
discovery,9,45,-0.37508507045314227,0.2530555379181654,-0.41574664370528297,-0.0010762548575602748,-0.40558125039224785,0.06245669333637117,4.16,16.931483263076135,100,5.0
discovery,9,46,-0.3766577482728403,0.25285900571496833,-0.42480047677690264,-0.0017024265865595082,-0.4127647946508871,0.06193793148882245,4.36,18.13955610545949,100,5.0
discovery,9,47,-0.3818154859069564,0.24012893903258228,-0.4366243100884412,-0.005918349886811611,-0.4229221040430702,0.055593472343036875,4.34,16.575598885438325,100,5.0
discovery,9,48,-0.3856406471058991,0.23096331414788931,-0.44040460313360286,-0.010540746982917782,-0.4267136141266768,0.049835268299783984,4.44,14.893874508857824,100,5.0
discovery,9,49,-0.39256729437139576,0.22143438921523317,-0.4459996379981115,-0.007652778842380474,-0.4326415520914326,0.049619013172022906,4.54,15.12928400499474,100,5.0
discovery,9,50,-0.3954053253592141,0.2211269891655807,-0.4474311948348714,0.0006493516226402921,-0.4344247274659573,0.055768761008375425,4.5,14.662456794498018,100,5.0
discovery,9,51,-0.3883746656037313,0.22866279761652425,-0.4516965368781074,0.01565144286781236,-0.4358660690595134,0.06890428155499033,4.62,15.024237902407803,100,5.0
discovery,9,52,-0.3902485477147901,0.22955024534202007,-0.45329797388445636,0.033331298973218904,-0.4375356173420398,0.08238603556541921,4.76,17.821403030964444,100,5.0
discovery,9,53,-0.3921132433827864,0.2397403722545079,-0.4558494678979951,0.04569882890066978,-0.4399154117691926,0.0942092147391293,4.94,16.910079347136527,100,5.0
discovery,9,54,-0.39916543145837935,0.24311490972112598,-0.45298659301307564,0.056583301996091975,-0.43953130262440143,0.1032162039273505,4.94,15.996849631449653,100,5.0
discovery,9,55,-0.4070775529269585,0.2442790754667788,-0.4562137599374466,0.05659581172926569,-0.4439297081848247,0.10351662766364395,4.9,14.163702038094241,100,5.0
discovery,9,56,-0.43006913873912866,0.23728177086857244,-0.4594241009922959,0.06352227632144296,-0.4520853604290042,0.10696214995822519,4.84,14.386194017617367,100,5.0
discovery,9,57,-0.4397765313899886,0.22611070338946235,-0.4658978436457558,0.06955064610113812,-0.4593675155818138,0.10869066042321916,4.72,12.088232679135068,100,5.0
discovery,9,58,-0.44703813056113306,0.21802048036974345,-0.46924127514667435,0.0803696693576403,-0.4636904890002891,0.11478237211066611,4.62,9.486475076133924,100,5.0
discovery,9,59,-0.45129912179828563,0.21775706500251935,-0.4731685689552057,0.0882699307999916,-0.4677012071659758,0.12064171435062354,4.46,8.733473259890603,100,5.0
discovery,9,60,-0.4508169459417736,0.21906344241752204,-0.47800072717847797,0.09183681210089273,-0.471204781869302,0.12364346968005002,4.46,8.72119542226095,100,5.0
discovery,9,61,-0.4576569689767508,0.20880483092576418,-0.4856011195900417,0.09337492005462308,-0.4786150819367191,0.12223239777240837,4.54,9.78183367309188,100,5.0
discovery,9,62,-0.4584720224187658,0.20393114164482284,-0.493511514068232,0.08330343657102265,-0.48475164115586544,0.11346036283947271,4.8,14.901476935725379,100,5.0
discovery,9,63,-0.4604291426330076,0.20364451171898504,-0.5035784903395323,0.07927990548121452,-0.4927911534129008,0.1103710570406571,4.94,16.570334562980996,100,5.0
discovery,9,64,-0.4629255143214812,0.2030323127100541,-0.5120001146660634,0.07367906032985634,-0.49973146457991774,0.10601737342490578,5.04,15.785312269767967,100,5.0
discovery,9,65,-0.4710044468597424,0.2033452322855302,-0.512500514208254,0.06737675096221075,-0.5021264973711261,0.10136887129304056,5.02,13.648628168665427,100,5.0
discovery,9,66,-0.4753551467936314,0.2075654311158166,-0.5131368022176139,0.06864889799342533,-0.5036913883616183,0.10337803127402316,4.92,12.488536313405156,100,5.0
discovery,9,67,-0.48462569401729155,0.21053990935626266,-0.5158892589602282,0.07313017524038244,-0.5080733677244936,0.1074826087693525,4.86,10.393300008047952,100,5.0
discovery,9,68,-0.48674750344599377,0.21706832164007256,-0.5154471889856805,0.07098756172213008,-0.5082722676007589,0.10750775170161568,4.78,8.91897198068262,100,5.0
discovery,9,69,-0.48197350927680005,0.22738061210170935,-0.5165058252510594,0.07589796276721848,-0.507872746257494,0.11376862510084118,4.78,9.075775525325342,100,5.0
discovery,9,70,-0.4822429821049961,0.23352173897775796,-0.5194059439181398,0.07110542655187317,-0.5101152034648541,0.11170950465834435,4.84,9.596815388630704,100,5.0
discovery,9,71,-0.4790679728184823,0.23159574043130365,-0.5233582450773865,0.07253563079388908,-0.5122856770126603,0.11230065820324274,4.92,10.757356705852175,100,5.0
discovery,9,72,-0.4804730616602606,0.2327576230826213,-0.5239947692945915,0.0753869812637421,-0.5131143423860087,0.11472964171846194,5.02,10.193468080383072,100,5.0
discovery,9,73,-0.4901700112173924,0.24005606917317515,-0.5200665321223198,0.07556402605847234,-0.5125924018960881,0.11668703683714801,5.16,14.418920852507666,100,5.0
discovery,9,74,-0.5045781918597271,0.24159161261587336,-0.5177206220679446,0.07703940569831644,-0.5144350145158902,0.11817745742770568,5.3,15.755256501701112,100,5.0
discovery,9,75,-0.5065610607548494,0.23743017761281437,-0.5211556628695635,0.08054213262445863,-0.5175070123408847,0.11976414387154756,5.4,16.55171122472943,100,5.0
discovery,9,76,-0.5043001651152834,0.23368398069606544,-0.5229424195463096,0.08825222089338644,-0.5182818559385531,0.12461016084405616,5.48,16.989025569043257,100,5.0
discovery,9,77,-0.5040408783535593,0.22852852458739592,-0.5163339463890065,0.09548389379033645,-0.5132606793801446,0.12874505148960122,5.54,15.795286110706394,100,5.0
discovery,9,78,-0.5196420992812607,0.21347530643378004,-0.5162724470877482,0.0960847347710256,-0.5171148601361264,0.12543237768671417,5.52,15.714482940679543,100,5.0
discovery,9,79,-0.538914042515246,0.19560057980786108,-0.5203915863699624,0.0932757737479994,-0.5250222004062837,0.11885697526296485,5.44,12.810619635794708,100,5.0
discovery,9,80,-0.5592505782617397,0.18393638499087658,-0.5258616052387883,0.09775228268310267,-0.5342088484945261,0.11929830826004623,5.48,13.621742350924924,100,5.0
discovery,9,81,-0.5749399601406209,0.17728191597857884,-0.5347933271941464,0.09353867356217987,-0.544829985430765,0.1144744841662796,5.5,11.821286159224115,100,5.0
discovery,9,82,-0.5782002093129668,0.17513238496231526,-0.5389432808233419,0.08399946357286119,-0.5487575129457481,0.10678269392022471,5.42,11.122902633586127,100,5.0
discovery,9,83,-0.589383068023675,0.18134616335266188,-0.5404872824937716,0.0759246440731312,-0.5527112288762475,0.10228002389301384,5.36,9.090492406731324,100,5.0
discovery,9,84,-0.6039950002049157,0.18875797950174122,-0.5412253896944521,0.06582065295986739,-0.5569177923220683,0.0965549845953358,5.38,8.59724054432818,100,5.0
discovery,9,85,-0.6076887696723355,0.19370822330731025,-0.5429201751281041,0.05392203686122933,-0.5591123237641622,0.08886858347274951,5.34,7.536005654125728,100,5.0
discovery,9,86,-0.6125449695822182,0.19465562035131953,-0.5485553486927812,0.05239289997588991,-0.5645527539151407,0.08795858006974731,5.3,6.319887900063439,100,5.0
discovery,9,87,-0.6154638100529002,0.20391729194080713,-0.5540347357243918,0.049545756763538,-0.5693920043065192,0.08813864055785528,5.34,9.133745543160993,100,5.0
discovery,9,88,-0.6192390973873639,0.20435622807863843,-0.5540608332933082,0.057117816912714496,-0.5703553993168226,0.09392741970419545,5.4,11.651282199878787,100,5.0
discovery,9,89,-0.6216836672111729,0.2042702164363269,-0.55439669406877,0.06259862509508633,-0.571218437354371,0.09801652293039648,5.62,12.612818303835263,100,5.0
discovery,9,90,-0.6268025990523257,0.20837606712436052,-0.5508028365463736,0.06554387530856327,-0.5698027771728617,0.1012519232625126,5.66,12.17203009920184,100,5.0
discovery,9,91,-0.6374188227956382,0.20872287440156798,-0.5538958055085185,0.06844115590261472,-0.5747765598302985,0.10351158552735296,5.68,10.565557976411224,100,5.0
discovery,9,92,-0.6333624112010254,0.21571493394138197,-0.5557721047499389,0.07554309132845469,-0.5751696813627104,0.11058605198168654,5.66,10.071279180965124,100,5.0
discovery,9,93,-0.6182284100334169,0.2240447123321911,-0.5488020884888195,0.0822537026689558,-0.5661586688749687,0.11770145508476468,5.7,8.4678420465629,100,5.0
discovery,9,94,-0.6120139425813391,0.22914871257295144,-0.543989189948681,0.08822425873477585,-0.5609953781068454,0.1234553721943198,5.8,7.825204454417874,100,5.0
discovery,9,95,-0.6055624324392938,0.23272286576949228,-0.5437038710063287,0.0907944170780176,-0.5591685113645699,0.1262765292508863,5.92,8.166686094552746,100,5.0
discovery,9,96,-0.6014779039608169,0.23957445632402696,-0.54317711153173,0.09395446851817058,-0.5577523096390017,0.13035946546963464,6.02,11.015343030821457,100,5.0
discovery,9,97,-0.5958724439494724,0.2414450927176431,-0.5396624430589563,0.09086073824101062,-0.5537149432815854,0.12850682686016876,6.02,11.312684452778889,100,5.0
discovery,9,98,-0.5993200998105339,0.23057934215531667,-0.540069168511679,0.08261709951994076,-0.5548819013363926,0.11960766017878476,5.88,10.456571533923219,100,5.0
discovery,9,99,-0.6052582130418788,0.23692001477836405,-0.53782667540711,0.08099695293465477,-0.5546845598158022,0.11997771839558209,5.92,10.465171495547878,100,5.0
discovery,9,100,-0.6061599812083748,0.23303952512074766,-0.5373884891641608,0.07540083149229079,-0.5545813621752145,0.11481050489940502,5.8,10.473427588340972,100,5.0
discovery,9,101,-0.599764734506709,0.21065922510988278,-0.5391260241622211,0.0720831193402398,-0.5542857017483431,0.10672714578265052,5.72,7.482588622526596,100,5.0
discovery,9,102,-0.6034318956190449,0.19351743569387517,-0.5470100499664005,0.06861777419601725,-0.5611155113795617,0.09984268957048176,5.9,9.095252963543224,100,5.0
discovery,9,103,-0.6135123581597951,0.19237957576572634,-0.555182934302295,0.05866294539813637,-0.56976529026667,0.0920921029900339,6.0,9.51566793058723,100,5.0
discovery,9,104,-0.6248341042380828,0.19514388420275708,-0.5625729336101298,0.050631989471002684,-0.5781382262671179,0.08675996315394131,6.12,10.102885156081895,100,5.0
discovery,9,105,-0.6341786778773679,0.19075053840859055,-0.5689632556554586,0.041685080962539596,-0.5852671112109359,0.07895144532405236,6.38,11.41029999439001,100,5.0
discovery,9,106,-0.6517882480944133,0.19191441798251405,-0.5722281779267852,0.03778949482694342,-0.592118195468692,0.07632072561583612,6.4,11.662569458162457,100,5.0
discovery,9,107,-0.6697241966953282,0.17386021904275148,-0.5774574345616913,0.04041879171046125,-0.6005241250951009,0.07377914854353387,6.42,10.796670483603148,100,5.0
discovery,9,108,-0.684759341830858,0.15739438467450964,-0.5741608537645497,0.042211106392523706,-0.6018104757811268,0.07100692596302019,6.42,10.330183979790181,100,5.0
discovery,9,109,-0.6962955359433097,0.15257579717464456,-0.5782379871454018,0.040523353878769965,-0.6077523743448787,0.06853646470273858,6.46,10.123864313915846,100,5.0
discovery,9,110,-0.7078007238445585,0.15092703811910188,-0.5843337317368958,0.03738194922135754,-0.6152004797638119,0.0657682214457936,6.38,9.568205689323584,100,5.0
discovery,9,111,-0.7113972070347409,0.16488572283833822,-0.5904501918853245,0.03726166802790575,-0.6206869456726788,0.06916768173051384,6.46,10.808281435570008,100,5.0
discovery,9,112,-0.7175294741674473,0.17558381968534129,-0.5991173580672737,0.04097010700777362,-0.628720387092317,0.07462353517716554,6.48,10.621529436718154,100,5.0
discovery,9,113,-0.7251775369525351,0.19248432340656396,-0.606164747049904,0.04452198691867954,-0.6359179445255616,0.08151257104065061,6.56,10.795459411543835,100,5.0
discovery,9,114,-0.7270104497486487,0.2063050736349,-0.6186757103950188,0.0461979965981474,-0.6457593952334263,0.08622476585733553,6.68,10.7908208838081,100,5.0
discovery,9,115,-0.7357712617539272,0.23226182318850122,-0.6273127910456698,0.05064043884999343,-0.6544274087227341,0.09604578493462036,6.96,11.337148370134392,100,5.0
discovery,9,116,-0.7427768374681161,0.257168422614812,-0.6330742030583281,0.05590246151425629,-0.6604998616607749,0.10621895178939521,7.12,11.590586472178872,100,5.0
discovery,9,117,-0.7344541864070265,0.2710855103183929,-0.6403770613398992,0.06967513419266937,-0.6638963426066812,0.1200277282241002,7.24,11.658491047677957,100,5.0
discovery,9,118,-0.732050330087915,0.2880228822768167,-0.6448744083563708,0.08011795927267111,-0.666668388789257,0.1320941900237075,7.3,11.658788185052863,100,5.0
discovery,9,119,-0.7334042903963458,0.2927639132217513,-0.6473623970912062,0.09032867576551179,-0.6688728704174908,0.14093748512957166,7.26,11.415423915261567,100,5.0
discovery,9,120,-0.758110605145139,0.2945681330432318,-0.6532129292355839,0.10736029688324893,-0.6794373482129724,0.1541622559232447,7.28,10.738632704158736,100,5.0
discovery,9,121,-0.7798141869687353,0.28486068302062284,-0.659742182263739,0.1153021234699925,-0.6897601834399876,0.15769176335765,7.38,10.477854582543978,100,5.0
discovery,9,122,-0.7931336909459386,0.26986915036417164,-0.6614301585192949,0.12266644385496465,-0.6943560416259561,0.1594671204822664,7.26,9.939186033223136,100,5.0
discovery,9,123,-0.8022196962380059,0.26268586836396346,-0.662346356200976,0.12536149959606058,-0.6973146912102335,0.15969259178803621,7.2,9.48345394941035,100,5.0
discovery,9,124,-0.7931051432134236,0.26489865735754287,-0.6617808668604986,0.12992553160425022,-0.6946119359487297,0.16366881304257333,7.18,8.91791028780331,100,5.0
discovery,9,125,-0.7990059572474731,0.24792350069578234,-0.6625610877890089,0.13396227230963098,-0.696672305153625,0.16245257940616883,7.06,7.573913987964788,100,5.0
discovery,9,126,-0.7981986355056547,0.24939360720436837,-0.6597936838015881,0.14304530837276863,-0.6943949217276049,0.1696323830806686,7.08,9.288592515505185,100,5.0
discovery,9,127,-0.8019138518134064,0.25549561023998973,-0.6627065967445669,0.14998295341525655,-0.6975084105117769,0.17636111762143986,7.4,10.44357589470912,100,5.0
discovery,9,128,-0.8050046078583561,0.26288896402809336,-0.6632566586535398,0.1588167050406569,-0.6986936459547435,0.18483476978751603,7.56,11.838917115494908,100,5.0
discovery,9,129,-0.8111070523387663,0.25969511938319634,-0.6650750033960701,0.16129706508364475,-0.7015830156317445,0.1858965786585326,7.66,12.049326394506858,100,5.0
discovery,9,130,-0.8112370478395609,0.26287763234819167,-0.6647821309195329,0.15881419435593383,-0.70139586014954,0.18483005385399842,7.64,11.1662783846575,100,5.0
discovery,9,131,-0.8154800226581504,0.2685545937655849,-0.6649535037283738,0.15380518403005525,-0.7025851334608175,0.18249253646393765,7.54,9.48162896461506,100,5.0
discovery,9,132,-0.8104266164053642,0.26407832929633995,-0.6668392576213495,0.1517381290000485,-0.7027360973173529,0.17982317907412146,7.54,9.009481461585265,100,5.0
discovery,9,133,-0.8067252370976351,0.25130743715007153,-0.6669685558166939,0.15580464577368228,-0.701907726136929,0.1796803436177796,7.5,8.25074540525685,100,5.0
discovery,9,134,-0.8023499832455446,0.24427734193621822,-0.6675830647493807,0.15701091370115877,-0.7012747943734213,0.17882752075992367,7.58,9.97510961130994,100,5.0
discovery,9,135,-0.8061717644766645,0.23623551410100813,-0.6720155767469764,0.15778819601910896,-0.7055546236793986,0.17740002553958367,7.84,11.737050842426749,100,5.0
discovery,9,136,-0.8180300228591514,0.23573905345755436,-0.6733156219119132,0.16479634288637765,-0.7094942221487227,0.1825320205291718,7.9,12.272431815500424,100,5.0
discovery,9,137,-0.8304576967597377,0.23375084524993298,-0.6739234255752169,0.16825297871447442,-0.7130569933713475,0.18462744534833891,7.96,12.731536609003198,100,5.0
discovery,9,138,-0.8404679395613196,0.24113071677177686,-0.6735834492165285,0.17444785239058738,-0.7153045718027262,0.19111856848588482,7.88,12.824689522959764,100,5.0
discovery,9,139,-0.8486435542814302,0.24074354257449251,-0.6755487357412171,0.1848152986335905,-0.7188224403762704,0.19879735961881603,7.68,10.789432078810295,100,5.0
discovery,9,140,-0.8429551649306455,0.24672133460699952,-0.6798472856319099,0.18902571422924028,-0.7206242554565938,0.2034496193236801,7.58,9.027107835211426,100,5.0
discovery,9,141,-0.8483234229915589,0.24654894271229147,-0.6819747049480271,0.19275322115545335,-0.7235618844589102,0.2062021515446628,7.58,8.38929699636576,100,5.0
discovery,9,142,-0.8495074748078284,0.2462571373484524,-0.6845846137137767,0.19897952955587817,-0.7258153289872895,0.21079893150402162,7.52,8.01310562113762,100,5.0
discovery,9,143,-0.8486782701685107,0.25020883548662304,-0.6832551456271467,0.19810940135500962,-0.7246109267624874,0.21113425988791298,7.48,7.814841673519695,100,5.0
discovery,9,144,-0.8454590467879606,0.25065745725627026,-0.6855022127769687,0.19828273602436644,-0.7254914212797171,0.21137641633234242,7.46,8.806233331197562,100,5.0
discovery,9,145,-0.8407705963333924,0.24986058871435707,-0.6894290844256098,0.19083370374505218,-0.7272644624025557,0.20559042498737842,7.44,7.986212723236716,100,5.0
discovery,9,146,-0.8409546443531909,0.25414420539477633,-0.6894761663628818,0.18476117019285754,-0.7273457858604594,0.2021069289933372,7.44,7.3175967701215,100,5.0
discovery,9,147,-0.8414577734907464,0.2597329514906389,-0.6879590091840007,0.18018217594069938,-0.7263337002606874,0.20006986982818428,7.4,6.901560029811159,100,5.0
discovery,9,148,-0.8487385172472318,0.2748349553570551,-0.6892028443203051,0.18311259435779875,-0.7290867625520367,0.2060431846076128,7.46,6.624813525250965,100,5.0
discovery,9,149,-0.8597383360078972,0.2791580132486205,-0.6884568832341232,0.19359405507287653,-0.7312772464275663,0.2149850446168125,7.52,6.8569833204383315,100,5.0
discovery,9,150,-0.8625576568051108,0.2880203131669824,-0.6863158966178222,0.19944438209014778,-0.7303763366646443,0.2215883648593564,7.64,6.32897333603874,100,5.0
discovery,9,151,-0.8587326412543688,0.29724451654396994,-0.6830647379212216,0.20841769497258808,-0.7269817137545087,0.23062440036543363,7.88,7.907431149767207,100,5.0
discovery,9,152,-0.8558333966684237,0.30113157150656167,-0.6824407248310391,0.2074437103976713,-0.7257888927903852,0.23086567567489402,8.24,9.112481315699853,100,5.0
discovery,9,153,-0.8508769953923171,0.3003546503754127,-0.682401339684533,0.21023503972987767,-0.724520253611479,0.23276494239126147,8.46,10.098105991067381,100,5.0
discovery,9,154,-0.854759582704921,0.29639801406892047,-0.682316432398567,0.19995231558330562,-0.7254272199751557,0.2240637402047092,8.54,10.18568549569976,100,5.0
discovery,9,155,-0.8525579021858006,0.30195966832235377,-0.6852309439674101,0.19623237683736286,-0.7270626835220078,0.22266419970861054,8.54,11.302777319834505,100,5.0
discovery,9,156,-0.8496967925091444,0.31088325604900535,-0.6866993713960733,0.20009286697943596,-0.7274487266743409,0.22779046424682836,8.54,11.28808396983313,100,5.0
discovery,9,157,-0.8496444574309683,0.32159261274064876,-0.6966240840093813,0.2031750047850037,-0.7348791773647777,0.23277940677391495,8.54,10.11650275193898,100,5.0
discovery,9,158,-0.8569456635257862,0.3276510061658358,-0.7069672353044936,0.21023385459225796,-0.7444618423598167,0.23958814248565244,8.46,8.719469573445354,100,5.0
discovery,9,159,-0.8527897962787623,0.3164398348323848,-0.7126898554082016,0.2161496423812764,-0.7477148406258418,0.2412221904940537,8.34,8.067305735449603,100,5.0
discovery,9,160,-0.8541395665326073,0.31237394513418254,-0.7181304506863344,0.21630227325759374,-0.7521327296479029,0.24032019122674098,8.16,7.39587037844688,100,5.0
discovery,9,161,-0.8517241961290536,0.3080331672660953,-0.7166769653425389,0.21416177955236795,-0.7504387730391674,0.23762962648079977,8.04,7.234664713781651,100,5.0
discovery,9,162,-0.8490830482621641,0.30315467888622283,-0.714821776070113,0.21383520487371357,-0.7483870941181259,0.23616507337684098,8.0,5.6931870641438,100,5.0
discovery,9,163,-0.8481176245995665,0.30710787135105583,-0.7137228909389783,0.20787820428261003,-0.7473215743541249,0.23268562104972138,7.96,5.549136650516438,100,5.0
discovery,9,164,-0.839397034919793,0.31292133903998004,-0.7081688455277615,0.1983493083097435,-0.7409758928757693,0.22699231599230255,7.84,5.841481035275376,100,5.0
discovery,9,165,-0.8403391195848124,0.31806408373638884,-0.7036134981520885,0.1879631298728611,-0.7377949035102691,0.22048836833874308,7.82,5.517009616576106,100,5.0
discovery,9,166,-0.8371071248660297,0.3273377983412349,-0.7020505216983975,0.18912968693199725,-0.7358146724903055,0.22368171478430665,7.84,6.960474671229382,100,5.0
discovery,9,167,-0.838714641845275,0.3311738289446261,-0.7031776407243718,0.19950908619807195,-0.7370618910045973,0.23242527188471057,7.92,6.742054515435989,100,5.0
discovery,9,168,-0.8403058223211487,0.320865546525255,-0.7052308636558831,0.2086872198657045,-0.7389996033221992,0.23673180153059206,8.02,7.450859002330682,100,5.0
discovery,9,169,-0.8413657247984385,0.32613613688592347,-0.7045016049470372,0.22098828665597944,-0.7387176349098875,0.2472752492134654,8.08,7.687605511693407,100,5.0
discovery,9,170,-0.8424517769214411,0.3249241632705456,-0.7019398018978787,0.2211828778123981,-0.7370677956537695,0.24711819917693506,8.24,8.323240020202382,100,5.0
discovery,9,171,-0.8355964360437,0.34364010433838993,-0.7042615830820583,0.2180564581379457,-0.7370952963224685,0.24945236968805684,8.36,8.161672195480193,100,5.0
discovery,9,172,-0.8318184936541451,0.3401153092879432,-0.7068094033947253,0.22464869340217603,-0.73806167595958,0.2535153473736178,8.54,7.889766617846188,100,5.0
discovery,9,173,-0.8224915616328743,0.34736171638970315,-0.7075544713776339,0.2350754104044074,-0.7362887439414442,0.26314698690073146,8.86,7.934600392553444,100,5.0
discovery,9,174,-0.818415839775989,0.364447271640817,-0.7034121449226831,0.24126405607569837,-0.7321630686360098,0.27205985996697807,8.92,7.444584536062769,100,5.0
discovery,9,175,-0.8100256350354634,0.36849974979704714,-0.6994308473045616,0.25446866600068685,-0.727079544237287,0.2829764369497769,9.02,7.1778804579379525,100,5.0
discovery,9,176,-0.8058061453039315,0.3761734887316166,-0.6977457445224833,0.2561567843265218,-0.7247608447178452,0.28616096042779526,9.06,7.492002040461872,100,5.0
discovery,9,177,-0.8061331960429647,0.3685885949379063,-0.6996894384976036,0.24662812979172827,-0.7263003778839433,0.27711824607827285,9.14,7.8860338867282245,100,5.0
discovery,9,178,-0.8018196252728781,0.3789731737099559,-0.7005667447494673,0.24619998371760105,-0.7258799648803196,0.27939328121568974,9.14,7.6179194346916645,100,5.0
discovery,9,179,-0.7987242985993578,0.37038775901199733,-0.7009565107713402,0.24945146542427815,-0.7253984577283448,0.279685538821208,9.08,7.40159223368833,100,5.0
discovery,9,180,-0.795542388595499,0.37393914501215614,-0.6983090454836731,0.26000903344356635,-0.7226173812616294,0.28849156133571385,8.92,6.539014648019803,100,5.0
discovery,9,181,-0.7769054354572611,0.37739585879019927,-0.6968525491917188,0.2714096265155406,-0.7168657707581044,0.2979061845842052,8.86,6.82735343171061,100,5.0
discovery,9,182,-0.7611313586564485,0.3911621550377047,-0.6932941976257134,0.2849004944256126,-0.7102534878833973,0.3114659095786355,9.04,8.080864730639188,100,5.0
discovery,9,183,-0.7503651849416961,0.3898710629649036,-0.6923500734974163,0.29072912067753803,-0.7068538513584861,0.3155146062493792,8.98,8.173706150602843,100,5.0
discovery,9,184,-0.7439995175564513,0.40034500321080585,-0.6942538224214774,0.29700321538350244,-0.7066902462052209,0.32283866234032843,8.98,8.27553647235361,100,5.0
discovery,9,185,-0.7409273392522728,0.41143398175991097,-0.6895630031118607,0.31739406356852023,-0.702404087146964,0.34090404311636796,9.06,8.938861888798131,100,5.0
discovery,9,186,-0.7288817931052947,0.4163236495859284,-0.6899081515194606,0.3292222866129799,-0.6996515619159192,0.350997627356217,9.02,8.986331717718935,100,5.0
discovery,9,187,-0.7229041252690516,0.4145464063931119,-0.6890065775715256,0.333885389630783,-0.697480964495907,0.35405064382136525,9.02,9.14280135178972,100,5.0
discovery,9,188,-0.72297344156457,0.4003846598328836,-0.6874868296408131,0.33963871868744683,-0.6963584826217523,0.35482520397380596,9.08,9.138447867617241,100,5.0
discovery,9,189,-0.729801583215417,0.3889511505819133,-0.68581044148195,0.34808193865475756,-0.6968082269153167,0.3582992416365467,9.16,8.599464308396229,100,5.0
discovery,9,190,-0.7417852779957527,0.39175475124389325,-0.6866349286748528,0.3479898889285557,-0.7004225160050775,0.35893110450739,9.1,8.766137738053265,100,5.0
discovery,9,191,-0.7550710794685976,0.38761904359157606,-0.6846332429955801,0.344351465253156,-0.7022427021138342,0.35516835983776107,9.24,7.9530707661712565,100,5.0
discovery,9,192,-0.7543875383356966,0.38454707616882156,-0.6899622831210931,0.33656514589729447,-0.7060685969247439,0.3485606284651761,9.3,7.659741886927754,100,5.0
discovery,9,193,-0.752549415614328,0.38312633888585046,-0.6929699746420432,0.3397738887417726,-0.7078648348851146,0.3506120012777921,9.4,7.4609383005330105,100,5.0
discovery,9,194,-0.7453529356439632,0.39653654052910325,-0.6934861791104905,0.34289272997920967,-0.7064528682438587,0.356303682616683,9.56,6.712629179631785,100,5.0
discovery,9,195,-0.7253932546395386,0.4046234702746832,-0.6921795159203015,0.33430088644202377,-0.7004829506001107,0.35188153240018855,9.64,6.35667747711356,100,5.0
discovery,9,196,-0.7181902811919233,0.42317745631123477,-0.688766610093125,0.3330429779632452,-0.6961225278678246,0.35557659755024273,9.82,6.79123782893181,100,5.0
discovery,9,197,-0.7116990862840423,0.4311448494886417,-0.6837605132581842,0.3357323228747722,-0.690745156514649,0.35958545452823965,9.92,7.0565084043862605,100,5.0
discovery,9,198,-0.7161235617957505,0.42953514316949276,-0.6867398001441614,0.3354413055336149,-0.694085740557059,0.35896476494258445,10.16,7.946148460057321,100,5.0
discovery,9,199,-0.7278041292876938,0.41907674979851656,-0.691568729518295,0.33786219031071624,-0.7006275794606444,0.3581658301826663,10.34,7.666651085264331,100,5.0
discovery,9,200,-0.7401144017820888,0.41635571484684986,-0.6941755483331341,0.3512596253134457,-0.7056602616953728,0.36753364769679664,10.44,6.778225028170016,100,5.0
discovery,10,0,0.05487742538094284,-0.3027659615630057,-0.08386205166741881,-0.017215232759853885,-0.049177182405328444,-0.08860291496064185,0.0,0.0,100,5.0
discovery,10,1,0.053810416176344515,-0.2934461927043849,-0.08716218964994155,-0.024331512057686886,-0.05191903819337001,-0.09161018221936139,1.48,84.82152754574506,100,5.0
discovery,10,2,0.045347923815394216,-0.2968860651555268,-0.08853021580111449,-0.03953555297050323,-0.055060680896987284,-0.1038731810167591,1.46,75.27829897064066,100,5.0
discovery,10,3,0.01735156256545163,-0.30467983439808644,-0.08569789380876579,-0.040624986141015854,-0.059935529715211426,-0.10663869820528347,1.62,68.28310766890515,100,5.0
discovery,10,4,-0.00015172692151784516,-0.309456510098302,-0.0872139605994611,-0.05203017771678843,-0.06544840217997529,-0.11638676081216681,1.72,73.87115530949531,100,5.0
discovery,10,5,-0.008344189116934552,-0.30777720155488536,-0.09068827784587008,-0.05980043517912434,-0.0701022556636362,-0.12179462677306463,1.66,72.62640859930752,100,5.0
discovery,10,6,-0.021300978401365467,-0.32671283688026237,-0.10351076129878127,-0.06257782726443423,-0.08295831557442733,-0.12861157966839123,1.56,63.77692326225386,100,5.0
discovery,10,7,-0.04131505317253387,-0.33304562778779967,-0.10766461985468183,-0.054686360855500854,-0.09107722818414482,-0.12427617758857554,1.66,59.636814426245095,100,5.0
discovery,10,8,-0.06457008031779889,-0.3357926687299742,-0.11033065511340166,-0.06161946011398747,-0.09889051141450096,-0.13016276226798418,1.68,57.1531573820386,100,5.0
discovery,10,9,-0.07879058759079895,-0.33494498220636487,-0.1140824239567089,-0.07054647638669867,-0.10525946486523141,-0.13664610284161527,1.92,59.81852953517941,100,5.0
discovery,10,10,-0.0767393564629976,-0.3451855704275896,-0.1142346008735389,-0.0731187289226133,-0.10486078977090356,-0.14113543929885738,1.84,55.66591442842004,100,5.0
discovery,10,11,-0.0835747521295464,-0.3516660093799423,-0.1123371668401233,-0.08518409850245527,-0.10514656316247914,-0.1518045762218269,1.86,59.583807290190244,100,5.0
discovery,10,12,-0.09777850039302186,-0.34716718401768704,-0.10752722408620975,-0.10273034287050337,-0.10509004316291286,-0.16383955315729934,1.92,58.23149004003367,100,5.0
discovery,10,13,-0.09309899952470957,-0.3471471408810217,-0.10824556755326914,-0.1161777758922067,-0.10445892554612929,-0.17392011713941044,2.0,53.94318420027572,100,5.0
discovery,10,14,-0.08403612717672074,-0.34156147711756574,-0.10936691017938803,-0.1284944821619661,-0.10303421442872115,-0.1817612309008661,1.88,44.85798535396936,100,5.0
discovery,10,15,-0.08575967541819544,-0.3449031364023887,-0.1158300944777871,-0.14496900795481624,-0.10831248971288923,-0.19495254006670912,1.94,44.04248940429004,100,5.0
discovery,10,16,-0.07791278506336738,-0.3469326907418121,-0.13710699440503624,-0.15543317177397298,-0.12230844206961904,-0.20330805151593276,1.96,44.70053512326919,100,5.0
discovery,10,17,-0.08424278400857736,-0.3603094067273657,-0.15782122925051836,-0.1572231522417318,-0.1394266179400331,-0.20799471586314022,1.98,44.0279669155493,100,5.0
discovery,10,18,-0.09191888266124446,-0.3635452223638076,-0.16494279672254988,-0.16257812090546758,-0.14668681820722354,-0.2128198962700525,2.12,38.73336417451621,100,5.0
discovery,10,19,-0.10530817729545708,-0.36715912727569516,-0.16099743205075587,-0.17419755612161983,-0.14707511836193116,-0.2224379489101384,2.2,41.62705348573111,100,5.0
discovery,10,20,-0.10698878916046801,-0.37417494892784364,-0.15322539419854173,-0.18196244948017495,-0.1416662429390233,-0.2300155743420921,2.14,39.24886150894722,100,5.0
discovery,10,21,-0.10431883711058543,-0.3737834677102033,-0.1541312762369,-0.18100315498665479,-0.14167816645532136,-0.22919823316754204,2.3,46.03324958001154,100,5.0
discovery,10,22,-0.11727486717832751,-0.3667549257050879,-0.15956222642672083,-0.18645901383025176,-0.1489903866146224,-0.2315329917989607,2.46,42.90748394501771,100,5.0
discovery,10,23,-0.12455159331775231,-0.3568709451134147,-0.16364474877299245,-0.19733459776152215,-0.1538714599091824,-0.23721868459949527,2.62,43.353948275426234,100,5.0
discovery,10,24,-0.1377635723765689,-0.36362849641158407,-0.16505571866535718,-0.21432751247048543,-0.1582326820931602,-0.25165275845576,2.8,46.06306669006422,100,5.0
discovery,10,25,-0.14329623340422537,-0.3557769942454763,-0.1636628081195167,-0.229602776644768,-0.1585711644406939,-0.261146331044945,2.66,41.76916880010074,100,5.0
discovery,10,26,-0.1582804586275327,-0.3508191965790872,-0.17468511384773916,-0.23828788582165406,-0.1705839500426875,-0.2664207135110123,2.74,39.92033159447263,100,5.0
discovery,10,27,-0.1570140633892376,-0.3493750348949998,-0.18848302829190167,-0.24250594723499044,-0.1806157870662355,-0.26922321914999275,2.88,39.14006992417575,100,5.0
discovery,10,28,-0.16170168560087542,-0.3505638783787798,-0.19270754953251024,-0.25562146779831496,-0.18495608354960155,-0.2793570704434312,2.92,35.417005975584885,100,5.0
discovery,10,29,-0.16714634559673544,-0.3598594392027498,-0.20242141420980342,-0.26816833327453454,-0.19360264705653646,-0.2910911097565882,3.02,33.44208014280096,100,5.0
discovery,10,30,-0.18618363096394233,-0.36136148992038875,-0.20741590825830603,-0.27524897726592873,-0.20210783893471515,-0.29677710542954366,3.14,30.530329062675253,100,5.0
discovery,10,31,-0.17744961995008487,-0.37286274276364045,-0.21133958329910216,-0.28707556393525235,-0.20286709246184778,-0.3085223586423494,3.42,39.313784787860484,100,5.0
discovery,10,32,-0.16896762726557063,-0.38205585178172446,-0.2145278510025177,-0.2948453485598772,-0.20313779506828092,-0.316647974365339,3.56,40.19819791753051,100,5.0
discovery,10,33,-0.16491386007738854,-0.3827730079901241,-0.22621230897739306,-0.3042542930892055,-0.21088769675239194,-0.32388397181443507,3.76,48.10897637467679,100,5.0
discovery,10,34,-0.15996692438240365,-0.388321260381383,-0.23676809375828256,-0.3100671507679269,-0.2175678014143129,-0.32963067817129094,4.02,50.80766052483448,100,5.0
discovery,10,35,-0.15793089769112212,-0.40039123484925304,-0.24451250317948908,-0.3275511308702881,-0.22286710180739738,-0.3457611568650293,4.08,49.852058286928944,100,5.0
discovery,10,36,-0.1481528887923781,-0.4126418739205654,-0.25205993606326405,-0.33770903518567885,-0.22608317424554256,-0.35644224486940046,3.98,42.34118427077202,100,5.0
discovery,10,37,-0.14090528388898008,-0.41172640235939506,-0.2527162971474207,-0.3515363308818238,-0.22476354383281064,-0.36658384875121686,3.72,35.68857852883424,100,5.0
discovery,10,38,-0.1182601046478443,-0.41647622563987297,-0.25466186756322773,-0.36083691739176765,-0.2205614268343819,-0.37474674445379386,3.44,28.431887148748697,100,5.0
discovery,10,39,-0.09889366065083753,-0.43934554613632826,-0.25277017436866017,-0.3656538412465642,-0.21430104593920443,-0.38407676746900515,3.44,26.079322679812517,100,5.0
discovery,10,40,-0.0867075203702023,-0.4542498570133102,-0.24499587327136244,-0.3687256926479245,-0.20542378504607237,-0.39010673373927085,3.36,23.436849692594997,100,5.0
discovery,10,41,-0.08175935994349402,-0.4420304577630377,-0.25148702554892527,-0.3727320263170763,-0.20905510914756736,-0.3900566341785666,3.38,21.625312305487054,100,5.0
discovery,10,42,-0.08958872061775634,-0.42680660491070227,-0.2650998179243588,-0.37667542823854894,-0.2212220435977082,-0.38920822240658715,3.36,22.414960435958346,100,5.0
discovery,10,43,-0.094893423827804,-0.42234258623853166,-0.2707091264885779,-0.38886611093970347,-0.22675520082338438,-0.39723522976441045,3.44,22.433499752135344,100,5.0
discovery,10,44,-0.10693113386834517,-0.4251658478805632,-0.27008839480289587,-0.40410286321279754,-0.22929907956925816,-0.4093686093797386,3.66,24.486298104821255,100,5.0
discovery,10,45,-0.09934345730442995,-0.4333881256677284,-0.27197055069487014,-0.418528666347294,-0.22881377734726013,-0.4222435311774026,3.84,26.2944669521509,100,5.0
discovery,10,46,-0.10216572403422246,-0.43068789672386687,-0.28048621073539887,-0.4242951132644022,-0.2359060890601049,-0.4258933091292686,3.82,23.262663231722197,100,5.0
discovery,10,47,-0.09756835976679452,-0.42518421915032933,-0.2860909528316527,-0.43757565217276406,-0.2389603045654381,-0.4344777939171551,3.98,27.5871525733483,100,5.0
discovery,10,48,-0.09277287892558406,-0.41982385633258074,-0.2868281490130077,-0.4533929489876088,-0.2383143314911518,-0.44500067582385205,4.06,24.516859938394894,100,5.0
discovery,10,49,-0.09745330863057088,-0.4266717411256365,-0.2872059787308555,-0.4570070727394979,-0.23976781120578436,-0.4494232398360324,4.22,26.827982007446025,100,5.0
discovery,10,50,-0.10604107289277778,-0.43623244294400776,-0.29123446635311107,-0.4632253521767935,-0.24493611798802778,-0.4564771248685971,4.34,26.696523303940328,100,5.0
discovery,10,51,-0.09983217689330613,-0.4514913030847281,-0.2961360988023511,-0.47804247720636983,-0.24706011832508992,-0.47140468367595956,4.3,22.833895456858503,100,5.0
discovery,10,52,-0.09727208692063409,-0.47739851417362333,-0.2989308980227594,-0.49416169237631397,-0.24851619524722782,-0.489970897825641,4.4,25.460181158406208,100,5.0
discovery,10,53,-0.09409288833162507,-0.49966635778233276,-0.303511323021166,-0.5111686507558512,-0.2511567143487806,-0.5082930775124721,4.4,23.40283299145435,100,5.0
discovery,10,54,-0.09386787297814805,-0.5112177536346032,-0.31448961989863783,-0.5254823212088682,-0.2593341831685154,-0.5219161793153018,4.3,18.321263867517356,100,5.0
discovery,10,55,-0.09937288774708004,-0.5127389435148282,-0.3269013809470534,-0.5392059981205162,-0.2700192576470599,-0.5325892344690942,4.3,15.739829925459784,100,5.0
discovery,10,56,-0.1085861715296641,-0.5199004042304616,-0.34311628545171485,-0.5440815143847432,-0.28448375697120204,-0.5380362368461729,4.36,15.697855564317797,100,5.0
discovery,10,57,-0.12016362055245074,-0.5374642599018569,-0.3545881056747078,-0.5532361767454056,-0.2959819843941436,-0.5492931975345183,4.5,14.896971653151642,100,5.0
discovery,10,58,-0.14413471772625955,-0.5524366250034514,-0.36546315849205824,-0.557081972931568,-0.3101310483006087,-0.5559206359495391,4.56,16.153026130869197,100,5.0
discovery,10,59,-0.16328737916870797,-0.5631961259385233,-0.36463674954711933,-0.5618848104136844,-0.3142994069525164,-0.5622126392948941,4.38,14.346073205375374,100,5.0
discovery,10,60,-0.17863376031647127,-0.5671125557095786,-0.3629744240253397,-0.5622979896260636,-0.31688925809812263,-0.5635016311469422,4.4,16.1478565492231,100,5.0
discovery,10,61,-0.18377744429353754,-0.5669959208309823,-0.3655879474655785,-0.5663780145316567,-0.32013532167256825,-0.5665324911064878,4.34,15.957617698499954,100,5.0
discovery,10,62,-0.18334720179881014,-0.5819820104962303,-0.36618227258869257,-0.5686678133844593,-0.32047350489122217,-0.5719963626624021,4.28,16.346031070424836,100,5.0
discovery,10,63,-0.1722608252857257,-0.5959428419041398,-0.3617343134637848,-0.5792453314030891,-0.3143659414192699,-0.5834197090283518,4.18,15.625425741589844,100,5.0
discovery,10,64,-0.1659354750628013,-0.601998524696864,-0.35214233728811917,-0.5956531294048604,-0.30559062173178975,-0.5972394782278608,4.22,14.348244044983891,100,5.0
discovery,10,65,-0.14923658913602034,-0.60425139578891,-0.3379911955121438,-0.6115027658283085,-0.2908025439181129,-0.6096899233184587,4.42,16.18358803024258,100,5.0
discovery,10,66,-0.16143545529985043,-0.6072256028217249,-0.32254649927391826,-0.6239472444638366,-0.2822687382804012,-0.6197668340533086,4.46,15.117506095915358,100,5.0
discovery,10,67,-0.1791744134318725,-0.6157631405510496,-0.3185615150899895,-0.6301044542943478,-0.2837147396754602,-0.6265191258585234,4.7,17.303893996732675,100,5.0
discovery,10,68,-0.18491451561675112,-0.6206749164549078,-0.3181927572131892,-0.6393879659801195,-0.2848731968140797,-0.6347097035988163,4.88,17.16422120085735,100,5.0
discovery,10,69,-0.19743443167811084,-0.628333690837639,-0.3148762097156213,-0.6451011684109025,-0.2855157652062436,-0.6409092990175864,4.9,17.38937493894736,100,5.0
discovery,10,70,-0.20794232242826843,-0.6455235710940898,-0.31959058818927666,-0.6493253853844467,-0.29167852174902453,-0.6483749318118573,4.8,16.656074427520473,100,5.0
discovery,10,71,-0.22802839165759214,-0.66436552314044,-0.3235549544996896,-0.6535742931580745,-0.2996733137891653,-0.6562721006536657,4.86,15.17684914123266,100,5.0
discovery,10,72,-0.257413159568416,-0.665931823043427,-0.3218628544742083,-0.6628497885832181,-0.3057504307477602,-0.6636202971982705,5.02,17.242291312464477,100,5.0
discovery,10,73,-0.2804706901396781,-0.6663625376722266,-0.3250724949709068,-0.668023452153358,-0.3139220437630995,-0.6676082235330751,5.1,17.080360331144128,100,5.0
discovery,10,74,-0.2977519399348575,-0.6712176325790905,-0.32796472852281505,-0.6713218105976082,-0.3204115313758256,-0.6712957660929788,5.1,16.981833831360635,100,5.0
discovery,10,75,-0.3130108825945397,-0.6670374700400175,-0.33084354021702284,-0.682930106740971,-0.32638537581140203,-0.6789569475657323,5.16,14.739820845528254,100,5.0
discovery,10,76,-0.329501604639985,-0.659722509347618,-0.33360773029604485,-0.6955468501657731,-0.3325811988820299,-0.6865907649612343,5.22,13.9729701039363,100,5.0
discovery,10,77,-0.3472319783635212,-0.6617960988061518,-0.3403481251021417,-0.7045146084561655,-0.3420690884174864,-0.6938349810436619,5.26,12.815231510058156,100,5.0
discovery,10,78,-0.35505811284480837,-0.6685350628573381,-0.3418496150273532,-0.7112515238159056,-0.34515173948171685,-0.7005724085762638,5.34,11.864426949484622,100,5.0
discovery,10,79,-0.37030679500983493,-0.6785431242450716,-0.3428499877330299,-0.7188507735168312,-0.3497141895522311,-0.7087738611988912,5.34,10.736086382725961,100,5.0
discovery,10,80,-0.38460014501053086,-0.6882644857419309,-0.34436060129630985,-0.72488953335102,-0.354420487224865,-0.715733271448748,5.24,10.210405767977257,100,5.0
discovery,10,81,-0.39689078180673176,-0.6936133917207618,-0.3412176366836937,-0.7288234769157768,-0.3551359229644532,-0.7200209556170231,5.24,9.049888463532726,100,5.0
discovery,10,82,-0.41037637473282546,-0.6965019956826243,-0.3411192641823906,-0.731260677251522,-0.35843354181999926,-0.7225710068592971,5.22,9.303064322714723,100,5.0
discovery,10,83,-0.41240915946140694,-0.69833863988395,-0.3373993296743248,-0.7358323449189315,-0.3561517871210953,-0.726458918660186,5.26,9.37058232112286,100,5.0
discovery,10,84,-0.42274386662553276,-0.6915229435882657,-0.33361431360020555,-0.7420310437319162,-0.35589670185653743,-0.7294040186960038,5.36,9.472944274219962,100,5.0
discovery,10,85,-0.4180966148388629,-0.6951155382993318,-0.33767245601977125,-0.7427374154084319,-0.3577784957245441,-0.730831946131157,5.32,8.03035297699112,100,5.0
discovery,10,86,-0.41814113386591745,-0.7020603290924605,-0.33963226589344553,-0.7498745793205761,-0.35925948288656373,-0.737921016763547,5.4,10.103812033949048,100,5.0
discovery,10,87,-0.41346192951083693,-0.7113056630939522,-0.3468196165227589,-0.7542561875080624,-0.36348019476977844,-0.7435185564045352,5.48,9.796930236540927,100,5.0
discovery,10,88,-0.41642779260533935,-0.7174615238666585,-0.3529242568105279,-0.7550713191250412,-0.36880014075923073,-0.7456688703104455,5.5,8.953850052117586,100,5.0
discovery,10,89,-0.4181479633557121,-0.7283680119960227,-0.35449509209447894,-0.7598541943352659,-0.37040830990978724,-0.7519826487504551,5.52,8.541381484841763,100,5.0
discovery,10,90,-0.41860343170166947,-0.7327999103067872,-0.3594284534858291,-0.7621771122879273,-0.3742221980397889,-0.7548328117926425,5.64,8.181581764745628,100,5.0
discovery,10,91,-0.4158064970646935,-0.7382362855385426,-0.3621645743863016,-0.7631636029999984,-0.3755750550558995,-0.7569317736346349,5.76,6.66236818772297,100,5.0
discovery,10,92,-0.4149830674126534,-0.7472556606790117,-0.3698806555607017,-0.7630819170436723,-0.3811562585236895,-0.7591253529525072,5.94,6.880817572938216,100,5.0
discovery,10,93,-0.4223818381619583,-0.7534321760181285,-0.37374785391149956,-0.7663413302444727,-0.38590634997411416,-0.7631140416878867,6.06,6.883516408973719,100,5.0
discovery,10,94,-0.43685585845703157,-0.7538881207406172,-0.38172957569231186,-0.766559891266652,-0.3955111463834917,-0.7633919486351437,6.16,6.627700456634601,100,5.0
discovery,10,95,-0.4378201145819725,-0.7599578303056188,-0.392417842209408,-0.765953409038592,-0.40376841030254923,-0.7644545143553486,6.48,8.917510113696826,100,5.0
discovery,10,96,-0.4553440179526125,-0.7587119888939517,-0.4034102962587171,-0.7625514847759914,-0.4163937266821909,-0.7615916108054814,6.7,9.71294749598966,100,5.0
discovery,10,97,-0.4427560702811184,-0.7689543671808414,-0.4041265866306864,-0.7616371175929193,-0.41378395754329433,-0.7634664299898998,6.86,9.424389182556048,100,5.0
discovery,10,98,-0.4496918259455039,-0.7670097637134825,-0.4047723674439585,-0.7596771285488246,-0.4160022320693448,-0.7615102873399892,7.04,10.003840347669293,100,5.0
discovery,10,99,-0.45419626531975993,-0.7655386393678876,-0.4064047520110242,-0.7565405993145263,-0.41835263033820796,-0.7587901093278667,7.14,10.297603951638235,100,5.0
discovery,10,100,-0.4561056375527665,-0.7590333819897255,-0.407334476262391,-0.7597267824008664,-0.4195272665849847,-0.7595534322980814,7.26,10.143203676222598,100,5.0
discovery,10,101,-0.45359482205965745,-0.7653838990714523,-0.41354134358222905,-0.760076974674294,-0.4235547132015863,-0.7614037057735831,7.54,10.299026146863838,100,5.0
discovery,10,102,-0.45271731167885987,-0.7650654083702674,-0.4123255792632175,-0.7617517177855805,-0.42242351236712816,-0.7625801404317523,7.58,8.735261282301849,100,5.0
discovery,10,103,-0.4560588745956244,-0.7607994443815044,-0.4148197203611851,-0.7611279093479945,-0.42512950891979473,-0.7610457931063717,7.76,8.551282710812222,100,5.0
discovery,10,104,-0.4664896727030857,-0.7506559359340271,-0.41781081924851315,-0.764620778943384,-0.4299805326121561,-0.7611295681910449,7.9,7.994041745827984,100,5.0
discovery,10,105,-0.4801474566760916,-0.7417416157274396,-0.4211772719033085,-0.7692716407327341,-0.43591981809650415,-0.7623891344814103,7.92,6.854903461414438,100,5.0
discovery,10,106,-0.485553296121455,-0.7343866073427237,-0.4308725478016843,-0.7697768637062329,-0.44454273488162693,-0.7609292996153555,7.94,6.432681663710212,100,5.0
discovery,10,107,-0.49026677029023724,-0.7315931308354545,-0.4392808112943335,-0.7675967568849015,-0.4520273010433092,-0.75859585037254,7.92,5.852282154102184,100,5.0
discovery,10,108,-0.49116190134215765,-0.7310320546008241,-0.44467960478701474,-0.7660346430234272,-0.45630017892580027,-0.7572839959177758,8.06,5.651630905748928,100,5.0
discovery,10,109,-0.5024505403433124,-0.7230174053910366,-0.4476513505797295,-0.7649804331158421,-0.46135114802062505,-0.7544896761846404,8.16,5.472667961963441,100,5.0
discovery,10,110,-0.5132019182429908,-0.7163575483584078,-0.4530235507048974,-0.7571867040648276,-0.4680681425894207,-0.7469794151382225,8.26,5.5882209330232575,100,5.0
discovery,10,111,-0.529500812407949,-0.7078096228274824,-0.459695846081902,-0.7502971866094761,-0.47714708766341396,-0.7396752956639778,8.36,6.063260411479952,100,5.0
discovery,10,112,-0.5369494027663918,-0.7069307778297333,-0.46562853500798573,-0.7462525094406715,-0.4834587519475872,-0.7364220765379368,8.38,6.379138495929306,100,5.0
discovery,10,113,-0.54050658713469,-0.7036779588316129,-0.4715835997897267,-0.7459867154483084,-0.48881434662596734,-0.7354095262941344,8.32,6.391131594403036,100,5.0
discovery,10,114,-0.5347936181637148,-0.7133187054579804,-0.4773808515044115,-0.7468943039661744,-0.49173404316923736,-0.7385004043391261,8.38,6.681938157441436,100,5.0
discovery,10,115,-0.5287624191460373,-0.719581397247446,-0.4772939436760292,-0.7443443884303508,-0.4901610625435315,-0.7381536406346249,8.34,7.071186163607707,100,5.0
discovery,10,116,-0.527091831956385,-0.7222274459697938,-0.47728787367233916,-0.744557743427368,-0.48973886324335064,-0.7389751690629748,8.5,7.729049146127212,100,5.0
discovery,10,117,-0.5236243623922092,-0.7314826830889678,-0.48044823684729066,-0.7425063190877599,-0.4912422682335202,-0.7397504100880619,8.66,7.601589900605674,100,5.0
discovery,10,118,-0.5075674337240471,-0.7437871135743296,-0.48062415003754033,-0.7419585842870534,-0.4873599709591669,-0.7424157166088718,8.88,7.629154743373682,100,5.0
discovery,10,119,-0.4972552190785104,-0.7599458621993385,-0.4800657993205528,-0.7386387621709861,-0.4843631542600424,-0.7439655371780741,9.04,7.480100150508651,100,5.0
discovery,10,120,-0.5021997133271333,-0.7692002851772572,-0.48525856555427954,-0.7348643466663674,-0.48949385249749305,-0.7434483312940897,9.04,8.332834803913437,100,5.0
discovery,10,121,-0.5037302830192467,-0.778414924109269,-0.49168606067444176,-0.7353033537495244,-0.4946971162606431,-0.7460812463394605,9.08,8.65687298333416,100,5.0
discovery,10,122,-0.506124157897259,-0.7787463213158281,-0.48932898300938005,-0.7408735535157466,-0.4935277767313498,-0.750341745465767,9.06,9.225293120537076,100,5.0
discovery,10,123,-0.5110904442349616,-0.7824035717259341,-0.4876132271263528,-0.7465877461885218,-0.4934825314035048,-0.7555417025728748,9.02,8.866239488154704,100,5.0
discovery,10,124,-0.5155406347544189,-0.7810452422750899,-0.4935995243519654,-0.7495946959995746,-0.4990848019525788,-0.7574573325684536,8.98,8.53231499875397,100,5.0
discovery,10,125,-0.5198439254376125,-0.7790351623962632,-0.4944872006144266,-0.7537657149297581,-0.5008263818202232,-0.7600830767963845,9.02,8.170543497711094,100,5.0
discovery,10,126,-0.5168374182070843,-0.78125204715442,-0.4952926376664756,-0.7592434285164419,-0.5006788328016278,-0.7647455831759362,9.02,6.913626122693738,100,5.0
discovery,10,127,-0.5047951817604293,-0.7914199630835896,-0.501429500716284,-0.7627891533692395,-0.5022709209773203,-0.7699468557978268,9.04,7.8269018487671485,100,5.0
discovery,10,128,-0.5063672756520821,-0.7912718267754899,-0.5029132123728695,-0.7686934654744471,-0.5037767281926724,-0.7743380557997074,9.3,6.599824583629637,100,5.0
discovery,10,129,-0.5219878888781272,-0.7824469460636944,-0.502264164439569,-0.7729700436627647,-0.5071950955492087,-0.7753392692629975,9.36,6.311667825130132,100,5.0
discovery,10,130,-0.5302933593423568,-0.7761262381121047,-0.5083263949056461,-0.7672757547140248,-0.5138181360148235,-0.7694883755635449,9.46,6.127739376520685,100,5.0
discovery,10,131,-0.5365688909797994,-0.7728465994954253,-0.5109046556251468,-0.7674561944684662,-0.5173207144638099,-0.7688037957252061,9.64,6.4214412310123405,100,5.0
discovery,10,132,-0.536651464347809,-0.7745871877363819,-0.514530692473321,-0.7676610094131591,-0.520060885441943,-0.7693925539939648,10.06,7.002817206434673,100,5.0
discovery,10,133,-0.5332381293811231,-0.7787061791136839,-0.517262101668085,-0.7677757204096034,-0.5212561085963446,-0.7705083350856237,10.26,7.093338404258599,100,5.0
discovery,10,134,-0.5354126630388701,-0.779802980138763,-0.5188351575625368,-0.7691749264748883,-0.5229795339316202,-0.7718319398908571,10.38,6.913922241260886,100,5.0
discovery,10,135,-0.5358251872667058,-0.7783060188528462,-0.5212442858626626,-0.7707968018570432,-0.5248895112136731,-0.7726741061059941,10.84,6.810660849139522,100,5.0
discovery,10,136,-0.5300607198631654,-0.7780169301332475,-0.5267968921046324,-0.7686595143284437,-0.5276128490442656,-0.7709988682796444,11.2,7.100690435806069,100,5.0
discovery,10,137,-0.5351286355231032,-0.7800585710206437,-0.5367296003824045,-0.7669832024441783,-0.5363293591675793,-0.7702520445882943,11.48,6.956328583479474,100,5.0
discovery,10,138,-0.5306199074986633,-0.7871328951341653,-0.5454401222757518,-0.7651482180162952,-0.5417350685814799,-0.7706443872957629,11.62,6.33142740554033,100,5.0
discovery,10,139,-0.5361827710972937,-0.7819122900785033,-0.5609007474265192,-0.7587469840365898,-0.5547212533442126,-0.7645383105470684,11.82,6.231455519695902,100,5.0
discovery,10,140,-0.5330801120726677,-0.7811861782819675,-0.5618782354779909,-0.7594927374719246,-0.5546787046266598,-0.7649160976744355,11.98,6.04861364638543,100,5.0
discovery,10,141,-0.533087703414672,-0.7781952240362817,-0.5640700059733,-0.76015547130482,-0.5563244303336432,-0.7646654094876858,12.08,5.87608188962955,100,5.0
discovery,10,142,-0.5387555106513356,-0.7694090446084242,-0.5722020251899678,-0.757112556931643,-0.5638403965553096,-0.7601866788508382,12.1,5.860772665229436,100,5.0
discovery,10,143,-0.5429237679200514,-0.7636627810436507,-0.5778776237767091,-0.7519046823618554,-0.5691391598125448,-0.754844207032304,12.2,5.8983528773951805,100,5.0
discovery,10,144,-0.5539237542114531,-0.7582945378463551,-0.5810441763641216,-0.7548165394617903,-0.5742640708259547,-0.7556860390579314,12.28,6.127018709930215,100,5.0
discovery,10,145,-0.5484421829476416,-0.7647234805999839,-0.5824556519757897,-0.756195382472073,-0.5739522847187528,-0.7583274070040507,12.22,6.336344076190548,100,5.0
discovery,10,146,-0.5563741856539862,-0.7633407491233742,-0.5826115750187547,-0.7599606750764778,-0.5760522276775625,-0.7608056935882018,12.18,6.6194496774477605,100,5.0
discovery,10,147,-0.5591540831438941,-0.7672979658072445,-0.5833844309607439,-0.7583350721243153,-0.5773268440065316,-0.7605757955450475,12.16,6.251545566305335,100,5.0
discovery,10,148,-0.5537833380261737,-0.7848484398524154,-0.5857968628471256,-0.7521673956705551,-0.5777934816418879,-0.7603376567160205,12.1,5.517796190843118,100,5.0
discovery,10,149,-0.5388406736576462,-0.8035119196848851,-0.5824321380131674,-0.7560382952666658,-0.571534271924287,-0.7679067013712207,12.04,4.88091463837991,100,5.0
discovery,10,150,-0.5363352603793191,-0.8084429998717667,-0.5827013172535506,-0.7548852374198795,-0.5711098030349926,-0.7682746780328514,11.94,5.031788248235801,100,5.0
discovery,10,151,-0.5297058040582655,-0.8124459001391979,-0.5829972394061853,-0.7545814920681319,-0.5696743805692055,-0.7690475940858983,11.9,5.228992692705598,100,5.0
discovery,10,152,-0.5188840910187128,-0.8199929091003577,-0.5831698604558239,-0.7529190876547438,-0.5670984180965464,-0.7696875430161474,11.84,5.36910200342919,100,5.0
discovery,10,153,-0.5300951274686799,-0.817038254813961,-0.5781692408188224,-0.754762837065178,-0.5661507124812869,-0.7703316915023737,11.86,5.21108666250137,100,5.0
discovery,10,154,-0.528051506442861,-0.8159152142477449,-0.5724286009290764,-0.7615260532588316,-0.5613343273075226,-0.7751233435060599,11.8,4.29448973804798,100,5.0
discovery,10,155,-0.5307448272253532,-0.8116263875013964,-0.5704830134946587,-0.7620379084824129,-0.5605484669273326,-0.7744350282371584,11.74,4.320258421979945,100,5.0
discovery,10,156,-0.5340233108235575,-0.809953732655703,-0.568320858773536,-0.7630848001567155,-0.5597464717860414,-0.7748020332814624,11.76,4.467416229404997,100,5.0
discovery,10,157,-0.5362570491055679,-0.8073154640913587,-0.5677509468607322,-0.7645056425129243,-0.5598774724219411,-0.7752080979075332,11.8,4.670711242055846,100,5.0
discovery,10,158,-0.5521191589006265,-0.7952705937632883,-0.5715348065728987,-0.7628658683695136,-0.566680894654831,-0.7709670497179575,11.84,4.880137777577548,100,5.0
discovery,10,159,-0.5591106331254798,-0.792766292786816,-0.5802999354320798,-0.7575387712340228,-0.5750026098554297,-0.7663456516222211,11.92,5.058751450190623,100,5.0
discovery,10,160,-0.5536756430722687,-0.7948161849754317,-0.5872384569786308,-0.7517474258769634,-0.5788477535020403,-0.7625146156515803,11.98,5.2115384217983,100,5.0
discovery,10,161,-0.5432732671868863,-0.8037478859449305,-0.5940495703631936,-0.7434930412475489,-0.5813554945691167,-0.758556752421894,12.0,5.2284547619064226,100,5.0
discovery,10,162,-0.5569686636630391,-0.7932659162494282,-0.6011291763294493,-0.73742270676487,-0.5900890481628468,-0.7513835091360102,11.98,5.282942767653151,100,5.0
discovery,10,163,-0.552675640238714,-0.7929206823070435,-0.6006044561320184,-0.7353505434539817,-0.5886222521586921,-0.7497430781672471,12.02,5.87571328607457,100,5.0
discovery,10,164,-0.5544022902027433,-0.7913807972406804,-0.5969686313479764,-0.7367967974381323,-0.5863270460616682,-0.7504427973887694,12.14,5.856115005298573,100,5.0
discovery,10,165,-0.5613298892111463,-0.7811568788587957,-0.591431954453649,-0.7425045029575639,-0.5839064381430233,-0.7521675969328718,12.22,5.899928713694168,100,5.0
discovery,10,166,-0.5581076163521232,-0.7877904422644828,-0.5852218411721639,-0.7456404465489221,-0.5784432849671536,-0.7561779454778121,12.22,6.270994038951994,100,5.0
discovery,10,167,-0.5657023884318879,-0.7810053333751563,-0.5821326449802461,-0.7462246957898143,-0.5780250808431565,-0.7549198551861496,12.18,6.535336480520964,100,5.0
discovery,10,168,-0.5588342774808762,-0.7844874282474115,-0.5800803555058232,-0.7509018580913094,-0.5747688359995867,-0.7592982506303351,12.26,6.420742750862502,100,5.0
discovery,10,169,-0.561217994644729,-0.776290641826189,-0.5850177345843408,-0.7484060499700746,-0.5790677995994381,-0.7553771979341031,12.24,6.417321395322469,100,5.0
discovery,10,170,-0.5450540687971994,-0.7801122879851274,-0.5843870618245154,-0.7502553443513272,-0.5745538135676866,-0.7577195802597771,12.26,6.0976461060449365,100,5.0
discovery,10,171,-0.5574583969747939,-0.7732911705093067,-0.5797609877776219,-0.7534355323417112,-0.574185340076915,-0.7583994418836103,12.32,5.940265867649709,100,5.0
discovery,10,172,-0.5561357287430243,-0.7765896178668636,-0.5814453494105791,-0.7522058784959832,-0.5751179442436901,-0.7583018133387037,12.3,6.108123211636684,100,5.0
discovery,10,173,-0.5599594403987325,-0.7735162528311347,-0.5811868723672431,-0.7519609020037413,-0.5758800143751155,-0.7573497397105899,12.46,5.996400861784707,100,5.0
discovery,10,174,-0.554602993232884,-0.7787472574484551,-0.5791324769627813,-0.7533596270540069,-0.5730001060303068,-0.7597065346526192,12.52,6.112356344106311,100,5.0
discovery,10,175,-0.5584784333757085,-0.7837428262589193,-0.5792009742296128,-0.7531077444214415,-0.5740203390161366,-0.7607665148808112,12.56,5.941361050641712,100,5.0
discovery,10,176,-0.5668660109508487,-0.7765196180675633,-0.5817751514842961,-0.7503863814488855,-0.578047866350934,-0.7569196906035556,12.66,5.562550672635852,100,5.0
discovery,10,177,-0.569878461811211,-0.7757851225547273,-0.5829477056287051,-0.7513292671972832,-0.5796803946743316,-0.7574432310366442,12.58,5.529648345521298,100,5.0
discovery,10,178,-0.5657773855041913,-0.7833592510240043,-0.58663543661267,-0.7531284071441483,-0.5814209238355502,-0.760686118114112,12.54,5.1965276575401935,100,5.0
discovery,10,179,-0.5602192935858799,-0.7824476081564923,-0.5916686920975611,-0.7479954952152871,-0.5838063424696406,-0.7566085234505887,12.6,5.016231072221938,100,5.0
discovery,10,180,-0.5583400873807542,-0.7822056760238616,-0.5945663452672154,-0.7467178955278964,-0.5855097807956002,-0.755589840651888,12.62,5.188631556253444,100,5.0
discovery,10,181,-0.5560437546571175,-0.7812597903246732,-0.5946445742352142,-0.7468074610718701,-0.5849943693406904,-0.7554205433850707,12.62,5.642590779771682,100,5.0
discovery,10,182,-0.5541346358751367,-0.7819866162629796,-0.5940958875668382,-0.7491916136379995,-0.5841055746439127,-0.7573903642942446,12.64,5.840542766002943,100,5.0
discovery,10,183,-0.5557561565857841,-0.7888448623146825,-0.5901759886078379,-0.750153428539629,-0.5815710306023244,-0.7598262869833924,12.62,5.988706210588556,100,5.0
discovery,10,184,-0.5659229561077861,-0.7834406742555277,-0.5801882609741995,-0.7504661885894365,-0.5766219347575963,-0.7587098100059592,12.64,6.48861984612892,100,5.0
discovery,10,185,-0.5735724069226091,-0.7791374832553813,-0.5800090584478733,-0.7476777097456909,-0.5783998955665574,-0.755542653123113,12.72,7.1322543014485795,100,5.0
discovery,10,186,-0.5813700719061798,-0.7758383673570302,-0.578983581752757,-0.7484314532552503,-0.5795802042911128,-0.7552831817806951,12.72,7.283512965092345,100,5.0
discovery,10,187,-0.5775637372221855,-0.7778239729841152,-0.5788719081333704,-0.7507477405703152,-0.578544865405574,-0.7575167986737651,12.62,7.144891275849475,100,5.0
discovery,10,188,-0.5729988357530685,-0.7796745974134912,-0.5683691867381004,-0.7603634357128656,-0.5695265989918427,-0.7651912261380222,12.56,6.7139006685430385,100,5.0
discovery,10,189,-0.571328661373458,-0.7818529049412999,-0.5569888731827964,-0.7666193265986352,-0.5605738202304618,-0.770427721184302,12.44,6.436712322681808,100,5.0
discovery,10,190,-0.5692983360855685,-0.7827887387453187,-0.565561933516895,-0.757333911865199,-0.5664960341590634,-0.7636976185852293,12.56,6.552225041239677,100,5.0
discovery,10,191,-0.5700763300268537,-0.7812845521932904,-0.5706867652877737,-0.7539674963692901,-0.5705341564725434,-0.7607967603252903,12.64,6.412208209412825,100,5.0
discovery,10,192,-0.5475793058802898,-0.7973274349183925,-0.5685897367022321,-0.7573915227457068,-0.5633371289967464,-0.7673755007888785,12.6,6.493069967764517,100,5.0
discovery,10,193,-0.5489912842975524,-0.7983118074159655,-0.5647728879182139,-0.762716251620338,-0.5608274870130485,-0.7716151405692451,12.72,6.567458879827708,100,5.0
discovery,10,194,-0.5575332611880307,-0.7916735088616267,-0.5573770210431434,-0.7700408804983147,-0.5574160810793649,-0.7754490375891429,13.04,7.453134730202713,100,5.0
discovery,10,195,-0.5645454712006641,-0.786664862463311,-0.5547646084459973,-0.7721100634959234,-0.557209824134664,-0.7757487632377699,13.38,8.172866276158846,100,5.0
discovery,10,196,-0.562116825276256,-0.7936330948700305,-0.5564722027175015,-0.771853444100929,-0.55788335835719,-0.7772983567932044,13.76,8.504550801984754,100,5.0
discovery,10,197,-0.5509174492534293,-0.8038593604554503,-0.558834067467585,-0.7701784609112113,-0.5568549129140463,-0.7785986857972711,14.16,9.5142925002762,100,5.0
discovery,10,198,-0.5486394273236305,-0.8047176803922088,-0.5639978578212914,-0.7671447170812539,-0.5601582501968762,-0.776537957908993,14.66,9.86192130731229,100,5.0
discovery,10,199,-0.5624530177355459,-0.7960210085272856,-0.5618368677982963,-0.7679428746903686,-0.5619909052826091,-0.7749624081495977,14.86,9.761847899169009,100,5.0
discovery,10,200,-0.5641482942365778,-0.7951251642132552,-0.5529999872992685,-0.7755505496332314,-0.555787064033596,-0.7804442032782368,15.14,9.838003641105999,100,5.0
discovery,11,0,0.16553850217371466,0.23240024369013457,-0.034280709976766764,0.1335658847839029,0.015674093060853576,0.15827447451046092,0.0,0.0,100,5.0
discovery,11,1,0.13233946311928063,0.22122988315613135,-0.020594888840990352,0.1381643745316432,0.017638699149077387,0.15893075168776527,1.78,76.1200786062367,100,5.0
discovery,11,2,0.11443349673773136,0.2222825555037895,-0.008496959908031846,0.15088379105579197,0.022235654253408958,0.16873348216779127,1.92,71.36152302167459,100,5.0
discovery,11,3,0.12059869419086292,0.2423808776293011,0.00304786252363324,0.15796489866318078,0.032435570440440695,0.17906889340471077,1.94,60.93190353579501,100,5.0
discovery,11,4,0.1338185259073359,0.2489262324660086,0.01047662077570956,0.1686027817764041,0.04131209705861619,0.18868364444880517,2.04,68.36134820680226,100,5.0
discovery,11,5,0.13420122395750333,0.24700685280013154,0.011511800831668846,0.17060957180204545,0.04218415661312747,0.189708892051567,1.9,61.70492252606137,100,5.0
discovery,11,6,0.1301042661209635,0.2519643973576588,0.009891946176160875,0.18210797778929855,0.039945026162361515,0.19957208268138854,1.96,65.51310937883177,100,5.0
discovery,11,7,0.13618263540102965,0.2501660335562823,0.004739111920377027,0.1874903274478897,0.037599992790540174,0.20315925397498794,1.96,66.11940423678233,100,5.0
discovery,11,8,0.12770495562159317,0.2663593013879287,0.01037628876620713,0.1922665465995872,0.03970845548005366,0.21078973529667253,1.92,56.71787998898427,100,5.0
discovery,11,9,0.11026738548307524,0.2853127820649257,0.01904005180634618,0.185249566346275,0.041846885225528464,0.21026537027593759,2.04,52.83743010009614,100,5.0
discovery,11,10,0.08616569627696208,0.29718970602958494,0.035595296887518564,0.18367906168409384,0.048237896734879424,0.21205672277046653,2.34,56.23545999732052,100,5.0
discovery,11,11,0.06808549946997663,0.30230454068500195,0.04884739332349112,0.18001774645993948,0.05365691986011249,0.21058944501620505,2.42,52.13568024071533,100,5.0
discovery,11,12,0.043305265096418404,0.31207186951992516,0.06015017159541524,0.1783943898035251,0.05593894497066602,0.21181375973262515,2.42,50.709867303904744,100,5.0
discovery,11,13,0.03811518942280831,0.33077115802030044,0.07245226011432045,0.17164352647851905,0.06386799244144248,0.21142543436396422,2.38,51.69696908796351,100,5.0
discovery,11,14,0.0292283837087557,0.34226710438603036,0.08331942730319372,0.17098220645262022,0.06979666640458423,0.21380343093597276,2.16,50.041841896212624,100,5.0
discovery,11,15,0.00818436808165962,0.3390406379996947,0.09573262030088583,0.16127192449436473,0.07384555724607923,0.20571410287069716,2.2,47.290944356292265,100,5.0
discovery,11,16,0.004201368292552787,0.3399964193185038,0.09942188592969996,0.15416296241876912,0.07561675652041315,0.20062132664370277,2.3,47.46048988906562,100,5.0
discovery,11,17,0.006666702086585046,0.34396984871493175,0.1058841224628884,0.14309628027709306,0.0810797673688126,0.19331467238655273,2.48,43.30351621826173,100,5.0
discovery,11,18,0.005966261576542728,0.3438992664714871,0.10586342569555783,0.1431618761417382,0.08088913466580408,0.19334622372417548,2.66,43.82711910658831,100,5.0
discovery,11,19,0.009822072929094561,0.34040817489326386,0.1041743755381557,0.1416640057958593,0.08058629988589042,0.19135004807021036,2.76,46.46830572173738,100,5.0
discovery,11,20,0.029447126549279713,0.3436443584241822,0.10629561821450954,0.1447332787581646,0.08708349529820204,0.194461048674669,2.84,46.95331328858884,100,5.0
discovery,11,21,0.039215258504558294,0.35390331301636413,0.10829603983320282,0.1504766242031962,0.09102584450104173,0.20133329640648812,2.84,46.3320667625852,100,5.0
discovery,11,22,0.03995297780126295,0.3621765473981287,0.10887108439651581,0.15714171128293772,0.09164155774770263,0.20840042031173542,2.78,39.82115322799826,100,5.0
discovery,11,23,0.05237019456804796,0.3608571287564313,0.1093434687782095,0.16383763760050044,0.09510015022566912,0.21309251038948318,2.54,35.26984502406082,100,5.0
discovery,11,24,0.05591798966707363,0.35706846640142204,0.10046583670045872,0.1628617894228984,0.08932887494211243,0.21141345866752936,2.5,35.63415081009573,100,5.0
discovery,11,25,0.058283251418982406,0.36756833261437244,0.10028159366843363,0.157027908549666,0.08978200810607084,0.20966301456584266,2.58,36.67946148112392,100,5.0
discovery,11,26,0.06399333119124276,0.3749100620205988,0.0999644106220963,0.15072152316226084,0.09097164076438294,0.2067686578768453,2.66,34.608568803789176,100,5.0
discovery,11,27,0.06999627553588263,0.3734469372394597,0.10018672776416424,0.14371446241090763,0.0926391147070938,0.2011475811180455,2.76,36.140373500716095,100,5.0
discovery,11,28,0.06081819362392708,0.38156604640335895,0.10219241314088165,0.14604511824079267,0.09184885826164298,0.20492535028143424,2.98,38.10626264153174,100,5.0
discovery,11,29,0.04371514650483228,0.3893983007841484,0.10854536529720785,0.14569402803424467,0.09233781059911399,0.20662009622172056,2.92,34.89181414127058,100,5.0
discovery,11,30,0.0400303636505115,0.3997141873913793,0.11518838267049389,0.15355736983891513,0.09639887791549823,0.2150965742270312,2.88,38.711231671955,100,5.0
discovery,11,31,0.045999682036873775,0.40002825749780463,0.12614416655925975,0.16101324149899718,0.1061080454286633,0.22076699549869905,2.94,38.675398322709825,100,5.0
discovery,11,32,0.04526589271847031,0.3877538835048189,0.12922959763280797,0.1624990747536733,0.10823867140422351,0.21881277694145962,2.94,34.94349737776987,100,5.0
discovery,11,33,0.041391476985970455,0.3773255582559835,0.1326930914891165,0.16404590550858056,0.10986768786333002,0.21736581869543123,3.18,39.41547324773872,100,5.0
discovery,11,34,0.027121600171710905,0.37387416716929833,0.1366296254215434,0.161127635612458,0.10925261910908526,0.21431426850166807,3.28,38.251697374524014,100,5.0
discovery,11,35,0.007607818705371288,0.37891974660978844,0.1340122752627921,0.16639549119610117,0.10241116112343689,0.21952655504952312,3.3,36.98310317497377,100,5.0
discovery,11,36,0.0042885435674008395,0.3850732589396389,0.13252781563244737,0.16718833703608693,0.10046799761618576,0.22165956751197494,3.36,34.03708585276401,100,5.0
discovery,11,37,0.0035018996093076236,0.3781458813332534,0.12850955968757471,0.16708812008529197,0.097257644668008,0.2198525603972824,3.26,31.87559783247312,100,5.0
discovery,11,38,0.026573819127835203,0.3615067747463217,0.1311713277929949,0.16419679038424329,0.1050219506267049,0.21352428647476296,3.36,29.06066267753362,100,5.0
discovery,11,39,0.055287175471690875,0.3553145745351236,0.13637083823319984,0.15358699599322648,0.11609992254282257,0.20401889062870077,3.46,30.098613138840786,100,5.0
discovery,11,40,0.08736148621826821,0.34755154043775405,0.13323716091905746,0.14809296683549575,0.12176824224386013,0.1979576102360604,3.54,35.33755991978458,100,5.0
discovery,11,41,0.12004285724337951,0.341375801757265,0.12902008073176374,0.14194654346967384,0.12677577485966782,0.19180385804157155,3.66,36.18235036359453,100,5.0
discovery,11,42,0.1490683560059143,0.34757569769769775,0.12479230960241194,0.13414316652954872,0.13086132120328753,0.18750129932158585,3.62,34.262935058434245,100,5.0
discovery,11,43,0.17268802216664075,0.35540735494135184,0.123393469669042,0.12724624298172219,0.1357171077934417,0.1842865209716296,3.52,30.657400508148623,100,5.0
discovery,11,44,0.1909347800059854,0.3634154401654903,0.11386708375834535,0.1285660819028761,0.13313400782025536,0.1872784214685297,3.5,29.963089965685263,100,5.0
discovery,11,45,0.1884163507332402,0.3712010923625976,0.10599423201413868,0.12860808149216532,0.12659976169391401,0.18925633420977342,3.46,26.56275032209315,100,5.0
discovery,11,46,0.19453528026948605,0.37658483751885213,0.09533113049951701,0.1301985247414242,0.1201321679420093,0.19179510293578111,3.34,24.84298640630985,100,5.0
discovery,11,47,0.19674408132540294,0.37290076750028267,0.09492223727086226,0.12870303494205176,0.12037769828449742,0.18975246808160948,3.38,22.300504248435107,100,5.0
discovery,11,48,0.20112145778892232,0.36715261843836106,0.08919562304483417,0.1233549925669169,0.11717708173085618,0.18430439903477794,3.54,22.60584134556488,100,5.0
discovery,11,49,0.2123505527351234,0.3613536370485831,0.08666110928265618,0.12026220545832579,0.118083470145773,0.18053506335589012,3.54,23.6411251712039,100,5.0
discovery,11,50,0.2094161062809814,0.3683333415933477,0.08557523910444653,0.1160114018574824,0.11653545589858023,0.17909188679144883,3.52,23.73428359773777,100,5.0
discovery,11,51,0.20419515419592893,0.363269303741297,0.07680644365027758,0.10819265990087044,0.10865362128669047,0.17196182086097717,3.6,24.18852370938619,100,5.0
discovery,11,52,0.2090607966399006,0.3583146330194991,0.07448901168113443,0.10357454529561393,0.10813195792082604,0.16725956722658517,3.58,23.418571929572327,100,5.0
discovery,11,53,0.22346074894014303,0.34399680790655546,0.07729786649694052,0.10572751724467329,0.11383858710774115,0.16529483991014388,3.72,21.80741271102164,100,5.0
discovery,11,54,0.22857628009483894,0.33847380512582675,0.0713274145842694,0.10868153762855898,0.11063963096191179,0.16612960450287595,3.94,24.456880093886998,100,5.0
discovery,11,55,0.23658738434683957,0.3408049843042684,0.07495821714884227,0.11201942188693755,0.11536550894834158,0.16921581249127027,4.2,23.519953751549842,100,5.0
discovery,11,56,0.2466318508911348,0.33447800071032885,0.08028614874334883,0.10436243657058412,0.12187257428029531,0.1618913276055204,4.38,24.208349969763233,100,5.0
discovery,11,57,0.2584317789501003,0.3120475697542282,0.08439220196346615,0.09631820601170893,0.12790209621012472,0.15025054694733875,4.6,25.934393075761502,100,5.0
discovery,11,58,0.2532537571230659,0.3038077563848944,0.08265414262285393,0.09210454822677057,0.1253040462479069,0.14503035026630148,4.72,31.535809259599343,100,5.0
discovery,11,59,0.24550974081627977,0.2979700036768201,0.0791395285753454,0.09065531895278206,0.12073208163557898,0.1424839901337916,5.18,39.80163594614661,100,5.0
discovery,11,60,0.24370073082912963,0.29324175500075095,0.07614884658200832,0.09200431788150708,0.11803681764378865,0.14231367716131801,5.34,44.233994782486796,100,5.0
discovery,11,61,0.24372092654504887,0.27908989066091155,0.07544875148307893,0.08244625417909185,0.1175167952485714,0.13160716329954678,5.56,50.32479710562735,100,5.0
discovery,11,62,0.23587418398462945,0.2684418319299528,0.07301790857987735,0.0821137510967658,0.11373197743106536,0.12869577130506257,5.6,50.640211008774784,100,5.0
discovery,11,63,0.2381444556666663,0.24741677675483392,0.07152379849662348,0.08367308230626241,0.11317896278913414,0.1246090059184053,5.42,41.68380447804795,100,5.0
discovery,11,64,0.23151832490925514,0.24094232766001675,0.06994084750086557,0.08992107762877685,0.11033521685296288,0.12767639013658683,5.12,36.27704532780097,100,5.0
discovery,11,65,0.2430440764035017,0.23061870467969142,0.06706975857418665,0.08846924149096792,0.11106333803151547,0.1240066072881488,4.74,32.05149514325494,100,5.0
discovery,11,66,0.24445117917010364,0.23224905589495481,0.06733279278612617,0.09463405633416364,0.11161238938212055,0.12903780622436145,4.3,27.947342637528653,100,5.0
discovery,11,67,0.2496354096531933,0.23169513554923152,0.06341849118226396,0.09872473511693768,0.10997272079999633,0.13196733522501103,4.08,23.061668689095967,100,5.0
discovery,11,68,0.26261514651798323,0.229926064878493,0.06440888188260335,0.09730056867352152,0.11396044804144821,0.13045694272476427,3.98,22.061145317986004,100,5.0
discovery,11,69,0.26990930281599196,0.23642368668610428,0.07169207885921872,0.09425238289620287,0.121246384848412,0.12979520884367818,4.1,23.947673754047766,100,5.0
discovery,11,70,0.2591644962902745,0.246733061367918,0.0796329587410154,0.09443108210092502,0.12451584312833021,0.13250657691767329,3.96,21.048432129253026,100,5.0
discovery,11,71,0.26060314302429843,0.2509794188686184,0.08878681778114547,0.09692773579334196,0.13174089909193368,0.13544065656216112,3.84,18.64077061128569,100,5.0
discovery,11,72,0.2695062393995751,0.2521859087329182,0.08472251049314818,0.10369683398680674,0.13091844271975492,0.14081910267333458,3.74,17.47279645352669,100,5.0
discovery,11,73,0.2757807394672322,0.25003891072623885,0.08463236182184436,0.11412532530526823,0.13241945623319135,0.14810372166051086,3.58,16.47021680368843,100,5.0
discovery,11,74,0.2829915996134787,0.25903664502334917,0.0885772514945969,0.12500780053668378,0.13718083852431748,0.15851501165835014,3.42,18.518476822435503,100,5.0
discovery,11,75,0.2826524419491309,0.2675230390316666,0.0898386046692896,0.1291710331134891,0.13804206398924995,0.16375903459303345,3.3,13.419835352324482,100,5.0
discovery,11,76,0.27327286607897,0.27217859531579647,0.09120739245966848,0.13136207420337095,0.1367237608644939,0.16656620448147735,3.28,13.385192366110033,100,5.0
discovery,11,77,0.2542682812860877,0.282601274095504,0.0918245422512481,0.12595454405537615,0.13243547700995803,0.1651162265654081,3.24,10.604478714481312,100,5.0
discovery,11,78,0.255628751390883,0.29091072586722716,0.0959104268711258,0.1225974530188373,0.1358400080010652,0.16467577123093474,3.42,12.549266164823974,100,5.0
discovery,11,79,0.25875308723411217,0.2908197965251448,0.10313605160923034,0.12206278567165775,0.14204031051545082,0.1642520383850295,3.58,14.3358091915427,100,5.0
discovery,11,80,0.2646149369595375,0.29399025212179225,0.10459983460921662,0.12010251341207133,0.14460361019679685,0.16357444808950164,3.66,13.433150511717887,100,5.0
discovery,11,81,0.2652254786576252,0.2954525479017656,0.1144201513378593,0.11627362180390372,0.15212148316780083,0.1610683533283692,3.86,15.939406352170534,100,5.0
discovery,11,82,0.271593254785245,0.30085966474957976,0.12141301699397765,0.11650090366989664,0.1589580764417945,0.16259059393981748,4.08,18.747202211134763,100,5.0
discovery,11,83,0.2816235514405559,0.2941084620857985,0.1234241567984967,0.1242693445841806,0.16297400545901158,0.16672912395958508,4.24,18.478168915640296,100,5.0
discovery,11,84,0.2825623390520994,0.28268130827971527,0.1253802617285368,0.13459726959681,0.16467578105942743,0.17161827926753642,4.2,19.035913819046623,100,5.0
discovery,11,85,0.28783554009995443,0.27457404357810505,0.13104849450753123,0.14401196157735022,0.17024525590563705,0.17665248207753886,4.16,18.627125505645786,100,5.0
discovery,11,86,0.2964481139524856,0.261788806101746,0.1425619286668389,0.14614817396040067,0.18103347498825056,0.17505833199573695,4.12,18.706327942120595,100,5.0
discovery,11,87,0.3061245967667405,0.25649351620186867,0.15479103047092313,0.14358168690125853,0.1926244220448775,0.17180964422641104,3.98,14.938955005184848,100,5.0
discovery,11,88,0.31404418360101416,0.24895758545594993,0.16974870612484255,0.14418637006950374,0.20582257549388536,0.1703791739161153,3.98,12.03157035901401,100,5.0
discovery,11,89,0.33075387270556156,0.24170471521151235,0.17591574811926033,0.14565766482700615,0.21462527926583558,0.16966942742313265,3.88,10.362166658822524,100,5.0
discovery,11,90,0.3393588859807772,0.23643424544755598,0.17447608183004426,0.152863042286765,0.21569678286772753,0.17375584307696268,3.82,8.036144936595768,100,5.0
discovery,11,91,0.33777482632143746,0.24093830667247573,0.1743086014506668,0.16300525802043297,0.21517515766835937,0.18248852018344366,3.86,7.986913365328103,100,5.0
discovery,11,92,0.3358970056793577,0.23518540964624868,0.17042242869546487,0.17290815561863201,0.211791072941438,0.18847746912553617,3.84,7.225675006284068,100,5.0
discovery,11,93,0.33410340465005717,0.24518270786381663,0.167888949486585,0.18781359619279725,0.209442563277453,0.20215587411055214,3.9,9.336279308708892,100,5.0
discovery,11,94,0.33145989087444044,0.24119612753660405,0.1638454263471239,0.19061806464686784,0.20574904247895312,0.2032625803693018,4.1,11.712408376556988,100,5.0
discovery,11,95,0.3310385377170229,0.23554044062424542,0.16170705206925726,0.1936401216272129,0.20403992348119865,0.20411520137647104,4.28,13.622695196879022,100,5.0
discovery,11,96,0.33256093493228095,0.2330315267730322,0.16178573420574305,0.19607016821674444,0.20447953438737743,0.20531050785581642,4.42,15.601676974120066,100,5.0
discovery,11,97,0.331576268610834,0.23721941178456732,0.15965979700525743,0.2002344482593825,0.2026389149066517,0.20948068914067863,4.4,16.265280816378336,100,5.0
discovery,11,98,0.3322245148488854,0.24611896924699667,0.15265870504764908,0.19898703426544315,0.19755015749795812,0.2107700180108316,4.48,16.888081553758926,100,5.0
discovery,11,99,0.33372819259218434,0.25107901798584026,0.1459319228564733,0.20345864565804456,0.192880990290401,0.21536373873999348,4.46,14.57225724805604,100,5.0
discovery,11,100,0.33158936447400683,0.24774446113031373,0.13901388952265595,0.205359871472451,0.1871577582604937,0.2159560188869167,4.46,14.910561969212063,100,5.0
discovery,11,101,0.3395681306716746,0.23446683997467777,0.1432432964607728,0.20341853422450126,0.19232450501349832,0.21118061066204544,4.42,13.985176573770174,100,5.0
discovery,11,102,0.3405735783221875,0.23112862661229847,0.14656436499677497,0.21121374903476747,0.19506666832812808,0.2161924684291502,4.48,13.199787987595132,100,5.0
discovery,11,103,0.3429023504380341,0.22797240869992533,0.13952348162258724,0.21820468577917082,0.19036819882644898,0.22064661650935946,4.64,17.53056892171189,100,5.0
discovery,11,104,0.3322116313912409,0.2358606161731378,0.12477518752017305,0.22753314509119563,0.1766342984879401,0.22961501286168123,4.8,20.152891223062444,100,5.0
discovery,11,105,0.31690271738276243,0.23875902623929895,0.11114672065057439,0.2360043778747829,0.16258571983362147,0.2366930399659118,4.88,20.018969971143655,100,5.0
discovery,11,106,0.2954287216977136,0.23668992344721088,0.09207441173908748,0.2481656940349006,0.14291298922874396,0.24529675138797813,4.82,17.624313481461318,100,5.0
discovery,11,107,0.2772278570633202,0.2094123073613743,0.08055758443479072,0.2516721993541358,0.12972515259192302,0.24110722635594542,4.7,15.274292292643311,100,5.0
discovery,11,108,0.26591478841393335,0.19167532797559952,0.07649310693192905,0.2579677268730275,0.1238485273024301,0.24139462714867055,4.58,11.378742095840215,100,5.0
discovery,11,109,0.25888523658422785,0.1658919980158165,0.07883327553521038,0.26225569679093025,0.12384626579746481,0.23816477209715173,4.58,9.756636582926932,100,5.0
discovery,11,110,0.24660980550554742,0.1578259269873637,0.07818802294692473,0.27466931246160464,0.12029346858658041,0.24545846609304445,4.72,9.194052727910437,100,5.0
discovery,11,111,0.23245076877836157,0.1438959708805626,0.08472290854844923,0.28749643190009955,0.1216548736059274,0.25159631664521526,5.0,11.441492438587472,100,5.0
discovery,11,112,0.22342806802302909,0.14270841092972064,0.08866573484191086,0.2977833191849054,0.12235631813719042,0.2590145921211093,5.16,12.711427506727642,100,5.0
discovery,11,113,0.21325419226603884,0.16213452016748267,0.09008737710507116,0.3036403750799058,0.12087908089531307,0.2682639113518001,5.42,13.39078238225324,100,5.0
discovery,11,114,0.20395745802469997,0.16674368148383564,0.10007989372857189,0.31710709862338154,0.1260492848026039,0.2795162443384951,5.52,12.974365417846505,100,5.0
discovery,11,115,0.19727585041224377,0.16840438695278429,0.10754098515952752,0.3274991654587531,0.12997470147270662,0.28772547083226085,5.52,13.803396875284294,100,5.0
discovery,11,116,0.2028684100812454,0.17449154920610407,0.1184403393463826,0.33618913920069704,0.13954735703009835,0.2957647417020489,5.68,13.387848311888916,100,5.0
discovery,11,117,0.2107236675521666,0.17192461157081879,0.115339166636976,0.35327109231760884,0.13918529186577366,0.3079344721309114,5.68,11.735303201556272,100,5.0
discovery,11,118,0.21959394306584298,0.17454041418901348,0.12502953387784296,0.3671805894854603,0.14867063617484297,0.31902054566134863,5.76,11.786855718656675,100,5.0
discovery,11,119,0.22694151581867913,0.18138761327858863,0.13526716588543602,0.38491926422747885,0.1581857533687468,0.3340363514902564,6.18,12.827098076660084,100,5.0
discovery,11,120,0.23556303091752187,0.19184801476237248,0.14702302932833414,0.3983464820407623,0.16915802972563107,0.3467218652211649,6.38,13.56805774325218,100,5.0
discovery,11,121,0.23836185158401016,0.20799557796403562,0.16267270195565492,0.4134866873867188,0.18159498936274365,0.36211391003104815,6.46,13.730221336046593,100,5.0
discovery,11,122,0.24134948470654877,0.225010604339803,0.1803117621735394,0.42754073397124615,0.19557119280679167,0.3769082015633852,6.78,15.490678594823121,100,5.0
discovery,11,123,0.251303386502803,0.22783238473127063,0.19327047569557856,0.43783063742465583,0.20777870339738475,0.38533107425130964,6.9,16.507746143874837,100,5.0
discovery,11,124,0.26403541206314746,0.23843004262121695,0.1998517976358534,0.4461760420838985,0.2158977012426771,0.3942395422182281,6.86,14.760118024359118,100,5.0
discovery,11,125,0.2718598632695523,0.24682314449743753,0.20840312968526725,0.4545198539872833,0.22426731308133852,0.4025956766148218,7.08,14.932205452283979,100,5.0
discovery,11,126,0.27095532322360666,0.2564451833703941,0.21291314456886948,0.46949574170968494,0.22742368923255385,0.4162331021248623,7.26,16.361360369856357,100,5.0
discovery,11,127,0.27124916824452905,0.26449308408097577,0.21753809388633888,0.4827700674920389,0.23096586247588635,0.42820082163927303,7.24,15.042457779217015,100,5.0
discovery,11,128,0.26943920039623126,0.2740985287210089,0.21621310162585483,0.49496824516836907,0.22951962631844894,0.4397508160565293,7.34,14.31535498972427,100,5.0
discovery,11,129,0.2626021004299387,0.2820530743186235,0.21467944921176335,0.49493505972079693,0.22666011201630717,0.4417145633702534,7.24,13.306593268089772,100,5.0
discovery,11,130,0.25266923444088635,0.30057166948299463,0.20674694088697892,0.5011803094699903,0.21822751427545573,0.45102814947324144,7.18,12.486187814141424,100,5.0
discovery,11,131,0.2484620821293243,0.3106187200014311,0.21341896229113644,0.5063510274138229,0.2221797422506835,0.4574179505607248,6.92,10.201982305094937,100,5.0
discovery,11,132,0.2534349974834948,0.30704656581026485,0.21522836813937307,0.5095384567199273,0.2247800254754035,0.4589154839925116,6.68,9.212759282723297,100,5.0
discovery,11,133,0.24990686112626365,0.30518601139347235,0.20519316045139138,0.5084943086290405,0.21637158562010952,0.45766723432014855,6.46,8.48893968483733,100,5.0
discovery,11,134,0.25037813720069263,0.2981309107616893,0.20496173138690973,0.5135830840614588,0.21631583284035558,0.45972004073651623,6.36,8.71182271930179,100,5.0
discovery,11,135,0.24692528840807995,0.2955913216788243,0.21595951491333223,0.5186525122223541,0.22370095828701897,0.46288721458647153,6.32,7.917688705856423,100,5.0
discovery,11,136,0.2380896490370359,0.288563356736766,0.21383120723487772,0.5291577374903914,0.21989581768541722,0.46900914230198504,6.34,7.581255570407432,100,5.0
discovery,11,137,0.2431611637148754,0.28156169046555496,0.22049666759463327,0.5352867895462358,0.2261627916246938,0.4718555147760657,6.44,6.904502939836264,100,5.0
discovery,11,138,0.2262177017072996,0.27864612497598623,0.22972497106870723,0.5385398408434653,0.22884815372835518,0.47356641187659565,6.44,6.5216279108970285,100,5.0
discovery,11,139,0.22877739467565905,0.27818106521299457,0.2425610441723387,0.5381793003057137,0.23911513179816893,0.47317974153253395,6.64,7.550063971869712,100,5.0
discovery,11,140,0.23080774625933345,0.2859088472809541,0.2518346801588021,0.546403091033021,0.24657794668393496,0.48127953009500446,6.9,8.891997969857933,100,5.0
discovery,11,141,0.23330721589291825,0.2836062597398937,0.2597707591839184,0.5544069945572827,0.25315487336116843,0.4867068108529356,7.22,11.277010733023163,100,5.0
discovery,11,142,0.23070772887037136,0.2830626725216482,0.2630852446467627,0.5647570040726335,0.25499086570266494,0.49433342118488727,7.4,12.762573867046317,100,5.0
discovery,11,143,0.23375661676748652,0.2832502774457667,0.27095864785477713,0.5672675311217971,0.2616581400829544,0.4962632177027896,7.62,11.903492269901523,100,5.0
discovery,11,144,0.2396139474041223,0.28373029828709306,0.2770749705419284,0.5755157622394791,0.26770971475747685,0.5025693962513826,7.68,10.499840476539111,100,5.0
discovery,11,145,0.236696167082866,0.28591639876704183,0.2834906880251449,0.5850622538559335,0.27179205778957516,0.5102757900837106,7.82,9.066752103333851,100,5.0
discovery,11,146,0.23335075425013685,0.29720412103391075,0.288242818380538,0.5873547450377659,0.2745198023479377,0.5148170890368019,8.0,9.146788904646346,100,5.0
discovery,11,147,0.23594857192187363,0.2982607776208404,0.29550796479430114,0.5889643667273256,0.28061811657619423,0.5162884694507046,8.12,9.040272891362953,100,5.0
discovery,11,148,0.23453600915476364,0.30980986416920403,0.30375042035511995,0.5928958055454749,0.2864468175550309,0.5221243202014071,8.16,9.465203573876977,100,5.0
discovery,11,149,0.2561458718387394,0.3150883675690126,0.3084685206994813,0.6015565945857039,0.2953878584842959,0.529939537831531,8.32,9.606130745498998,100,5.0
discovery,11,150,0.2716952718856701,0.32746690759758496,0.3199173872990396,0.6014810405947212,0.3078618584456973,0.5329775073454371,8.48,10.236568027599942,100,5.0
discovery,11,151,0.28463448213321607,0.3222465718451065,0.3256147233014255,0.5986230870050542,0.31536966300937325,0.5295289582150672,8.66,13.116639295259784,100,5.0
discovery,11,152,0.30087567853930497,0.31725611746452964,0.3323573969755633,0.6000482221467504,0.32448696736649885,0.529350195976195,8.9,16.610586222528056,100,5.0
discovery,11,153,0.3353268510872775,0.3096197282834437,0.3484034992987127,0.598553774878761,0.345134337245854,0.5263202632299318,9.24,20.80382705640006,100,5.0
discovery,11,154,0.35882554207610334,0.3104469759731162,0.3698624231142599,0.5968861441904073,0.3671032028547208,0.5252763521360844,9.64,22.108315163093476,100,5.0
discovery,11,155,0.3842493200940049,0.33461665153612324,0.39280065034542494,0.5942640483760387,0.39066281778256984,0.5293521991660598,9.48,18.805316696421233,100,5.0
discovery,11,156,0.3946006168272897,0.3646155485148194,0.406692180530523,0.5947641412260066,0.40366928960471454,0.5372269930482098,9.44,17.517730319236897,100,5.0
discovery,11,157,0.41340694788866367,0.392250286898426,0.41707965840864636,0.5984612659674975,0.4161614807786506,0.5469085212002295,9.1,15.291395541219883,100,5.0
discovery,11,158,0.42795591166640384,0.4208262649010932,0.41669719929114524,0.6149094566154715,0.4195118773849598,0.5663886586868767,8.78,11.895715296610366,100,5.0
discovery,11,159,0.44441553516005855,0.4290729744067591,0.40927994197934026,0.6258584087574884,0.41806384027451976,0.5766620501698064,8.58,9.03967424602716,100,5.0
discovery,11,160,0.46676654210980834,0.43556538417018037,0.399484416187887,0.6334258860657728,0.4163049476683673,0.5839607605918746,8.4,6.962100541687298,100,5.0
discovery,11,161,0.4748622167714802,0.445885604093889,0.3898734229165036,0.6405049541634141,0.4111206213802475,0.5918501166460325,8.3,7.426180517137283,100,5.0
discovery,11,162,0.4663245029024485,0.4615956210740218,0.3787221868525403,0.6466390243718305,0.40062276586501716,0.6003781735473784,8.36,8.585357689473176,100,5.0
discovery,11,163,0.4727600131983642,0.466651993477161,0.36996139063638755,0.6506768990368479,0.39566104627688176,0.6046706726469261,8.42,8.639589892706548,100,5.0
discovery,11,164,0.47338929736072766,0.4707749401329751,0.3726367113663174,0.6447089485590944,0.39782485786492006,0.6012254464525641,8.52,8.277044528301074,100,5.0
discovery,11,165,0.48108941007043143,0.4706667143394076,0.37108137264947194,0.6409286623860883,0.3985833820047117,0.5983631753744183,8.52,8.287355365683796,100,5.0
discovery,11,166,0.48225563993495335,0.4692834892571275,0.3735261980253661,0.6457281825497766,0.4007085585027628,0.6016170092266143,8.72,8.258051075308536,100,5.0
discovery,11,167,0.487761592662131,0.4685868230052162,0.3664578054668843,0.649435198256137,0.3967837522656958,0.6042231044434065,8.76,6.955235472065758,100,5.0
discovery,11,168,0.49167737657369615,0.4655358180603274,0.3626236184478656,0.6541348781681459,0.39488705797932316,0.6069851131411915,9.04,6.37066753763583,100,5.0
discovery,11,169,0.491405755720484,0.46738019408535336,0.3658363409207079,0.6564952131437459,0.397228694620652,0.6092164583791478,9.28,6.4599083358173655,100,5.0
discovery,11,170,0.49032762883733144,0.46901536303834845,0.37256009739915363,0.654443705078803,0.4020019802586983,0.6080866195686894,9.48,6.260047730330601,100,5.0
discovery,11,171,0.4862014013198486,0.46327672153577043,0.37678607024260385,0.652864356735658,0.4041399030119154,0.6054674479356861,9.72,6.256503407574319,100,5.0
discovery,11,172,0.477381044366955,0.46316263676715713,0.37759250675374173,0.6577565363162243,0.402539641157045,0.6091080614289573,9.98,6.646391185364089,100,5.0
discovery,11,173,0.4759600701142231,0.47026848883903966,0.38045356839907324,0.6513387455195672,0.40433019382786073,0.6060711813494354,10.16,7.095921325865574,100,5.0
discovery,11,174,0.4707637254663075,0.48170481168726326,0.3866921787266746,0.6478024532201423,0.40771006541158294,0.6062780428369222,10.36,6.789135443145524,100,5.0
discovery,11,175,0.47060671468502946,0.4902082222880891,0.3932781708383859,0.6463864340234033,0.4126103068000468,0.6073418810895747,10.52,7.174021690764065,100,5.0
discovery,11,176,0.47806826591933343,0.4943712046936688,0.3958355137064619,0.6517177397696233,0.4163937017596796,0.6123811060006347,10.62,8.39282880743415,100,5.0
discovery,11,177,0.47894890853806665,0.5022945230766105,0.4015165316099987,0.6623768924374029,0.42087462584201574,0.6223563000972047,10.72,9.01403031036841,100,5.0
discovery,11,178,0.4632192638238228,0.5208089279730787,0.41045907327730097,0.6703582939792098,0.4236491209139316,0.6329709524776771,10.82,8.70524275927903,100,5.0
discovery,11,179,0.4491663904665518,0.539006877461063,0.41107438114730926,0.6779524163024715,0.42059738347711983,0.6432160315921194,10.76,8.46006319384411,100,5.0
discovery,11,180,0.44503426031029497,0.5426444053669018,0.4105602997174776,0.6849031404950268,0.41917878986568186,0.6493384567129956,10.58,7.190012957887067,100,5.0
discovery,11,181,0.4407496726281166,0.5394941970973326,0.4022576218731162,0.691343656745169,0.41188063456186635,0.65338129183321,10.44,6.651586568895164,100,5.0
discovery,11,182,0.4332179018682898,0.5390654741936385,0.40596618599771433,0.6948016445099522,0.41277911496535813,0.6558676019308736,10.42,7.359636266367654,100,5.0
discovery,11,183,0.43237971287328086,0.5409763539115346,0.40467894943509514,0.6990146456244457,0.41160414029464143,0.6595050726962179,10.54,7.5896440970303,100,5.0
discovery,11,184,0.4274102515859191,0.5377442187441546,0.40493900596986665,0.6993648045061468,0.4105568173738798,0.6589596580656486,10.58,8.085659738486505,100,5.0
discovery,11,185,0.4197208400809672,0.5384946090973641,0.40255860905998203,0.7051596984527044,0.4068491668152284,0.6634934261138692,10.68,8.409411823785508,100,5.0
discovery,11,186,0.4138299169604613,0.5429499713282273,0.4028764012215701,0.7099709982959029,0.405614780156293,0.6682157415539841,10.58,7.994357020400214,100,5.0
discovery,11,187,0.41898295536513613,0.543421358715857,0.4047250115340672,0.7115605328420415,0.4082894974918345,0.6695257393104954,10.44,8.173863454005179,100,5.0
discovery,11,188,0.41957034051438824,0.5418736436512825,0.4048790442328885,0.7119974431851033,0.40855186830326345,0.6694664933016482,10.46,7.712766202790306,100,5.0
discovery,11,189,0.4157023062717272,0.5432067284695161,0.4132362120327459,0.7100066542476802,0.41385273559249114,0.6683066728031395,10.34,7.296042785669206,100,5.0
discovery,11,190,0.4065938213961809,0.5494363614567237,0.41317865753888783,0.7051798131101639,0.41153244850321125,0.6662439501968039,10.28,6.999001287431015,100,5.0
discovery,11,191,0.39323378396270736,0.5560510101598861,0.4023322164815651,0.7127305849548494,0.4000576083518505,0.6735606912561084,10.14,6.246770836054027,100,5.0
discovery,11,192,0.38886670647226074,0.5526151113619389,0.3967376253352664,0.7142035089424467,0.3947698956195149,0.6738064095473202,10.0,5.708490970949599,100,5.0
discovery,11,193,0.3853135312198724,0.5504767018689064,0.39414894247669535,0.7144872596115315,0.39194008966248944,0.6734846201758754,9.9,5.385624645647158,100,5.0
discovery,11,194,0.3791651025533597,0.5547399462487246,0.3975173274974471,0.7219561303513101,0.39292927126142524,0.6801520843256637,9.82,4.873294647114322,100,5.0
discovery,11,195,0.3697048156198063,0.561536195840634,0.39681459484770915,0.7275002278057064,0.3900371500407334,0.6860092198144383,9.78,4.864026677357427,100,5.0
discovery,11,196,0.36124318591384463,0.568406945208445,0.40150797877883887,0.729525411275769,0.3914417805625904,0.6892457947589381,9.82,5.392240798901551,100,5.0
discovery,11,197,0.36627273501358215,0.5684409652104833,0.4017073737026564,0.7297589572868929,0.39284871403038774,0.6894294592677903,9.9,5.980998767386875,100,5.0
discovery,11,198,0.3705275003070232,0.5635445595237191,0.40663678900467154,0.7311399647248287,0.3976094668302593,0.6892411134245512,10.04,6.393104589109475,100,5.0
discovery,11,199,0.3702144624988159,0.5610012112283925,0.4045323262724362,0.7366153022278679,0.3959528603290311,0.6927117794779991,10.1,7.005820315057353,100,5.0
discovery,11,200,0.371036005026191,0.5537405116237448,0.4079791249863081,0.739031868017139,0.3987433449962787,0.6927090289187906,10.16,7.042343198967786,100,5.0
discovery,12,0,0.08900133704243128,-0.08425929737666489,0.14991647933471164,0.07910047603683167,0.13468769376164158,0.038260532683457485,0.0,0.0,100,5.0
discovery,12,1,0.1026803523732835,-0.0851517927096852,0.15658736918939417,0.07964452407217998,0.14311061498536642,0.03844544487671368,1.42,99.18987546280904,100,5.0
discovery,12,2,0.10487596221576233,-0.06618240601351272,0.15625291304623826,0.08277730357357789,0.14340867533861926,0.04553737617680529,1.28,85.56181012024328,100,5.0
discovery,12,3,0.12305647397688933,-0.04285378374634039,0.15413828175624458,0.0816251435350501,0.1463678298114057,0.05050541171470248,1.28,80.89546513882011,100,5.0
discovery,12,4,0.14261378520364146,-0.006585932455676611,0.1554816571866854,0.07691007528710492,0.15226468919092437,0.05603607335140953,1.46,80.86565267788862,100,5.0
discovery,12,5,0.16717406237522972,0.019989161194698686,0.15571337875014069,0.0805389678789414,0.158578549656413,0.06540151620788072,1.58,76.31575060440136,100,5.0
discovery,12,6,0.18974264708421398,0.041048985855549,0.1587093464920766,0.09874017725707877,0.16646767164011106,0.08431737940669627,1.62,75.97694339346796,100,5.0
discovery,12,7,0.2162882978988974,0.059981441456432645,0.15782001554382064,0.10685320998955258,0.17243708613258987,0.09513526785627263,1.82,73.95054752795785,100,5.0
discovery,12,8,0.2572638204426665,0.06344832636714375,0.1593370198028181,0.10754483081762634,0.1838187199627802,0.09652070470500572,2.0,68.75370014248894,100,5.0
discovery,12,9,0.26990722558587654,0.065846231616222,0.1688256641680125,0.11367437071828111,0.19409605452247852,0.10171733594276634,2.08,64.13390695320827,100,5.0
discovery,12,10,0.2757483132811882,0.0690242734486611,0.17613271890810994,0.11035915877289275,0.2010366175013795,0.10002543744183484,1.94,56.34490876853427,100,5.0
discovery,12,11,0.2770454715300757,0.07001811175148749,0.1884806482512227,0.10774030097439696,0.21062185407093595,0.09830975366866962,1.98,56.80432560660554,100,5.0
discovery,12,12,0.28410133171645413,0.05917280992093495,0.20168621172655285,0.10334092455777766,0.22228999172402822,0.09229889589856696,1.94,59.201839259306475,100,5.0
discovery,12,13,0.3017882059715236,0.04687128698822287,0.2239615323017396,0.09517842966984716,0.24341820071918566,0.0831016439994411,2.06,63.28342063354169,100,5.0
discovery,12,14,0.32147478105217914,0.04576620769196104,0.23387740727140163,0.09344438866435176,0.2557767507165961,0.08152484342125409,2.12,59.71961850308249,100,5.0
discovery,12,15,0.3319882636358399,0.045233351541675015,0.23694243540355345,0.09057437879546339,0.26070389246162506,0.07923912198201628,2.26,58.64364373597881,100,5.0
discovery,12,16,0.3470876524680721,0.043749953741456425,0.25102724874094445,0.09498933553827688,0.27504234967272634,0.08217949008907173,2.2,53.61116033554386,100,5.0
discovery,12,17,0.352084785099497,0.05354043495745587,0.26652487946041814,0.10084223131864035,0.2879148558701878,0.08901678222834422,2.24,55.066460614892556,100,5.0
discovery,12,18,0.3593325336682139,0.05752599132529193,0.28979421727091886,0.1010206257762577,0.3071787963702427,0.09014696716351622,2.24,54.50777350371259,100,5.0
discovery,12,19,0.3686508524391877,0.08265125232971714,0.3108351988050949,0.09298306748288625,0.3252891122136181,0.09040011369459394,2.34,48.660033165690464,100,5.0
discovery,12,20,0.388921915544968,0.0916010904217501,0.3304512486180331,0.0928597963696385,0.345068915349767,0.09254511988266642,2.32,49.503545602848,100,5.0
discovery,12,21,0.4025914035272377,0.10372900078518199,0.3575150711218916,0.10013744856358726,0.3687841542232281,0.10103533661898594,2.36,44.423967466994355,100,5.0
discovery,12,22,0.3987369750249947,0.12135938519843746,0.38605581988720034,0.10016736419170122,0.3892261086716489,0.1054653694433853,2.3,41.51682948591325,100,5.0
discovery,12,23,0.4211052407739835,0.1355439007008552,0.41093461006461296,0.10470656770852099,0.41347726774195565,0.11241590095660456,2.44,42.112763696250234,100,5.0
discovery,12,24,0.43982215913707945,0.15553108612922906,0.4386868197975563,0.1035667311693612,0.43897065463243723,0.11655781990932815,2.34,40.52562415248171,100,5.0
discovery,12,25,0.452534303900745,0.17421666785617262,0.4658386889072588,0.10086890727673885,0.4625125926556305,0.11920584742159723,2.28,37.387485242966925,100,5.0
discovery,12,26,0.4506504162159073,0.18666358413025894,0.4846723192718763,0.09538346629153771,0.4761668435078842,0.11820349575121812,2.36,34.8897371250523,100,5.0
discovery,12,27,0.4514694639511287,0.19514082225808072,0.5025550262408739,0.09153242284578084,0.48978363566843763,0.11743452269885582,2.4,28.3335132752831,100,5.0
discovery,12,28,0.43799348083652156,0.21302986365773763,0.5034129510536012,0.09307556791510807,0.4870580834993313,0.1230641418507655,2.4,24.98382497582929,100,5.0
discovery,12,29,0.44314419643799124,0.2121293425737732,0.5097422771267806,0.09549607693224854,0.4930927569545833,0.12465439334262966,2.44,24.327985784867966,100,5.0
discovery,12,30,0.4462686788435247,0.19482827988171242,0.516493052700501,0.10777011208258683,0.4989369592362572,0.12953465403236825,2.6,23.061022301952228,100,5.0
discovery,12,31,0.4588305495288103,0.19459911353366405,0.5204318721825516,0.11042727146518509,0.5050315415191163,0.13147023198230484,2.7,22.455059203160378,100,5.0
discovery,12,32,0.45823781085640164,0.2015829384818653,0.5272202801955022,0.1123664537733378,0.5099746628607273,0.1346705749504697,2.9,23.946733550666,100,5.0
discovery,12,33,0.4588509207592784,0.19985310280513807,0.5329310169113611,0.11779599016299663,0.5144109928733404,0.13831026832353197,3.08,26.253432267267083,100,5.0
discovery,12,34,0.4613908131914171,0.19078054910771156,0.5384327165739232,0.12473843062056995,0.5191722407282967,0.14124896024235525,3.2,26.351362252403064,100,5.0
discovery,12,35,0.47005033716800393,0.1877051195066821,0.5384075801642573,0.12957143546816005,0.5213182694151941,0.14410485647779056,3.22,24.124645556167682,100,5.0
discovery,12,36,0.48531728931974394,0.18401768099799015,0.535298247546628,0.13619602527857483,0.5228030079899066,0.14815143920842871,3.2,23.588262205933066,100,5.0
discovery,12,37,0.4959113308248559,0.18527026771635635,0.5329879298955019,0.14108413944820022,0.5237187801278406,0.15213067151523924,3.26,19.97927736689167,100,5.0
discovery,12,38,0.504955395161112,0.17002664845490542,0.5248848948705057,0.14809461072324678,0.5199025199431574,0.1535776201561614,3.34,19.919061076298593,100,5.0
discovery,12,39,0.5222697099493805,0.16230080193044544,0.5247755378369212,0.15075122917057598,0.5241490808650361,0.15363862236054338,3.36,20.418919958117613,100,5.0
discovery,12,40,0.5342993658392284,0.14540724722001572,0.5246529040717941,0.15080498803550446,0.5270645195136525,0.1494555528316323,3.32,20.935168666809446,100,5.0
discovery,12,41,0.5471727538413185,0.13829843387251384,0.5288806264539594,0.1494929417848874,0.5334536583007992,0.14669431480679399,3.38,20.180680100791808,100,5.0
discovery,12,42,0.5632371956549248,0.12751603892227778,0.5300294383938164,0.15732240735065112,0.5383313777090936,0.14987081524355783,3.32,18.845213310966475,100,5.0
discovery,12,43,0.57171813057338,0.13291116720778556,0.5435322482541655,0.15917316036344423,0.5505787188339692,0.1526076620745295,3.42,18.99911159323085,100,5.0
discovery,12,44,0.578276666727027,0.14793737737316057,0.5502733081062224,0.1694249120332326,0.5572741477614235,0.1640530283682146,3.38,15.317107806861939,100,5.0
discovery,12,45,0.5822684102234149,0.15322629521579778,0.5616308299246152,0.171187546671626,0.566790224999315,0.16669723380766893,3.46,14.074634832320564,100,5.0
discovery,12,46,0.5821520350984128,0.1638947311745181,0.5661069304322529,0.1758615095329258,0.570118206598793,0.17286981494332387,3.6,13.692709205090425,100,5.0
discovery,12,47,0.577883082482057,0.1642812599359037,0.5777868682301679,0.17822106411243818,0.5778109217931405,0.17473611306830455,3.62,15.047908947152965,100,5.0
discovery,12,48,0.5744837034288856,0.15398824223080085,0.5862352601994615,0.18154501365088346,0.5832973710068174,0.17465582079586287,3.72,14.656610552751872,100,5.0
discovery,12,49,0.5683091695956739,0.1578808831844514,0.5964005688823556,0.18101717230556436,0.5893777190606851,0.17523310002528614,4.06,16.563061064679868,100,5.0
discovery,12,50,0.5652820027346924,0.1461050434214154,0.6056011041117715,0.1912400554588357,0.5955213287675016,0.17995630244948063,4.12,16.794631013523347,100,5.0
discovery,12,51,0.5666864529239477,0.1499977419694113,0.6094179638644569,0.20370018996277298,0.5987350861293297,0.19027457796443262,4.24,18.759544116432263,100,5.0
discovery,12,52,0.5682071335598775,0.16138106188948365,0.617059590258442,0.21515900152046796,0.604846476083801,0.2017145166127218,4.22,17.688484470991565,100,5.0
discovery,12,53,0.5733461422592229,0.17493616192164946,0.6269584421351859,0.22464221780806942,0.613555367166195,0.21221570383646451,4.2,18.098527601830153,100,5.0
discovery,12,54,0.5764082955072043,0.19021769800419558,0.634943665172532,0.23179523606592986,0.6203098227562002,0.2214008515504962,4.36,16.81017076865645,100,5.0
discovery,12,55,0.5820554868150346,0.20936555064664603,0.6429717916580288,0.23620004103601402,0.6277427154472801,0.22949141843867202,4.42,15.659878558367765,100,5.0
discovery,12,56,0.5866737251699388,0.20124156668846266,0.6431500238679686,0.2397121146161807,0.6290309491934614,0.23009447763425095,4.52,15.205428464773396,100,5.0
discovery,12,57,0.5880970822442309,0.19512953651064358,0.6414587761876482,0.23362690341904846,0.6281183527017934,0.22400256169194724,4.68,15.098953671883326,100,5.0
discovery,12,58,0.5899204105175724,0.19718293364828196,0.6425005429065206,0.22878039011521148,0.6293555098092835,0.2208810259984791,4.6,14.31551487218887,100,5.0
discovery,12,59,0.5949626175189108,0.19197127795039365,0.6448651369788537,0.2291884721939842,0.6323895071138681,0.21988417363308665,4.48,12.444910884729945,100,5.0
discovery,12,60,0.586666569483507,0.20039282080114482,0.6515000079238762,0.23301488687571678,0.6352916483137839,0.2248593703570738,4.38,11.71516615127585,100,5.0
discovery,12,61,0.5743275250327197,0.20972316555989054,0.6581075814042829,0.23584148949809192,0.6371625673113924,0.22931190851354163,4.34,10.774030766756502,100,5.0
discovery,12,62,0.5654204744833247,0.21330006519632072,0.6641582852597382,0.23694284260390627,0.6394738325656347,0.23103214825200982,4.38,10.46039765271214,100,5.0
discovery,12,63,0.5580422101124629,0.21713424162480557,0.6686056525605424,0.23919416797076215,0.6409647919485225,0.23367918638427299,4.38,9.609826597196722,100,5.0
discovery,12,64,0.556878544175492,0.21595673558317546,0.6784281289955285,0.2373312907198365,0.6480407327905192,0.23198765193567128,4.42,9.6075828191494,100,5.0
discovery,12,65,0.554890429409254,0.22656237039641808,0.6802892717578478,0.23896399472237154,0.6489395611706992,0.23586358864088333,4.5,11.359752604730966,100,5.0
discovery,12,66,0.5473403969506702,0.230052575654072,0.6848567899461112,0.23848419098812604,0.6504776916972509,0.23637628715461262,4.56,10.358913922198662,100,5.0
discovery,12,67,0.5566142576918073,0.24342791315126164,0.6881557528351027,0.24121520472863897,0.655270379049279,0.24176838183429467,4.7,10.225609796732273,100,5.0
discovery,12,68,0.564944159618468,0.25206084832718906,0.6852493342068137,0.2417498503479335,0.6551730405597272,0.24432759984274743,4.88,10.496660184473347,100,5.0
discovery,12,69,0.5739693098459243,0.24857687989521884,0.6851668664647721,0.24270377151458453,0.65736747731006,0.2441720486097432,4.96,9.897110321340456,100,5.0
discovery,12,70,0.5944548176868082,0.2474737397836953,0.6897908891046151,0.24585702935803422,0.6659568712501632,0.24626120696444947,5.12,10.02665117928265,100,5.0
discovery,12,71,0.610863060324787,0.24751896996744407,0.6986234271556335,0.25427085439851504,0.6766833354479224,0.25258288329074746,5.16,9.796588730843464,100,5.0
discovery,12,72,0.6279867358611907,0.25432753927947904,0.7073310340866918,0.2648799233850646,0.6874949595303166,0.2622418273586682,5.44,11.577911025730561,100,5.0
discovery,12,73,0.6428250369009444,0.2576787441918738,0.7189926281081321,0.2699925627000266,0.699950730306335,0.2669141080729884,5.38,11.951601853811834,100,5.0
discovery,12,74,0.6577041195659774,0.25758562395875917,0.7285538865234167,0.27817352108691035,0.7108414447840568,0.27302654680487254,5.44,11.613359814292885,100,5.0
discovery,12,75,0.6725666132662391,0.25521119613227994,0.7337270269010594,0.2843551464967174,0.7184369234923541,0.2770691589056079,5.46,11.440116536425938,100,5.0
discovery,12,76,0.6831618293324881,0.253943088713462,0.7354140392112815,0.2964494441599234,0.7223509867415833,0.2858228552983081,5.36,10.623884677599936,100,5.0
discovery,12,77,0.6802802585458795,0.27129575768280034,0.73839914563821,0.3030305791826699,0.7238694238651275,0.2950968738077027,5.38,9.87829697311045,100,5.0
discovery,12,78,0.6743210279378808,0.2747902837292475,0.7414334848194986,0.31438843527191157,0.7246553705990944,0.3044888973862456,5.36,8.723921331258532,100,5.0
discovery,12,79,0.674277559995181,0.2915187022059837,0.7408444704691725,0.3224140981999192,0.7242027428506742,0.31469024920143523,5.3,8.223351044104371,100,5.0
discovery,12,80,0.6831103079196196,0.3017209794159189,0.7389682936203475,0.33587762346392874,0.7250037971951656,0.32733846245192616,5.34,7.394961775409798,100,5.0
discovery,12,81,0.6888079569655409,0.32034868149198714,0.7320513053823233,0.34708036789754987,0.7212404682781277,0.3403974462961593,5.28,6.5425061419943535,100,5.0
discovery,12,82,0.6801583853968012,0.3259069374229475,0.7296155791623662,0.35616248188926036,0.7172512807209747,0.3485985957726821,5.24,5.610166951864411,100,5.0
discovery,12,83,0.6749116035211317,0.3381986128532987,0.7312526728349461,0.3574491861289516,0.7171674055064926,0.35263654281003826,5.24,5.6916508747823435,100,5.0
discovery,12,84,0.6721283999302166,0.33759987759914833,0.7292825638947825,0.35879543786077295,0.7149940229036404,0.35349654779536693,5.22,5.228914679899231,100,5.0
discovery,12,85,0.6737954191807494,0.3369346035743561,0.7300759181117438,0.3610043689299863,0.7160057933789956,0.35498692759107875,5.2,5.063019792845857,100,5.0
discovery,12,86,0.6793283272415244,0.33965290758343897,0.7329532695339919,0.36206770640797903,0.7195470339608748,0.35646400670184414,5.24,5.35878291582653,100,5.0
discovery,12,87,0.681851393266306,0.33318484344485405,0.7338153322860882,0.3615235067396753,0.7208243475311426,0.35443884091597005,5.3,6.025093573359534,100,5.0
discovery,12,88,0.6883813956851148,0.3338904942618667,0.7362073510010458,0.35916482184898946,0.7242508621720626,0.35284623995220876,5.38,6.750275466516974,100,5.0
discovery,12,89,0.6961418425191901,0.332130664264849,0.7385176914143495,0.35755819971157077,0.7279237291905598,0.35120131584989017,5.48,6.958253476748546,100,5.0
discovery,12,90,0.6991790576914102,0.332876580789147,0.7407424600207776,0.36195873087238745,0.7303516094384358,0.3546881933515774,5.54,7.27669779034698,100,5.0
discovery,12,91,0.7062071511215156,0.33507845851544504,0.7460034782400016,0.36842007609727356,0.7360543964603801,0.3600846717018165,5.6,7.737250736922755,100,5.0
discovery,12,92,0.715198174129856,0.338771378811552,0.7476534035678523,0.37541291202227667,0.7395395962083536,0.3662525287195951,5.64,6.507121451311913,100,5.0
discovery,12,93,0.7199669435268777,0.3404158983651072,0.7535885710980537,0.3783904172549369,0.7451831642052597,0.3688967875324795,5.72,6.809098118000654,100,5.0
discovery,12,94,0.7246625134623694,0.3492654991820391,0.7514151132532303,0.38486949297447637,0.7447269633055149,0.37596849452636716,5.9,7.688892293839052,100,5.0
discovery,12,95,0.7268916669492534,0.35586620327122004,0.7484525006616227,0.39394163940464877,0.7430622922335306,0.3844227803712917,6.08,7.511745435919277,100,5.0
discovery,12,96,0.7264577766062297,0.3705207579118943,0.7449521284847286,0.4020225889542644,0.7403285405151036,0.39414713119367184,6.16,6.595809592340303,100,5.0
discovery,12,97,0.7282901346424637,0.40311904806629556,0.7461799108565084,0.41041177756162756,0.7417074668029972,0.4085885951877944,6.24,6.17352791667679,100,5.0
discovery,12,98,0.7382314299382418,0.4059974425498642,0.7500326103832845,0.4174092623762254,0.7470823152720238,0.41455630741963484,6.18,5.706179485637461,100,5.0
discovery,12,99,0.7470150293734171,0.40871546083030424,0.7527988860143604,0.4208492717074483,0.7513529218541241,0.417815818988162,6.18,5.511059208530308,100,5.0
discovery,12,100,0.7440578875762257,0.42032497094905835,0.7524449090587332,0.42254204944945767,0.7503481536881067,0.4219877798243578,6.22,5.589619901641685,100,5.0
discovery,12,101,0.749597444894199,0.41993203922766037,0.7504353380338386,0.4250664085472524,0.7502258647489287,0.4237828162173543,6.2,5.7365747646914,100,5.0
discovery,12,102,0.7530415821148543,0.4083438027882184,0.7461136354213732,0.4255997619244577,0.7478456220947437,0.42128577214039803,6.22,6.204069479072404,100,5.0
discovery,12,103,0.749619018392482,0.4129892148152965,0.7475117673414546,0.4222024877753726,0.7480385801042114,0.4198991695353535,6.24,5.895182509520827,100,5.0
discovery,12,104,0.7450598660798442,0.41103210105964527,0.7488811567714391,0.42587466483788694,0.7479258340985404,0.4221640238933266,6.34,6.070878072318438,100,5.0
discovery,12,105,0.7443644919311204,0.4078113799335857,0.7515668221033668,0.42340029479176583,0.7497662395603056,0.41950306607722077,6.46,6.64990610718161,100,5.0
discovery,12,106,0.7498940121426252,0.40510502080214594,0.7512798893942562,0.42248173119163485,0.7509334200813481,0.41813755359426247,6.5,6.996027413940321,100,5.0
discovery,12,107,0.7594735597277303,0.39713573474818326,0.755138752074279,0.4311806449027609,0.7562224539876418,0.4226694173641165,6.52,6.997310739749599,100,5.0
discovery,12,108,0.763435781153169,0.391817312521043,0.7488998899914644,0.44627616127885433,0.7525338627818903,0.4326614490894014,6.64,6.932799172337389,100,5.0
discovery,12,109,0.7625489100703029,0.397574508491662,0.7511782907512737,0.4469063168448704,0.7540209455810308,0.43457336475656805,6.72,7.029340484595547,100,5.0
discovery,12,110,0.7634809777149227,0.3979600467306549,0.7581364007131317,0.440533957257821,0.7594725449635793,0.42989047962602944,6.78,6.574919348292924,100,5.0
discovery,12,111,0.7586837501511883,0.4065372590113688,0.7680268740459049,0.4401690360050979,0.7656910930722256,0.4317610917566653,6.88,6.241153304991849,100,5.0
discovery,12,112,0.7628899079165783,0.40058609614968943,0.7730829275210489,0.442375400582382,0.7705346726199315,0.43192807447420895,6.9,6.062864102724115,100,5.0
discovery,12,113,0.768987318651542,0.39027183455489384,0.7781694830205645,0.4423326187221346,0.7758739419283089,0.42931742268032447,6.9,6.271416094484246,100,5.0
discovery,12,114,0.7730321690507236,0.3865976273544443,0.7853261826689321,0.4293129401045445,0.7822526792643799,0.4186341119170195,7.04,6.960119480854676,100,5.0
discovery,12,115,0.7784568985514062,0.37924280465817034,0.790929308038151,0.42903284777371264,0.7878112056664651,0.41658533699482697,7.08,6.880242989014047,100,5.0
discovery,12,116,0.777046113270775,0.3814980978407082,0.7964785449787811,0.42219789228607457,0.7916204370517795,0.41202294367473313,7.16,7.037469123551083,100,5.0
discovery,12,117,0.7809077110792907,0.39233567515704215,0.7976398926138636,0.41905127554561056,0.7934568472302201,0.41237237544846833,7.36,7.30192921316896,100,5.0
discovery,12,118,0.7842712645552987,0.39109068146158477,0.802479266165066,0.4127368641451368,0.7979272657626244,0.40732531847424874,7.56,7.988666162530919,100,5.0
discovery,12,119,0.7902854001269697,0.3886961871532003,0.8071463879474974,0.4058866164432216,0.8029311409923655,0.4015890091207164,7.68,7.895640169796259,100,5.0
discovery,12,120,0.7844198052321159,0.3917778661429591,0.8133451966856754,0.4038356812002201,0.8061138488222858,0.400821227435905,7.8,7.847696800455067,100,5.0
discovery,12,121,0.778102277359885,0.3913489081371736,0.8150447241589031,0.4048023282809227,0.8058091124591487,0.40143897324498534,7.92,8.155874626562412,100,5.0
discovery,12,122,0.7760978166310711,0.396596007145311,0.813251833545042,0.40763677828622646,0.8039633293165496,0.4048765855009979,8.0,8.471699791699216,100,5.0
discovery,12,123,0.7843936737550773,0.4026813164664203,0.8203434680857021,0.4088532518542773,0.8113560195030458,0.40731026800731307,8.24,8.613620531451055,100,5.0
discovery,12,124,0.794407132591479,0.4050537161671237,0.8243750359215771,0.4124270484924955,0.8168830600890529,0.4105837154111526,8.5,8.1836341424973,100,5.0
discovery,12,125,0.7969375305335039,0.40591879424280836,0.8226658452803887,0.4210005449578706,0.8162337665936675,0.41723010727910514,8.84,7.9391641659638825,100,5.0
discovery,12,126,0.7969791878253905,0.4084145644301776,0.8234214387879191,0.41880267276017025,0.8168108760472873,0.4162056456776721,9.28,8.488552907565412,100,5.0
discovery,12,127,0.7996380045020226,0.40687764395735215,0.8299936608632508,0.41196309919476526,0.8224047467729436,0.4106917353854121,9.64,8.529555555317591,100,5.0
discovery,12,128,0.8066114471422668,0.40675745628518833,0.8329336154966743,0.4135594852063725,0.8263530734080723,0.41185897797607646,10.02,8.564346725073527,100,5.0
discovery,12,129,0.8175340957495283,0.42139872757557695,0.8309155130222275,0.41679391539547644,0.8275701587040527,0.41794511844050136,10.3,8.088730208024495,100,5.0
discovery,12,130,0.8262607893618943,0.4221788133334968,0.8305330092466862,0.4239922670299889,0.8294649542754887,0.4235389036058659,10.54,8.099894479161895,100,5.0
discovery,12,131,0.8266045834448174,0.4289379451564295,0.8296301771977813,0.4241483390228635,0.8288737787595402,0.4253457405562549,10.68,7.972881803264016,100,5.0
discovery,12,132,0.8354970207319787,0.43071222891561417,0.8372638948066807,0.4216550454335039,0.8368221762880055,0.42391934130403136,10.78,7.8442402186624385,100,5.0
discovery,12,133,0.8459112040642307,0.42057679919305224,0.8476431069714385,0.4170355487715568,0.8472101312446368,0.41792086137693063,10.9,7.356589067055365,100,5.0
discovery,12,134,0.8501107867082343,0.4259862529343225,0.8569474464313803,0.40745542748436053,0.8552382815005936,0.41208813384685117,10.82,7.091516183543781,100,5.0
discovery,12,135,0.8488014629178829,0.43654250883972007,0.8606409847806115,0.4082384152158477,0.8576811043149294,0.4153144386218158,10.64,6.862260127377624,100,5.0
discovery,12,136,0.8492129573748908,0.44146302009286204,0.863239233311781,0.4105890651575965,0.859732664327558,0.41830755389141294,10.56,6.766845332435614,100,5.0
discovery,12,137,0.8467438408838359,0.4571111498897195,0.8673158170486541,0.4118450232354486,0.8621728230074495,0.4231615548990164,10.5,6.272295206605943,100,5.0
discovery,12,138,0.8494514755294553,0.4494250757826413,0.8691555557811473,0.414269452401329,0.8642295357182244,0.42305835824665705,10.56,6.109685702186957,100,5.0
discovery,12,139,0.8525669596287793,0.4417984256880393,0.8727382653680151,0.4151209079202601,0.867695438933206,0.4217902873622048,10.44,5.853343006737073,100,5.0
discovery,12,140,0.8629699929934058,0.4236366904358602,0.8779849122395439,0.4076680635098789,0.8742311824280092,0.41166022024137405,10.36,5.438759191658929,100,5.0
discovery,12,141,0.8771317589316051,0.4058211150094772,0.883944556849249,0.40022262395441305,0.8822413573698382,0.4016222467181791,10.26,4.879355440862491,100,5.0
discovery,12,142,0.8920383990304643,0.3707192515498539,0.8868126894842611,0.3946773435812407,0.8881191168708124,0.388687820573394,10.32,4.82371899237107,100,5.0
discovery,12,143,0.8995892813381401,0.36060156019878475,0.8899167634298117,0.38726335592729627,0.8923348929068937,0.38059790699516827,10.38,5.005361947149657,100,5.0
discovery,12,144,0.8977381431960266,0.36734134137230795,0.8911899593453533,0.3831830536807844,0.8928270053080222,0.3792226256036653,10.42,5.013785435808091,100,5.0
discovery,12,145,0.8936761199270623,0.37431845558766985,0.8944736027390142,0.3801847171217592,0.8942742320360264,0.3787181517382369,10.42,4.842978023895495,100,5.0
discovery,12,146,0.8887015446203053,0.38103404436506155,0.8962905899802533,0.3777517266923414,0.8943933286402668,0.3785723061105217,10.44,4.911991413656159,100,5.0
discovery,12,147,0.886244127435681,0.38615830545040813,0.8936446438481171,0.3805489015249959,0.8917945147450078,0.38195125250634904,10.5,4.967544766161989,100,5.0
discovery,12,148,0.8874492697415617,0.3873783884889264,0.8920268157339984,0.3821801534063675,0.8908824292358895,0.38347971217700727,10.6,5.4668738549584734,100,5.0
discovery,12,149,0.8840315946962853,0.3957083777198699,0.8895600659631087,0.3873659325875924,0.8881779481464029,0.3894515438706619,10.62,5.922917274593975,100,5.0
discovery,12,150,0.8854135646189708,0.4033168952640785,0.88344983876483,0.3992133957384047,0.883940770228365,0.4002392706198231,10.68,5.925987676872429,100,5.0
discovery,12,151,0.8868219745401624,0.40146195833469867,0.881226563823207,0.40197167349015966,0.8826254165024457,0.40184424470129443,10.62,5.41345918441511,100,5.0
discovery,12,152,0.8795310786189053,0.4171870739829389,0.8816154049748133,0.4039150477958078,0.8810943233858365,0.40723305434259044,10.7,4.801505409347315,100,5.0
discovery,12,153,0.8737501947108729,0.4303312415546028,0.8854184738035966,0.4005701296224865,0.8825014040304153,0.4080104076055156,10.84,4.264573109375199,100,5.0
discovery,12,154,0.8651063819627823,0.43919064036382854,0.8860628661785404,0.39452290949978,0.8808237451246012,0.405689842215792,10.94,4.334075677966148,100,5.0
discovery,12,155,0.8631356361890975,0.43520796135552575,0.8859371684402099,0.39083285292661796,0.8802367853774317,0.40192663003384466,10.98,4.609253938440727,100,5.0
discovery,12,156,0.8576732611197518,0.4411025849184778,0.886070617185459,0.3875429200656335,0.8789712781690325,0.4009328362788444,11.08,5.083202185453211,100,5.0
discovery,12,157,0.8668405864507619,0.4285718628002686,0.8837478836273089,0.3886056539628987,0.8795210593331722,0.3985972061722412,11.16,5.420277780568146,100,5.0
discovery,12,158,0.8732352482550664,0.4135692155660251,0.8815089337265156,0.39472884213142684,0.8794405123586532,0.39943893549007653,11.18,5.6947732528945005,100,5.0
discovery,12,159,0.8735111645621326,0.41236327395017824,0.8815551262358788,0.395007456508853,0.8795441358174426,0.3993464108691844,11.3,6.138897151950852,100,5.0
discovery,12,160,0.8724396375408496,0.41072984392779893,0.8816589688689039,0.3949461712527185,0.8793541360368903,0.3988920894214884,11.24,6.292835342067499,100,5.0
discovery,12,161,0.8681483838466381,0.41581780864666806,0.8844383918795815,0.38798914214372254,0.8803658898713459,0.39494630876945913,11.3,6.390511328008915,100,5.0
discovery,12,162,0.8662759663260978,0.4273955560833455,0.8832077782282582,0.38965604851413554,0.8789748252527181,0.399090925406438,11.18,6.215071080392457,100,5.0
discovery,12,163,0.8698421520489714,0.4276218756432545,0.8806080151417736,0.39430940128031344,0.8779165493685732,0.40263751987104884,11.2,6.245909061388221,100,5.0
discovery,12,164,0.8662175275417776,0.42825961211403785,0.8811512098364369,0.3998591428581106,0.8774177892627714,0.4069592601720924,11.24,5.841644297058342,100,5.0
discovery,12,165,0.8621069997995541,0.42737913340999256,0.8784245698103686,0.4030610891604719,0.8743451773076647,0.40914060022285187,11.28,5.734606546705356,100,5.0
discovery,12,166,0.8671566031358315,0.41487984853846555,0.8740431087283035,0.40712654633322914,0.8723214823301854,0.40906487188453833,11.34,5.592967515596544,100,5.0
discovery,12,167,0.8643965797489007,0.411254247578332,0.8705869880322484,0.40857670434044263,0.8690393859614112,0.40924609014991475,11.4,5.820181110723197,100,5.0
discovery,12,168,0.8656536480919468,0.40412998268769473,0.8648810353535267,0.41381928369574844,0.8650741885381314,0.4113969584437347,11.42,6.4281729406348225,100,5.0
discovery,12,169,0.86287736894395,0.40526870255040653,0.8622608289582581,0.41576450940867365,0.8624149639546811,0.413140557694107,11.5,6.612259998685813,100,5.0
discovery,12,170,0.86782395171333,0.41200637787423666,0.8667793019255585,0.4067310317986911,0.8670404643725012,0.40804986831757717,11.54,5.989824193372888,100,5.0
discovery,12,171,0.8662115476494497,0.41739857453297924,0.8677495696642042,0.4050486388445415,0.8673650641605153,0.40813612276665096,11.62,5.456074941072794,100,5.0
discovery,12,172,0.8684901297092427,0.4128262414616294,0.8689370505204238,0.40857697337583504,0.8688253203176285,0.40963929039728364,11.6,4.921140372105596,100,5.0
discovery,12,173,0.8670201165576664,0.4071698043147739,0.8686375134558191,0.4063901009423641,0.8682331642312809,0.4065850267854664,11.6,5.002067834211064,100,5.0
discovery,12,174,0.867714884433262,0.40768574631525195,0.8663343817598562,0.40931008910472216,0.8666795074282082,0.40890400340735455,11.66,5.459584859613849,100,5.0
discovery,12,175,0.8654196022199184,0.413184940005702,0.8660293275254277,0.4080479500211338,0.86587689619905,0.4093321975172759,11.68,5.607078657395957,100,5.0
discovery,12,176,0.8621755306655983,0.417447422935029,0.8694492346897452,0.40692895525699785,0.8676308086837081,0.4095585721765059,11.68,5.672392139207423,100,5.0
discovery,12,177,0.8597122828574707,0.42094225034150784,0.8699386022599509,0.4125596325432544,0.8673820224093305,0.4146552869928178,11.74,5.713618939396924,100,5.0
discovery,12,178,0.8586000447399174,0.4372038246404273,0.865631721014431,0.4102159013485538,0.8638738019458023,0.4169628821715223,11.82,5.738095032120519,100,5.0
discovery,12,179,0.8630685379432367,0.43924536748103404,0.8636247806400846,0.4108764225722815,0.863485719965873,0.4179686587994692,11.94,6.066809308937255,100,5.0
discovery,12,180,0.8596969133479988,0.4438069756975207,0.8621129085057898,0.4155835763977377,0.8615089097163421,0.42263942622268336,11.98,6.406080192192653,100,5.0
discovery,12,181,0.8593902395143616,0.43775996483715085,0.8612207099434461,0.41965259901003327,0.8607630923361745,0.42417944046681266,11.94,6.1934939901785695,100,5.0
discovery,12,182,0.8528893805476262,0.442738284368967,0.8609772308764922,0.4173059633958871,0.8589552682942755,0.4236640436391573,11.98,5.651665666279723,100,5.0
discovery,12,183,0.8412906882617874,0.46040708739393177,0.861477530513672,0.4171354560988039,0.8564308199507009,0.4279533639225858,11.98,5.379222961754174,100,5.0
discovery,12,184,0.8371161400384095,0.47241361785251884,0.8620136275187518,0.4169019419135763,0.8557892556486664,0.43077986089831183,12.04,5.3353224605950835,100,5.0
discovery,12,185,0.8341462826777787,0.47565337066933044,0.8609717557731508,0.41854945460066834,0.8542653874993076,0.43282543361783377,12.06,5.6901559264697585,100,5.0
discovery,12,186,0.8292135128229617,0.4806167086611719,0.8598783367882248,0.41880133148439497,0.8522121307969088,0.43425517577858913,12.0,6.111847110445289,100,5.0
discovery,12,187,0.8304966811595187,0.4784594191423918,0.8582751940324008,0.42237638315400405,0.85133056581418,0.4363971421511006,11.98,5.856265842049975,100,5.0
discovery,12,188,0.8304113223677764,0.4724418317945171,0.8603788524361758,0.41299169574085437,0.8528869699190758,0.42785422975426984,12.04,5.719619649683026,100,5.0
discovery,12,189,0.8324218760853312,0.48015658220004326,0.8620442156954492,0.4117411770971387,0.8546386307929192,0.42884502837286465,12.06,5.4704697318066655,100,5.0
discovery,12,190,0.8349553093476212,0.4862423240442127,0.8590451854657172,0.41523619484849944,0.8530227164361935,0.43298772714742795,11.94,5.3697336128314115,100,5.0
discovery,12,191,0.8369736042554109,0.48080744365105693,0.8568000834971029,0.412505094695004,0.8518434636866791,0.42958068193401744,12.04,5.521824237490259,100,5.0
discovery,12,192,0.8407028959642048,0.47609683217847065,0.856527163688683,0.4107433604854537,0.8525710967575633,0.42708172840870795,12.2,5.992685797455473,100,5.0
discovery,12,193,0.837714734344088,0.4728898382438211,0.8540333854334595,0.4146464433860933,0.8499537226611167,0.4292072921005253,12.24,6.065387020138645,100,5.0
discovery,12,194,0.834304871367177,0.4677973237198722,0.8479620149446695,0.4254517586676373,0.8445477290502964,0.4360381499306961,12.28,5.947303440606887,100,5.0
discovery,12,195,0.8325192080692618,0.4706674335928392,0.8457111775288646,0.430398627916454,0.842413185163964,0.4404658293355503,12.42,6.4585684718154335,100,5.0
discovery,12,196,0.8305794169643829,0.4718890434324361,0.8431287810727787,0.4358212247519341,0.8399914400456799,0.44483817942205944,12.44,7.04623328840508,100,5.0
discovery,12,197,0.8270701912198614,0.48005910631746185,0.8423518189450305,0.4346611336045971,0.8385314120137383,0.44601062678281317,12.5,7.006490142048931,100,5.0
discovery,12,198,0.8342236776171148,0.4740096020998994,0.8430994961442723,0.436389273053817,0.8408805415124826,0.44579435531533756,12.52,6.819884688231205,100,5.0
discovery,12,199,0.8410575064182031,0.4679908386087987,0.843253255720645,0.43955463757602453,0.8427043183950345,0.4466636878342181,12.48,6.697825763060953,100,5.0
discovery,12,200,0.8410634061183218,0.46793680195129417,0.8436942591258615,0.44089910827652373,0.8430365458739769,0.44765853169521647,12.44,7.022332809022787,100,5.0
