"BehaviorSpace results (NetLogo 7.0.4)","Table version 2.0"
"C:\Program Files\NetLogo 7.0.4\models\Sample Models\Biology\Slime.nlogox"
"p3-006-compressed"
"08/29/2026 14:18:46:989 -0700"
"min-pxcor","max-pxcor","min-pycor","max-pycor"
"-40","40","-40","40"
"[run number]","population","sniff-threshold","sniff-angle","wiggle-angle","wiggle-bias","[step]","ticks","mean [count other turtles in-radius 3] of turtles","mean [chemical] of patches","max [chemical] of patches","count turtles"
"1","400","1","45","40","0","0","0","1.785","0","0","400"
"1","400","1","45","40","0","1","1","1.74","0.10973936899863258","0.9","400"
"1","400","1","45","40","0","2","2","1.635","0.20850480109739594","1.6059375","400"
"1","400","1","45","40","0","3","3","1.585","0.29739368998628174","1.80080859375","400"
"1","400","1","45","40","0","4","4","1.7","0.3773936899862825","1.797771533203125","400"
"1","400","1","45","40","0","5","5","1.72","0.4493936899862809","2.289225893554688","400"
"1","400","1","45","40","0","6","6","1.84","0.5141936899862813","2.6315360742645266","400"
"1","400","1","45","40","0","7","7","1.885","0.5725136899862816","2.9362531886624335","400"
"1","400","1","45","40","0","8","8","2.015","0.6250016899862813","2.712196269049301","400"
"1","400","1","45","40","0","9","9","2.085","0.6722408899862833","2.9613546852185784","400"
"1","400","1","45","40","0","10","10","1.985","0.7147561699862828","3.531677109473388","400"
"1","400","1","45","40","0","11","11","2.135","0.7530199219862821","3.976449451830994","400"
"1","400","1","45","40","0","12","12","2.065","0.7874572987862841","4.21121387439036","400"
"1","400","1","45","40","0","13","13","2.19","0.8184509379062802","3.7824519805206727","400"
"1","400","1","45","40","0","14","14","2.13","0.8463452131142823","3.7809790452424825","400"
"1","400","1","45","40","0","15","15","2.19","0.8714500608014816","4.199071750437017","400"
"1","400","1","45","40","0","16","16","2.34","0.8940444237199646","4.307178249454493","400"
"1","400","1","45","40","0","17","17","2.38","0.9143793503465977","4.543669018561792","400"
"1","400","1","45","40","0","18","18","2.445","0.9326807843105656","4.285923706374563","400"
"1","400","1","45","40","0","19","19","2.595","0.9491520748781365","4.7205634316753855","400"
"1","400","1","45","40","0","20","20","2.61","0.9639762363889529","5.679164334155265","400"
"1","400","1","45","40","0","21","21","2.56","0.9773179817486792","5.7896240328880255","400"
"1","400","1","45","40","0","22","22","2.765","0.9893255525724455","5.347315659373979","400"
"1","400","1","45","40","0","23","23","2.94","1.0001323663138257","4.981473169137489","400"
"1","400","1","45","40","0","24","24","3.155","1.0098584986810737","5.359793993388699","400"
"1","400","1","45","40","0","25","25","3.19","1.0186120178115925","6.129139881483197","400"
"1","400","1","45","40","0","26","26","3.275","1.0264901850290609","5.941127359941273","400"
"1","400","1","45","40","0","27","27","3.645","1.0335805355247842","5.56648547882479","400"
"1","400","1","45","40","0","28","28","3.7","1.0399618509709385","5.7198369936819295","400"
"1","400","1","45","40","0","29","29","3.885","1.0457050348724706","6.19815050721898","400"
"1","400","1","45","40","0","30","30","4.055","1.050873900383851","5.760168928743023","400"
"1","400","1","45","40","0","31","31","4.11","1.055525879344094","6.113576931976352","400"
"1","400","1","45","40","0","32","32","4.38","1.059712660408312","6.352214239311665","400"
"1","400","1","45","40","0","33","33","4.51","1.0634807633661099","6.445483923090592","400"
"1","400","1","45","40","0","34","34","4.935","1.0668720560281293","6.878228561971299","400"
"1","400","1","45","40","0","35","35","4.88","1.069924219423944","7.332015356690067","400"
"1","400","1","45","40","0","36","36","5.02","1.0726711664801771","8.246880907876307","400"
"1","400","1","45","40","0","37","37","5.02","1.0751434188307878","8.01010560910601","400"
"1","400","1","45","40","0","38","38","5.485","1.0773684459463369","7.454805325915576","400"
"1","400","1","45","40","0","39","39","5.965","1.0793709703503358","7.681858653164336","400"
"1","400","1","45","40","0","40","40","6.37","1.0811732423139215","8.516792463509386","400"
"1","400","1","45","40","0","41","41","6.655","1.0827952870811606","8.649496231812766","400"
"1","400","1","45","40","0","42","42","6.905","1.084255127371673","8.939303018888369","400"
"1","400","1","45","40","0","43","43","6.87","1.0855689836331377","8.944342514992876","400"
"1","400","1","45","40","0","44","44","6.98","1.08675145426845","10.126829699006631","400"
"1","400","1","45","40","0","45","45","7.025","1.0878156778402297","9.947462417562043","400"
"1","400","1","45","40","0","46","46","7.215","1.0887734790548376","11.1271475345802","400"
"1","400","1","45","40","0","47","47","7.175","1.0896355001479832","10.751212046010705","400"
"1","400","1","45","40","0","48","48","7.445","1.0904113191318103","11.856827442303462","400"
"1","400","1","45","40","0","49","49","7.78","1.091109556217258","11.968113546947635","400"
"1","400","1","45","40","0","50","50","7.9","1.091737969594162","13.978593987955003","400"
"1","400","1","45","40","0","51","51","8.31","1.092303541633371","14.347755525320055","400"
"1","400","1","45","40","0","52","52","8.565","1.092812556468665","16.1228022834196","400"
"1","400","1","45","40","0","53","53","8.615","1.0932706698204255","14.759962080763662","400"
"1","400","1","45","40","0","54","54","9.015","1.0936829718370178","14.786480970809986","400"
"1","400","1","45","40","0","55","55","9.49","1.0940540436519384","15.05998586165939","400"
"1","400","1","45","40","0","56","56","9.705","1.0943880082853723","17.104900125804914","400"
"1","400","1","45","40","0","57","57","10.015","1.0946885764554624","16.03142112882118","400"
"1","400","1","45","40","0","58","58","10.48","1.0949590878085451","17.513375091123034","400"
"1","400","1","45","40","0","59","59","10.92","1.09520254802632","17.55338888740739","400"
"1","400","1","45","40","0","60","60","11.06","1.0954216622223152","16.34412933794288","400"
"1","400","1","45","40","0","61","61","10.95","1.0956188649987153","16.578287658646595","400"
"1","400","1","45","40","0","62","62","10.43","1.095796347497472","15.211847922378153","400"
"1","400","1","45","40","0","63","63","10.09","1.0959560817463463","14.15714048160376","400"
"1","400","1","45","40","0","64","64","10.385","1.096099842570345","15.833170877914055","400"
"1","400","1","45","40","0","65","65","10.87","1.0962292273119378","16.189381501103092","400"
"1","400","1","45","40","0","66","66","11.23","1.0963456735793722","17.453425264543657","400"
"1","400","1","45","40","0","67","67","11.47","1.096450475220059","16.487535654262423","400"
"1","400","1","45","40","0","68","68","11.65","1.0965447966966873","17.889596994312978","400"
"1","400","1","45","40","0","69","69","11.79","1.0966296860256497","17.17888326932585","400"
"1","400","1","45","40","0","70","70","12.165","1.0967060864217062","19.18398936219254","400"
"1","400","1","45","40","0","71","71","12.66","1.0967748467781655","17.65308345958586","400"
"1","400","1","45","40","0","72","72","12.79","1.0968367310989764","18.180821103685126","400"
"1","400","1","45","40","0","73","73","12.66","1.0968924269877054","16.945881208607965","400"
"1","400","1","45","40","0","74","74","13.015","1.0969425532875658","16.872458661411507","400"
"1","400","1","45","40","0","75","75","12.93","1.0969876669574397","17.057154629529716","400"
"1","400","1","45","40","0","76","76","12.84","1.0970282692603208","18.903089582909306","400"
"1","400","1","45","40","0","77","77","12.62","1.097064811332918","18.93814364239384","400"
"1","400","1","45","40","0","78","78","12.62","1.0970976991982588","20.14167978920174","400"
"1","400","1","45","40","0","79","79","12.4","1.09712729827706","19.572465840182055","400"
"1","400","1","45","40","0","80","80","12.58","1.0971539374479788","18.5932188476815","400"
"1","400","1","45","40","0","81","81","12.965","1.09717791270181","19.52260494975646","400"
"1","400","1","45","40","0","82","82","13.23","1.09719949043026","20.166773247824427","400"
"1","400","1","45","40","0","83","83","13.52","1.0972189103858603","20.88107914682009","400"
"1","400","1","45","40","0","84","84","13.91","1.0972363883459022","22.23316290658654","400"
"1","400","1","45","40","0","85","85","14.02","1.097252118509935","22.32128519558029","400"
"1","400","1","45","40","0","86","86","14.095","1.0972662756575726","20.81916855209074","400"
"1","400","1","45","40","0","87","87","14.245","1.0972790170904463","20.447621187496434","400"
"1","400","1","45","40","0","88","88","14.1","1.097290484380035","21.24123275194308","400"
"1","400","1","45","40","0","89","89","14.415","1.0973008049406507","22.125293746672423","400"
"1","400","1","45","40","0","90","90","14.145","1.097310093445217","22.10382423052691","400"
"1","400","1","45","40","0","91","91","14.025","1.0973184530993225","22.751680965549024","400"
"1","400","1","45","40","0","92","92","13.785","1.0973259767880232","22.39187651403997","400"
"1","400","1","45","40","0","93","93","13.925","1.0973327481078476","22.020727061157462","400"
"1","400","1","45","40","0","94","94","14.085","1.0973388422956907","21.490195976640504","400"
"1","400","1","45","40","0","95","95","14.31","1.0973443270647507","22.37276223711686","400"
"1","400","1","45","40","0","96","96","14.335","1.0973492633569015","21.64142947678148","400"
"1","400","1","45","40","0","97","97","14.115","1.0973537060198437","21.207214303700667","400"
"1","400","1","45","40","0","98","98","14.28","1.0973577044164846","21.43297397008393","400"
"1","400","1","45","40","0","99","99","14.5","1.0973613029734632","21.231417385349754","400"
"1","400","1","45","40","0","100","100","14.645","1.0973645416747462","23.548304836401822","400"
"1","400","1","45","40","0","101","101","14.38","1.097367456505898","22.320552800574966","400"
"1","400","1","45","40","0","102","102","15.105","1.097370079853944","21.849013887773005","400"
"1","400","1","45","40","0","103","103","15.765","1.0973724408671677","21.92305240140075","400"
"1","400","1","45","40","0","104","104","15.725","1.0973745657790794","21.9163915187386","400"
"1","400","1","45","40","0","105","105","15.55","1.097376478199806","23.184992976737238","400"
"1","400","1","45","40","0","106","106","15.135","1.0973781993784504","22.962470951253064","400"
"1","400","1","45","40","0","107","107","14.385","1.0973797484392365","22.983545869210833","400"
"1","400","1","45","40","0","108","108","13.96","1.0973811425939368","23.888648667269248","400"
"1","400","1","45","40","0","109","109","14.535","1.0973823973331718","22.750097253134257","400"
"1","400","1","45","40","0","110","110","14.64","1.0973835265984866","23.103272401880126","400"
"1","400","1","45","40","0","111","111","15.205","1.097384542937262","24.481437376117874","400"
"1","400","1","45","40","0","112","112","15.065","1.0973854576421618","24.51170802592171","400"
"1","400","1","45","40","0","113","113","15.015","1.0973862808765769","23.959953534504944","400"
"1","400","1","45","40","0","114","114","15.375","1.0973870217875494","24.400356496220446","400"
"1","400","1","45","40","0","115","115","15.655","1.0973876886074247","23.858189375806386","400"
"1","400","1","45","40","0","116","116","15.64","1.097388288745307","24.058933176562743","400"
"1","400","1","45","40","0","117","117","16.07","1.097388828869403","23.12862777820812","400"
"1","400","1","45","40","0","118","118","16.215","1.0973893149810987","23.65931488400449","400"
"1","400","1","45","40","0","119","119","16.355","1.0973897524816103","23.438576096414657","400"
"1","400","1","45","40","0","120","120","16.225","1.0973901462320796","25.27076305002555","400"
"1","400","1","45","40","0","121","121","15.62","1.0973905006074964","24.12348090126088","400"
"1","400","1","45","40","0","122","122","15.43","1.0973908195453823","23.729320046858792","400"
"1","400","1","45","40","0","123","123","15.44","1.0973911065894704","23.5270829106098","400"
"1","400","1","45","40","0","124","124","15.555","1.097391364929151","24.536387581977568","400"
"1","400","1","45","40","0","125","125","15.825","1.097391597434862","23.264956072694012","400"
"1","400","1","45","40","0","126","126","16.31","1.097391806690005","25.842339333599778","400"
"1","400","1","45","40","0","127","127","16.225","1.0973919950196316","23.814701843881377","400"
"1","400","1","45","40","0","128","128","16.305","1.0973921645162972","25.670329069184778","400"
"1","400","1","45","40","0","129","129","16.105","1.0973923170633015","24.715276020581076","400"
"1","400","1","45","40","0","130","130","15.86","1.0973924543555929","25.405875043297797","400"
"1","400","1","45","40","0","131","131","15.33","1.0973925779186642","23.39004735509893","400"
"1","400","1","45","40","0","132","132","15.25","1.097392689125423","23.19396051721627","400"
"1","400","1","45","40","0","133","133","15.48","1.0973927892115092","23.75118889462512","400"
"1","400","1","45","40","0","134","134","15.285","1.0973928792889864","24.817622227545247","400"
"1","400","1","45","40","0","135","135","15.575","1.097392960358719","24.118056454039188","400"
"1","400","1","45","40","0","136","136","16.42","1.0973930333214692","23.551824121931322","400"
"1","400","1","45","40","0","137","137","17.225","1.0973930989879506","26.712484642357907","400"
"1","400","1","45","40","0","138","138","17.875","1.0973931580877856","25.31495954418829","400"
"1","400","1","45","40","0","139","139","18.615","1.0973932112776348","27.656422467473202","400"
"1","400","1","45","40","0","140","140","19.05","1.0973932591485027","27.275461193181","400"
"1","400","1","45","40","0","141","141","19.51","1.097393302232278","27.000037249875838","400"
"1","400","1","45","40","0","142","142","18.54","1.0973933410076797","27.84077681175419","400"
"1","400","1","45","40","0","143","143","17.335","1.097393375905545","29.12624056548746","400"
"1","400","1","45","40","0","144","144","16.785","1.0973934073136145","27.634997503645717","400"
"1","400","1","45","40","0","145","145","15.96","1.097393435580884","28.17075412078719","400"
"1","400","1","45","40","0","146","146","15.305","1.0973934610214202","27.213758112869844","400"
"1","400","1","45","40","0","147","147","15.09","1.0973934839179091","26.738702040219334","400"
"1","400","1","45","40","0","148","148","15.77","1.097393504524745","24.67643528430409","400"
"1","400","1","45","40","0","149","149","16.485","1.0973935230708998","27.181072881261468","400"
"1","400","1","45","40","0","150","150","17.145","1.097393539762438","25.546825282754018","400"
"1","400","1","45","40","0","151","151","17.655","1.0973935547848217","28.99451916195358","400"
"1","400","1","45","40","0","152","152","18.19","1.0973935683049671","29.704894252290963","400"
"1","400","1","45","40","0","153","153","18.1","1.0973935804731025","27.735816854653077","400"
"1","400","1","45","40","0","154","154","18.52","1.0973935914244124","29.00638392662369","400"
"1","400","1","45","40","0","155","155","18.85","1.0973936012806058","26.57298412790279","400"
"1","400","1","45","40","0","156","156","18.055","1.0973936101511717","25.57539768592462","400"
"1","400","1","45","40","0","157","157","17.83","1.0973936181346873","26.366310788671807","400"
"1","400","1","45","40","0","158","158","18.28","1.0973936253198435","26.199075998504885","400"
"1","400","1","45","40","0","159","159","18.45","1.0973936317864907","25.475176503239776","400"
"1","400","1","45","40","0","160","160","18.98","1.0973936376064684","28.10806820880544","400"
"1","400","1","45","40","0","161","161","19.555","1.097393642844448","28.56792811969625","400"
"1","400","1","45","40","0","162","162","19.19","1.0973936475586308","29.956935576667135","400"
"1","400","1","45","40","0","163","163","19.415","1.097393651801394","28.905236272092306","400"
"1","400","1","45","40","0","164","164","19.205","1.0973936556198858","30.070954730120665","400"
"1","400","1","45","40","0","165","165","19.195","1.097393659056522","30.454254300237235","400"
"1","400","1","45","40","0","166","166","19.215","1.0973936621495013","29.571844440629462","400"
"1","400","1","45","40","0","167","167","18.97","1.0973936649331777","28.687877582795974","400"
"1","400","1","45","40","0","168","168","19.415","1.0973936674384905","29.432031797530673","400"
"1","400","1","45","40","0","169","169","19.38","1.097393669693269","28.739553731070963","400"
"1","400","1","45","40","0","170","170","19.465","1.0973936717225699","27.336052142485798","400"
"1","400","1","45","40","0","171","171","19.17","1.0973936735489458","27.300918050638256","400"
"1","400","1","45","40","0","172","172","19.64","1.0973936751926758","27.06631392149656","400"
"1","400","1","45","40","0","173","173","18.94","1.0973936766720351","26.242732169841016","400"
"1","400","1","45","40","0","174","174","18.825","1.0973936780034634","26.927076319006833","400"
"1","400","1","45","40","0","175","175","18.42","1.0973936792017442","28.181704960246567","400"
"1","400","1","45","40","0","176","176","18.145","1.097393680280197","26.509310670065446","400"
"1","400","1","45","40","0","177","177","18.185","1.097393681250806","26.55113444390507","400"
"1","400","1","45","40","0","178","178","18.43","1.0973936821243477","28.29719572871393","400"
"1","400","1","45","40","0","179","179","18.69","1.097393682910543","30.176665308520697","400"
"1","400","1","45","40","0","180","180","19.055","1.0973936836181204","28.763640571534776","400"
"1","400","1","45","40","0","181","181","19.18","1.0973936842549352","31.182537696980614","400"
"1","400","1","45","40","0","182","182","19.115","1.0973936848280719","29.47861143687867","400"
"1","400","1","45","40","0","183","183","19.085","1.0973936853438968","29.615574833671232","400"
"1","400","1","45","40","0","184","184","19.235","1.0973936858081297","30.507000155017877","400"
"1","400","1","45","40","0","185","185","19.62","1.0973936862259446","28.584195816012354","400"
"1","400","1","45","40","0","186","186","20.8","1.097393686601978","29.82491979446745","400"
"1","400","1","45","40","0","187","187","21.38","1.0973936869404086","29.674611797544774","400"
"1","400","1","45","40","0","188","188","21.56","1.0973936872449963","30.946155379646363","400"
"1","400","1","45","40","0","189","189","21.815","1.0973936875191257","29.921576226438564","400"
"1","400","1","45","40","0","190","190","21.525","1.0973936877658395","31.82739486675497","400"
"1","400","1","45","40","0","191","191","20.695","1.097393687987885","30.462623153535095","400"
"1","400","1","45","40","0","192","192","20.685","1.0973936881877273","29.752504066695824","400"
"1","400","1","45","40","0","193","193","20.48","1.0973936883675792","29.356642835720894","400"
"1","400","1","45","40","0","194","194","21.195","1.0973936885294542","29.99584782244881","400"
"1","400","1","45","40","0","195","195","22.085","1.0973936886751336","29.28897467233201","400"
"1","400","1","45","40","0","196","196","22.455","1.0973936888062512","29.110359188546163","400"
"1","400","1","45","40","0","197","197","23.405","1.097393688924252","28.42546068968276","400"
"1","400","1","45","40","0","198","198","24.26","1.097393689030454","29.972744993613812","400"
"1","400","1","45","40","0","199","199","24.05","1.0973936891260359","31.639882137504905","400"
"1","400","1","45","40","0","200","200","23.485","1.0973936892120633","29.905984391970062","400"
"1","400","1","45","40","0","201","201","22.87","1.0973936892894842","31.86926641432195","400"
"1","400","1","45","40","0","202","202","22.24","1.0973936893591665","32.4050682503742","400"
"1","400","1","45","40","0","203","203","22.7","1.0973936894218757","31.455030423647827","400"
"1","400","1","45","40","0","204","204","23.16","1.097393689478314","32.25833880764261","400"
"1","400","1","45","40","0","205","205","23.71","1.0973936895291132","30.272436415840332","400"
"1","400","1","45","40","0","206","206","24.48","1.097393689574829","30.520580725998784","400"
"1","400","1","45","40","0","207","207","24.965","1.0973936896159775","30.22674912365624","400"
"1","400","1","45","40","0","208","208","24.255","1.0973936896530088","30.808588954485433","400"
"1","400","1","45","40","0","209","209","23.91","1.0973936896863317","31.845966568113386","400"
"1","400","1","45","40","0","210","210","23.7","1.0973936897163272","33.52826733238043","400"
"1","400","1","45","40","0","211","211","23.265","1.0973936897433259","33.172912520871805","400"
"1","400","1","45","40","0","212","212","23.14","1.0973936897676206","32.35714722372887","400"
"1","400","1","45","40","0","213","213","22.225","1.0973936897894898","29.130402052134198","400"
"1","400","1","45","40","0","214","214","21.64","1.0973936898091652","28.09139556926909","400"
"1","400","1","45","40","0","215","215","22.115","1.0973936898268777","28.49639530665401","400"
"1","400","1","45","40","0","216","216","23.52","1.0973936898428194","29.144712612944957","400"
"1","400","1","45","40","0","217","217","25.715","1.0973936898571655","31.103237188240158","400"
"1","400","1","45","40","0","218","218","27.595","1.097393689870079","34.45554087767252","400"
"1","400","1","45","40","0","219","219","28.34","1.0973936898816947","34.736541063806975","400"
"1","400","1","45","40","0","220","220","27.705","1.097393689892158","34.83124686029921","400"
"1","400","1","45","40","0","221","221","26.435","1.0973936899015713","35.429727234987865","400"
"1","400","1","45","40","0","222","222","25.895","1.0973936899100367","31.85496677796368","400"
"1","400","1","45","40","0","223","223","25.825","1.097393689917667","32.66866649201555","400"
"1","400","1","45","40","0","224","224","26.515","1.0973936899245258","30.9775974875386","400"
"1","400","1","45","40","0","225","225","26.8","1.0973936899306993","32.18808112015306","400"
"1","400","1","45","40","0","226","226","27.18","1.0973936899362582","31.49833524998279","400"
"1","400","1","45","40","0","227","227","28.205","1.0973936899412637","32.587745417188266","400"
"1","400","1","45","40","0","228","228","28.38","1.097393689945764","33.55886189039793","400"
"1","400","1","45","40","0","229","229","28.585","1.0973936899498122","36.5155400768681","400"
"1","400","1","45","40","0","230","230","27.47","1.0973936899534655","33.509982565308306","400"
"1","400","1","45","40","0","231","231","26.675","1.0973936899567465","34.21551431995051","400"
"1","400","1","45","40","0","232","232","25.96","1.0973936899596954","31.395824617213496","400"
"1","400","1","45","40","0","233","233","25.965","1.097393689962362","32.38707712474285","400"
"1","400","1","45","40","0","234","234","25.45","1.0973936899647498","33.340149816801286","400"
"1","400","1","45","40","0","235","235","25.365","1.0973936899669003","33.99005038114094","400"
"1","400","1","45","40","0","236","236","25.17","1.0973936899688381","33.79280874515272","400"
"1","400","1","45","40","0","237","237","25.575","1.097393689970588","34.79678335205471","400"
"1","400","1","45","40","0","238","238","25.23","1.0973936899721566","32.73870951978509","400"
"1","400","1","45","40","0","239","239","25.495","1.097393689973569","32.679547171567336","400"
"1","400","1","45","40","0","240","240","25.74","1.0973936899748409","31.635340069161305","400"
"1","400","1","45","40","0","241","241","26.395","1.0973936899759835","31.279379470281963","400"
"1","400","1","45","40","0","242","242","26.825","1.0973936899770114","30.44014557382593","400"
"1","400","1","45","40","0","243","243","27.335","1.097393689977942","30.82007715615523","400"
"1","400","1","45","40","0","244","244","28.25","1.097393689978771","32.32920798238973","400"
"1","400","1","45","40","0","245","245","29.195","1.097393689979529","34.072052144541225","400"
"1","400","1","45","40","0","246","246","29.24","1.0973936899801986","34.39903155538798","400"
"1","400","1","45","40","0","247","247","29.125","1.0973936899808083","35.73271608189076","400"
"1","400","1","45","40","0","248","248","27.52","1.0973936899813534","32.14253696625074","400"
"1","400","1","45","40","0","249","249","26.695","1.097393689981847","32.25536714909428","400"
"1","400","1","45","40","0","250","250","25.885","1.0973936899822931","31.028672817383505","400"
"1","400","1","45","40","0","251","251","26.165","1.097393689982687","31.640979148152365","400"
"1","400","1","45","40","0","252","252","26.9","1.0973936899830536","33.99549290183573","400"
"1","400","1","45","40","0","253","253","27.015","1.0973936899833756","33.3336325252443","400"
"1","400","1","45","40","0","254","254","26.965","1.0973936899836643","36.56040778635965","400"
"1","400","1","45","40","0","255","255","26.89","1.0973936899839218","34.781398191050386","400"
"1","400","1","45","40","0","256","256","26.39","1.0973936899841612","35.08266966423517","400"
"1","400","1","45","40","0","257","257","26.445","1.0973936899843775","33.69650903951388","400"
"1","400","1","45","40","0","258","258","27.205","1.0973936899845649","33.13772884978699","400"
"1","400","1","45","40","0","259","259","27.14","1.0973936899847405","34.31533004586764","400"
"1","400","1","45","40","0","260","260","27.655","1.0973936899848935","36.768079986331635","400"
"1","400","1","45","40","0","261","261","27.765","1.0973936899850334","34.64992247076658","400"
"1","400","1","45","40","0","262","262","27.85","1.0973936899851529","34.47732799333856","400"
"1","400","1","45","40","0","263","263","28.07","1.0973936899852736","35.00386671045659","400"
"1","400","1","45","40","0","264","264","27.615","1.0973936899853678","33.6064756551621","400"
"1","400","1","45","40","0","265","265","27.415","1.0973936899854615","36.3191255200473","400"
"1","400","1","45","40","0","266","266","26.8","1.097393689985538","36.00671764747296","400"
"1","400","1","45","40","0","267","267","26.68","1.097393689985614","33.267533882353206","400"
"1","400","1","45","40","0","268","268","26.615","1.0973936899856827","33.12640661088138","400"
"1","400","1","45","40","0","269","269","26.075","1.0973936899857428","31.4630177293604","400"
"1","400","1","45","40","0","270","270","26.735","1.0973936899858006","33.277426525100694","400"
"1","400","1","45","40","0","271","271","27.215","1.09739368998585","32.81531234554235","400"
"1","400","1","45","40","0","272","272","28.05","1.0973936899858887","34.995426590645195","400"
"1","400","1","45","40","0","273","273","28.785","1.097393689985926","34.620190328589324","400"
"1","400","1","45","40","0","274","274","29.07","1.0973936899859669","34.95613122383956","400"
"1","400","1","45","40","0","275","275","29.025","1.097393689985996","33.6225096033798","400"
"1","400","1","45","40","0","276","276","29.285","1.0973936899860253","34.16073737877498","400"
"1","400","1","45","40","0","277","277","28.84","1.0973936899860506","34.9498583155306","400"
"1","400","1","45","40","0","278","278","29.295","1.0973936899860743","34.75177027156088","400"
"1","400","1","45","40","0","279","279","29.52","1.0973936899860979","34.28779430494011","400"
"1","400","1","45","40","0","280","280","29.2","1.097393689986113","34.65625426970563","400"
"1","400","1","45","40","0","281","281","28.545","1.0973936899861318","35.437780768389125","400"
"1","400","1","45","40","0","282","282","28.155","1.0973936899861492","36.99393764687806","400"
"1","400","1","45","40","0","283","283","28.385","1.09739368998616","37.45006958833693","400"
"1","400","1","45","40","0","284","284","28.51","1.0973936899861765","38.04794007940124","400"
"1","400","1","45","40","0","285","285","29.83","1.0973936899861843","37.059718695543616","400"
"1","400","1","45","40","0","286","286","31","1.0973936899861927","38.32632141879315","400"
"1","400","1","45","40","0","287","287","31.66","1.0973936899862016","36.27981106350793","400"
"1","400","1","45","40","0","288","288","31.585","1.0973936899862093","36.588797588971275","400"
"1","400","1","45","40","0","289","289","30.485","1.0973936899862164","35.43660280197558","400"
"1","400","1","45","40","0","290","290","29.265","1.097393689986225","34.733198246874814","400"
"1","400","1","45","40","0","291","291","28.525","1.097393689986231","34.53620933003364","400"
"1","400","1","45","40","0","292","292","28.785","1.0973936899862307","33.59408769053196","400"
"1","400","1","45","40","0","293","293","30.515","1.0973936899862409","35.325384175152735","400"
"1","400","1","45","40","0","294","294","31.53","1.0973936899862466","38.33829016384172","400"
"1","400","1","45","40","0","295","295","31.11","1.0973936899862433","37.00053431410774","400"
"1","400","1","45","40","0","296","296","29.76","1.0973936899862504","37.22813270149801","400"
"1","400","1","45","40","0","297","297","28.42","1.0973936899862522","36.29078142467213","400"
"1","400","1","45","40","0","298","298","27.41","1.0973936899862562","35.19184192038979","400"
"1","400","1","45","40","0","299","299","27.145","1.097393689986262","36.38385379057072","400"
"1","400","1","45","40","0","300","300","27.235","1.0973936899862624","34.66981677673486","400"
"1","400","1","45","40","0","301","301","28.5","1.097393689986266","35.58939512001964","400"
"1","400","1","45","40","0","302","302","29.6","1.0973936899862662","35.70146388206192","400"
"1","400","1","45","40","0","303","303","30.18","1.0973936899862673","35.88115400884662","400"
"1","400","1","45","40","0","304","304","30.74","1.0973936899862677","36.579333427502824","400"
"1","400","1","45","40","0","305","305","29.985","1.0973936899862682","36.99701551094325","400"
"1","400","1","45","40","0","306","306","28.945","1.0973936899862706","34.75113407761562","400"
"1","400","1","45","40","0","307","307","28.365","1.097393689986269","37.0739487627689","400"
"1","400","1","45","40","0","308","308","27.715","1.097393689986273","34.7129202299661","400"
"1","400","1","45","40","0","309","309","28.24","1.0973936899862782","34.740908348426316","400"
"1","400","1","45","40","0","310","310","29.305","1.0973936899862762","33.65141234266469","400"
"1","400","1","45","40","0","311","311","29.745","1.0973936899862746","35.46771492987414","400"
"1","400","1","45","40","0","312","312","30.775","1.0973936899862764","36.43770440168391","400"
"1","400","1","45","40","0","313","313","31.41","1.0973936899862775","37.90334895733788","400"
"1","400","1","45","40","0","314","314","30.735","1.0973936899862757","37.29957532053971","400"
"1","400","1","45","40","0","315","315","29.97","1.0973936899862864","36.787733214568945","400"
"1","400","1","45","40","0","316","316","29.615","1.0973936899862775","33.90270583955404","400"
"1","400","1","45","40","0","317","317","29.95","1.0973936899862775","36.46868150888712","400"
"1","400","1","45","40","0","318","318","30.13","1.0973936899862806","34.062922878545116","400"
"1","400","1","45","40","0","319","319","31.04","1.0973936899862808","34.67281622934192","400"
"1","400","1","45","40","0","320","320","30.895","1.0973936899862804","35.901666496809504","400"
"1","400","1","45","40","0","321","321","31.495","1.0973936899862815","36.69511507210559","400"
"1","400","1","45","40","0","322","322","30.975","1.0973936899862808","34.60258327688395","400"
"1","400","1","45","40","0","323","323","30.385","1.0973936899862826","35.20774272990225","400"
"1","400","1","45","40","0","324","324","29.935","1.0973936899862797","34.22880948732253","400"
"1","400","1","45","40","0","325","325","29.91","1.0973936899862815","35.635167062993425","400"
"1","400","1","45","40","0","326","326","30.825","1.097393689986283","34.84940667454585","400"
"1","400","1","45","40","0","327","327","31.815","1.0973936899862786","38.42689863231854","400"
"1","400","1","45","40","0","328","328","33.31","1.0973936899862802","37.2425302586543","400"
"1","400","1","45","40","0","329","329","34.2","1.0973936899862833","40.547761827112325","400"
"1","400","1","45","40","0","330","330","34.025","1.0973936899862802","37.429890457838994","400"
"1","400","1","45","40","0","331","331","33.37","1.0973936899862786","38.68848537889041","400"
"1","400","1","45","40","0","332","332","32.015","1.0973936899862846","36.14377869017678","400"
"1","400","1","45","40","0","333","333","31.005","1.0973936899862813","38.21641857428069","400"
"1","400","1","45","40","0","334","334","30.15","1.0973936899862802","35.32463147478449","400"
"1","400","1","45","40","0","335","335","29.79","1.0973936899862846","36.80681590634188","400"
"1","400","1","45","40","0","336","336","30.265","1.0973936899862846","35.443919406198624","400"
"1","400","1","45","40","0","337","337","30.93","1.0973936899862837","38.132301160276626","400"
"1","400","1","45","40","0","338","338","30.615","1.0973936899862846","35.59907808029614","400"
"1","400","1","45","40","0","339","339","30.54","1.0973936899862808","35.03450660012048","400"
"1","400","1","45","40","0","340","340","31.065","1.0973936899862824","37.14627844718373","400"
"1","400","1","45","40","0","341","341","31.66","1.0973936899862797","38.45475123242474","400"
"1","400","1","45","40","0","342","342","31.635","1.0973936899862848","36.96725581021123","400"
"1","400","1","45","40","0","343","343","31.5","1.0973936899862835","39.29104046629331","400"
"1","400","1","45","40","0","344","344","31.53","1.0973936899862877","38.598349256799196","400"
"1","400","1","45","40","0","345","345","31.555","1.0973936899862826","38.05828963730425","400"
"1","400","1","45","40","0","346","346","31.265","1.097393689986284","37.61677506658686","400"
"1","400","1","45","40","0","347","347","32.955","1.0973936899862868","35.918298500497876","400"
"1","400","1","45","40","0","348","348","34.08","1.097393689986283","41.50769608740715","400"
"1","400","1","45","40","0","349","349","34.565","1.0973936899862846","38.99672815245453","400"
"1","400","1","45","40","0","350","350","34.235","1.097393689986282","41.67392328690118","400"
"1","400","1","45","40","0","351","351","32.995","1.097393689986278","39.40035343650948","400"
"1","400","1","45","40","0","352","352","31.25","1.097393689986287","41.61815783792454","400"
"1","400","1","45","40","0","353","353","30.29","1.097393689986281","36.479275408131855","400"
"1","400","1","45","40","0","354","354","30.295","1.0973936899862846","37.596676788578215","400"
"1","400","1","45","40","0","355","355","31.125","1.0973936899862837","38.66389403725074","400"
"1","400","1","45","40","0","356","356","32.67","1.0973936899862813","38.955380827755214","400"
"1","400","1","45","40","0","357","357","33.905","1.0973936899862833","39.562455893904165","400"
"1","400","1","45","40","0","358","358","33.895","1.097393689986288","40.91957636959886","400"
"1","400","1","45","40","0","359","359","33.655","1.0973936899862813","39.58326430119061","400"
"1","400","1","45","40","0","360","360","33.655","1.0973936899862844","40.01308497749126","400"
"1","400","1","45","40","0","361","361","33.19","1.097393689986286","36.77813903911702","400"
"1","400","1","45","40","0","362","362","32.76","1.0973936899862857","38.61190658234321","400"
"1","400","1","45","40","0","363","363","33.045","1.0973936899862837","38.57745032724495","400"
"1","400","1","45","40","0","364","364","33.425","1.0973936899862817","38.17536618618299","400"
"1","400","1","45","40","0","365","365","33.205","1.097393689986282","38.51252514721499","400"
"1","400","1","45","40","0","366","366","33.58","1.0973936899862824","39.71804047608738","400"
"1","400","1","45","40","0","367","367","34.29","1.0973936899862866","39.45407578362277","400"
"1","400","1","45","40","0","368","368","33.645","1.0973936899862826","40.51550603981837","400"
"1","400","1","45","40","0","369","369","33.455","1.097393689986283","41.974398994781325","400"
"1","400","1","45","40","0","370","370","33.125","1.097393689986282","40.73730021591498","400"
"1","400","1","45","40","0","371","371","31.615","1.0973936899862815","39.44568070359125","400"
"1","400","1","45","40","0","372","372","31.525","1.0973936899862786","38.7052689247751","400"
"1","400","1","45","40","0","373","373","31.21","1.0973936899862844","38.905960742584305","400"
"1","400","1","45","40","0","374","374","32.245","1.0973936899862826","37.99924917769753","400"
"1","400","1","45","40","0","375","375","33.195","1.0973936899862846","40.886961491009544","400"
"1","400","1","45","40","0","376","376","34.925","1.0973936899862848","40.2250192825721","400"
"1","400","1","45","40","0","377","377","35.815","1.0973936899862826","41.5657271407738","400"
"1","400","1","45","40","0","378","378","36.245","1.0973936899862804","40.63577467290071","400"
"1","400","1","45","40","0","379","379","35.88","1.0973936899862828","40.19858025370047","400"
"1","400","1","45","40","0","380","380","35.48","1.0973936899862866","41.476613451351184","400"
"1","400","1","45","40","0","381","381","35.235","1.0973936899862835","39.68084562351318","400"
"1","400","1","45","40","0","382","382","35.815","1.0973936899862813","38.77110619965151","400"
"1","400","1","45","40","0","383","383","36.77","1.0973936899862797","40.7446335612431","400"
"1","400","1","45","40","0","384","384","36.985","1.0973936899862802","40.235404265823576","400"
"1","400","1","45","40","0","385","385","36.605","1.0973936899862786","41.423935229822945","400"
"1","400","1","45","40","0","386","386","36.435","1.0973936899862835","40.95839015991435","400"
"1","400","1","45","40","0","387","387","34.96","1.097393689986284","41.502082209168236","400"
"1","400","1","45","40","0","388","388","34.545","1.0973936899862793","38.096010753574625","400"
"1","400","1","45","40","0","389","389","34.195","1.0973936899862864","39.28753464395651","400"
"1","400","1","45","40","0","390","390","33.505","1.097393689986285","40.670843406803165","400"
"1","400","1","45","40","0","391","391","33.665","1.0973936899862826","40.1656081306646","400"
"1","400","1","45","40","0","392","392","34.48","1.0973936899862837","40.95645149926602","400"
"1","400","1","45","40","0","393","393","34.275","1.0973936899862802","40.95853742880275","400"
"1","400","1","45","40","0","394","394","34.315","1.0973936899862826","42.16829758796423","400"
"1","400","1","45","40","0","395","395","34.34","1.0973936899862802","41.23574926533271","400"
"1","400","1","45","40","0","396","396","33.525","1.0973936899862797","40.457315615940146","400"
"1","400","1","45","40","0","397","397","33.01","1.097393689986286","38.33156624336635","400"
"1","400","1","45","40","0","398","398","32.87","1.0973936899862808","39.696339909010334","400"
"1","400","1","45","40","0","399","399","32.985","1.097393689986282","38.83878605282107","400"
"1","400","1","45","40","0","400","400","34.45","1.0973936899862826","38.95229300021859","400"
"1","400","1","45","40","0","401","401","35.085","1.0973936899862797","39.24784957460379","400"
"1","400","1","45","40","0","402","402","35.815","1.0973936899862786","39.38683441028975","400"
"1","400","1","45","40","0","403","403","35.275","1.097393689986281","40.289639045128034","400"
"1","400","1","45","40","0","404","404","35.7","1.0973936899862826","39.79482590428408","400"
"1","400","1","45","40","0","405","405","35.1","1.0973936899862844","40.44610276570479","400"
"1","400","1","45","40","0","406","406","34.46","1.0973936899862802","38.478479005420276","400"
"1","400","1","45","40","0","407","407","34.08","1.0973936899862835","37.12655431036673","400"
"1","400","1","45","40","0","408","408","33.225","1.0973936899862842","37.886284263764054","400"
"1","400","1","45","40","0","409","409","32.855","1.0973936899862808","39.30901071731479","400"
"1","400","1","45","40","0","410","410","32.705","1.0973936899862862","37.11437753207583","400"
"1","400","1","45","40","0","411","411","33.31","1.0973936899862882","38.70470005217895","400"
"1","400","1","45","40","0","412","412","34.74","1.097393689986282","38.12113646687369","400"
"1","400","1","45","40","0","413","413","35.485","1.0973936899862804","37.876267238150575","400"
"1","400","1","45","40","0","414","414","35.52","1.0973936899862815","37.33447727677712","400"
"1","400","1","45","40","0","415","415","35.36","1.0973936899862833","39.32878759817808","400"
"1","400","1","45","40","0","416","416","35.365","1.0973936899862804","37.95990748804895","400"
"1","400","1","45","40","0","417","417","36.205","1.0973936899862817","41.06045363291957","400"
"1","400","1","45","40","0","418","418","35.94","1.0973936899862866","39.578446258348954","400"
"1","400","1","45","40","0","419","419","35.275","1.0973936899862837","40.93731334722735","400"
"1","400","1","45","40","0","420","420","34.455","1.097393689986286","38.96245839420376","400"
"1","400","1","45","40","0","421","421","33.29","1.097393689986284","38.90063954301125","400"
"1","400","1","45","40","0","422","422","33.085","1.09739368998628","38.62668372812334","400"
"1","400","1","45","40","0","423","423","34.555","1.0973936899862806","38.4308550435549","400"
"1","400","1","45","40","0","424","424","36.435","1.0973936899862815","39.50850051770064","400"
"1","400","1","45","40","0","425","425","38.145","1.0973936899862835","41.977517063525994","400"
"1","400","1","45","40","0","426","426","38.91","1.0973936899862813","41.82231155533413","400"
"1","400","1","45","40","0","427","427","37.21","1.0973936899862837","41.10744127642912","400"
"1","400","1","45","40","0","428","428","35.78","1.0973936899862853","41.84212144315567","400"
"1","400","1","45","40","0","429","429","35.36","1.0973936899862808","41.222467866176345","400"
"1","400","1","45","40","0","430","430","34.79","1.0973936899862813","41.67234076915352","400"
"1","400","1","45","40","0","431","431","34.68","1.0973936899862826","40.92836203500657","400"
"1","400","1","45","40","0","432","432","34.615","1.097393689986286","41.93165381135253","400"
"1","400","1","45","40","0","433","433","34.63","1.097393689986283","41.018682448433914","400"
"1","400","1","45","40","0","434","434","34.555","1.0973936899862835","39.64585560748814","400"
"1","400","1","45","40","0","435","435","35.215","1.0973936899862842","39.744961734084576","400"
"1","400","1","45","40","0","436","436","35.935","1.0973936899862775","40.86375205767539","400"
"1","400","1","45","40","0","437","437","36.24","1.0973936899862864","41.03252013078125","400"
"1","400","1","45","40","0","438","438","36.655","1.0973936899862882","39.392614397925406","400"
"1","400","1","45","40","0","439","439","37.105","1.0973936899862784","42.75851447244641","400"
"1","400","1","45","40","0","440","440","36.555","1.0973936899862786","40.12038645233198","400"
"1","400","1","45","40","0","441","441","36.165","1.0973936899862842","39.58464315422254","400"
"1","400","1","45","40","0","442","442","35.295","1.097393689986283","41.897665273772525","400"
"1","400","1","45","40","0","443","443","35.01","1.0973936899862804","40.07810032874524","400"
"1","400","1","45","40","0","444","444","36.615","1.0973936899862875","39.584563130497884","400"
"1","400","1","45","40","0","445","445","37.88","1.0973936899862826","40.0974924332043","400"
"1","400","1","45","40","0","446","446","37.6","1.097393689986281","40.300531312338514","400"
"1","400","1","45","40","0","447","447","37.15","1.097393689986284","40.757061968010824","400"
"1","400","1","45","40","0","448","448","37.06","1.0973936899862808","40.068674925119566","400"
"1","400","1","45","40","0","449","449","38.195","1.0973936899862848","42.158661289596054","400"
"1","400","1","45","40","0","450","450","38.74","1.0973936899862848","42.69485374096581","400"
"1","400","1","45","40","0","451","451","39.355","1.0973936899862808","42.21617906772168","400"
"1","400","1","45","40","0","452","452","39.355","1.0973936899862808","44.299476925136766","400"
"1","400","1","45","40","0","453","453","38.495","1.0973936899862824","39.99585581330906","400"
"1","400","1","45","40","0","454","454","37.785","1.0973936899862868","41.785585581855784","400"
"1","400","1","45","40","0","455","455","37.235","1.097393689986281","41.32437829642146","400"
"1","400","1","45","40","0","456","456","37.43","1.0973936899862804","41.05818491254117","400"
"1","400","1","45","40","0","457","457","37.995","1.0973936899862815","40.14665364021312","400"
"1","400","1","45","40","0","458","458","38.025","1.097393689986283","41.197735066761304","400"
"1","400","1","45","40","0","459","459","37.375","1.097393689986282","41.330094743466674","400"
"1","400","1","45","40","0","460","460","37.85","1.0973936899862788","40.14768007352273","400"
"1","400","1","45","40","0","461","461","37.855","1.0973936899862835","41.182313275728916","400"
"1","400","1","45","40","0","462","462","38.09","1.0973936899862842","41.18578629202888","400"
"1","400","1","45","40","0","463","463","38.64","1.0973936899862848","42.89072202978943","400"
"1","400","1","45","40","0","464","464","39.36","1.0973936899862833","43.29337333707925","400"
"1","400","1","45","40","0","465","465","38.545","1.0973936899862793","42.41752120380588","400"
"1","400","1","45","40","0","466","466","37.89","1.0973936899862804","42.35879434547928","400"
"1","400","1","45","40","0","467","467","37.585","1.097393689986285","42.37298451766919","400"
"1","400","1","45","40","0","468","468","36.6","1.0973936899862846","39.75807211729057","400"
"1","400","1","45","40","0","469","469","35.79","1.0973936899862795","40.6588780556365","400"
"1","400","1","45","40","0","470","470","36.38","1.097393689986284","41.718838478915664","400"
"1","400","1","45","40","0","471","471","36.11","1.097393689986285","40.011560133904865","400"
"1","400","1","45","40","0","472","472","37.2","1.097393689986283","39.573964928008074","400"
"1","400","1","45","40","0","473","473","38.73","1.0973936899862842","39.16307660539777","400"
"1","400","1","45","40","0","474","474","39.785","1.0973936899862813","41.19743118123007","400"
"1","400","1","45","40","0","475","475","40.6","1.097393689986282","42.393527376025666","400"
"1","400","1","45","40","0","476","476","40.945","1.0973936899862806","44.59555235194354","400"
"1","400","1","45","40","0","477","477","40.085","1.0973936899862826","42.42142224259767","400"
"1","400","1","45","40","0","478","478","39.315","1.097393689986285","40.28146067454186","400"
"1","400","1","45","40","0","479","479","37.675","1.0973936899862835","42.15723852861606","400"
"1","400","1","45","40","0","480","480","36.72","1.0973936899862846","41.90589604865154","400"
"1","400","1","45","40","0","481","481","35.975","1.0973936899862824","41.79042308735342","400"
"1","400","1","45","40","0","482","482","35.485","1.0973936899862853","39.538074384109606","400"
"1","400","1","45","40","0","483","483","34.675","1.0973936899862842","42.01992981162023","400"
"1","400","1","45","40","0","484","484","34.435","1.0973936899862875","40.209501434307434","400"
"1","400","1","45","40","0","485","485","34.295","1.0973936899862782","40.56176060250331","400"
"1","400","1","45","40","0","486","486","34.705","1.0973936899862804","39.909048781523964","400"
"1","400","1","45","40","0","487","487","35.72","1.09739368998628","39.40539936392666","400"
"1","400","1","45","40","0","488","488","36.62","1.0973936899862882","38.883163883671536","400"
"1","400","1","45","40","0","489","489","38.415","1.0973936899862828","40.71033469944412","400"
"1","400","1","45","40","0","490","490","38.695","1.097393689986284","39.182358599745115","400"
"1","400","1","45","40","0","491","491","38.705","1.0973936899862837","42.383736610440984","400"
"1","400","1","45","40","0","492","492","37.775","1.0973936899862797","41.782883727219584","400"
"1","400","1","45","40","0","493","493","36.305","1.0973936899862824","42.15860908937554","400"
"1","400","1","45","40","0","494","494","35.915","1.0973936899862817","40.56400044228942","400"
"1","400","1","45","40","0","495","495","36.7","1.097393689986286","40.44223231056242","400"
"1","400","1","45","40","0","496","496","37.04","1.0973936899862844","40.25688667751917","400"
"1","400","1","45","40","0","497","497","37.285","1.0973936899862824","41.205171127631274","400"
"1","400","1","45","40","0","498","498","38.445","1.097393689986275","42.69347260765361","400"
"1","400","1","45","40","0","499","499","39.505","1.0973936899862802","42.37014964322356","400"
"1","400","1","45","40","0","500","500","39.245","1.0973936899862804","41.461036262153165","400"
"1","400","1","45","40","0","501","501","38.92","1.0973936899862844","44.26608217230196","400"
"1","400","1","45","40","0","502","502","38.225","1.097393689986286","41.59262225943813","400"
"1","400","1","45","40","0","503","503","37.805","1.0973936899862826","43.469451989931414","400"
"1","400","1","45","40","0","504","504","37.445","1.0973936899862826","41.4731228015251","400"
"1","400","1","45","40","0","505","505","37.175","1.0973936899862846","42.289063035091345","400"
"1","400","1","45","40","0","506","506","37.115","1.0973936899862797","42.896882242763816","400"
"1","400","1","45","40","0","507","507","37.6","1.0973936899862868","43.38080048046634","400"
"1","400","1","45","40","0","508","508","37.53","1.0973936899862808","41.530872864428666","400"
"1","400","1","45","40","0","509","509","37.52","1.0973936899862808","43.935403716104126","400"
"1","400","1","45","40","0","510","510","37.185","1.0973936899862813","40.59180807556279","400"
"1","400","1","45","40","0","511","511","37.55","1.0973936899862837","41.01401857242343","400"
"1","400","1","45","40","0","512","512","37.41","1.0973936899862835","41.224498579518844","400"
"1","400","1","45","40","0","513","513","39.085","1.09739368998628","41.52489957905973","400"
"1","400","1","45","40","0","514","514","40.385","1.0973936899862815","44.52629201567542","400"
"1","400","1","45","40","0","515","515","40.71","1.0973936899862826","42.845909088118624","400"
"1","400","1","45","40","0","516","516","39.44","1.0973936899862806","45.000013777934676","400"
"1","400","1","45","40","0","517","517","38.425","1.0973936899862784","42.32285277420293","400"
"1","400","1","45","40","0","518","518","38.99","1.097393689986286","41.36853562033337","400"
"1","400","1","45","40","0","519","519","39.02","1.0973936899862882","41.79897420913368","400"
"1","400","1","45","40","0","520","520","38.735","1.0973936899862826","44.14894652264044","400"
"1","400","1","45","40","0","521","521","38.275","1.097393689986281","43.66872694006614","400"
"1","400","1","45","40","0","522","522","37.67","1.0973936899862815","43.02655734031867","400"
"1","400","1","45","40","0","523","523","37.745","1.097393689986283","42.684305102967016","400"
"1","400","1","45","40","0","524","524","38.605","1.0973936899862826","42.347907948963126","400"
"1","400","1","45","40","0","525","525","39.275","1.0973936899862837","44.33197293322874","400"
"1","400","1","45","40","0","526","526","40.23","1.0973936899862826","44.449259458206065","400"
"1","400","1","45","40","0","527","527","40","1.0973936899862813","43.760513956844605","400"
"1","400","1","45","40","0","528","528","39.12","1.0973936899862822","42.59387676362996","400"
"1","400","1","45","40","0","529","529","39.235","1.0973936899862842","44.32424585140244","400"
"1","400","1","45","40","0","530","530","39.42","1.0973936899862793","43.44164395207206","400"
"1","400","1","45","40","0","531","531","39.885","1.0973936899862804","45.192352103778155","400"
"1","400","1","45","40","0","532","532","40.25","1.0973936899862815","43.787386172171566","400"
"1","400","1","45","40","0","533","533","40.435","1.0973936899862864","44.39004093833408","400"
"1","400","1","45","40","0","534","534","40.98","1.0973936899862826","44.46378011617548","400"
"1","400","1","45","40","0","535","535","40.565","1.097393689986283","43.95604737310203","400"
"1","400","1","45","40","0","536","536","41.49","1.097393689986286","44.394076264470684","400"
"1","400","1","45","40","0","537","537","42.27","1.0973936899862857","44.09727764271456","400"
"1","400","1","45","40","0","538","538","42.195","1.0973936899862824","45.11002976486857","400"
"1","400","1","45","40","0","539","539","41.995","1.097393689986283","44.563523405819865","400"
"1","400","1","45","40","0","540","540","42.41","1.097393689986282","44.56721032062871","400"
"1","400","1","45","40","0","541","541","42.45","1.0973936899862837","45.18675889734275","400"
"1","400","1","45","40","0","542","542","44.15","1.0973936899862795","46.02464508333662","400"
"1","400","1","45","40","0","543","543","44.3","1.0973936899862857","46.762624719833624","400"
"1","400","1","45","40","0","544","544","44.2","1.097393689986286","46.46461979122114","400"
"1","400","1","45","40","0","545","545","43.325","1.0973936899862844","45.91738250405412","400"
"1","400","1","45","40","0","546","546","41.09","1.0973936899862788","46.70498963047344","400"
"1","400","1","45","40","0","547","547","39.295","1.097393689986284","42.530395099149054","400"
"1","400","1","45","40","0","548","548","37.845","1.0973936899862822","44.58624771033801","400"
"1","400","1","45","40","0","549","549","38.83","1.0973936899862786","42.044250132784974","400"
"1","400","1","45","40","0","550","550","39.51","1.0973936899862844","44.27139086742547","400"
"1","400","1","45","40","0","551","551","40.705","1.0973936899862848","44.15378495098734","400"
"1","400","1","45","40","0","552","552","41.94","1.0973936899862842","45.324771223247176","400"
"1","400","1","45","40","0","553","553","41.9","1.097393689986283","45.39197097293189","400"
"1","400","1","45","40","0","554","554","42.21","1.0973936899862808","45.671165444031445","400"
"1","400","1","45","40","0","555","555","43.3","1.0973936899862897","43.96056614706636","400"
"1","400","1","45","40","0","556","556","44.505","1.0973936899862864","44.05177859268356","400"
"1","400","1","45","40","0","557","557","45.185","1.0973936899862855","46.37088010813164","400"
"1","400","1","45","40","0","558","558","46.275","1.0973936899862835","46.308787626569064","400"
"1","400","1","45","40","0","559","559","46.805","1.0973936899862837","45.95785839295184","400"
"1","400","1","45","40","0","560","560","46.94","1.0973936899862875","48.9769701281439","400"
"1","400","1","45","40","0","561","561","45.835","1.0973936899862826","48.131494336724785","400"
"1","400","1","45","40","0","562","562","45.13","1.0973936899862822","45.42920736085642","400"
"1","400","1","45","40","0","563","563","45.13","1.097393689986282","47.37657772195275","400"
"1","400","1","45","40","0","564","564","45.295","1.0973936899862835","46.26074071232156","400"
"1","400","1","45","40","0","565","565","46.525","1.0973936899862782","46.89660553336107","400"
"1","400","1","45","40","0","566","566","47.46","1.0973936899862824","48.47682150704673","400"
"1","400","1","45","40","0","567","567","48.555","1.0973936899862802","48.86163595128809","400"
"1","400","1","45","40","0","568","568","48.25","1.0973936899862835","48.24747837087895","400"
"1","400","1","45","40","0","569","569","47.35","1.0973936899862793","49.430366766160056","400"
"1","400","1","45","40","0","570","570","47.505","1.0973936899862786","48.92960483962038","400"
"1","400","1","45","40","0","571","571","49.48","1.0973936899862793","53.136033289971465","400"
"1","400","1","45","40","0","572","572","51.175","1.097393689986278","52.59551010295132","400"
"1","400","1","45","40","0","573","573","53.085","1.0973936899862822","53.59533089633155","400"
"1","400","1","45","40","0","574","574","53.035","1.0973936899862826","58.17470733811324","400"
"1","400","1","45","40","0","575","575","51.74","1.097393689986279","53.478214769641276","400"
"1","400","1","45","40","0","576","576","50.885","1.0973936899862864","53.372135124678316","400"
"1","400","1","45","40","0","577","577","49.03","1.0973936899862833","50.66512771192396","400"
"1","400","1","45","40","0","578","578","47.335","1.097393689986283","53.031046782431986","400"
"1","400","1","45","40","0","579","579","45.945","1.0973936899862828","49.80888306153625","400"
"1","400","1","45","40","0","580","580","46.2","1.0973936899862808","50.208014253523686","400"
"1","400","1","45","40","0","581","581","46.21","1.0973936899862782","52.52524154085449","400"
"1","400","1","45","40","0","582","582","47.56","1.0973936899862828","49.97766352507684","400"
"1","400","1","45","40","0","583","583","49.28","1.0973936899862806","50.613567782475194","400"
"1","400","1","45","40","0","584","584","51.03","1.097393689986283","53.98067487385291","400"
"1","400","1","45","40","0","585","585","51.645","1.0973936899862782","51.4807312294933","400"
"1","400","1","45","40","0","586","586","51.98","1.0973936899862808","53.90587513804848","400"
"1","400","1","45","40","0","587","587","52.75","1.0973936899862786","54.591852928554225","400"
"1","400","1","45","40","0","588","588","50.95","1.097393689986287","55.45360233636755","400"
"1","400","1","45","40","0","589","589","50.055","1.0973936899862813","50.73915753374994","400"
"1","400","1","45","40","0","590","590","49.305","1.0973936899862808","53.55078610012118","400"
"1","400","1","45","40","0","591","591","49.825","1.0973936899862826","49.51420007565691","400"
"1","400","1","45","40","0","592","592","50.985","1.0973936899862837","50.948323975108245","400"
"1","400","1","45","40","0","593","593","51.595","1.0973936899862864","51.15124114325799","400"
"1","400","1","45","40","0","594","594","52.145","1.097393689986281","55.54941774055048","400"
"1","400","1","45","40","0","595","595","50.49","1.0973936899862835","51.68130529130057","400"
"1","400","1","45","40","0","596","596","48.39","1.097393689986288","53.283305844284016","400"
"1","400","1","45","40","0","597","597","46.685","1.0973936899862813","51.54224526594126","400"
"1","400","1","45","40","0","598","598","45.245","1.0973936899862828","52.967077015499605","400"
"1","400","1","45","40","0","599","599","44.48","1.0973936899862826","50.38229392672715","400"
"1","400","1","45","40","0","600","600","45.425","1.0973936899862857","48.988833074109934","400"
"1","400","1","45","40","0","601","601","46.405","1.0973936899862837","47.419557347500906","400"
"1","400","1","45","40","0","602","602","48.315","1.097393689986282","53.04489983237995","400"
"1","400","1","45","40","0","603","603","50.045","1.0973936899862868","49.19067808015986","400"
"1","400","1","45","40","0","604","604","51.87","1.097393689986286","52.204740124230845","400"
"1","400","1","45","40","0","605","605","52.12","1.0973936899862828","51.33788330891157","400"
"1","400","1","45","40","0","606","606","52.425","1.0973936899862797","54.155092807605556","400"
"1","400","1","45","40","0","607","607","51.505","1.097393689986286","55.58791384261077","400"
"1","400","1","45","40","0","608","608","50.655","1.0973936899862813","54.58046528277686","400"
"1","400","1","45","40","0","609","609","50.445","1.0973936899862857","52.887969787943","400"
"1","400","1","45","40","0","610","610","50.7","1.0973936899862837","51.326108379756796","400"
"1","400","1","45","40","0","611","611","52.005","1.0973936899862868","52.90069044505047","400"
"1","400","1","45","40","0","612","612","51.97","1.097393689986282","53.28810079300398","400"
"1","400","1","45","40","0","613","613","51.41","1.0973936899862817","53.597763214766246","400"
"1","400","1","45","40","0","614","614","50.4","1.0973936899862815","56.210090100822775","400"
"1","400","1","45","40","0","615","615","49.135","1.0973936899862815","52.14468972169914","400"
"1","400","1","45","40","0","616","616","48.79","1.0973936899862828","51.729760691408806","400"
"1","400","1","45","40","0","617","617","48.925","1.0973936899862846","52.450896453990104","400"
"1","400","1","45","40","0","618","618","50.29","1.097393689986282","50.88381249749966","400"
"1","400","1","45","40","0","619","619","52.175","1.0973936899862868","52.86819352204375","400"
"1","400","1","45","40","0","620","620","52.765","1.0973936899862815","51.89747955407912","400"
"1","400","1","45","40","0","621","621","53.095","1.097393689986286","55.12394813056069","400"
"1","400","1","45","40","0","622","622","53.59","1.0973936899862795","55.182224955571115","400"
"1","400","1","45","40","0","623","623","53.09","1.0973936899862815","54.2794784813398","400"
"1","400","1","45","40","0","624","624","52.285","1.0973936899862835","53.564226258423204","400"
"1","400","1","45","40","0","625","625","50.625","1.0973936899862826","53.731524495283914","400"
"1","400","1","45","40","0","626","626","50.5","1.0973936899862842","50.910701801481224","400"
"1","400","1","45","40","0","627","627","50.325","1.0973936899862853","49.953697779003186","400"
"1","400","1","45","40","0","628","628","50.765","1.0973936899862842","52.51053963476241","400"
"1","400","1","45","40","0","629","629","51.33","1.0973936899862828","49.31658461735686","400"
"1","400","1","45","40","0","630","630","51.425","1.0973936899862804","49.92161704069771","400"
"1","400","1","45","40","0","631","631","51.89","1.0973936899862806","48.50742798271634","400"
"1","400","1","45","40","0","632","632","53.115","1.0973936899862824","50.72191659055204","400"
"1","400","1","45","40","0","633","633","53.465","1.0973936899862828","49.07729666028068","400"
"1","400","1","45","40","0","634","634","53.115","1.0973936899862846","51.78447962344849","400"
"1","400","1","45","40","0","635","635","53.085","1.0973936899862815","51.44141412336988","400"
"1","400","1","45","40","0","636","636","52.21","1.0973936899862853","54.23992662216969","400"
"1","400","1","45","40","0","637","637","52.185","1.097393689986282","51.253468670490854","400"
"1","400","1","45","40","0","638","638","51.555","1.097393689986279","51.2786494195936","400"
"1","400","1","45","40","0","639","639","50.745","1.0973936899862824","50.94855273566857","400"
"1","400","1","45","40","0","640","640","50.38","1.0973936899862862","51.05066927359309","400"
"1","400","1","45","40","0","641","641","50.895","1.0973936899862815","50.202957489005406","400"
"1","400","1","45","40","0","642","642","50.17","1.097393689986283","52.77316878629037","400"
"1","400","1","45","40","0","643","643","48.52","1.0973936899862837","51.21011323567707","400"
"1","400","1","45","40","0","644","644","46.565","1.0973936899862824","49.512799037828856","400"
"1","400","1","45","40","0","645","645","45.285","1.0973936899862817","48.58024999830669","400"
"1","400","1","45","40","0","646","646","44.765","1.0973936899862802","49.34563635853858","400"
"1","400","1","45","40","0","647","647","44.49","1.0973936899862826","47.565863539360734","400"
"1","400","1","45","40","0","648","648","46.24","1.0973936899862822","49.86825612456589","400"
"1","400","1","45","40","0","649","649","47.975","1.0973936899862875","51.5338352629955","400"
"1","400","1","45","40","0","650","650","50.315","1.097393689986282","51.81115108505566","400"
"1","400","1","45","40","0","651","651","51.975","1.0973936899862808","49.74742826591845","400"
"1","400","1","45","40","0","652","652","53.25","1.0973936899862806","53.86812853640867","400"
"1","400","1","45","40","0","653","653","52.89","1.0973936899862835","52.877144528873956","400"
"1","400","1","45","40","0","654","654","51.515","1.0973936899862842","53.47481212254699","400"
"1","400","1","45","40","0","655","655","51.375","1.0973936899862866","53.94884730641341","400"
"1","400","1","45","40","0","656","656","50.2","1.0973936899862804","52.29805568243318","400"
"1","400","1","45","40","0","657","657","49.275","1.0973936899862877","55.51726391235812","400"
"1","400","1","45","40","0","658","658","49.78","1.097393689986286","52.336112105719664","400"
"1","400","1","45","40","0","659","659","49.89","1.0973936899862797","51.334154122899314","400"
"1","400","1","45","40","0","660","660","50.565","1.0973936899862806","52.20721939856579","400"
"1","400","1","45","40","0","661","661","50.78","1.097393689986282","52.058423189369506","400"
"1","400","1","45","40","0","662","662","51.19","1.0973936899862848","53.282225510584446","400"
"1","400","1","45","40","0","663","663","51.805","1.097393689986286","50.1607200383544","400"
"1","400","1","45","40","0","664","664","51.325","1.0973936899862817","52.16564068639177","400"
"1","400","1","45","40","0","665","665","49.88","1.0973936899862804","48.196858845324996","400"
"1","400","1","45","40","0","666","666","48.98","1.0973936899862833","48.169273746983045","400"
"1","400","1","45","40","0","667","667","50.205","1.0973936899862846","46.73614522713216","400"
"1","400","1","45","40","0","668","668","51.155","1.097393689986285","51.081958536010944","400"
"1","400","1","45","40","0","669","669","51.705","1.0973936899862842","49.93151726392003","400"
"1","400","1","45","40","0","670","670","52.02","1.097393689986285","52.443448815147555","400"
"1","400","1","45","40","0","671","671","51.31","1.097393689986282","52.82760063994896","400"
"1","400","1","45","40","0","672","672","50.575","1.09739368998628","50.483144728401946","400"
"1","400","1","45","40","0","673","673","51.005","1.0973936899862846","50.421477166389636","400"
"1","400","1","45","40","0","674","674","52.05","1.0973936899862842","50.58341550690789","400"
"1","400","1","45","40","0","675","675","53.77","1.0973936899862815","53.88931600998912","400"
"1","400","1","45","40","0","676","676","55.43","1.0973936899862853","53.32218635525577","400"
"1","400","1","45","40","0","677","677","56.015","1.0973936899862782","55.091561126856945","400"
"1","400","1","45","40","0","678","678","56.065","1.0973936899862857","57.324291810672634","400"
"1","400","1","45","40","0","679","679","55.275","1.097393689986282","53.8761605955368","400"
"1","400","1","45","40","0","680","680","54.165","1.0973936899862875","52.39642888402858","400"
"1","400","1","45","40","0","681","681","53.155","1.0973936899862835","51.03040238209594","400"
"1","400","1","45","40","0","682","682","52.905","1.0973936899862822","52.467760405463586","400"
"1","400","1","45","40","0","683","683","52.955","1.0973936899862846","54.312747079017875","400"
"1","400","1","45","40","0","684","684","52.535","1.097393689986281","53.34413152883566","400"
"1","400","1","45","40","0","685","685","52.27","1.0973936899862802","55.414259236320284","400"
"1","400","1","45","40","0","686","686","51.915","1.0973936899862833","54.33221897853976","400"
"1","400","1","45","40","0","687","687","50.855","1.0973936899862815","53.62827524480918","400"
"1","400","1","45","40","0","688","688","51.045","1.0973936899862868","54.55213817140934","400"
"1","400","1","45","40","0","689","689","51.635","1.0973936899862808","51.84561277209212","400"
"1","400","1","45","40","0","690","690","51.91","1.0973936899862837","52.514534090545276","400"
"1","400","1","45","40","0","691","691","53.38","1.0973936899862846","51.14116246421778","400"
"1","400","1","45","40","0","692","692","53.865","1.097393689986283","50.80847295136669","400"
"1","400","1","45","40","0","693","693","54.65","1.0973936899862857","54.44161406764199","400"
"1","400","1","45","40","0","694","694","55.265","1.0973936899862844","53.943110035105896","400"
"1","400","1","45","40","0","695","695","55.295","1.0973936899862833","54.72853482555956","400"
"1","400","1","45","40","0","696","696","53.575","1.0973936899862786","56.81811253876451","400"
"1","400","1","45","40","0","697","697","53.035","1.0973936899862842","53.34940813552564","400"
"1","400","1","45","40","0","698","698","52.665","1.0973936899862808","54.84495340597721","400"
"1","400","1","45","40","0","699","699","52.185","1.0973936899862855","53.990093332593986","400"
"1","400","1","45","40","0","700","700","52.72","1.0973936899862853","51.54790368099239","400"
"1","400","1","45","40","0","701","701","52.93","1.0973936899862826","51.900635955294184","400"
"1","400","1","45","40","0","702","702","52.855","1.0973936899862835","51.03483901981178","400"
"1","400","1","45","40","0","703","703","53.06","1.0973936899862793","52.326276738213124","400"
"1","400","1","45","40","0","704","704","53.345","1.0973936899862815","54.20273100191898","400"
"1","400","1","45","40","0","705","705","53.32","1.097393689986286","54.21732088712193","400"
"1","400","1","45","40","0","706","706","54.42","1.0973936899862868","56.07487163208055","400"
"1","400","1","45","40","0","707","707","54.775","1.09739368998628","53.54057837334188","400"
"1","400","1","45","40","0","708","708","55.85","1.0973936899862848","55.00046610514128","400"
"1","400","1","45","40","0","709","709","55.66","1.0973936899862835","54.03189024841295","400"
"1","400","1","45","40","0","710","710","54.905","1.0973936899862844","54.0051520866774","400"
"1","400","1","45","40","0","711","711","54.11","1.0973936899862833","53.32021362093098","400"
"1","400","1","45","40","0","712","712","53.775","1.0973936899862804","54.2096031754762","400"
"1","400","1","45","40","0","713","713","53.565","1.0973936899862835","52.253049196602056","400"
"1","400","1","45","40","0","714","714","54.27","1.0973936899862824","53.639158288356754","400"
"1","400","1","45","40","0","715","715","53.69","1.0973936899862835","50.83484248370259","400"
"1","400","1","45","40","0","716","716","53.045","1.0973936899862808","53.064221246653425","400"
"1","400","1","45","40","0","717","717","52.67","1.0973936899862866","51.10278080559392","400"
"1","400","1","45","40","0","718","718","52.41","1.0973936899862813","51.710443381495494","400"
"1","400","1","45","40","0","719","719","52.75","1.0973936899862817","49.4436725552624","400"
"1","400","1","45","40","0","720","720","53.475","1.0973936899862828","51.81794726494346","400"
"1","400","1","45","40","0","721","721","54.44","1.097393689986282","52.635123771609855","400"
"1","400","1","45","40","0","722","722","56.02","1.0973936899862804","54.917136456328585","400"
"1","400","1","45","40","0","723","723","56.47","1.0973936899862815","54.905083127213736","400"
"1","400","1","45","40","0","724","724","55.425","1.0973936899862795","55.03854394474493","400"
"1","400","1","45","40","0","725","725","53.61","1.0973936899862826","53.958588618127564","400"
"1","400","1","45","40","0","726","726","52.265","1.0973936899862853","52.00501016872861","400"
"1","400","1","45","40","0","727","727","51.135","1.0973936899862813","50.58178015816554","400"
"1","400","1","45","40","0","728","728","52.215","1.097393689986286","50.10886859065553","400"
"1","400","1","45","40","0","729","729","54.175","1.0973936899862837","51.95688395096969","400"
"1","400","1","45","40","0","730","730","55.995","1.0973936899862806","52.92957851888841","400"
"1","400","1","45","40","0","731","731","56.83","1.0973936899862835","53.474514779979955","400"
"1","400","1","45","40","0","732","732","56.23","1.0973936899862788","53.26098969774807","400"
"1","400","1","45","40","0","733","733","55.2","1.097393689986283","52.599554522170855","400"
"1","400","1","45","40","0","734","734","54.28","1.0973936899862795","54.411383423774865","400"
"1","400","1","45","40","0","735","735","52.715","1.0973936899862813","54.39521066997343","400"
"1","400","1","45","40","0","736","736","51.37","1.0973936899862835","51.69606932273665","400"
"1","400","1","45","40","0","737","737","51.98","1.0973936899862848","51.05439344861254","400"
"1","400","1","45","40","0","738","738","53.44","1.0973936899862808","54.55549653858229","400"
"1","400","1","45","40","0","739","739","55.33","1.0973936899862837","53.896271166458696","400"
"1","400","1","45","40","0","740","740","56.455","1.0973936899862808","54.70596424132003","400"
"1","400","1","45","40","0","741","741","55.835","1.097393689986282","55.909716998920175","400"
"1","400","1","45","40","0","742","742","54.17","1.0973936899862846","52.72207428726217","400"
"1","400","1","45","40","0","743","743","53.065","1.097393689986286","55.613636189423346","400"
"1","400","1","45","40","0","744","744","53.045","1.0973936899862822","51.331897403078834","400"
"1","400","1","45","40","0","745","745","53.46","1.0973936899862815","54.89420597603691","400"
"1","400","1","45","40","0","746","746","54.76","1.0973936899862837","53.51532606908864","400"
"1","400","1","45","40","0","747","747","55.715","1.097393689986282","53.9379049373606","400"
"1","400","1","45","40","0","748","748","55.06","1.0973936899862804","54.27695292142304","400"
"1","400","1","45","40","0","749","749","53.93","1.097393689986286","54.45083309794609","400"
"1","400","1","45","40","0","750","750","52.555","1.0973936899862764","51.998836340784536","400"
"1","400","1","45","40","0","751","751","51.855","1.0973936899862824","52.148138431581444","400"
"1","400","1","45","40","0","752","752","50.975","1.0973936899862826","51.34687357762398","400"
"1","400","1","45","40","0","753","753","51.425","1.0973936899862806","54.14446095975104","400"
"1","400","1","45","40","0","754","754","52.92","1.0973936899862817","53.536254741522384","400"
"1","400","1","45","40","0","755","755","53.72","1.0973936899862802","51.60568377801465","400"
"1","400","1","45","40","0","756","756","54.01","1.0973936899862817","50.184135014363676","400"
"1","400","1","45","40","0","757","757","53.885","1.0973936899862864","50.667681543497416","400"
"1","400","1","45","40","0","758","758","53.565","1.0973936899862797","50.36958383808207","400"
"1","400","1","45","40","0","759","759","52.725","1.0973936899862813","49.965752674063644","400"
"1","400","1","45","40","0","760","760","53.655","1.0973936899862824","51.490044289368846","400"
"1","400","1","45","40","0","761","761","54.205","1.0973936899862835","52.18331862107159","400"
"1","400","1","45","40","0","762","762","55.07","1.0973936899862826","55.40739907201342","400"
"1","400","1","45","40","0","763","763","55.445","1.0973936899862804","54.091903238779686","400"
"1","400","1","45","40","0","764","764","55.52","1.0973936899862866","55.29633827588584","400"
"1","400","1","45","40","0","765","765","55.1","1.0973936899862793","52.974575401820466","400"
"1","400","1","45","40","0","766","766","54.075","1.0973936899862835","53.850904477883596","400"
"1","400","1","45","40","0","767","767","53.2","1.09739368998628","50.76307383547969","400"
"1","400","1","45","40","0","768","768","51.05","1.0973936899862844","53.238863688341404","400"
"1","400","1","45","40","0","769","769","50.585","1.0973936899862844","51.610416936340215","400"
"1","400","1","45","40","0","770","770","51.585","1.0973936899862813","52.2039431558562","400"
"1","400","1","45","40","0","771","771","52.15","1.097393689986281","50.75893686380877","400"
"1","400","1","45","40","0","772","772","53.735","1.0973936899862835","49.98673155581185","400"
"1","400","1","45","40","0","773","773","54.035","1.0973936899862846","54.16976714853487","400"
"1","400","1","45","40","0","774","774","54.14","1.0973936899862886","49.95367410093903","400"
"1","400","1","45","40","0","775","775","53.425","1.0973936899862835","53.27823624138154","400"
"1","400","1","45","40","0","776","776","53.295","1.0973936899862842","52.97088384855414","400"
"1","400","1","45","40","0","777","777","53.795","1.0973936899862835","50.35780855105073","400"
"1","400","1","45","40","0","778","778","54.375","1.0973936899862868","54.852755688128305","400"
"1","400","1","45","40","0","779","779","54.975","1.0973936899862795","55.36293864715648","400"
"1","400","1","45","40","0","780","780","56.035","1.0973936899862806","53.74163598357889","400"
"1","400","1","45","40","0","781","781","56.525","1.097393689986282","54.904589843443944","400"
"1","400","1","45","40","0","782","782","56.51","1.097393689986283","55.95094707719069","400"
"1","400","1","45","40","0","783","783","55.97","1.0973936899862842","53.96028952379221","400"
"1","400","1","45","40","0","784","784","54.43","1.097393689986286","50.91677644818758","400"
"1","400","1","45","40","0","785","785","52.855","1.0973936899862866","51.7993885271324","400"
"1","400","1","45","40","0","786","786","53.035","1.097393689986287","51.44946842150835","400"
"1","400","1","45","40","0","787","787","52.62","1.0973936899862848","52.523959023721645","400"
"1","400","1","45","40","0","788","788","52.285","1.0973936899862815","50.73240825013405","400"
"1","400","1","45","40","0","789","789","52.585","1.0973936899862806","53.116273096242274","400"
"1","400","1","45","40","0","790","790","52.685","1.0973936899862833","53.11100588575735","400"
"1","400","1","45","40","0","791","791","53.47","1.0973936899862828","51.42375891415133","400"
"1","400","1","45","40","0","792","792","54.2","1.097393689986283","53.531801723335214","400"
"1","400","1","45","40","0","793","793","54.415","1.0973936899862857","52.02851109947096","400"
"1","400","1","45","40","0","794","794","54.27","1.0973936899862808","53.6942373712027","400"
"1","400","1","45","40","0","795","795","53.58","1.0973936899862824","49.27841731660581","400"
"1","400","1","45","40","0","796","796","53.745","1.0973936899862835","49.663003189746654","400"
"1","400","1","45","40","0","797","797","54.695","1.09739368998628","50.376054243993934","400"
"1","400","1","45","40","0","798","798","56.66","1.097393689986279","52.52367502016182","400"
"1","400","1","45","40","0","799","799","58.465","1.0973936899862808","53.78267834747725","400"
"1","400","1","45","40","0","800","800","58.815","1.0973936899862817","55.59361351433176","400"
"1","400","1","45","40","0","801","801","57.34","1.0973936899862862","54.638150252705465","400"
"1","400","1","45","40","0","802","802","53.86","1.0973936899862802","54.860373583885774","400"
"1","400","1","45","40","0","803","803","49.66","1.097393689986288","50.904032028578534","400"
"1","400","1","45","40","0","804","804","46.75","1.097393689986283","49.28196005031645","400"
"1","400","1","45","40","0","805","805","46.565","1.0973936899862864","47.22447730859917","400"
"1","400","1","45","40","0","806","806","48.88","1.097393689986283","50.276445875160405","400"
"1","400","1","45","40","0","807","807","52.325","1.097393689986286","48.49605317135567","400"
"1","400","1","45","40","0","808","808","54.995","1.097393689986282","51.23586001292361","400"
"1","400","1","45","40","0","809","809","56.215","1.0973936899862793","52.222749509894946","400"
"1","400","1","45","40","0","810","810","55.94","1.097393689986284","51.049282432195035","400"
"1","400","1","45","40","0","811","811","54.43","1.097393689986286","54.44179869541854","400"
"1","400","1","45","40","0","812","812","54.265","1.0973936899862846","50.95621618827844","400"
"1","400","1","45","40","0","813","813","55.36","1.0973936899862824","52.475152621746716","400"
"1","400","1","45","40","0","814","814","56.89","1.0973936899862813","51.26619163907296","400"
"1","400","1","45","40","0","815","815","58.015","1.097393689986283","52.01928760492172","400"
"1","400","1","45","40","0","816","816","58.45","1.097393689986285","52.631962505677706","400"
"1","400","1","45","40","0","817","817","57.895","1.0973936899862833","54.37632773582716","400"
"1","400","1","45","40","0","818","818","56.535","1.0973936899862833","53.66597051372418","400"
"1","400","1","45","40","0","819","819","56.275","1.0973936899862873","53.54826441397955","400"
"1","400","1","45","40","0","820","820","55.245","1.0973936899862813","56.61765911095011","400"
"1","400","1","45","40","0","821","821","54.67","1.0973936899862784","52.41905566261852","400"
"1","400","1","45","40","0","822","822","54.145","1.0973936899862842","54.07266054812909","400"
"1","400","1","45","40","0","823","823","54.375","1.0973936899862846","54.78022760113216","400"
"1","400","1","45","40","0","824","824","55.055","1.0973936899862804","53.60657090475494","400"
"1","400","1","45","40","0","825","825","56","1.097393689986282","52.36499901802902","400"
"1","400","1","45","40","0","826","826","56.855","1.097393689986278","54.36840995183617","400"
"1","400","1","45","40","0","827","827","56.99","1.0973936899862817","53.97187061331213","400"
"1","400","1","45","40","0","828","828","56.105","1.097393689986283","52.56630619667509","400"
"1","400","1","45","40","0","829","829","55.055","1.097393689986282","53.744193104639905","400"
"1","400","1","45","40","0","830","830","54.51","1.0973936899862842","52.62629307499458","400"
"1","400","1","45","40","0","831","831","53.055","1.0973936899862822","52.0428024064773","400"
"1","400","1","45","40","0","832","832","52.2","1.097393689986283","51.32077781158221","400"
"1","400","1","45","40","0","833","833","51.705","1.097393689986286","49.34718822067967","400"
"1","400","1","45","40","0","834","834","52.94","1.0973936899862813","50.324145721588685","400"
"1","400","1","45","40","0","835","835","53.88","1.0973936899862848","50.08756616519929","400"
"1","400","1","45","40","0","836","836","56.025","1.0973936899862804","51.5748483410032","400"
"1","400","1","45","40","0","837","837","57.415","1.0973936899862828","51.20281229289744","400"
"1","400","1","45","40","0","838","838","58.66","1.0973936899862817","54.361376348720476","400"
"1","400","1","45","40","0","839","839","58.535","1.0973936899862826","52.82008566531243","400"
"1","400","1","45","40","0","840","840","57.635","1.0973936899862837","52.217637739430096","400"
"1","400","1","45","40","0","841","841","57.055","1.0973936899862824","52.672861458813514","400"
"1","400","1","45","40","0","842","842","56.825","1.0973936899862855","51.178290644253906","400"
"1","400","1","45","40","0","843","843","57.02","1.0973936899862813","51.76774160071201","400"
"1","400","1","45","40","0","844","844","55.47","1.097393689986287","51.34947620473596","400"
"1","400","1","45","40","0","845","845","54.265","1.0973936899862855","50.45403196747494","400"
"1","400","1","45","40","0","846","846","53.205","1.0973936899862804","50.42646680820488","400"
"1","400","1","45","40","0","847","847","52.335","1.0973936899862804","50.32218299499557","400"
"1","400","1","45","40","0","848","848","51.83","1.097393689986279","49.440947151177205","400"
"1","400","1","45","40","0","849","849","51.765","1.0973936899862844","49.33847724672899","400"
"1","400","1","45","40","0","850","850","51.53","1.0973936899862804","48.19025231728281","400"
"1","400","1","45","40","0","851","851","52.33","1.0973936899862826","48.87621265219153","400"
"1","400","1","45","40","0","852","852","54.8","1.0973936899862835","48.556547596598975","400"
"1","400","1","45","40","0","853","853","56.9","1.0973936899862833","50.44915878098522","400"
"1","400","1","45","40","0","854","854","58.805","1.097393689986282","49.76571967480801","400"
"1","400","1","45","40","0","855","855","58.595","1.0973936899862817","51.50139866917486","400"
"1","400","1","45","40","0","856","856","58.435","1.0973936899862797","51.43240783347069","400"
"1","400","1","45","40","0","857","857","56.54","1.0973936899862826","50.88704863348794","400"
"1","400","1","45","40","0","858","858","54.985","1.0973936899862815","50.12915743998811","400"
"1","400","1","45","40","0","859","859","53.955","1.0973936899862848","50.406736742022794","400"
"1","400","1","45","40","0","860","860","53.73","1.0973936899862833","49.749391691504336","400"
"1","400","1","45","40","0","861","861","56.08","1.097393689986283","52.20310573469315","400"
"1","400","1","45","40","0","862","862","57.935","1.0973936899862848","51.61661542261533","400"
"1","400","1","45","40","0","863","863","59.34","1.0973936899862802","53.153437553333646","400"
"1","400","1","45","40","0","864","864","58.945","1.0973936899862797","54.20088360241289","400"
"1","400","1","45","40","0","865","865","57.915","1.097393689986278","53.70100029253317","400"
"1","400","1","45","40","0","866","866","55.41","1.0973936899862835","52.02909856482349","400"
"1","400","1","45","40","0","867","867","53.745","1.0973936899862786","51.096781236094486","400"
"1","400","1","45","40","0","868","868","52.605","1.097393689986286","49.302500047007655","400"
"1","400","1","45","40","0","869","869","53.125","1.0973936899862842","50.211192925540566","400"
"1","400","1","45","40","0","870","870","54.49","1.0973936899862864","49.95580654339005","400"
"1","400","1","45","40","0","871","871","55.725","1.097393689986283","51.26524049432185","400"
"1","400","1","45","40","0","872","872","57.14","1.097393689986282","53.845186298052234","400"
"1","400","1","45","40","0","873","873","57.325","1.0973936899862813","52.348217252860486","400"
"1","400","1","45","40","0","874","874","57.195","1.0973936899862822","52.977286100155574","400"
"1","400","1","45","40","0","875","875","57.69","1.0973936899862784","51.41588148849584","400"
"1","400","1","45","40","0","876","876","58.8","1.0973936899862846","53.350643359476706","400"
"1","400","1","45","40","0","877","877","59.34","1.0973936899862804","52.96027019797261","400"
"1","400","1","45","40","0","878","878","58.675","1.0973936899862837","53.267574836996005","400"
"1","400","1","45","40","0","879","879","57.37","1.0973936899862793","52.345380636625094","400"
"1","400","1","45","40","0","880","880","56.185","1.0973936899862826","53.496022545319214","400"
"1","400","1","45","40","0","881","881","55.66","1.0973936899862815","49.17491978400012","400"
"1","400","1","45","40","0","882","882","54.665","1.097393689986281","51.134554209152775","400"
"1","400","1","45","40","0","883","883","54.47","1.0973936899862784","49.10235774987155","400"
"1","400","1","45","40","0","884","884","55.545","1.0973936899862808","48.9184315388437","400"
"1","400","1","45","40","0","885","885","56.95","1.097393689986283","52.189359592908986","400"
"1","400","1","45","40","0","886","886","57.95","1.0973936899862848","50.02092291012696","400"
"1","400","1","45","40","0","887","887","58.02","1.0973936899862824","53.065841343652","400"
"1","400","1","45","40","0","888","888","58.185","1.0973936899862837","50.74297487704049","400"
"1","400","1","45","40","0","889","889","57.755","1.0973936899862817","51.808812224932154","400"
"1","400","1","45","40","0","890","890","57.6","1.0973936899862828","52.2565357891216","400"
"1","400","1","45","40","0","891","891","57.795","1.0973936899862835","51.68062259113405","400"
"1","400","1","45","40","0","892","892","57.665","1.097393689986283","50.911661192142354","400"
"1","400","1","45","40","0","893","893","57.785","1.0973936899862842","50.58612772851061","400"
"1","400","1","45","40","0","894","894","55.06","1.097393689986285","52.36802478453601","400"
"1","400","1","45","40","0","895","895","54.21","1.0973936899862835","51.37286871692493","400"
"1","400","1","45","40","0","896","896","54.065","1.0973936899862813","49.753653958198306","400"
"1","400","1","45","40","0","897","897","54.165","1.0973936899862864","50.67262403711917","400"
"1","400","1","45","40","0","898","898","55.11","1.0973936899862837","49.901044349954404","400"
"1","400","1","45","40","0","899","899","56.5","1.0973936899862768","52.3658598183388","400"
"1","400","1","45","40","0","900","900","56.42","1.0973936899862813","52.063307359875616","400"
"1","400","1","45","40","0","901","901","248.23","0.10973936899862824","41.625","400"
"1","400","1","45","40","0","902","902","224.055","0.2085048010973937","60.3253125","400"
"1","400","1","45","40","0","903","903","206.045","0.29739368998628257","87.41450390625","400"
"1","400","1","45","40","0","904","904","192.16","0.3773936899862822","81.4001677734375","400"
"1","400","1","45","40","0","905","905","190.085","0.4493936899862826","91.95735404663087","400"
"1","400","1","45","40","0","906","906","192.19","0.5141936899862831","91.45078871202851","400"
"1","400","1","45","40","0","907","907","195.825","0.5725136899862829","104.81353834096957","400"
"1","400","1","45","40","0","908","908","208.58","0.6250016899862827","114.10339430103937","400"
"1","400","1","45","40","0","909","909","222.785","0.6722408899862825","122.52161925473894","400"
"1","400","1","45","40","0","910","910","235.98","0.7147561699862836","134.4219189858431","400"
"1","400","1","45","40","0","911","911","242.86","0.7530199219862826","140.14235915535846","400"
"1","400","1","45","40","0","912","912","239.685","0.7874572987862828","143.0307746426891","400"
"1","400","1","45","40","0","913","913","236.035","0.8184509379062826","143.08290521351788","400"
"1","400","1","45","40","0","914","914","234.58","0.8463452131142835","147.45750938461276","400"
"1","400","1","45","40","0","915","915","236.985","0.8714500608014809","151.69558959517394","400"
"1","400","1","45","40","0","916","916","240.015","0.8940444237199624","149.25735944960772","400"
"1","400","1","45","40","0","917","917","236.035","0.9143793503465936","159.1111391715386","400"
"1","400","1","45","40","0","918","918","229.635","0.932680784310564","150.03501943177136","400"
"1","400","1","45","40","0","919","919","221.26","0.9491520748781352","157.13429040541376","400"
"1","400","1","45","40","0","920","920","221.155","0.9639762363889488","152.99049923834775","400"
"1","400","1","45","40","0","921","921","222.41","0.977317981748683","153.13697444370135","400"
"1","400","1","45","40","0","922","922","226.88","0.9893255525724407","154.7720047085982","400"
"1","400","1","45","40","0","923","923","232.965","1.0001323663138253","158.75081097517446","400"
"1","400","1","45","40","0","924","924","234.69","1.0098584986810706","157.45467458724625","400"
"1","400","1","45","40","0","925","925","233.66","1.0186120178115923","162.74315384777591","400"
"1","400","1","45","40","0","926","926","229.86","1.0264901850290633","155.66452662661328","400"
"1","400","1","45","40","0","927","927","228.335","1.0335805355247834","158.21021432060746","400"
"1","400","1","45","40","0","928","928","226.115","1.0399618509709345","152.83744865880516","400"
"1","400","1","45","40","0","929","929","230.07","1.0457050348724652","159.37535721661592","400"
"1","400","1","45","40","0","930","930","234.285","1.0508739003838494","160.00874309788128","400"
"1","400","1","45","40","0","931","931","239","1.0555258793440923","158.45779687440387","400"
"1","400","1","45","40","0","932","932","243.145","1.0597126604083131","163.11159512673822","400"
"1","400","1","45","40","0","933","933","243.035","1.063480763366109","164.53618729540315","400"
"1","400","1","45","40","0","934","934","241.76","1.0668720560281229","166.09104697450175","400"
"1","400","1","45","40","0","935","935","238.525","1.069924219423938","165.1643926087578","400"
"1","400","1","45","40","0","936","936","237.39","1.0726711664801738","164.21222020026468","400"
"1","400","1","45","40","0","937","937","239.355","1.0751434188307842","159.93657510940076","400"
"1","400","1","45","40","0","938","938","240.94","1.0773684459463335","163.67417033188758","400"
"1","400","1","45","40","0","939","939","236.355","1.0793709703503283","171.07802677422157","400"
"1","400","1","45","40","0","940","940","227.77","1.08117324231392","161.78923117262877","400"
"1","400","1","45","40","0","941","941","220.285","1.0827952870811577","167.37091955362234","400"
"1","400","1","45","40","0","942","942","215.99","1.0842551273716696","159.81316102822038","400"
"1","400","1","45","40","0","943","943","212.735","1.0855689836331277","154.88274749116488","400"
"1","400","1","45","40","0","944","944","216.13","1.086751454268447","158.54785483517412","400"
"1","400","1","45","40","0","945","945","226.19","1.0878156778402281","160.80683437121093","400"
"1","400","1","45","40","0","946","946","232.205","1.0887734790548347","158.26270632500638","400"
"1","400","1","45","40","0","947","947","235.675","1.0896355001479816","163.83859209850309","400"
"1","400","1","45","40","0","948","948","236.175","1.0904113191318092","160.792884371879","400"
"1","400","1","45","40","0","949","949","234.99","1.0911095562172566","165.46633465506048","400"
"1","400","1","45","40","0","950","950","230.825","1.0917379695941616","157.521019048877","400"
"1","400","1","45","40","0","951","951","227.6","1.0923035416333726","161.78837621621014","400"
"1","400","1","45","40","0","952","952","229.11","1.0928125564686595","161.23725511588574","400"
"1","400","1","45","40","0","953","953","233.415","1.0932706698204278","161.8938976120385","400"
"1","400","1","45","40","0","954","954","241.995","1.0936829718370085","161.96287259766456","400"
"1","400","1","45","40","0","955","955","251.7","1.0940540436519373","160.98135156486163","400"
"1","400","1","45","40","0","956","956","261.575","1.0943880082853759","167.14271041478494","400"
"1","400","1","45","40","0","957","957","263.69","1.0946885764554606","170.31170942975382","400"
"1","400","1","45","40","0","958","958","262.635","1.0949590878085413","166.32315752905865","400"
"1","400","1","45","40","0","959","959","254.14","1.095202548026319","172.8420143338238","400"
"1","400","1","45","40","0","960","960","246.685","1.095421662222315","168.08051358453642","400"
"1","400","1","45","40","0","961","961","241.925","1.0956188649987106","168.9802899895571","400"
"1","400","1","45","40","0","962","962","234.66","1.0957963474974712","165.21601600364053","400"
"1","400","1","45","40","0","963","963","230.66","1.0959560817463474","164.99370085555253","400"
"1","400","1","45","40","0","964","964","229.415","1.0960998425703479","160.11842030428608","400"
"1","400","1","45","40","0","965","965","232.955","1.0962292273119378","164.13802986664805","400"
"1","400","1","45","40","0","966","966","236.38","1.0963456735793715","159.9669896773854","400"
"1","400","1","45","40","0","967","967","243.99","1.0964504752200646","169.50457996539888","400"
"1","400","1","45","40","0","968","968","248.385","1.0965447966966855","164.6535495426963","400"
"1","400","1","45","40","0","969","969","244.68","1.096629686025647","166.97688632421753","400"
"1","400","1","45","40","0","970","970","239.365","1.0967060864217077","163.99065257249268","400"
"1","400","1","45","40","0","971","971","234.435","1.0967748467781642","166.89017243686294","400"
"1","400","1","45","40","0","972","972","231.235","1.096836731098979","165.183631519416","400"
"1","400","1","45","40","0","973","973","229.465","1.0968924269877058","162.80718646013153","400"
"1","400","1","45","40","0","974","974","229.945","1.0969425532875647","157.98806601115407","400"
"1","400","1","45","40","0","975","975","230.03","1.0969876669574348","158.38418610772388","400"
"1","400","1","45","40","0","976","976","231.635","1.0970282692603237","167.97675493010996","400"
"1","400","1","45","40","0","977","977","234.63","1.0970648113329164","158.74163206549082","400"
"1","400","1","45","40","0","978","978","238.06","1.0970976991982528","166.55386004626354","400"
"1","400","1","45","40","0","979","979","239.805","1.097127298277061","164.957644574057","400"
"1","400","1","45","40","0","980","980","238.96","1.0971539374479797","163.57631290095642","400"
"1","400","1","45","40","0","981","981","235.985","1.0971779127018104","162.6742754709859","400"
"1","400","1","45","40","0","982","982","235.89","1.0971994904302589","160.28706080159066","400"
"1","400","1","45","40","0","983","983","238.6","1.0972189103858592","158.71387326564897","400"
"1","400","1","45","40","0","984","984","238.5","1.0972363883459035","165.80796367567757","400"
"1","400","1","45","40","0","985","985","238.14","1.0972521185099402","163.76473221645034","400"
"1","400","1","45","40","0","986","986","240.365","1.0972662756575737","166.16085578787585","400"
"1","400","1","45","40","0","987","987","237.97","1.097279017090446","166.5401798166009","400"
"1","400","1","45","40","0","988","988","235.905","1.0972904843800266","164.99228824071344","400"
"1","400","1","45","40","0","989","989","231.795","1.0973008049406576","163.50400374782146","400"
"1","400","1","45","40","0","990","990","229.64","1.0973100934452196","165.3321097034273","400"
"1","400","1","45","40","0","991","991","222.87","1.0973184530993274","161.42094326106402","400"
"1","400","1","45","40","0","992","992","219.345","1.097325976788022","159.48817642820447","400"
"1","400","1","45","40","0","993","993","219.855","1.097332748107847","163.6040472383941","400"
"1","400","1","45","40","0","994","994","220.66","1.0973388422956918","160.08816531399572","400"
"1","400","1","45","40","0","995","995","223.755","1.0973443270647498","160.98666842421272","400"
"1","400","1","45","40","0","996","996","223.45","1.0973492633569035","160.64762051797035","400"
"1","400","1","45","40","0","997","997","223.51","1.097353706019839","160.2970445989517","400"
"1","400","1","45","40","0","998","998","224.87","1.0973577044164824","160.66857831998962","400"
"1","400","1","45","40","0","999","999","223.725","1.0973613029734643","162.47929667306553","400"
"1","400","1","45","40","0","1000","1000","220.095","1.097364541674748","157.06949333229613","400"
"1","400","1","45","40","0","1001","1001","224.69","1.097367456505902","157.82613869055209","400"
"1","400","1","45","40","0","1002","1002","234.275","1.0973700798539343","157.19279248648547","400"
"1","400","1","45","40","0","1003","1003","247.07","1.0973724408671692","165.09610444012682","400"
"1","400","1","45","40","0","1004","1004","255.365","1.0973745657790854","163.34620572600937","400"
"1","400","1","45","40","0","1005","1005","259.58","1.097376478199804","168.64025556203816","400"
"1","400","1","45","40","0","1006","1006","257.39","1.0973781993784493","170.724586342626","400"
"1","400","1","45","40","0","1007","1007","251.265","1.0973797484392347","169.24387045003562","400"
"1","400","1","45","40","0","1008","1008","241.61","1.0973811425939408","170.6971716435221","400"
"1","400","1","45","40","0","1009","1009","234.33","1.097382397333171","163.47221170863116","400"
"1","400","1","45","40","0","1010","1010","233.19","1.0973835265984897","165.08578273779358","400"
"1","400","1","45","40","0","1011","1011","232.94","1.0973845429372615","162.08941570566495","400"
"1","400","1","45","40","0","1012","1012","235.225","1.0973854576421647","164.11889691114544","400"
"1","400","1","45","40","0","1013","1013","235.35","1.0973862808765746","166.18619497732826","400"
"1","400","1","45","40","0","1014","1014","236.6","1.0973870217875488","164.4026984179872","400"
"1","400","1","45","40","0","1015","1015","234.57","1.0973876886074219","167.6785185448613","400"
"1","400","1","45","40","0","1016","1016","231.745","1.0973882887453112","162.89253686764107","400"
"1","400","1","45","40","0","1017","1017","231.87","1.0973888288694102","162.49673705611514","400"
"1","400","1","45","40","0","1018","1018","235.035","1.0973893149810914","161.5313673926243","400"
"1","400","1","45","40","0","1019","1019","240.81","1.0973897524816114","167.68128893170226","400"
"1","400","1","45","40","0","1020","1020","244.35","1.0973901462320785","163.540226764881","400"
"1","400","1","45","40","0","1021","1021","242.48","1.0973905006074947","170.14326759303327","400"
"1","400","1","45","40","0","1022","1022","239.2","1.0973908195453805","164.84509850150937","400"
"1","400","1","45","40","0","1023","1023","231.78","1.0973911065894701","168.10737977515876","400"
"1","400","1","45","40","0","1024","1024","225.135","1.0973913649291491","165.5045188734812","400"
"1","400","1","45","40","0","1025","1025","221.815","1.0973915974348598","159.44179009107475","400"
"1","400","1","45","40","0","1026","1026","225.39","1.0973918066900041","163.92353504282875","400"
"1","400","1","45","40","0","1027","1027","230.44","1.0973919950196331","158.84851688250123","400"
"1","400","1","45","40","0","1028","1028","234.215","1.0973921645163005","158.91457642793512","400"
"1","400","1","45","40","0","1029","1029","233.3","1.097392317063295","168.15505298093558","400"
"1","400","1","45","40","0","1030","1030","231.235","1.0973924543555944","160.11328282527018","400"
"1","400","1","45","40","0","1031","1031","230.485","1.097392577918664","163.13055399537285","400"
"1","400","1","45","40","0","1032","1032","232.705","1.097392689125426","159.98347972859827","400"
"1","400","1","45","40","0","1033","1033","234.88","1.097392789211513","162.18349601409113","400"
"1","400","1","45","40","0","1034","1034","238.015","1.0973928792889902","162.17506350966036","400"
"1","400","1","45","40","0","1035","1035","241.645","1.0973929603587196","165.74962139731957","400"
"1","400","1","45","40","0","1036","1036","238.09","1.0973930333214772","161.98503377837747","400"
"1","400","1","45","40","0","1037","1037","230.795","1.0973930989879546","165.13709427239365","400"
"1","400","1","45","40","0","1038","1038","224.935","1.0973931580877903","162.1374252596651","400"
"1","400","1","45","40","0","1039","1039","220.215","1.0973932112776368","162.0580871983422","400"
"1","400","1","45","40","0","1040","1040","218.885","1.097393259148503","161.22913464132992","400"
"1","400","1","45","40","0","1041","1041","223.115","1.0973933022322784","157.3499655827275","400"
"1","400","1","45","40","0","1042","1042","230.79","1.0973933410076802","158.25382705569535","400"
"1","400","1","45","40","0","1043","1043","238.515","1.0973933759055428","163.33608237708052","400"
"1","400","1","45","40","0","1044","1044","242.505","1.0973934073136162","162.36640579053488","400"
"1","400","1","45","40","0","1045","1045","247.72","1.0973934355808794","164.35685156702868","400"
"1","400","1","45","40","0","1046","1046","246.58","1.0973934610214209","166.59240849202197","400"
"1","400","1","45","40","0","1047","1047","242.17","1.0973934839179078","165.12564135254442","400"
"1","400","1","45","40","0","1048","1048","233.85","1.0973935045247476","164.62446757534084","400"
"1","400","1","45","40","0","1049","1049","226.375","1.0973935230708978","158.65492791830073","400"
"1","400","1","45","40","0","1050","1050","226.205","1.0973935397624386","156.63350987769329","400"
"1","400","1","45","40","0","1051","1051","226.535","1.0973935547848224","161.61909917602688","400"
"1","400","1","45","40","0","1052","1052","230.375","1.097393568304968","156.4943464917509","400"
"1","400","1","45","40","0","1053","1053","229.575","1.0973935804730999","160.21496002525254","400"
"1","400","1","45","40","0","1054","1054","228.52","1.097393591424418","163.16194597008433","400"
"1","400","1","45","40","0","1055","1055","226.655","1.0973936012806014","162.18783306053373","400"
"1","400","1","45","40","0","1056","1056","221.595","1.0973936101511759","157.42959320916341","400"
"1","400","1","45","40","0","1057","1057","217.46","1.097393618134684","157.96165144883372","400"
"1","400","1","45","40","0","1058","1058","218.88","1.0973936253198409","154.52292119467396","400"
"1","400","1","45","40","0","1059","1059","221.745","1.0973936317864907","158.57977683384652","400"
"1","400","1","45","40","0","1060","1060","225.38","1.0973936376064695","159.37923020432996","400"
"1","400","1","45","40","0","1061","1061","232.155","1.0973936428444473","155.8396521637862","400"
"1","400","1","45","40","0","1062","1062","236.79","1.0973936475586308","163.434675359715","400"
"1","400","1","45","40","0","1063","1063","242.205","1.0973936518014005","162.7875910214058","400"
"1","400","1","45","40","0","1064","1064","243.74","1.097393655619887","164.03220686145346","400"
"1","400","1","45","40","0","1065","1065","244.065","1.0973936590565274","162.5415999014544","400"
"1","400","1","45","40","0","1066","1066","238.81","1.097393662149503","159.1491162636791","400"
"1","400","1","45","40","0","1067","1067","233.395","1.0973936649331764","160.24473898746322","400"
"1","400","1","45","40","0","1068","1068","231.23","1.0973936674384914","159.2863277661869","400"
"1","400","1","45","40","0","1069","1069","226.375","1.097393669693269","166.24597945083184","400"
"1","400","1","45","40","0","1070","1070","221.535","1.0973936717225672","158.77220152999308","400"
"1","400","1","45","40","0","1071","1071","217.99","1.097393673548943","160.94892286673266","400"
"1","400","1","45","40","0","1072","1072","221.485","1.0973936751926738","157.2448020732979","400"
"1","400","1","45","40","0","1073","1073","232.185","1.0973936766720374","154.6451764587016","400"
"1","400","1","45","40","0","1074","1074","243.575","1.097393678003463","163.79751995630022","400"
"1","400","1","45","40","0","1075","1075","250.155","1.0973936792017436","162.11494387914604","400"
"1","400","1","45","40","0","1076","1076","252.98","1.0973936802801967","167.6661408542682","400"
"1","400","1","45","40","0","1077","1077","247.345","1.0973936812508074","169.30193292633436","400"
"1","400","1","45","40","0","1078","1078","237.205","1.097393682124356","167.01611537548547","400"
"1","400","1","45","40","0","1079","1079","224.845","1.0973936829105417","162.96697136447293","400"
"1","400","1","45","40","0","1080","1080","215.535","1.0973936836181182","155.67455236235656","400"
"1","400","1","45","40","0","1081","1081","215.865","1.0973936842549334","156.90212089843354","400"
"1","400","1","45","40","0","1082","1082","223.43","1.0973936848280719","156.10563171127373","400"
"1","400","1","45","40","0","1083","1083","231","1.097393685343889","157.19275624390067","400"
"1","400","1","45","40","0","1084","1084","242.745","1.0973936858081312","162.09224858659272","400"
"1","400","1","45","40","0","1085","1085","247.28","1.097393686225946","163.17619697023463","400"
"1","400","1","45","40","0","1086","1086","250.915","1.097393686601979","167.42438439630604","400"
"1","400","1","45","40","0","1087","1087","247.09","1.0973936869404093","166.75664134792288","400"
"1","400","1","45","40","0","1088","1088","241.775","1.0973936872449956","163.3965459255937","400"
"1","400","1","45","40","0","1089","1089","233.305","1.097393687519124","164.03737369110826","400"
"1","400","1","45","40","0","1090","1090","231.3","1.09739368776585","161.97612549461738","400"
"1","400","1","45","40","0","1091","1091","227.415","1.0973936879878894","160.185140705161","400"
"1","400","1","45","40","0","1092","1092","229.37","1.097393688187728","161.80078597156708","400"
"1","400","1","45","40","0","1093","1093","228.955","1.0973936883675817","162.0664277873902","400"
"1","400","1","45","40","0","1094","1094","226.04","1.0973936885294515","160.40236630298","400"
"1","400","1","45","40","0","1095","1095","226.2","1.0973936886751332","163.1399685512734","400"
"1","400","1","45","40","0","1096","1096","225.545","1.0973936888062497","158.21153611538966","400"
"1","400","1","45","40","0","1097","1097","228.355","1.0973936889242522","157.3069837110752","400"
"1","400","1","45","40","0","1098","1098","233.365","1.0973936890304519","159.2502778271852","400"
"1","400","1","45","40","0","1099","1099","240.5","1.09739368912604","159.0746101343433","400"
"1","400","1","45","40","0","1100","1100","243.655","1.0973936892120604","165.8179729862816","400"
"1","400","1","45","40","0","1101","1101","242.42","1.097393689289481","158.86070885959387","400"
"1","400","1","45","40","0","1102","1102","236.145","1.0973936893591618","160.90714860035413","400"
"1","400","1","45","40","0","1103","1103","233.61","1.0973936894218728","163.74796941221706","400"
"1","400","1","45","40","0","1104","1104","231.065","1.0973936894783147","156.59819194722607","400"
"1","400","1","45","40","0","1105","1105","230.915","1.0973936895291099","160.992221619786","400"
"1","400","1","45","40","0","1106","1106","231.835","1.0973936895748284","162.6052969776719","400"
"1","400","1","45","40","0","1107","1107","234.645","1.097393689615971","158.45302517565617","400"
"1","400","1","45","40","0","1108","1108","238.135","1.0973936896530072","164.68959133952853","400"
"1","400","1","45","40","0","1109","1109","239.14","1.0973936896863359","163.87189476621847","400"
"1","400","1","45","40","0","1110","1110","239.38","1.0973936897163301","165.79761090478956","400"
"1","400","1","45","40","0","1111","1111","236.805","1.0973936897433254","162.67765674774913","400"
"1","400","1","45","40","0","1112","1112","234.91","1.0973936897676202","163.72858744001957","400"
"1","400","1","45","40","0","1113","1113","233.335","1.097393689789487","161.83095956738978","400"
"1","400","1","45","40","0","1114","1114","228.915","1.0973936898091676","160.17217762445284","400"
"1","400","1","45","40","0","1115","1115","224.05","1.09739368982688","164.11176882459063","400"
"1","400","1","45","40","0","1116","1116","225.635","1.0973936898428223","158.94298292484206","400"
"1","400","1","45","40","0","1117","1117","227.96","1.0973936898571675","161.64701209552163","400"
"1","400","1","45","40","0","1118","1118","229.015","1.0973936898700782","161.8079708697225","400"
"1","400","1","45","40","0","1119","1119","226.87","1.0973936898816943","160.8788035473064","400"
"1","400","1","45","40","0","1120","1120","224.525","1.0973936898921546","161.64227330362348","400"
"1","400","1","45","40","0","1121","1121","223.415","1.0973936899015657","157.94349407772623","400"
"1","400","1","45","40","0","1122","1122","225.38","1.0973936899100418","161.63028761336565","400"
"1","400","1","45","40","0","1123","1123","227.075","1.0973936899176626","157.65230804681752","400"
"1","400","1","45","40","0","1124","1124","224.095","1.0973936899245271","162.10275459674892","400"
"1","400","1","45","40","0","1125","1125","224.185","1.0973936899306997","160.43399398184175","400"
"1","400","1","45","40","0","1126","1126","225.095","1.0973936899362602","160.31101912565038","400"
"1","400","1","45","40","0","1127","1127","226.035","1.0973936899412642","157.20140667147095","400"
"1","400","1","45","40","0","1128","1128","230.415","1.097393689945765","161.1212137494039","400"
"1","400","1","45","40","0","1129","1129","233.59","1.0973936899498136","158.35831280898665","400"
"1","400","1","45","40","0","1130","1130","231.745","1.097393689953464","160.7607394974373","400"
"1","400","1","45","40","0","1131","1131","228.955","1.0973936899567454","163.3686704178954","400"
"1","400","1","45","40","0","1132","1132","225.42","1.097393689959698","163.42095251063486","400"
"1","400","1","45","40","0","1133","1133","223.425","1.0973936899623564","161.48268102068346","400"
"1","400","1","45","40","0","1134","1134","220.985","1.0973936899647516","157.96851915332914","400"
"1","400","1","45","40","0","1135","1135","221.315","1.0973936899669021","157.35882086865874","400"
"1","400","1","45","40","0","1136","1136","224.165","1.0973936899688386","161.31083338792703","400"
"1","400","1","45","40","0","1137","1137","232.22","1.0973936899705858","161.93763069006235","400"
"1","400","1","45","40","0","1138","1138","240.3","1.0973936899721524","158.35939499444615","400"
"1","400","1","45","40","0","1139","1139","238.765","1.0973936899735668","166.18630334590515","400"
"1","400","1","45","40","0","1140","1140","232.815","1.097393689974839","161.92465364178236","400"
"1","400","1","45","40","0","1141","1141","224.18","1.0973936899759826","162.36823895781993","400"
"1","400","1","45","40","0","1142","1142","223.39","1.0973936899770123","156.231181442282","400"
"1","400","1","45","40","0","1143","1143","224.165","1.0973936899779364","159.1384219182422","400"
"1","400","1","45","40","0","1144","1144","227.465","1.0973936899787768","159.65710066680708","400"
"1","400","1","45","40","0","1145","1145","229.065","1.0973936899795238","162.98242209034802","400"
"1","400","1","45","40","0","1146","1146","228.895","1.0973936899802033","159.98800307773934","400"
"1","400","1","45","40","0","1147","1147","228.495","1.0973936899808119","157.38794178721486","400"
"1","400","1","45","40","0","1148","1148","229.165","1.0973936899813568","158.77970488451538","400"
"1","400","1","45","40","0","1149","1149","226.95","1.0973936899818462","161.98183816721894","400"
"1","400","1","45","40","0","1150","1150","227.03","1.0973936899822934","160.46636042831602","400"
"1","400","1","45","40","0","1151","1151","227.845","1.0973936899826908","161.049401303091","400"
"1","400","1","45","40","0","1152","1152","227.155","1.097393689983051","162.3753010247141","400"
"1","400","1","45","40","0","1153","1153","226","1.0973936899833743","161.02296213594852","400"
"1","400","1","45","40","0","1154","1154","227.9","1.097393689983668","158.7872408056306","400"
"1","400","1","45","40","0","1155","1155","227.245","1.0973936899839283","162.583620377398","400"
"1","400","1","45","40","0","1156","1156","229.42","1.0973936899841594","160.65919560697546","400"
"1","400","1","45","40","0","1157","1157","228.35","1.0973936899843744","161.30828945221035","400"
"1","400","1","45","40","0","1158","1158","225.11","1.0973936899845673","159.7137694079231","400"
"1","400","1","45","40","0","1159","1159","217.67","1.0973936899847363","160.099611140282","400"
"1","400","1","45","40","0","1160","1160","215.16","1.0973936899848915","158.07309152512428","400"
"1","400","1","45","40","0","1161","1161","214.02","1.09739368998503","155.1526060735526","400"
"1","400","1","45","40","0","1162","1162","218.21","1.097393689985157","153.66819988506896","400"
"1","400","1","45","40","0","1163","1163","224.265","1.0973936899852672","155.89971849908187","400"
"1","400","1","45","40","0","1164","1164","230.72","1.0973936899853667","158.33606389330455","400"
"1","400","1","45","40","0","1165","1165","236.085","1.0973936899854604","160.9120514594585","400"
"1","400","1","45","40","0","1166","1166","239.375","1.097393689985541","163.7601069669981","400"
"1","400","1","45","40","0","1167","1167","240.515","1.0973936899856178","161.7361384648612","400"
"1","400","1","45","40","0","1168","1168","234.54","1.0973936899856813","168.38502028684255","400"
"1","400","1","45","40","0","1169","1169","222.4","1.0973936899857457","158.90366242728788","400"
"1","400","1","45","40","0","1170","1170","211.535","1.097393689985796","157.2863335302007","400"
"1","400","1","45","40","0","1171","1171","205.815","1.097393689985848","155.3111055796683","400"
"1","400","1","45","40","0","1172","1172","207.42","1.0973936899858905","154.63464101608898","400"
"1","400","1","45","40","0","1173","1173","215.115","1.09739368998593","156.38567039584396","400"
"1","400","1","45","40","0","1174","1174","222.095","1.0973936899859629","155.79722051996328","400"
"1","400","1","45","40","0","1175","1175","232.89","1.0973936899859957","160.15356655753376","400"
"1","400","1","45","40","0","1176","1176","239.845","1.0973936899860282","162.84369642517225","400"
"1","400","1","45","40","0","1177","1177","241.17","1.09739368998605","164.7317702255431","400"
"1","400","1","45","40","0","1178","1178","240.4","1.0973936899860717","161.57656165801183","400"
"1","400","1","45","40","0","1179","1179","240.43","1.097393689986092","163.43024605714393","400"
"1","400","1","45","40","0","1180","1180","234.005","1.0973936899861114","163.3500961422487","400"
"1","400","1","45","40","0","1181","1181","224.705","1.0973936899861245","160.10659379833695","400"
"1","400","1","45","40","0","1182","1182","217.98","1.0973936899861465","155.4080994737187","400"
"1","400","1","45","40","0","1183","1183","214.05","1.0973936899861587","157.67412450159063","400"
"1","400","1","45","40","0","1184","1184","216.69","1.0973936899861731","152.59700596564898","400"
"1","400","1","45","40","0","1185","1185","226.915","1.0973936899861818","159.65116765697894","400"
"1","400","1","45","40","0","1186","1186","240.415","1.0973936899861918","159.9070905891074","400"
"1","400","1","45","40","0","1187","1187","252.09","1.097393689986202","164.06042162389156","400"
"1","400","1","45","40","0","1188","1188","255.57","1.0973936899862071","166.55688030333317","400"
"1","400","1","45","40","0","1189","1189","251.225","1.0973936899862144","168.26691878286732","400"
"1","400","1","45","40","0","1190","1190","237.42","1.0973936899862253","166.40221804793222","400"
"1","400","1","45","40","0","1191","1191","226.175","1.0973936899862295","162.55280629916513","400"
"1","400","1","45","40","0","1192","1192","223.12","1.0973936899862333","163.7133736572623","400"
"1","400","1","45","40","0","1193","1193","228.12","1.0973936899862384","165.02756540035085","400"
"1","400","1","45","40","0","1194","1194","231.29","1.097393689986241","160.203596961113","400"
"1","400","1","45","40","0","1195","1195","231.205","1.0973936899862524","163.64907486729788","400"
"1","400","1","45","40","0","1196","1196","225.71","1.0973936899862542","168.80103832651068","400"
"1","400","1","45","40","0","1197","1197","215.265","1.0973936899862542","157.69566147138775","400"
"1","400","1","45","40","0","1198","1198","207.895","1.0973936899862546","157.82501644856328","400"
"1","400","1","45","40","0","1199","1199","205.87","1.09739368998626","155.44023379857921","400"
"1","400","1","45","40","0","1200","1200","209.185","1.0973936899862629","158.20007511014657","400"
"2","400","1","45","40","0","0","0","1.715","0","0","400"
"2","400","1","45","40","0","1","1","1.85","0.10973936899863251","0.9","400"
"2","400","1","45","40","0","2","2","1.715","0.2085048010973959","1.4821875000000002","400"
"2","400","1","45","40","0","3","3","1.695","0.2973936899862826","1.89671484375","400"
"2","400","1","45","40","0","4","4","1.655","0.3773936899862829","2.188144775390625","400"
"2","400","1","45","40","0","5","5","1.595","0.44939368998628243","2.5374857025146484","400"
"2","400","1","45","40","0","6","6","1.745","0.5141936899862832","2.8318035284500125","400"
"2","400","1","45","40","0","7","7","1.72","0.5725136899862839","3.3002041646701814","400"
"2","400","1","45","40","0","8","8","1.785","0.6250016899862821","3.2617408114488784","400"
"2","400","1","45","40","0","9","9","1.785","0.6722408899862831","2.8581433425217577","400"
"2","400","1","45","40","0","10","10","1.825","0.7147561699862796","2.900621886923246","400"
"2","400","1","45","40","0","11","11","1.975","0.7530199219862815","3.1436798835825894","400"
"2","400","1","45","40","0","12","12","1.965","0.7874572987862835","3.3238454518315748","400"
"2","400","1","45","40","0","13","13","2.045","0.8184509379062824","3.5201712701955863","400"
"2","400","1","45","40","0","14","14","2.21","0.8463452131142848","3.5432190747237944","400"
"2","400","1","45","40","0","15","15","2.24","0.8714500608014794","3.9351702204771453","400"
"2","400","1","45","40","0","16","16","2.29","0.8940444237199637","3.7999560903726413","400"
"2","400","1","45","40","0","17","17","2.38","0.914379350346592","4.4039559652451175","400"
"2","400","1","45","40","0","18","18","2.54","0.9326807843105634","4.576845357526088","400"
"2","400","1","45","40","0","19","19","2.675","0.9491520748781329","4.358974411359704","400"
"2","400","1","45","40","0","20","20","2.755","0.9639762363889512","4.4546230796267885","400"
"2","400","1","45","40","0","21","21","2.77","0.9773179817486802","5.022112247298629","400"
"2","400","1","45","40","0","22","22","2.855","0.989325552572446","5.333453508939979","400"
"2","400","1","45","40","0","23","23","2.87","1.0001323663138297","5.667043593099547","400"
"2","400","1","45","40","0","24","24","3.11","1.0098584986810744","5.497459402440776","400"
"2","400","1","45","40","0","25","25","3.21","1.0186120178115925","5.751417091080279","400"
"2","400","1","45","40","0","26","26","3.455","1.0264901850290638","5.760982018662926","400"
"2","400","1","45","40","0","27","27","3.51","1.0335805355247867","5.83378952853562","400"
"2","400","1","45","40","0","28","28","3.605","1.039961850970933","5.654082227518611","400"
"2","400","1","45","40","0","29","29","3.705","1.045705034872473","6.110714233971468","400"
"2","400","1","45","40","0","30","30","3.95","1.050873900383851","6.280374448694546","400"
"2","400","1","45","40","0","31","31","4.15","1.0555258793440905","6.310964178979332","400"
"2","400","1","45","40","0","32","32","4.295","1.0597126604083158","6.5923042706038","400"
"2","400","1","45","40","0","33","33","4.47","1.063480763366108","7.069023986799932","400"
"2","400","1","45","40","0","34","34","4.88","1.066872056028123","7.969258644337383","400"
"2","400","1","45","40","0","35","35","5.25","1.0699242194239391","8.868646660197117","400"
"2","400","1","45","40","0","36","36","5.415","1.0726711664801805","8.801536930515187","400"
"2","400","1","45","40","0","37","37","5.59","1.0751434188307887","9.536483146620725","400"
"2","400","1","45","40","0","38","38","5.51","1.0773684459463388","10.068724131641167","400"
"2","400","1","45","40","0","39","39","5.71","1.0793709703503271","10.89096358883017","400"
"2","400","1","45","40","0","40","40","5.71","1.0811732423139284","11.044889631869568","400"
"2","400","1","45","40","0","41","41","6.035","1.0827952870811635","12.268736100834884","400"
"2","400","1","45","40","0","42","42","6.365","1.0842551273716765","11.652286790289978","400"
"2","400","1","45","40","0","43","43","6.265","1.0855689836331348","11.915771661766591","400"
"2","400","1","45","40","0","44","44","6.43","1.0867514542684504","12.535035242551896","400"
"2","400","1","45","40","0","45","45","6.61","1.0878156778402286","12.306259706780228","400"
"2","400","1","45","40","0","46","46","6.855","1.0887734790548393","12.209148271048534","400"
"2","400","1","45","40","0","47","47","7.215","1.0896355001479807","14.362993595814459","400"
"2","400","1","45","40","0","48","48","7.135","1.0904113191318143","12.307307172620876","400"
"2","400","1","45","40","0","49","49","7.565","1.0911095562172592","12.342765743760268","400"
"2","400","1","45","40","0","50","50","7.905","1.0917379695941607","12.26482560387887","400"
"2","400","1","45","40","0","51","51","8.385","1.0923035416333748","12.568587248431834","400"
"2","400","1","45","40","0","52","52","8.99","1.0928125564686662","13.810516433059048","400"
"2","400","1","45","40","0","53","53","9.59","1.0932706698204262","14.242111638646218","400"
"2","400","1","45","40","0","54","54","9.965","1.0936829718370138","15.463270717876581","400"
"2","400","1","45","40","0","55","55","10.295","1.0940540436519408","15.569023831027648","400"
"2","400","1","45","40","0","56","56","10.485","1.0943880082853754","16.178797246982803","400"
"2","400","1","45","40","0","57","57","10.07","1.094688576455461","16.63188641783414","400"
"2","400","1","45","40","0","58","58","9.985","1.0949590878085462","16.575643850317714","400"
"2","400","1","45","40","0","59","59","9.94","1.0952025480263223","16.57521260447676","400"
"2","400","1","45","40","0","60","60","10.095","1.095421662222321","16.152456382974712","400"
"2","400","1","45","40","0","61","61","10.205","1.0956188649987149","17.59321102534109","400"
"2","400","1","45","40","0","62","62","11.015","1.0957963474974735","17.41676137868609","400"
"2","400","1","45","40","0","63","63","11.515","1.095956081746351","19.510232716646215","400"
"2","400","1","45","40","0","64","64","12.445","1.096099842570342","20.98230874187156","400"
"2","400","1","45","40","0","65","65","13.535","1.0962292273119445","20.743045961391147","400"
"2","400","1","45","40","0","66","66","14.22","1.0963456735793766","21.422498914430946","400"
"2","400","1","45","40","0","67","67","14.21","1.0964504752200603","22.883349657255707","400"
"2","400","1","45","40","0","68","68","14.105","1.0965447966966875","23.332136112415178","400"
"2","400","1","45","40","0","69","69","14.065","1.0966296860256453","22.139228498791702","400"
"2","400","1","45","40","0","70","70","14.34","1.0967060864217102","22.287844352197776","400"
"2","400","1","45","40","0","71","71","14.29","1.0967748467781628","22.866193905310656","400"
"2","400","1","45","40","0","72","72","14.625","1.0968367310989773","23.50345957584876","400"
"2","400","1","45","40","0","73","73","14.51","1.0968924269877076","22.53172209380175","400"
"2","400","1","45","40","0","74","74","14.85","1.0969425532875665","23.436009582912806","400"
"2","400","1","45","40","0","75","75","14.9","1.096987666957437","24.168620400031894","400"
"2","400","1","45","40","0","76","76","15.82","1.097028269260324","23.586752279419052","400"
"2","400","1","45","40","0","77","77","16.02","1.097064811332915","23.62459814578746","400"
"2","400","1","45","40","0","78","78","16.55","1.0970976991982544","25.197089762009043","400"
"2","400","1","45","40","0","79","79","17.265","1.097127298277058","24.329589523755473","400"
"2","400","1","45","40","0","80","80","17.725","1.0971539374479797","26.53612004659083","400"
"2","400","1","45","40","0","81","81","18.925","1.0971779127018078","26.278525373464877","400"
"2","400","1","45","40","0","82","82","20.02","1.0971994904302607","28.899893983134216","400"
"2","400","1","45","40","0","83","83","20.555","1.0972189103858616","29.857352004363964","400"
"2","400","1","45","40","0","84","84","20.445","1.0972363883459006","28.501516625897047","400"
"2","400","1","45","40","0","85","85","19.395","1.09725211850994","28.833602740969376","400"
"2","400","1","45","40","0","86","86","18.785","1.0972662756575728","29.40658071743818","400"
"2","400","1","45","40","0","87","87","18.6","1.0972790170904492","28.119047970367628","400"
"2","400","1","45","40","0","88","88","18.59","1.097290484380034","29.36679430822517","400"
"2","400","1","45","40","0","89","89","18.945","1.0973008049406567","28.252108146553336","400"
"2","400","1","45","40","0","90","90","19.28","1.097310093445216","28.73057689679774","400"
"2","400","1","45","40","0","91","91","20.035","1.0973184530993298","28.05052989627994","400"
"2","400","1","45","40","0","92","92","20.95","1.0973259767880188","28.263745926725957","400"
"2","400","1","45","40","0","93","93","21.435","1.0973327481078443","28.698804847091203","400"
"2","400","1","45","40","0","94","94","21.24","1.097338842295689","29.67194109639096","400"
"2","400","1","45","40","0","95","95","21.33","1.0973443270647498","31.383693469693934","400"
"2","400","1","45","40","0","96","96","20.55","1.0973492633568998","30.118940843014716","400"
"2","400","1","45","40","0","97","97","19.445","1.097353706019846","31.465771545877796","400"
"2","400","1","45","40","0","98","98","18.935","1.0973577044164873","28.725478143791392","400"
"2","400","1","45","40","0","99","99","18.39","1.0973613029734646","29.034706052923205","400"
"2","400","1","45","40","0","100","100","18.6","1.0973645416747462","28.588336237847095","400"
"2","400","1","45","40","0","101","101","19.57","1.0973674565058953","29.2376807825135","400"
"2","400","1","45","40","0","102","102","20.685","1.0973700798539405","29.560435636816052","400"
"2","400","1","45","40","0","103","103","21.355","1.097372440867174","31.51208390810281","400"
"2","400","1","45","40","0","104","104","21.065","1.097374565779087","31.55126320551785","400"
"2","400","1","45","40","0","105","105","19.625","1.0973764781998019","29.45209148101761","400"
"2","400","1","45","40","0","106","106","18.3","1.097378199378453","28.405752357413782","400"
"2","400","1","45","40","0","107","107","17.51","1.0973797484392351","27.040119110660388","400"
"2","400","1","45","40","0","108","108","16.85","1.0973811425939402","29.07482768371561","400"
"2","400","1","45","40","0","109","109","17.405","1.0973823973331724","24.593177770816755","400"
"2","400","1","45","40","0","110","110","18.125","1.0973835265984841","25.254592776486128","400"
"2","400","1","45","40","0","111","111","19.42","1.0973845429372648","26.388216470498","400"
"2","400","1","45","40","0","112","112","21.29","1.0973854576421675","25.46766757502527","400"
"2","400","1","45","40","0","113","113","22.65","1.0973862808765766","28.771953800582455","400"
"2","400","1","45","40","0","114","114","23.34","1.097387021787555","29.38459690488833","400"
"2","400","1","45","40","0","115","115","23.05","1.0973876886074247","30.16745365677782","400"
"2","400","1","45","40","0","116","116","22.285","1.097388288745308","31.78543001107221","400"
"2","400","1","45","40","0","117","117","21.315","1.0973888288694047","31.942550206792784","400"
"2","400","1","45","40","0","118","118","20.39","1.0973893149810914","28.720497221992368","400"
"2","400","1","45","40","0","119","119","19.65","1.0973897524816107","27.620888557373096","400"
"2","400","1","45","40","0","120","120","19.775","1.0973901462320772","26.24937599848893","400"
"2","400","1","45","40","0","121","121","19.915","1.097390500607499","27.313942266161966","400"
"2","400","1","45","40","0","122","122","20.43","1.0973908195453785","26.53987937505403","400"
"2","400","1","45","40","0","123","123","20.43","1.097391106589467","28.021847241024386","400"
"2","400","1","45","40","0","124","124","20.795","1.09739136492915","26.705288493372773","400"
"2","400","1","45","40","0","125","125","21.015","1.0973915974348656","29.742818548517096","400"
"2","400","1","45","40","0","126","126","20.765","1.0973918066900044","26.497564677206064","400"
"2","400","1","45","40","0","127","127","20.78","1.097391995019633","29.851712235194235","400"
"2","400","1","45","40","0","128","128","21.26","1.0973921645162967","27.422880914169745","400"
"2","400","1","45","40","0","129","129","21.87","1.097392317063296","27.89279487801962","400"
"2","400","1","45","40","0","130","130","22.44","1.0973924543555942","26.835622733529362","400"
"2","400","1","45","40","0","131","131","22.95","1.0973925779186664","28.948253498767333","400"
"2","400","1","45","40","0","132","132","22.82","1.097392689125427","29.014506543947967","400"
"2","400","1","45","40","0","133","133","23.095","1.097392789211512","28.910933324487754","400"
"2","400","1","45","40","0","134","134","23.17","1.0973928792889904","31.611667122364086","400"
"2","400","1","45","40","0","135","135","23.46","1.097392960358718","32.36890937982128","400"
"2","400","1","45","40","0","136","136","23.33","1.0973930333214736","32.62100381127637","400"
"2","400","1","45","40","0","137","137","23.16","1.0973930989879537","30.84411934184903","400"
"2","400","1","45","40","0","138","138","22.735","1.0973931580877854","32.22070757690055","400"
"2","400","1","45","40","0","139","139","22.705","1.097393211277638","29.892157011621514","400"
"2","400","1","45","40","0","140","140","22.6","1.0973932591485003","30.117091801631442","400"
"2","400","1","45","40","0","141","141","22.58","1.0973933022322795","30.564520398681466","400"
"2","400","1","45","40","0","142","142","23.25","1.097393341007674","30.395819160385997","400"
"2","400","1","45","40","0","143","143","23.14","1.0973933759055388","29.378382242330737","400"
"2","400","1","45","40","0","144","144","23.775","1.097393407313611","30.44155488348969","400"
"2","400","1","45","40","0","145","145","24.63","1.0973934355808843","29.683073917681046","400"
"2","400","1","45","40","0","146","146","24.78","1.0973934610214218","30.346970239214148","400"
"2","400","1","45","40","0","147","147","24.36","1.0973934839179074","32.011299164939004","400"
"2","400","1","45","40","0","148","148","24.25","1.0973935045247454","31.183835919964753","400"
"2","400","1","45","40","0","149","149","23.17","1.0973935230708989","31.470581146939292","400"
"2","400","1","45","40","0","150","150","23.03","1.0973935397624355","30.8484900006976","400"
"2","400","1","45","40","0","151","151","22.655","1.0973935547848201","31.89058930635245","400"
"2","400","1","45","40","0","152","152","22.925","1.0973935683049734","31.085437657127923","400"
"2","400","1","45","40","0","153","153","23.74","1.0973935804730968","32.03834111050828","400"
"2","400","1","45","40","0","154","154","24.135","1.0973935914244177","32.99488721860488","400"
"2","400","1","45","40","0","155","155","24.36","1.0973936012806054","34.37584218229999","400"
"2","400","1","45","40","0","156","156","25.195","1.0973936101511723","34.129159770270405","400"
"2","400","1","45","40","0","157","157","25.8","1.0973936181346848","32.1497912020314","400"
"2","400","1","45","40","0","158","158","26.275","1.097393625319846","30.587013961389257","400"
"2","400","1","45","40","0","159","159","26.32","1.097393631786485","30.29245443992724","400"
"2","400","1","45","40","0","160","160","25.015","1.0973936376064657","31.665258050008948","400"
"2","400","1","45","40","0","161","161","24.53","1.0973936428444493","31.27176475385768","400"
"2","400","1","45","40","0","162","162","24.295","1.097393647558628","31.034634949372546","400"
"2","400","1","45","40","0","163","163","24.275","1.0973936518013967","30.89131279684827","400"
"2","400","1","45","40","0","164","164","24.665","1.0973936556198847","32.00397173276326","400"
"2","400","1","45","40","0","165","165","25.51","1.0973936590565259","31.920624713527463","400"
"2","400","1","45","40","0","166","166","26","1.0973936621495044","32.08487605123352","400"
"2","400","1","45","40","0","167","167","26.16","1.097393664933182","31.761543292997427","400"
"2","400","1","45","40","0","168","168","26.025","1.0973936674384897","32.52585415794005","400"
"2","400","1","45","40","0","169","169","25.59","1.09739366969327","31.16721767829059","400"
"2","400","1","45","40","0","170","170","25.135","1.0973936717225732","30.60033211017246","400"
"2","400","1","45","40","0","171","171","25.27","1.0973936735489425","30.369341766934898","400"
"2","400","1","45","40","0","172","172","25.425","1.097393675192676","30.3501108780288","400"
"2","400","1","45","40","0","173","173","25.64","1.0973936766720354","30.15220865521648","400"
"2","400","1","45","40","0","174","174","26.39","1.097393678003465","30.478843646278687","400"
"2","400","1","45","40","0","175","175","26.895","1.0973936792017414","30.220816388810338","400"
"2","400","1","45","40","0","176","176","26.82","1.0973936802801976","30.729305038587142","400"
"2","400","1","45","40","0","177","177","26.58","1.0973936812508038","30.966053189901206","400"
"2","400","1","45","40","0","178","178","25.905","1.0973936821243548","32.57494643398438","400"
"2","400","1","45","40","0","179","179","25.115","1.0973936829105488","30.212339412772554","400"
"2","400","1","45","40","0","180","180","24.275","1.0973936836181137","29.64747658570232","400"
"2","400","1","45","40","0","181","181","23.61","1.0973936842549403","30.86651409283587","400"
"2","400","1","45","40","0","182","182","23.53","1.0973936848280723","29.323697973062746","400"
"2","400","1","45","40","0","183","183","24.22","1.0973936853438886","29.52156977711687","400"
"2","400","1","45","40","0","184","184","24.34","1.0973936858081315","29.298420659696607","400"
"2","400","1","45","40","0","185","185","24.88","1.0973936862259464","30.146886735747895","400"
"2","400","1","45","40","0","186","186","25.455","1.0973936866019793","31.904312131299662","400"
"2","400","1","45","40","0","187","187","25.415","1.0973936869404108","29.570260710335546","400"
"2","400","1","45","40","0","188","188","24.89","1.0973936872449979","30.37380867287118","400"
"2","400","1","45","40","0","189","189","24.42","1.0973936875191244","30.04075309939907","400"
"2","400","1","45","40","0","190","190","23.67","1.0973936877658461","31.975511190371947","400"
"2","400","1","45","40","0","191","191","23.835","1.097393687987886","29.95009247424588","400"
"2","400","1","45","40","0","192","192","23.645","1.0973936881877242","31.179649321495123","400"
"2","400","1","45","40","0","193","193","23.81","1.0973936883675783","31.476583156525844","400"
"2","400","1","45","40","0","194","194","24.515","1.097393688529452","31.4215656948781","400"
"2","400","1","45","40","0","195","195","24.55","1.0973936886751376","30.446926893693174","400"
"2","400","1","45","40","0","196","196","24.585","1.0973936888062492","31.241978873406065","400"
"2","400","1","45","40","0","197","197","23.66","1.0973936889242524","30.021266420786716","400"
"2","400","1","45","40","0","198","198","23.655","1.097393689030456","30.912091404850063","400"
"2","400","1","45","40","0","199","199","24.175","1.097393689126036","29.974865111774164","400"
"2","400","1","45","40","0","200","200","25.4","1.0973936892120597","31.86291289143158","400"
"2","400","1","45","40","0","201","201","25.765","1.0973936892894829","30.274783996891586","400"
"2","400","1","45","40","0","202","202","26.765","1.097393689359164","30.424206634273684","400"
"2","400","1","45","40","0","203","203","27.545","1.0973936894218743","31.451753708401128","400"
"2","400","1","45","40","0","204","204","27.725","1.097393689478312","32.52259725124607","400"
"2","400","1","45","40","0","205","205","28.615","1.097393689529116","32.93309331373599","400"
"2","400","1","45","40","0","206","206","29.245","1.0973936895748302","34.23383531426687","400"
"2","400","1","45","40","0","207","207","28.78","1.097393689615976","35.160291079438096","400"
"2","400","1","45","40","0","208","208","28.37","1.0973936896530048","33.44140364776095","400"
"2","400","1","45","40","0","209","209","26.76","1.0973936896863337","34.77617270098586","400"
"2","400","1","45","40","0","210","210","24.535","1.0973936897163303","32.67998948987339","400"
"2","400","1","45","40","0","211","211","23.215","1.0973936897433232","32.21166420339315","400"
"2","400","1","45","40","0","212","212","23.76","1.0973936897676169","30.688027886726093","400"
"2","400","1","45","40","0","213","213","24.54","1.0973936897894836","32.13136142517859","400"
"2","400","1","45","40","0","214","214","25.95","1.0973936898091694","30.08960752115208","400"
"2","400","1","45","40","0","215","215","26.6","1.0973936898268783","32.18422714664446","400"
"2","400","1","45","40","0","216","216","27.26","1.0973936898428192","32.54104560458567","400"
"2","400","1","45","40","0","217","217","26.775","1.097393689857167","33.289469072635626","400"
"2","400","1","45","40","0","218","218","26.62","1.0973936898700747","33.689306596527345","400"
"2","400","1","45","40","0","219","219","26.08","1.0973936898816994","32.15662023593906","400"
"2","400","1","45","40","0","220","220","25.265","1.097393689892154","31.315005491349083","400"
"2","400","1","45","40","0","221","221","25.045","1.097393689901565","32.00050582140782","400"
"2","400","1","45","40","0","222","222","25.395","1.0973936899100434","30.883424975031797","400"
"2","400","1","45","40","0","223","223","25.915","1.0973936899176628","32.49376817580834","400"
"2","400","1","45","40","0","224","224","26.78","1.0973936899245267","31.427263492081412","400"
"2","400","1","45","40","0","225","225","27.035","1.0973936899307002","34.269841874073656","400"
"2","400","1","45","40","0","226","226","26.99","1.0973936899362582","33.26947671905623","400"
"2","400","1","45","40","0","227","227","27.25","1.097393689941256","32.26272664316994","400"
"2","400","1","45","40","0","228","228","27.305","1.0973936899457637","32.186965680086566","400"
"2","400","1","45","40","0","229","229","27.015","1.0973936899498198","31.759248579279042","400"
"2","400","1","45","40","0","230","230","26.705","1.0973936899534655","30.743457407988984","400"
"2","400","1","45","40","0","231","231","26.57","1.0973936899567438","33.93783025862493","400"
"2","400","1","45","40","0","232","232","26.4","1.097393689959702","32.01341004551935","400"
"2","400","1","45","40","0","233","233","26.25","1.0973936899623575","31.88046724572578","400"
"2","400","1","45","40","0","234","234","26.565","1.097393689964752","31.678299197258326","400"
"2","400","1","45","40","0","235","235","27.83","1.0973936899669017","32.41384031870768","400"
"2","400","1","45","40","0","236","236","28.97","1.0973936899688377","32.44810076284491","400"
"2","400","1","45","40","0","237","237","29.095","1.0973936899705838","33.15930716337337","400"
"2","400","1","45","40","0","238","238","29.265","1.0973936899721572","34.397973435698326","400"
"2","400","1","45","40","0","239","239","28.98","1.0973936899735661","33.42443300192846","400"
"2","400","1","45","40","0","240","240","27.845","1.09739368997484","33.497505261022525","400"
"2","400","1","45","40","0","241","241","26.445","1.0973936899759806","34.57166282186365","400"
"2","400","1","45","40","0","242","242","25.21","1.0973936899770103","31.68806522372992","400"
"2","400","1","45","40","0","243","243","24.4","1.097393689977937","31.77306179650997","400"
"2","400","1","45","40","0","244","244","25.055","1.0973936899787764","31.58247237797205","400"
"2","400","1","45","40","0","245","245","25.82","1.0973936899795258","32.278638299617704","400"
"2","400","1","45","40","0","246","246","26.795","1.0973936899801993","31.949029519807244","400"
"2","400","1","45","40","0","247","247","27.84","1.097393689980807","32.52085554857002","400"
"2","400","1","45","40","0","248","248","28.005","1.0973936899813586","35.562090379848506","400"
"2","400","1","45","40","0","249","249","27.925","1.0973936899818502","33.46153048691834","400"
"2","400","1","45","40","0","250","250","27.22","1.0973936899822887","35.70322288816544","400"
"2","400","1","45","40","0","251","251","26.635","1.0973936899826926","32.0393947343402","400"
"2","400","1","45","40","0","252","252","26.14","1.0973936899830528","32.617294296685316","400"
"2","400","1","45","40","0","253","253","26.145","1.0973936899833776","30.129344745297185","400"
"2","400","1","45","40","0","254","254","26.89","1.097393689983665","30.779523665494526","400"
"2","400","1","45","40","0","255","255","27.45","1.0973936899839305","31.37166772479906","400"
"2","400","1","45","40","0","256","256","28.75","1.0973936899841619","35.0788588023055","400"
"2","400","1","45","40","0","257","257","29.005","1.097393689984373","32.846023546120044","400"
"2","400","1","45","40","0","258","258","29.475","1.097393689984566","34.47124522197861","400"
"2","400","1","45","40","0","259","259","29.135","1.097393689984735","34.54533667701249","400"
"2","400","1","45","40","0","260","260","28.37","1.0973936899848888","34.34747399907785","400"
"2","400","1","45","40","0","261","261","27.065","1.0973936899850305","33.10444852014141","400"
"2","400","1","45","40","0","262","262","26.27","1.097393689985153","32.53357308804189","400"
"2","400","1","45","40","0","263","263","26.23","1.097393689985266","31.01077853762254","400"
"2","400","1","45","40","0","264","264","26.695","1.0973936899853673","33.64281210661271","400"
"2","400","1","45","40","0","265","265","27.235","1.097393689985464","31.736537486447745","400"
"2","400","1","45","40","0","266","266","27.35","1.0973936899855425","34.58201011278943","400"
"2","400","1","45","40","0","267","267","27.93","1.0973936899856231","32.56198925361273","400"
"2","400","1","45","40","0","268","268","27.57","1.0973936899856847","32.48707281550524","400"
"2","400","1","45","40","0","269","269","27.25","1.0973936899857457","34.317897779051066","400"
"2","400","1","45","40","0","270","270","25.74","1.0973936899857981","32.4279099107557","400"
"2","400","1","45","40","0","271","271","24.23","1.097393689985843","30.55381582380793","400"
"2","400","1","45","40","0","272","272","23.465","1.0973936899858898","29.942565496906152","400"
"2","400","1","45","40","0","273","273","23.495","1.0973936899859293","29.208764337587688","400"
"2","400","1","45","40","0","274","274","25.04","1.0973936899859635","31.24299631541567","400"
"2","400","1","45","40","0","275","275","26.58","1.0973936899859953","32.60664353524856","400"
"2","400","1","45","40","0","276","276","27.725","1.0973936899860273","33.49129611007479","400"
"2","400","1","45","40","0","277","277","27.55","1.0973936899860532","34.311274886807375","400"
"2","400","1","45","40","0","278","278","26.445","1.0973936899860754","34.73350074240895","400"
"2","400","1","45","40","0","279","279","25.995","1.0973936899860939","34.87199354365317","400"
"2","400","1","45","40","0","280","280","25.54","1.0973936899861148","33.63769263192421","400"
"2","400","1","45","40","0","281","281","24.865","1.0973936899861314","31.30180544894036","400"
"2","400","1","45","40","0","282","282","24.935","1.097393689986145","33.03094974628683","400"
"2","400","1","45","40","0","283","283","25.795","1.09739368998616","30.84837893743951","400"
"2","400","1","45","40","0","284","284","26.895","1.0973936899861723","31.758312540282027","400"
"2","400","1","45","40","0","285","285","27.435","1.0973936899861823","32.21995595677236","400"
"2","400","1","45","40","0","286","286","28.53","1.0973936899861894","34.71081030030139","400"
"2","400","1","45","40","0","287","287","29.105","1.097393689986203","34.86891127103477","400"
"2","400","1","45","40","0","288","288","28.68","1.0973936899862113","36.44218408357572","400"
"2","400","1","45","40","0","289","289","27.59","1.0973936899862167","35.19048052548524","400"
"2","400","1","45","40","0","290","290","26.16","1.0973936899862256","31.926653391076844","400"
"2","400","1","45","40","0","291","291","25.77","1.0973936899862335","30.88997950776616","400"
"2","400","1","45","40","0","292","292","25.585","1.097393689986238","30.646073964776026","400"
"2","400","1","45","40","0","293","293","26.94","1.097393689986243","30.87593306228459","400"
"2","400","1","45","40","0","294","294","27.375","1.0973936899862418","33.32321451539695","400"
"2","400","1","45","40","0","295","295","28.66","1.0973936899862455","35.67852026705046","400"
"2","400","1","45","40","0","296","296","28.265","1.0973936899862509","33.77669141606353","400"
"2","400","1","45","40","0","297","297","28.225","1.097393689986258","31.65275716306626","400"
"2","400","1","45","40","0","298","298","27.975","1.097393689986258","34.4290573009634","400"
"2","400","1","45","40","0","299","299","26.91","1.097393689986256","32.96009128715416","400"
"2","400","1","45","40","0","300","300","26.97","1.0973936899862624","33.884617562081004","400"
"2","400","1","45","40","0","301","301","26.225","1.0973936899862662","33.27833807370947","400"
"2","400","1","45","40","0","302","302","25.77","1.0973936899862635","31.82721645324611","400"
"2","400","1","45","40","0","303","303","25.69","1.097393689986269","33.07549358541143","400"
"2","400","1","45","40","0","304","304","26.09","1.0973936899862684","31.877733165451716","400"
"2","400","1","45","40","0","305","305","26.875","1.0973936899862697","33.62882179294416","400"
"2","400","1","45","40","0","306","306","28.38","1.097393689986275","32.64475651401874","400"
"2","400","1","45","40","0","307","307","29.71","1.097393689986273","33.99846076513334","400"
"2","400","1","45","40","0","308","308","30.68","1.0973936899862744","32.25102686523091","400"
"2","400","1","45","40","0","309","309","30.295","1.0973936899862762","33.0322510572407","400"
"2","400","1","45","40","0","310","310","30.23","1.0973936899862717","34.96270713479036","400"
"2","400","1","45","40","0","311","311","29.29","1.0973936899862744","34.416034696137125","400"
"2","400","1","45","40","0","312","312","27.825","1.0973936899862744","34.33402289066802","400"
"2","400","1","45","40","0","313","313","26.485","1.097393689986278","33.754750295131245","400"
"2","400","1","45","40","0","314","314","25.545","1.097393689986278","32.66110005996066","400"
"2","400","1","45","40","0","315","315","25.33","1.0973936899862782","32.34695467024643","400"
"2","400","1","45","40","0","316","316","25.04","1.0973936899862793","32.077033309101495","400"
"2","400","1","45","40","0","317","317","26.88","1.097393689986282","31.61556149723941","400"
"2","400","1","45","40","0","318","318","28.005","1.0973936899862806","33.12247740487745","400"
"2","400","1","45","40","0","319","319","29.805","1.0973936899862764","36.05722445420098","400"
"2","400","1","45","40","0","320","320","30.105","1.0973936899862786","34.0404680053381","400"
"2","400","1","45","40","0","321","321","29.35","1.0973936899862808","33.326698980421824","400"
"2","400","1","45","40","0","322","322","28.385","1.0973936899862824","32.33081160008466","400"
"2","400","1","45","40","0","323","323","26.485","1.0973936899862833","31.936189317899245","400"
"2","400","1","45","40","0","324","324","25.32","1.0973936899862797","31.64940683453252","400"
"2","400","1","45","40","0","325","325","25.045","1.097393689986283","33.56715571343565","400"
"2","400","1","45","40","0","326","326","25","1.097393689986285","34.58062017485491","400"
"2","400","1","45","40","0","327","327","24.99","1.0973936899862824","34.483318899384514","400"
"2","400","1","45","40","0","328","328","25.24","1.0973936899862844","34.82801800897891","400"
"2","400","1","45","40","0","329","329","25.565","1.097393689986283","31.591882561928287","400"
"2","400","1","45","40","0","330","330","26.025","1.0973936899862806","32.484604991532265","400"
"2","400","1","45","40","0","331","331","27.175","1.0973936899862802","31.63583148984841","400"
"2","400","1","45","40","0","332","332","28.02","1.0973936899862815","34.02037701307654","400"
"2","400","1","45","40","0","333","333","29.335","1.0973936899862837","32.19718999516117","400"
"2","400","1","45","40","0","334","334","30.36","1.097393689986283","35.300660326340285","400"
"2","400","1","45","40","0","335","335","30.805","1.0973936899862844","35.03113382804567","400"
"2","400","1","45","40","0","336","336","30.31","1.0973936899862826","35.10846368127775","400"
"2","400","1","45","40","0","337","337","29.04","1.0973936899862788","35.4846125009808","400"
"2","400","1","45","40","0","338","338","28.09","1.097393689986282","34.08065090767405","400"
"2","400","1","45","40","0","339","339","26.66","1.0973936899862862","34.19916470921025","400"
"2","400","1","45","40","0","340","340","26.075","1.0973936899862853","32.3983194227082","400"
"2","400","1","45","40","0","341","341","25.94","1.0973936899862842","33.158405482751185","400"
"2","400","1","45","40","0","342","342","26.325","1.0973936899862848","33.123515945993745","400"
"2","400","1","45","40","0","343","343","27.04","1.0973936899862848","32.369057048502576","400"
"2","400","1","45","40","0","344","344","26.94","1.0973936899862822","31.363420696790776","400"
"2","400","1","45","40","0","345","345","26.81","1.097393689986284","31.08036926165023","400"
"2","400","1","45","40","0","346","346","28.06","1.097393689986281","34.042229277242676","400"
"2","400","1","45","40","0","347","347","29.38","1.0973936899862813","33.95445499043067","400"
"2","400","1","45","40","0","348","348","29.8","1.0973936899862824","37.145110643895954","400"
"2","400","1","45","40","0","349","349","29.305","1.0973936899862782","35.24270312367687","400"
"2","400","1","45","40","0","350","350","27.635","1.0973936899862846","34.845243151484986","400"
"2","400","1","45","40","0","351","351","26.585","1.0973936899862802","33.41874644059767","400"
"2","400","1","45","40","0","352","352","26.73","1.0973936899862824","32.481273603930006","400"
"2","400","1","45","40","0","353","353","27.74","1.0973936899862822","31.957672092788858","400"
"2","400","1","45","40","0","354","354","28.51","1.0973936899862846","33.24719686290737","400"
"2","400","1","45","40","0","355","355","29.11","1.0973936899862795","37.26341559564224","400"
"2","400","1","45","40","0","356","356","28.16","1.0973936899862815","34.6212963550919","400"
"2","400","1","45","40","0","357","357","27.895","1.097393689986283","38.23437063764055","400"
"2","400","1","45","40","0","358","358","27.075","1.0973936899862817","34.242664834513334","400"
"2","400","1","45","40","0","359","359","25.885","1.097393689986282","34.94743242572576","400"
"2","400","1","45","40","0","360","360","25.505","1.097393689986279","36.659868108780444","400"
"2","400","1","45","40","0","361","361","25.795","1.0973936899862837","33.56423204421344","400"
"2","400","1","45","40","0","362","362","25.38","1.0973936899862782","35.29475471317001","400"
"2","400","1","45","40","0","363","363","25.575","1.097393689986287","31.831727976075605","400"
"2","400","1","45","40","0","364","364","26.495","1.097393689986283","33.91382620089827","400"
"2","400","1","45","40","0","365","365","27.47","1.097393689986286","34.168031694539806","400"
"2","400","1","45","40","0","366","366","28.805","1.0973936899862864","35.111477046320736","400"
"2","400","1","45","40","0","367","367","29.135","1.097393689986281","36.101937719334984","400"
"2","400","1","45","40","0","368","368","29.15","1.097393689986279","35.762210780532364","400"
"2","400","1","45","40","0","369","369","27.75","1.0973936899862804","34.38958497517377","400"
"2","400","1","45","40","0","370","370","27.005","1.097393689986282","32.84956857148895","400"
"2","400","1","45","40","0","371","371","26.61","1.0973936899862835","32.87614719709681","400"
"2","400","1","45","40","0","372","372","26.255","1.097393689986285","32.51168591063736","400"
"2","400","1","45","40","0","373","373","26.91","1.0973936899862857","30.932321145669853","400"
"2","400","1","45","40","0","374","374","27.97","1.0973936899862886","32.71297857943319","400"
"2","400","1","45","40","0","375","375","29.595","1.0973936899862815","33.3190230424339","400"
"2","400","1","45","40","0","376","376","30.995","1.0973936899862846","35.84500781844094","400"
"2","400","1","45","40","0","377","377","31.295","1.0973936899862837","36.23127580892959","400"
"2","400","1","45","40","0","378","378","30.9","1.0973936899862835","37.20146276556906","400"
"2","400","1","45","40","0","379","379","30.24","1.0973936899862864","35.5405264737922","400"
"2","400","1","45","40","0","380","380","29.17","1.09739368998628","36.38086619601729","400"
"2","400","1","45","40","0","381","381","28.385","1.0973936899862848","36.849743162350784","400"
"2","400","1","45","40","0","382","382","27.42","1.097393689986285","33.30453117579968","400"
"2","400","1","45","40","0","383","383","26.825","1.0973936899862817","33.90898030338249","400"
"2","400","1","45","40","0","384","384","27.17","1.0973936899862846","32.68599403293578","400"
"2","400","1","45","40","0","385","385","27.705","1.0973936899862795","32.00454693940016","400"
"2","400","1","45","40","0","386","386","28.495","1.097393689986278","35.13751041896008","400"
"2","400","1","45","40","0","387","387","28.265","1.097393689986283","33.45815179667186","400"
"2","400","1","45","40","0","388","388","29.035","1.0973936899862795","32.72671495190712","400"
"2","400","1","45","40","0","389","389","29.775","1.0973936899862848","34.39083154730527","400"
"2","400","1","45","40","0","390","390","29.75","1.0973936899862833","31.8580014662171","400"
"2","400","1","45","40","0","391","391","30","1.0973936899862815","32.30322128283174","400"
"2","400","1","45","40","0","392","392","30.53","1.0973936899862846","32.97318367147586","400"
"2","400","1","45","40","0","393","393","31.38","1.0973936899862806","35.60329577880631","400"
"2","400","1","45","40","0","394","394","31.495","1.0973936899862824","34.50261372561601","400"
"2","400","1","45","40","0","395","395","31.42","1.097393689986282","36.56438086508112","400"
"2","400","1","45","40","0","396","396","30.565","1.0973936899862833","37.016792155427765","400"
"2","400","1","45","40","0","397","397","29.05","1.0973936899862835","35.53826445272079","400"
"2","400","1","45","40","0","398","398","27.455","1.0973936899862844","35.85000041068701","400"
"2","400","1","45","40","0","399","399","26.555","1.0973936899862842","37.13575265903526","400"
"2","400","1","45","40","0","400","400","26.045","1.0973936899862844","32.078605587653584","400"
"2","400","1","45","40","0","401","401","27.005","1.0973936899862815","33.10465608600119","400"
"2","400","1","45","40","0","402","402","28.215","1.0973936899862835","34.88616666922699","400"
"2","400","1","45","40","0","403","403","28.94","1.097393689986285","32.338624740249315","400"
"2","400","1","45","40","0","404","404","29.005","1.0973936899862815","35.53595414668712","400"
"2","400","1","45","40","0","405","405","28.9","1.0973936899862846","35.90555061163112","400"
"2","400","1","45","40","0","406","406","28.33","1.0973936899862868","35.21804561482795","400"
"2","400","1","45","40","0","407","407","28.16","1.0973936899862815","36.853058831236915","400"
"2","400","1","45","40","0","408","408","27.98","1.0973936899862842","36.00993658034281","400"
"2","400","1","45","40","0","409","409","27.145","1.0973936899862848","34.73924869608659","400"
"2","400","1","45","40","0","410","410","26.255","1.0973936899862826","32.4394936856012","400"
"2","400","1","45","40","0","411","411","26.47","1.0973936899862826","31.848629363117766","400"
"2","400","1","45","40","0","412","412","26.315","1.0973936899862848","32.078741332624375","400"
"2","400","1","45","40","0","413","413","26.67","1.0973936899862817","31.925487369057706","400"
"2","400","1","45","40","0","414","414","27.98","1.0973936899862844","32.80553053027139","400"
"2","400","1","45","40","0","415","415","28.49","1.0973936899862826","34.43983941972181","400"
"2","400","1","45","40","0","416","416","28.24","1.097393689986287","35.03803947747974","400"
"2","400","1","45","40","0","417","417","29.015","1.0973936899862875","35.31782767645601","400"
"2","400","1","45","40","0","418","418","28.985","1.0973936899862848","37.483250568722625","400"
"2","400","1","45","40","0","419","419","28.95","1.0973936899862853","35.14890709585975","400"
"2","400","1","45","40","0","420","420","29.24","1.0973936899862824","33.755021430526","400"
"2","400","1","45","40","0","421","421","29.695","1.0973936899862842","34.4617841531952","400"
"2","400","1","45","40","0","422","422","30.16","1.0973936899862786","35.60982667256634","400"
"2","400","1","45","40","0","423","423","30.71","1.0973936899862802","35.51571935069289","400"
"2","400","1","45","40","0","424","424","30.475","1.0973936899862837","36.28025482387025","400"
"2","400","1","45","40","0","425","425","29.415","1.0973936899862813","35.973226850114585","400"
"2","400","1","45","40","0","426","426","28.155","1.0973936899862873","36.11660715782489","400"
"2","400","1","45","40","0","427","427","27.265","1.0973936899862833","33.559468377982725","400"
"2","400","1","45","40","0","428","428","27.425","1.0973936899862826","36.45698312563087","400"
"2","400","1","45","40","0","429","429","27.64","1.097393689986284","33.261200285442705","400"
"2","400","1","45","40","0","430","430","28.135","1.097393689986283","33.26347818560384","400"
"2","400","1","45","40","0","431","431","28.71","1.0973936899862855","31.975918517944674","400"
"2","400","1","45","40","0","432","432","28.505","1.0973936899862815","32.20804457119176","400"
"2","400","1","45","40","0","433","433","27.775","1.0973936899862824","32.19168546485387","400"
"2","400","1","45","40","0","434","434","28.035","1.097393689986287","34.138590047208005","400"
"2","400","1","45","40","0","435","435","27.235","1.0973936899862846","33.277483897443865","400"
"2","400","1","45","40","0","436","436","27.17","1.0973936899862815","35.16783810056232","400"
"2","400","1","45","40","0","437","437","27.35","1.097393689986281","32.4991896407764","400"
"2","400","1","45","40","0","438","438","28.23","1.0973936899862837","32.1074890472021","400"
"2","400","1","45","40","0","439","439","29","1.0973936899862835","33.17693348814153","400"
"2","400","1","45","40","0","440","440","28.765","1.0973936899862826","32.95191219395324","400"
"2","400","1","45","40","0","441","441","29.55","1.0973936899862804","33.97539381695348","400"
"2","400","1","45","40","0","442","442","30.59","1.0973936899862853","33.657135408533584","400"
"2","400","1","45","40","0","443","443","30.77","1.0973936899862844","36.15031012634173","400"
"2","400","1","45","40","0","444","444","30.12","1.0973936899862813","34.323417156630036","400"
"2","400","1","45","40","0","445","445","29.31","1.0973936899862857","35.12975804550699","400"
"2","400","1","45","40","0","446","446","28.155","1.0973936899862842","33.33322536704576","400"
"2","400","1","45","40","0","447","447","27.47","1.0973936899862804","34.72250806214923","400"
"2","400","1","45","40","0","448","448","26.915","1.0973936899862815","33.29385448416273","400"
"2","400","1","45","40","0","449","449","26.005","1.0973936899862786","33.40791219355027","400"
"2","400","1","45","40","0","450","450","26.23","1.0973936899862837","31.94925797537822","400"
"2","400","1","45","40","0","451","451","27.115","1.0973936899862797","30.629084409980724","400"
"2","400","1","45","40","0","452","452","27.64","1.0973936899862806","30.938466356060555","400"
"2","400","1","45","40","0","453","453","27.825","1.097393689986282","30.884332084755975","400"
"2","400","1","45","40","0","454","454","28.83","1.0973936899862813","34.420227572630466","400"
"2","400","1","45","40","0","455","455","29.21","1.0973936899862815","35.26163838095592","400"
"2","400","1","45","40","0","456","456","28.425","1.0973936899862837","35.66059840665139","400"
"2","400","1","45","40","0","457","457","27.69","1.0973936899862837","34.860660032573485","400"
"2","400","1","45","40","0","458","458","27.19","1.0973936899862813","34.096173719622904","400"
"2","400","1","45","40","0","459","459","27.32","1.097393689986283","32.92357010139668","400"
"2","400","1","45","40","0","460","460","26.445","1.097393689986284","31.9435234777157","400"
"2","400","1","45","40","0","461","461","26.565","1.097393689986284","33.050646290042174","400"
"2","400","1","45","40","0","462","462","26.395","1.0973936899862833","30.3881674521315","400"
"2","400","1","45","40","0","463","463","26.8","1.097393689986282","31.969501508079013","400"
"2","400","1","45","40","0","464","464","28.305","1.0973936899862837","31.373159901885753","400"
"2","400","1","45","40","0","465","465","30.09","1.097393689986283","33.68639068700633","400"
"2","400","1","45","40","0","466","466","31.08","1.097393689986283","36.95427007227597","400"
"2","400","1","45","40","0","467","467","31.29","1.0973936899862815","37.06757976970114","400"
"2","400","1","45","40","0","468","468","30.815","1.097393689986283","37.69605829324007","400"
"2","400","1","45","40","0","469","469","29.945","1.0973936899862826","35.79100111200371","400"
"2","400","1","45","40","0","470","470","28.87","1.0973936899862846","33.40797264109632","400"
"2","400","1","45","40","0","471","471","27.995","1.0973936899862864","36.85185495048122","400"
"2","400","1","45","40","0","472","472","27.83","1.0973936899862828","32.90704073295684","400"
"2","400","1","45","40","0","473","473","27.34","1.097393689986286","35.607452160607444","400"
"2","400","1","45","40","0","474","474","28.13","1.097393689986281","32.63853672536823","400"
"2","400","1","45","40","0","475","475","29.33","1.0973936899862835","33.510156211400606","400"
"2","400","1","45","40","0","476","476","30.37","1.0973936899862824","32.84830022358774","400"
"2","400","1","45","40","0","477","477","31.14","1.0973936899862868","33.93526894632928","400"
"2","400","1","45","40","0","478","478","31.435","1.0973936899862813","33.006182899636585","400"
"2","400","1","45","40","0","479","479","31.53","1.0973936899862866","37.6020329075272","400"
"2","400","1","45","40","0","480","480","30.615","1.0973936899862817","36.06599632958428","400"
"2","400","1","45","40","0","481","481","28.775","1.0973936899862846","37.33386530089277","400"
"2","400","1","45","40","0","482","482","27.705","1.097393689986287","35.182793861869676","400"
"2","400","1","45","40","0","483","483","26.875","1.0973936899862826","34.79659851578256","400"
"2","400","1","45","40","0","484","484","25.84","1.0973936899862824","31.984336898138096","400"
"2","400","1","45","40","0","485","485","26.08","1.0973936899862804","31.474395324000124","400"
"2","400","1","45","40","0","486","486","26.76","1.097393689986282","28.187259602254915","400"
"2","400","1","45","40","0","487","487","27.42","1.0973936899862804","30.351058558903336","400"
"2","400","1","45","40","0","488","488","28.93","1.0973936899862855","33.72721667183177","400"
"2","400","1","45","40","0","489","489","30.4","1.097393689986281","31.896571759226017","400"
"2","400","1","45","40","0","490","490","31.835","1.0973936899862813","33.41183672152771","400"
"2","400","1","45","40","0","491","491","31.85","1.097393689986282","36.557163164102136","400"
"2","400","1","45","40","0","492","492","31.155","1.097393689986283","35.4391603190087","400"
"2","400","1","45","40","0","493","493","29.45","1.097393689986283","33.22668181720637","400"
"2","400","1","45","40","0","494","494","28.69","1.097393689986283","33.600024054112076","400"
"2","400","1","45","40","0","495","495","28.475","1.097393689986286","32.935839545162786","400"
"2","400","1","45","40","0","496","496","29.09","1.0973936899862817","35.32214067141568","400"
"2","400","1","45","40","0","497","497","29.875","1.097393689986279","36.76058265908902","400"
"2","400","1","45","40","0","498","498","30.33","1.0973936899862835","34.63111029724583","400"
"2","400","1","45","40","0","499","499","30.405","1.0973936899862808","34.65630050054094","400"
"2","400","1","45","40","0","500","500","30.92","1.0973936899862817","33.66464795913979","400"
"2","400","1","45","40","0","501","501","30.675","1.0973936899862868","35.331365216229784","400"
"2","400","1","45","40","0","502","502","31.27","1.0973936899862842","34.722267376305055","400"
"2","400","1","45","40","0","503","503","31.255","1.0973936899862842","36.99288038773949","400"
"2","400","1","45","40","0","504","504","30.64","1.0973936899862846","36.47244798120906","400"
"2","400","1","45","40","0","505","505","29.435","1.0973936899862793","36.9890414952191","400"
"2","400","1","45","40","0","506","506","29.17","1.0973936899862804","35.05948481143341","400"
"2","400","1","45","40","0","507","507","29.33","1.0973936899862826","34.011652870984534","400"
"2","400","1","45","40","0","508","508","29.865","1.0973936899862835","33.816953639784096","400"
"2","400","1","45","40","0","509","509","30.93","1.097393689986283","35.279491758660136","400"
"2","400","1","45","40","0","510","510","32.59","1.09739368998628","33.72898455584657","400"
"2","400","1","45","40","0","511","511","33.73","1.0973936899862853","37.8704475900069","400"
"2","400","1","45","40","0","512","512","32.795","1.0973936899862824","37.51134463147782","400"
"2","400","1","45","40","0","513","513","31.81","1.0973936899862802","37.06033044757773","400"
"2","400","1","45","40","0","514","514","30.54","1.097393689986283","36.76693660137027","400"
"2","400","1","45","40","0","515","515","28.57","1.0973936899862808","36.81699986334078","400"
"2","400","1","45","40","0","516","516","26.715","1.0973936899862848","33.89496214977342","400"
"2","400","1","45","40","0","517","517","26.13","1.0973936899862873","35.185352667776705","400"
"2","400","1","45","40","0","518","518","26.765","1.0973936899862857","33.41348834052533","400"
"2","400","1","45","40","0","519","519","27.03","1.0973936899862835","33.25996349739395","400"
"2","400","1","45","40","0","520","520","27.33","1.097393689986284","32.5496211740084","400"
"2","400","1","45","40","0","521","521","27.595","1.0973936899862837","30.22346537937702","400"
"2","400","1","45","40","0","522","522","27.935","1.0973936899862842","30.742095891282542","400"
"2","400","1","45","40","0","523","523","28.555","1.0973936899862788","31.288489242112263","400"
"2","400","1","45","40","0","524","524","28.465","1.0973936899862804","32.740007437949515","400"
"2","400","1","45","40","0","525","525","29.575","1.097393689986283","35.38590952464106","400"
"2","400","1","45","40","0","526","526","30.045","1.0973936899862842","35.61589895425381","400"
"2","400","1","45","40","0","527","527","30.77","1.0973936899862835","34.535442676653915","400"
"2","400","1","45","40","0","528","528","31.45","1.097393689986282","33.951945979890525","400"
"2","400","1","45","40","0","529","529","31.53","1.0973936899862837","35.22115341065668","400"
"2","400","1","45","40","0","530","530","30.82","1.0973936899862842","32.769071913170954","400"
"2","400","1","45","40","0","531","531","30.705","1.0973936899862857","33.039013687149634","400"
"2","400","1","45","40","0","532","532","31.06","1.097393689986285","35.065391602529836","400"
"2","400","1","45","40","0","533","533","32.04","1.0973936899862808","34.631318584550385","400"
"2","400","1","45","40","0","534","534","32.535","1.0973936899862824","36.648876328629285","400"
"2","400","1","45","40","0","535","535","32.805","1.0973936899862853","38.89754278114261","400"
"2","400","1","45","40","0","536","536","32.355","1.0973936899862826","36.57822487569536","400"
"2","400","1","45","40","0","537","537","32.02","1.0973936899862815","38.01367574107046","400"
"2","400","1","45","40","0","538","538","31.165","1.0973936899862837","35.36003206938784","400"
"2","400","1","45","40","0","539","539","30.7","1.0973936899862824","37.21905080943836","400"
"2","400","1","45","40","0","540","540","30.28","1.09739368998628","35.265983817764884","400"
"2","400","1","45","40","0","541","541","30.005","1.0973936899862846","34.79523743194947","400"
"2","400","1","45","40","0","542","542","29.52","1.0973936899862815","35.49082430754673","400"
"2","400","1","45","40","0","543","543","29.2","1.0973936899862842","35.45600453511606","400"
"2","400","1","45","40","0","544","544","29.215","1.0973936899862795","35.6795622165262","400"
"2","400","1","45","40","0","545","545","29.43","1.0973936899862835","35.54079067438384","400"
"2","400","1","45","40","0","546","546","29.68","1.0973936899862813","35.46551922010685","400"
"2","400","1","45","40","0","547","547","29.65","1.0973936899862835","33.190700408562876","400"
"2","400","1","45","40","0","548","548","30.49","1.097393689986283","33.598180404873894","400"
"2","400","1","45","40","0","549","549","30.555","1.0973936899862813","36.326111565480254","400"
"2","400","1","45","40","0","550","550","30.225","1.097393689986281","34.82923364827218","400"
"2","400","1","45","40","0","551","551","30.065","1.0973936899862815","36.65985452796707","400"
"2","400","1","45","40","0","552","552","30.21","1.0973936899862828","34.67562111626132","400"
"2","400","1","45","40","0","553","553","29.7","1.0973936899862822","35.98835196593184","400"
"2","400","1","45","40","0","554","554","29.12","1.097393689986283","35.64017608256256","400"
"2","400","1","45","40","0","555","555","28.67","1.0973936899862835","36.06007169880565","400"
"2","400","1","45","40","0","556","556","29.115","1.0973936899862822","33.601336745418664","400"
"2","400","1","45","40","0","557","557","29.305","1.0973936899862862","33.77046498375203","400"
"2","400","1","45","40","0","558","558","29.03","1.0973936899862815","34.733213511397146","400"
"2","400","1","45","40","0","559","559","29.64","1.0973936899862786","34.41581796092548","400"
"2","400","1","45","40","0","560","560","29.915","1.0973936899862813","33.16580983908425","400"
"2","400","1","45","40","0","561","561","30.255","1.0973936899862826","35.04151022033295","400"
"2","400","1","45","40","0","562","562","30.815","1.0973936899862835","35.180628426533","400"
"2","400","1","45","40","0","563","563","30.47","1.0973936899862788","36.233978025298164","400"
"2","400","1","45","40","0","564","564","30.525","1.097393689986282","34.204253122895025","400"
"2","400","1","45","40","0","565","565","30.15","1.0973936899862804","36.39485216766757","400"
"2","400","1","45","40","0","566","566","30.01","1.0973936899862828","37.073772856746544","400"
"2","400","1","45","40","0","567","567","29.685","1.0973936899862813","36.16005178127831","400"
"2","400","1","45","40","0","568","568","29.75","1.0973936899862826","36.04417394694205","400"
"2","400","1","45","40","0","569","569","30.18","1.0973936899862826","35.14092456761342","400"
"2","400","1","45","40","0","570","570","30.485","1.0973936899862806","34.45314491304936","400"
"2","400","1","45","40","0","571","571","30.47","1.0973936899862837","35.574682639205044","400"
"2","400","1","45","40","0","572","572","31.515","1.0973936899862813","35.71155155449042","400"
"2","400","1","45","40","0","573","573","32.61","1.0973936899862844","37.133724973280806","400"
"2","400","1","45","40","0","574","574","32.925","1.0973936899862877","36.16722099417526","400"
"2","400","1","45","40","0","575","575","32.835","1.0973936899862837","37.25489690436285","400"
"2","400","1","45","40","0","576","576","31.67","1.0973936899862846","35.16762816379263","400"
"2","400","1","45","40","0","577","577","31.26","1.097393689986283","37.69693133295762","400"
"2","400","1","45","40","0","578","578","30.63","1.0973936899862846","35.14886788183722","400"
"2","400","1","45","40","0","579","579","29.515","1.0973936899862813","36.97523920560279","400"
"2","400","1","45","40","0","580","580","29.73","1.097393689986283","35.4333401856088","400"
"2","400","1","45","40","0","581","581","29.785","1.0973936899862806","36.396385490073456","400"
"2","400","1","45","40","0","582","582","28.97","1.0973936899862855","36.65304744190762","400"
"2","400","1","45","40","0","583","583","29.26","1.0973936899862817","35.75330888401767","400"
"2","400","1","45","40","0","584","584","30.175","1.0973936899862782","36.36126734724028","400"
"2","400","1","45","40","0","585","585","31.745","1.097393689986282","36.75461636174298","400"
"2","400","1","45","40","0","586","586","32.265","1.0973936899862748","39.37088310693043","400"
"2","400","1","45","40","0","587","587","32.09","1.0973936899862815","36.81752521811185","400"
"2","400","1","45","40","0","588","588","31.81","1.097393689986286","37.26931926868151","400"
"2","400","1","45","40","0","589","589","31.275","1.0973936899862808","35.29008304698417","400"
"2","400","1","45","40","0","590","590","31.345","1.097393689986283","36.59956340401591","400"
"2","400","1","45","40","0","591","591","30.595","1.0973936899862844","35.59711360432952","400"
"2","400","1","45","40","0","592","592","29.795","1.0973936899862808","36.22558639054673","400"
"2","400","1","45","40","0","593","593","29.49","1.0973936899862828","35.944093627612375","400"
"2","400","1","45","40","0","594","594","29.12","1.0973936899862837","36.276414874815266","400"
"2","400","1","45","40","0","595","595","29.045","1.0973936899862822","35.820425957213025","400"
"2","400","1","45","40","0","596","596","30.075","1.0973936899862804","35.20890272887956","400"
"2","400","1","45","40","0","597","597","30.29","1.0973936899862808","36.093789737977865","400"
"2","400","1","45","40","0","598","598","30.255","1.0973936899862817","33.55978069725199","400"
"2","400","1","45","40","0","599","599","30.14","1.097393689986286","34.81412243805189","400"
"2","400","1","45","40","0","600","600","29.9","1.097393689986283","34.842202599722064","400"
"2","400","1","45","40","0","601","601","30.485","1.0973936899862853","33.81209689831609","400"
"2","400","1","45","40","0","602","602","31.49","1.0973936899862862","38.01360021809564","400"
"2","400","1","45","40","0","603","603","32.79","1.097393689986277","36.414597899918526","400"
"2","400","1","45","40","0","604","604","33.26","1.0973936899862826","42.4162873249358","400"
"2","400","1","45","40","0","605","605","33.99","1.0973936899862853","38.04130098409782","400"
"2","400","1","45","40","0","606","606","33.355","1.0973936899862853","41.46967099800339","400"
"2","400","1","45","40","0","607","607","32.71","1.097393689986282","35.86775836411615","400"
"2","400","1","45","40","0","608","608","32.28","1.097393689986284","36.04422141902911","400"
"2","400","1","45","40","0","609","609","32.325","1.0973936899862828","36.57639005072001","400"
"2","400","1","45","40","0","610","610","32.885","1.097393689986286","39.06533384013918","400"
"2","400","1","45","40","0","611","611","33.06","1.0973936899862817","38.93962779157428","400"
"2","400","1","45","40","0","612","612","32.655","1.0973936899862808","40.55956952262425","400"
"2","400","1","45","40","0","613","613","32.65","1.0973936899862813","39.41762294829258","400"
"2","400","1","45","40","0","614","614","32.075","1.0973936899862806","38.38645561722261","400"
"2","400","1","45","40","0","615","615","31.56","1.0973936899862826","38.28417642084247","400"
"2","400","1","45","40","0","616","616","30.48","1.0973936899862797","36.49384180346204","400"
"2","400","1","45","40","0","617","617","30.95","1.097393689986282","33.96107759896969","400"
"2","400","1","45","40","0","618","618","31.7","1.097393689986282","34.70863667260183","400"
"2","400","1","45","40","0","619","619","33.41","1.0973936899862802","37.12049418763843","400"
"2","400","1","45","40","0","620","620","34.96","1.0973936899862815","37.43332847020144","400"
"2","400","1","45","40","0","621","621","35.55","1.0973936899862822","39.23418509807275","400"
"2","400","1","45","40","0","622","622","34.66","1.0973936899862793","37.7822980223884","400"
"2","400","1","45","40","0","623","623","33.865","1.0973936899862835","36.56814954018988","400"
"2","400","1","45","40","0","624","624","32.34","1.097393689986283","36.34418191094744","400"
"2","400","1","45","40","0","625","625","31.175","1.0973936899862855","36.40402835217239","400"
"2","400","1","45","40","0","626","626","30.615","1.097393689986279","34.51545650598472","400"
"2","400","1","45","40","0","627","627","30.565","1.0973936899862868","34.443816101834464","400"
"2","400","1","45","40","0","628","628","30.885","1.0973936899862826","34.44598812605388","400"
"2","400","1","45","40","0","629","629","31.375","1.097393689986279","32.892102161206445","400"
"2","400","1","45","40","0","630","630","32","1.0973936899862844","33.95776511765774","400"
"2","400","1","45","40","0","631","631","33.01","1.0973936899862813","34.01312684633861","400"
"2","400","1","45","40","0","632","632","33.095","1.0973936899862802","36.63213024078554","400"
"2","400","1","45","40","0","633","633","32.51","1.097393689986278","35.407238018675244","400"
"2","400","1","45","40","0","634","634","32.07","1.0973936899862837","35.17380628565516","400"
"2","400","1","45","40","0","635","635","32.08","1.0973936899862833","35.5595164061455","400"
"2","400","1","45","40","0","636","636","32.535","1.0973936899862824","35.28232921481","400"
"2","400","1","45","40","0","637","637","32.025","1.0973936899862813","34.92131547208","400"
"2","400","1","45","40","0","638","638","31.94","1.0973936899862815","35.25609096357012","400"
"2","400","1","45","40","0","639","639","32.42","1.0973936899862804","35.748500100046364","400"
"2","400","1","45","40","0","640","640","32.68","1.0973936899862864","36.84434906266731","400"
"2","400","1","45","40","0","641","641","32.93","1.0973936899862822","35.741020182187135","400"
"2","400","1","45","40","0","642","642","33.38","1.0973936899862853","35.822480490375426","400"
"2","400","1","45","40","0","643","643","34","1.0973936899862842","36.911529424929995","400"
"2","400","1","45","40","0","644","644","33.685","1.0973936899862802","37.672116072893665","400"
"2","400","1","45","40","0","645","645","32.895","1.0973936899862824","36.704412611932334","400"
"2","400","1","45","40","0","646","646","31.58","1.0973936899862793","36.420715010840624","400"
"2","400","1","45","40","0","647","647","30.545","1.0973936899862835","36.03971232607031","400"
"2","400","1","45","40","0","648","648","30.035","1.0973936899862837","36.717444036246775","400"
"2","400","1","45","40","0","649","649","30.365","1.0973936899862842","35.31082330938314","400"
"2","400","1","45","40","0","650","650","31.5","1.0973936899862824","36.77569480966641","400"
"2","400","1","45","40","0","651","651","31.92","1.0973936899862833","36.52518989984808","400"
"2","400","1","45","40","0","652","652","33","1.0973936899862813","36.64032219927943","400"
"2","400","1","45","40","0","653","653","33.585","1.0973936899862857","36.240826201344355","400"
"2","400","1","45","40","0","654","654","33.835","1.0973936899862837","37.009875038230405","400"
"2","400","1","45","40","0","655","655","33.57","1.0973936899862808","35.50488549265251","400"
"2","400","1","45","40","0","656","656","33.225","1.0973936899862868","38.27146588888729","400"
"2","400","1","45","40","0","657","657","33.43","1.0973936899862853","37.87762779910816","400"
"2","400","1","45","40","0","658","658","33.575","1.0973936899862826","41.137890272679805","400"
"2","400","1","45","40","0","659","659","33.845","1.0973936899862846","41.18093990944115","400"
"2","400","1","45","40","0","660","660","34.325","1.0973936899862802","40.6291640107857","400"
"2","400","1","45","40","0","661","661","34.06","1.0973936899862882","38.574100027033495","400"
"2","400","1","45","40","0","662","662","33.305","1.0973936899862853","39.70547065023702","400"
"2","400","1","45","40","0","663","663","32.825","1.097393689986283","38.07698022492743","400"
"2","400","1","45","40","0","664","664","32.325","1.0973936899862815","36.774938639446866","400"
"2","400","1","45","40","0","665","665","32.66","1.0973936899862842","38.26805152994262","400"
"2","400","1","45","40","0","666","666","32.63","1.0973936899862824","39.34011951306331","400"
"2","400","1","45","40","0","667","667","33.205","1.0973936899862837","38.80932232832656","400"
"2","400","1","45","40","0","668","668","32.925","1.0973936899862857","39.7556584284824","400"
"2","400","1","45","40","0","669","669","33.025","1.0973936899862837","37.859430517225924","400"
"2","400","1","45","40","0","670","670","33.375","1.097393689986283","37.64512838413716","400"
"2","400","1","45","40","0","671","671","33.625","1.097393689986288","37.08370584041625","400"
"2","400","1","45","40","0","672","672","33.885","1.0973936899862873","36.46273800607337","400"
"2","400","1","45","40","0","673","673","34.245","1.0973936899862853","37.769501448899426","400"
"2","400","1","45","40","0","674","674","33.885","1.0973936899862855","36.786562298270326","400"
"2","400","1","45","40","0","675","675","32.76","1.0973936899862808","37.52824977410156","400"
"2","400","1","45","40","0","676","676","31.655","1.0973936899862764","36.33897526020949","400"
"2","400","1","45","40","0","677","677","30.205","1.0973936899862848","38.63608009108564","400"
"2","400","1","45","40","0","678","678","29.315","1.0973936899862782","34.42243912089299","400"
"2","400","1","45","40","0","679","679","29.575","1.0973936899862857","35.09081893777205","400"
"2","400","1","45","40","0","680","680","30.7","1.0973936899862824","34.629153772090085","400"
"2","400","1","45","40","0","681","681","32.035","1.097393689986283","35.576283715904886","400"
"2","400","1","45","40","0","682","682","33.415","1.097393689986279","36.39116622631201","400"
"2","400","1","45","40","0","683","683","34.1","1.0973936899862793","36.432333935832375","400"
"2","400","1","45","40","0","684","684","34.975","1.097393689986282","40.29436550412834","400"
"2","400","1","45","40","0","685","685","35.12","1.0973936899862813","40.618985234184656","400"
"2","400","1","45","40","0","686","686","34.59","1.0973936899862848","40.23403382244753","400"
"2","400","1","45","40","0","687","687","34.58","1.097393689986285","39.67452345234845","400"
"2","400","1","45","40","0","688","688","34.63","1.0973936899862833","41.51697065032083","400"
"2","400","1","45","40","0","689","689","34.745","1.0973936899862815","38.504766211090846","400"
"2","400","1","45","40","0","690","690","34.62","1.097393689986282","40.20785476118789","400"
"2","400","1","45","40","0","691","691","33.955","1.0973936899862846","40.937707455226494","400"
"2","400","1","45","40","0","692","692","32.88","1.0973936899862802","37.137172275605685","400"
"2","400","1","45","40","0","693","693","31.54","1.0973936899862844","36.520455058026556","400"
"2","400","1","45","40","0","694","694","30.59","1.0973936899862804","34.93953392104885","400"
"2","400","1","45","40","0","695","695","30.63","1.0973936899862828","33.55590514943948","400"
"2","400","1","45","40","0","696","696","30.755","1.097393689986283","37.779113057787725","400"
"2","400","1","45","40","0","697","697","31.38","1.0973936899862848","37.160809884871966","400"
"2","400","1","45","40","0","698","698","32.815","1.0973936899862842","36.91735350353909","400"
"2","400","1","45","40","0","699","699","33.59","1.0973936899862802","37.2268726768941","400"
"2","400","1","45","40","0","700","700","34.18","1.0973936899862893","39.809730224847","400"
"2","400","1","45","40","0","701","701","33.38","1.0973936899862808","38.28150724745586","400"
"2","400","1","45","40","0","702","702","32.27","1.0973936899862835","37.91348453243094","400"
"2","400","1","45","40","0","703","703","31.965","1.097393689986278","34.24569458449239","400"
"2","400","1","45","40","0","704","704","31.595","1.0973936899862868","35.78720906099498","400"
"2","400","1","45","40","0","705","705","32.675","1.0973936899862828","34.41906881199605","400"
"2","400","1","45","40","0","706","706","33.35","1.0973936899862835","37.19725243476668","400"
"2","400","1","45","40","0","707","707","33.725","1.0973936899862802","37.765920720264624","400"
"2","400","1","45","40","0","708","708","34.41","1.0973936899862835","36.960374137946694","400"
"2","400","1","45","40","0","709","709","34.93","1.0973936899862817","38.330114852321216","400"
"2","400","1","45","40","0","710","710","35.67","1.097393689986284","40.044639442233056","400"
"2","400","1","45","40","0","711","711","34.125","1.0973936899862844","38.62983728752808","400"
"2","400","1","45","40","0","712","712","32.965","1.097393689986287","38.151643958415285","400"
"2","400","1","45","40","0","713","713","32.35","1.0973936899862837","37.4672876156646","400"
"2","400","1","45","40","0","714","714","31.575","1.0973936899862868","36.52962152303462","400"
"2","400","1","45","40","0","715","715","31.285","1.0973936899862828","37.732592106148","400"
"2","400","1","45","40","0","716","716","31.725","1.0973936899862797","38.466150115776074","400"
"2","400","1","45","40","0","717","717","31.88","1.0973936899862828","38.175978432686044","400"
"2","400","1","45","40","0","718","718","32.065","1.0973936899862826","38.222750762592355","400"
"2","400","1","45","40","0","719","719","31.98","1.097393689986281","38.83231919266263","400"
"2","400","1","45","40","0","720","720","31.73","1.0973936899862842","36.144303408670545","400"
"2","400","1","45","40","0","721","721","31.695","1.0973936899862875","36.571647454625335","400"
"2","400","1","45","40","0","722","722","31.99","1.0973936899862873","35.171335270757126","400"
"2","400","1","45","40","0","723","723","32.355","1.0973936899862875","35.96927755399555","400"
"2","400","1","45","40","0","724","724","33.055","1.097393689986282","36.2334671534797","400"
"2","400","1","45","40","0","725","725","33.225","1.0973936899862824","36.514849448980776","400"
"2","400","1","45","40","0","726","726","34.125","1.0973936899862837","37.98619295107292","400"
"2","400","1","45","40","0","727","727","34.625","1.0973936899862797","37.62621945547873","400"
"2","400","1","45","40","0","728","728","35.105","1.0973936899862817","41.08115262466698","400"
"2","400","1","45","40","0","729","729","35.435","1.0973936899862802","38.68426614103428","400"
"2","400","1","45","40","0","730","730","35.1","1.0973936899862808","37.24740212040712","400"
"2","400","1","45","40","0","731","731","34.765","1.097393689986286","35.54426204479135","400"
"2","400","1","45","40","0","732","732","34.7","1.097393689986285","34.90149458434787","400"
"2","400","1","45","40","0","733","733","34.835","1.097393689986281","35.52634317270855","400"
"2","400","1","45","40","0","734","734","35.53","1.0973936899862864","37.61919161056644","400"
"2","400","1","45","40","0","735","735","35.555","1.097393689986284","40.53577381212761","400"
"2","400","1","45","40","0","736","736","34.765","1.0973936899862824","41.04007070313826","400"
"2","400","1","45","40","0","737","737","34.17","1.0973936899862802","39.95416620531494","400"
"2","400","1","45","40","0","738","738","33.585","1.0973936899862842","40.66408965974579","400"
"2","400","1","45","40","0","739","739","33.08","1.0973936899862793","37.633920085122504","400"
"2","400","1","45","40","0","740","740","33.495","1.0973936899862808","38.42953263358389","400"
"2","400","1","45","40","0","741","741","34.58","1.0973936899862797","38.196761638400524","400"
"2","400","1","45","40","0","742","742","35.68","1.0973936899862828","37.840303411604864","400"
"2","400","1","45","40","0","743","743","35.79","1.0973936899862837","39.78003857836312","400"
"2","400","1","45","40","0","744","744","35.505","1.0973936899862833","39.80360611916021","400"
"2","400","1","45","40","0","745","745","35.525","1.0973936899862828","37.17296985962528","400"
"2","400","1","45","40","0","746","746","35.245","1.097393689986283","39.12749985728134","400"
"2","400","1","45","40","0","747","747","34.745","1.0973936899862826","37.3459033478521","400"
"2","400","1","45","40","0","748","748","33.71","1.097393689986283","39.161480163401706","400"
"2","400","1","45","40","0","749","749","33.12","1.0973936899862848","35.75332031107921","400"
"2","400","1","45","40","0","750","750","32.595","1.0973936899862846","36.557161943728296","400"
"2","400","1","45","40","0","751","751","32.46","1.0973936899862844","34.39060916801771","400"
"2","400","1","45","40","0","752","752","33.76","1.0973936899862793","34.38621431035236","400"
"2","400","1","45","40","0","753","753","34.875","1.0973936899862817","34.52187958347862","400"
"2","400","1","45","40","0","754","754","35.73","1.0973936899862813","34.19902035554437","400"
"2","400","1","45","40","0","755","755","36.575","1.0973936899862793","36.60213093379226","400"
"2","400","1","45","40","0","756","756","37.385","1.0973936899862875","37.6255065846497","400"
"2","400","1","45","40","0","757","757","36.495","1.0973936899862837","38.29219393435733","400"
"2","400","1","45","40","0","758","758","36.185","1.0973936899862846","38.431576626760815","400"
"2","400","1","45","40","0","759","759","35.22","1.0973936899862844","38.67110244808525","400"
"2","400","1","45","40","0","760","760","34.76","1.0973936899862837","37.0051857269887","400"
"2","400","1","45","40","0","761","761","34.04","1.0973936899862853","37.572466492293266","400"
"2","400","1","45","40","0","762","762","34.38","1.0973936899862857","35.836428093940036","400"
"2","400","1","45","40","0","763","763","34.475","1.097393689986282","36.25229886975611","400"
"2","400","1","45","40","0","764","764","35.345","1.097393689986282","36.555877616444626","400"
"2","400","1","45","40","0","765","765","36.805","1.0973936899862864","37.18673187395057","400"
"2","400","1","45","40","0","766","766","38.21","1.0973936899862833","40.2386938275807","400"
"2","400","1","45","40","0","767","767","38.06","1.0973936899862835","39.577905613492845","400"
"2","400","1","45","40","0","768","768","37.86","1.0973936899862853","38.636395481153556","400"
"2","400","1","45","40","0","769","769","37.11","1.0973936899862835","38.99005017764856","400"
"2","400","1","45","40","0","770","770","36.005","1.0973936899862826","38.562795150590134","400"
"2","400","1","45","40","0","771","771","34.635","1.097393689986282","38.65635850384652","400"
"2","400","1","45","40","0","772","772","34.405","1.0973936899862808","37.15567686843344","400"
"2","400","1","45","40","0","773","773","34.755","1.0973936899862835","38.61744750196299","400"
"2","400","1","45","40","0","774","774","35.26","1.0973936899862853","39.06260405569346","400"
"2","400","1","45","40","0","775","775","35.29","1.097393689986282","39.201123349527336","400"
"2","400","1","45","40","0","776","776","36.08","1.097393689986283","37.87598538882612","400"
"2","400","1","45","40","0","777","777","36.28","1.0973936899862824","37.89327149084464","400"
"2","400","1","45","40","0","778","778","36.505","1.0973936899862853","37.89634780414058","400"
"2","400","1","45","40","0","779","779","36.26","1.0973936899862802","37.95868984956394","400"
"2","400","1","45","40","0","780","780","36.14","1.0973936899862815","38.13871750704392","400"
"2","400","1","45","40","0","781","781","36.09","1.0973936899862873","37.02849982052128","400"
"2","400","1","45","40","0","782","782","36.1","1.0973936899862837","39.324432098679516","400"
"2","400","1","45","40","0","783","783","35.84","1.0973936899862815","38.40385997834512","400"
"2","400","1","45","40","0","784","784","35.91","1.0973936899862846","38.95624116838852","400"
"2","400","1","45","40","0","785","785","34.725","1.097393689986285","39.75566072445142","400"
"2","400","1","45","40","0","786","786","33.86","1.0973936899862862","38.01103858930216","400"
"2","400","1","45","40","0","787","787","33.205","1.0973936899862797","37.04215617255527","400"
"2","400","1","45","40","0","788","788","33.24","1.09739368998628","37.61565671647092","400"
"2","400","1","45","40","0","789","789","33.625","1.0973936899862828","37.996288949750856","400"
"2","400","1","45","40","0","790","790","34.14","1.0973936899862786","39.026002577505324","400"
"2","400","1","45","40","0","791","791","34.46","1.097393689986281","36.51608218965461","400"
"2","400","1","45","40","0","792","792","34.695","1.0973936899862835","38.499712607240795","400"
"2","400","1","45","40","0","793","793","34.415","1.0973936899862848","35.91413868710867","400"
"2","400","1","45","40","0","794","794","34.96","1.0973936899862813","38.32369668856884","400"
"2","400","1","45","40","0","795","795","35.645","1.0973936899862882","36.61095330242496","400"
"2","400","1","45","40","0","796","796","36.95","1.097393689986283","38.167152856769306","400"
"2","400","1","45","40","0","797","797","38","1.09739368998628","36.56067409925948","400"
"2","400","1","45","40","0","798","798","39.175","1.0973936899862806","37.905502417897736","400"
"2","400","1","45","40","0","799","799","39.68","1.0973936899862835","39.792756987831474","400"
"2","400","1","45","40","0","800","800","38.765","1.0973936899862808","41.69692098009967","400"
"2","400","1","45","40","0","801","801","37.51","1.0973936899862826","40.50765272614891","400"
"2","400","1","45","40","0","802","802","35.83","1.0973936899862855","40.378788433313964","400"
"2","400","1","45","40","0","803","803","34.17","1.0973936899862826","38.606158824428285","400"
"2","400","1","45","40","0","804","804","34.315","1.097393689986286","36.48568836436274","400"
"2","400","1","45","40","0","805","805","34.74","1.0973936899862795","35.40255531534835","400"
"2","400","1","45","40","0","806","806","35.165","1.0973936899862846","33.82500255919475","400"
"2","400","1","45","40","0","807","807","35.15","1.0973936899862844","37.45966809920857","400"
"2","400","1","45","40","0","808","808","35","1.0973936899862804","34.076904927226806","400"
"2","400","1","45","40","0","809","809","34.875","1.0973936899862864","35.84110414634325","400"
"2","400","1","45","40","0","810","810","35.215","1.097393689986286","36.66784996262806","400"
"2","400","1","45","40","0","811","811","35.555","1.0973936899862813","37.40397634242104","400"
"2","400","1","45","40","0","812","812","35.28","1.0973936899862857","41.39099460075143","400"
"2","400","1","45","40","0","813","813","33.94","1.0973936899862844","38.14070066691442","400"
"2","400","1","45","40","0","814","814","33.14","1.0973936899862842","38.234925471773956","400"
"2","400","1","45","40","0","815","815","32.995","1.0973936899862864","34.80099296751996","400"
"2","400","1","45","40","0","816","816","33.225","1.097393689986283","36.09720347591915","400"
"2","400","1","45","40","0","817","817","34.19","1.0973936899862846","36.25309127866991","400"
"2","400","1","45","40","0","818","818","35.175","1.0973936899862815","33.789773566311695","400"
"2","400","1","45","40","0","819","819","35.84","1.0973936899862826","33.96980132158191","400"
"2","400","1","45","40","0","820","820","36.235","1.0973936899862824","33.298257149255726","400"
"2","400","1","45","40","0","821","821","35.82","1.0973936899862866","33.29309712257446","400"
"2","400","1","45","40","0","822","822","34.74","1.0973936899862828","33.62867265638974","400"
"2","400","1","45","40","0","823","823","33.55","1.0973936899862826","34.15960953170692","400"
"2","400","1","45","40","0","824","824","32.84","1.0973936899862842","34.724888384731265","400"
"2","400","1","45","40","0","825","825","32.28","1.0973936899862793","34.75624178946536","400"
"2","400","1","45","40","0","826","826","33.195","1.0973936899862804","34.829218043712366","400"
"2","400","1","45","40","0","827","827","34.095","1.0973936899862826","34.44863220721907","400"
"2","400","1","45","40","0","828","828","35.8","1.0973936899862815","36.49998059546518","400"
"2","400","1","45","40","0","829","829","37.165","1.0973936899862802","37.6625846417417","400"
"2","400","1","45","40","0","830","830","37.305","1.0973936899862842","35.171304890301165","400"
"2","400","1","45","40","0","831","831","37.045","1.0973936899862855","36.07682157500111","400"
"2","400","1","45","40","0","832","832","36.675","1.0973936899862873","37.45728731351858","400"
"2","400","1","45","40","0","833","833","36.58","1.0973936899862846","38.95918229537713","400"
"2","400","1","45","40","0","834","834","36.52","1.0973936899862846","38.883806145131274","400"
"2","400","1","45","40","0","835","835","37.28","1.0973936899862815","39.24389993375869","400"
"2","400","1","45","40","0","836","836","38.04","1.0973936899862846","37.7516932407951","400"
"2","400","1","45","40","0","837","837","39.195","1.0973936899862813","37.021194033361134","400"
"2","400","1","45","40","0","838","838","38.975","1.0973936899862824","39.00486715705985","400"
"2","400","1","45","40","0","839","839","38.45","1.0973936899862857","35.67832375736723","400"
"2","400","1","45","40","0","840","840","36.92","1.097393689986283","35.11472440531264","400"
"2","400","1","45","40","0","841","841","35.47","1.0973936899862826","35.212297606266866","400"
"2","400","1","45","40","0","842","842","34.785","1.0973936899862835","33.65888075627322","400"
"2","400","1","45","40","0","843","843","34.935","1.0973936899862864","33.5969325481845","400"
"2","400","1","45","40","0","844","844","34.24","1.097393689986281","35.50346244031012","400"
"2","400","1","45","40","0","845","845","34.28","1.0973936899862864","32.472224241603044","400"
"2","400","1","45","40","0","846","846","34.355","1.097393689986283","33.41362948112529","400"
"2","400","1","45","40","0","847","847","34.465","1.097393689986282","35.541782590207454","400"
"2","400","1","45","40","0","848","848","34.95","1.097393689986279","33.76534652036701","400"
"2","400","1","45","40","0","849","849","35.49","1.0973936899862828","35.7694641320026","400"
"2","400","1","45","40","0","850","850","35.645","1.0973936899862826","38.52876187881004","400"
"2","400","1","45","40","0","851","851","35.555","1.0973936899862824","36.097591785784665","400"
"2","400","1","45","40","0","852","852","35.055","1.097393689986282","37.29000572664581","400"
"2","400","1","45","40","0","853","853","35.645","1.0973936899862828","34.758273145775945","400"
"2","400","1","45","40","0","854","854","36.08","1.0973936899862822","36.435903649725255","400"
"2","400","1","45","40","0","855","855","37.26","1.0973936899862826","36.193784709336505","400"
"2","400","1","45","40","0","856","856","37.55","1.0973936899862802","38.01383776328519","400"
"2","400","1","45","40","0","857","857","36.6","1.0973936899862826","36.87927681755434","400"
"2","400","1","45","40","0","858","858","35.06","1.097393689986288","35.787830186262994","400"
"2","400","1","45","40","0","859","859","34.035","1.0973936899862813","34.44582897660353","400"
"2","400","1","45","40","0","860","860","34.415","1.097393689986283","32.12309233922206","400"
"2","400","1","45","40","0","861","861","34.775","1.0973936899862837","32.64290352325117","400"
"2","400","1","45","40","0","862","862","35.08","1.0973936899862835","35.474961684725","400"
"2","400","1","45","40","0","863","863","35.405","1.0973936899862864","33.72753789479687","400"
"2","400","1","45","40","0","864","864","36.035","1.097393689986282","34.506719874303336","400"
"2","400","1","45","40","0","865","865","36.13","1.0973936899862815","36.934421763517605","400"
"2","400","1","45","40","0","866","866","36.165","1.097393689986277","34.87488043742452","400"
"2","400","1","45","40","0","867","867","35.435","1.0973936899862837","37.98943059268771","400"
"2","400","1","45","40","0","868","868","35.39","1.0973936899862813","35.68919383277152","400"
"2","400","1","45","40","0","869","869","34.6","1.0973936899862815","34.8958184457765","400"
"2","400","1","45","40","0","870","870","33.77","1.097393689986282","33.8950493346816","400"
"2","400","1","45","40","0","871","871","32.94","1.0973936899862877","33.89915850361573","400"
"2","400","1","45","40","0","872","872","33.76","1.0973936899862842","35.00370187005742","400"
"2","400","1","45","40","0","873","873","35.855","1.0973936899862826","36.16650414213774","400"
"2","400","1","45","40","0","874","874","37.665","1.0973936899862837","38.74055561377293","400"
"2","400","1","45","40","0","875","875","38.46","1.0973936899862824","35.0656068869496","400"
"2","400","1","45","40","0","876","876","38.48","1.0973936899862768","38.50595825966512","400"
"2","400","1","45","40","0","877","877","37.73","1.0973936899862808","36.29013203034377","400"
"2","400","1","45","40","0","878","878","36.415","1.0973936899862846","36.039658951080064","400"
"2","400","1","45","40","0","879","879","35.195","1.0973936899862824","32.12048678063268","400"
"2","400","1","45","40","0","880","880","34.465","1.0973936899862806","33.17620853706674","400"
"2","400","1","45","40","0","881","881","34.085","1.0973936899862837","32.19458976506076","400"
"2","400","1","45","40","0","882","882","33.945","1.0973936899862802","33.54734530769042","400"
"2","400","1","45","40","0","883","883","34.465","1.0973936899862842","36.94210047496921","400"
"2","400","1","45","40","0","884","884","35.24","1.0973936899862808","36.94886425567879","400"
"2","400","1","45","40","0","885","885","36.175","1.0973936899862846","35.30760920449236","400"
"2","400","1","45","40","0","886","886","36.905","1.0973936899862802","34.645167536799676","400"
"2","400","1","45","40","0","887","887","37.86","1.0973936899862882","37.63561353106724","400"
"2","400","1","45","40","0","888","888","38.1","1.097393689986277","36.16136545231376","400"
"2","400","1","45","40","0","889","889","37.355","1.097393689986281","37.30452776282662","400"
"2","400","1","45","40","0","890","890","36.265","1.097393689986287","35.52081949773294","400"
"2","400","1","45","40","0","891","891","35.115","1.0973936899862862","34.470647667433596","400"
"2","400","1","45","40","0","892","892","34.32","1.0973936899862804","34.69837877632418","400"
"2","400","1","45","40","0","893","893","34.295","1.0973936899862826","34.712675491164944","400"
"2","400","1","45","40","0","894","894","34.53","1.0973936899862813","37.446613851443466","400"
"2","400","1","45","40","0","895","895","34.655","1.097393689986283","36.89167495643371","400"
"2","400","1","45","40","0","896","896","34.99","1.0973936899862813","36.83786708418871","400"
"2","400","1","45","40","0","897","897","34.315","1.0973936899862802","38.78312714303227","400"
"2","400","1","45","40","0","898","898","33.815","1.0973936899862813","34.783499622811064","400"
"2","400","1","45","40","0","899","899","33.315","1.0973936899862815","33.436027335972724","400"
"2","400","1","45","40","0","900","900","33.985","1.0973936899862877","32.674391153951674","400"
"2","400","1","45","40","0","901","901","240.18","0.10973936899862824","31.725","400"
"2","400","1","45","40","0","902","902","212.655","0.20850480109739375","53.541562500000005","400"
"2","400","1","45","40","0","903","903","197.795","0.2973936899862826","71.88261328125","400"
"2","400","1","45","40","0","904","904","192.85","0.37739368998628264","77.37102817382812","400"
"2","400","1","45","40","0","905","905","201.655","0.4493936899862827","89.8103409576416","400"
"2","400","1","45","40","0","906","906","216.46","0.5141936899862829","104.34348979499816","400"
"2","400","1","45","40","0","907","907","231.105","0.5725136899862826","107.18666987336971","400"
"2","400","1","45","40","0","908","908","246.275","0.6250016899862825","125.03791308001826","400"
"2","400","1","45","40","0","909","909","258.885","0.6722408899862828","134.29836851635326","400"
"2","400","1","45","40","0","910","910","264.51","0.7147561699862819","138.06416907023822","400"
"2","400","1","45","40","0","911","911","258.8","0.7530199219862823","148.77693411820601","400"
"2","400","1","45","40","0","912","912","250.665","0.7874572987862829","147.3684348262421","400"
"2","400","1","45","40","0","913","913","243.18","0.8184509379062836","148.6259920549301","400"
"2","400","1","45","40","0","914","914","236.245","0.8463452131142823","150.35119973080086","400"
"2","400","1","45","40","0","915","915","231.83","0.8714500608014826","151.90887521949728","400"
"2","400","1","45","40","0","916","916","236.05","0.8940444237199642","150.53002956951133","400"
"2","400","1","45","40","0","917","917","246.005","0.9143793503465937","156.4113542827961","400"
"2","400","1","45","40","0","918","918","257.795","0.9326807843105623","157.09689538096538","400"
"2","400","1","45","40","0","919","919","264.36","0.9491520748781348","166.23467771994194","400"
"2","400","1","45","40","0","920","920","262.445","0.963976236388949","168.51818696665907","400"
"2","400","1","45","40","0","921","921","257.8","0.9773179817486816","161.67464571155043","400"
"2","400","1","45","40","0","922","922","250.315","0.989325552572441","172.49677838303165","400"
"2","400","1","45","40","0","923","923","241.655","1.0001323663138275","163.0046699670811","400"
"2","400","1","45","40","0","924","924","234.145","1.0098584986810704","168.6008736588522","400"
"2","400","1","45","40","0","925","925","229.72","1.0186120178115927","163.15753371964","400"
"2","400","1","45","40","0","926","926","230.835","1.026490185029062","161.22601746817557","400"
"2","400","1","45","40","0","927","927","234.145","1.033580535524782","161.51925285663418","400"
"2","400","1","45","40","0","928","928","238.035","1.0399618509709339","159.09211616001656","400"
"2","400","1","45","40","0","929","929","242.295","1.0457050348724672","164.324585506605","400"
"2","400","1","45","40","0","930","930","246.03","1.0508739003838468","162.5621399632834","400"
"2","400","1","45","40","0","931","931","244.96","1.055525879344093","169.29185581780055","400"
"2","400","1","45","40","0","932","932","239.3","1.0597126604083102","160.7339501960157","400"
"2","400","1","45","40","0","933","933","234.12","1.0634807633661094","163.831719853583","400"
"2","400","1","45","40","0","934","934","229.96","1.066872056028123","165.82698257027283","400"
"2","400","1","45","40","0","935","935","223.335","1.0699242194239413","157.66395124532627","400"
"2","400","1","45","40","0","936","936","219.145","1.0726711664801727","161.2557405237815","400"
"2","400","1","45","40","0","937","937","217.36","1.0751434188307822","156.97815827304976","400"
"2","400","1","45","40","0","938","938","217.32","1.077368445946335","158.80587263486865","400"
"2","400","1","45","40","0","939","939","219.73","1.0793709703503276","153.56024674282756","400"
"2","400","1","45","40","0","940","940","229.235","1.0811732423139246","158.62155983999395","400"
"2","400","1","45","40","0","941","941","233.395","1.0827952870811597","158.34526911166608","400"
"2","400","1","45","40","0","942","942","233.32","1.0842551273716685","164.2772893219882","400"
"2","400","1","45","40","0","943","943","230.94","1.0855689836331321","160.36449788891852","400"
"2","400","1","45","40","0","944","944","226.845","1.0867514542684473","159.13976590955542","400"
"2","400","1","45","40","0","945","945","221.705","1.087815677840232","161.0299045683077","400"
"2","400","1","45","40","0","946","946","220.98","1.088773479054835","157.00514524000772","400"
"2","400","1","45","40","0","947","947","225.89","1.089635500147983","159.25841596948953","400"
"2","400","1","45","40","0","948","948","232.715","1.0904113191318094","159.75406900405486","400"
"2","400","1","45","40","0","949","949","241.375","1.0911095562172546","164.38926953772545","400"
"2","400","1","45","40","0","950","950","242.2","1.0917379695941587","165.92609579989823","400"
"2","400","1","45","40","0","951","951","236.675","1.0923035416333715","164.5600464286281","400"
"2","400","1","45","40","0","952","952","226.86","1.0928125564686615","164.11703114606587","400"
"2","400","1","45","40","0","953","953","222.26","1.0932706698204273","160.512480872035","400"
"2","400","1","45","40","0","954","954","222.535","1.0936829718370111","159.68800165325348","400"
"2","400","1","45","40","0","955","955","225.1","1.0940540436519344","160.89576667017892","400"
"2","400","1","45","40","0","956","956","226.89","1.094388008285367","161.96512983499983","400"
"2","400","1","45","40","0","957","957","228.395","1.0946885764554646","159.284576692482","400"
"2","400","1","45","40","0","958","958","231.74","1.0949590878085436","161.13413119523167","400"
"2","400","1","45","40","0","959","959","237.21","1.0952025480263208","166.97238321830486","400"
"2","400","1","45","40","0","960","960","244.33","1.0954216622223163","164.17579331582155","400"
"2","400","1","45","40","0","961","961","245.895","1.0956188649987109","164.93063604012684","400"
"2","400","1","45","40","0","962","962","243.01","1.09579634749747","170.1444858848812","400"
"2","400","1","45","40","0","963","963","236.31","1.0959560817463465","165.3811629503672","400"
"2","400","1","45","40","0","964","964","231.21","1.0960998425703432","163.7879788350629","400"
"2","400","1","45","40","0","965","965","229.585","1.096229227311943","161.5123888530313","400"
"2","400","1","45","40","0","966","966","229.21","1.0963456735793735","167.00450112716922","400"
"2","400","1","45","40","0","967","967","231.33","1.0964504752200623","160.27650509118675","400"
"2","400","1","45","40","0","968","968","233.26","1.096544796696687","163.58254113851962","400"
"2","400","1","45","40","0","969","969","235.575","1.0966296860256464","168.8564993492671","400"
"2","400","1","45","40","0","970","970","232.47","1.0967060864217104","165.1484661608746","400"
"2","400","1","45","40","0","971","971","229.055","1.0967748467781644","164.13892254059263","400"
"2","400","1","45","40","0","972","972","228.985","1.096836731098977","160.72377318741113","400"
"2","400","1","45","40","0","973","973","227.845","1.0968924269877076","160.05521326924685","400"
"2","400","1","45","40","0","974","974","228.375","1.0969425532875647","161.2262547914639","400"
"2","400","1","45","40","0","975","975","231.685","1.0969876669574388","160.35101904688102","400"
"2","400","1","45","40","0","976","976","237.945","1.0970282692603222","159.80437973032159","400"
"2","400","1","45","40","0","977","977","241.195","1.0970648113329198","166.3582674147635","400"
"2","400","1","45","40","0","978","978","239.535","1.0970976991982544","165.1270213940117","400"
"2","400","1","45","40","0","979","979","234.355","1.0971272982770548","161.98702926802164","400"
"2","400","1","45","40","0","980","980","230.5","1.0971539374479802","164.13029706431547","400"
"2","400","1","45","40","0","981","981","228.805","1.0971779127018126","163.53520388258843","400"
"2","400","1","45","40","0","982","982","228.465","1.0971994904302573","160.46826928423985","400"
"2","400","1","45","40","0","983","983","227.87","1.0972189103858605","164.74021503193148","400"
"2","400","1","45","40","0","984","984","226.545","1.0972363883459026","159.6509463572584","400"
"2","400","1","45","40","0","985","985","229.395","1.0972521185099424","164.8083690563686","400"
"2","400","1","45","40","0","986","986","231.92","1.0972662756575724","157.85966589368022","400"
"2","400","1","45","40","0","987","987","236.57","1.0972790170904498","163.21795554500662","400"
"2","400","1","45","40","0","988","988","237.66","1.0972904843800302","160.4113075849745","400"
"2","400","1","45","40","0","989","989","234.525","1.0973008049406554","164.85565138577203","400"
"2","400","1","45","40","0","990","990","235.585","1.097310093445217","160.58444876733392","400"
"2","400","1","45","40","0","991","991","234.97","1.0973184530993247","161.07849566582576","400"
"2","400","1","45","40","0","992","992","236.49","1.0973259767880206","163.29670423245204","400"
"2","400","1","45","40","0","993","993","237.285","1.0973327481078465","162.58231750480977","400"
"2","400","1","45","40","0","994","994","237.31","1.0973388422956896","165.45397450046832","400"
"2","400","1","45","40","0","995","995","234.4","1.0973443270647498","163.2016173366615","400"
"2","400","1","45","40","0","996","996","229.625","1.0973492633569053","164.4203971767167","400"
"2","400","1","45","40","0","997","997","224.465","1.0973537060198413","161.89222541368804","400"
"2","400","1","45","40","0","998","998","220.63","1.0973577044164857","162.54171167340363","400"
"2","400","1","45","40","0","999","999","215.21","1.0973613029734652","158.166002505445","400"
"2","400","1","45","40","0","1000","1000","212.525","1.0973645416747462","157.81040603501552","400"
"2","400","1","45","40","0","1001","1001","212.395","1.0973674565058962","158.91540535048472","400"
"2","400","1","45","40","0","1002","1002","212.285","1.0973700798539374","160.28188690734382","400"
"2","400","1","45","40","0","1003","1003","218.585","1.0973724408671757","149.1701505804465","400"
"2","400","1","45","40","0","1004","1004","219.765","1.0973745657790872","162.09845149652512","400"
"2","400","1","45","40","0","1005","1005","227.45","1.0973764781998003","159.69019709418785","400"
"2","400","1","45","40","0","1006","1006","234.51","1.0973781993784526","154.45162366155833","400"
"2","400","1","45","40","0","1007","1007","240.165","1.0973797484392334","166.96797658015052","400"
"2","400","1","45","40","0","1008","1008","242.435","1.0973811425939408","160.83543886874304","400"
"2","400","1","45","40","0","1009","1009","238.135","1.0973823973331727","163.4624766956027","400"
"2","400","1","45","40","0","1010","1010","230.26","1.0973835265984875","168.51118365709485","400"
"2","400","1","45","40","0","1011","1011","222.64","1.097384542937266","164.21698179072717","400"
"2","400","1","45","40","0","1012","1012","216.695","1.097385457642164","160.33837904602464","400"
"2","400","1","45","40","0","1013","1013","218.5","1.0973862808765737","157.60608727031473","400"
"2","400","1","45","40","0","1014","1014","221.69","1.097387021787549","163.10273706310997","400"
"2","400","1","45","40","0","1015","1015","229.045","1.0973876886074219","157.99621050677027","400"
"2","400","1","45","40","0","1016","1016","231.635","1.0973882887453101","164.04743529032964","400"
"2","400","1","45","40","0","1017","1017","231.445","1.09738882886941","165.86128457916254","400"
"2","400","1","45","40","0","1018","1018","230.065","1.0973893149810972","163.98996949763568","400"
"2","400","1","45","40","0","1019","1019","226.8","1.097389752481609","163.51631214913655","400"
"2","400","1","45","40","0","1020","1020","225.64","1.0973901462320756","157.9107901078791","400"
"2","400","1","45","40","0","1021","1021","226.46","1.0973905006074993","164.5496443750504","400"
"2","400","1","45","40","0","1022","1022","228.88","1.097390819545379","160.3621458287206","400"
"2","400","1","45","40","0","1023","1023","231.895","1.0973911065894661","161.29060792571818","400"
"2","400","1","45","40","0","1024","1024","233.345","1.0973913649291507","165.537876255203","400"
"2","400","1","45","40","0","1025","1025","232.465","1.097391597434863","159.23692913833875","400"
"2","400","1","45","40","0","1026","1026","230.25","1.0973918066900092","166.35348003488863","400"
"2","400","1","45","40","0","1027","1027","228.05","1.097391995019636","156.51583994608845","400"
"2","400","1","45","40","0","1028","1028","228.13","1.0973921645162965","167.1235211785587","400"
"2","400","1","45","40","0","1029","1029","228.675","1.097392317063296","160.53125486513903","400"
"2","400","1","45","40","0","1030","1030","229.175","1.097392454355591","156.75182475801788","400"
"2","400","1","45","40","0","1031","1031","232.815","1.0973925779186608","163.08941948995732","400"
"2","400","1","45","40","0","1032","1032","237.665","1.0973926891254229","161.48001774935608","400"
"2","400","1","45","40","0","1033","1033","238.83","1.0973927892115114","166.50553053127828","400"
"2","400","1","45","40","0","1034","1034","239.75","1.0973928792889873","166.76244853584413","400"
"2","400","1","45","40","0","1035","1035","233.545","1.0973929603587145","165.2739664386025","400"
"2","400","1","45","40","0","1036","1036","227.485","1.097393033321466","164.4767513531794","400"
"2","400","1","45","40","0","1037","1037","223.78","1.0973930989879535","162.27956810930013","400"
"2","400","1","45","40","0","1038","1038","222.99","1.097393158087787","161.19900499726023","400"
"2","400","1","45","40","0","1039","1039","221.96","1.0973932112776383","162.1660838344305","400"
"2","400","1","45","40","0","1040","1040","222.915","1.0973932591485052","158.93124092113885","400"
"2","400","1","45","40","0","1041","1041","226.345","1.0973933022322828","158.48660490868227","400"
"2","400","1","45","40","0","1042","1042","227.93","1.0973933410076826","160.99508278442926","400"
"2","400","1","45","40","0","1043","1043","229.45","1.0973933759055445","158.0763450855816","400"
"2","400","1","45","40","0","1044","1044","230.155","1.0973934073136156","163.716619394282","400"
"2","400","1","45","40","0","1045","1045","230.69","1.09739343558088","160.60744923307712","400"
"2","400","1","45","40","0","1046","1046","230.82","1.0973934610214173","164.8528753435259","400"
"2","400","1","45","40","0","1047","1047","229.51","1.0973934839179076","158.07162598954352","400"
"2","400","1","45","40","0","1048","1048","228.905","1.0973935045247436","165.93902536642412","400"
"2","400","1","45","40","0","1049","1049","228.82","1.0973935230708938","164.03240822229455","400"
"2","400","1","45","40","0","1050","1050","227.18","1.0973935397624381","157.41589680665783","400"
"2","400","1","45","40","0","1051","1051","225.495","1.097393554784822","161.07384983982178","400"
"2","400","1","45","40","0","1052","1052","223.415","1.0973935683049656","159.34451326041759","400"
"2","400","1","45","40","0","1053","1053","220.845","1.0973935804730977","157.72360342164117","400"
"2","400","1","45","40","0","1054","1054","223.505","1.0973935914244182","158.94584251142945","400"
"2","400","1","45","40","0","1055","1055","227.73","1.097393601280605","160.74353426493565","400"
"2","400","1","45","40","0","1056","1056","228.12","1.0973936101511677","164.08290196539437","400"
"2","400","1","45","40","0","1057","1057","225.545","1.097393618134683","156.75895341952645","400"
"2","400","1","45","40","0","1058","1058","216.595","1.0973936253198397","163.8285772922817","400"
"2","400","1","45","40","0","1059","1059","211.31","1.0973936317864854","156.30150061558976","400"
"2","400","1","45","40","0","1060","1060","211.35","1.0973936376064675","153.4236710765844","400"
"2","400","1","45","40","0","1061","1061","219.36","1.0973936428444484","153.91724679802175","400"
"2","400","1","45","40","0","1062","1062","230.235","1.0973936475586301","157.4770140477651","400"
"2","400","1","45","40","0","1063","1063","244.705","1.097393651801397","157.89839439631743","400"
"2","400","1","45","40","0","1064","1064","249.625","1.097393655619885","163.49378013653129","400"
"2","400","1","45","40","0","1065","1065","243.835","1.0973936590565265","167.7525200857157","400"
"2","400","1","45","40","0","1066","1066","231.215","1.0973936621495057","162.71923834306364","400"
"2","400","1","45","40","0","1067","1067","218.43","1.097393664933178","157.13759985639774","400"
"2","400","1","45","40","0","1068","1068","213.84","1.097393667438489","154.1473404177384","400"
"2","400","1","45","40","0","1069","1069","214.17","1.097393669693269","156.09388794669047","400"
"2","400","1","45","40","0","1070","1070","216.995","1.0973936717225665","158.973008079851","400"
"2","400","1","45","40","0","1071","1071","222.58","1.0973936735489425","160.3223272989404","400"
"2","400","1","45","40","0","1072","1072","228.695","1.0973936751926763","157.0513333988102","400"
"2","400","1","45","40","0","1073","1073","235.185","1.097393676672039","163.09517520752573","400"
"2","400","1","45","40","0","1074","1074","235.145","1.0973936780034568","160.24385044403684","400"
"2","400","1","45","40","0","1075","1075","232.6","1.0973936792017431","160.47068662508633","400"
"2","400","1","45","40","0","1076","1076","229.265","1.097393680280194","158.8051419295275","400"
"2","400","1","45","40","0","1077","1077","226.485","1.0973936812508032","162.52902862022506","400"
"2","400","1","45","40","0","1078","1078","224.02","1.0973936821243548","157.56575067092422","400"
"2","400","1","45","40","0","1079","1079","219.925","1.0973936829105446","161.97684966565652","400"
"2","400","1","45","40","0","1080","1080","217.075","1.0973936836181217","158.13804301965374","400"
"2","400","1","45","40","0","1081","1081","218.405","1.097393684254938","161.1323760408449","400"
"2","400","1","45","40","0","1082","1082","221.525","1.0973936848280714","159.30896291367063","400"
"2","400","1","45","40","0","1083","1083","227.02","1.0973936853438901","162.08009739869502","400"
"2","400","1","45","40","0","1084","1084","234.44","1.0973936858081326","162.05739837101433","400"
"2","400","1","45","40","0","1085","1085","240.37","1.097393686225945","159.99571182797874","400"
"2","400","1","45","40","0","1086","1086","243.035","1.0973936866019827","167.34470326173323","400"
"2","400","1","45","40","0","1087","1087","243.995","1.0973936869404064","170.50267235121808","400"
"2","400","1","45","40","0","1088","1088","236.27","1.0973936872449985","163.03459450900064","400"
"2","400","1","45","40","0","1089","1089","225.93","1.0973936875191297","162.51915195525225","400"
"2","400","1","45","40","0","1090","1090","219.195","1.0973936877658408","154.85063239072693","400"
"2","400","1","45","40","0","1091","1091","214.855","1.0973936879878852","164.40664855093607","400"
"2","400","1","45","40","0","1092","1092","216.8","1.0973936881877258","151.22937044883219","400"
"2","400","1","45","40","0","1093","1093","223.175","1.0973936883675848","159.84626656898493","400"
"2","400","1","45","40","0","1094","1094","231.5","1.0973936885294504","159.57662653389391","400"
"2","400","1","45","40","0","1095","1095","237.245","1.0973936886751305","158.56588435111672","400"
"2","400","1","45","40","0","1096","1096","240.455","1.0973936888062432","162.96042981888846","400"
"2","400","1","45","40","0","1097","1097","246.24","1.0973936889242544","160.94714557792742","400"
"2","400","1","45","40","0","1098","1098","248.115","1.0973936890304534","162.60576617981377","400"
"2","400","1","45","40","0","1099","1099","248.735","1.0973936891260365","170.32182324753657","400"
"2","400","1","45","40","0","1100","1100","243.07","1.097393689212067","162.08169166670777","400"
"2","400","1","45","40","0","1101","1101","236.51","1.0973936892894864","165.90138340758054","400"
"2","400","1","45","40","0","1102","1102","230.505","1.09739368935916","163.96437318983303","400"
"2","400","1","45","40","0","1103","1103","223.97","1.0973936894218739","168.32048488184375","400"
"2","400","1","45","40","0","1104","1104","219.225","1.0973936894783145","158.80173422685075","400"
"2","400","1","45","40","0","1105","1105","215.865","1.0973936895291136","162.63568373170764","400"
"2","400","1","45","40","0","1106","1106","217.915","1.097393689574832","156.5427592984296","400"
"2","400","1","45","40","0","1107","1107","223.005","1.097393689615976","158.657829323496","400"
"2","400","1","45","40","0","1108","1108","227.41","1.0973936896530048","161.60229109417557","400"
"2","400","1","45","40","0","1109","1109","228.865","1.0973936896863339","163.45472374247188","400"
"2","400","1","45","40","0","1110","1110","227.65","1.097393689716331","161.99199174502223","400"
"2","400","1","45","40","0","1111","1111","223.29","1.0973936897433236","163.02820832710668","400"
"2","400","1","45","40","0","1112","1112","219.885","1.097393689767621","157.50931596534556","400"
"2","400","1","45","40","0","1113","1113","218.325","1.097393689789485","158.30301989866948","400"
"2","400","1","45","40","0","1114","1114","220.125","1.0973936898091667","155.51162714011764","400"
"2","400","1","45","40","0","1115","1115","222.77","1.097393689826879","157.10816600341698","400"
"2","400","1","45","40","0","1116","1116","225.81","1.0973936898428165","161.60300620587412","400"
"2","400","1","45","40","0","1117","1117","223.235","1.0973936898571626","160.00511686045994","400"
"2","400","1","45","40","0","1118","1118","220.365","1.0973936898700762","156.84067977095813","400"
"2","400","1","45","40","0","1119","1119","218.68","1.0973936898816983","161.1402991757557","400"
"2","400","1","45","40","0","1120","1120","216.045","1.0973936898921552","156.60375365576138","400"
"2","400","1","45","40","0","1121","1121","210.76","1.0973936899015682","153.68090243253272","400"
"2","400","1","45","40","0","1122","1122","211.4","1.0973936899100387","149.74283752388274","400"
"2","400","1","45","40","0","1123","1123","214.675","1.0973936899176655","160.07094243690358","400"
"2","400","1","45","40","0","1124","1124","216.895","1.0973936899245285","151.25932293136955","400"
"2","400","1","45","40","0","1125","1125","221.545","1.0973936899306995","156.47151681162407","400"
"2","400","1","45","40","0","1126","1126","226.315","1.0973936899362555","161.50069921996382","400"
"2","400","1","45","40","0","1127","1127","229.88","1.0973936899412593","160.74196395228302","400"
"2","400","1","45","40","0","1128","1128","230.55","1.0973936899457657","159.50009110984848","400"
"2","400","1","45","40","0","1129","1129","230.8","1.0973936899498162","162.30962601301962","400"
"2","400","1","45","40","0","1130","1130","230.05","1.0973936899534655","162.8729566864942","400"
"2","400","1","45","40","0","1131","1131","227.05","1.0973936899567491","159.26923831755792","400"
"2","400","1","45","40","0","1132","1132","226.475","1.097393689959694","160.36159262830367","400"
"2","400","1","45","40","0","1133","1133","228.12","1.0973936899623562","160.55999861120492","400"
"2","400","1","45","40","0","1134","1134","227.98","1.0973936899647507","156.72233630150248","400"
"2","400","1","45","40","0","1135","1135","228.05","1.0973936899669008","164.5314141890936","400"
"2","400","1","45","40","0","1136","1136","227.715","1.0973936899688403","156.74288844103737","400"
"2","400","1","45","40","0","1137","1137","228.675","1.0973936899705838","162.9478174805083","400"
"2","400","1","45","40","0","1138","1138","229.185","1.0973936899721586","159.82453250568057","400"
"2","400","1","45","40","0","1139","1139","230.715","1.0973936899735668","160.8947530943377","400"
"2","400","1","45","40","0","1140","1140","229.84","1.0973936899748398","164.95945914602132","400"
"2","400","1","45","40","0","1141","1141","224.36","1.0973936899759786","158.46030762600435","400"
"2","400","1","45","40","0","1142","1142","220.565","1.0973936899770163","159.8405500200795","400"
"2","400","1","45","40","0","1143","1143","219.735","1.0973936899779435","162.09803584376192","400"
"2","400","1","45","40","0","1144","1144","227.94","1.0973936899787757","157.47439198476488","400"
"2","400","1","45","40","0","1145","1145","232.885","1.0973936899795225","163.84893810310868","400"
"2","400","1","45","40","0","1146","1146","235.24","1.0973936899801993","160.17522694830407","400"
"2","400","1","45","40","0","1147","1147","231.59","1.0973936899808099","161.1816529238412","400"
"2","400","1","45","40","0","1148","1148","225.115","1.0973936899813572","166.59844305566313","400"
"2","400","1","45","40","0","1149","1149","221.14","1.0973936899818504","156.0075432735699","400"
"2","400","1","45","40","0","1150","1150","214.965","1.0973936899822931","163.42804413310404","400"
"2","400","1","45","40","0","1151","1151","212.63","1.0973936899826913","155.62278557954286","400"
"2","400","1","45","40","0","1152","1152","211.22","1.097393689983054","154.37333090972888","400"
"2","400","1","45","40","0","1153","1153","213.37","1.0973936899833752","159.9307915969443","400"
"2","400","1","45","40","0","1154","1154","218.33","1.0973936899836676","158.28754193855008","400"
"2","400","1","45","40","0","1155","1155","228.72","1.0973936899839265","156.67191209180413","400"
"2","400","1","45","40","0","1156","1156","236.785","1.0973936899841625","159.68073303080425","400"
"2","400","1","45","40","0","1157","1157","241.55","1.0973936899843733","163.86965998266646","400"
"2","400","1","45","40","0","1158","1158","244.92","1.0973936899845655","160.50447992445433","400"
"2","400","1","45","40","0","1159","1159","243.76","1.0973936899847385","169.29683745014765","400"
"2","400","1","45","40","0","1160","1160","240.765","1.0973936899848933","165.74392158322456","400"
"2","400","1","45","40","0","1161","1161","234.03","1.0973936899850294","166.8897635507041","400"
"2","400","1","45","40","0","1162","1162","225.265","1.0973936899851584","163.15779723272297","400"
"2","400","1","45","40","0","1163","1163","220.04","1.0973936899852714","163.29867768257077","400"
"2","400","1","45","40","0","1164","1164","219.285","1.0973936899853707","155.83209902142423","400"
"2","400","1","45","40","0","1165","1165","220.655","1.0973936899854617","160.84723294171616","400"
"2","400","1","45","40","0","1166","1166","224.505","1.0973936899855405","162.7566271987038","400"
"2","400","1","45","40","0","1167","1167","229.99","1.0973936899856174","157.82003893895634","400"
"2","400","1","45","40","0","1168","1168","233.035","1.0973936899856838","160.48968980194314","400"
"2","400","1","45","40","0","1169","1169","231.37","1.0973936899857453","163.83850769422398","400"
"2","400","1","45","40","0","1170","1170","225.26","1.0973936899857946","159.14136931462684","400"
"2","400","1","45","40","0","1171","1171","216.495","1.0973936899858459","160.21161301050643","400"
"2","400","1","45","40","0","1172","1172","216.695","1.0973936899858883","154.1004673028149","400"
"2","400","1","45","40","0","1173","1173","216.5","1.0973936899859256","157.55768331108652","400"
"2","400","1","45","40","0","1174","1174","223.125","1.0973936899859629","158.92428977805528","400"
"2","400","1","45","40","0","1175","1175","229.175","1.097393689985996","157.82000306334783","400"
"2","400","1","45","40","0","1176","1176","233.42","1.0973936899860237","157.66463168582678","400"
"2","400","1","45","40","0","1177","1177","231.765","1.097393689986051","159.29814562685738","400"
"2","400","1","45","40","0","1178","1178","228.555","1.0973936899860761","162.61098026131793","400"
"2","400","1","45","40","0","1179","1179","227.63","1.0973936899860945","156.49646119273157","400"
"2","400","1","45","40","0","1180","1180","222.715","1.0973936899861154","163.82252293552037","400"
"2","400","1","45","40","0","1181","1181","217.02","1.0973936899861318","153.55955623669928","400"
"2","400","1","45","40","0","1182","1182","212.03","1.0973936899861452","159.75714214493826","400"
"2","400","1","45","40","0","1183","1183","209.605","1.0973936899861625","154.48421490246923","400"
"2","400","1","45","40","0","1184","1184","213.055","1.0973936899861703","157.94911120500586","400"
"2","400","1","45","40","0","1185","1185","220.9","1.097393689986185","151.82605816707186","400"
"2","400","1","45","40","0","1186","1186","230.975","1.097393689986191","156.2163333826488","400"
"2","400","1","45","40","0","1187","1187","237.215","1.0973936899862056","157.69201414285266","400"
"2","400","1","45","40","0","1188","1188","236.645","1.0973936899862091","168.2216082603368","400"
"2","400","1","45","40","0","1189","1189","234.57","1.0973936899862193","156.2832547513126","400"
"2","400","1","45","40","0","1190","1190","228.86","1.0973936899862258","168.99732495649394","400"
"2","400","1","45","40","0","1191","1191","228.565","1.0973936899862233","156.4545238357717","400"
"2","400","1","45","40","0","1192","1192","230.8","1.0973936899862364","163.24306154065954","400"
"2","400","1","45","40","0","1193","1193","235.005","1.0973936899862349","160.85914857498344","400"
"2","400","1","45","40","0","1194","1194","241.16","1.0973936899862466","161.68647145454412","400"
"2","400","1","45","40","0","1195","1195","244.77","1.0973936899862469","171.06934769790627","400"
"2","400","1","45","40","0","1196","1196","243.06","1.097393689986248","164.61232806135573","400"
"2","400","1","45","40","0","1197","1197","235.805","1.0973936899862518","169.43989444216814","400"
"2","400","1","45","40","0","1198","1198","227.87","1.0973936899862577","160.05895999727844","400"
"2","400","1","45","40","0","1199","1199","220.375","1.0973936899862604","166.73561012928158","400"
"2","400","1","45","40","0","1200","1200","221.25","1.0973936899862633","152.988693521575","400"
"3","400","1","45","40","0","0","0","1.68","0","0","400"
"3","400","1","45","40","0","1","1","1.69","0.10973936899863243","0.9","400"
"3","400","1","45","40","0","2","2","1.665","0.20850480109739636","1.4821875000000002","400"
"3","400","1","45","40","0","3","3","1.64","0.29739368998628213","1.8447890625","400"
"3","400","1","45","40","0","4","4","1.73","0.3773936899862825","1.9045458984374999","400"
"3","400","1","45","40","0","5","5","1.815","0.44939368998628254","2.11348614440918","400"
"3","400","1","45","40","0","6","6","1.765","0.5141936899862832","2.6000370193634037","400"
"3","400","1","45","40","0","7","7","1.755","0.5725136899862824","2.7013180712448124","400"
"3","400","1","45","40","0","8","8","1.82","0.6250016899862838","3.0058088030579566","400"
"3","400","1","45","40","0","9","9","1.89","0.6722408899862854","3.174641394484818","400"
"3","400","1","45","40","0","10","10","1.915","0.7147561699862834","3.0910372561388417","400"
"3","400","1","45","40","0","11","11","1.96","0.7530199219862842","3.5613961809164314","400"
"3","400","1","45","40","0","12","12","2.115","0.787457298786283","3.8741066166934175","400"
"3","400","1","45","40","0","13","13","2.265","0.818450937906283","3.898276907135592","400"
"3","400","1","45","40","0","14","14","2.52","0.8463452131142838","4.303012002992664","400"
"3","400","1","45","40","0","15","15","2.605","0.871450060801482","5.226046594246935","400"
"3","400","1","45","40","0","16","16","2.795","0.8940444237199621","5.794441096710236","400"
"3","400","1","45","40","0","17","17","2.99","0.9143793503465937","6.338885552072557","400"
"3","400","1","45","40","0","18","18","3.215","0.9326807843105652","6.636189237572514","400"
"3","400","1","45","40","0","19","19","3.31","0.949152074878137","7.208479183898733","400"
"3","400","1","45","40","0","20","20","3.355","0.9639762363889441","7.957376355567789","400"
"3","400","1","45","40","0","21","21","3.545","0.9773179817486767","7.2233188773219705","400"
"3","400","1","45","40","0","22","22","3.66","0.9893255525724418","6.885609673321889","400"
"3","400","1","45","40","0","23","23","3.875","1.000132366313828","7.013481542505513","400"
"3","400","1","45","40","0","24","24","4.135","1.0098584986810746","7.828521217362434","400"
"3","400","1","45","40","0","25","25","4.21","1.01861201781159","7.242466734993637","400"
"3","400","1","45","40","0","26","26","4.42","1.0264901850290644","7.754471586606182","400"
"3","400","1","45","40","0","27","27","4.35","1.0335805355247842","8.361510708823007","400"
"3","400","1","45","40","0","28","28","4.425","1.0399618509709323","8.02690110232748","400"
"3","400","1","45","40","0","29","29","4.54","1.0457050348724675","8.142126227894757","400"
"3","400","1","45","40","0","30","30","4.745","1.0508739003838492","8.244312161338671","400"
"3","400","1","45","40","0","31","31","5.065","1.0555258793440938","8.332354239108279","400"
"3","400","1","45","40","0","32","32","5.27","1.0597126604083142","8.46782769220734","400"
"3","400","1","45","40","0","33","33","5.39","1.0634807633661096","9.144163427730104","400"
"3","400","1","45","40","0","34","34","5.345","1.0668720560281304","10.132100209570167","400"
"3","400","1","45","40","0","35","35","5.39","1.0699242194239391","10.175563056367139","400"
"3","400","1","45","40","0","36","36","5.675","1.0726711664801754","9.393607084385838","400"
"3","400","1","45","40","0","37","37","5.95","1.075143418830784","9.39623881743266","400"
"3","400","1","45","40","0","38","38","6.14","1.0773684459463406","9.821850436316174","400"
"3","400","1","45","40","0","39","39","6.49","1.0793709703503302","9.948967634119985","400"
"3","400","1","45","40","0","40","40","6.415","1.0811732423139266","9.25485231774196","400"
"3","400","1","45","40","0","41","41","6.565","1.0827952870811612","9.550194642500799","400"
"3","400","1","45","40","0","42","42","6.615","1.084255127371673","9.883435715149899","400"
"3","400","1","45","40","0","43","43","6.755","1.0855689836331366","10.122834672771594","400"
"3","400","1","45","40","0","44","44","6.855","1.086751454268452","10.9685015554588","400"
"3","400","1","45","40","0","45","45","7.065","1.0878156778402337","11.18068075387598","400"
"3","400","1","45","40","0","46","46","7.47","1.0887734790548365","11.824845395116018","400"
"3","400","1","45","40","0","47","47","7.825","1.0896355001479825","11.97060275782852","400"
"3","400","1","45","40","0","48","48","8.115","1.0904113191318128","12.329345103159302","400"
"3","400","1","45","40","0","49","49","8.38","1.0911095562172581","11.964262861753983","400"
"3","400","1","45","40","0","50","50","8.605","1.091737969594163","11.396150451100594","400"
"3","400","1","45","40","0","51","51","9.075","1.0923035416333742","11.431150959428193","400"
"3","400","1","45","40","0","52","52","9.265","1.0928125564686675","11.364010197493219","400"
"3","400","1","45","40","0","53","53","9.855","1.093270669820423","12.180739734940591","400"
"3","400","1","45","40","0","54","54","9.77","1.0936829718370145","12.580040767564007","400"
"3","400","1","45","40","0","55","55","10.03","1.094054043651935","12.293730092580988","400"
"3","400","1","45","40","0","56","56","10.175","1.0943880082853819","12.83649521286263","400"
"3","400","1","45","40","0","57","57","10.275","1.094688576455467","12.606253498658836","400"
"3","400","1","45","40","0","58","58","10.39","1.0949590878085496","14.529695765245627","400"
"3","400","1","45","40","0","59","59","10.535","1.0952025480263197","14.530715381535202","400"
"3","400","1","45","40","0","60","60","10.84","1.095421662222316","14.890795560202088","400"
"3","400","1","45","40","0","61","61","11.375","1.0956188649987146","14.578744636002574","400"
"3","400","1","45","40","0","62","62","11.425","1.0957963474974692","13.915256459155213","400"
"3","400","1","45","40","0","63","63","11.085","1.095956081746352","15.561799056224643","400"
"3","400","1","45","40","0","64","64","11.055","1.096099842570343","16.530548904739835","400"
"3","400","1","45","40","0","65","65","11.095","1.096229227311942","15.361077766085481","400"
"3","400","1","45","40","0","66","66","10.935","1.096345673579371","15.222129869010379","400"
"3","400","1","45","40","0","67","67","11.075","1.09645047522006","15.932214434332707","400"
"3","400","1","45","40","0","68","68","11.155","1.0965447966966875","14.901306210456333","400"
"3","400","1","45","40","0","69","69","11.07","1.0966296860256421","14.726128182896092","400"
"3","400","1","45","40","0","70","70","10.825","1.0967060864217095","14.169685344102126","400"
"3","400","1","45","40","0","71","71","10.925","1.0967748467781653","15.072156265244834","400"
"3","400","1","45","40","0","72","72","10.81","1.0968367310989777","14.057686459583504","400"
"3","400","1","45","40","0","73","73","10.87","1.0968924269877063","16.13663944670061","400"
"3","400","1","45","40","0","74","74","10.61","1.0969425532875656","15.162791555036488","400"
"3","400","1","45","40","0","75","75","10.545","1.0969876669574348","17.25565376804552","400"
"3","400","1","45","40","0","76","76","10.79","1.0970282692603242","16.482857109314256","400"
"3","400","1","45","40","0","77","77","11.105","1.0970648113329196","16.48578852484045","400"
"3","400","1","45","40","0","78","78","11.38","1.0970976991982537","16.055215171869015","400"
"3","400","1","45","40","0","79","79","11.99","1.0971272982770592","16.689453196433796","400"
"3","400","1","45","40","0","80","80","12.36","1.0971539374479788","16.749550941917146","400"
"3","400","1","45","40","0","81","81","12.585","1.0971779127018093","17.657933775563578","400"
"3","400","1","45","40","0","82","82","13.19","1.0971994904302502","18.713018800864266","400"
"3","400","1","45","40","0","83","83","13.615","1.0972189103858572","18.327039971175157","400"
"3","400","1","45","40","0","84","84","14.165","1.097236388345902","20.26740538133632","400"
"3","400","1","45","40","0","85","85","14.155","1.0972521185099375","19.51032780863368","400"
"3","400","1","45","40","0","86","86","13.775","1.0972662756575746","20.281321531706222","400"
"3","400","1","45","40","0","87","87","13.945","1.0972790170904483","20.00545902032446","400"
"3","400","1","45","40","0","88","88","13.69","1.0972904843800295","19.383129641261213","400"
"3","400","1","45","40","0","89","89","13.71","1.0973008049406527","19.65554377494869","400"
"3","400","1","45","40","0","90","90","14.205","1.0973100934452185","18.522310752527922","400"
"3","400","1","45","40","0","91","91","14.295","1.0973184530993247","20.0893012572614","400"
"3","400","1","45","40","0","92","92","14.78","1.0973259767880188","19.97650164329355","400"
"3","400","1","45","40","0","93","93","14.94","1.0973327481078474","18.89139713319588","400"
"3","400","1","45","40","0","94","94","14.83","1.097338842295688","18.559651871734847","400"
"3","400","1","45","40","0","95","95","14.015","1.0973443270647494","17.642510979645184","400"
"3","400","1","45","40","0","96","96","13.565","1.097349263356898","17.88758717200126","400"
"3","400","1","45","40","0","97","97","13.42","1.0973537060198426","16.69009331597586","400"
"3","400","1","45","40","0","98","98","13.475","1.0973577044164844","17.101502547200617","400"
"3","400","1","45","40","0","99","99","13.74","1.0973613029734663","18.58612109721456","400"
"3","400","1","45","40","0","100","100","14.31","1.097364541674745","18.57789836674214","400"
"3","400","1","45","40","0","101","101","14.85","1.0973674565059002","18.592136950983818","400"
"3","400","1","45","40","0","102","102","15.43","1.0973700798539385","18.355490874727735","400"
"3","400","1","45","40","0","103","103","15.87","1.0973724408671752","17.471065380867234","400"
"3","400","1","45","40","0","104","104","16.175","1.0973745657790854","17.69023359574907","400"
"3","400","1","45","40","0","105","105","16.12","1.0973764781998043","19.019215752680026","400"
"3","400","1","45","40","0","106","106","15.51","1.0973781993784486","18.363221762953334","400"
"3","400","1","45","40","0","107","107","15.175","1.0973797484392367","18.986518808777664","400"
"3","400","1","45","40","0","108","108","14.84","1.0973811425939424","19.362236388562263","400"
"3","400","1","45","40","0","109","109","15.165","1.0973823973331729","19.699058260975104","400"
"3","400","1","45","40","0","110","110","15.65","1.0973835265984835","18.684649795741816","400"
"3","400","1","45","40","0","111","111","15.865","1.0973845429372642","18.62902770241391","400"
"3","400","1","45","40","0","112","112","16.33","1.0973854576421695","18.579295693703408","400"
"3","400","1","45","40","0","113","113","16.065","1.0973862808765775","18.129623849063364","400"
"3","400","1","45","40","0","114","114","16.31","1.0973870217875479","18.812840081138418","400"
"3","400","1","45","40","0","115","115","16.45","1.0973876886074243","17.787737948374545","400"
"3","400","1","45","40","0","116","116","16.32","1.097388288745311","18.954797156747528","400"
"3","400","1","45","40","0","117","117","16.22","1.0973888288694058","17.79909056397658","400"
"3","400","1","45","40","0","118","118","16.265","1.0973893149810916","19.1621118645953","400"
"3","400","1","45","40","0","119","119","17.015","1.0973897524816156","19.19703503942255","400"
"3","400","1","45","40","0","120","120","16.895","1.0973901462320828","19.082639217341917","400"
"3","400","1","45","40","0","121","121","16.755","1.0973905006074995","19.400108872617633","400"
"3","400","1","45","40","0","122","122","16.305","1.0973908195453805","19.630432896354968","400"
"3","400","1","45","40","0","123","123","16.225","1.0973911065894666","19.25652495780532","400"
"3","400","1","45","40","0","124","124","16.45","1.0973913649291518","19.13942308216541","400"
"3","400","1","45","40","0","125","125","16.765","1.097391597434864","18.953769990394598","400"
"3","400","1","45","40","0","126","126","17.21","1.0973918066900088","18.22917629898885","400"
"3","400","1","45","40","0","127","127","17.34","1.0973919950196276","18.32851883265401","400"
"3","400","1","45","40","0","128","128","17.58","1.0973921645162938","19.27874167802078","400"
"3","400","1","45","40","0","129","129","17.58","1.0973923170632964","18.122164456811856","400"
"3","400","1","45","40","0","130","130","17.49","1.097392454355596","18.864990971518367","400"
"3","400","1","45","40","0","131","131","18.26","1.0973925779186635","20.234223302246722","400"
"3","400","1","45","40","0","132","132","18.685","1.097392689125428","21.726014411132226","400"
"3","400","1","45","40","0","133","133","18.75","1.0973927892115114","21.74080722307942","400"
"3","400","1","45","40","0","134","134","18.67","1.0973928792889942","20.9384580036995","400"
"3","400","1","45","40","0","135","135","18.625","1.0973929603587167","21.481661442046203","400"
"3","400","1","45","40","0","136","136","18.41","1.0973930333214752","19.514608371463716","400"
"3","400","1","45","40","0","137","137","18.36","1.0973930989879557","20.641676645306813","400"
"3","400","1","45","40","0","138","138","18.035","1.0973931580877876","19.911984551103245","400"
"3","400","1","45","40","0","139","139","17.48","1.0973932112776386","20.15758682876353","400"
"3","400","1","45","40","0","140","140","17.285","1.0973932591485007","19.39265643974305","400"
"3","400","1","45","40","0","141","141","17.125","1.0973933022322826","19.63431509722318","400"
"3","400","1","45","40","0","142","142","16.67","1.0973933410076828","20.571289530589585","400"
"3","400","1","45","40","0","143","143","16.575","1.0973933759055405","19.832519398025216","400"
"3","400","1","45","40","0","144","144","16.61","1.0973934073136151","19.148173954713382","400"
"3","400","1","45","40","0","145","145","16.905","1.097393435580885","19.68230034763624","400"
"3","400","1","45","40","0","146","146","17.22","1.0973934610214262","18.93533481167343","400"
"3","400","1","45","40","0","147","147","17.32","1.0973934839179091","18.898757532266526","400"
"3","400","1","45","40","0","148","148","17.345","1.0973935045247463","19.306293118458044","400"
"3","400","1","45","40","0","149","149","18.085","1.0973935230709049","19.254229030264415","400"
"3","400","1","45","40","0","150","150","18.965","1.0973935397624373","22.108105057662126","400"
"3","400","1","45","40","0","151","151","19.43","1.0973935547848224","23.757467551518253","400"
"3","400","1","45","40","0","152","152","19.875","1.0973935683049685","23.026627729177548","400"
"3","400","1","45","40","0","153","153","20.42","1.0973935804730977","22.65711690353311","400"
"3","400","1","45","40","0","154","154","20.86","1.0973935914244182","22.01705877672179","400"
"3","400","1","45","40","0","155","155","21","1.0973936012806018","21.367631987304375","400"
"3","400","1","45","40","0","156","156","20.995","1.0973936101511783","21.679606531245067","400"
"3","400","1","45","40","0","157","157","20.885","1.097393618134682","24.49631800335399","400"
"3","400","1","45","40","0","158","158","20.56","1.0973936253198437","24.318051348014585","400"
"3","400","1","45","40","0","159","159","20.23","1.0973936317864894","22.363310486628563","400"
"3","400","1","45","40","0","160","160","19.745","1.0973936376064664","21.335945317104883","400"
"3","400","1","45","40","0","161","161","19.525","1.0973936428444444","20.512425837754705","400"
"3","400","1","45","40","0","162","162","19.555","1.0973936475586312","21.51061958944916","400"
"3","400","1","45","40","0","163","163","20.02","1.0973936518014007","22.685969813589566","400"
"3","400","1","45","40","0","164","164","19.99","1.0973936556198853","22.876149086180703","400"
"3","400","1","45","40","0","165","165","20.38","1.0973936590565219","23.860291422874518","400"
"3","400","1","45","40","0","166","166","20.415","1.0973936621495024","26.235152556193007","400"
"3","400","1","45","40","0","167","167","19.875","1.0973936649331786","22.17437626789015","400"
"3","400","1","45","40","0","168","168","20","1.0973936674384848","22.193424866267584","400"
"3","400","1","45","40","0","169","169","20.89","1.0973936696932707","21.998698513039376","400"
"3","400","1","45","40","0","170","170","21.715","1.0973936717225732","22.88697852270053","400"
"3","400","1","45","40","0","171","171","22.025","1.097393673548941","23.131805696259292","400"
"3","400","1","45","40","0","172","172","22.52","1.097393675192679","23.96996950976315","400"
"3","400","1","45","40","0","173","173","22.665","1.0973936766720385","24.21732531015507","400"
"3","400","1","45","40","0","174","174","22.725","1.0973936780034586","26.3505847637378","400"
"3","400","1","45","40","0","175","175","22.305","1.0973936792017465","25.59776596703517","400"
"3","400","1","45","40","0","176","176","21.77","1.0973936802801953","27.09108189712544","400"
"3","400","1","45","40","0","177","177","22.085","1.0973936812508045","27.036199554183057","400"
"3","400","1","45","40","0","178","178","22.295","1.0973936821243537","27.748605957335343","400"
"3","400","1","45","40","0","179","179","22.05","1.097393682910542","26.436144370232544","400"
"3","400","1","45","40","0","180","180","21.89","1.0973936836181184","26.019506767910794","400"
"3","400","1","45","40","0","181","181","22.11","1.097393684254936","28.04177503681191","400"
"3","400","1","45","40","0","182","182","22.035","1.0973936848280725","26.193906336664444","400"
"3","400","1","45","40","0","183","183","21.975","1.0973936853438908","26.986690657025534","400"
"3","400","1","45","40","0","184","184","22.545","1.0973936858081323","26.95418851156832","400"
"3","400","1","45","40","0","185","185","23.09","1.0973936862259468","28.90235180671066","400"
"3","400","1","45","40","0","186","186","23.095","1.0973936866019778","26.956717983902934","400"
"3","400","1","45","40","0","187","187","23.025","1.0973936869404093","26.784224878593168","400"
"3","400","1","45","40","0","188","188","22.76","1.0973936872449988","28.12274076332866","400"
"3","400","1","45","40","0","189","189","21.915","1.097393687519126","27.40326189546754","400"
"3","400","1","45","40","0","190","190","21.505","1.0973936877658415","27.93169677257126","400"
"3","400","1","45","40","0","191","191","21.495","1.0973936879878852","26.375049572425656","400"
"3","400","1","45","40","0","192","192","20.615","1.0973936881877249","28.009154607370313","400"
"3","400","1","45","40","0","193","193","20.17","1.097393688367579","25.538665712171554","400"
"3","400","1","45","40","0","194","194","20.035","1.09739368852945","25.065977157680297","400"
"3","400","1","45","40","0","195","195","20.705","1.0973936886751303","25.20559400504062","400"
"3","400","1","45","40","0","196","196","21.655","1.09739368880625","27.623170756651806","400"
"3","400","1","45","40","0","197","197","22.645","1.0973936889242524","26.91208484326629","400"
"3","400","1","45","40","0","198","198","23.31","1.0973936890304608","29.107793608168052","400"
"3","400","1","45","40","0","199","199","23.655","1.097393689126038","29.54721934051663","400"
"3","400","1","45","40","0","200","200","23.55","1.0973936892120624","30.15422541443418","400"
"3","400","1","45","40","0","201","201","22.965","1.0973936892894862","29.868787420743406","400"
"3","400","1","45","40","0","202","202","22.105","1.0973936893591656","30.811078909790798","400"
"3","400","1","45","40","0","203","203","21.275","1.097393689421876","28.75266610619396","400"
"3","400","1","45","40","0","204","204","20.82","1.0973936894783176","29.20396390587249","400"
"3","400","1","45","40","0","205","205","20.8","1.0973936895291105","27.49201166816549","400"
"3","400","1","45","40","0","206","206","22.095","1.0973936895748313","28.52249891297063","400"
"3","400","1","45","40","0","207","207","23.305","1.0973936896159775","30.109004323201717","400"
"3","400","1","45","40","0","208","208","23.49","1.097393689653006","31.623729856964054","400"
"3","400","1","45","40","0","209","209","23.505","1.0973936896863383","30.571990531353514","400"
"3","400","1","45","40","0","210","210","23.285","1.0973936897163277","29.263346614781337","400"
"3","400","1","45","40","0","211","211","23.545","1.0973936897433272","28.653430809921176","400"
"3","400","1","45","40","0","212","212","22.855","1.0973936897676217","30.051067002835513","400"
"3","400","1","45","40","0","213","213","22.74","1.097393689789492","27.54676855376893","400"
"3","400","1","45","40","0","214","214","22.155","1.0973936898091659","27.95433712544459","400"
"3","400","1","45","40","0","215","215","21.475","1.0973936898268766","29.589737067118786","400"
"3","400","1","45","40","0","216","216","21.13","1.0973936898428183","27.14322961646082","400"
"3","400","1","45","40","0","217","217","21.395","1.0973936898571626","27.348106142691442","400"
"3","400","1","45","40","0","218","218","21.975","1.0973936898700762","27.897825640451785","400"
"3","400","1","45","40","0","219","219","23","1.0973936898816985","27.193975927094648","400"
"3","400","1","45","40","0","220","220","23.43","1.09739368989215","27.48965859946991","400"
"3","400","1","45","40","0","221","221","23.81","1.0973936899015693","27.53127675765697","400"
"3","400","1","45","40","0","222","222","23.515","1.0973936899100378","26.44816337546843","400"
"3","400","1","45","40","0","223","223","23.03","1.097393689917664","27.89933168248488","400"
"3","400","1","45","40","0","224","224","23.335","1.097393689924526","29.721532302386017","400"
"3","400","1","45","40","0","225","225","23.905","1.0973936899306995","30.166251247873614","400"
"3","400","1","45","40","0","226","226","23.845","1.09739368993626","30.772246819981856","400"
"3","400","1","45","40","0","227","227","23.345","1.0973936899412677","30.555898097686455","400"
"3","400","1","45","40","0","228","228","23.32","1.0973936899457677","29.16535152605291","400"
"3","400","1","45","40","0","229","229","23.595","1.0973936899498162","29.35258115458808","400"
"3","400","1","45","40","0","230","230","23.495","1.0973936899534633","28.45890671885593","400"
"3","400","1","45","40","0","231","231","23.27","1.0973936899567427","26.958520392529334","400"
"3","400","1","45","40","0","232","232","23.05","1.097393689959696","25.34594502259448","400"
"3","400","1","45","40","0","233","233","23.095","1.0973936899623598","25.837911822250433","400"
"3","400","1","45","40","0","234","234","23.18","1.0973936899647492","26.198291932901586","400"
"3","400","1","45","40","0","235","235","22.99","1.0973936899669006","27.034947734702776","400"
"3","400","1","45","40","0","236","236","23.53","1.0973936899688392","27.466096386674636","400"
"3","400","1","45","40","0","237","237","23.26","1.0973936899705825","29.076624829802046","400"
"3","400","1","45","40","0","238","238","23.24","1.0973936899721575","30.77128648948189","400"
"3","400","1","45","40","0","239","239","22.78","1.0973936899735703","28.50976593721243","400"
"3","400","1","45","40","0","240","240","22.555","1.0973936899748389","30.362245256884226","400"
"3","400","1","45","40","0","241","241","22.69","1.097393689975986","27.495938873186216","400"
"3","400","1","45","40","0","242","242","23.84","1.0973936899770136","27.908618572586086","400"
"3","400","1","45","40","0","243","243","24.46","1.097393689977939","27.51223319799768","400"
"3","400","1","45","40","0","244","244","25.16","1.0973936899787746","28.321848045768597","400"
"3","400","1","45","40","0","245","245","25.475","1.0973936899795245","28.710058071944392","400"
"3","400","1","45","40","0","246","246","25.935","1.0973936899802013","30.522228749161815","400"
"3","400","1","45","40","0","247","247","25.57","1.0973936899808066","31.77041941311172","400"
"3","400","1","45","40","0","248","248","25.025","1.097393689981353","32.60984728474474","400"
"3","400","1","45","40","0","249","249","25.16","1.0973936899818526","31.660333965379294","400"
"3","400","1","45","40","0","250","250","25.275","1.0973936899822962","31.33061843925225","400"
"3","400","1","45","40","0","251","251","25.63","1.0973936899826897","31.919860929690763","400"
"3","400","1","45","40","0","252","252","26.035","1.0973936899830516","31.226035439221217","400"
"3","400","1","45","40","0","253","253","25.82","1.0973936899833743","32.73271997768642","400"
"3","400","1","45","40","0","254","254","25.5","1.097393689983665","32.92172324288129","400"
"3","400","1","45","40","0","255","255","24.79","1.0973936899839263","31.046341218319238","400"
"3","400","1","45","40","0","256","256","24.675","1.0973936899841619","30.68441930425308","400"
"3","400","1","45","40","0","257","257","24.825","1.0973936899843757","28.686046976859014","400"
"3","400","1","45","40","0","258","258","24.905","1.0973936899845629","29.25380257988891","400"
"3","400","1","45","40","0","259","259","24.755","1.0973936899847345","29.453208853803236","400"
"3","400","1","45","40","0","260","260","24.64","1.0973936899848935","31.335657819232786","400"
"3","400","1","45","40","0","261","261","25.235","1.0973936899850316","29.909226079928665","400"
"3","400","1","45","40","0","262","262","26.015","1.0973936899851553","34.35744020665246","400"
"3","400","1","45","40","0","263","263","26.22","1.0973936899852679","32.01507805829581","400"
"3","400","1","45","40","0","264","264","25.425","1.0973936899853705","30.806861289449124","400"
"3","400","1","45","40","0","265","265","24.845","1.0973936899854635","31.79999872664927","400"
"3","400","1","45","40","0","266","266","24.35","1.0973936899855452","29.044464396783603","400"
"3","400","1","45","40","0","267","267","23.88","1.09739368998562","29.173434458979944","400"
"3","400","1","45","40","0","268","268","24.435","1.097393689985684","27.763506516898342","400"
"3","400","1","45","40","0","269","269","24.83","1.0973936899857444","31.239641872515236","400"
"3","400","1","45","40","0","270","270","24.76","1.0973936899857961","28.874416199382612","400"
"3","400","1","45","40","0","271","271","24.85","1.0973936899858463","29.150329033838393","400"
"3","400","1","45","40","0","272","272","24.105","1.0973936899858907","30.058380156133286","400"
"3","400","1","45","40","0","273","273","23.465","1.0973936899859276","28.277360976154974","400"
"3","400","1","45","40","0","274","274","23.045","1.0973936899859638","27.4781408394934","400"
"3","400","1","45","40","0","275","275","23.685","1.0973936899859995","26.449546392892476","400"
"3","400","1","45","40","0","276","276","24.725","1.0973936899860275","27.137713337120477","400"
"3","400","1","45","40","0","277","277","25.35","1.097393689986052","27.4624661903837","400"
"3","400","1","45","40","0","278","278","25.175","1.097393689986069","27.838371149710177","400"
"3","400","1","45","40","0","279","279","24.75","1.0973936899860945","27.08085699367506","400"
"3","400","1","45","40","0","280","280","24.515","1.0973936899861136","26.579760035474468","400"
"3","400","1","45","40","0","281","281","24.925","1.097393689986128","29.98035229880135","400"
"3","400","1","45","40","0","282","282","24.99","1.0973936899861474","27.66392284314691","400"
"3","400","1","45","40","0","283","283","24.815","1.0973936899861618","28.3010928355202","400"
"3","400","1","45","40","0","284","284","24.615","1.0973936899861747","27.990210694034836","400"
"3","400","1","45","40","0","285","285","25.195","1.0973936899861818","29.197649248313034","400"
"3","400","1","45","40","0","286","286","26.42","1.0973936899861956","27.21712374482871","400"
"3","400","1","45","40","0","287","287","26.525","1.0973936899862005","28.83160980567394","400"
"3","400","1","45","40","0","288","288","26.49","1.097393689986209","28.552210056017657","400"
"3","400","1","45","40","0","289","289","26.15","1.097393689986216","28.813173597792915","400"
"3","400","1","45","40","0","290","290","25.765","1.0973936899862236","30.183979105809513","400"
"3","400","1","45","40","0","291","291","24.945","1.0973936899862307","29.785671074993875","400"
"3","400","1","45","40","0","292","292","24.46","1.0973936899862318","28.52151538931279","400"
"3","400","1","45","40","0","293","293","25.325","1.0973936899862418","29.184988644112263","400"
"3","400","1","45","40","0","294","294","26.205","1.0973936899862422","28.786046604865913","400"
"3","400","1","45","40","0","295","295","26.83","1.0973936899862462","28.64239340896914","400"
"3","400","1","45","40","0","296","296","27.275","1.0973936899862526","32.23340522656428","400"
"3","400","1","45","40","0","297","297","27.16","1.0973936899862553","31.267581907731977","400"
"3","400","1","45","40","0","298","298","27.325","1.097393689986255","33.24501690835209","400"
"3","400","1","45","40","0","299","299","26.725","1.0973936899862624","30.01338593468869","400"
"3","400","1","45","40","0","300","300","26.265","1.097393689986262","33.77004119473224","400"
"3","400","1","45","40","0","301","301","26.235","1.0973936899862606","30.610076817642245","400"
"3","400","1","45","40","0","302","302","27.05","1.0973936899862602","30.327899732240564","400"
"3","400","1","45","40","0","303","303","27.71","1.0973936899862669","29.431538772891848","400"
"3","400","1","45","40","0","304","304","27.815","1.0973936899862675","28.924096213644987","400"
"3","400","1","45","40","0","305","305","27.37","1.0973936899862708","30.600877595488","400"
"3","400","1","45","40","0","306","306","26.2","1.097393689986274","30.242230611410054","400"
"3","400","1","45","40","0","307","307","26.035","1.0973936899862728","34.038560330961985","400"
"3","400","1","45","40","0","308","308","26.2","1.0973936899862735","30.392901545755343","400"
"3","400","1","45","40","0","309","309","26.44","1.097393689986275","29.238015736773036","400"
"3","400","1","45","40","0","310","310","26.73","1.0973936899862733","29.370262862301974","400"
"3","400","1","45","40","0","311","311","27.04","1.0973936899862744","31.47213193324744","400"
"3","400","1","45","40","0","312","312","27.205","1.0973936899862802","30.65368442661861","400"
"3","400","1","45","40","0","313","313","27.925","1.0973936899862775","30.011559639093246","400"
"3","400","1","45","40","0","314","314","28.14","1.0973936899862757","29.61137460765786","400"
"3","400","1","45","40","0","315","315","28.225","1.0973936899862824","28.777139121479436","400"
"3","400","1","45","40","0","316","316","27.835","1.0973936899862824","30.94027280460277","400"
"3","400","1","45","40","0","317","317","27.61","1.0973936899862788","29.818692165210013","400"
"3","400","1","45","40","0","318","318","27.51","1.0973936899862793","30.203917049722726","400"
"3","400","1","45","40","0","319","319","28.135","1.0973936899862808","28.315832170163088","400"
"3","400","1","45","40","0","320","320","28.645","1.0973936899862844","29.279427211345553","400"
"3","400","1","45","40","0","321","321","28.97","1.0973936899862802","30.619200801002975","400"
"3","400","1","45","40","0","322","322","29.44","1.097393689986282","29.49737153861123","400"
"3","400","1","45","40","0","323","323","30.36","1.097393689986283","29.786058013641963","400"
"3","400","1","45","40","0","324","324","31.07","1.0973936899862782","30.269919841061512","400"
"3","400","1","45","40","0","325","325","31.915","1.0973936899862837","32.29688071271829","400"
"3","400","1","45","40","0","326","326","31.785","1.097393689986284","33.26713748950759","400"
"3","400","1","45","40","0","327","327","31.055","1.0973936899862802","35.7029773695574","400"
"3","400","1","45","40","0","328","328","30.445","1.0973936899862808","32.58240921178107","400"
"3","400","1","45","40","0","329","329","30.01","1.0973936899862808","33.88710577952354","400"
"3","400","1","45","40","0","330","330","29.09","1.0973936899862782","31.43638297801326","400"
"3","400","1","45","40","0","331","331","28.035","1.0973936899862804","31.35108975677274","400"
"3","400","1","45","40","0","332","332","27.73","1.0973936899862835","32.223683568358375","400"
"3","400","1","45","40","0","333","333","27.655","1.0973936899862826","30.843682922183046","400"
"3","400","1","45","40","0","334","334","28.115","1.0973936899862842","29.726338042194715","400"
"3","400","1","45","40","0","335","335","29.06","1.0973936899862853","30.264445054158518","400"
"3","400","1","45","40","0","336","336","29.62","1.0973936899862817","33.51175936483377","400"
"3","400","1","45","40","0","337","337","30.525","1.0973936899862815","32.733299319954554","400"
"3","400","1","45","40","0","338","338","30.26","1.0973936899862835","32.53072175752504","400"
"3","400","1","45","40","0","339","339","29.715","1.0973936899862846","31.887036885155347","400"
"3","400","1","45","40","0","340","340","29.815","1.097393689986281","31.25580946429277","400"
"3","400","1","45","40","0","341","341","29.495","1.0973936899862817","29.852034844701294","400"
"3","400","1","45","40","0","342","342","29.82","1.0973936899862857","29.445024366465564","400"
"3","400","1","45","40","0","343","343","29.395","1.0973936899862822","29.605609024999616","400"
"3","400","1","45","40","0","344","344","28.82","1.0973936899862846","30.558193589871134","400"
"3","400","1","45","40","0","345","345","28.66","1.0973936899862822","30.36807159092315","400"
"3","400","1","45","40","0","346","346","29.215","1.0973936899862784","30.337873497296524","400"
"3","400","1","45","40","0","347","347","29.83","1.0973936899862828","34.204230537087014","400"
"3","400","1","45","40","0","348","348","30.075","1.0973936899862755","32.41603079640493","400"
"3","400","1","45","40","0","349","349","30.25","1.0973936899862808","33.84217528993391","400"
"3","400","1","45","40","0","350","350","30.445","1.0973936899862828","32.732657168874354","400"
"3","400","1","45","40","0","351","351","31.305","1.0973936899862802","33.82515780044259","400"
"3","400","1","45","40","0","352","352","31.205","1.0973936899862808","32.393228646668554","400"
"3","400","1","45","40","0","353","353","31.165","1.0973936899862853","31.841374966374115","400"
"3","400","1","45","40","0","354","354","30.24","1.0973936899862822","34.10352101132486","400"
"3","400","1","45","40","0","355","355","29.31","1.097393689986283","30.932018250081146","400"
"3","400","1","45","40","0","356","356","28.625","1.0973936899862842","32.97440621090344","400"
"3","400","1","45","40","0","357","357","28.23","1.0973936899862824","34.089517935291454","400"
"3","400","1","45","40","0","358","358","28.09","1.0973936899862833","33.31656421088681","400"
"3","400","1","45","40","0","359","359","27.55","1.0973936899862864","32.75468439860343","400"
"3","400","1","45","40","0","360","360","28.31","1.0973936899862804","30.351182059997406","400"
"3","400","1","45","40","0","361","361","28.985","1.0973936899862824","32.27760183163212","400"
"3","400","1","45","40","0","362","362","28.545","1.0973936899862806","29.914754866047456","400"
"3","400","1","45","40","0","363","363","28.8","1.097393689986283","31.402337606851113","400"
"3","400","1","45","40","0","364","364","28.745","1.0973936899862782","33.28703140236653","400"
"3","400","1","45","40","0","365","365","29.18","1.097393689986285","31.688594144271487","400"
"3","400","1","45","40","0","366","366","30.445","1.0973936899862848","32.19531393664708","400"
"3","400","1","45","40","0","367","367","30.82","1.0973936899862837","32.05853221455644","400"
"3","400","1","45","40","0","368","368","29.96","1.0973936899862806","31.68785909061655","400"
"3","400","1","45","40","0","369","369","28.65","1.0973936899862857","30.837746981494877","400"
"3","400","1","45","40","0","370","370","27.83","1.0973936899862802","29.954654450695692","400"
"3","400","1","45","40","0","371","371","28.56","1.0973936899862835","28.88231238481377","400"
"3","400","1","45","40","0","372","372","29.17","1.0973936899862815","30.12214917172118","400"
"3","400","1","45","40","0","373","373","30.03","1.0973936899862786","32.334689751122404","400"
"3","400","1","45","40","0","374","374","30.485","1.097393689986285","31.743756373481297","400"
"3","400","1","45","40","0","375","375","30.93","1.0973936899862846","32.22408874284012","400"
"3","400","1","45","40","0","376","376","31.31","1.0973936899862857","32.96379870635507","400"
"3","400","1","45","40","0","377","377","31.145","1.0973936899862824","33.73509477344788","400"
"3","400","1","45","40","0","378","378","30.3","1.0973936899862855","34.882524245964795","400"
"3","400","1","45","40","0","379","379","28.875","1.0973936899862842","32.652147292622594","400"
"3","400","1","45","40","0","380","380","27.95","1.097393689986283","33.30919488279725","400"
"3","400","1","45","40","0","381","381","27.195","1.0973936899862864","32.766347175889535","400"
"3","400","1","45","40","0","382","382","27.21","1.0973936899862828","31.644244969933553","400"
"3","400","1","45","40","0","383","383","26.835","1.097393689986283","29.8650761366023","400"
"3","400","1","45","40","0","384","384","27.2","1.0973936899862857","30.992640070434465","400"
"3","400","1","45","40","0","385","385","28.275","1.0973936899862815","29.94809458669885","400"
"3","400","1","45","40","0","386","386","29.835","1.0973936899862826","31.772163199321366","400"
"3","400","1","45","40","0","387","387","30.86","1.097393689986281","30.460014314737144","400"
"3","400","1","45","40","0","388","388","31.88","1.0973936899862846","32.08815260810525","400"
"3","400","1","45","40","0","389","389","32.555","1.0973936899862817","30.392410445917843","400"
"3","400","1","45","40","0","390","390","32.305","1.0973936899862853","34.106385067535165","400"
"3","400","1","45","40","0","391","391","31.45","1.0973936899862813","33.30035231119404","400"
"3","400","1","45","40","0","392","392","29.93","1.0973936899862813","32.916406794327536","400"
"3","400","1","45","40","0","393","393","28.42","1.0973936899862844","31.54495981125405","400"
"3","400","1","45","40","0","394","394","27.98","1.0973936899862826","29.742419717928943","400"
"3","400","1","45","40","0","395","395","27.985","1.0973936899862817","29.43634139541617","400"
"3","400","1","45","40","0","396","396","28.35","1.0973936899862815","32.44610980986229","400"
"3","400","1","45","40","0","397","397","28.845","1.0973936899862853","30.70340575101603","400"
"3","400","1","45","40","0","398","398","28.905","1.0973936899862786","34.22876745378065","400"
"3","400","1","45","40","0","399","399","27.795","1.0973936899862844","31.02771269547092","400"
"3","400","1","45","40","0","400","400","27.215","1.0973936899862815","31.04242909941446","400"
"3","400","1","45","40","0","401","401","27.045","1.0973936899862853","30.568175730329713","400"
"3","400","1","45","40","0","402","402","27.265","1.0973936899862853","31.122450145063826","400"
"3","400","1","45","40","0","403","403","28.085","1.0973936899862848","30.658542137463424","400"
"3","400","1","45","40","0","404","404","28.02","1.097393689986282","31.711444100224952","400"
"3","400","1","45","40","0","405","405","27.69","1.0973936899862886","31.339981258765146","400"
"3","400","1","45","40","0","406","406","27.17","1.0973936899862824","30.267882259335032","400"
"3","400","1","45","40","0","407","407","26.85","1.097393689986286","31.060017362830422","400"
"3","400","1","45","40","0","408","408","27.29","1.0973936899862853","31.686440062912386","400"
"3","400","1","45","40","0","409","409","28.175","1.0973936899862804","32.44007202484393","400"
"3","400","1","45","40","0","410","410","29.3","1.0973936899862788","31.294610245660365","400"
"3","400","1","45","40","0","411","411","28.995","1.0973936899862848","31.340006157848045","400"
"3","400","1","45","40","0","412","412","28.245","1.0973936899862853","30.979603584246878","400"
"3","400","1","45","40","0","413","413","27.775","1.0973936899862853","31.223139159200752","400"
"3","400","1","45","40","0","414","414","28.2","1.0973936899862846","31.431883689547238","400"
"3","400","1","45","40","0","415","415","28.385","1.097393689986285","31.02471094292198","400"
"3","400","1","45","40","0","416","416","29.895","1.0973936899862875","33.07853355967584","400"
"3","400","1","45","40","0","417","417","31.43","1.0973936899862833","31.451844421917123","400"
"3","400","1","45","40","0","418","418","33.035","1.0973936899862862","34.12358206943783","400"
"3","400","1","45","40","0","419","419","33.29","1.0973936899862886","33.29065853202057","400"
"3","400","1","45","40","0","420","420","32.055","1.0973936899862806","34.12751560697661","400"
"3","400","1","45","40","0","421","421","30.67","1.0973936899862835","33.763034083183896","400"
"3","400","1","45","40","0","422","422","29.69","1.097393689986283","32.454876336177634","400"
"3","400","1","45","40","0","423","423","29.29","1.0973936899862797","32.968354830235285","400"
"3","400","1","45","40","0","424","424","29.92","1.0973936899862866","30.44799047428367","400"
"3","400","1","45","40","0","425","425","31.395","1.0973936899862837","30.109783264208957","400"
"3","400","1","45","40","0","426","426","31.975","1.0973936899862797","33.13295604998097","400"
"3","400","1","45","40","0","427","427","31.5","1.0973936899862837","31.52376356654981","400"
"3","400","1","45","40","0","428","428","31","1.0973936899862797","30.742750664739727","400"
"3","400","1","45","40","0","429","429","30.225","1.0973936899862835","33.380017009307906","400"
"3","400","1","45","40","0","430","430","29.765","1.0973936899862846","31.341475754128066","400"
"3","400","1","45","40","0","431","431","29.475","1.097393689986282","32.17183842899435","400"
"3","400","1","45","40","0","432","432","29.975","1.0973936899862782","31.50469628374173","400"
"3","400","1","45","40","0","433","433","30.075","1.0973936899862817","34.39598700846514","400"
"3","400","1","45","40","0","434","434","29.9","1.0973936899862828","32.897805674479294","400"
"3","400","1","45","40","0","435","435","29.02","1.097393689986281","34.60658936719233","400"
"3","400","1","45","40","0","436","436","28.62","1.0973936899862875","31.982561794095435","400"
"3","400","1","45","40","0","437","437","28.795","1.0973936899862862","31.560954447642363","400"
"3","400","1","45","40","0","438","438","29.68","1.0973936899862815","31.951814463188914","400"
"3","400","1","45","40","0","439","439","30.34","1.0973936899862884","33.2014810823464","400"
"3","400","1","45","40","0","440","440","30.935","1.0973936899862824","33.192784585320254","400"
"3","400","1","45","40","0","441","441","31.125","1.0973936899862813","34.826676970266575","400"
"3","400","1","45","40","0","442","442","31.325","1.0973936899862842","32.626333798411046","400"
"3","400","1","45","40","0","443","443","30.945","1.09739368998628","34.372940729494076","400"
"3","400","1","45","40","0","444","444","31.44","1.0973936899862828","32.48703218350334","400"
"3","400","1","45","40","0","445","445","32.035","1.0973936899862884","31.859610834757934","400"
"3","400","1","45","40","0","446","446","32.67","1.0973936899862824","32.94586537095259","400"
"3","400","1","45","40","0","447","447","32.465","1.0973936899862833","32.93900136028292","400"
"3","400","1","45","40","0","448","448","32.66","1.0973936899862817","32.90410221271543","400"
"3","400","1","45","40","0","449","449","32.695","1.0973936899862855","34.92030286508455","400"
"3","400","1","45","40","0","450","450","32.425","1.097393689986281","34.31732933270819","400"
"3","400","1","45","40","0","451","451","31.6","1.097393689986284","32.50672232121425","400"
"3","400","1","45","40","0","452","452","31.825","1.0973936899862848","32.281972162753625","400"
"3","400","1","45","40","0","453","453","32.665","1.0973936899862802","30.54208045062082","400"
"3","400","1","45","40","0","454","454","33.325","1.0973936899862835","32.073269895060044","400"
"3","400","1","45","40","0","455","455","33.16","1.0973936899862848","30.095398585596453","400"
"3","400","1","45","40","0","456","456","32.685","1.0973936899862806","31.518764859933338","400"
"3","400","1","45","40","0","457","457","31.695","1.0973936899862802","32.205524805885766","400"
"3","400","1","45","40","0","458","458","31.44","1.0973936899862802","32.96168441179405","400"
"3","400","1","45","40","0","459","459","30.895","1.0973936899862797","31.320426122307484","400"
"3","400","1","45","40","0","460","460","30.355","1.0973936899862844","31.35402306859765","400"
"3","400","1","45","40","0","461","461","30.74","1.0973936899862837","30.459428609673807","400"
"3","400","1","45","40","0","462","462","31.045","1.0973936899862835","33.509217775257575","400"
"3","400","1","45","40","0","463","463","32.03","1.0973936899862864","32.08916991482972","400"
"3","400","1","45","40","0","464","464","33.315","1.0973936899862853","34.21252028145893","400"
"3","400","1","45","40","0","465","465","34.585","1.0973936899862768","34.64418666534504","400"
"3","400","1","45","40","0","466","466","34.83","1.0973936899862837","35.018779666047465","400"
"3","400","1","45","40","0","467","467","34.865","1.0973936899862822","36.680677354682864","400"
"3","400","1","45","40","0","468","468","34.745","1.0973936899862815","35.58803340914948","400"
"3","400","1","45","40","0","469","469","34.48","1.0973936899862804","36.6010950699106","400"
"3","400","1","45","40","0","470","470","33.865","1.097393689986287","33.23263645528079","400"
"3","400","1","45","40","0","471","471","33.035","1.0973936899862826","34.14408015329444","400"
"3","400","1","45","40","0","472","472","32.63","1.0973936899862828","33.681571745330885","400"
"3","400","1","45","40","0","473","473","32.53","1.0973936899862795","34.56695226719141","400"
"3","400","1","45","40","0","474","474","33.225","1.097393689986287","34.98674079609623","400"
"3","400","1","45","40","0","475","475","33.695","1.0973936899862864","35.21971823031936","400"
"3","400","1","45","40","0","476","476","33.925","1.0973936899862817","35.23603662383139","400"
"3","400","1","45","40","0","477","477","33.775","1.0973936899862828","35.273685123229825","400"
"3","400","1","45","40","0","478","478","33.21","1.0973936899862853","33.29865425821692","400"
"3","400","1","45","40","0","479","479","33.075","1.097393689986283","34.184488985216014","400"
"3","400","1","45","40","0","480","480","33.405","1.097393689986283","32.88688914684168","400"
"3","400","1","45","40","0","481","481","33.675","1.0973936899862806","32.91282338710697","400"
"3","400","1","45","40","0","482","482","34.035","1.0973936899862848","33.81352100513758","400"
"3","400","1","45","40","0","483","483","33.93","1.0973936899862837","32.87741278973063","400"
"3","400","1","45","40","0","484","484","34.085","1.097393689986282","35.709197921926716","400"
"3","400","1","45","40","0","485","485","34.4","1.0973936899862864","33.76707202166496","400"
"3","400","1","45","40","0","486","486","33.945","1.0973936899862857","36.22482445389256","400"
"3","400","1","45","40","0","487","487","33.43","1.0973936899862853","36.01906680080197","400"
"3","400","1","45","40","0","488","488","31.84","1.0973936899862835","35.61952594815263","400"
"3","400","1","45","40","0","489","489","31.44","1.0973936899862802","33.69246212500436","400"
"3","400","1","45","40","0","490","490","31.37","1.0973936899862864","35.39507615521087","400"
"3","400","1","45","40","0","491","491","31.535","1.0973936899862815","34.45045901664848","400"
"3","400","1","45","40","0","492","492","31.58","1.0973936899862786","35.176197662049475","400"
"3","400","1","45","40","0","493","493","31.005","1.0973936899862837","33.26647055567092","400"
"3","400","1","45","40","0","494","494","31.085","1.0973936899862835","34.68524777115314","400"
"3","400","1","45","40","0","495","495","31.48","1.0973936899862828","35.102683905961996","400"
"3","400","1","45","40","0","496","496","31.02","1.097393689986282","35.79359485071592","400"
"3","400","1","45","40","0","497","497","31.32","1.0973936899862793","33.41302814983148","400"
"3","400","1","45","40","0","498","498","30.38","1.0973936899862833","33.852793122787304","400"
"3","400","1","45","40","0","499","499","30.33","1.0973936899862835","32.42776950157163","400"
"3","400","1","45","40","0","500","500","30.305","1.0973936899862828","33.45194759642831","400"
"3","400","1","45","40","0","501","501","30.885","1.097393689986282","34.33055783255982","400"
"3","400","1","45","40","0","502","502","33.035","1.0973936899862857","34.40859755103479","400"
"3","400","1","45","40","0","503","503","34.08","1.0973936899862802","33.13275585994451","400"
"3","400","1","45","40","0","504","504","33.795","1.0973936899862764","34.77667642547093","400"
"3","400","1","45","40","0","505","505","33.91","1.0973936899862793","34.686059929914876","400"
"3","400","1","45","40","0","506","506","33.275","1.0973936899862868","33.858894532238686","400"
"3","400","1","45","40","0","507","507","32.535","1.097393689986277","34.2428712036821","400"
"3","400","1","45","40","0","508","508","32.015","1.0973936899862817","33.71348903500503","400"
"3","400","1","45","40","0","509","509","32.04","1.0973936899862833","33.67637931157196","400"
"3","400","1","45","40","0","510","510","32.12","1.0973936899862833","34.351632513860764","400"
"3","400","1","45","40","0","511","511","32.645","1.0973936899862813","34.20671469366348","400"
"3","400","1","45","40","0","512","512","34.6","1.097393689986279","33.914503193608944","400"
"3","400","1","45","40","0","513","513","35.45","1.09739368998628","33.24785364392241","400"
"3","400","1","45","40","0","514","514","36.015","1.0973936899862837","33.50374092999276","400"
"3","400","1","45","40","0","515","515","35.88","1.0973936899862828","34.365718128822486","400"
"3","400","1","45","40","0","516","516","35.94","1.097393689986285","34.45183381543316","400"
"3","400","1","45","40","0","517","517","35.68","1.0973936899862775","35.04226213160564","400"
"3","400","1","45","40","0","518","518","36.07","1.0973936899862804","35.01441893906743","400"
"3","400","1","45","40","0","519","519","36.31","1.0973936899862824","36.70013735684116","400"
"3","400","1","45","40","0","520","520","36.38","1.0973936899862837","33.961266271793434","400"
"3","400","1","45","40","0","521","521","37.26","1.0973936899862815","36.50676043790073","400"
"3","400","1","45","40","0","522","522","37.67","1.0973936899862822","34.94759526346201","400"
"3","400","1","45","40","0","523","523","37.035","1.0973936899862822","35.38905798797387","400"
"3","400","1","45","40","0","524","524","36.65","1.0973936899862848","36.10570655504649","400"
"3","400","1","45","40","0","525","525","35.68","1.0973936899862788","36.23440669279885","400"
"3","400","1","45","40","0","526","526","34.805","1.0973936899862826","36.0187838893095","400"
"3","400","1","45","40","0","527","527","33.37","1.0973936899862808","36.39822830490204","400"
"3","400","1","45","40","0","528","528","32.705","1.0973936899862782","34.30515616147727","400"
"3","400","1","45","40","0","529","529","32.9","1.0973936899862846","32.68997953940008","400"
"3","400","1","45","40","0","530","530","33.115","1.097393689986279","32.76612737200337","400"
"3","400","1","45","40","0","531","531","34.315","1.0973936899862842","32.79712147795951","400"
"3","400","1","45","40","0","532","532","34.88","1.0973936899862844","32.75557701338734","400"
"3","400","1","45","40","0","533","533","34.71","1.0973936899862817","35.652093043030604","400"
"3","400","1","45","40","0","534","534","34.205","1.0973936899862822","34.53620322564066","400"
"3","400","1","45","40","0","535","535","33.35","1.0973936899862828","35.323759970944195","400"
"3","400","1","45","40","0","536","536","33.29","1.0973936899862835","33.13415452123744","400"
"3","400","1","45","40","0","537","537","32.87","1.097393689986283","33.610409848450686","400"
"3","400","1","45","40","0","538","538","32.77","1.0973936899862786","33.24646673772217","400"
"3","400","1","45","40","0","539","539","32.96","1.0973936899862842","30.736723537642565","400"
"3","400","1","45","40","0","540","540","33.49","1.0973936899862824","31.375843987593296","400"
"3","400","1","45","40","0","541","541","33.69","1.0973936899862802","31.067928182266222","400"
"3","400","1","45","40","0","542","542","34.125","1.097393689986281","33.28406487242407","400"
"3","400","1","45","40","0","543","543","34.2","1.0973936899862826","34.08963092505849","400"
"3","400","1","45","40","0","544","544","34.035","1.0973936899862824","34.897028838096354","400"
"3","400","1","45","40","0","545","545","35.06","1.0973936899862837","34.585090903040125","400"
"3","400","1","45","40","0","546","546","34.8","1.0973936899862817","34.817799497191665","400"
"3","400","1","45","40","0","547","547","34.06","1.097393689986281","35.07650795336669","400"
"3","400","1","45","40","0","548","548","33.975","1.0973936899862853","33.194660519933116","400"
"3","400","1","45","40","0","549","549","33.46","1.0973936899862846","34.52562632890165","400"
"3","400","1","45","40","0","550","550","34.685","1.0973936899862857","35.698984891405","400"
"3","400","1","45","40","0","551","551","35.64","1.097393689986281","35.67076270291469","400"
"3","400","1","45","40","0","552","552","36.77","1.097393689986283","36.466124840061326","400"
"3","400","1","45","40","0","553","553","37.325","1.097393689986284","33.94149455135504","400"
"3","400","1","45","40","0","554","554","36.89","1.0973936899862824","37.10342944803489","400"
"3","400","1","45","40","0","555","555","35.9","1.0973936899862833","34.36903232615355","400"
"3","400","1","45","40","0","556","556","34.625","1.097393689986287","34.649176146670776","400"
"3","400","1","45","40","0","557","557","33.615","1.0973936899862842","32.349582119543314","400"
"3","400","1","45","40","0","558","558","32.415","1.097393689986282","34.58542002166018","400"
"3","400","1","45","40","0","559","559","32.78","1.0973936899862786","33.68923418120797","400"
"3","400","1","45","40","0","560","560","33.81","1.0973936899862793","34.76429031231429","400"
"3","400","1","45","40","0","561","561","35.555","1.097393689986285","33.86434605119301","400"
"3","400","1","45","40","0","562","562","36.74","1.0973936899862842","33.239729672256686","400"
"3","400","1","45","40","0","563","563","36.825","1.0973936899862824","32.07563452680066","400"
"3","400","1","45","40","0","564","564","36.225","1.0973936899862808","35.00600900603467","400"
"3","400","1","45","40","0","565","565","35.845","1.0973936899862797","35.110663005542634","400"
"3","400","1","45","40","0","566","566","34.75","1.0973936899862844","36.23776428244247","400"
"3","400","1","45","40","0","567","567","33.605","1.0973936899862828","34.0185741012498","400"
"3","400","1","45","40","0","568","568","33.385","1.0973936899862828","33.35600670920841","400"
"3","400","1","45","40","0","569","569","33.59","1.0973936899862797","33.672304429299565","400"
"3","400","1","45","40","0","570","570","34.865","1.0973936899862873","34.87047618602702","400"
"3","400","1","45","40","0","571","571","35.96","1.0973936899862813","33.64009204141991","400"
"3","400","1","45","40","0","572","572","37.25","1.0973936899862815","36.28521541839669","400"
"3","400","1","45","40","0","573","573","36.435","1.0973936899862813","34.602824777630396","400"
"3","400","1","45","40","0","574","574","36.19","1.097393689986282","35.99926367482217","400"
"3","400","1","45","40","0","575","575","35.4","1.0973936899862824","34.3574829775997","400"
"3","400","1","45","40","0","576","576","35.105","1.0973936899862828","33.07105840928283","400"
"3","400","1","45","40","0","577","577","34.39","1.0973936899862833","31.548770250726147","400"
"3","400","1","45","40","0","578","578","33.905","1.0973936899862802","30.62659304510976","400"
"3","400","1","45","40","0","579","579","34.485","1.0973936899862822","29.95209195331672","400"
"3","400","1","45","40","0","580","580","36.005","1.097393689986285","31.16210794032395","400"
"3","400","1","45","40","0","581","581","37.695","1.0973936899862797","33.97747049204079","400"
"3","400","1","45","40","0","582","582","38.89","1.0973936899862826","32.69697825409436","400"
"3","400","1","45","40","0","583","583","39.295","1.097393689986276","36.92829031518185","400"
"3","400","1","45","40","0","584","584","39.015","1.0973936899862826","34.73468280114261","400"
"3","400","1","45","40","0","585","585","38.845","1.0973936899862815","36.43113943446762","400"
"3","400","1","45","40","0","586","586","38.295","1.0973936899862833","34.62002888957185","400"
"3","400","1","45","40","0","587","587","37.32","1.097393689986286","32.764662160290165","400"
"3","400","1","45","40","0","588","588","36.59","1.0973936899862813","32.3642081858197","400"
"3","400","1","45","40","0","589","589","36.61","1.0973936899862817","30.041225179859367","400"
"3","400","1","45","40","0","590","590","36.165","1.0973936899862842","32.20196087517216","400"
"3","400","1","45","40","0","591","591","36.38","1.0973936899862815","31.01879684554142","400"
"3","400","1","45","40","0","592","592","36.32","1.0973936899862837","32.132265737635294","400"
"3","400","1","45","40","0","593","593","35.625","1.0973936899862844","31.63368236022688","400"
"3","400","1","45","40","0","594","594","35.825","1.0973936899862797","31.91597369620238","400"
"3","400","1","45","40","0","595","595","35.785","1.0973936899862846","32.3772346162029","400"
"3","400","1","45","40","0","596","596","35.52","1.0973936899862828","31.22000146201616","400"
"3","400","1","45","40","0","597","597","35.18","1.097393689986287","35.546515324479024","400"
"3","400","1","45","40","0","598","598","35.035","1.0973936899862873","31.91155030280278","400"
"3","400","1","45","40","0","599","599","35.475","1.0973936899862788","33.42264924852021","400"
"3","400","1","45","40","0","600","600","36.245","1.0973936899862808","33.39165687900367","400"
"3","400","1","45","40","0","601","601","37.455","1.0973936899862842","31.292664449065178","400"
"3","400","1","45","40","0","602","602","38.28","1.0973936899862868","34.19799895460238","400"
"3","400","1","45","40","0","603","603","39.175","1.0973936899862842","33.103346098257866","400"
"3","400","1","45","40","0","604","604","39.465","1.0973936899862797","36.56569310312655","400"
"3","400","1","45","40","0","605","605","39.585","1.0973936899862837","37.421581415640105","400"
"3","400","1","45","40","0","606","606","38.02","1.0973936899862882","35.563074635005115","400"
"3","400","1","45","40","0","607","607","36.39","1.0973936899862786","39.32207478000556","400"
"3","400","1","45","40","0","608","608","35.465","1.0973936899862835","36.2321915289496","400"
"3","400","1","45","40","0","609","609","34.47","1.0973936899862853","35.298535516545236","400"
"3","400","1","45","40","0","610","610","33.94","1.097393689986281","32.87508168183849","400"
"3","400","1","45","40","0","611","611","34.935","1.0973936899862835","32.87936998365518","400"
"3","400","1","45","40","0","612","612","35.2","1.0973936899862842","33.09939104583413","400"
"3","400","1","45","40","0","613","613","35.83","1.0973936899862824","33.272074175937895","400"
"3","400","1","45","40","0","614","614","36.245","1.0973936899862808","33.0976866478012","400"
"3","400","1","45","40","0","615","615","35.82","1.0973936899862808","33.815996693730824","400"
"3","400","1","45","40","0","616","616","35.83","1.0973936899862833","35.014546378902146","400"
"3","400","1","45","40","0","617","617","35.09","1.0973936899862826","34.471833553084174","400"
"3","400","1","45","40","0","618","618","36.515","1.0973936899862813","35.20698826566207","400"
"3","400","1","45","40","0","619","619","37.82","1.0973936899862835","35.884543654461524","400"
"3","400","1","45","40","0","620","620","39.285","1.0973936899862826","35.82350447842285","400"
"3","400","1","45","40","0","621","621","38.92","1.0973936899862806","36.07708179706174","400"
"3","400","1","45","40","0","622","622","37.2","1.0973936899862808","35.40482121278078","400"
"3","400","1","45","40","0","623","623","35.975","1.0973936899862815","34.67809944978811","400"
"3","400","1","45","40","0","624","624","35.595","1.0973936899862793","35.26791689383553","400"
"3","400","1","45","40","0","625","625","34.965","1.0973936899862815","34.506152780154615","400"
"3","400","1","45","40","0","626","626","36.225","1.0973936899862846","32.951087283398365","400"
"3","400","1","45","40","0","627","627","37.335","1.0973936899862837","33.66878131849655","400"
"3","400","1","45","40","0","628","628","38.5","1.0973936899862822","34.5012929347725","400"
"3","400","1","45","40","0","629","629","38.315","1.0973936899862835","34.89029545278487","400"
"3","400","1","45","40","0","630","630","38.295","1.0973936899862837","34.75448062731619","400"
"3","400","1","45","40","0","631","631","37.67","1.0973936899862824","34.31719271838295","400"
"3","400","1","45","40","0","632","632","36.92","1.0973936899862824","35.74041143874815","400"
"3","400","1","45","40","0","633","633","37.105","1.0973936899862837","33.05097119803723","400"
"3","400","1","45","40","0","634","634","36.74","1.097393689986284","33.459715548145","400"
"3","400","1","45","40","0","635","635","36.78","1.0973936899862828","34.11681824658184","400"
"3","400","1","45","40","0","636","636","37.335","1.0973936899862824","34.25893569455429","400"
"3","400","1","45","40","0","637","637","36.735","1.097393689986285","33.810837155204894","400"
"3","400","1","45","40","0","638","638","36.075","1.097393689986282","33.46269065828454","400"
"3","400","1","45","40","0","639","639","36.455","1.0973936899862844","33.50598981297055","400"
"3","400","1","45","40","0","640","640","37.52","1.0973936899862828","33.65787714904388","400"
"3","400","1","45","40","0","641","641","37.755","1.0973936899862857","37.145819940295034","400"
"3","400","1","45","40","0","642","642","38.635","1.0973936899862824","34.469714736763095","400"
"3","400","1","45","40","0","643","643","39.105","1.097393689986283","34.924979752224345","400"
"3","400","1","45","40","0","644","644","39.775","1.0973936899862826","36.44289074548964","400"
"3","400","1","45","40","0","645","645","38.795","1.097393689986285","33.75657087527632","400"
"3","400","1","45","40","0","646","646","37.99","1.0973936899862802","33.36220201852464","400"
"3","400","1","45","40","0","647","647","36.77","1.0973936899862804","32.46337003051884","400"
"3","400","1","45","40","0","648","648","36.05","1.0973936899862862","32.93646269932595","400"
"3","400","1","45","40","0","649","649","36.255","1.0973936899862848","32.6749442992526","400"
"3","400","1","45","40","0","650","650","37.23","1.0973936899862802","36.47916972987184","400"
"3","400","1","45","40","0","651","651","38.01","1.0973936899862817","35.96536759105485","400"
"3","400","1","45","40","0","652","652","38.695","1.0973936899862808","35.79675227772938","400"
"3","400","1","45","40","0","653","653","38.77","1.0973936899862837","39.52082796727805","400"
"3","400","1","45","40","0","654","654","37.77","1.0973936899862868","35.88594953831784","400"
"3","400","1","45","40","0","655","655","36.69","1.0973936899862826","37.01854119325289","400"
"3","400","1","45","40","0","656","656","34.635","1.0973936899862853","35.461910900737685","400"
"3","400","1","45","40","0","657","657","33.45","1.0973936899862848","36.71097318013724","400"
"3","400","1","45","40","0","658","658","32.225","1.0973936899862824","32.69093317177589","400"
"3","400","1","45","40","0","659","659","33.38","1.0973936899862808","31.907307529423665","400"
"3","400","1","45","40","0","660","660","34.8","1.0973936899862833","31.747904753865846","400"
"3","400","1","45","40","0","661","661","36.55","1.0973936899862844","31.373305527957612","400"
"3","400","1","45","40","0","662","662","38.435","1.0973936899862844","34.54803338329985","400"
"3","400","1","45","40","0","663","663","39.48","1.097393689986284","35.682382860149154","400"
"3","400","1","45","40","0","664","664","39.66","1.097393689986286","37.632469473111165","400"
"3","400","1","45","40","0","665","665","39.16","1.0973936899862833","37.32710597552638","400"
"3","400","1","45","40","0","666","666","37.755","1.0973936899862824","37.396793149247166","400"
"3","400","1","45","40","0","667","667","37.485","1.0973936899862824","35.660362803459925","400"
"3","400","1","45","40","0","668","668","37.585","1.0973936899862868","36.08910257900959","400"
"3","400","1","45","40","0","669","669","38.245","1.0973936899862837","35.613025584491155","400"
"3","400","1","45","40","0","670","670","39.63","1.0973936899862828","34.98225799580916","400"
"3","400","1","45","40","0","671","671","38.95","1.0973936899862815","37.823002698055205","400"
"3","400","1","45","40","0","672","672","38.935","1.0973936899862855","35.14367789615586","400"
"3","400","1","45","40","0","673","673","38.155","1.0973936899862848","35.4703808421882","400"
"3","400","1","45","40","0","674","674","37.4","1.0973936899862877","39.022485312633684","400"
"3","400","1","45","40","0","675","675","36.285","1.0973936899862797","35.46896505694541","400"
"3","400","1","45","40","0","676","676","37.045","1.0973936899862848","34.5554359025956","400"
"3","400","1","45","40","0","677","677","37.495","1.0973936899862846","35.81499919987421","400"
"3","400","1","45","40","0","678","678","39.245","1.0973936899862853","33.99499432303566","400"
"3","400","1","45","40","0","679","679","40.41","1.097393689986286","36.463290584526774","400"
"3","400","1","45","40","0","680","680","40.1","1.0973936899862853","37.11445147001659","400"
"3","400","1","45","40","0","681","681","39.945","1.0973936899862828","38.69556873410786","400"
"3","400","1","45","40","0","682","682","39.205","1.0973936899862848","36.422692395514936","400"
"3","400","1","45","40","0","683","683","37.525","1.0973936899862793","37.41903322434683","400"
"3","400","1","45","40","0","684","684","36.135","1.0973936899862846","34.553019794496734","400"
"3","400","1","45","40","0","685","685","34.985","1.097393689986283","35.69375600918204","400"
"3","400","1","45","40","0","686","686","35.075","1.0973936899862844","32.14156340823855","400"
"3","400","1","45","40","0","687","687","35.585","1.0973936899862808","32.756154112633375","400"
"3","400","1","45","40","0","688","688","36.005","1.0973936899862842","33.83604593450011","400"
"3","400","1","45","40","0","689","689","36.4","1.0973936899862868","33.635525164928005","400"
"3","400","1","45","40","0","690","690","36.435","1.0973936899862802","35.667235007926216","400"
"3","400","1","45","40","0","691","691","36.41","1.097393689986284","34.423658430626766","400"
"3","400","1","45","40","0","692","692","35.23","1.097393689986286","35.31131747265637","400"
"3","400","1","45","40","0","693","693","34.29","1.097393689986286","36.18077933566739","400"
"3","400","1","45","40","0","694","694","34.025","1.097393689986279","35.54658977769763","400"
"3","400","1","45","40","0","695","695","35.38","1.097393689986285","33.331544502024784","400"
"3","400","1","45","40","0","696","696","36.795","1.09739368998628","33.579597580737826","400"
"3","400","1","45","40","0","697","697","38.09","1.0973936899862813","33.60634399380229","400"
"3","400","1","45","40","0","698","698","38.84","1.0973936899862797","33.43977670774137","400"
"3","400","1","45","40","0","699","699","38.56","1.0973936899862835","33.562282451374166","400"
"3","400","1","45","40","0","700","700","38.27","1.0973936899862835","34.167341473117446","400"
"3","400","1","45","40","0","701","701","38.25","1.097393689986282","35.421510301885654","400"
"3","400","1","45","40","0","702","702","38.265","1.0973936899862808","36.08512267680613","400"
"3","400","1","45","40","0","703","703","38.275","1.0973936899862833","35.753926635418914","400"
"3","400","1","45","40","0","704","704","38.59","1.097393689986282","35.91048152752603","400"
"3","400","1","45","40","0","705","705","37.385","1.0973936899862815","38.82502513453041","400"
"3","400","1","45","40","0","706","706","36.61","1.0973936899862846","36.13653622941578","400"
"3","400","1","45","40","0","707","707","35.48","1.0973936899862826","37.285722748389375","400"
"3","400","1","45","40","0","708","708","35.215","1.097393689986287","35.3560802902756","400"
"3","400","1","45","40","0","709","709","34.52","1.0973936899862848","36.03682829456324","400"
"3","400","1","45","40","0","710","710","35.095","1.0973936899862793","32.654330039125995","400"
"3","400","1","45","40","0","711","711","36.73","1.0973936899862804","34.325255554019726","400"
"3","400","1","45","40","0","712","712","38.42","1.0973936899862826","34.59539561187625","400"
"3","400","1","45","40","0","713","713","38.93","1.0973936899862866","37.553401708440504","400"
"3","400","1","45","40","0","714","714","39.925","1.0973936899862824","35.01758736564609","400"
"3","400","1","45","40","0","715","715","39.46","1.0973936899862795","35.90272100782331","400"
"3","400","1","45","40","0","716","716","39.01","1.0973936899862864","36.031039595660644","400"
"3","400","1","45","40","0","717","717","39.295","1.0973936899862815","37.14902056748513","400"
"3","400","1","45","40","0","718","718","38.95","1.097393689986277","38.485413641006716","400"
"3","400","1","45","40","0","719","719","38.425","1.097393689986283","37.473563809288756","400"
"3","400","1","45","40","0","720","720","37.945","1.0973936899862824","38.30562793454986","400"
"3","400","1","45","40","0","721","721","37.075","1.0973936899862837","35.51165521613107","400"
"3","400","1","45","40","0","722","722","36.81","1.0973936899862822","35.69502067170032","400"
"3","400","1","45","40","0","723","723","37.075","1.097393689986284","34.7795460305441","400"
"3","400","1","45","40","0","724","724","37.055","1.0973936899862837","35.09590747388672","400"
"3","400","1","45","40","0","725","725","37.8","1.0973936899862813","35.392434024017554","400"
"3","400","1","45","40","0","726","726","38.1","1.097393689986282","36.7195292653532","400"
"3","400","1","45","40","0","727","727","38.19","1.0973936899862786","34.66963347839912","400"
"3","400","1","45","40","0","728","728","38.26","1.0973936899862842","36.9890715216959","400"
"3","400","1","45","40","0","729","729","38.585","1.0973936899862833","35.60962152030316","400"
"3","400","1","45","40","0","730","730","38.015","1.0973936899862826","36.84984065957301","400"
"3","400","1","45","40","0","731","731","36.965","1.0973936899862848","35.27743668965206","400"
"3","400","1","45","40","0","732","732","35.195","1.097393689986285","33.54964269542082","400"
"3","400","1","45","40","0","733","733","35.13","1.097393689986285","34.31052282697238","400"
"3","400","1","45","40","0","734","734","36.18","1.0973936899862786","33.431399091586115","400"
"3","400","1","45","40","0","735","735","37.3","1.097393689986285","34.25532625762219","400"
"3","400","1","45","40","0","736","736","38.555","1.0973936899862857","35.04092105853954","400"
"3","400","1","45","40","0","737","737","39.175","1.0973936899862833","35.47948714970293","400"
"3","400","1","45","40","0","738","738","39.845","1.0973936899862824","37.44718361896085","400"
"3","400","1","45","40","0","739","739","40.47","1.0973936899862806","35.710997595686216","400"
"3","400","1","45","40","0","740","740","39.095","1.097393689986286","37.022386956282816","400"
"3","400","1","45","40","0","741","741","37.5","1.097393689986282","34.34763885507782","400"
"3","400","1","45","40","0","742","742","36.97","1.0973936899862775","34.93086680267867","400"
"3","400","1","45","40","0","743","743","36.525","1.0973936899862813","33.63038911193438","400"
"3","400","1","45","40","0","744","744","36.395","1.0973936899862824","33.586312938449936","400"
"3","400","1","45","40","0","745","745","36.905","1.097393689986277","34.84701485344927","400"
"3","400","1","45","40","0","746","746","37.905","1.0973936899862846","35.73771864506966","400"
"3","400","1","45","40","0","747","747","38.49","1.0973936899862826","37.320453008739875","400"
"3","400","1","45","40","0","748","748","37.935","1.097393689986281","34.96930464960755","400"
"3","400","1","45","40","0","749","749","37.43","1.097393689986286","39.10612083054831","400"
"3","400","1","45","40","0","750","750","36.67","1.0973936899862844","34.76295669658643","400"
"3","400","1","45","40","0","751","751","36.195","1.097393689986277","35.1045024192956","400"
"3","400","1","45","40","0","752","752","35.29","1.097393689986283","31.18356956888731","400"
"3","400","1","45","40","0","753","753","35.42","1.097393689986285","32.20433066763173","400"
"3","400","1","45","40","0","754","754","36.405","1.0973936899862833","33.367586400599905","400"
"3","400","1","45","40","0","755","755","37.895","1.0973936899862837","33.72192420138592","400"
"3","400","1","45","40","0","756","756","38.98","1.0973936899862842","36.992900938323565","400"
"3","400","1","45","40","0","757","757","39.675","1.0973936899862806","35.21477530450634","400"
"3","400","1","45","40","0","758","758","38.885","1.0973936899862804","35.818992158988216","400"
"3","400","1","45","40","0","759","759","38.36","1.0973936899862846","34.08903006202835","400"
"3","400","1","45","40","0","760","760","37.34","1.0973936899862864","34.35202968903573","400"
"3","400","1","45","40","0","761","761","36.29","1.0973936899862828","33.06447453374691","400"
"3","400","1","45","40","0","762","762","35.285","1.0973936899862846","33.151811445896165","400"
"3","400","1","45","40","0","763","763","34.995","1.0973936899862848","34.51704923518473","400"
"3","400","1","45","40","0","764","764","35.095","1.0973936899862824","34.466209719402315","400"
"3","400","1","45","40","0","765","765","35.865","1.0973936899862766","34.34712923934343","400"
"3","400","1","45","40","0","766","766","36.395","1.097393689986286","36.195260960309305","400"
"3","400","1","45","40","0","767","767","37.07","1.0973936899862837","35.98946200478337","400"
"3","400","1","45","40","0","768","768","38.535","1.0973936899862815","35.264233120224695","400"
"3","400","1","45","40","0","769","769","39.06","1.0973936899862822","35.27188606964367","400"
"3","400","1","45","40","0","770","770","38.58","1.0973936899862824","34.61487273588054","400"
"3","400","1","45","40","0","771","771","38.2","1.0973936899862842","35.91888174140756","400"
"3","400","1","45","40","0","772","772","37.28","1.0973936899862864","33.88905558017446","400"
"3","400","1","45","40","0","773","773","36","1.0973936899862846","34.330090849620795","400"
"3","400","1","45","40","0","774","774","36.185","1.0973936899862802","34.612359729279454","400"
"3","400","1","45","40","0","775","775","36.735","1.0973936899862846","35.273696483531964","400"
"3","400","1","45","40","0","776","776","38.16","1.097393689986285","34.7794826242422","400"
"3","400","1","45","40","0","777","777","39.23","1.0973936899862802","38.441510577957736","400"
"3","400","1","45","40","0","778","778","40.385","1.0973936899862808","37.07281828735394","400"
"3","400","1","45","40","0","779","779","40.755","1.0973936899862853","37.17248100709184","400"
"3","400","1","45","40","0","780","780","40.715","1.0973936899862837","37.10935773864728","400"
"3","400","1","45","40","0","781","781","40.055","1.0973936899862786","35.27794096108911","400"
"3","400","1","45","40","0","782","782","39.26","1.097393689986286","35.12929524384315","400"
"3","400","1","45","40","0","783","783","39.215","1.0973936899862824","36.47095574751935","400"
"3","400","1","45","40","0","784","784","38.755","1.0973936899862846","38.890512217767686","400"
"3","400","1","45","40","0","785","785","39.375","1.0973936899862815","38.15095544361106","400"
"3","400","1","45","40","0","786","786","39.58","1.0973936899862862","39.10614164575741","400"
"3","400","1","45","40","0","787","787","40.355","1.0973936899862853","37.763316783014226","400"
"3","400","1","45","40","0","788","788","39.755","1.0973936899862824","37.21276285987745","400"
"3","400","1","45","40","0","789","789","39.735","1.097393689986286","36.833513094769636","400"
"3","400","1","45","40","0","790","790","39.14","1.0973936899862815","36.64396424484609","400"
"3","400","1","45","40","0","791","791","38.23","1.0973936899862864","38.77044269434415","400"
"3","400","1","45","40","0","792","792","37.62","1.0973936899862828","34.94697384279818","400"
"3","400","1","45","40","0","793","793","38.28","1.0973936899862826","35.18304363084385","400"
"3","400","1","45","40","0","794","794","38.535","1.0973936899862837","36.670316591142","400"
"3","400","1","45","40","0","795","795","39.04","1.097393689986281","34.3762656090524","400"
"3","400","1","45","40","0","796","796","40.37","1.0973936899862853","35.841874705405864","400"
"3","400","1","45","40","0","797","797","41.13","1.097393689986281","36.397214547683056","400"
"3","400","1","45","40","0","798","798","40.545","1.0973936899862804","37.64846824031337","400"
"3","400","1","45","40","0","799","799","39.93","1.0973936899862853","36.93550034565974","400"
"3","400","1","45","40","0","800","800","39.31","1.097393689986286","36.24655640582947","400"
"3","400","1","45","40","0","801","801","38.66","1.0973936899862862","38.60213742854374","400"
"3","400","1","45","40","0","802","802","38.73","1.0973936899862777","36.87959983853321","400"
"3","400","1","45","40","0","803","803","38.985","1.0973936899862822","35.87375832027665","400"
"3","400","1","45","40","0","804","804","39.31","1.0973936899862788","35.00905047639806","400"
"3","400","1","45","40","0","805","805","39.8","1.0973936899862833","36.333210421900965","400"
"3","400","1","45","40","0","806","806","40.825","1.0973936899862833","37.22670776791937","400"
"3","400","1","45","40","0","807","807","42.53","1.0973936899862817","37.146256290151335","400"
"3","400","1","45","40","0","808","808","43.335","1.0973936899862822","40.81806741585258","400"
"3","400","1","45","40","0","809","809","43.24","1.0973936899862775","38.284562847427836","400"
"3","400","1","45","40","0","810","810","42.905","1.0973936899862848","37.726319448452294","400"
"3","400","1","45","40","0","811","811","41.01","1.0973936899862797","36.54692683114389","400"
"3","400","1","45","40","0","812","812","39.27","1.0973936899862864","35.62210092407329","400"
"3","400","1","45","40","0","813","813","38.095","1.0973936899862835","36.454752065404215","400"
"3","400","1","45","40","0","814","814","37.675","1.0973936899862853","35.92351774405283","400"
"3","400","1","45","40","0","815","815","37.91","1.097393689986281","36.66408699037644","400"
"3","400","1","45","40","0","816","816","38.94","1.0973936899862808","37.237009792495506","400"
"3","400","1","45","40","0","817","817","40.495","1.0973936899862808","38.55015806970703","400"
"3","400","1","45","40","0","818","818","41.28","1.097393689986278","37.24721885802065","400"
"3","400","1","45","40","0","819","819","41.22","1.0973936899862848","36.51534403986155","400"
"3","400","1","45","40","0","820","820","41.945","1.0973936899862846","36.94436676940453","400"
"3","400","1","45","40","0","821","821","42.54","1.0973936899862837","37.3192517872864","400"
"3","400","1","45","40","0","822","822","42.55","1.0973936899862804","37.46809557375626","400"
"3","400","1","45","40","0","823","823","42.19","1.0973936899862873","38.11918896334937","400"
"3","400","1","45","40","0","824","824","41.685","1.097393689986282","36.69817271795633","400"
"3","400","1","45","40","0","825","825","40.78","1.0973936899862826","37.351316119010036","400"
"3","400","1","45","40","0","826","826","40.325","1.0973936899862853","35.938764300933556","400"
"3","400","1","45","40","0","827","827","40.185","1.097393689986281","37.89653672808366","400"
"3","400","1","45","40","0","828","828","40","1.0973936899862793","34.92851833428563","400"
"3","400","1","45","40","0","829","829","39.7","1.0973936899862853","35.223411393382236","400"
"3","400","1","45","40","0","830","830","39.77","1.0973936899862784","35.29422274856576","400"
"3","400","1","45","40","0","831","831","40.12","1.0973936899862828","34.97040012692253","400"
"3","400","1","45","40","0","832","832","40.67","1.0973936899862844","35.403811750726824","400"
"3","400","1","45","40","0","833","833","41.225","1.0973936899862857","36.96742674388464","400"
"3","400","1","45","40","0","834","834","41.33","1.0973936899862804","36.444489374049525","400"
"3","400","1","45","40","0","835","835","41.19","1.0973936899862837","36.57757649112705","400"
"3","400","1","45","40","0","836","836","41.02","1.0973936899862835","37.16399375879261","400"
"3","400","1","45","40","0","837","837","39.755","1.0973936899862853","35.90257188209418","400"
"3","400","1","45","40","0","838","838","39.84","1.0973936899862813","36.125483718453566","400"
"3","400","1","45","40","0","839","839","39.43","1.0973936899862833","35.16419412047272","400"
"3","400","1","45","40","0","840","840","39.535","1.0973936899862793","36.33873552115343","400"
"3","400","1","45","40","0","841","841","39.07","1.0973936899862824","36.474755622838586","400"
"3","400","1","45","40","0","842","842","40.275","1.0973936899862857","36.333773699462135","400"
"3","400","1","45","40","0","843","843","41.065","1.0973936899862846","35.98363185136839","400"
"3","400","1","45","40","0","844","844","41.82","1.0973936899862817","37.33604170845698","400"
"3","400","1","45","40","0","845","845","41.925","1.0973936899862806","36.95266438509609","400"
"3","400","1","45","40","0","846","846","41.045","1.097393689986283","36.437266903739506","400"
"3","400","1","45","40","0","847","847","40.32","1.0973936899862844","37.1589533460765","400"
"3","400","1","45","40","0","848","848","39.68","1.0973936899862864","35.43691728183002","400"
"3","400","1","45","40","0","849","849","40.895","1.0973936899862853","37.72155128848186","400"
"3","400","1","45","40","0","850","850","41.565","1.0973936899862853","35.478164139985125","400"
"3","400","1","45","40","0","851","851","41.785","1.0973936899862846","36.398142181746124","400"
"3","400","1","45","40","0","852","852","42.045","1.0973936899862857","36.795367459499595","400"
"3","400","1","45","40","0","853","853","42.245","1.0973936899862833","36.96870664982091","400"
"3","400","1","45","40","0","854","854","42.11","1.0973936899862808","35.94336915420721","400"
"3","400","1","45","40","0","855","855","40.405","1.0973936899862822","37.20031095402479","400"
"3","400","1","45","40","0","856","856","40.055","1.097393689986285","37.300314621247516","400"
"3","400","1","45","40","0","857","857","40.71","1.0973936899862853","37.713842191179445","400"
"3","400","1","45","40","0","858","858","41.56","1.0973936899862835","36.530259707397825","400"
"3","400","1","45","40","0","859","859","43.08","1.0973936899862793","35.75066382855484","400"
"3","400","1","45","40","0","860","860","43.93","1.0973936899862786","38.15475625684542","400"
"3","400","1","45","40","0","861","861","43.35","1.0973936899862837","40.43421099231685","400"
"3","400","1","45","40","0","862","862","41.46","1.0973936899862866","38.37493631086652","400"
"3","400","1","45","40","0","863","863","39.235","1.0973936899862815","37.83178377014746","400"
"3","400","1","45","40","0","864","864","37.685","1.097393689986281","38.01127266996799","400"
"3","400","1","45","40","0","865","865","37.46","1.097393689986283","34.84291109644794","400"
"3","400","1","45","40","0","866","866","38.52","1.0973936899862815","35.614506928835276","400"
"3","400","1","45","40","0","867","867","38.895","1.0973936899862813","37.89316010809109","400"
"3","400","1","45","40","0","868","868","39.795","1.0973936899862862","38.3983586051963","400"
"3","400","1","45","40","0","869","869","40.79","1.0973936899862848","36.513907032520194","400"
"3","400","1","45","40","0","870","870","41.165","1.097393689986281","37.90962116201468","400"
"3","400","1","45","40","0","871","871","41.245","1.0973936899862797","36.410623559077266","400"
"3","400","1","45","40","0","872","872","40.96","1.097393689986281","39.334964612867054","400"
"3","400","1","45","40","0","873","873","40.94","1.0973936899862888","37.30863416461173","400"
"3","400","1","45","40","0","874","874","41.03","1.0973936899862842","36.453567934038695","400"
"3","400","1","45","40","0","875","875","41.55","1.097393689986283","38.11700122479483","400"
"3","400","1","45","40","0","876","876","42.04","1.0973936899862837","36.69189114919732","400"
"3","400","1","45","40","0","877","877","41.49","1.0973936899862806","36.74282022121213","400"
"3","400","1","45","40","0","878","878","41.28","1.0973936899862815","37.255098388097096","400"
"3","400","1","45","40","0","879","879","41.395","1.0973936899862824","36.93136177534365","400"
"3","400","1","45","40","0","880","880","42.045","1.0973936899862826","37.476089573744765","400"
"3","400","1","45","40","0","881","881","42.24","1.0973936899862826","38.942138275559635","400"
"3","400","1","45","40","0","882","882","43.65","1.0973936899862815","39.09515901036787","400"
"3","400","1","45","40","0","883","883","44.005","1.0973936899862906","38.39229875827464","400"
"3","400","1","45","40","0","884","884","45.015","1.097393689986281","39.88289515766622","400"
"3","400","1","45","40","0","885","885","45.125","1.0973936899862795","41.374304798972226","400"
"3","400","1","45","40","0","886","886","45.48","1.0973936899862826","39.083741223499636","400"
"3","400","1","45","40","0","887","887","44.77","1.0973936899862842","40.497343818918125","400"
"3","400","1","45","40","0","888","888","42.61","1.0973936899862828","39.84607858246404","400"
"3","400","1","45","40","0","889","889","40.775","1.0973936899862797","39.633551980801094","400"
"3","400","1","45","40","0","890","890","39.95","1.0973936899862846","37.46182886696541","400"
"3","400","1","45","40","0","891","891","39.645","1.0973936899862802","40.23341108613009","400"
"3","400","1","45","40","0","892","892","40.255","1.0973936899862817","36.783087647802375","400"
"3","400","1","45","40","0","893","893","41.545","1.0973936899862848","36.05768611111956","400"
"3","400","1","45","40","0","894","894","42.235","1.0973936899862813","36.068424162234","400"
"3","400","1","45","40","0","895","895","42.77","1.0973936899862802","39.01936978643843","400"
"3","400","1","45","40","0","896","896","41.855","1.0973936899862808","38.81158205215567","400"
"3","400","1","45","40","0","897","897","40.95","1.0973936899862828","38.45495634799585","400"
"3","400","1","45","40","0","898","898","40.345","1.0973936899862813","39.427918640002055","400"
"3","400","1","45","40","0","899","899","39.79","1.0973936899862828","39.227301013032495","400"
"3","400","1","45","40","0","900","900","40.425","1.0973936899862802","39.32967685542722","400"
"3","400","1","45","40","0","901","901","245.545","0.10973936899862823","38.925000000000004","400"
"3","400","1","45","40","0","902","902","225.16","0.2085048010973938","56.511562500000004","400"
"3","400","1","45","40","0","903","903","215.765","0.2973936899862825","80.05749609375","400"
"3","400","1","45","40","0","904","904","212.715","0.37739368998628264","93.03445195312501","400"
"3","400","1","45","40","0","905","905","212.57","0.4493936899862823","98.7912016204834","400"
"3","400","1","45","40","0","906","906","218.465","0.5141936899862827","103.87358205791475","400"
"3","400","1","45","40","0","907","907","227.095","0.5725136899862826","118.7354762229644","400"
"3","400","1","45","40","0","908","908","235.385","0.6250016899862829","121.0769360784638","400"
"3","400","1","45","40","0","909","909","244.955","0.6722408899862826","131.98361775846593","400"
"3","400","1","45","40","0","910","910","252.085","0.7147561699862829","139.6344874781605","400"
"3","400","1","45","40","0","911","911","252.025","0.7530199219862821","145.20326883781692","400"
"3","400","1","45","40","0","912","912","246.865","0.7874572987862828","147.91322971869536","400"
"3","400","1","45","40","0","913","913","239.88","0.818450937906283","145.76682387492252","400"
"3","400","1","45","40","0","914","914","236.19","0.846345213114281","144.92248757391755","400"
"3","400","1","45","40","0","915","915","235.515","0.8714500608014825","155.40192125726378","400"
"3","400","1","45","40","0","916","916","238.365","0.894044423719963","149.50756226968988","400"
"3","400","1","45","40","0","917","917","240.69","0.9143793503465932","155.42849747097887","400"
"3","400","1","45","40","0","918","918","242.435","0.9326807843105622","160.24216558127173","400"
"3","400","1","45","40","0","919","919","243.155","0.9491520748781346","158.889254836081","400"
"3","400","1","45","40","0","920","920","243.15","0.9639762363889506","162.1502099264685","400"
"3","400","1","45","40","0","921","921","241.2","0.9773179817486854","159.85857617669652","400"
"3","400","1","45","40","0","922","922","238.935","0.9893255525724436","157.66256820750087","400"
"3","400","1","45","40","0","923","923","238.405","1.000132366313826","167.0052617554214","400"
"3","400","1","45","40","0","924","924","238.835","1.0098584986810732","160.83406869994346","400"
"3","400","1","45","40","0","925","925","237.97","1.0186120178115936","164.32757623739798","400"
"3","400","1","45","40","0","926","926","238.37","1.0264901850290644","160.1872319030367","400"
"3","400","1","45","40","0","927","927","235.65","1.0335805355247825","157.40479544451875","400"
"3","400","1","45","40","0","928","928","233.575","1.039961850970933","158.08898537015955","400"
"3","400","1","45","40","0","929","929","230.545","1.0457050348724677","155.3061382811204","400"
"3","400","1","45","40","0","930","930","228.28","1.05087390038385","158.5323672657639","400"
"3","400","1","45","40","0","931","931","225.88","1.0555258793440894","161.58751767709293","400"
"3","400","1","45","40","0","932","932","224.895","1.0597126604083134","157.09347299496076","400"
"3","400","1","45","40","0","933","933","226.77","1.0634807633661059","158.58617128798056","400"
"3","400","1","45","40","0","934","934","233.765","1.0668720560281264","158.35602067844255","400"
"3","400","1","45","40","0","935","935","240.435","1.0699242194239322","157.54475808052618","400"
"3","400","1","45","40","0","936","936","248.545","1.0726711664801756","165.16239523172226","400"
"3","400","1","45","40","0","937","937","254.485","1.0751434188307827","160.1911520017835","400"
"3","400","1","45","40","0","938","938","255.39","1.07736844594633","166.4857988082713","400"
"3","400","1","45","40","0","939","939","255.08","1.079370970350327","166.36465336116345","400"
"3","400","1","45","40","0","940","940","251.08","1.0811732423139218","167.05099993319914","400"
"3","400","1","45","40","0","941","941","243.01","1.0827952870811546","168.84158591534487","400"
"3","400","1","45","40","0","942","942","232.055","1.084255127371667","166.899985649648","400"
"3","400","1","45","40","0","943","943","225.125","1.0855689836331293","159.39773519837885","400"
"3","400","1","45","40","0","944","944","225.34","1.0867514542684447","160.96726147389938","400"
"3","400","1","45","40","0","945","945","228.845","1.08781567784023","161.21375033957915","400"
"3","400","1","45","40","0","946","946","234.075","1.088773479054831","160.88519405650572","400"
"3","400","1","45","40","0","947","947","236.21","1.0896355001479796","167.65677545369377","400"
"3","400","1","45","40","0","948","948","237.695","1.090411319131808","161.41655709945795","400"
"3","400","1","45","40","0","949","949","237.12","1.091109556217257","162.94880113906618","400"
"3","400","1","45","40","0","950","950","240.675","1.091737969594162","162.05128269101155","400"
"3","400","1","45","40","0","951","951","243.57","1.0923035416333695","163.01166172791199","400"
"3","400","1","45","40","0","952","952","241.885","1.092812556468664","166.3195381807036","400"
"3","400","1","45","40","0","953","953","234.805","1.093270669820427","164.37532979910213","400"
"3","400","1","45","40","0","954","954","229.435","1.0936829718370074","166.44496241012465","400"
"3","400","1","45","40","0","955","955","224.345","1.0940540436519384","160.33025320273646","400"
"3","400","1","45","40","0","956","956","224.18","1.0943880082853699","158.64466175663205","400"
"3","400","1","45","40","0","957","957","227.775","1.0946885764554646","160.06275392517782","400"
"3","400","1","45","40","0","958","958","236.77","1.094959087808547","162.32089129475904","400"
"3","400","1","45","40","0","959","959","245.82","1.0952025480263186","161.05671247100668","400"
"3","400","1","45","40","0","960","960","251.85","1.0954216622223159","170.08802325802458","400"
"3","400","1","45","40","0","961","961","249.915","1.09561886499871","168.50710756509494","400"
"3","400","1","45","40","0","962","962","240.375","1.095796347497468","167.68931386621315","400"
"3","400","1","45","40","0","963","963","235","1.0959560817463518","164.01032366971702","400"
"3","400","1","45","40","0","964","964","231.59","1.0960998425703445","163.9534167815931","400"
"3","400","1","45","40","0","965","965","228.025","1.0962292273119347","162.39600444112617","400"
"3","400","1","45","40","0","966","966","229.01","1.09634567357937","161.3200633594247","400"
"3","400","1","45","40","0","967","967","228.275","1.0964504752200595","161.06494039858202","400"
"3","400","1","45","40","0","968","968","226.805","1.0965447966966828","165.0146716969699","400"
"3","400","1","45","40","0","969","969","226.465","1.0966296860256408","160.7201331235516","400"
"3","400","1","45","40","0","970","970","225.995","1.0967060864217082","161.0124057057796","400"
"3","400","1","45","40","0","971","971","226.655","1.096774846778165","158.81414692418608","400"
"3","400","1","45","40","0","972","972","233.015","1.0968367310989748","158.5679866698325","400"
"3","400","1","45","40","0","973","973","237.215","1.0968924269877074","168.81764826252171","400"
"3","400","1","45","40","0","974","974","238.49","1.0969425532875656","159.42660590267982","400"
"3","400","1","45","40","0","975","975","236.245","1.0969876669574383","164.20213469280307","400"
"3","400","1","45","40","0","976","976","232.015","1.097028269260325","165.98160656246435","400"
"3","400","1","45","40","0","977","977","229.6","1.0970648113329196","162.38599396920168","400"
"3","400","1","45","40","0","978","978","228.655","1.097097699198257","157.60947964195728","400"
"3","400","1","45","40","0","979","979","227.305","1.0971272982770572","163.897469862288","400"
"3","400","1","45","40","0","980","980","230.45","1.0971539374479777","157.04506383069588","400"
"3","400","1","45","40","0","981","981","235.27","1.0971779127018078","160.20380706659748","400"
"3","400","1","45","40","0","982","982","240.15","1.0971994904302576","162.76803471343882","400"
"3","400","1","45","40","0","983","983","241.69","1.0972189103858652","163.83592797041177","400"
"3","400","1","45","40","0","984","984","238.21","1.0972363883459053","164.2804982008353","400"
"3","400","1","45","40","0","985","985","234.13","1.0972521185099435","159.8212166659379","400"
"3","400","1","45","40","0","986","986","233.785","1.0972662756575704","162.80526154978318","400"
"3","400","1","45","40","0","987","987","234.88","1.0972790170904454","166.19656876955005","400"
"3","400","1","45","40","0","988","988","240.47","1.0972904843800304","161.09547590270185","400"
"3","400","1","45","40","0","989","989","240.22","1.0973008049406536","172.98388693918048","400"
"3","400","1","45","40","0","990","990","238.98","1.0973100934452193","160.66378983258187","400"
"3","400","1","45","40","0","991","991","238.815","1.0973184530993234","174.23259109628532","400"
"3","400","1","45","40","0","992","992","236.78","1.0973259767880215","158.50432335466505","400"
"3","400","1","45","40","0","993","993","234.01","1.0973327481078452","171.928103692097","400"
"3","400","1","45","40","0","994","994","234.46","1.0973388422956853","164.20983842135047","400"
"3","400","1","45","40","0","995","995","234.795","1.0973443270647465","161.87645814601458","400"
"3","400","1","45","40","0","996","996","230.8","1.0973492633569033","169.8368079591274","400"
"3","400","1","45","40","0","997","997","231.755","1.097353706019843","157.40154148502074","400"
"3","400","1","45","40","0","998","998","232.88","1.0973577044164868","165.31512149670888","400"
"3","400","1","45","40","0","999","999","234.735","1.0973613029734621","159.58787183626578","400"
"3","400","1","45","40","0","1000","1000","233.98","1.097364541674747","165.31129417326324","400"
"3","400","1","45","40","0","1001","1001","233.525","1.0973674565059006","161.04843160458398","400"
"3","400","1","45","40","0","1002","1002","231.35","1.0973700798539374","168.8958504888454","400"
"3","400","1","45","40","0","1003","1003","225.54","1.0973724408671723","158.44621181438012","400"
"3","400","1","45","40","0","1004","1004","219.925","1.0973745657790837","161.72679213281702","400"
"3","400","1","45","40","0","1005","1005","220.935","1.0973764781998039","157.58648964793025","400"
"3","400","1","45","40","0","1006","1006","223.735","1.097378199378452","159.03032862186433","400"
"3","400","1","45","40","0","1007","1007","227.055","1.0973797484392347","161.43184557601944","400"
"3","400","1","45","40","0","1008","1008","230.405","1.0973811425939413","159.63908143465352","400"
"3","400","1","45","40","0","1009","1009","233.335","1.0973823973331744","160.40945688530908","400"
"3","400","1","45","40","0","1010","1010","234.725","1.0973835265984841","164.20345365218634","400"
"3","400","1","45","40","0","1011","1011","233.14","1.0973845429372648","160.25447938906606","400"
"3","400","1","45","40","0","1012","1012","223.06","1.0973854576421653","158.62624480516286","400"
"3","400","1","45","40","0","1013","1013","215.81","1.0973862808765762","159.1738067012476","400"
"3","400","1","45","40","0","1014","1014","217.675","1.0973870217875448","157.3411835896524","400"
"3","400","1","45","40","0","1015","1015","221.97","1.0973876886074239","160.07182125309663","400"
"3","400","1","45","40","0","1016","1016","228.805","1.0973882887453088","158.63148616992186","400"
"3","400","1","45","40","0","1017","1017","234.435","1.0973888288694076","159.99291153801673","400"
"3","400","1","45","40","0","1018","1018","231.24","1.0973893149810932","166.42362999345588","400"
"3","400","1","45","40","0","1019","1019","230.375","1.0973897524816127","157.40679435098983","400"
"3","400","1","45","40","0","1020","1020","227.72","1.0973901462320796","162.55566018204357","400"
"3","400","1","45","40","0","1021","1021","228.705","1.0973905006075004","158.0594960922594","400"
"3","400","1","45","40","0","1022","1022","230.64","1.0973908195453785","162.54284790021444","400"
"3","400","1","45","40","0","1023","1023","228.1","1.0973911065894708","161.7725507127951","400"
"3","400","1","45","40","0","1024","1024","225.735","1.0973913649291522","158.73251401768576","400"
"3","400","1","45","40","0","1025","1025","223.165","1.097391597434858","164.2504919969663","400"
"3","400","1","45","40","0","1026","1026","220.52","1.097391806690007","154.01199760800228","400"
"3","400","1","45","40","0","1027","1027","222.87","1.0973919950196307","160.89272637834821","400"
"3","400","1","45","40","0","1028","1028","231.64","1.0973921645162967","158.99117896701566","400"
"3","400","1","45","40","0","1029","1029","237.775","1.0973923170632958","159.61604134537538","400"
"3","400","1","45","40","0","1030","1030","239.735","1.0973924543555944","165.98680060298977","400"
"3","400","1","45","40","0","1031","1031","239.01","1.0973925779186613","164.52384306482398","400"
"3","400","1","45","40","0","1032","1032","237.22","1.097392689125422","162.9937833594941","400"
"3","400","1","45","40","0","1033","1033","233.5","1.09739278921151","162.23813060848502","400"
"3","400","1","45","40","0","1034","1034","233.055","1.0973928792889918","164.3189420295109","400"
"3","400","1","45","40","0","1035","1035","235.52","1.0973929603587145","163.01952566151462","400"
"3","400","1","45","40","0","1036","1036","240.285","1.0973930333214785","165.91927320355532","400"
"3","400","1","45","40","0","1037","1037","245.955","1.0973930989879557","162.6257841251037","400"
"3","400","1","45","40","0","1038","1038","243.91","1.0973931580877874","169.05748186454605","400"
"3","400","1","45","40","0","1039","1039","237.885","1.0973932112776388","165.6840176170863","400"
"3","400","1","45","40","0","1040","1040","234.185","1.097393259148501","165.78022798189906","400"
"3","400","1","45","40","0","1041","1041","229.07","1.097393302232279","164.02132583692918","400"
"3","400","1","45","40","0","1042","1042","222.165","1.0973933410076762","162.96469958858455","400"
"3","400","1","45","40","0","1043","1043","222.85","1.0973933759055414","163.94540471492218","400"
"3","400","1","45","40","0","1044","1044","229.175","1.0973934073136125","158.8609025607024","400"
"3","400","1","45","40","0","1045","1045","238.405","1.0973934355808785","159.5665302673235","400"
"3","400","1","45","40","0","1046","1046","244.64","1.0973934610214207","164.515997344281","400"
"3","400","1","45","40","0","1047","1047","247.375","1.097393483917913","165.2117536431482","400"
"3","400","1","45","40","0","1048","1048","246.84","1.0973935045247443","165.77978555739034","400"
"3","400","1","45","40","0","1049","1049","241.92","1.0973935230708964","164.59139497561975","400"
"3","400","1","45","40","0","1050","1050","238.305","1.097393539762438","163.13989740735255","400"
"3","400","1","45","40","0","1051","1051","234.915","1.097393554784822","164.69045983154763","400"
"3","400","1","45","40","0","1052","1052","233.38","1.0973935683049665","163.8161318344753","400"
"3","400","1","45","40","0","1053","1053","229.94","1.097393580473102","164.7522881758088","400"
"3","400","1","45","40","0","1054","1054","227.26","1.0973935914244126","161.5295446395487","400"
"3","400","1","45","40","0","1055","1055","227.84","1.0973936012806071","159.76228126635644","400"
"3","400","1","45","40","0","1056","1056","228.19","1.097393610151169","164.1072049413705","400"
"3","400","1","45","40","0","1057","1057","231.73","1.0973936181346862","157.57273116695924","400"
"3","400","1","45","40","0","1058","1058","235.01","1.097393625319848","162.71489668057097","400"
"3","400","1","45","40","0","1059","1059","236.775","1.0973936317864859","165.04046902475338","400"
"3","400","1","45","40","0","1060","1060","236.81","1.0973936376064652","162.8989140795063","400"
"3","400","1","45","40","0","1061","1061","233.515","1.0973936428444524","167.5417031366659","400"
"3","400","1","45","40","0","1062","1062","230.86","1.0973936475586321","157.56139772399771","400"
"3","400","1","45","40","0","1063","1063","229.61","1.0973936518013951","161.05487349341377","400"
"3","400","1","45","40","0","1064","1064","233.605","1.0973936556198858","159.92869327942338","400"
"3","400","1","45","40","0","1065","1065","236.645","1.0973936590565252","163.17675278409558","400"
"3","400","1","45","40","0","1066","1066","243.015","1.0973936621494982","164.70027917761695","400"
"3","400","1","45","40","0","1067","1067","246.945","1.0973936649331775","165.25438696206058","400"
"3","400","1","45","40","0","1068","1068","251.35","1.0973936674384892","168.77655292970235","400"
"3","400","1","45","40","0","1069","1069","250.175","1.0973936696932705","166.14922254943235","400"
"3","400","1","45","40","0","1070","1070","242.075","1.09739367172257","167.18999170785955","400"
"3","400","1","45","40","0","1071","1071","232.405","1.0973936735489398","164.55216248034236","400"
"3","400","1","45","40","0","1072","1072","225.275","1.097393675192676","161.0273528738203","400"
"3","400","1","45","40","0","1073","1073","224.53","1.0973936766720351","161.30467807225662","400"
"3","400","1","45","40","0","1074","1074","226.505","1.0973936780034588","160.3098131247198","400"
"3","400","1","45","40","0","1075","1075","231.525","1.097393679201742","163.75587191617817","400"
"3","400","1","45","40","0","1076","1076","238.945","1.0973936802801985","161.50720693275608","400"
"3","400","1","45","40","0","1077","1077","234.57","1.0973936812508045","160.91533468607167","400"
"3","400","1","45","40","0","1078","1078","227.055","1.097393682124355","161.38735887937608","400"
"3","400","1","45","40","0","1079","1079","222.33","1.0973936829105475","160.30021306555392","400"
"3","400","1","45","40","0","1080","1080","218.485","1.0973936836181193","158.07847014029045","400"
"3","400","1","45","40","0","1081","1081","217.38","1.0973936842549379","157.25026660535704","400"
"3","400","1","45","40","0","1082","1082","222.375","1.0973936848280756","157.23552966007773","400"
"3","400","1","45","40","0","1083","1083","231.53","1.0973936853438961","154.76338427610278","400"
"3","400","1","45","40","0","1084","1084","241.81","1.0973936858081326","156.82955760829213","400"
"3","400","1","45","40","0","1085","1085","245.87","1.0973936862259472","162.74232309015082","400"
"3","400","1","45","40","0","1086","1086","244.32","1.0973936866019776","165.7504613068185","400"
"3","400","1","45","40","0","1087","1087","234.82","1.0973936869404088","166.6851093983498","400"
"3","400","1","45","40","0","1088","1088","224.285","1.0973936872450012","159.50282644190438","400"
"3","400","1","45","40","0","1089","1089","214.355","1.0973936875191217","164.56840977159897","400"
"3","400","1","45","40","0","1090","1090","213.695","1.0973936877658454","154.0144906307388","400"
"3","400","1","45","40","0","1091","1091","216.97","1.097393687987885","154.48659853071283","400"
"3","400","1","45","40","0","1092","1092","225.175","1.0973936881877213","160.26102344562312","400"
"3","400","1","45","40","0","1093","1093","234.49","1.0973936883675854","163.48032687272945","400"
"3","400","1","45","40","0","1094","1094","237.82","1.0973936885294497","160.35646153156262","400"
"3","400","1","45","40","0","1095","1095","236.87","1.0973936886751343","162.67764696758343","400"
"3","400","1","45","40","0","1096","1096","231.675","1.097393688806251","167.17084030175457","400"
"3","400","1","45","40","0","1097","1097","226.26","1.0973936889242508","159.55441891364617","400"
"3","400","1","45","40","0","1098","1098","225.15","1.0973936890304594","162.31296793329003","400"
"3","400","1","45","40","0","1099","1099","223.8","1.0973936891260403","161.49537243484977","400"
"3","400","1","45","40","0","1100","1100","222.71","1.097393689212063","159.91487736970987","400"
"3","400","1","45","40","0","1101","1101","221.515","1.0973936892894833","160.63213910495125","400"
"3","400","1","45","40","0","1102","1102","222.195","1.0973936893591654","156.95043983685696","400"
"3","400","1","45","40","0","1103","1103","224.48","1.0973936894218792","158.29400587116183","400"
"3","400","1","45","40","0","1104","1104","227.815","1.0973936894783196","160.53237285024338","400"
"3","400","1","45","40","0","1105","1105","232.215","1.0973936895291154","159.52851086293958","400"
"3","400","1","45","40","0","1106","1106","235.68","1.0973936895748317","160.5517330975099","400"
"3","400","1","45","40","0","1107","1107","239.44","1.0973936896159777","165.0158150830839","400"
"3","400","1","45","40","0","1108","1108","239.68","1.097393689653004","163.621014727021","400"
"3","400","1","45","40","0","1109","1109","233.3","1.0973936896863337","161.0541393617745","400"
"3","400","1","45","40","0","1110","1110","222.375","1.0973936897163292","163.19401927518143","400"
"3","400","1","45","40","0","1111","1111","211.055","1.0973936897433243","157.66721014390296","400"
"3","400","1","45","40","0","1112","1112","203.11","1.0973936897676166","154.93119141493042","400"
"3","400","1","45","40","0","1113","1113","201.94","1.0973936897894876","153.15378581936685","400"
"3","400","1","45","40","0","1114","1114","208.1","1.0973936898091663","152.52422003791017","400"
"3","400","1","45","40","0","1115","1115","219.205","1.097393689826879","155.0498605626445","400"
"3","400","1","45","40","0","1116","1116","230.875","1.0973936898428236","154.1084122917942","400"
"3","400","1","45","40","0","1117","1117","245.415","1.0973936898571672","163.634530710068","400"
"3","400","1","45","40","0","1118","1118","251.78","1.0973936898700778","163.4116225518503","400"
"3","400","1","45","40","0","1119","1119","253.115","1.0973936898816994","166.93998514299295","400"
"3","400","1","45","40","0","1120","1120","245.48","1.0973936898921572","164.58159285997192","400"
"3","400","1","45","40","0","1121","1121","233.475","1.097393689901567","166.55348834319744","400"
"3","400","1","45","40","0","1122","1122","223.375","1.097393689910043","160.3287040421955","400"
"3","400","1","45","40","0","1123","1123","221.715","1.0973936899176633","164.64784339380742","400"
"3","400","1","45","40","0","1124","1124","223.95","1.0973936899245254","155.18838892118416","400"
"3","400","1","45","40","0","1125","1125","227.86","1.0973936899307017","162.29833911318488","400"
"3","400","1","45","40","0","1126","1126","235.61","1.0973936899362575","158.50016774634898","400"
"3","400","1","45","40","0","1127","1127","237.39","1.097393689941261","159.22049135531998","400"
"3","400","1","45","40","0","1128","1128","236.585","1.097393689945763","165.06625623042896","400"
"3","400","1","45","40","0","1129","1129","235.04","1.0973936899498153","163.6764738327171","400"
"3","400","1","45","40","0","1130","1130","231.06","1.0973936899534626","163.41518143216936","400"
"3","400","1","45","40","0","1131","1131","226.52","1.0973936899567465","161.044513958072","400"
"3","400","1","45","40","0","1132","1132","225.615","1.0973936899596994","162.13794385865722","400"
"3","400","1","45","40","0","1133","1133","226.195","1.097393689962357","160.02647107219738","400"
"3","400","1","45","40","0","1134","1134","229.015","1.0973936899647492","162.87213439607208","400"
"3","400","1","45","40","0","1135","1135","230.99","1.0973936899669023","161.1051289976444","400"
"3","400","1","45","40","0","1136","1136","232.065","1.0973936899688437","164.76234718995957","400"
"3","400","1","45","40","0","1137","1137","236.34","1.0973936899705845","163.1318629320969","400"
"3","400","1","45","40","0","1138","1138","240.155","1.0973936899721561","162.3034714771674","400"
"3","400","1","45","40","0","1139","1139","239.78","1.0973936899735661","166.68107898232557","400"
"3","400","1","45","40","0","1140","1140","234.1","1.0973936899748395","163.2023715908491","400"
"3","400","1","45","40","0","1141","1141","228.67","1.0973936899759804","163.06095251065747","400"
"3","400","1","45","40","0","1142","1142","221.8","1.0973936899770105","165.85173053675126","400"
"3","400","1","45","40","0","1143","1143","223.15","1.0973936899779426","156.06551072653411","400"
"3","400","1","45","40","0","1144","1144","227.905","1.0973936899787782","160.28879036643818","400"
"3","400","1","45","40","0","1145","1145","234.36","1.0973936899795285","164.04462327044604","400"
"3","400","1","45","40","0","1146","1146","237.9","1.0973936899801966","161.10033106685495","400"
"3","400","1","45","40","0","1147","1147","238.77","1.097393689980804","161.3341239078286","400"
"3","400","1","45","40","0","1148","1148","233.575","1.0973936899813572","165.39454196694098","400"
"3","400","1","45","40","0","1149","1149","228.495","1.0973936899818473","161.67941588010368","400"
"3","400","1","45","40","0","1150","1150","222.165","1.0973936899822967","159.26202269934345","400"
"3","400","1","45","40","0","1151","1151","216.365","1.097393689982693","162.2907132693475","400"
"3","400","1","45","40","0","1152","1152","217.505","1.0973936899830472","156.14295102896304","400"
"3","400","1","45","40","0","1153","1153","220.485","1.0973936899833776","162.13863421896704","400"
"3","400","1","45","40","0","1154","1154","226.095","1.0973936899836667","156.49163511030807","400"
"3","400","1","45","40","0","1155","1155","230.9","1.0973936899839276","161.85649319122723","400"
"3","400","1","45","40","0","1156","1156","238.775","1.0973936899841654","157.6622838052785","400"
"3","400","1","45","40","0","1157","1157","242.9","1.097393689984378","164.53570525963207","400"
"3","400","1","45","40","0","1158","1158","242.29","1.0973936899845649","164.07872898333207","400"
"3","400","1","45","40","0","1159","1159","240.3","1.097393689984735","162.9072673925316","400"
"3","400","1","45","40","0","1160","1160","242.895","1.0973936899848966","163.51723021987485","400"
"3","400","1","45","40","0","1161","1161","245.705","1.097393689985029","169.12299090837143","400"
"3","400","1","45","40","0","1162","1162","244.085","1.09739368998516","159.72584451768748","400"
"3","400","1","45","40","0","1163","1163","244.315","1.0973936899852699","164.36165236838937","400"
"3","400","1","45","40","0","1164","1164","246.98","1.0973936899853696","166.0652991806911","400"
"3","400","1","45","40","0","1165","1165","248.83","1.0973936899854617","167.39540377468876","400"
"3","400","1","45","40","0","1166","1166","246.765","1.0973936899855425","164.44269904067846","400"
"3","400","1","45","40","0","1167","1167","241.18","1.0973936899856138","167.29791644707802","400"
"3","400","1","45","40","0","1168","1168","234.57","1.097393689985684","163.4406161629157","400"
"3","400","1","45","40","0","1169","1169","231.69","1.0973936899857437","164.11513254726742","400"
"3","400","1","45","40","0","1170","1170","229.75","1.0973936899857988","162.08267303030468","400"
"3","400","1","45","40","0","1171","1171","233.08","1.097393689985844","164.3597699888414","400"
"3","400","1","45","40","0","1172","1172","237.745","1.097393689985892","157.19032661074164","400"
"3","400","1","45","40","0","1173","1173","244.315","1.0973936899859305","166.3517582031048","400"
"3","400","1","45","40","0","1174","1174","246.985","1.0973936899859653","165.92700970549066","400"
"3","400","1","45","40","0","1175","1175","247.775","1.0973936899859997","165.51281053977493","400"
"3","400","1","45","40","0","1176","1176","244","1.097393689986026","168.01740005572606","400"
"3","400","1","45","40","0","1177","1177","237.7","1.0973936899860508","166.80004024142252","400"
"3","400","1","45","40","0","1178","1178","230.8","1.097393689986071","167.56934728004506","400"
"3","400","1","45","40","0","1179","1179","229.63","1.0973936899860939","164.39845211887726","400"
"3","400","1","45","40","0","1180","1180","228.645","1.097393689986114","162.78532498184188","400"
"3","400","1","45","40","0","1181","1181","229.185","1.0973936899861332","163.85711376285744","400"
"3","400","1","45","40","0","1182","1182","231.77","1.097393689986147","160.06687601788667","400"
"3","400","1","45","40","0","1183","1183","229.93","1.0973936899861556","163.20823036797992","400"
"3","400","1","45","40","0","1184","1184","229.005","1.0973936899861745","162.74044881151488","400"
"3","400","1","45","40","0","1185","1185","224.125","1.0973936899861834","161.75374441059083","400"
"3","400","1","45","40","0","1186","1186","221.755","1.0973936899861927","164.72281409169653","400"
"3","400","1","45","40","0","1187","1187","220.195","1.0973936899862067","156.6978546068503","400"
"3","400","1","45","40","0","1188","1188","220.7","1.0973936899862116","159.52612630493257","400"
"3","400","1","45","40","0","1189","1189","220.5","1.0973936899862173","157.20916349068892","400"
"3","400","1","45","40","0","1190","1190","220.375","1.097393689986219","163.15000061808527","400"
"3","400","1","45","40","0","1191","1191","222.16","1.0973936899862302","156.9456120989064","400"
"3","400","1","45","40","0","1192","1192","223.305","1.0973936899862364","160.10314975421056","400"
"3","400","1","45","40","0","1193","1193","223.375","1.0973936899862402","160.187403475936","400"
"3","400","1","45","40","0","1194","1194","221.76","1.0973936899862455","158.31765163349672","400"
"3","400","1","45","40","0","1195","1195","225.79","1.0973936899862486","157.47727153523167","400"
"3","400","1","45","40","0","1196","1196","231.62","1.0973936899862495","165.32822582692248","400"
"3","400","1","45","40","0","1197","1197","236.7","1.0973936899862533","160.14405735738268","400"
"3","400","1","45","40","0","1198","1198","234.565","1.0973936899862613","166.041674652942","400"
"3","400","1","45","40","0","1199","1199","230.425","1.09739368998626","161.7770128615731","400"
"3","400","1","45","40","0","1200","1200","227.155","1.0973936899862617","167.33041523000307","400"
"4","400","1","45","40","0","0","0","1.57","0","0","400"
"4","400","1","45","40","0","1","1","1.6","0.10973936899863265","0.9","400"
"4","400","1","45","40","0","2","2","1.685","0.2085048010973964","1.456875","400"
"4","400","1","45","40","0","3","3","1.64","0.29739368998628246","1.8859218750000002","400"
"4","400","1","45","40","0","4","4","1.635","0.37739368998628237","2.3062710937500004","400"
"4","400","1","45","40","0","5","5","1.645","0.44939368998628426","2.6214114770507813","400"
"4","400","1","45","40","0","6","6","1.735","0.5141936899862835","3.1200249009704595","400"
"4","400","1","45","40","0","7","7","1.805","0.5725136899862827","3.5971075196522717","400"
"4","400","1","45","40","0","8","8","1.835","0.6250016899862825","3.318807002210198","400"
"4","400","1","45","40","0","9","9","1.71","0.6722408899862831","3.267163723294845","400"
"4","400","1","45","40","0","10","10","1.78","0.7147561699862792","3.501704060151537","400"
"4","400","1","45","40","0","11","11","1.87","0.7530199219862824","3.519531782082443","400"
"4","400","1","45","40","0","12","12","2.025","0.7874572987862843","3.503746109738688","400"
"4","400","1","45","40","0","13","13","2.1","0.8184509379062809","3.9042219737486454","400"
"4","400","1","45","40","0","14","14","2.205","0.8463452131142815","3.863328207290269","400"
"4","400","1","45","40","0","15","15","2.295","0.8714500608014867","4.225014415991206","400"
"4","400","1","45","40","0","16","16","2.465","0.8940444237199623","4.298610858098528","400"
"4","400","1","45","40","0","17","17","2.525","0.9143793503465949","4.969336653081134","400"
"4","400","1","45","40","0","18","18","2.71","0.9326807843105643","5.237247600805517","400"
"4","400","1","45","40","0","19","19","2.96","0.9491520748781339","6.00220775946188","400"
"4","400","1","45","40","0","20","20","3.225","0.9639762363889539","6.010463536068003","400"
"4","400","1","45","40","0","21","21","3.275","0.977317981748684","5.607516461473564","400"
"4","400","1","45","40","0","22","22","3.45","0.9893255525724437","5.975004810057286","400"
"4","400","1","45","40","0","23","23","3.565","1.0001323663138255","6.107064351316616","400"
"4","400","1","45","40","0","24","24","3.835","1.0098584986810735","6.321859208747275","400"
"4","400","1","45","40","0","25","25","3.94","1.018612017811593","6.775450799223725","400"
"4","400","1","45","40","0","26","26","3.85","1.026490185029062","6.891194279352044","400"
"4","400","1","45","40","0","27","27","3.885","1.0335805355247871","6.90317191557307","400"
"4","400","1","45","40","0","28","28","4.15","1.03996185097094","7.402587121370542","400"
"4","400","1","45","40","0","29","29","4.475","1.0457050348724712","7.807672316287072","400"
"4","400","1","45","40","0","30","30","4.515","1.0508739003838505","8.04169958015066","400"
"4","400","1","45","40","0","31","31","4.71","1.0555258793440936","8.738477873923172","400"
"4","400","1","45","40","0","32","32","4.805","1.0597126604083167","9.268432226392193","400"
"4","400","1","45","40","0","33","33","5.05","1.0634807633661103","9.28711202929967","400"
"4","400","1","45","40","0","34","34","5.405","1.0668720560281248","9.084834589092223","400"
"4","400","1","45","40","0","35","35","5.65","1.0699242194239456","9.007294054139336","400"
"4","400","1","45","40","0","36","36","5.95","1.0726711664801765","9.07714616586567","400"
"4","400","1","45","40","0","37","37","6.065","1.0751434188307933","10.583828380807546","400"
"4","400","1","45","40","0","38","38","6.325","1.0773684459463362","10.564653809954383","400"
"4","400","1","45","40","0","39","39","6.43","1.0793709703503287","10.935746743615443","400"
"4","400","1","45","40","0","40","40","6.82","1.0811732423139278","11.545821274706272","400"
"4","400","1","45","40","0","41","41","6.76","1.082795287081163","11.960293791435303","400"
"4","400","1","45","40","0","42","42","7.13","1.084255127371675","11.668663835366434","400"
"4","400","1","45","40","0","43","43","7.58","1.0855689836331328","13.169099046322058","400"
"4","400","1","45","40","0","44","44","7.775","1.0867514542684489","12.27065279829189","400"
"4","400","1","45","40","0","45","45","8.02","1.087815677840233","13.966251841742096","400"
"4","400","1","45","40","0","46","46","8.44","1.0887734790548382","16.125552251301357","400"
"4","400","1","45","40","0","47","47","8.515","1.089635500147986","14.353110121158366","400"
"4","400","1","45","40","0","48","48","8.41","1.0904113191318092","16.50339282101793","400"
"4","400","1","45","40","0","49","49","8.31","1.0911095562172606","14.298393897431914","400"
"4","400","1","45","40","0","50","50","8.46","1.0917379695941611","14.620033313562656","400"
"4","400","1","45","40","0","51","51","8.855","1.0923035416333715","14.93999087372949","400"
"4","400","1","45","40","0","52","52","8.86","1.0928125564686642","14.842111648738753","400"
"4","400","1","45","40","0","53","53","9.005","1.0932706698204266","14.771267024699412","400"
"4","400","1","45","40","0","54","54","8.915","1.0936829718370122","14.877562107116884","400"
"4","400","1","45","40","0","55","55","8.48","1.0940540436519408","14.474613573292999","400"
"4","400","1","45","40","0","56","56","8.73","1.0943880082853705","14.461989204899472","400"
"4","400","1","45","40","0","57","57","8.86","1.0946885764554644","14.492447286752375","400"
"4","400","1","45","40","0","58","58","9.3","1.0949590878085482","15.15906874715286","400"
"4","400","1","45","40","0","59","59","10.105","1.0952025480263203","15.990209549239147","400"
"4","400","1","45","40","0","60","60","10.605","1.095421662222318","16.447033475039017","400"
"4","400","1","45","40","0","61","61","11.095","1.0956188649987126","17.48358162803541","400"
"4","400","1","45","40","0","62","62","10.935","1.0957963474974701","18.550858059424613","400"
"4","400","1","45","40","0","63","63","11.27","1.0959560817463525","19.639395436815892","400"
"4","400","1","45","40","0","64","64","11.525","1.0960998425703448","19.59607144142177","400"
"4","400","1","45","40","0","65","65","11.545","1.0962292273119405","20.318778112972524","400"
"4","400","1","45","40","0","66","66","11.875","1.0963456735793726","20.221052854294136","400"
"4","400","1","45","40","0","67","67","11.575","1.0964504752200632","19.11007964411294","400"
"4","400","1","45","40","0","68","68","11.345","1.0965447966966844","21.84624056092824","400"
"4","400","1","45","40","0","69","69","11.24","1.0966296860256493","18.68083598264547","400"
"4","400","1","45","40","0","70","70","11.085","1.0967060864217097","20.808132803152485","400"
"4","400","1","45","40","0","71","71","11.175","1.0967748467781646","18.75701356540174","400"
"4","400","1","45","40","0","72","72","10.965","1.0968367310989786","19.280204053137393","400"
"4","400","1","45","40","0","73","73","11.225","1.0968924269877138","18.181780719494615","400"
"4","400","1","45","40","0","74","74","11.88","1.0969425532875676","19.198550532874904","400"
"4","400","1","45","40","0","75","75","12.615","1.0969876669574392","21.551359496487944","400"
"4","400","1","45","40","0","76","76","13.255","1.0970282692603233","21.42507978410993","400"
"4","400","1","45","40","0","77","77","13.355","1.0970648113329198","22.974914428580554","400"
"4","400","1","45","40","0","78","78","13.725","1.0970976991982584","22.85094645868686","400"
"4","400","1","45","40","0","79","79","13.515","1.0971272982770595","22.579424096779626","400"
"4","400","1","45","40","0","80","80","13.49","1.097153937447975","22.727369899477257","400"
"4","400","1","45","40","0","81","81","13.405","1.0971779127018109","21.500466855503625","400"
"4","400","1","45","40","0","82","82","13.375","1.097199490430259","21.124135404901498","400"
"4","400","1","45","40","0","83","83","13.625","1.0972189103858645","20.017236823108465","400"
"4","400","1","45","40","0","84","84","13.815","1.0972363883459078","19.368464124470595","400"
"4","400","1","45","40","0","85","85","14.04","1.097252118509942","20.133254582538957","400"
"4","400","1","45","40","0","86","86","14.56","1.0972662756575786","21.550582226614978","400"
"4","400","1","45","40","0","87","87","14.98","1.0972790170904443","22.285089125274354","400"
"4","400","1","45","40","0","88","88","14.9","1.0972904843800255","21.415648620348684","400"
"4","400","1","45","40","0","89","89","14.84","1.0973008049406514","22.498100799072393","400"
"4","400","1","45","40","0","90","90","14.61","1.0973100934452145","22.69272405525377","400"
"4","400","1","45","40","0","91","91","14.62","1.0973184530993252","23.515345008444505","400"
"4","400","1","45","40","0","92","92","14.785","1.0973259767880201","22.20317477095815","400"
"4","400","1","45","40","0","93","93","15.28","1.0973327481078494","22.9160902782156","400"
"4","400","1","45","40","0","94","94","15.46","1.097338842295688","24.12254722349421","400"
"4","400","1","45","40","0","95","95","15.515","1.0973443270647498","24.45328681994121","400"
"4","400","1","45","40","0","96","96","15.25","1.0973492633569026","23.583716711771135","400"
"4","400","1","45","40","0","97","97","15.045","1.0973537060198455","24.784549544748835","400"
"4","400","1","45","40","0","98","98","15.18","1.0973577044164844","24.34139050920889","400"
"4","400","1","45","40","0","99","99","15.38","1.097361302973464","22.67367699421467","400"
"4","400","1","45","40","0","100","100","15.77","1.0973645416747466","21.847928622430157","400"
"4","400","1","45","40","0","101","101","16.325","1.0973674565058993","22.25868385103555","400"
"4","400","1","45","40","0","102","102","17.195","1.0973700798539352","23.565447359751687","400"
"4","400","1","45","40","0","103","103","18.1","1.0973724408671781","23.4674515563803","400"
"4","400","1","45","40","0","104","104","18.51","1.0973745657790823","25.101177404499854","400"
"4","400","1","45","40","0","105","105","18.345","1.097376478199805","25.431390080535966","400"
"4","400","1","45","40","0","106","106","18.39","1.0973781993784513","25.469776200358535","400"
"4","400","1","45","40","0","107","107","18.005","1.0973797484392318","25.49306038109422","400"
"4","400","1","45","40","0","108","108","17.995","1.097381142593944","26.4695326118123","400"
"4","400","1","45","40","0","109","109","17.965","1.0973823973331807","24.569925266322414","400"
"4","400","1","45","40","0","110","110","17.895","1.0973835265984835","25.512393573176524","400"
"4","400","1","45","40","0","111","111","18.17","1.097384542937263","22.95219572151607","400"
"4","400","1","45","40","0","112","112","17.87","1.0973854576421656","24.427704286118985","400"
"4","400","1","45","40","0","113","113","17.105","1.0973862808765773","23.445018938892787","400"
"4","400","1","45","40","0","114","114","17.225","1.0973870217875477","23.007726554939694","400"
"4","400","1","45","40","0","115","115","16.86","1.0973876886074212","22.638318902806468","400"
"4","400","1","45","40","0","116","116","16.955","1.097388288745301","21.393648556208255","400"
"4","400","1","45","40","0","117","117","17.77","1.0973888288694036","20.788886024353275","400"
"4","400","1","45","40","0","118","118","18.91","1.097389314981089","21.89905933475624","400"
"4","400","1","45","40","0","119","119","20.255","1.0973897524816139","22.22361507184073","400"
"4","400","1","45","40","0","120","120","20.805","1.0973901462320754","23.096930922855094","400"
"4","400","1","45","40","0","121","121","20.925","1.0973905006074998","24.53701657122841","400"
"4","400","1","45","40","0","122","122","20.61","1.097390819545379","22.224161399594912","400"
"4","400","1","45","40","0","123","123","19.965","1.0973911065894684","24.493887167972336","400"
"4","400","1","45","40","0","124","124","19.945","1.0973913649291478","22.605590036686465","400"
"4","400","1","45","40","0","125","125","20.31","1.0973915974348667","22.912961615986898","400"
"4","400","1","45","40","0","126","126","20.615","1.0973918066900048","23.071353344075014","400"
"4","400","1","45","40","0","127","127","21.19","1.0973919950196358","23.2153729153559","400"
"4","400","1","45","40","0","128","128","21.555","1.0973921645162952","24.96324671260709","400"
"4","400","1","45","40","0","129","129","21.14","1.0973923170632987","23.995408759340382","400"
"4","400","1","45","40","0","130","130","20.46","1.0973924543555933","25.07445108649822","400"
"4","400","1","45","40","0","131","131","20.2","1.0973925779186693","24.79915408090298","400"
"4","400","1","45","40","0","132","132","19.925","1.0973926891254258","24.483442584239803","400"
"4","400","1","45","40","0","133","133","20.04","1.0973927892115127","24.32196405661402","400"
"4","400","1","45","40","0","134","134","19.78","1.0973928792889902","25.710026548962535","400"
"4","400","1","45","40","0","135","135","19.46","1.097392960358715","23.44326508471508","400"
"4","400","1","45","40","0","136","136","19.73","1.0973930333214736","25.322058742859067","400"
"4","400","1","45","40","0","137","137","20.04","1.097393098987959","24.085490466667213","400"
"4","400","1","45","40","0","138","138","20.43","1.0973931580877885","23.33017356354931","400"
"4","400","1","45","40","0","139","139","20.755","1.0973932112776363","22.891360690654185","400"
"4","400","1","45","40","0","140","140","20.65","1.097393259148505","24.462179778769496","400"
"4","400","1","45","40","0","141","141","20.54","1.0973933022322777","23.999637545825102","400"
"4","400","1","45","40","0","142","142","20.41","1.0973933410076813","25.139804677730062","400"
"4","400","1","45","40","0","143","143","20.09","1.0973933759055423","26.31103596275691","400"
"4","400","1","45","40","0","144","144","20.12","1.0973934073136138","26.042147956636498","400"
"4","400","1","45","40","0","145","145","20.225","1.0973934355808803","25.491803003101214","400"
"4","400","1","45","40","0","146","146","20.015","1.0973934610214195","24.699818540505092","400"
"4","400","1","45","40","0","147","147","20.395","1.097393483917908","25.04292598096678","400"
"4","400","1","45","40","0","148","148","21.16","1.0973935045247476","24.625713822857243","400"
"4","400","1","45","40","0","149","149","21.905","1.0973935230709015","24.418154987836907","400"
"4","400","1","45","40","0","150","150","21.32","1.0973935397624415","24.00641640446745","400"
"4","400","1","45","40","0","151","151","20.64","1.09739355478482","24.378586817075547","400"
"4","400","1","45","40","0","152","152","20.055","1.0973935683049687","23.94302002935226","400"
"4","400","1","45","40","0","153","153","19.375","1.0973935804731003","24.95430744327191","400"
"4","400","1","45","40","0","154","154","19.475","1.0973935914244162","23.437144330641555","400"
"4","400","1","45","40","0","155","155","20.13","1.0973936012806045","25.191581625953436","400"
"4","400","1","45","40","0","156","156","20.715","1.0973936101511725","23.69970004747474","400"
"4","400","1","45","40","0","157","157","20.73","1.0973936181346813","24.420571835661956","400"
"4","400","1","45","40","0","158","158","21.275","1.097393625319845","24.950729803316268","400"
"4","400","1","45","40","0","159","159","22.465","1.0973936317864865","25.444576734683366","400"
"4","400","1","45","40","0","160","160","23.755","1.0973936376064717","23.980881111018153","400"
"4","400","1","45","40","0","161","161","24.95","1.097393642844448","27.73946572615384","400"
"4","400","1","45","40","0","162","162","24.88","1.0973936475586363","28.32080776542252","400"
"4","400","1","45","40","0","163","163","24.735","1.0973936518013994","29.35141505882991","400"
"4","400","1","45","40","0","164","164","24.19","1.0973936556198862","27.947156912136915","400"
"4","400","1","45","40","0","165","165","24.015","1.097393659056524","28.08644839211044","400"
"4","400","1","45","40","0","166","166","24.2","1.097393662149505","27.470703566257058","400"
"4","400","1","45","40","0","167","167","23.84","1.0973936649331777","25.63443908701119","400"
"4","400","1","45","40","0","168","168","23.02","1.0973936674384908","25.77207889508507","400"
"4","400","1","45","40","0","169","169","23.425","1.0973936696932702","26.391432117758978","400"
"4","400","1","45","40","0","170","170","23.7","1.0973936717225705","25.442999850842615","400"
"4","400","1","45","40","0","171","171","23.995","1.0973936735489394","26.296699131276696","400"
"4","400","1","45","40","0","172","172","24.86","1.097393675192678","27.274058690976858","400"
"4","400","1","45","40","0","173","173","25.16","1.0973936766720358","27.590876660867895","400"
"4","400","1","45","40","0","174","174","25.805","1.0973936780034628","30.851157654440815","400"
"4","400","1","45","40","0","175","175","25.78","1.0973936792017447","28.787577806493562","400"
"4","400","1","45","40","0","176","176","26.07","1.097393680280202","29.429109523146135","400"
"4","400","1","45","40","0","177","177","25.55","1.0973936812508045","27.106965993641722","400"
"4","400","1","45","40","0","178","178","24.63","1.097393682124352","29.248742511805506","400"
"4","400","1","45","40","0","179","179","23.945","1.0973936829105462","27.15603988709548","400"
"4","400","1","45","40","0","180","180","23.805","1.0973936836181277","28.354545318628002","400"
"4","400","1","45","40","0","181","181","23.675","1.0973936842549328","26.95039148401223","400"
"4","400","1","45","40","0","182","182","24.08","1.09739368482807","27.470967714441283","400"
"4","400","1","45","40","0","183","183","25.22","1.0973936853438904","29.58780687327259","400"
"4","400","1","45","40","0","184","184","25.955","1.0973936858081363","31.272283791109885","400"
"4","400","1","45","40","0","185","185","25.73","1.0973936862259446","30.824740279497227","400"
"4","400","1","45","40","0","186","186","24.795","1.0973936866019791","29.85949153076472","400"
"4","400","1","45","40","0","187","187","23.86","1.0973936869404122","31.61680993774496","400"
"4","400","1","45","40","0","188","188","23.365","1.0973936872449992","30.906057746319103","400"
"4","400","1","45","40","0","189","189","23.81","1.097393687519126","30.52176614398342","400"
"4","400","1","45","40","0","190","190","24.41","1.097393687765843","29.999122021618152","400"
"4","400","1","45","40","0","191","191","25.06","1.0973936879878845","30.92271969220592","400"
"4","400","1","45","40","0","192","192","24.95","1.0973936881877258","28.821441284704044","400"
"4","400","1","45","40","0","193","193","24.375","1.0973936883675777","29.463843839270304","400"
"4","400","1","45","40","0","194","194","23.895","1.09739368852945","27.871813070315465","400"
"4","400","1","45","40","0","195","195","23.525","1.0973936886751336","26.86002630229934","400"
"4","400","1","45","40","0","196","196","23.315","1.0973936888062512","28.94825556087412","400"
"4","400","1","45","40","0","197","197","23.645","1.0973936889242524","27.278615941467947","400"
"4","400","1","45","40","0","198","198","24.155","1.097393689030458","29.089442715571458","400"
"4","400","1","45","40","0","199","199","23.885","1.0973936891260412","27.98602115888142","400"
"4","400","1","45","40","0","200","200","24.125","1.097393689212064","28.07204181547706","400"
"4","400","1","45","40","0","201","201","24.955","1.097393689289484","29.169245836942512","400"
"4","400","1","45","40","0","202","202","25.985","1.0973936893591667","28.818463160981967","400"
"4","400","1","45","40","0","203","203","26.435","1.0973936894218763","31.038411744129096","400"
"4","400","1","45","40","0","204","204","26.485","1.0973936894783174","30.007409490068166","400"
"4","400","1","45","40","0","205","205","26.78","1.097393689529113","30.341623327382806","400"
"4","400","1","45","40","0","206","206","26.915","1.09739368957483","31.861737733313614","400"
"4","400","1","45","40","0","207","207","27.18","1.0973936896159742","30.049115358831365","400"
"4","400","1","45","40","0","208","208","27.51","1.0973936896530085","28.877525336810688","400"
"4","400","1","45","40","0","209","209","27.09","1.0973936896863354","29.904670512832464","400"
"4","400","1","45","40","0","210","210","26.805","1.0973936897163312","30.03079771969074","400"
"4","400","1","45","40","0","211","211","26.52","1.0973936897433214","30.82336031699956","400"
"4","400","1","45","40","0","212","212","26.235","1.09739368976762","31.95637696583932","400"
"4","400","1","45","40","0","213","213","26.23","1.0973936897894878","32.23026552260203","400"
"4","400","1","45","40","0","214","214","25.86","1.0973936898091665","31.48379929594921","400"
"4","400","1","45","40","0","215","215","25.675","1.0973936898268757","30.52539484926808","400"
"4","400","1","45","40","0","216","216","25.48","1.0973936898428176","31.78207932648204","400"
"4","400","1","45","40","0","217","217","25.915","1.0973936898571632","30.012041928112545","400"
"4","400","1","45","40","0","218","218","26.56","1.0973936898700773","31.673577712935952","400"
"4","400","1","45","40","0","219","219","26.925","1.0973936898816972","30.304474976683135","400"
"4","400","1","45","40","0","220","220","27.695","1.0973936898921561","31.07075601467529","400"
"4","400","1","45","40","0","221","221","28.76","1.0973936899015644","30.470926529872248","400"
"4","400","1","45","40","0","222","222","28","1.097393689910041","32.83346529773067","400"
"4","400","1","45","40","0","223","223","27.35","1.097393689917665","32.930731524346484","400"
"4","400","1","45","40","0","224","224","25.925","1.0973936899245305","31.88165021410662","400"
"4","400","1","45","40","0","225","225","24.56","1.0973936899307057","29.027919158207915","400"
"4","400","1","45","40","0","226","226","23.96","1.097393689936261","28.513993843474466","400"
"4","400","1","45","40","0","227","227","24.58","1.0973936899412629","28.040282748366987","400"
"4","400","1","45","40","0","228","228","25.41","1.0973936899457657","28.285758765824912","400"
"4","400","1","45","40","0","229","229","27.065","1.0973936899498167","30.490555326257965","400"
"4","400","1","45","40","0","230","230","27.69","1.0973936899534613","30.67716310046269","400"
"4","400","1","45","40","0","231","231","27.625","1.097393689956744","31.188150183504643","400"
"4","400","1","45","40","0","232","232","27.285","1.0973936899596992","31.220478775559688","400"
"4","400","1","45","40","0","233","233","26.58","1.0973936899623578","30.774484167022887","400"
"4","400","1","45","40","0","234","234","25.96","1.0973936899647494","31.319402116491318","400"
"4","400","1","45","40","0","235","235","25.44","1.0973936899669006","29.819140474505932","400"
"4","400","1","45","40","0","236","236","24.545","1.097393689968842","31.341032469419208","400"
"4","400","1","45","40","0","237","237","24.47","1.0973936899705834","29.62147884916253","400"
"4","400","1","45","40","0","238","238","25","1.0973936899721535","28.459213337907894","400"
"4","400","1","45","40","0","239","239","25.61","1.097393689973568","27.223360071337805","400"
"4","400","1","45","40","0","240","240","26.38","1.097393689974843","26.92488844209766","400"
"4","400","1","45","40","0","241","241","26.965","1.0973936899759829","28.675079911703506","400"
"4","400","1","45","40","0","242","242","28.18","1.097393689977019","29.054290291536045","400"
"4","400","1","45","40","0","243","243","27.475","1.0973936899779393","30.180008780064668","400"
"4","400","1","45","40","0","244","244","27.185","1.0973936899787797","32.01711649342096","400"
"4","400","1","45","40","0","245","245","26.645","1.09739368997953","29.064883587238374","400"
"4","400","1","45","40","0","246","246","26.505","1.0973936899802","29.601216276375037","400"
"4","400","1","45","40","0","247","247","28.04","1.0973936899808094","28.264132397159706","400"
"4","400","1","45","40","0","248","248","28.505","1.097393689981356","27.296421647775315","400"
"4","400","1","45","40","0","249","249","28.815","1.0973936899818497","29.514249783353353","400"
"4","400","1","45","40","0","250","250","28.925","1.097393689982288","27.72592662042809","400"
"4","400","1","45","40","0","251","251","28.57","1.0973936899826935","28.466771012720145","400"
"4","400","1","45","40","0","252","252","27.535","1.0973936899830494","29.533289601912376","400"
"4","400","1","45","40","0","253","253","27.35","1.0973936899833738","29.35966996853243","400"
"4","400","1","45","40","0","254","254","27.545","1.097393689983669","29.2786058588434","400"
"4","400","1","45","40","0","255","255","28.115","1.097393689983928","30.05659318534312","400"
"4","400","1","45","40","0","256","256","28.31","1.0973936899841654","29.541894037605207","400"
"4","400","1","45","40","0","257","257","29.33","1.0973936899843708","29.83766702134989","400"
"4","400","1","45","40","0","258","258","30.645","1.0973936899845647","31.352970607174072","400"
"4","400","1","45","40","0","259","259","30.975","1.0973936899847356","32.03852210037396","400"
"4","400","1","45","40","0","260","260","31.1","1.0973936899848886","30.640726935841872","400"
"4","400","1","45","40","0","261","261","30.37","1.0973936899850307","33.08409251313167","400"
"4","400","1","45","40","0","262","262","29.62","1.0973936899851595","31.773329175772908","400"
"4","400","1","45","40","0","263","263","28.54","1.0973936899852677","33.05107498045775","400"
"4","400","1","45","40","0","264","264","28.12","1.097393689985372","30.149031389094375","400"
"4","400","1","45","40","0","265","265","28.07","1.0973936899854635","30.438751559813245","400"
"4","400","1","45","40","0","266","266","28.13","1.0973936899855503","30.189725492658578","400"
"4","400","1","45","40","0","267","267","28.465","1.0973936899856171","29.65011601317976","400"
"4","400","1","45","40","0","268","268","29.475","1.0973936899856822","31.294619231172724","400"
"4","400","1","45","40","0","269","269","29.765","1.0973936899857382","30.50104401864158","400"
"4","400","1","45","40","0","270","270","30.015","1.097393689985794","31.69528907139533","400"
"4","400","1","45","40","0","271","271","30.14","1.0973936899858443","32.31155337812449","400"
"4","400","1","45","40","0","272","272","30.575","1.097393689985888","31.921972174834323","400"
"4","400","1","45","40","0","273","273","31.42","1.0973936899859307","31.013981167191524","400"
"4","400","1","45","40","0","274","274","31.31","1.0973936899859629","32.08829922131922","400"
"4","400","1","45","40","0","275","275","31.095","1.0973936899859977","32.556104775474516","400"
"4","400","1","45","40","0","276","276","30.87","1.0973936899860224","33.66084346673027","400"
"4","400","1","45","40","0","277","277","29.765","1.0973936899860521","33.15418199508695","400"
"4","400","1","45","40","0","278","278","29.495","1.0973936899860732","35.21089173407877","400"
"4","400","1","45","40","0","279","279","29.17","1.0973936899860957","32.581127162238275","400"
"4","400","1","45","40","0","280","280","28.965","1.0973936899861059","32.63499896654534","400"
"4","400","1","45","40","0","281","281","28.55","1.0973936899861232","33.42564388700467","400"
"4","400","1","45","40","0","282","282","28.68","1.0973936899861452","32.176124475410106","400"
"4","400","1","45","40","0","283","283","29.605","1.097393689986161","31.626855417632168","400"
"4","400","1","45","40","0","284","284","30.235","1.0973936899861747","32.35237546568883","400"
"4","400","1","45","40","0","285","285","30.215","1.0973936899861891","33.293764325273074","400"
"4","400","1","45","40","0","286","286","30.635","1.0973936899861945","32.664406767152585","400"
"4","400","1","45","40","0","287","287","30.105","1.0973936899861991","34.3699745102083","400"
"4","400","1","45","40","0","288","288","29.64","1.097393689986209","33.30877641406903","400"
"4","400","1","45","40","0","289","289","30.09","1.0973936899862142","34.36316214512944","400"
"4","400","1","45","40","0","290","290","30.125","1.0973936899862204","32.49680232682379","400"
"4","400","1","45","40","0","291","291","29.885","1.0973936899862324","34.385558166262236","400"
"4","400","1","45","40","0","292","292","29.87","1.0973936899862329","32.41994057235076","400"
"4","400","1","45","40","0","293","293","29.1","1.0973936899862373","34.26966555468632","400"
"4","400","1","45","40","0","294","294","28.69","1.0973936899862462","34.75739269012033","400"
"4","400","1","45","40","0","295","295","28.115","1.0973936899862515","32.60013074511121","400"
"4","400","1","45","40","0","296","296","27.84","1.09739368998625","33.98705507527571","400"
"4","400","1","45","40","0","297","297","28.045","1.0973936899862564","33.06806648800341","400"
"4","400","1","45","40","0","298","298","28.58","1.0973936899862597","30.767109005816774","400"
"4","400","1","45","40","0","299","299","29.57","1.0973936899862546","30.19133251735184","400"
"4","400","1","45","40","0","300","300","29.825","1.0973936899862584","30.26182958041013","400"
"4","400","1","45","40","0","301","301","29.465","1.097393689986261","30.630120809263225","400"
"4","400","1","45","40","0","302","302","28.82","1.0973936899862686","31.253906047719504","400"
"4","400","1","45","40","0","303","303","29.105","1.0973936899862673","31.06369462426955","400"
"4","400","1","45","40","0","304","304","29.69","1.0973936899862706","32.62678449929663","400"
"4","400","1","45","40","0","305","305","29.595","1.0973936899862706","31.576318280321285","400"
"4","400","1","45","40","0","306","306","28.885","1.097393689986273","33.92398262061011","400"
"4","400","1","45","40","0","307","307","28.905","1.097393689986273","31.05010029429227","400"
"4","400","1","45","40","0","308","308","28.95","1.097393689986277","30.875776201545154","400"
"4","400","1","45","40","0","309","309","29.555","1.0973936899862722","30.313059379011644","400"
"4","400","1","45","40","0","310","310","30.115","1.0973936899862737","31.365718201823665","400"
"4","400","1","45","40","0","311","311","29.945","1.097393689986272","33.21738286409975","400"
"4","400","1","45","40","0","312","312","29.805","1.0973936899862775","33.54068682668304","400"
"4","400","1","45","40","0","313","313","30.36","1.097393689986278","32.14150219969752","400"
"4","400","1","45","40","0","314","314","31.215","1.0973936899862748","33.377200714545836","400"
"4","400","1","45","40","0","315","315","31.06","1.0973936899862782","33.46696414757823","400"
"4","400","1","45","40","0","316","316","31.345","1.0973936899862753","33.61343837093453","400"
"4","400","1","45","40","0","317","317","31.365","1.0973936899862826","34.158728958532116","400"
"4","400","1","45","40","0","318","318","30.355","1.0973936899862826","34.62116210036083","400"
"4","400","1","45","40","0","319","319","30.32","1.0973936899862797","33.82977928445491","400"
"4","400","1","45","40","0","320","320","29.865","1.097393689986278","33.71784541932805","400"
"4","400","1","45","40","0","321","321","29.09","1.0973936899862802","33.76863992163389","400"
"4","400","1","45","40","0","322","322","29.325","1.097393689986277","32.576579581387485","400"
"4","400","1","45","40","0","323","323","30.445","1.0973936899862804","32.77566150826905","400"
"4","400","1","45","40","0","324","324","30.855","1.097393689986283","32.54145149759538","400"
"4","400","1","45","40","0","325","325","31.24","1.0973936899862826","34.02960432816163","400"
"4","400","1","45","40","0","326","326","31.555","1.097393689986283","35.43190821733614","400"
"4","400","1","45","40","0","327","327","31.86","1.0973936899862804","34.2420459001848","400"
"4","400","1","45","40","0","328","328","31.11","1.097393689986278","35.64165737383175","400"
"4","400","1","45","40","0","329","329","30.615","1.097393689986279","33.38747271097694","400"
"4","400","1","45","40","0","330","330","30.03","1.0973936899862837","34.21042125458536","400"
"4","400","1","45","40","0","331","331","29.89","1.0973936899862846","32.684526796774776","400"
"4","400","1","45","40","0","332","332","30.355","1.0973936899862842","32.87782822675974","400"
"4","400","1","45","40","0","333","333","30.745","1.0973936899862864","32.29515626702163","400"
"4","400","1","45","40","0","334","334","30.915","1.0973936899862853","31.431233880364772","400"
"4","400","1","45","40","0","335","335","31.085","1.0973936899862822","33.15547756075609","400"
"4","400","1","45","40","0","336","336","31.265","1.0973936899862828","32.7705655034942","400"
"4","400","1","45","40","0","337","337","31.465","1.0973936899862817","32.33549775787677","400"
"4","400","1","45","40","0","338","338","31.315","1.0973936899862835","33.558212663328376","400"
"4","400","1","45","40","0","339","339","30.56","1.097393689986282","34.299724496493425","400"
"4","400","1","45","40","0","340","340","30.355","1.0973936899862808","34.2008393913708","400"
"4","400","1","45","40","0","341","341","29.82","1.0973936899862813","33.16609591157898","400"
"4","400","1","45","40","0","342","342","29.93","1.097393689986278","32.10094982827964","400"
"4","400","1","45","40","0","343","343","30.68","1.097393689986283","32.162338401016804","400"
"4","400","1","45","40","0","344","344","31.54","1.097393689986282","32.199951617456485","400"
"4","400","1","45","40","0","345","345","32.045","1.0973936899862795","34.259512095025","400"
"4","400","1","45","40","0","346","346","32.35","1.0973936899862824","35.80709036741402","400"
"4","400","1","45","40","0","347","347","33.065","1.0973936899862817","32.659500871682816","400"
"4","400","1","45","40","0","348","348","32.415","1.0973936899862824","34.21889550762425","400"
"4","400","1","45","40","0","349","349","31.565","1.0973936899862804","31.159803628925328","400"
"4","400","1","45","40","0","350","350","31.35","1.0973936899862808","32.82913251154283","400"
"4","400","1","45","40","0","351","351","32.01","1.09739368998628","32.696370439556595","400"
"4","400","1","45","40","0","352","352","32.125","1.097393689986281","34.403595275395","400"
"4","400","1","45","40","0","353","353","33.075","1.0973936899862826","35.831977744001065","400"
"4","400","1","45","40","0","354","354","31.765","1.097393689986285","36.19990302544811","400"
"4","400","1","45","40","0","355","355","31.545","1.097393689986282","32.23054555125585","400"
"4","400","1","45","40","0","356","356","31.41","1.0973936899862815","35.081082435171744","400"
"4","400","1","45","40","0","357","357","31.46","1.097393689986282","32.22792104308465","400"
"4","400","1","45","40","0","358","358","31.015","1.0973936899862804","34.417146876070944","400"
"4","400","1","45","40","0","359","359","31.265","1.0973936899862833","31.646617589547034","400"
"4","400","1","45","40","0","360","360","31.88","1.0973936899862826","31.312705246991772","400"
"4","400","1","45","40","0","361","361","32.53","1.097393689986282","30.53879228608627","400"
"4","400","1","45","40","0","362","362","32.485","1.0973936899862837","31.394313231006453","400"
"4","400","1","45","40","0","363","363","32.555","1.0973936899862768","32.49174942989577","400"
"4","400","1","45","40","0","364","364","32.305","1.0973936899862846","32.37958640931938","400"
"4","400","1","45","40","0","365","365","31.185","1.0973936899862808","30.306407477309154","400"
"4","400","1","45","40","0","366","366","30.425","1.0973936899862837","32.393249478459644","400"
"4","400","1","45","40","0","367","367","30.425","1.097393689986287","31.913543856444058","400"
"4","400","1","45","40","0","368","368","30.98","1.0973936899862826","32.28610014218356","400"
"4","400","1","45","40","0","369","369","31.105","1.0973936899862804","33.32109222471993","400"
"4","400","1","45","40","0","370","370","31.25","1.097393689986284","33.00312360981643","400"
"4","400","1","45","40","0","371","371","31.6","1.0973936899862804","34.84418036332033","400"
"4","400","1","45","40","0","372","372","31.685","1.0973936899862868","32.89057366137789","400"
"4","400","1","45","40","0","373","373","31.5","1.0973936899862857","35.133070665894806","400"
"4","400","1","45","40","0","374","374","31.005","1.097393689986283","31.7742180640895","400"
"4","400","1","45","40","0","375","375","29.61","1.0973936899862833","31.692106741185828","400"
"4","400","1","45","40","0","376","376","28.235","1.0973936899862848","31.296623843729737","400"
"4","400","1","45","40","0","377","377","28.15","1.0973936899862835","30.24633943032743","400"
"4","400","1","45","40","0","378","378","28.465","1.0973936899862813","31.73825840086517","400"
"4","400","1","45","40","0","379","379","29.435","1.0973936899862835","32.46507606298702","400"
"4","400","1","45","40","0","380","380","30.715","1.097393689986284","32.71877569138909","400"
"4","400","1","45","40","0","381","381","32.095","1.097393689986281","32.75874027587314","400"
"4","400","1","45","40","0","382","382","32.015","1.0973936899862826","33.361273940210005","400"
"4","400","1","45","40","0","383","383","31.44","1.0973936899862842","31.732724154538598","400"
"4","400","1","45","40","0","384","384","30.6","1.0973936899862795","32.707224331315985","400"
"4","400","1","45","40","0","385","385","30.085","1.097393689986282","31.274138286851905","400"
"4","400","1","45","40","0","386","386","28.655","1.0973936899862853","30.993925607081888","400"
"4","400","1","45","40","0","387","387","28.66","1.0973936899862848","29.628529082570562","400"
"4","400","1","45","40","0","388","388","29.03","1.0973936899862828","32.65894140455745","400"
"4","400","1","45","40","0","389","389","29.45","1.0973936899862813","29.303163748546094","400"
"4","400","1","45","40","0","390","390","29.805","1.0973936899862848","31.73173004492907","400"
"4","400","1","45","40","0","391","391","30.175","1.0973936899862824","30.42839580989664","400"
"4","400","1","45","40","0","392","392","30.765","1.0973936899862835","31.932524246968892","400"
"4","400","1","45","40","0","393","393","30.28","1.0973936899862822","33.192557602421005","400"
"4","400","1","45","40","0","394","394","29.825","1.0973936899862848","32.4979656492782","400"
"4","400","1","45","40","0","395","395","29.435","1.0973936899862848","34.259420295228765","400"
"4","400","1","45","40","0","396","396","28.5","1.0973936899862826","33.55093978468719","400"
"4","400","1","45","40","0","397","397","27.965","1.0973936899862837","30.858572733343806","400"
"4","400","1","45","40","0","398","398","28.885","1.0973936899862808","30.305203232745214","400"
"4","400","1","45","40","0","399","399","28.985","1.0973936899862828","29.29530841918742","400"
"4","400","1","45","40","0","400","400","30.195","1.0973936899862804","30.22063456150283","400"
"4","400","1","45","40","0","401","401","31.43","1.0973936899862813","30.394636849507787","400"
"4","400","1","45","40","0","402","402","31.59","1.097393689986283","30.562712134178675","400"
"4","400","1","45","40","0","403","403","30.925","1.097393689986283","31.92556171408476","400"
"4","400","1","45","40","0","404","404","30.475","1.0973936899862848","32.114718542186544","400"
"4","400","1","45","40","0","405","405","30.145","1.0973936899862813","30.65473686148277","400"
"4","400","1","45","40","0","406","406","30.185","1.0973936899862802","32.05266439412234","400"
"4","400","1","45","40","0","407","407","30.71","1.0973936899862857","33.632384258058835","400"
"4","400","1","45","40","0","408","408","30.61","1.0973936899862777","33.609167863418755","400"
"4","400","1","45","40","0","409","409","30.47","1.0973936899862864","33.22921665774428","400"
"4","400","1","45","40","0","410","410","30.19","1.0973936899862855","30.913556476289653","400"
"4","400","1","45","40","0","411","411","29.89","1.0973936899862835","29.851971623038335","400"
"4","400","1","45","40","0","412","412","29.65","1.0973936899862857","30.653935794105884","400"
"4","400","1","45","40","0","413","413","29.535","1.0973936899862853","28.585687545513057","400"
"4","400","1","45","40","0","414","414","29.195","1.097393689986284","29.650012898148084","400"
"4","400","1","45","40","0","415","415","28.89","1.0973936899862853","31.2719196183624","400"
"4","400","1","45","40","0","416","416","27.915","1.0973936899862813","31.23694688924972","400"
"4","400","1","45","40","0","417","417","28.025","1.0973936899862824","32.066071868488265","400"
"4","400","1","45","40","0","418","418","28.085","1.0973936899862817","33.31910010324386","400"
"4","400","1","45","40","0","419","419","28.255","1.0973936899862835","33.62786499664981","400"
"4","400","1","45","40","0","420","420","28.56","1.097393689986282","31.47583938381187","400"
"4","400","1","45","40","0","421","421","28.4","1.0973936899862822","32.87545111077717","400"
"4","400","1","45","40","0","422","422","29.24","1.097393689986282","31.384182113794633","400"
"4","400","1","45","40","0","423","423","30.08","1.097393689986285","31.19391590544315","400"
"4","400","1","45","40","0","424","424","30.505","1.0973936899862835","32.41893422224425","400"
"4","400","1","45","40","0","425","425","30.705","1.0973936899862824","30.983784085049695","400"
"4","400","1","45","40","0","426","426","30.375","1.0973936899862828","33.13562143334756","400"
"4","400","1","45","40","0","427","427","30.135","1.0973936899862826","31.695582594940486","400"
"4","400","1","45","40","0","428","428","29.725","1.0973936899862824","33.50316804119751","400"
"4","400","1","45","40","0","429","429","29.13","1.0973936899862815","32.605300155806624","400"
"4","400","1","45","40","0","430","430","28.465","1.0973936899862764","31.634317141744063","400"
"4","400","1","45","40","0","431","431","28.58","1.09739368998628","30.628098965233825","400"
"4","400","1","45","40","0","432","432","29.225","1.097393689986282","31.97080259128695","400"
"4","400","1","45","40","0","433","433","29.67","1.0973936899862842","30.50467860433182","400"
"4","400","1","45","40","0","434","434","30.805","1.097393689986279","32.01601770633318","400"
"4","400","1","45","40","0","435","435","31.5","1.0973936899862826","32.78645656637222","400"
"4","400","1","45","40","0","436","436","31.525","1.0973936899862835","31.88281506019603","400"
"4","400","1","45","40","0","437","437","30.26","1.0973936899862824","31.73735862152244","400"
"4","400","1","45","40","0","438","438","29.73","1.0973936899862808","31.800079814703412","400"
"4","400","1","45","40","0","439","439","29.145","1.097393689986285","31.666893800490243","400"
"4","400","1","45","40","0","440","440","29.52","1.0973936899862815","30.200920289842912","400"
"4","400","1","45","40","0","441","441","30.64","1.0973936899862846","31.790755910050656","400"
"4","400","1","45","40","0","442","442","31.575","1.0973936899862837","33.28010187131854","400"
"4","400","1","45","40","0","443","443","31.67","1.0973936899862786","33.37131369464603","400"
"4","400","1","45","40","0","444","444","31.215","1.0973936899862824","31.695085559203694","400"
"4","400","1","45","40","0","445","445","30.21","1.0973936899862795","32.62717421252576","400"
"4","400","1","45","40","0","446","446","29.29","1.0973936899862822","31.625253769502294","400"
"4","400","1","45","40","0","447","447","28.805","1.097393689986281","32.03883885305103","400"
"4","400","1","45","40","0","448","448","29.435","1.0973936899862853","32.152900970594835","400"
"4","400","1","45","40","0","449","449","30.38","1.0973936899862822","32.008730605730044","400"
"4","400","1","45","40","0","450","450","30.855","1.0973936899862824","32.42634717078496","400"
"4","400","1","45","40","0","451","451","31.1","1.0973936899862853","35.20279618638109","400"
"4","400","1","45","40","0","452","452","31.015","1.0973936899862828","34.61614448887195","400"
"4","400","1","45","40","0","453","453","31.155","1.097393689986282","34.86116506470435","400"
"4","400","1","45","40","0","454","454","31.34","1.097393689986289","33.03255528257587","400"
"4","400","1","45","40","0","455","455","32.14","1.0973936899862822","31.954701736144223","400"
"4","400","1","45","40","0","456","456","32.77","1.0973936899862813","34.78913487408884","400"
"4","400","1","45","40","0","457","457","32.25","1.0973936899862828","31.34089973469186","400"
"4","400","1","45","40","0","458","458","31.37","1.097393689986286","34.09802773074679","400"
"4","400","1","45","40","0","459","459","31.335","1.0973936899862808","32.85049792275159","400"
"4","400","1","45","40","0","460","460","31.08","1.0973936899862797","33.010957090099154","400"
"4","400","1","45","40","0","461","461","31.425","1.0973936899862826","33.3210710619998","400"
"4","400","1","45","40","0","462","462","31.335","1.097393689986287","32.202018331735204","400"
"4","400","1","45","40","0","463","463","31.47","1.0973936899862835","32.80408514330424","400"
"4","400","1","45","40","0","464","464","31.125","1.097393689986282","32.02416871169672","400"
"4","400","1","45","40","0","465","465","31.275","1.0973936899862855","33.69121397099508","400"
"4","400","1","45","40","0","466","466","31.355","1.0973936899862846","32.00290325449844","400"
"4","400","1","45","40","0","467","467","31.47","1.0973936899862813","33.868564566520526","400"
"4","400","1","45","40","0","468","468","31.57","1.0973936899862804","34.06445201722668","400"
"4","400","1","45","40","0","469","469","32.535","1.0973936899862844","32.19766251933538","400"
"4","400","1","45","40","0","470","470","33.585","1.0973936899862837","34.69814883830891","400"
"4","400","1","45","40","0","471","471","34.28","1.0973936899862837","33.355654443484845","400"
"4","400","1","45","40","0","472","472","34.395","1.0973936899862802","33.89198514360895","400"
"4","400","1","45","40","0","473","473","34","1.0973936899862844","33.80854076237574","400"
"4","400","1","45","40","0","474","474","33.475","1.097393689986286","36.540802962993524","400"
"4","400","1","45","40","0","475","475","32.245","1.0973936899862826","34.66691708542391","400"
"4","400","1","45","40","0","476","476","31.435","1.0973936899862826","35.94415978486331","400"
"4","400","1","45","40","0","477","477","30.345","1.0973936899862828","35.72799758425372","400"
"4","400","1","45","40","0","478","478","29.93","1.0973936899862815","33.600004565601296","400"
"4","400","1","45","40","0","479","479","30.045","1.0973936899862857","33.72397312091469","400"
"4","400","1","45","40","0","480","480","30.515","1.0973936899862815","32.48137825032768","400"
"4","400","1","45","40","0","481","481","30.955","1.0973936899862824","32.33946394282377","400"
"4","400","1","45","40","0","482","482","31.755","1.0973936899862835","31.855692951276655","400"
"4","400","1","45","40","0","483","483","32.955","1.097393689986285","31.877071290763908","400"
"4","400","1","45","40","0","484","484","33.695","1.0973936899862837","33.88847224046074","400"
"4","400","1","45","40","0","485","485","33.61","1.0973936899862813","34.031292770365695","400"
"4","400","1","45","40","0","486","486","33.57","1.097393689986282","35.72753098528927","400"
"4","400","1","45","40","0","487","487","32.26","1.0973936899862795","33.70637346155343","400"
"4","400","1","45","40","0","488","488","30.635","1.0973936899862813","33.490779836975335","400"
"4","400","1","45","40","0","489","489","30.185","1.0973936899862815","31.53468275388855","400"
"4","400","1","45","40","0","490","490","30.075","1.0973936899862855","31.875405769439364","400"
"4","400","1","45","40","0","491","491","31.875","1.0973936899862815","33.192541963890854","400"
"4","400","1","45","40","0","492","492","32.81","1.0973936899862848","34.44010065072291","400"
"4","400","1","45","40","0","493","493","33.04","1.0973936899862866","33.95103582256623","400"
"4","400","1","45","40","0","494","494","33.22","1.0973936899862835","34.48336482301756","400"
"4","400","1","45","40","0","495","495","32.585","1.0973936899862793","36.859614168523706","400"
"4","400","1","45","40","0","496","496","32.075","1.0973936899862846","34.578611698451404","400"
"4","400","1","45","40","0","497","497","30.95","1.0973936899862848","37.09409463125607","400"
"4","400","1","45","40","0","498","498","29.43","1.0973936899862804","32.17382371243376","400"
"4","400","1","45","40","0","499","499","28.19","1.097393689986281","32.06714783324625","400"
"4","400","1","45","40","0","500","500","28.145","1.0973936899862835","30.192318323919096","400"
"4","400","1","45","40","0","501","501","28.145","1.0973936899862842","31.212048836029403","400"
"4","400","1","45","40","0","502","502","28.485","1.0973936899862837","31.54507663824251","400"
"4","400","1","45","40","0","503","503","29.97","1.0973936899862835","33.79429233119875","400"
"4","400","1","45","40","0","504","504","31.295","1.0973936899862786","33.781130337505324","400"
"4","400","1","45","40","0","505","505","32.45","1.0973936899862846","35.62912894480305","400"
"4","400","1","45","40","0","506","506","33.085","1.0973936899862842","33.88110517208367","400"
"4","400","1","45","40","0","507","507","33.965","1.0973936899862824","35.407536634073175","400"
"4","400","1","45","40","0","508","508","34.825","1.0973936899862815","36.763515137898054","400"
"4","400","1","45","40","0","509","509","34.945","1.0973936899862793","35.07776919734951","400"
"4","400","1","45","40","0","510","510","33.31","1.0973936899862824","36.742213590518475","400"
"4","400","1","45","40","0","511","511","32.255","1.0973936899862842","34.37222650672247","400"
"4","400","1","45","40","0","512","512","31.34","1.097393689986283","34.779185581445084","400"
"4","400","1","45","40","0","513","513","29.86","1.0973936899862837","35.52568235594468","400"
"4","400","1","45","40","0","514","514","29.215","1.0973936899862804","32.52072414474341","400"
"4","400","1","45","40","0","515","515","29.81","1.0973936899862837","33.19144473202566","400"
"4","400","1","45","40","0","516","516","30.645","1.0973936899862848","32.15354529201722","400"
"4","400","1","45","40","0","517","517","31.855","1.0973936899862813","33.27419157727822","400"
"4","400","1","45","40","0","518","518","32.615","1.0973936899862828","32.105849767753725","400"
"4","400","1","45","40","0","519","519","32.74","1.0973936899862835","32.55061485644463","400"
"4","400","1","45","40","0","520","520","32.485","1.0973936899862846","34.35577080763268","400"
"4","400","1","45","40","0","521","521","32.115","1.0973936899862835","32.86571594087646","400"
"4","400","1","45","40","0","522","522","32.045","1.0973936899862797","32.56859270367277","400"
"4","400","1","45","40","0","523","523","31.515","1.0973936899862846","33.518337598255684","400"
"4","400","1","45","40","0","524","524","31.825","1.0973936899862782","31.76280429523178","400"
"4","400","1","45","40","0","525","525","31.48","1.097393689986283","30.90139716142332","400"
"4","400","1","45","40","0","526","526","30.72","1.0973936899862797","31.860543443696706","400"
"4","400","1","45","40","0","527","527","30.44","1.097393689986289","30.904273520441812","400"
"4","400","1","45","40","0","528","528","30.345","1.0973936899862813","31.513203715561986","400"
"4","400","1","45","40","0","529","529","31.58","1.0973936899862824","30.62034703952562","400"
"4","400","1","45","40","0","530","530","31.65","1.0973936899862815","32.33817002408601","400"
"4","400","1","45","40","0","531","531","32.385","1.0973936899862855","31.303458571595588","400"
"4","400","1","45","40","0","532","532","32.775","1.0973936899862853","32.27270417170656","400"
"4","400","1","45","40","0","533","533","32.075","1.0973936899862813","32.937800495533104","400"
"4","400","1","45","40","0","534","534","31.235","1.0973936899862822","32.84145205338382","400"
"4","400","1","45","40","0","535","535","31.22","1.0973936899862842","32.63307504300498","400"
"4","400","1","45","40","0","536","536","31.045","1.0973936899862835","32.281161012320005","400"
"4","400","1","45","40","0","537","537","31.595","1.0973936899862857","31.92340856371571","400"
"4","400","1","45","40","0","538","538","31.73","1.0973936899862815","31.835547383701066","400"
"4","400","1","45","40","0","539","539","32.26","1.0973936899862846","32.14881214580295","400"
"4","400","1","45","40","0","540","540","32.69","1.0973936899862837","32.55472944902569","400"
"4","400","1","45","40","0","541","541","32.425","1.097393689986282","34.12388317587116","400"
"4","400","1","45","40","0","542","542","32.25","1.0973936899862817","33.89494812767973","400"
"4","400","1","45","40","0","543","543","32.01","1.0973936899862813","32.58724643725206","400"
"4","400","1","45","40","0","544","544","31.64","1.0973936899862857","33.115126392306955","400"
"4","400","1","45","40","0","545","545","32.52","1.0973936899862846","33.33802827559301","400"
"4","400","1","45","40","0","546","546","32.37","1.0973936899862802","33.410567658354395","400"
"4","400","1","45","40","0","547","547","33.02","1.0973936899862775","33.73332387456392","400"
"4","400","1","45","40","0","548","548","32.145","1.0973936899862813","32.60089213380732","400"
"4","400","1","45","40","0","549","549","31.535","1.0973936899862848","31.34139527554377","400"
"4","400","1","45","40","0","550","550","31.33","1.0973936899862808","30.94196285478508","400"
"4","400","1","45","40","0","551","551","30.67","1.097393689986277","31.222405929816944","400"
"4","400","1","45","40","0","552","552","29.755","1.097393689986283","31.923938294022005","400"
"4","400","1","45","40","0","553","553","29.58","1.097393689986284","33.02943797567085","400"
"4","400","1","45","40","0","554","554","29.945","1.0973936899862813","29.69251364010536","400"
"4","400","1","45","40","0","555","555","30.74","1.0973936899862802","31.982351781268875","400"
"4","400","1","45","40","0","556","556","31.765","1.0973936899862797","32.66877152992854","400"
"4","400","1","45","40","0","557","557","32.595","1.0973936899862868","34.67129459627855","400"
"4","400","1","45","40","0","558","558","32.935","1.0973936899862804","36.589874059327975","400"
"4","400","1","45","40","0","559","559","32.605","1.0973936899862824","33.67986004211332","400"
"4","400","1","45","40","0","560","560","32.165","1.0973936899862846","36.33272138667315","400"
"4","400","1","45","40","0","561","561","31.545","1.0973936899862857","32.119697027652755","400"
"4","400","1","45","40","0","562","562","31.435","1.0973936899862824","33.36270615014209","400"
"4","400","1","45","40","0","563","563","31.275","1.0973936899862824","32.70070965611778","400"
"4","400","1","45","40","0","564","564","31.445","1.0973936899862837","33.82275621711727","400"
"4","400","1","45","40","0","565","565","32.525","1.0973936899862846","33.81967426643162","400"
"4","400","1","45","40","0","566","566","32.585","1.0973936899862853","32.70934132930899","400"
"4","400","1","45","40","0","567","567","32.29","1.0973936899862837","31.60128224883966","400"
"4","400","1","45","40","0","568","568","32.67","1.0973936899862804","33.278417137903865","400"
"4","400","1","45","40","0","569","569","31.97","1.0973936899862806","33.57284946134607","400"
"4","400","1","45","40","0","570","570","31.855","1.0973936899862815","33.04012863246369","400"
"4","400","1","45","40","0","571","571","32.075","1.0973936899862833","33.91601357568664","400"
"4","400","1","45","40","0","572","572","31.575","1.0973936899862848","34.870059453905846","400"
"4","400","1","45","40","0","573","573","32.115","1.0973936899862842","33.70739362514484","400"
"4","400","1","45","40","0","574","574","32.615","1.097393689986283","32.1618036553484","400"
"4","400","1","45","40","0","575","575","32.94","1.0973936899862828","32.691041650078574","400"
"4","400","1","45","40","0","576","576","32.915","1.0973936899862837","33.0296649921766","400"
"4","400","1","45","40","0","577","577","32.22","1.0973936899862813","32.204392943954865","400"
"4","400","1","45","40","0","578","578","31.605","1.097393689986282","33.492525417390226","400"
"4","400","1","45","40","0","579","579","31.685","1.0973936899862806","32.99668079850442","400"
"4","400","1","45","40","0","580","580","33.03","1.0973936899862855","33.41464065182748","400"
"4","400","1","45","40","0","581","581","33.54","1.0973936899862844","34.17682821812786","400"
"4","400","1","45","40","0","582","582","34.445","1.0973936899862815","34.956403270104","400"
"4","400","1","45","40","0","583","583","35.215","1.0973936899862848","35.861467703649325","400"
"4","400","1","45","40","0","584","584","35.715","1.097393689986286","34.47547511827011","400"
"4","400","1","45","40","0","585","585","34.035","1.0973936899862844","36.88531632471661","400"
"4","400","1","45","40","0","586","586","32.51","1.0973936899862833","34.17714485184975","400"
"4","400","1","45","40","0","587","587","31.17","1.0973936899862846","34.18882909129227","400"
"4","400","1","45","40","0","588","588","30.59","1.0973936899862813","31.175184823854703","400"
"4","400","1","45","40","0","589","589","30.68","1.097393689986283","31.856109319312736","400"
"4","400","1","45","40","0","590","590","31.29","1.0973936899862802","32.13018661073471","400"
"4","400","1","45","40","0","591","591","32.03","1.0973936899862817","32.69214804102148","400"
"4","400","1","45","40","0","592","592","32.77","1.097393689986286","34.98139321790232","400"
"4","400","1","45","40","0","593","593","33.265","1.0973936899862842","33.814937919274584","400"
"4","400","1","45","40","0","594","594","32.465","1.0973936899862786","34.57888459773219","400"
"4","400","1","45","40","0","595","595","32.05","1.0973936899862786","34.400942817873236","400"
"4","400","1","45","40","0","596","596","33.12","1.0973936899862802","34.072586063528455","400"
"4","400","1","45","40","0","597","597","33.79","1.0973936899862826","32.489972941097484","400"
"4","400","1","45","40","0","598","598","33.245","1.0973936899862844","35.27781891977586","400"
"4","400","1","45","40","0","599","599","32.825","1.097393689986282","34.513370537270355","400"
"4","400","1","45","40","0","600","600","32.06","1.0973936899862824","34.33939372988643","400"
"4","400","1","45","40","0","601","601","31.845","1.0973936899862848","34.887852858223525","400"
"4","400","1","45","40","0","602","602","31.07","1.0973936899862793","34.13247761551575","400"
"4","400","1","45","40","0","603","603","31.38","1.0973936899862826","34.26253263977232","400"
"4","400","1","45","40","0","604","604","31.605","1.0973936899862815","34.12128684112778","400"
"4","400","1","45","40","0","605","605","32.26","1.097393689986282","35.22249603825046","400"
"4","400","1","45","40","0","606","606","33.665","1.0973936899862815","34.03714973254375","400"
"4","400","1","45","40","0","607","607","34.865","1.0973936899862826","35.68222554531696","400"
"4","400","1","45","40","0","608","608","36.06","1.0973936899862815","33.73045683538038","400"
"4","400","1","45","40","0","609","609","35.87","1.0973936899862842","35.03880514655306","400"
"4","400","1","45","40","0","610","610","35.18","1.0973936899862853","35.76064637434957","400"
"4","400","1","45","40","0","611","611","33.085","1.09739368998628","34.56959532524345","400"
"4","400","1","45","40","0","612","612","31.41","1.0973936899862824","33.073917120866724","400"
"4","400","1","45","40","0","613","613","29.69","1.0973936899862828","34.355447938504064","400"
"4","400","1","45","40","0","614","614","29.48","1.097393689986279","32.515057283194295","400"
"4","400","1","45","40","0","615","615","29.905","1.0973936899862868","33.41385702706098","400"
"4","400","1","45","40","0","616","616","31.31","1.0973936899862826","34.23172478125151","400"
"4","400","1","45","40","0","617","617","33.345","1.0973936899862842","32.582615617187486","400"
"4","400","1","45","40","0","618","618","34.455","1.097393689986283","36.71543971801607","400"
"4","400","1","45","40","0","619","619","35.01","1.097393689986282","34.743631080748635","400"
"4","400","1","45","40","0","620","620","34.39","1.0973936899862822","36.984974301258084","400"
"4","400","1","45","40","0","621","621","33.475","1.0973936899862824","35.00473654403036","400"
"4","400","1","45","40","0","622","622","32.48","1.0973936899862817","34.035231467245346","400"
"4","400","1","45","40","0","623","623","31.605","1.0973936899862842","34.2147603239413","400"
"4","400","1","45","40","0","624","624","30.8","1.0973936899862793","33.92721336681664","400"
"4","400","1","45","40","0","625","625","31.59","1.097393689986283","34.916792982546355","400"
"4","400","1","45","40","0","626","626","32.615","1.0973936899862813","32.785629449030615","400"
"4","400","1","45","40","0","627","627","33.555","1.097393689986282","36.654193979016384","400"
"4","400","1","45","40","0","628","628","34.615","1.0973936899862804","35.216696823897536","400"
"4","400","1","45","40","0","629","629","34.89","1.0973936899862844","36.52823554535195","400"
"4","400","1","45","40","0","630","630","33.475","1.0973936899862844","37.4157078898182","400"
"4","400","1","45","40","0","631","631","31.61","1.097393689986277","36.34827752686511","400"
"4","400","1","45","40","0","632","632","30.15","1.0973936899862797","35.93422811916136","400"
"4","400","1","45","40","0","633","633","29.835","1.0973936899862846","33.545016295235214","400"
"4","400","1","45","40","0","634","634","30.3","1.097393689986286","32.79346854109104","400"
"4","400","1","45","40","0","635","635","31.8","1.0973936899862837","33.66991328101932","400"
"4","400","1","45","40","0","636","636","32.98","1.0973936899862842","32.197561435592114","400"
"4","400","1","45","40","0","637","637","33.555","1.0973936899862848","33.06524891324458","400"
"4","400","1","45","40","0","638","638","33.23","1.0973936899862824","35.38084739502169","400"
"4","400","1","45","40","0","639","639","32.455","1.0973936899862853","34.63451228085916","400"
"4","400","1","45","40","0","640","640","32.065","1.0973936899862775","38.64737893570106","400"
"4","400","1","45","40","0","641","641","31.15","1.0973936899862808","36.26398712463805","400"
"4","400","1","45","40","0","642","642","31.59","1.0973936899862788","32.4304030919265","400"
"4","400","1","45","40","0","643","643","32.115","1.0973936899862842","31.488485093436427","400"
"4","400","1","45","40","0","644","644","33.29","1.0973936899862775","31.336505696486874","400"
"4","400","1","45","40","0","645","645","34.005","1.0973936899862808","34.817344757799624","400"
"4","400","1","45","40","0","646","646","34.11","1.0973936899862864","34.132175341204366","400"
"4","400","1","45","40","0","647","647","33.945","1.097393689986279","36.25994037388238","400"
"4","400","1","45","40","0","648","648","33.105","1.0973936899862844","34.15091996378873","400"
"4","400","1","45","40","0","649","649","33.035","1.097393689986279","34.87206472575024","400"
"4","400","1","45","40","0","650","650","33.285","1.0973936899862833","34.58222808026385","400"
"4","400","1","45","40","0","651","651","34.01","1.0973936899862795","34.1051548109322","400"
"4","400","1","45","40","0","652","652","34.27","1.0973936899862857","35.86705464353591","400"
"4","400","1","45","40","0","653","653","33.96","1.097393689986283","33.86417526680601","400"
"4","400","1","45","40","0","654","654","34.19","1.097393689986286","33.27699442952426","400"
"4","400","1","45","40","0","655","655","33.405","1.0973936899862826","33.48954840546755","400"
"4","400","1","45","40","0","656","656","32.725","1.0973936899862815","33.79021711195203","400"
"4","400","1","45","40","0","657","657","32.075","1.0973936899862842","32.073304979285275","400"
"4","400","1","45","40","0","658","658","31.585","1.0973936899862822","33.31016146329168","400"
"4","400","1","45","40","0","659","659","31.555","1.0973936899862815","33.44320431844665","400"
"4","400","1","45","40","0","660","660","31.785","1.0973936899862826","32.682081378675846","400"
"4","400","1","45","40","0","661","661","32.2","1.0973936899862868","33.72894706958213","400"
"4","400","1","45","40","0","662","662","32.475","1.0973936899862846","34.48397252820266","400"
"4","400","1","45","40","0","663","663","32.32","1.0973936899862868","34.202901590146624","400"
"4","400","1","45","40","0","664","664","32.935","1.0973936899862833","35.51982161658844","400"
"4","400","1","45","40","0","665","665","33.885","1.0973936899862857","35.26336416275844","400"
"4","400","1","45","40","0","666","666","34.19","1.0973936899862793","35.10545050620423","400"
"4","400","1","45","40","0","667","667","34.16","1.0973936899862824","35.32742238777325","400"
"4","400","1","45","40","0","668","668","33.06","1.0973936899862846","34.36583149481829","400"
"4","400","1","45","40","0","669","669","32.915","1.0973936899862855","35.27664020036235","400"
"4","400","1","45","40","0","670","670","32.405","1.0973936899862802","35.45243342652234","400"
"4","400","1","45","40","0","671","671","32.78","1.097393689986284","35.57777324826566","400"
"4","400","1","45","40","0","672","672","32.705","1.0973936899862868","35.25475964328102","400"
"4","400","1","45","40","0","673","673","33.175","1.0973936899862837","35.78308185006164","400"
"4","400","1","45","40","0","674","674","32.795","1.0973936899862857","34.36495538533916","400"
"4","400","1","45","40","0","675","675","32.005","1.097393689986282","34.95549269126973","400"
"4","400","1","45","40","0","676","676","31.9","1.097393689986281","34.775404378082186","400"
"4","400","1","45","40","0","677","677","31.52","1.0973936899862835","35.238016758382656","400"
"4","400","1","45","40","0","678","678","31.45","1.0973936899862835","36.15576986497409","400"
"4","400","1","45","40","0","679","679","31.98","1.0973936899862824","34.586077674722034","400"
"4","400","1","45","40","0","680","680","32.705","1.0973936899862824","35.63588533556278","400"
"4","400","1","45","40","0","681","681","33.335","1.0973936899862853","37.12150191696262","400"
"4","400","1","45","40","0","682","682","34.585","1.097393689986283","35.15435843432068","400"
"4","400","1","45","40","0","683","683","34.675","1.0973936899862837","35.33917150184236","400"
"4","400","1","45","40","0","684","684","33.92","1.0973936899862862","35.262716565182025","400"
"4","400","1","45","40","0","685","685","32.8","1.0973936899862793","34.1653251875963","400"
"4","400","1","45","40","0","686","686","31.78","1.0973936899862822","33.51919006567861","400"
"4","400","1","45","40","0","687","687","31.105","1.0973936899862802","33.66256889518845","400"
"4","400","1","45","40","0","688","688","31.08","1.097393689986289","34.76787091851548","400"
"4","400","1","45","40","0","689","689","32.78","1.097393689986282","35.34421077622454","400"
"4","400","1","45","40","0","690","690","34.53","1.0973936899862846","34.236036029410705","400"
"4","400","1","45","40","0","691","691","35.5","1.0973936899862815","38.1423548211353","400"
"4","400","1","45","40","0","692","692","35.725","1.0973936899862806","37.1654793583687","400"
"4","400","1","45","40","0","693","693","34.565","1.0973936899862842","38.99711564830705","400"
"4","400","1","45","40","0","694","694","32.71","1.0973936899862844","35.21226075611265","400"
"4","400","1","45","40","0","695","695","30.67","1.0973936899862835","35.09553449210608","400"
"4","400","1","45","40","0","696","696","30.23","1.0973936899862824","32.163931430872516","400"
"4","400","1","45","40","0","697","697","30.21","1.0973936899862824","33.53564933949615","400"
"4","400","1","45","40","0","698","698","30.745","1.0973936899862797","33.427311968959074","400"
"4","400","1","45","40","0","699","699","31.65","1.0973936899862853","34.09341842058042","400"
"4","400","1","45","40","0","700","700","31.69","1.0973936899862846","36.26092331741661","400"
"4","400","1","45","40","0","701","701","31.7","1.097393689986281","34.34132065812378","400"
"4","400","1","45","40","0","702","702","31.21","1.097393689986283","34.461486702703105","400"
"4","400","1","45","40","0","703","703","30.97","1.097393689986282","33.408416337987376","400"
"4","400","1","45","40","0","704","704","31.83","1.0973936899862833","32.14817538749693","400"
"4","400","1","45","40","0","705","705","32.06","1.0973936899862842","32.98576918458822","400"
"4","400","1","45","40","0","706","706","32.45","1.0973936899862804","34.276454313121214","400"
"4","400","1","45","40","0","707","707","32.27","1.097393689986282","33.91297405919886","400"
"4","400","1","45","40","0","708","708","31.91","1.0973936899862886","34.87036705908716","400"
"4","400","1","45","40","0","709","709","31.495","1.0973936899862824","32.60886868970688","400"
"4","400","1","45","40","0","710","710","31.265","1.0973936899862824","34.025580510925145","400"
"4","400","1","45","40","0","711","711","31.285","1.0973936899862802","34.19832074009434","400"
"4","400","1","45","40","0","712","712","32.15","1.0973936899862822","35.78994657453444","400"
"4","400","1","45","40","0","713","713","32.87","1.097393689986283","37.46582459440585","400"
"4","400","1","45","40","0","714","714","33.295","1.0973936899862846","34.88145134087869","400"
"4","400","1","45","40","0","715","715","34.43","1.0973936899862802","35.70335449845066","400"
"4","400","1","45","40","0","716","716","34.395","1.0973936899862855","35.83766566223851","400"
"4","400","1","45","40","0","717","717","34.24","1.0973936899862846","35.98640066325595","400"
"4","400","1","45","40","0","718","718","33.88","1.0973936899862833","36.14093271895344","400"
"4","400","1","45","40","0","719","719","33.94","1.0973936899862855","38.50649096299763","400"
"4","400","1","45","40","0","720","720","33.56","1.0973936899862808","37.37085752292571","400"
"4","400","1","45","40","0","721","721","32.45","1.0973936899862802","37.75008426608925","400"
"4","400","1","45","40","0","722","722","31.585","1.0973936899862786","35.57955042417926","400"
"4","400","1","45","40","0","723","723","31.695","1.0973936899862824","33.971575294507076","400"
"4","400","1","45","40","0","724","724","31.56","1.0973936899862797","36.08306416561677","400"
"4","400","1","45","40","0","725","725","31.635","1.0973936899862824","35.57149302954952","400"
"4","400","1","45","40","0","726","726","32.6","1.0973936899862822","34.60498219310114","400"
"4","400","1","45","40","0","727","727","32.985","1.0973936899862784","36.600944571716155","400"
"4","400","1","45","40","0","728","728","33.62","1.0973936899862837","36.99373496029616","400"
"4","400","1","45","40","0","729","729","33.26","1.0973936899862835","36.30935972352346","400"
"4","400","1","45","40","0","730","730","32.62","1.0973936899862835","37.07544401404347","400"
"4","400","1","45","40","0","731","731","32.365","1.0973936899862813","36.766587297409366","400"
"4","400","1","45","40","0","732","732","32.355","1.0973936899862808","35.088247570547935","400"
"4","400","1","45","40","0","733","733","33.19","1.0973936899862797","33.68211808395197","400"
"4","400","1","45","40","0","734","734","33.71","1.0973936899862837","33.195390519399595","400"
"4","400","1","45","40","0","735","735","34.315","1.0973936899862842","36.218931551512824","400"
"4","400","1","45","40","0","736","736","33.66","1.0973936899862793","36.200963054013265","400"
"4","400","1","45","40","0","737","737","33.105","1.0973936899862846","35.871793853584016","400"
"4","400","1","45","40","0","738","738","33.37","1.0973936899862853","38.81124332837594","400"
"4","400","1","45","40","0","739","739","33.475","1.0973936899862808","36.93675404539084","400"
"4","400","1","45","40","0","740","740","34.065","1.097393689986282","37.434211855315695","400"
"4","400","1","45","40","0","741","741","34.225","1.0973936899862804","35.84980970299476","400"
"4","400","1","45","40","0","742","742","33.995","1.0973936899862862","36.996920032417606","400"
"4","400","1","45","40","0","743","743","33.54","1.09739368998628","33.9961592912008","400"
"4","400","1","45","40","0","744","744","32.345","1.097393689986284","34.58327770851854","400"
"4","400","1","45","40","0","745","745","31.73","1.0973936899862842","35.59482730505017","400"
"4","400","1","45","40","0","746","746","32.065","1.0973936899862797","35.81593358050267","400"
"4","400","1","45","40","0","747","747","32.275","1.0973936899862815","33.5856289684211","400"
"4","400","1","45","40","0","748","748","32.325","1.0973936899862842","36.018335260017395","400"
"4","400","1","45","40","0","749","749","32.28","1.0973936899862864","33.00294696792154","400"
"4","400","1","45","40","0","750","750","32.565","1.0973936899862853","34.55718516772241","400"
"4","400","1","45","40","0","751","751","33.235","1.0973936899862835","34.436005921582954","400"
"4","400","1","45","40","0","752","752","33.38","1.097393689986283","33.92499775144841","400"
"4","400","1","45","40","0","753","753","32.92","1.097393689986281","36.0562177314909","400"
"4","400","1","45","40","0","754","754","33.01","1.0973936899862826","36.56516606871128","400"
"4","400","1","45","40","0","755","755","32.815","1.0973936899862775","35.999161872291886","400"
"4","400","1","45","40","0","756","756","31.565","1.097393689986282","35.47641839205386","400"
"4","400","1","45","40","0","757","757","31.5","1.09739368998628","34.11532052909283","400"
"4","400","1","45","40","0","758","758","32.605","1.0973936899862797","34.748262194068886","400"
"4","400","1","45","40","0","759","759","34.64","1.0973936899862842","36.32027977874388","400"
"4","400","1","45","40","0","760","760","36.315","1.0973936899862775","38.85609509040859","400"
"4","400","1","45","40","0","761","761","37.23","1.0973936899862802","38.191069236620244","400"
"4","400","1","45","40","0","762","762","36.605","1.0973936899862846","40.29540694748085","400"
"4","400","1","45","40","0","763","763","34.94","1.0973936899862848","38.317470016251136","400"
"4","400","1","45","40","0","764","764","34.02","1.0973936899862775","37.340369314027186","400"
"4","400","1","45","40","0","765","765","33.39","1.0973936899862848","37.16168432721789","400"
"4","400","1","45","40","0","766","766","33","1.0973936899862837","34.668568668878066","400"
"4","400","1","45","40","0","767","767","32.355","1.0973936899862828","33.62991939736036","400"
"4","400","1","45","40","0","768","768","33.08","1.0973936899862808","34.95877005488295","400"
"4","400","1","45","40","0","769","769","33.685","1.0973936899862846","35.02093373490972","400"
"4","400","1","45","40","0","770","770","34.24","1.0973936899862837","36.53232007827318","400"
"4","400","1","45","40","0","771","771","33.94","1.0973936899862848","35.290380172496306","400"
"4","400","1","45","40","0","772","772","34.215","1.0973936899862806","36.749691992568536","400"
"4","400","1","45","40","0","773","773","34.17","1.097393689986279","34.12542826934538","400"
"4","400","1","45","40","0","774","774","34.5","1.097393689986286","33.68499746347313","400"
"4","400","1","45","40","0","775","775","35.21","1.0973936899862826","34.39422451840391","400"
"4","400","1","45","40","0","776","776","34.57","1.0973936899862806","33.787669669609585","400"
"4","400","1","45","40","0","777","777","34.12","1.0973936899862846","34.587873137457294","400"
"4","400","1","45","40","0","778","778","34.46","1.0973936899862844","36.55458347128477","400"
"4","400","1","45","40","0","779","779","34.245","1.0973936899862806","36.222042343949","400"
"4","400","1","45","40","0","780","780","33.53","1.097393689986282","37.65052343047325","400"
"4","400","1","45","40","0","781","781","32.595","1.0973936899862835","36.81947534989165","400"
"4","400","1","45","40","0","782","782","31.605","1.0973936899862813","34.78622159928984","400"
"4","400","1","45","40","0","783","783","32.255","1.0973936899862826","33.70454764995401","400"
"4","400","1","45","40","0","784","784","33.115","1.0973936899862848","34.053388472239035","400"
"4","400","1","45","40","0","785","785","34.15","1.0973936899862853","35.5113526920865","400"
"4","400","1","45","40","0","786","786","35.11","1.0973936899862828","35.73942361170866","400"
"4","400","1","45","40","0","787","787","35.54","1.0973936899862824","39.571935806644404","400"
"4","400","1","45","40","0","788","788","35.445","1.0973936899862815","36.71596118719088","400"
"4","400","1","45","40","0","789","789","35.365","1.0973936899862804","38.78017561557009","400"
"4","400","1","45","40","0","790","790","35.195","1.0973936899862837","37.369187014157866","400"
"4","400","1","45","40","0","791","791","36.11","1.0973936899862804","37.15775868377846","400"
"4","400","1","45","40","0","792","792","35.655","1.0973936899862835","38.42264116676599","400"
"4","400","1","45","40","0","793","793","35.25","1.0973936899862786","37.22670773427552","400"
"4","400","1","45","40","0","794","794","33.58","1.0973936899862813","38.35066444639134","400"
"4","400","1","45","40","0","795","795","31.925","1.0973936899862822","37.02366118858637","400"
"4","400","1","45","40","0","796","796","32.375","1.097393689986281","37.35781679877432","400"
"4","400","1","45","40","0","797","797","33.185","1.097393689986286","36.82733576033143","400"
"4","400","1","45","40","0","798","798","34.205","1.0973936899862853","39.418619659648385","400"
"4","400","1","45","40","0","799","799","35.3","1.0973936899862822","37.09051898877767","400"
"4","400","1","45","40","0","800","800","36.085","1.0973936899862864","36.56655545853524","400"
"4","400","1","45","40","0","801","801","36.85","1.0973936899862815","37.36855111006836","400"
"4","400","1","45","40","0","802","802","36.85","1.0973936899862857","35.46079209779911","400"
"4","400","1","45","40","0","803","803","35.12","1.0973936899862853","36.263677160712184","400"
"4","400","1","45","40","0","804","804","33.585","1.0973936899862848","34.49211790453075","400"
"4","400","1","45","40","0","805","805","32.61","1.0973936899862782","35.16613507964296","400"
"4","400","1","45","40","0","806","806","32.475","1.0973936899862813","33.72378670607135","400"
"4","400","1","45","40","0","807","807","33.805","1.0973936899862813","37.55416743539888","400"
"4","400","1","45","40","0","808","808","34.995","1.0973936899862815","33.834776949062196","400"
"4","400","1","45","40","0","809","809","37","1.0973936899862804","36.660269319986334","400"
"4","400","1","45","40","0","810","810","38.675","1.0973936899862853","38.035663659556874","400"
"4","400","1","45","40","0","811","811","37.255","1.0973936899862813","35.06993157305833","400"
"4","400","1","45","40","0","812","812","35.985","1.0973936899862804","35.35375769645941","400"
"4","400","1","45","40","0","813","813","34.65","1.0973936899862804","37.32470142068754","400"
"4","400","1","45","40","0","814","814","33.205","1.0973936899862846","37.225434687611525","400"
"4","400","1","45","40","0","815","815","33.03","1.0973936899862835","36.61203265344094","400"
"4","400","1","45","40","0","816","816","32.84","1.0973936899862786","35.798522712792575","400"
"4","400","1","45","40","0","817","817","33.165","1.0973936899862824","36.25155857610027","400"
"4","400","1","45","40","0","818","818","34.075","1.0973936899862822","36.27683022584992","400"
"4","400","1","45","40","0","819","819","34.02","1.097393689986283","37.05343460339614","400"
"4","400","1","45","40","0","820","820","34.015","1.097393689986282","35.40900166466923","400"
"4","400","1","45","40","0","821","821","33.59","1.0973936899862808","38.84824714238072","400"
"4","400","1","45","40","0","822","822","33.615","1.0973936899862826","37.20882920574041","400"
"4","400","1","45","40","0","823","823","33.99","1.0973936899862786","35.93614993341398","400"
"4","400","1","45","40","0","824","824","34.345","1.097393689986281","36.65802150908163","400"
"4","400","1","45","40","0","825","825","34.53","1.0973936899862857","36.12769409578844","400"
"4","400","1","45","40","0","826","826","35.11","1.097393689986284","39.80410930129593","400"
"4","400","1","45","40","0","827","827","34.76","1.0973936899862813","39.03783263452931","400"
"4","400","1","45","40","0","828","828","34.58","1.097393689986286","40.39093500149819","400"
"4","400","1","45","40","0","829","829","33.52","1.0973936899862835","38.69576597885222","400"
"4","400","1","45","40","0","830","830","32.31","1.097393689986278","38.04795939557257","400"
"4","400","1","45","40","0","831","831","31.74","1.0973936899862808","33.6715772121355","400"
"4","400","1","45","40","0","832","832","31.915","1.0973936899862808","35.54479320627104","400"
"4","400","1","45","40","0","833","833","32.8","1.0973936899862802","32.860136499225","400"
"4","400","1","45","40","0","834","834","33.45","1.097393689986282","37.59026701075866","400"
"4","400","1","45","40","0","835","835","34.55","1.097393689986279","36.4586192030014","400"
"4","400","1","45","40","0","836","836","35.255","1.0973936899862848","36.753084888935405","400"
"4","400","1","45","40","0","837","837","35.495","1.0973936899862808","38.129472143091284","400"
"4","400","1","45","40","0","838","838","34.985","1.097393689986282","36.88511878907464","400"
"4","400","1","45","40","0","839","839","33.93","1.0973936899862835","40.10606556181715","400"
"4","400","1","45","40","0","840","840","33.26","1.0973936899862846","37.12900650378007","400"
"4","400","1","45","40","0","841","841","32.715","1.0973936899862826","38.87075221213395","400"
"4","400","1","45","40","0","842","842","32.525","1.097393689986286","35.86593888339487","400"
"4","400","1","45","40","0","843","843","32.65","1.0973936899862868","37.53328930936676","400"
"4","400","1","45","40","0","844","844","33","1.0973936899862813","36.89601935728163","400"
"4","400","1","45","40","0","845","845","33.59","1.0973936899862846","37.72876746149191","400"
"4","400","1","45","40","0","846","846","33.2","1.0973936899862866","39.85696439547097","400"
"4","400","1","45","40","0","847","847","33.135","1.0973936899862833","38.96481405230744","400"
"4","400","1","45","40","0","848","848","32.875","1.0973936899862837","38.27368398929622","400"
"4","400","1","45","40","0","849","849","32.635","1.0973936899862842","36.37359467933149","400"
"4","400","1","45","40","0","850","850","32.78","1.0973936899862842","36.029357015494256","400"
"4","400","1","45","40","0","851","851","32.785","1.0973936899862837","36.75352863494117","400"
"4","400","1","45","40","0","852","852","33.11","1.0973936899862817","36.4733105046915","400"
"4","400","1","45","40","0","853","853","33.685","1.0973936899862866","39.845106900614226","400"
"4","400","1","45","40","0","854","854","33.6","1.0973936899862864","37.4767521639525","400"
"4","400","1","45","40","0","855","855","33.295","1.097393689986286","41.13077317671852","400"
"4","400","1","45","40","0","856","856","32.285","1.0973936899862828","35.96022080711522","400"
"4","400","1","45","40","0","857","857","31.865","1.0973936899862842","36.71037230575488","400"
"4","400","1","45","40","0","858","858","32.345","1.0973936899862837","35.721726310745744","400"
"4","400","1","45","40","0","859","859","33.105","1.0973936899862824","37.01940694080402","400"
"4","400","1","45","40","0","860","860","34.115","1.097393689986282","38.37352266080231","400"
"4","400","1","45","40","0","861","861","35.29","1.0973936899862815","39.47705191502847","400"
"4","400","1","45","40","0","862","862","36.54","1.0973936899862824","39.49586232737698","400"
"4","400","1","45","40","0","863","863","37.88","1.0973936899862877","40.243961045106886","400"
"4","400","1","45","40","0","864","864","38.085","1.097393689986282","40.439287944118895","400"
"4","400","1","45","40","0","865","865","37.935","1.0973936899862808","42.267871075693634","400"
"4","400","1","45","40","0","866","866","36.59","1.0973936899862797","42.261195482081796","400"
"4","400","1","45","40","0","867","867","34.605","1.097393689986282","40.75915420803082","400"
"4","400","1","45","40","0","868","868","33.335","1.097393689986282","41.56682143893892","400"
"4","400","1","45","40","0","869","869","32.29","1.0973936899862826","37.91185849100727","400"
"4","400","1","45","40","0","870","870","32.29","1.0973936899862828","37.35931098675484","400"
"4","400","1","45","40","0","871","871","32.31","1.0973936899862804","38.22385145224258","400"
"4","400","1","45","40","0","872","872","31.935","1.097393689986278","37.49397212677636","400"
"4","400","1","45","40","0","873","873","31.97","1.0973936899862815","37.87683140165094","400"
"4","400","1","45","40","0","874","874","32.205","1.0973936899862817","35.57239997459519","400"
"4","400","1","45","40","0","875","875","32.055","1.0973936899862828","37.519686902084246","400"
"4","400","1","45","40","0","876","876","32.36","1.097393689986285","37.17120060417525","400"
"4","400","1","45","40","0","877","877","32.555","1.0973936899862786","36.60954352705623","400"
"4","400","1","45","40","0","878","878","32.66","1.097393689986283","35.558793017499084","400"
"4","400","1","45","40","0","879","879","33.015","1.0973936899862828","37.61376315474584","400"
"4","400","1","45","40","0","880","880","34.39","1.097393689986282","38.33089338132378","400"
"4","400","1","45","40","0","881","881","34.675","1.0973936899862844","39.70414452318889","400"
"4","400","1","45","40","0","882","882","34.855","1.0973936899862855","38.97565836866932","400"
"4","400","1","45","40","0","883","883","35.49","1.0973936899862808","39.609237115389256","400"
"4","400","1","45","40","0","884","884","34.71","1.0973936899862793","37.990567528835435","400"
"4","400","1","45","40","0","885","885","34.2","1.0973936899862822","40.34560671629638","400"
"4","400","1","45","40","0","886","886","33.615","1.0973936899862804","37.915042393235275","400"
"4","400","1","45","40","0","887","887","33.73","1.097393689986286","38.63855405681329","400"
"4","400","1","45","40","0","888","888","33.595","1.0973936899862804","36.752246608676664","400"
"4","400","1","45","40","0","889","889","33.965","1.0973936899862853","37.59261004105587","400"
"4","400","1","45","40","0","890","890","34.985","1.0973936899862795","36.07130835729874","400"
"4","400","1","45","40","0","891","891","34.88","1.0973936899862842","37.241965118694566","400"
"4","400","1","45","40","0","892","892","34.36","1.097393689986279","34.692606980873805","400"
"4","400","1","45","40","0","893","893","33.505","1.097393689986285","35.11995565853137","400"
"4","400","1","45","40","0","894","894","32.98","1.0973936899862822","34.061809738960996","400"
"4","400","1","45","40","0","895","895","32.44","1.0973936899862837","37.238921619296974","400"
"4","400","1","45","40","0","896","896","32.855","1.0973936899862853","37.730608034605545","400"
"4","400","1","45","40","0","897","897","34.245","1.0973936899862846","36.95065522696748","400"
"4","400","1","45","40","0","898","898","34.935","1.0973936899862833","39.12023817551564","400"
"4","400","1","45","40","0","899","899","35.245","1.0973936899862808","38.18218568340139","400"
"4","400","1","45","40","0","900","900","35.98","1.0973936899862857","38.39194674965437","400"
"4","400","1","45","40","0","901","901","244.56","0.10973936899862824","33.975","400"
"4","400","1","45","40","0","902","902","227.65","0.20850480109739375","57.6","400"
"4","400","1","45","40","0","903","903","213.045","0.2973936899862826","78.8833125","400"
"4","400","1","45","40","0","904","904","210.235","0.37739368998628275","87.12971542968751","400"
"4","400","1","45","40","0","905","905","210.055","0.4493936899862827","98.97178024291992","400"
"4","400","1","45","40","0","906","906","214.685","0.5141936899862826","105.39589939796448","400"
"4","400","1","45","40","0","907","907","224.04","0.5725136899862827","113.364354914748","400"
"4","400","1","45","40","0","908","908","235.825","0.6250016899862831","124.37669559362776","400"
"4","400","1","45","40","0","909","909","243.88","0.6722408899862833","131.82653347891392","400"
"4","400","1","45","40","0","910","910","244.455","0.7147561699862824","141.26207670699858","400"
"4","400","1","45","40","0","911","911","240.315","0.7530199219862832","139.85183400174313","400"
"4","400","1","45","40","0","912","912","233.395","0.7874572987862821","145.9849533576244","400"
"4","400","1","45","40","0","913","913","225.44","0.8184509379062831","143.3347699801658","400"
"4","400","1","45","40","0","914","914","222.59","0.8463452131142818","150.67361183424856","400"
"4","400","1","45","40","0","915","915","222.555","0.8714500608014822","148.9606973898349","400"
"4","400","1","45","40","0","916","916","224.815","0.8940444237199626","148.94031776680595","400"
"4","400","1","45","40","0","917","917","232.775","0.9143793503465952","154.17058594407496","400"
"4","400","1","45","40","0","918","918","237.22","0.9326807843105634","155.22551128178597","400"
"4","400","1","45","40","0","919","919","236.52","0.9491520748781356","155.33894594400886","400"
"4","400","1","45","40","0","920","920","235.045","0.96397623638895","156.13528822086076","400"
"4","400","1","45","40","0","921","921","231.575","0.9773179817486838","157.13858153259767","400"
"4","400","1","45","40","0","922","922","231.56","0.9893255525724435","157.7876143065333","400"
"4","400","1","45","40","0","923","923","232.01","1.0001323663138248","160.39536478714217","400"
"4","400","1","45","40","0","924","924","230.955","1.009858498681071","162.12983646415356","400"
"4","400","1","45","40","0","925","925","224.98","1.01861201781159","158.87178250916264","400"
"4","400","1","45","40","0","926","926","222.55","1.0264901850290595","163.86971510269828","400"
"4","400","1","45","40","0","927","927","224.735","1.0335805355247836","159.38366088937536","400"
"4","400","1","45","40","0","928","928","225.2","1.0399618509709359","154.88949058059478","400"
"4","400","1","45","40","0","929","929","225.47","1.0457050348724628","157.99304529954333","400"
"4","400","1","45","40","0","930","930","229.415","1.0508739003838483","160.69226825876842","400"
"4","400","1","45","40","0","931","931","234.86","1.0555258793440931","159.86156497469202","400"
"4","400","1","45","40","0","932","932","240.085","1.059712660408309","161.28400119088204","400"
"4","400","1","45","40","0","933","933","239.38","1.0634807633661083","166.79969117036336","400"
"4","400","1","45","40","0","934","934","237.645","1.0668720560281229","162.52571192384235","400"
"4","400","1","45","40","0","935","935","235.225","1.0699242194239396","163.85799643829205","400"
"4","400","1","45","40","0","936","936","230.25","1.0726711664801765","160.2661171423014","400"
"4","400","1","45","40","0","937","937","226.895","1.0751434188307827","162.15438283879857","400"
"4","400","1","45","40","0","938","938","231.55","1.0773684459463313","160.26162290422658","400"
"4","400","1","45","40","0","939","939","238.915","1.0793709703503291","160.277066160109","400"
"4","400","1","45","40","0","940","940","243.455","1.0811732423139195","163.15633200286064","400"
"4","400","1","45","40","0","941","941","243.705","1.0827952870811552","165.09259681534763","400"
"4","400","1","45","40","0","942","942","238.755","1.0842551273716712","163.26799125903202","400"
"4","400","1","45","40","0","943","943","231.435","1.0855689836331313","161.9009211195154","400"
"4","400","1","45","40","0","944","944","228.275","1.0867514542684478","161.65566746028477","400"
"4","400","1","45","40","0","945","945","226.71","1.0878156778402317","160.9945028646321","400"
"4","400","1","45","40","0","946","946","226.245","1.0887734790548387","163.18524409712543","400"
"4","400","1","45","40","0","947","947","225.27","1.0896355001479812","157.02604162831577","400"
"4","400","1","45","40","0","948","948","220.385","1.090411319131812","162.95507848514347","400"
"4","400","1","45","40","0","949","949","220.005","1.0911095562172566","157.56370197566733","400"
"4","400","1","45","40","0","950","950","221.775","1.0917379695941567","159.55237464570368","400"
"4","400","1","45","40","0","951","951","225.95","1.0923035416333713","154.5192950499345","400"
"4","400","1","45","40","0","952","952","235.34","1.092812556468666","161.6694745691719","400"
"4","400","1","45","40","0","953","953","245.44","1.093270669820423","161.04970825545962","400"
"4","400","1","45","40","0","954","954","249.235","1.0936829718370111","164.06500409035775","400"
"4","400","1","45","40","0","955","955","244.585","1.0940540436519384","163.74139995921635","400"
"4","400","1","45","40","0","956","956","237.045","1.094388008285372","164.9610671249731","400"
"4","400","1","45","40","0","957","957","229.095","1.0946885764554644","160.6145048898093","400"
"4","400","1","45","40","0","958","958","219.5","1.0949590878085451","160.3212344648883","400"
"4","400","1","45","40","0","959","959","213.475","1.0952025480263163","155.3616134483263","400"
"4","400","1","45","40","0","960","960","214.425","1.0954216622223136","158.35531890576814","400"
"4","400","1","45","40","0","961","961","222.91","1.0956188649987137","157.7707389594052","400"
"4","400","1","45","40","0","962","962","228.91","1.0957963474974706","157.9387679875234","400"
"4","400","1","45","40","0","963","963","232.505","1.0959560817463483","162.0851628813334","400"
"4","400","1","45","40","0","964","964","231.675","1.096099842570344","162.27002356010394","400"
"4","400","1","45","40","0","965","965","225.47","1.096229227311934","162.19302113805318","400"
"4","400","1","45","40","0","966","966","220.61","1.0963456735793744","160.45937250267255","400"
"4","400","1","45","40","0","967","967","215.84","1.096450475220063","154.41879302877032","400"
"4","400","1","45","40","0","968","968","212.205","1.096544796696685","156.55574072006047","400"
"4","400","1","45","40","0","969","969","215.025","1.0966296860256464","156.2737603690491","400"
"4","400","1","45","40","0","970","970","223.255","1.0967060864217086","152.2345448497419","400"
"4","400","1","45","40","0","971","971","231.125","1.0967748467781622","160.22261561240722","400"
"4","400","1","45","40","0","972","972","236.765","1.0968367310989813","165.01518626996472","400"
"4","400","1","45","40","0","973","973","239.64","1.0968924269877087","160.49633792309174","400"
"4","400","1","45","40","0","974","974","235.57","1.0969425532875698","166.59344596892484","400"
"4","400","1","45","40","0","975","975","229.43","1.0969876669574379","161.7878131505128","400"
"4","400","1","45","40","0","976","976","220.6","1.0970282692603244","163.46631420486008","400"
"4","400","1","45","40","0","977","977","220.82","1.097064811332917","154.46339100895355","400"
"4","400","1","45","40","0","978","978","222.945","1.0970976991982537","160.66617063090138","400"
"4","400","1","45","40","0","979","979","227.58","1.0971272982770581","159.68869593357778","400"
"4","400","1","45","40","0","980","980","232.92","1.0971539374479777","161.6771796948656","400"
"4","400","1","45","40","0","981","981","237.975","1.0971779127018124","159.6962709264996","400"
"4","400","1","45","40","0","982","982","235.17","1.097199490430259","165.27570509950607","400"
"4","400","1","45","40","0","983","983","232.535","1.0972189103858627","163.88697712216717","400"
"4","400","1","45","40","0","984","984","230.695","1.0972363883459029","161.99116064022067","400"
"4","400","1","45","40","0","985","985","231.225","1.0972521185099382","158.35318197313032","400"
"4","400","1","45","40","0","986","986","230.795","1.0972662756575717","165.65317507631696","400"
"4","400","1","45","40","0","987","987","231.795","1.0972790170904456","156.86573007688128","400"
"4","400","1","45","40","0","988","988","230.035","1.0972904843800304","163.25446588017908","400"
"4","400","1","45","40","0","989","989","227.74","1.0973008049406519","158.50484897921916","400"
"4","400","1","45","40","0","990","990","226.52","1.097310093445214","166.384386867244","400"
"4","400","1","45","40","0","991","991","225.03","1.0973184530993267","157.59455222530275","400"
"4","400","1","45","40","0","992","992","220.575","1.0973259767880206","167.49830062009943","400"
"4","400","1","45","40","0","993","993","216.825","1.0973327481078514","156.00837797953355","400"
"4","400","1","45","40","0","994","994","216.405","1.0973388422956873","156.02989881416826","400"
"4","400","1","45","40","0","995","995","216.17","1.09734432706475","156.39329517271122","400"
"4","400","1","45","40","0","996","996","218.14","1.097349263356905","155.46408571864833","400"
"4","400","1","45","40","0","997","997","224.21","1.0973537060198373","161.2787915083556","400"
"4","400","1","45","40","0","998","998","230.255","1.0973577044164866","156.68868117860998","400"
"4","400","1","45","40","0","999","999","231.89","1.0973613029734648","161.30375445663526","400"
"4","400","1","45","40","0","1000","1000","228.195","1.0973645416747468","165.426401340373","400"
"4","400","1","45","40","0","1001","1001","226.155","1.0973674565059048","159.6831033280441","400"
"4","400","1","45","40","0","1002","1002","226.91","1.0973700798539412","158.9415962097972","400"
"4","400","1","45","40","0","1003","1003","232.01","1.0973724408671741","165.94772296352218","400"
"4","400","1","45","40","0","1004","1004","239.115","1.0973745657790828","161.3493251196417","400"
"4","400","1","45","40","0","1005","1005","249.185","1.0973764781998034","165.39902716241508","400"
"4","400","1","45","40","0","1006","1006","256.705","1.0973781993784533","168.58519720461098","400"
"4","400","1","45","40","0","1007","1007","253.1","1.097379748439237","166.90675655478515","400"
"4","400","1","45","40","0","1008","1008","241.32","1.0973811425939353","173.52781086074887","400"
"4","400","1","45","40","0","1009","1009","228.21","1.097382397333173","162.82467375806806","400"
"4","400","1","45","40","0","1010","1010","221.465","1.0973835265984888","160.1107858148737","400"
"4","400","1","45","40","0","1011","1011","221.86","1.0973845429372644","162.80829150533128","400"
"4","400","1","45","40","0","1012","1012","227.415","1.0973854576421613","159.0362755226807","400"
"4","400","1","45","40","0","1013","1013","236.19","1.0973862808765764","165.65766809362754","400"
"4","400","1","45","40","0","1014","1014","244.15","1.0973870217875499","165.57157661633252","400"
"4","400","1","45","40","0","1015","1015","243.675","1.097387688607422","167.51530198226965","400"
"4","400","1","45","40","0","1016","1016","238.405","1.0973882887453097","163.44247939738287","400"
"4","400","1","45","40","0","1017","1017","229.96","1.0973888288694078","164.04481465334837","400"
"4","400","1","45","40","0","1018","1018","222.385","1.097389314981095","160.61619378466648","400"
"4","400","1","45","40","0","1019","1019","216.115","1.097389752481615","157.25421540311245","400"
"4","400","1","45","40","0","1020","1020","215.9","1.097390146232076","161.35334859721445","400"
"4","400","1","45","40","0","1021","1021","218.165","1.0973905006075009","157.25631215629045","400"
"4","400","1","45","40","0","1022","1022","220.955","1.0973908195453819","161.93756437634093","400"
"4","400","1","45","40","0","1023","1023","223.405","1.0973911065894701","155.11756676929423","400"
"4","400","1","45","40","0","1024","1024","221.115","1.0973913649291493","164.0466769074895","400"
"4","400","1","45","40","0","1025","1025","221.995","1.0973915974348598","155.76277798171867","400"
"4","400","1","45","40","0","1026","1026","220.395","1.097391806690006","160.337488362144","400"
"4","400","1","45","40","0","1027","1027","219.835","1.0973919950196371","156.00452876613167","400"
"4","400","1","45","40","0","1028","1028","217.71","1.0973921645162996","156.8336760738846","400"
"4","400","1","45","40","0","1029","1029","218.165","1.0973923170632933","157.3015399575746","400"
"4","400","1","45","40","0","1030","1030","225.065","1.0973924543555955","155.8055446923051","400"
"4","400","1","45","40","0","1031","1031","230.03","1.0973925779186642","160.20115373553122","400"
"4","400","1","45","40","0","1032","1032","236.53","1.097392689125426","158.49049263972023","400"
"4","400","1","45","40","0","1033","1033","238.225","1.0973927892115103","164.52785409124485","400"
"4","400","1","45","40","0","1034","1034","238.875","1.0973928792889867","163.22298195136662","400"
"4","400","1","45","40","0","1035","1035","236.35","1.0973929603587234","161.49376294933577","400"
"4","400","1","45","40","0","1036","1036","230.28","1.0973930333214743","162.32901251249635","400"
"4","400","1","45","40","0","1037","1037","229.19","1.0973930989879526","164.73488565376647","400"
"4","400","1","45","40","0","1038","1038","227.29","1.0973931580877874","159.85243182894908","400"
"4","400","1","45","40","0","1039","1039","224.515","1.0973932112776388","161.73656291424217","400"
"4","400","1","45","40","0","1040","1040","224.24","1.0973932591485045","159.20316510944318","400"
"4","400","1","45","40","0","1041","1041","223.04","1.0973933022322804","160.7977558510967","400"
"4","400","1","45","40","0","1042","1042","229.24","1.0973933410076782","153.79304028502688","400"
"4","400","1","45","40","0","1043","1043","234.62","1.0973933759055439","160.91231919812117","400"
"4","400","1","45","40","0","1044","1044","238.42","1.0973934073136138","158.0815266481957","400"
"4","400","1","45","40","0","1045","1045","242.44","1.0973934355808828","167.3536680665302","400"
"4","400","1","45","40","0","1046","1046","243.415","1.097393461021419","165.4605017151503","400"
"4","400","1","45","40","0","1047","1047","234.765","1.0973934839179065","168.17844277625966","400"
"4","400","1","45","40","0","1048","1048","224.075","1.0973935045247412","162.0400420418009","400"
"4","400","1","45","40","0","1049","1049","216.92","1.0973935230709009","159.82645042360596","400"
"4","400","1","45","40","0","1050","1050","212.97","1.0973935397624375","157.01910935924957","400"
"4","400","1","45","40","0","1051","1051","212.985","1.0973935547848217","156.24363444747286","400"
"4","400","1","45","40","0","1052","1052","219.69","1.0973935683049698","161.7126855973343","400"
"4","400","1","45","40","0","1053","1053","223.43","1.0973935804730999","157.17778151529478","400"
"4","400","1","45","40","0","1054","1054","225.53","1.097393591424422","160.49561824396872","400"
"4","400","1","45","40","0","1055","1055","226.665","1.0973936012806051","157.51566284900454","400"
"4","400","1","45","40","0","1056","1056","225.365","1.0973936101511703","163.86878552762863","400"
"4","400","1","45","40","0","1057","1057","229.255","1.097393618134683","159.2928223985272","400"
"4","400","1","45","40","0","1058","1058","232.54","1.097393625319845","164.89573248483438","400"
"4","400","1","45","40","0","1059","1059","232.895","1.0973936317864874","163.113017549781","400"
"4","400","1","45","40","0","1060","1060","233.39","1.0973936376064635","160.6368536160971","400"
"4","400","1","45","40","0","1061","1061","237.115","1.09739364284445","161.83752019009498","400"
"4","400","1","45","40","0","1062","1062","237.39","1.0973936475586321","161.63779573194668","400"
"4","400","1","45","40","0","1063","1063","235.595","1.0973936518013938","160.83692202188294","400"
"4","400","1","45","40","0","1064","1064","232.42","1.0973936556198884","164.5301075873385","400"
"4","400","1","45","40","0","1065","1065","231.715","1.0973936590565223","156.90399528996755","400"
"4","400","1","45","40","0","1066","1066","230.93","1.0973936621495","163.12721071299404","400"
"4","400","1","45","40","0","1067","1067","235.415","1.097393664933182","160.6779886196284","400"
"4","400","1","45","40","0","1068","1068","240.435","1.0973936674384868","160.93129932420413","400"
"4","400","1","45","40","0","1069","1069","238.68","1.0973936696932747","166.87433026967156","400"
"4","400","1","45","40","0","1070","1070","239.05","1.0973936717225723","166.47022871874898","400"
"4","400","1","45","40","0","1071","1071","231.815","1.0973936735489398","168.85928097657896","400"
"4","400","1","45","40","0","1072","1072","224.115","1.0973936751926767","160.81054523665554","400"
"4","400","1","45","40","0","1073","1073","223.035","1.097393676672034","166.5665130751415","400"
"4","400","1","45","40","0","1074","1074","226.78","1.0973936780034625","157.76517812029994","400"
"4","400","1","45","40","0","1075","1075","232.715","1.0973936792017442","162.9661788495062","400"
"4","400","1","45","40","0","1076","1076","236.59","1.0973936802801951","166.167047260452","400"
"4","400","1","45","40","0","1077","1077","234.095","1.0973936812508072","164.61346486067822","400"
"4","400","1","45","40","0","1078","1078","229.16","1.097393682124352","164.35262876495133","400"
"4","400","1","45","40","0","1079","1079","223.55","1.0973936829105477","160.88309788768473","400"
"4","400","1","45","40","0","1080","1080","217.68","1.0973936836181175","162.83561107526552","400"
"4","400","1","45","40","0","1081","1081","215.435","1.097393684254933","156.1086339535754","400"
"4","400","1","45","40","0","1082","1082","212.605","1.0973936848280723","155.53908656933478","400"
"4","400","1","45","40","0","1083","1083","214.105","1.097393685343892","157.22952030038533","400"
"4","400","1","45","40","0","1084","1084","219.02","1.0973936858081248","155.20993155589636","400"
"4","400","1","45","40","0","1085","1085","222.46","1.0973936862259448","157.82132093687704","400"
"4","400","1","45","40","0","1086","1086","228.8","1.0973936866019816","160.62878043310198","400"
"4","400","1","45","40","0","1087","1087","234.175","1.097393686940408","162.0383194254149","400"
"4","400","1","45","40","0","1088","1088","235.645","1.0973936872449965","160.50075613176932","400"
"4","400","1","45","40","0","1089","1089","237.9","1.097393687519124","158.12627271193594","400"
"4","400","1","45","40","0","1090","1090","240.605","1.0973936877658443","165.8375434199379","400"
"4","400","1","45","40","0","1091","1091","242.31","1.097393687987885","159.29160249502368","400"
"4","400","1","45","40","0","1092","1092","244.445","1.0973936881877238","166.79712735720153","400"
"4","400","1","45","40","0","1093","1093","245","1.0973936883675808","162.85809142122582","400"
"4","400","1","45","40","0","1094","1094","244.265","1.0973936885294515","165.17351301041646","400"
"4","400","1","45","40","0","1095","1095","239.405","1.0973936886751339","166.9143714244424","400"
"4","400","1","45","40","0","1096","1096","231.88","1.0973936888062525","165.74344905376765","400"
"4","400","1","45","40","0","1097","1097","226.22","1.0973936889242482","159.51196946467147","400"
"4","400","1","45","40","0","1098","1098","220.16","1.097393689030455","168.11560794563175","400"
"4","400","1","45","40","0","1099","1099","213.74","1.0973936891260372","160.07015614149884","400"
"4","400","1","45","40","0","1100","1100","214.89","1.0973936892120633","156.2522287737098","400"
"4","400","1","45","40","0","1101","1101","220.825","1.0973936892894847","159.03915045173156","400"
"4","400","1","45","40","0","1102","1102","228.84","1.0973936893591665","163.1157873149453","400"
"4","400","1","45","40","0","1103","1103","234.635","1.097393689421882","160.14940901960176","400"
"4","400","1","45","40","0","1104","1104","235.16","1.097393689478318","165.38908613209688","400"
"4","400","1","45","40","0","1105","1105","229.57","1.0973936895291154","164.1911395202911","400"
"4","400","1","45","40","0","1106","1106","223.41","1.0973936895748277","161.519301909058","400"
"4","400","1","45","40","0","1107","1107","215.745","1.0973936896159742","161.9524895171082","400"
"4","400","1","45","40","0","1108","1108","213.845","1.097393689653005","156.93403692324426","400"
"4","400","1","45","40","0","1109","1109","219.035","1.0973936896863343","152.51319611649046","400"
"4","400","1","45","40","0","1110","1110","225.135","1.0973936897163281","161.06921415904336","400"
"4","400","1","45","40","0","1111","1111","234.525","1.0973936897433223","154.11908817413894","400"
"4","400","1","45","40","0","1112","1112","242.485","1.0973936897676213","163.415422752055","400"
"4","400","1","45","40","0","1113","1113","241.56","1.097393689789486","168.33661550971766","400"
"4","400","1","45","40","0","1114","1114","232.53","1.097393689809161","161.33402343731188","400"
"4","400","1","45","40","0","1115","1115","220.97","1.0973936898268788","161.27919059387594","400"
"4","400","1","45","40","0","1116","1116","211.71","1.097393689842818","158.13933163852514","400"
"4","400","1","45","40","0","1117","1117","207.69","1.0973936898571648","154.44923238023412","400"
"4","400","1","45","40","0","1118","1118","211.74","1.0973936898700782","154.6267253259133","400"
"4","400","1","45","40","0","1119","1119","218.675","1.0973936898816952","154.02394939198135","400"
"4","400","1","45","40","0","1120","1120","226.375","1.097393689892158","157.90567317743782","400"
"4","400","1","45","40","0","1121","1121","232.22","1.0973936899015657","160.58543309913867","400"
"4","400","1","45","40","0","1122","1122","233.79","1.0973936899100383","159.85983533050427","400"
"4","400","1","45","40","0","1123","1123","232.625","1.0973936899176628","159.78821802941272","400"
"4","400","1","45","40","0","1124","1124","232.165","1.097393689924528","157.47806837237178","400"
"4","400","1","45","40","0","1125","1125","226.96","1.097393689930699","162.72554140844906","400"
"4","400","1","45","40","0","1126","1126","217.955","1.0973936899362593","155.31667269524434","400"
"4","400","1","45","40","0","1127","1127","208.765","1.0973936899412569","157.16573038944765","400"
"4","400","1","45","40","0","1128","1128","205.04","1.097393689945765","156.44182255429868","400"
"4","400","1","45","40","0","1129","1129","203.835","1.0973936899498158","156.09709634512436","400"
"4","400","1","45","40","0","1130","1130","210.42","1.0973936899534635","154.01439230051585","400"
"4","400","1","45","40","0","1131","1131","218.395","1.0973936899567442","153.4228444648315","400"
"4","400","1","45","40","0","1132","1132","228.98","1.097393689959699","158.2422759449939","400"
"4","400","1","45","40","0","1133","1133","237.335","1.0973936899623553","158.7418346540729","400"
"4","400","1","45","40","0","1134","1134","242.25","1.0973936899647485","161.47330760746178","400"
"4","400","1","45","40","0","1135","1135","245.04","1.0973936899669021","166.00008434249756","400"
"4","400","1","45","40","0","1136","1136","243.685","1.097393689968841","163.17956596747524","400"
"4","400","1","45","40","0","1137","1137","240.065","1.0973936899705876","158.00520738157311","400"
"4","400","1","45","40","0","1138","1138","235.4","1.097393689972154","165.12226606263778","400"
"4","400","1","45","40","0","1139","1139","230.5","1.0973936899735668","158.70522487208376","400"
"4","400","1","45","40","0","1140","1140","227.385","1.0973936899748409","159.1026575948775","400"
"4","400","1","45","40","0","1141","1141","228.89","1.0973936899759857","163.59192820699914","400"
"4","400","1","45","40","0","1142","1142","231.265","1.0973936899770143","158.08513685461816","400"
"4","400","1","45","40","0","1143","1143","234.755","1.0973936899779422","163.63178304093356","400"
"4","400","1","45","40","0","1144","1144","232.325","1.0973936899787755","162.16079355020713","400"
"4","400","1","45","40","0","1145","1145","232.39","1.0973936899795247","159.8218892372877","400"
"4","400","1","45","40","0","1146","1146","228.255","1.0973936899801988","163.00361832217828","400"
"4","400","1","45","40","0","1147","1147","224.32","1.0973936899808099","157.64509582721107","400"
"4","400","1","45","40","0","1148","1148","222.98","1.0973936899813508","164.07974085890714","400"
"4","400","1","45","40","0","1149","1149","224.05","1.0973936899818506","158.16461506623867","400"
"4","400","1","45","40","0","1150","1150","224.35","1.0973936899822905","156.48267456865642","400"
"4","400","1","45","40","0","1151","1151","222.15","1.0973936899826897","164.37195201341294","400"
"4","400","1","45","40","0","1152","1152","228.825","1.097393689983051","155.72326471887928","400"
"4","400","1","45","40","0","1153","1153","233.85","1.0973936899833767","160.52859235228274","400"
"4","400","1","45","40","0","1154","1154","235.145","1.0973936899836658","162.7610649085563","400"
"4","400","1","45","40","0","1155","1155","232.225","1.097393689983928","160.12986732264207","400"
"4","400","1","45","40","0","1156","1156","230.08","1.0973936899841679","166.37848846076744","400"
"4","400","1","45","40","0","1157","1157","226.475","1.0973936899843744","160.7343174278337","400"
"4","400","1","45","40","0","1158","1158","223.815","1.0973936899845684","161.75945661378157","400"
"4","400","1","45","40","0","1159","1159","219.95","1.0973936899847367","164.68539803386284","400"
"4","400","1","45","40","0","1160","1160","217.525","1.0973936899848944","158.60601220187252","400"
"4","400","1","45","40","0","1161","1161","216.115","1.0973936899850296","158.18581325037428","400"
"4","400","1","45","40","0","1162","1162","219.85","1.0973936899851553","159.91199678001607","400"
"4","400","1","45","40","0","1163","1163","225.465","1.0973936899852672","157.3101353167911","400"
"4","400","1","45","40","0","1164","1164","228.275","1.097393689985368","159.61500709036667","400"
"4","400","1","45","40","0","1165","1165","229.125","1.0973936899854606","158.72725127616798","400"
"4","400","1","45","40","0","1166","1166","227.875","1.0973936899855425","161.81254594811375","400"
"4","400","1","45","40","0","1167","1167","227.41","1.0973936899856145","158.0178965553952","400"
"4","400","1","45","40","0","1168","1168","221.395","1.097393689985684","164.58615485255064","400"
"4","400","1","45","40","0","1169","1169","218.235","1.0973936899857448","155.4306792446778","400"
"4","400","1","45","40","0","1170","1170","220.715","1.0973936899857994","162.5343657467476","400"
"4","400","1","45","40","0","1171","1171","226.535","1.097393689985846","155.92787071716728","400"
"4","400","1","45","40","0","1172","1172","232.805","1.097393689985888","155.17850184178755","400"
"4","400","1","45","40","0","1173","1173","239.58","1.0973936899859305","160.4719291165757","400"
"4","400","1","45","40","0","1174","1174","242.375","1.0973936899859627","160.98235703184645","400"
"4","400","1","45","40","0","1175","1175","241.895","1.0973936899859964","162.70684640672854","400"
"4","400","1","45","40","0","1176","1176","236.01","1.097393689986027","160.12389815711393","400"
"4","400","1","45","40","0","1177","1177","228.815","1.09739368998605","167.61269181708604","400"
"4","400","1","45","40","0","1178","1178","222.37","1.0973936899860754","153.75986699017153","400"
"4","400","1","45","40","0","1179","1179","216.585","1.0973936899860979","163.7216719039778","400"
"4","400","1","45","40","0","1180","1180","215.73","1.0973936899861148","152.48956966131385","400"
"4","400","1","45","40","0","1181","1181","221.795","1.0973936899861274","160.22730399909778","400"
"4","400","1","45","40","0","1182","1182","229.435","1.097393689986147","156.39212501892794","400"
"4","400","1","45","40","0","1183","1183","232.945","1.0973936899861605","162.3365144330988","400"
"4","400","1","45","40","0","1184","1184","232.985","1.0973936899861727","163.51298701205943","400"
"4","400","1","45","40","0","1185","1185","227.615","1.0973936899861794","158.9280688898819","400"
"4","400","1","45","40","0","1186","1186","223.8","1.0973936899861967","161.62274654463297","400"
"4","400","1","45","40","0","1187","1187","220.575","1.097393689986206","156.44185030060493","400"
"4","400","1","45","40","0","1188","1188","217.6","1.0973936899862105","158.97113931622482","400"
"4","400","1","45","40","0","1189","1189","219.96","1.097393689986214","155.01954990379366","400"
"4","400","1","45","40","0","1190","1190","222.905","1.0973936899862247","158.22151340938103","400"
"4","400","1","45","40","0","1191","1191","227.21","1.097393689986225","159.75291098358028","400"
"4","400","1","45","40","0","1192","1192","227.615","1.0973936899862375","162.98253640647076","400"
"4","400","1","45","40","0","1193","1193","227.46","1.0973936899862418","161.59239950467477","400"
"4","400","1","45","40","0","1194","1194","229.185","1.0973936899862438","160.56974321434728","400"
"4","400","1","45","40","0","1195","1195","229.625","1.0973936899862484","162.10107902027153","400"
"4","400","1","45","40","0","1196","1196","228.555","1.097393689986249","158.9387201562623","400"
"4","400","1","45","40","0","1197","1197","226.845","1.0973936899862557","162.96905322801027","400"
"4","400","1","45","40","0","1198","1198","227.64","1.0973936899862584","160.10301396769952","400"
"4","400","1","45","40","0","1199","1199","232.745","1.0973936899862595","157.72434211915993","400"
"4","400","1","45","40","0","1200","1200","234.47","1.0973936899862606","165.58116451270948","400"
